Order_ID,Order_Date,Customer_ID,Product,Category,Region,Salesperson,Quantity,Unit_Price
ORD-202605-00001,2026-05-06,CUST-4204,Notebook,Office,North,Amit,5,210.45
ORD-202605-00002,2026-05-10,CUST-3666,Office Chair,Furniture,North,Karan,4,7163.94
ORD-202605-00003,2026-05-11,CUST-3075,Webcam,Electronics,West,Amit,6,1930.91
ORD-202605-00004,2026-05-24,CUST-4660,Office Chair,Furniture,North,Priya,6,7278.75
ORD-202605-00005,2026-05-07,CUST-0460,USB Hub,Accessories,Central,Karan,2,817.37
ORD-202605-00006,2026-05-12,CUST-4545,Desk Organizer,Office,West,Priya,1,567.5
ORD-202605-00007,2026-05-12,CUST-3690,Webcam,Electronics,East,Sneha,4,1847.83
ORD-202605-00008,2026-05-02,CUST-2403,Wireless Mouse,Electronics,South,Neha,1,847.39
ORD-202605-00009,2026-05-15,CUST-3768,Wireless Mouse,Electronics,North,Neha,6,729.83
ORD-202605-00010,2026-05-31,CUST-0286,Office Chair,Furniture,Central,Priya,6,6753.43
ORD-202605-00011,2026-05-10,CUST-0468,Monitor Stand,Furniture,South,Ananya,6,2078.16
ORD-202605-00012,2026-05-06,CUST-4898,Headphones,Electronics,Central,Vikram,3,2556.44
ORD-202605-00013,2026-05-09,CUST-4400,Wireless Mouse,Electronics ,East,Rahul,3,846.51
ORD-202605-00014,2026-05-11,CUST-1881,Webcam,Electronics,West,Rahul,6,1865.15
ORD-202605-00015,2026-05-11,CUST-3629,Office Chair,Furniture,Central,Ananya,7,6640.05
ORD-202605-00016,2026-05-03,CUST-1729,Headphones,Electronics,South,Ananya,6,2480.58
ORD-202605-00017,2026-05-30,CUST-2247,USB Hub,Accessories,Central,Sneha,4,871.09
ORD-202605-00018,2026-05-28,CUST-3340,USB Hub,Accessories,Central,Amit,6,872.87
ORD-202605-00019,2026-05-04,CUST-1149,Study Table,Furniture,South,Amit,1,5534.9
ORD-202605-00020,2026-05-11,CUST-3778,Headphones,Electronics,South,Vikram,7,2424.4
ORD-202605-00021,2026-05-15,CUST-2015,Study Table,Furniture,Central,Priya,1,5094.43
ORD-202605-00022,2026-05-08,CUST-2982,Study Table,Furniture,East,Sneha,4,4990.89
ORD-202605-00023,2026-05-23,CUST-3268,Wireless Mouse,electronics,West,Vikram,7,803.81
ORD-202605-00024,2026-05-26,CUST-3823,Pen Set,Office,North,Karan,2,286.4
ORD-202605-00025,2026-05-08,CUST-0311,Headphones,Electronics,South,Karan,6,2632.54
ORD-202605-00026,2026-05-18,CUST-0257,Pen Set,Office,East,Amit,3,305.69
ORD-202605-00027,2026-05-08,CUST-3107,Wireless Mouse,Electronics,South,Neha,3,847.27
ORD-202605-00028,2026-05-29,CUST-4231,Desk Organizer,Office,South,Rahul,7,576.7
ORD-202605-00029,2026-05-10,CUST-3847,Wireless Mouse,Electronics,East,Ananya,7,814.9
ORD-202605-00030,,CUST-2676,Laptop Stand,Accessories,West,Karan,5,1637.01
ORD-202605-00031,2026-05-19,CUST-2064,Desk Organizer,Office,East,Neha,2,567.69
ORD-202605-00032,2026-05-08,CUST-1573,Notebook,Office,West,Amit,5,216.84
ORD-202605-00033,2026-05-01,CUST-2873,Headphones,Electronics,South,Amit,4,2338.6
ORD-202605-00034,2026-05-08,CUST-1046,Pen Set,Office,East ,Ananya,1,278.17
ORD-202605-00035,2026-05-31,CUST-1566,Study Table,Furniture,West,Priya,5,5757.44
ORD-202605-00036,2026-05-16,CUST-2983,Notebook,Office,West,Amit,5,218.13
ORD-202605-00037,2026-05-20,CUST-4247,Wireless Mouse,Electronics,South,Vikram,3,848.94
ORD-202605-00038,2026-05-18,CUST-3665,Notebook,Office,South,Rahul,5,181.53
ORD-202605-00039,2026-05-14,CUST-3301,Wireless Mouse,Electronics, South,Vikram,1,747.61
ORD-202605-00040,2026-05-15,CUST-3817,Wireless Mouse,Electronics,North,Sneha,6,829.77
ORD-202605-00041,2026-05-09,CUST-4274,Headphones,Electronics,West,,7,-100.0
ORD-202605-00042,2026-05-17,CUST-2387,USB Hub,Accessories,South,Sneha,6,890.5
ORD-202605-00043,2026-05-13,CUST-3674,Keyboard,Electronics,South,Priya,7,1340.71
ORD-202605-00044,2026-05-31,CUST-0723,Notebook,Office,West,Neha,3,196.24
ORD-202605-00045,2026-05-12,CUST-2719,Webcam,Electronics,South,Priya,7,1890.11
ORD-202605-00046,2026-05-13,CUST-2351,Keyboard,Electronics,North,Ananya,1,1388.59
ORD-202605-00047,2026-05-20,CUST-1628,Pen Set,Office,North,Priya,4,317.33
ORD-202605-00048,2026-05-13,CUST-2388,Headphones,Electronics,East,Neha,2,2543.23
ORD-202605-00049,2026-05-13,CUST-4114,Headphones,Electronics,South,Priya,1,2352.96
ORD-202605-00050,2026-05-25,CUST-0073,Notebook,Office,West,Amit,2,196.93
ORD-202605-00051,2026-05-12,CUST-4308,Notebook,Office,South,Sneha,1,206.89
ORD-202605-00052,2026-05-28,CUST-2686,Headphones,Electronics,Central,Karan,7,2269.95
ORD-202605-00053,2026-05-04,CUST-1879,Mouse Pad,Accessories,Central,Ananya,3,407.71
ORD-202605-00054,2026-05-10,CUST-2949,Mouse Pad,Accessories,South,Karan,3,408.68
ORD-202605-00055,2026-05-09,CUST-4306,Webcam,Electronics,,Amit,7,1933.41
ORD-202605-00056,2026-05-28,CUST-3409,Headphones,Electronics,East,Sneha,1,2496.42
ORD-202605-00057,2026-05-18,CUST-4498,Monitor Stand,Furniture,East,Ananya,3,1976.46
ORD-202605-00058,2026-05-27,CUST-0262,Headphones,Electronics,South,Amit,7,2580.09
ORD-202605-00059,2026-05-10,CUST-1969,Monitor Stand,Furniture,West,,7,1943.25
ORD-202605-00060,2026-05-09,CUST-1097,Office Chair,Furniture,West,Priya,6,7563.1
ORD-202605-00061,2026-05-26,CUST-4920,Wireless Mouse,Electronics,Central,Rahul,3,725.79
ORD-202605-00062,2026-05-08,CUST-2931,Office Chair,Furniture,North,Rahul,3,7560.38
ORD-202605-00063,2026-05-06,CUST-0669,USB Hub,Accessories,South,Priya,-1,970.26
ORD-202605-00064,2026-05-22,CUST-3966,Laptop Stand,Accessories,North,Vikram,1,1555.01
ORD-202605-00065,2026-05-27,CUST-2672,Notebook,Office,North,Ananya,1,211.52
ORD-202605-00066,2026-05-23,CUST-0850,Laptop Stand,Accessories,East,Sneha,1,1485.81
ORD-202605-00067,2026-05-01,CUST-3076,Mouse Pad,Accessories,West,Karan,5,378.49
ORD-202605-00068,2026-05-23,CUST-1944,USB Hub,Accessories,South,Karan,4,887.11
ORD-202605-00069,2026-05-10,CUST-3242,Notebook,Office,North,Rahul,3,212.58
ORD-202605-00070,2026-05-02,CUST-2642,Headphones,Electronics,East,Sneha,7,2542.39
ORD-202605-00071,2026-05-31,CUST-0268,Study Table,Furniture,East,Karan,1,5896.36
ORD-202605-00072,2026-05-22,CUST-2601,Notebook,Office,East,Sneha,5,210.14
ORD-202605-00073,2026-05-28,CUST-0802,Office Chair,Furniture,North,Priya,2,6566.94
ORD-202605-00074,2026-05-30,CUST-3085,Monitor Stand,Furniture,East,Ananya,1,2126.5
ORD-202605-00075,2026-05-22,CUST-0582,Pen Set,Office,Central,Karan,4,269.57
ORD-202605-00076,2026-05-12,CUST-2389,Desk Organizer,Office,North,Vikram,2,655.9
ORD-202605-00077,2026-05-07,CUST-4180,Study Table,Furniture,West,Ananya,4,5237.82
ORD-202605-00078,2026-05-05,CUST-2576,Webcam,Electronics,Central,Priya,6,1821.07
ORD-202605-00079,2026-05-21,CUST-0720,Office Chair,Furniture,East,Ananya,5,6757.64
ORD-202605-00080,2026-05-20,CUST-1167,Laptop Stand,Accessories,North,Rahul,4,1631.84
ORD-202605-00081,2026-05-31,CUST-0299,Keyboard,Electronics,West,Sneha,2,1340.65
ORD-202605-00082,2026-05-06,CUST-0139,Headphones,Electronics,South,,5,2393.01
ORD-202605-00083,2026-05-31,CUST-4516,Office Chair,Furniture,North,Amit,3,6739.34
ORD-202605-00084,2026-05-07,CUST-4130,Desk Organizer,Office,East,Sneha,7,638.78
ORD-202605-00085,2026-05-15,CUST-4865,Office Chair,Furniture,West,Rahul,6,6411.84
ORD-202605-00086,2026-05-02,CUST-2104,Laptop Stand,Accessories,West,Neha,6,1587.13
ORD-202605-00087,2026-05-05,CUST-4092,Study Table,Furniture,South,,5,5771.5
ORD-202605-00088,,CUST-1529,Study Table,Furniture,North,Neha,5,5331.02
ORD-202605-00089,2026-05-27,CUST-4039,Wireless Mouse,Electronics,West,Neha,4,817.74
ORD-202605-00090,2026-05-20,CUST-4537,Desk Organizer,Office,South,Vikram,6,635.11
ORD-202605-00091,2026-05-01,CUST-2311,Monitor Stand,Furniture,West,Rahul,6,1853.01
ORD-202605-00092,2026-05-08,CUST-1814,Laptop Stand,Accessories,Central,Karan,4,1633.86
ORD-202605-00093,2026-05-16,CUST-1970,Desk Organizer,Office,Central,Vikram,4,566.85
ORD-202605-00094,2026-05-18,CUST-3209,USB Hub,Accessories,West,Ananya,5,926.7
ORD-202605-00095,2026-05-16,CUST-1824,Office Chair,Furniture,North,Sneha,4,7235.02
ORD-202605-00096,2026-05-24,CUST-0287,Keyboard,Electronics,North,Vikram,6,1222.86
ORD-202605-00097,2026-05-13,CUST-1586,Desk Organizer,Office,Central,Amit,5,552.57
ORD-202605-00098,2026-05-15,CUST-2118,Mouse Pad,Accessories,West,Vikram,7,420.19
ORD-202605-00099,2026-05-16,CUST-1627,Monitor Stand,Furniture,East,Priya,5,1963.42
ORD-202605-00100,2026-05-27,CUST-0568,Monitor Stand,Furniture,South,,3,2066.06
ORD-202605-00101,2026-05-25,CUST-2259,Desk Organizer,Office,South,Sneha,1,545.56
ORD-202605-00102,2026-05-07,CUST-4990,Pen Set,Office,West,Amit,3,315.47
ORD-202605-00103,2026-05-24,CUST-3873,Laptop Stand,Accessories,South,Ananya,6,1584.36
ORD-202605-00104,2026-05-31,CUST-3895,Mouse Pad,Accessories,North,Rahul,2,394.33
ORD-202605-00105,2026-05-22,,Pen Set,Office,East,Sneha,1,285.17
ORD-202605-00106,2026-05-07,CUST-1546,USB Hub,Accessories,South,Sneha,7,817.46
ORD-202605-00107,2026-05-08,CUST-2472,Study Table,Furniture,West,Amit,6,5258.47
ORD-202605-00108,2026-05-21,,Notebook,Office,East,Ananya,5,194.95
ORD-202605-00109,2026-05-04,CUST-4298,Mouse Pad,Accessories,South,Amit,6,378.4
ORD-202605-00110,2026-05-17,CUST-4777,Study Table,Furniture,Central,Amit,4,4986.08
ORD-202605-00111,2026-05-29,CUST-3388,Keyboard,Electronics,East,Karan,2,1199.22
ORD-202605-00112,2026-05-09,CUST-1766,USB Hub,Accessories,Central,Vikram,2,922.11
ORD-202605-00113,2026-05-12,CUST-3253,Wireless Mouse, Electronics,East,Rahul,3,762.7
ORD-202605-00114,2026-05-07,CUST-2890,Notebook,Office,East,Priya,3,212.55
ORD-202605-00115,2026-05-28,,Monitor Stand,Furniture,Central,Vikram,2,1879.17
ORD-202605-00116,2026-05-03,CUST-2118,Monitor Stand,Furniture,East,Ananya,1,1861.06
ORD-202605-00117,2026-05-01,CUST-2616,Office Chair,Furniture,West,Sneha,1,6842.67
ORD-202605-00118,2026-05-25,CUST-4104,Notebook,Office,East,Vikram,3,204.2
ORD-202605-00119,2026-05-18,CUST-3666,Wireless Mouse,Electronics,South,Sneha,5,856.39
ORD-202605-00120,2026-05-06,CUST-0142,Pen Set,Office,South,Ananya,7,313.56
ORD-202605-00121,2026-05-25,CUST-3343,USB Hub,Accessories,South,Neha,2,921.91
ORD-202605-00122,2026-05-20,CUST-0189,Study Table,Furniture,South,Karan,5,5333.55
ORD-202605-00123,2026-05-19,CUST-1891,Study Table,Furniture,West,Vikram,6,6038.85
ORD-202605-00124,2026-05-06,CUST-4837,USB Hub,Accessories,Central,Neha,5,855.59
ORD-202605-00125,2026-05-01,CUST-0760,Monitor Stand,Furniture,West,,5,1886.27
ORD-202605-00126,2026-05-18,CUST-2779,Wireless Mouse,Electronics,Central,Rahul,5,814.79
ORD-202605-00127,2026-05-26,CUST-3031,Desk Organizer,Office,Central,Neha,6,634.39
ORD-202605-00128,2026-05-04,CUST-1836,USB Hub,Accessories,Central,Amit,5,984.4
ORD-202605-00129,2026-05-21,CUST-4656,Notebook,Office,West,Ananya,7,194.48
ORD-202605-00130,2026-05-12,CUST-2442,Keyboard,Electronics,North,Sneha,7,1270.76
ORD-202605-00131,2026-05-23,CUST-3828,USB Hub,Accessories,East,Karan,6,956.12
ORD-202605-00132,2026-05-21,CUST-3987,Study Table,Furniture,South,Amit,7,5944.29
ORD-202605-00133,2026-05-28,CUST-2259,Office Chair,Furniture,North,Vikram,3,7109.03
ORD-202605-00134,2026-05-26,CUST-0919,Office Chair,Furniture,West,Ananya,1,6309.72
ORD-202605-00135,2026-05-11,CUST-0652,Laptop Stand,Accessories,West,Ananya,2,1501.27
ORD-202605-00136,2026-05-30,CUST-2304,Desk Organizer,Office,Central,Sneha,2,586.62
ORD-202605-00137,2026-05-18,CUST-1676,Headphones,Electronics,West,,5,2485.88
ORD-202605-00138,2026-05-28,CUST-4058,USB Hub,Accessories,North,Neha,2,841.86
ORD-202605-00139,2026-05-13,CUST-0805,Laptop Stand,Accessories,North,Sneha,7,1552.14
ORD-202605-00140,2026-05-08,CUST-2140,Desk Organizer,Office,North,Amit,7,658.47
ORD-202605-00141,2026-05-04,CUST-0525,Mouse Pad,Accessories,North,Ananya,3,411.86
ORD-202605-00142,2026-05-07,CUST-3943,Notebook,Office,North,Ananya,6,189.84
ORD-202605-00143,2026-05-23,CUST-0744,Keyboard,Electronics,Central,Priya,4,1281.21
ORD-202605-00144,2026-05-09,CUST-3245,Keyboard,Electronics,Central,Priya,7,1333.32
ORD-202605-00145,2026-05-29,CUST-0276,Monitor Stand,Furniture,South,Karan,3,2102.48
ORD-202605-00146,2026-05-31,CUST-1702,Headphones,Electronics,East,Rahul,1,2686.59
ORD-202605-00147,2026-05-21,CUST-3845,Wireless Mouse,Electronics,Central,Neha,1,791.6
ORD-202605-00148,2026-05-31,CUST-4708,Office Chair,Furniture,South,Vikram,5,7602.63
ORD-202605-00149,2026-05-20,CUST-4268,Laptop Stand,Accessories,South,Rahul,5,1624.06
ORD-202605-00150,2026-05-31,CUST-2878,Study Table,Furniture,East,Priya,1,5760.63
ORD-202605-00151,2026-05-09,CUST-3373,Laptop Stand,Accessories,North,Amit,6,1614.12
ORD-202605-00152,2026-05-22,CUST-3093,Pen Set,Office,North,Rahul,2,303.83
ORD-202605-00153,2026-05-05,CUST-2884,Laptop Stand,Accessories,West,Rahul,7,1349.16
ORD-202605-00154,2026-05-14,CUST-0637,Webcam,Electronics,Central,Ananya,6,1897.84
ORD-202605-00155,2026-05-11,,Office Chair,Furniture,North,Karan,5,6990.43
ORD-202605-00156,2026-05-26,CUST-1982,Study Table,Furniture,East,Ananya,5,5029.11
ORD-202605-00157,2026-05-13,CUST-2121,Wireless Mouse,Electronics,South,Amit,5,769.45
ORD-202605-00158,2026-05-27,CUST-1774,Study Table,Furniture,East,Sneha,4,5383.25
ORD-202605-00159,2026-05-26,CUST-1033,Webcam,Electronics,West,Neha,1,1961.35
ORD-202605-00160,2026-05-10,CUST-0529,Desk Organizer,Office,Central,Ananya,1,600.52
ORD-202605-00161,2026-05-11,CUST-1892,Pen Set,Office,East,Ananya,6,270.18
ORD-202605-00162,2026-05-09,CUST-1347,Desk Organizer,Office,North,,2,656.48
ORD-202605-00163,2026-05-17,CUST-3557,Webcam,Electronics,Central,Vikram,-1,1834.79
ORD-202605-00164,2026-05-31,CUST-2891,Keyboard,Electronics,South,Amit,3,1276.85
ORD-202605-00165,2026-05-27,CUST-3860,Laptop Stand,Accessories,South ,Sneha,4,1529.06
ORD-202605-00166,2026-05-19,CUST-4264,Desk Organizer,Office,South,Karan,3,654.34
ORD-202605-00167,2026-05-19,CUST-3413,Keyboard,Electronics,Central,Karan,4,1261.8
ORD-202605-00168,2026-05-31,CUST-4839,Study Table,Furniture,South,Vikram,1,5371.66
ORD-202605-00169,2026-05-11,CUST-4973,Wireless Mouse,Electronics,South,,1,806.49
ORD-202605-00170,2026-05-20,CUST-4471,Pen Set,Office,South,Priya,2,282.17
ORD-202605-00171,2026-05-11,CUST-4411,Office Chair,Furniture,East,Ananya,3,6468.2
ORD-202605-00172,2026-05-31,CUST-1794,Monitor Stand,Furniture,West,Vikram,5,2004.14
ORD-202605-00173,2026-05-16,CUST-1962,Desk Organizer,Office,West,Priya,7,653.78
ORD-202605-00174,2026-05-17,CUST-4105,Keyboard,Electronics,Central,Priya,5,1293.88
ORD-202605-00175,2026-05-26,CUST-0377,Keyboard,Electronics,South,Vikram,6,1269.58
ORD-202605-00176,2026-05-26,,Headphones,Electronics,North,Amit,3,2292.73
ORD-202605-00177,2026-05-13,CUST-1682,USB Hub,Accessories,Central,Ananya,5,910.43
ORD-202605-00178,2026-05-16,CUST-4854,Monitor Stand,Furniture,North,Rahul,3,1999.14
ORD-202605-00179,2026-05-11,CUST-2872,Laptop Stand,Accessories,South ,Priya,1,1472.24
ORD-202605-00180,2026-05-29,CUST-4423,Study Table,Furniture,South,Rahul,6,5777.45
ORD-202605-00181,2026-05-02,CUST-4280,Keyboard,Electronics,Central,Karan,7,1228.66
ORD-202605-00182,2026-05-11,CUST-0549,Webcam,Electronics,Central,Neha,2,2018.61
ORD-202605-00183,2026-05-26,CUST-0569,Office Chair,Furniture,North,Priya,4,7406.06
ORD-202605-00184,2026-05-17,CUST-4395,Monitor Stand,Furniture,South,Sneha,1,1833.47
ORD-202605-00185,2026-05-21,CUST-4675,Desk Organizer,Office,West,Karan,2,655.53
ORD-202605-00186,2026-05-06,CUST-0054,Wireless Mouse,Electronics,Central,Vikram,3,754.51
ORD-202605-00187,2026-05-25,CUST-1222,Mouse Pad,Accessories,Central,Rahul,4,399.4
ORD-202605-00188,2026-05-26,CUST-2540,USB Hub,Accessories,North,Sneha,2,873.97
ORD-202605-00189,2026-05-07,CUST-3968,Office Chair,Furniture,Central,Vikram,6,7130.29
ORD-202605-00190,2026-05-10,CUST-3555,Headphones,Electronics,North,Neha,2,2519.38
ORD-202605-00191,2026-05-17,CUST-2962,Monitor Stand,Furniture,South,Neha,6,2195.05
ORD-202605-00192,2026-05-01,CUST-2881,Monitor Stand,Furniture,,Vikram,3,2166.94
ORD-202605-00193,2026-05-09,CUST-2278,Study Table,Furniture,North,Ananya,4,5238.31
ORD-202605-00194,2026-05-07,CUST-2116,Monitor Stand,Furniture,West,Ananya,2,1938.66
ORD-202605-00195,2026-05-16,CUST-0575,Pen Set,Office,North,,7,321.86
ORD-202605-00196,2026-05-29,CUST-4160,Keyboard,Electronics,East,Priya,3,1332.85
ORD-202605-00197,2026-05-22,CUST-2591,Keyboard,Electronics,South,Ananya,1,1372.04
ORD-202605-00198,2026-05-14,CUST-2503,Study Table,Furniture,,Karan,5,5579.67
ORD-202605-00199,2026-05-28,CUST-3190,Study Table,Furniture,East,Priya,3,5993.7
ORD-202605-00200,2026-05-04,CUST-4027,Wireless Mouse,Electronics,North,Amit,4,802.47
ORD-202605-00201,2026-05-05,CUST-3594,Notebook,Office,Central,Amit,6,199.85
ORD-202605-00202,2026-05-20,CUST-0351,Monitor Stand,Furniture,,Ananya,1,1870.73
ORD-202605-00203,2026-05-19,CUST-2082,USB Hub,Accessories,Central,Neha,6,856.99
ORD-202605-00204,2026-05-30,CUST-0799,Study Table,Furniture,West,Vikram,3,5998.28
ORD-202605-00205,2026-05-28,CUST-0412,Webcam,Electronics,North,Rahul,2,1949.76
ORD-202605-00206,2026-05-23,CUST-3033,Office Chair,Furniture,North,Karan,4,6965.13
ORD-202605-00207,2026-05-14,CUST-3134,USB Hub,Accessories,South,Neha,4,952.55
ORD-202605-00208,2026-05-20,CUST-2864,Wireless Mouse,Electronics,Central,Sneha,1,863.6
ORD-202605-00209,2026-05-11,CUST-3937,Laptop Stand,Accessories,East,Vikram,6,1518.46
ORD-202605-00210,2026-05-20,CUST-0891,Webcam,Electronics,North,Ananya,7,2014.77
ORD-202605-00211,2026-05-13,CUST-3388,Mouse Pad,Accessories,North,Neha,3,377.73
ORD-202605-00212,2026-05-16,CUST-4433,Mouse Pad,Accessories,West,Rahul,2,376.33
ORD-202605-00213,2026-05-14,CUST-4705,Monitor Stand,Furniture,East,Priya,2,1807.2
ORD-202605-00214,2026-05-14,CUST-0635,USB Hub,Accessories,West,Sneha,5,846.16
ORD-202605-00215,2026-05-20,CUST-0257,Wireless Mouse,Electronics,North,Ananya,3,844.12
ORD-202605-00216,2026-05-09,CUST-0837,USB Hub,Accessories,,Priya,1,918.19
ORD-202605-00217,2026-05-31,CUST-4815,Office Chair,Furniture,Central,Amit,7,7406.0
ORD-202605-00218,2026-05-17,CUST-3802,Pen Set,Office,East,Neha,3,299.11
ORD-202605-00219,2026-05-22,CUST-4500,Study Table,Furniture,East,Ananya,7,5343.63
ORD-202605-00220,2026-05-03,CUST-1727,Keyboard,Electronics,South,Amit,1,1198.62
ORD-202605-00221,2026-05-24,CUST-3449,Monitor Stand,Furniture,Central,Neha,5,1955.5
ORD-202605-00222,2026-05-01,CUST-2006,Pen Set,Office,North,Vikram,1,321.46
ORD-202605-00223,2026-05-09,CUST-1427,Notebook,Office,East,Rahul,1,195.2
ORD-202605-00224,2026-05-19,CUST-4985,Keyboard,Electronics,East,Vikram,1,1315.8
ORD-202605-00225,2026-05-17,CUST-1533,Keyboard,Electronics,Central,Karan,3,1405.24
ORD-202605-00226,2026-05-11,CUST-2213,Webcam,Electronics,South,Karan,5,1953.33
ORD-202605-00227,2026-05-01,CUST-0413,Desk Organizer,Office,Central,,6,610.05
ORD-202605-00228,2026-05-25,CUST-0497,Notebook,Office,East,Priya,1,216.2
ORD-202605-00229,2026-05-22,CUST-4990,Pen Set,Office,North,Karan,5,288.16
ORD-202605-00230,2026-05-24,CUST-4620,Pen Set,Office,West,Sneha,3,327.44
ORD-202605-00231,2026-05-10,CUST-3949,Desk Organizer,Office,North,,1,642.7
ORD-202605-00232,2026-05-27,CUST-2874,Headphones,Electronics,South,Rahul,2,2529.72
ORD-202605-00233,2026-05-06,CUST-3642,Office Chair,Furniture,East,Neha,7,6849.79
ORD-202605-00234,2026-05-16,CUST-1222,Laptop Stand,Accessories,East,,5,1384.51
ORD-202605-00235,2026-05-01,CUST-0190,Study Table,Furniture,North,Sneha,6,5379.19
ORD-202605-00236,2026-05-27,CUST-0427,Desk Organizer,Office,Central,Sneha,1,584.36
ORD-202605-00237,2026-05-09,CUST-2273,Wireless Mouse,Electronics,West,Priya,7,761.29
ORD-202605-00238,2026-05-21,CUST-2160,Notebook,Office,North,Vikram,5,198.36
ORD-202605-00239,2026-05-17,CUST-2551,Notebook,Office,North,Rahul,5,217.98
ORD-202605-00240,2026-05-29,CUST-4649,Laptop Stand,Accessories,central,Rahul,5,1461.94
ORD-202605-00241,2026-05-03,CUST-0326,Notebook,Office,Central,Vikram,5,191.6
ORD-202605-00242,2026-05-15,CUST-2513,Notebook,Office,South,Neha,1,190.24
ORD-202605-00243,2026-05-11,,Pen Set,Office,South,Sneha,7,270.97
ORD-202605-00244,2026-05-21,CUST-2342,Keyboard,Electronics,East,Rahul,5,1207.73
ORD-202605-00245,2026-05-06,CUST-0743,Webcam,Electronics,East,Karan,2,1796.14
ORD-202605-00246,2026-05-08,CUST-2234,USB Hub,Accessories,North,Amit,2,963.06
ORD-202605-00247,2026-05-13,CUST-1181,Mouse Pad,Accessories,Central,Ananya,5,420.52
ORD-202605-00248,2026-05-25,CUST-1349,Office Chair,Furniture,South,Priya,1,7319.85
ORD-202605-00249,2026-05-05,CUST-3729,Office Chair,Furniture,West,Neha,7,6536.06
ORD-202605-00250,2026-05-23,CUST-2206,Study Table,Furniture,North,Ananya,1,6026.22
ORD-202605-00251,2026-05-18,CUST-1840,Webcam,Electronics,Central,Vikram,6,2072.81
ORD-202605-00252,2026-05-20,CUST-0763,Wireless Mouse,Electronics,South,Amit,7,824.02
ORD-202605-00253,2026-05-17,CUST-4502,Laptop Stand,Accessories,West,Rahul,3,1633.48
ORD-202605-00254,2026-05-05,CUST-4338,Desk Organizer,Office,North,Karan,2,632.71
ORD-202605-00255,2026-05-11,CUST-4881,Desk Organizer,Office,East,Ananya,7,554.31
ORD-202605-00256,2026-05-15,CUST-1297,Wireless Mouse,Electronics,East,Ananya,6,810.24
ORD-202605-00257,2026-05-09,CUST-1787,Office Chair,Furniture,East,Rahul,2,6722.27
ORD-202605-00258,2026-05-31,CUST-1638,Desk Organizer,Office,Central,Karan,4,577.45
ORD-202605-00259,2026-05-14,,Office Chair,Furniture,East,Rahul,3,7320.11
ORD-202605-00260,2026-05-31,CUST-3199,Study Table,Furniture,Central,Rahul,6,5638.56
ORD-202605-00261,2026-05-01,CUST-2194,Pen Set,Office,West,Sneha,6,302.53
ORD-202605-00262,2026-05-30,CUST-2288,Study Table,Furniture,Central,Vikram,6,6042.38
ORD-202605-00263,2026-05-10,CUST-1646,Keyboard,Electronics,North,Sneha,3,1237.05
ORD-202605-00264,2026-05-30,CUST-4244,Keyboard,Electronics,East,,2,1396.21
ORD-202605-00265,2026-05-14,CUST-0459,USB Hub,Accessories,South,Neha,4,933.05
ORD-202605-00266,2026-05-22,CUST-0131,Wireless Mouse,Electronics,North,Neha,4,723.56
ORD-202605-00267,,CUST-0258,Notebook,office,North,Vikram,6,197.87
ORD-202605-00268,2026-05-21,CUST-1440,Laptop Stand,Accessories,East,Karan,2,1394.92
ORD-202605-00269,2026-05-28,CUST-4325,Laptop Stand,Accessories,East,Rahul,5,1384.79
ORD-202605-00270,2026-05-28,CUST-2149,Webcam,Electronics,East,Karan,3,1972.3
ORD-202605-00271,2026-05-23,CUST-1938,Monitor Stand,Furniture,West,Neha,7,2154.04
ORD-202605-00272,2026-05-15,CUST-2377,USB Hub,Accessories,Central,Ananya,7,931.26
ORD-202605-00273,2026-05-09,CUST-1820,Study Table,Furniture,North,Priya,1,5324.29
ORD-202605-00274,2026-05-10,CUST-4953,Headphones,Electronics,East,Vikram,3,2271.55
ORD-202605-00275,2026-05-08,CUST-3502,Keyboard,Electronics,Central,Karan,6,1290.89
ORD-202605-00276,2026-05-28,CUST-1473,Office Chair,Furniture,West,Amit,-1,6571.59
ORD-202605-00277,2026-05-01,CUST-4554,Desk Organizer,Office,East,Amit,2,637.98
ORD-202605-00278,2026-05-03,CUST-4269,Pen Set,Office,Central,Ananya,4,289.95
ORD-202605-00279,2026-05-09,CUST-2220,Laptop Stand,Accessories,Central,Sneha,4,1619.32
ORD-202605-00280,2026-05-13,CUST-0784,USB Hub,Accessories,West,Vikram,5,831.2
ORD-202605-00281,2026-05-31,CUST-1457,Wireless Mouse,Electronics,North,Karan,7,729.05
ORD-202605-00282,2026-05-27,CUST-3542,Desk Organizer,Office,Central,Rahul,3,539.51
ORD-202605-00283,2026-05-07,CUST-2957,Study Table,Furniture,Central,Priya,3,6026.4
ORD-202605-00284,2026-05-25,CUST-3920,Laptop Stand,Accessories,Central,Vikram,4,1491.02
ORD-202605-00285,2026-05-21,CUST-1499,Pen Set,Office,South,Neha,7,312.36
ORD-202605-00286,2026-05-13,CUST-1047,Notebook,Office,Central,Vikram,6,183.25
ORD-202605-00287,2026-05-13,CUST-0504,Webcam,Electronics,South,,1,1749.37
ORD-202605-00288,2026-05-14,CUST-0566,USB Hub,Accessories,West,Rahul,3,857.4
ORD-202605-00289,2026-05-26,CUST-2451,Headphones,Electronics,North,Sneha,7,2303.52
ORD-202605-00290,2026-05-13,CUST-2758,Laptop Stand,Accessories,South,Priya,7,1362.4
ORD-202605-00291,2026-05-31,CUST-2210,Laptop Stand,Accessories,West,Priya,6,1368.82
ORD-202605-00292,2026-05-24,CUST-3388,Wireless Mouse,Electronics,West,Karan,6,787.22
ORD-202605-00293,2026-05-13,CUST-1999,Desk Organizer,Office,South,Priya,2,590.46
ORD-202605-00294,2026-05-10,CUST-4567,Laptop Stand,Accessories,Central,Rahul,6,1498.3
ORD-202605-00295,2026-05-13,CUST-2790,Notebook,Office,North,Amit,5,203.66
ORD-202605-00296,2026-05-16,CUST-3079,Mouse Pad,Accessories,South,Ananya,7,381.09
ORD-202605-00297,2026-05-30,CUST-3665,USB Hub,Accessories,Central,Neha,1,904.12
ORD-202605-00298,2026-05-09,CUST-1928,Webcam,Electronics,,Ananya,5,2084.12
ORD-202605-00299,2026-05-04,CUST-4237,Office Chair,Furniture,North,Neha,5,7206.07
ORD-202605-00300,2026-05-26,CUST-4560,Monitor Stand,Furniture,West,Amit,4,2125.25
ORD-202605-00301,2026-05-13,CUST-1654,Headphones,Electronics,Central,Amit,3,2689.09
ORD-202605-00302,2026-05-31,CUST-2324,Headphones,Electronics,North,Sneha,7,2359.82
ORD-202605-00303,2026-05-18,CUST-0952,Study Table,Furniture,North,Sneha,7,5185.07
ORD-202605-00304,2026-05-03,CUST-0869,USB Hub,Accessories,West,Rahul,5,847.41
ORD-202605-00305,2026-05-15,CUST-0526,Office Chair,Furniture,West,Rahul,6,6861.01
ORD-202605-00306,2026-05-14,CUST-4806,Pen Set,Office,West,Vikram,3,324.82
ORD-202605-00307,2026-05-27,CUST-2199,Monitor Stand,Furniture,Central,Amit,2,2145.37
ORD-202605-00308,2026-05-20,CUST-2304,Webcam,Electronics,East,Rahul,2,1871.81
ORD-202605-00309,2026-05-08,CUST-1105,Desk Organizer,Office,North,Ananya,2,595.25
ORD-202605-00310,2026-05-11,CUST-1758,Mouse Pad,Accessories,South,Neha,3,428.35
ORD-202605-00311,2026-05-02,CUST-4282,Notebook,Office,East,Ananya,7,201.21
ORD-202605-00312,2026-05-07,CUST-4235,Desk Organizer,Office,North,Karan,6,584.23
ORD-202605-00313,2026-05-13,CUST-0712,Desk Organizer,Office,West,Vikram,4,545.82
ORD-202605-00314,2026-05-03,CUST-4811,Monitor Stand,Furniture,West,Sneha,2,1974.28
ORD-202605-00315,2026-05-08,CUST-3910,Headphones,Electronics,West,Sneha,7,2345.34
ORD-202605-00316,2026-05-16,CUST-1456,Notebook,Office,South,Neha,5,181.19
ORD-202605-00317,2026-05-28,CUST-4701,USB Hub,Accessories,East,Karan,7,820.44
ORD-202605-00318,2026-05-11,CUST-1242,Desk Organizer,Office,East,Karan,3,609.4
ORD-202605-00319,2026-05-19,CUST-4676,Desk Organizer,Office,South,Neha,4,590.08
ORD-202605-00320,2026-05-01,CUST-3066,Office Chair,Furniture,West,Vikram,2,7466.22
ORD-202605-00321,2026-05-12,CUST-3598,Pen Set,Office,East,Ananya,2,306.55
ORD-202605-00322,2026-05-17,CUST-2988,Laptop Stand,Accessories,South,Vikram,5,1369.72
ORD-202605-00323,2026-05-08,CUST-4665,USB Hub,Accessories,Central,Priya,5,895.94
ORD-202605-00324,2026-05-21,CUST-3981,USB Hub,Accessories,North,Rahul,7,915.53
ORD-202605-00325,2026-05-06,CUST-1555,Mouse Pad,Accessories,South,Priya,7,425.94
ORD-202605-00326,2026-05-30,CUST-4713,Study Table,Furniture,South,Vikram,1,6009.51
ORD-202605-00327,2026-05-04,CUST-3510,Laptop Stand,Accessories,North,,7,1479.95
ORD-202605-00328,2026-05-15,CUST-0065,Pen Set,Office,West,Sneha,5,283.56
ORD-202605-00329,2026-05-18,CUST-3430,Notebook,Office,North,Sneha,2,198.85
ORD-202605-00330,2026-05-12,CUST-1474,Wireless Mouse,Electronics,West,Amit,-1,752.96
ORD-202605-00331,2026-05-14,CUST-0863,Webcam,Electronics,West,Priya,7,1813.04
ORD-202605-00332,2026-05-06,CUST-0542,Study Table,Furniture ,North,Amit,1,5110.01
ORD-202605-00333,2026-05-09,CUST-1495,Mouse Pad,Accessories,,Neha,4,410.5
ORD-202605-00334,2026-05-23,CUST-1628,USB Hub,Accessories,South,Amit,2,934.18
ORD-202605-00335,2026-05-24,CUST-2995,USB Hub,Accessories,West,Amit,7,875.14
ORD-202605-00336,2026-05-01,CUST-1232,Desk Organizer,Office,Central,Sneha,2,540.11
ORD-202605-00337,2026-05-10,CUST-3957,Notebook,Office,West,Karan,5,203.15
ORD-202605-00338,2026-05-29,CUST-3549,Laptop Stand,Accessories,North,Priya,2,1419.61
ORD-202605-00339,2026-05-23,CUST-1126,Notebook,Office,East,Sneha,3,183.67
ORD-202605-00340,2026-05-08,CUST-4104,Mouse Pad,Accessories,Central,Sneha,5,398.53
ORD-202605-00341,2026-05-19,CUST-2260,Keyboard,Electronics,East,Amit,2,1254.35
ORD-202605-00342,2026-05-04,CUST-3422,Mouse Pad,Accessories,North,Sneha,7,389.36
ORD-202605-00343,2026-05-04,CUST-0406,Headphones,Electronics,Central,Neha,4,2633.5
ORD-202605-00344,2026-05-18,CUST-3244,Wireless Mouse,Electronics,East,Karan,1,859.92
ORD-202605-00345,2026-05-16,CUST-1565,Study Table,Furniture,South,Neha,4,5871.27
ORD-202605-00346,2026-05-19,CUST-3933,USB Hub,Accessories,Central,Neha,2,914.05
ORD-202605-00347,2026-05-24,CUST-0735,Office Chair,Furniture,South,Karan,7,6500.7
ORD-202605-00348,2026-05-20,CUST-2346,Webcam,Electronics,Central,Vikram,1,1846.19
ORD-202605-00349,2026-05-17,CUST-3109,Headphones, Electronics,West,Rahul,1,2478.66
ORD-202605-00350,2026-05-08,CUST-0727,Notebook,Office,East,Priya,4,201.01
ORD-202605-00351,2026-05-25,CUST-1872,Headphones,Electronics,North,Priya,2,2324.1
ORD-202605-00352,2026-05-26,CUST-2127,Monitor Stand,Furniture,Central,Rahul,3,1918.67
ORD-202605-00353,2026-05-16,CUST-4056,Headphones,Electronics,Central,Amit,2,2668.68
ORD-202605-00354,2026-05-03,CUST-1603,Office Chair,Furniture,Central,Neha,7,7682.22
ORD-202605-00355,2026-05-25,CUST-3174,Headphones,Electronics,South,Rahul,1,2363.41
ORD-202605-00356,2026-05-31,CUST-0375,Study Table,Furniture,South,Priya,1,5778.08
ORD-202605-00357,2026-05-05,CUST-2020,Pen Set,Office,Central,Karan,7,285.39
ORD-202605-00358,2026-05-15,CUST-3678,Mouse Pad,Accessories,North,Neha,4,370.52
ORD-202605-00359,2026-05-08,CUST-1369,Webcam,Electronics,North,Ananya,7,1763.72
ORD-202605-00360,2026-05-08,CUST-2811,Wireless Mouse,Electronics,West,Neha,6,853.28
ORD-202605-00361,2026-05-08,CUST-0527,Mouse Pad,Accessories,West,Rahul,3,395.78
ORD-202605-00362,2026-05-19,CUST-2945,Webcam,Electronics,East,Ananya,6,1949.04
ORD-202605-00363,2026-05-12,CUST-0035,USB Hub,Accessories,Central,Vikram,2,968.49
ORD-202605-00364,2026-05-13,CUST-2139,Mouse Pad,Accessories,West,Sneha,5,406.72
ORD-202605-00365,2026-05-21,CUST-4057,Keyboard,electronics,South,Amit,3,1169.6
ORD-202605-00366,2026-05-03,CUST-3145,Laptop Stand,Accessories,North,Vikram,5,1533.43
ORD-202605-00367,2026-05-08,CUST-1393,Headphones,Electronics,South,Priya,2,2283.15
ORD-202605-00368,2026-05-08,CUST-3100,USB Hub,Accessories,North,Priya,6,890.8
ORD-202605-00369,2026-05-10,CUST-4354,Notebook,Office,Central,Vikram,2,209.89
ORD-202605-00370,2026-05-22,CUST-1402,Study Table,Furniture,East,Priya,4,5870.53
ORD-202605-00371,,CUST-0879,Headphones,Electronics ,Central,Rahul,6,2458.61
ORD-202605-00372,2026-05-25,CUST-0647,Wireless Mouse,Electronics,South,Karan,4,812.92
ORD-202605-00373,2026-05-07,CUST-0323,Notebook,Office,Central,Vikram,4,210.25
ORD-202605-00374,2026-05-15,CUST-2244,Headphones,Electronics,East,Amit,1,2397.37
ORD-202605-00375,2026-05-31,CUST-4253,Mouse Pad,Accessories,West,Karan,5,405.09
ORD-202605-00376,2026-05-17,CUST-3553,Monitor Stand,Furniture,East,Amit,7,1887.22
ORD-202605-00377,2026-05-01,CUST-4784,USB Hub,Accessories,North,Sneha,6,848.02
ORD-202605-00378,2026-05-14,CUST-3046,Notebook,Office,West,Vikram,7,189.17
ORD-202605-00379,2026-05-20,CUST-3337,Study Table,Furniture,East,Amit,7,5470.2
ORD-202605-00380,2026-05-06,CUST-3351,Laptop Stand,Accessories,East,Karan,5,1377.46
ORD-202605-00381,2026-05-09,CUST-1524,Keyboard,Electronics,West,Amit,7,1366.15
ORD-202605-00382,2026-05-14,CUST-2575,Headphones,Electronics,West,Ananya,4,2407.56
ORD-202605-00383,2026-05-06,CUST-2374,Wireless Mouse,Electronics,South,Karan,3,848.11
ORD-202605-00384,2026-05-14,CUST-1812,USB Hub,Accessories,North,Priya,5,830.01
ORD-202605-00385,2026-05-06,CUST-4219,Office Chair,Furniture,North,Priya,6,7259.5
ORD-202605-00386,2026-05-23,CUST-0660,Office Chair,Furniture,North,Sneha,2,7616.45
ORD-202605-00387,2026-05-07,CUST-0842,Headphones,Electronics,Central,Rahul,5,2697.85
ORD-202605-00388,2026-05-02,CUST-4266,Monitor Stand,Furniture,East,Vikram,5,2159.53
ORD-202605-00389,2026-05-30,CUST-0235,USB Hub,Accessories,North,Sneha,5,851.79
ORD-202605-00390,2026-05-08,CUST-0578,Webcam,Electronics,Central,Vikram,6,1902.39
ORD-202605-00391,2026-05-06,CUST-2844,Keyboard,Electronics,North,Neha,5,1421.4
ORD-202605-00392,2026-05-18,CUST-1401,Office Chair,Furniture,Central,Ananya,5,6451.23
ORD-202605-00393,2026-05-23,CUST-3719,Study Table,Furniture,North,Ananya,7,5887.27
ORD-202605-00394,2026-05-07,CUST-0453,Wireless Mouse,Electronics,South,Vikram,1,822.54
ORD-202605-00395,2026-05-23,CUST-4218,Pen Set,Office,Central,Priya,4,286.45
ORD-202605-00396,2026-05-14,CUST-2948,Desk Organizer,Office,West,Karan,1,567.27
ORD-202605-00397,2026-05-05,CUST-0357,Monitor Stand,Furniture,West,Rahul,7,2188.29
ORD-202605-00398,2026-05-16,CUST-4921,Office Chair,Furniture,South,Rahul,2,6364.13
ORD-202605-00399,2026-05-30,CUST-0045,Mouse Pad,Accessories,South,Rahul,6,407.43
ORD-202605-00400,2026-05-05,CUST-1171,Webcam,Electronics,East,Amit,5,1833.2
ORD-202605-00401,2026-05-12,CUST-0544,Monitor Stand,Furniture,South,Priya,3,2089.6
ORD-202605-00402,2026-05-10,CUST-2622,Desk Organizer,Office,North,Priya,3,642.58
ORD-202605-00403,2026-05-28,CUST-3303,Webcam,Electronics,West,Karan,2,2021.25
ORD-202605-00404,2026-05-19,CUST-4634,Monitor Stand,Furniture,South,Vikram,6,2134.47
ORD-202605-00405,2026-05-23,CUST-0653,Mouse Pad,Accessories,South,Karan,5,434.23
ORD-202605-00406,2026-05-24,CUST-3068,Pen Set,Office,Central,Ananya,7,316.63
ORD-202605-00407,2026-05-18,CUST-3359,Mouse Pad,Accessories,East,Vikram,5,406.42
ORD-202605-00408,2026-05-15,CUST-0446,Notebook,Office,West,Sneha,4,188.27
ORD-202605-00409,2026-05-15,CUST-0649,Mouse Pad,Accessories,West,Priya,7,381.9
ORD-202605-00410,2026-05-01,CUST-4577,Keyboard,Electronics,South,Priya,3,1214.66
ORD-202605-00411,2026-05-29,CUST-3127,Notebook,Office,North,Rahul,7,205.87
ORD-202605-00412,2026-05-21,CUST-1818,Headphones,Electronics,South,Neha,5,2285.58
ORD-202605-00413,2026-05-26,CUST-4030,Wireless Mouse,Electronics,Central,Sneha,6,735.68
ORD-202605-00414,2026-05-12,CUST-4801,Webcam,Electronics,North,Karan,3,1902.62
ORD-202605-00415,2026-05-31,CUST-2482,Study Table,Furniture,North,Neha,4,5315.61
ORD-202605-00416,2026-05-15,CUST-0732,Headphones,Electronics,South,Karan,3,2708.45
ORD-202605-00417,2026-05-05,CUST-2190,Desk Organizer,Office,North,Neha,6,638.11
ORD-202605-00418,2026-05-29,CUST-4545,Keyboard,Electronics,West,Ananya,1,1272.61
ORD-202605-00419,2026-05-20,CUST-0405,Notebook,Office,Central,Vikram,7,214.77
ORD-202605-00420,2026-05-14,CUST-4691,Study Table,Furniture,North,Priya,3,5591.14
ORD-202605-00421,2026-05-11,CUST-0370,USB Hub,Accessories,East,Ananya,3,892.94
ORD-202605-00422,2026-05-29,CUST-3608,Headphones,Electronics,North,Vikram,7,2657.09
ORD-202605-00423,2026-05-17,CUST-3148,Laptop Stand,Accessories,North,Amit,1,1644.19
ORD-202605-00424,2026-05-09,CUST-3553,Study Table,Furniture,East,Rahul,6,5752.75
ORD-202605-00425,2026-05-13,CUST-3129,Study Table,Furniture,North,Vikram,1,5717.75
ORD-202605-00426,2026-05-22,CUST-4643,Monitor Stand,Furniture,East,,7,2110.09
ORD-202605-00427,2026-05-28,CUST-4071,Headphones,Electronics,West,Sneha,2,2465.62
ORD-202605-00428,2026-05-14,CUST-2036,USB Hub,Accessories,North,Priya,3,945.21
ORD-202605-00429,2026-05-18,CUST-0720,Laptop Stand,Accessories,East,Neha,6,1501.29
ORD-202605-00430,2026-05-30,CUST-4288,Webcam,Electronics,Central,Vikram,2,2050.77
ORD-202605-00431,2026-05-14,CUST-2824,Webcam,Electronics,West,Karan,1,2035.89
ORD-202605-00432,2026-05-23,CUST-3322,Office Chair,Furniture,West,Vikram,1,6447.19
ORD-202605-00433,2026-05-25,CUST-1898,Wireless Mouse,Electronics,North,Ananya,7,789.61
ORD-202605-00434,2026-05-08,CUST-1662,Monitor Stand,Furniture,West,Priya,4,2079.16
ORD-202605-00435,2026-05-05,CUST-2509,Office Chair,Furniture,Central,Amit,7,6448.72
ORD-202605-00436,2026-05-15,CUST-0103,Keyboard,Electronics,East,Amit,6,1254.65
ORD-202605-00437,2026-05-19,CUST-2365,Notebook,Office,West,Vikram,3,193.23
ORD-202605-00438,2026-05-29,CUST-3785,Laptop Stand,Accessories,West,Neha,7,1547.77
ORD-202605-00439,2026-05-12,CUST-0273,Headphones,Electronics,West,Amit,6,2291.91
ORD-202605-00440,2026-05-21,CUST-2404,Office Chair,Furniture,East,Rahul,2,7487.78
ORD-202605-00441,2026-05-14,CUST-0994,USB Hub,accessories,Central,Amit,2,882.99
ORD-202605-00442,2026-05-27,CUST-4027,Wireless Mouse,Electronics,South,Rahul,1,720.51
ORD-202605-00443,2026-05-11,CUST-1116,Laptop Stand,Accessories,East,Rahul,1,1628.59
ORD-202605-00444,2026-05-10,CUST-2224,Laptop Stand,Accessories,West,Karan,4,1533.05
ORD-202605-00445,2026-05-15,CUST-0339,Laptop Stand,Accessories,Central,Priya,3,1402.24
ORD-202605-00446,2026-05-24,CUST-0512,Keyboard,Electronics,Central,Priya,3,1386.84
ORD-202605-00447,2026-05-07,CUST-2723,Desk Organizer,Office,South,Amit,1,636.56
ORD-202605-00448,2026-05-05,CUST-2803,Office Chair,Furniture,East,Priya,5,7507.57
ORD-202605-00449,2026-05-17,CUST-1339,Study Table,Furniture,Central,Neha,1,5594.1
ORD-202605-00450,2026-05-27,CUST-3153,Webcam,Electronics,Central,Neha,5,1934.01
ORD-202605-00451,2026-05-27,CUST-0839,Mouse Pad,Accessories,East,Sneha,1,426.79
ORD-202605-00452,2026-05-17,CUST-2290,Pen Set,Office,South,Ananya,5,306.53
ORD-202605-00453,2026-05-17,CUST-4867,Headphones,Electronics,South,Karan,3,2250.2
ORD-202605-00454,2026-05-02,CUST-0812,Notebook,Office,South,Vikram,7,205.68
ORD-202605-00455,2026-05-09,CUST-4104,Laptop Stand,Accessories,West,Ananya,2,1632.6
ORD-202605-00456,2026-05-09,CUST-0523,Monitor Stand,Furniture,Central,Sneha,6,2010.5
ORD-202605-00457,2026-05-30,CUST-0664,Desk Organizer,Office,Central,Sneha,5,557.54
ORD-202605-00458,2026-05-16,CUST-1383,Keyboard,Electronics,West,Ananya,4,1427.96
ORD-202605-00459,2026-05-12,CUST-1002,Webcam,Electronics,East,Sneha,6,1887.34
ORD-202605-00460,2026-05-16,CUST-3455,Mouse Pad,Accessories,East,Neha,2,386.19
ORD-202605-00461,2026-05-24,CUST-2562,Wireless Mouse,Electronics,East,Sneha,7,862.51
ORD-202605-00462,2026-05-23,CUST-2458,Study Table,Furniture,North,Rahul,6,5697.95
ORD-202605-00463,2026-05-16,CUST-3572,Study Table,Furniture,South,Priya,7,5436.79
ORD-202605-00464,2026-05-18,CUST-2586,Mouse Pad,Accessories,East,Sneha,1,388.77
ORD-202605-00465,2026-05-20,CUST-4114,Laptop Stand,Accessories,North,Sneha,4,1616.44
ORD-202605-00466,2026-05-25,CUST-2070,Monitor Stand,Furniture,South,Sneha,3,1925.61
ORD-202605-00467,2026-05-06,CUST-4544,Keyboard,Electronics,North,Amit,2,1285.32
ORD-202605-00468,2026-05-26,CUST-3663,Webcam,Electronics,West,Ananya,3,1862.34
ORD-202605-00469,2026-05-24,CUST-3060,Notebook,Office,North,Vikram,4,217.76
ORD-202605-00470,2026-05-19,CUST-4480,Mouse Pad,Accessories,South,Ananya,1,429.17
ORD-202605-00471,2026-05-18,CUST-1048,Headphones,Electronics,North,Rahul,5,2597.56
ORD-202605-00472,2026-05-07,,Office Chair,Furniture,Central,Neha,3,7120.2
ORD-202605-00473,2026-05-17,CUST-4446,Mouse Pad,Accessories,Central,Sneha,6,399.01
ORD-202605-00474,2026-05-21,CUST-4732,USB Hub,Accessories,Central,Vikram,2,827.97
ORD-202605-00475,2026-05-04,CUST-0061,Webcam,Electronics,West,Neha,5,2050.27
ORD-202605-00476,2026-05-14,CUST-1253,Webcam,Electronics,West,Ananya,5,2080.09
ORD-202605-00477,2026-05-09,CUST-4973,Study Table,Furniture,North,Vikram,2,5765.03
ORD-202605-00478,2026-05-03,CUST-3460,Keyboard,Electronics,East,Sneha,3,1243.37
ORD-202605-00479,2026-05-29,CUST-2958,Laptop Stand,Accessories,West,Sneha,2,1466.36
ORD-202605-00480,2026-05-15,CUST-4660,Study Table,Furniture,West,Rahul,7,5841.87
ORD-202605-00481,2026-05-09,CUST-4992,Study Table,Furniture,North,Neha,5,5867.76
ORD-202605-00482,2026-05-26,CUST-4802,Keyboard,Electronics,West,Vikram,6,1248.52
ORD-202605-00483,2026-05-03,CUST-4032,Mouse Pad,Accessories,Central,Rahul,1,413.4
ORD-202605-00484,2026-05-14,CUST-0423,Keyboard,Electronics,Central,Amit,1,1414.22
ORD-202605-00485,2026-05-19,CUST-1853,Monitor Stand,Furniture,East,Priya,7,2093.22
ORD-202605-00486,2026-05-12,CUST-2920,USB Hub,Accessories,South,Sneha,6,882.51
ORD-202605-00487,2026-05-20,CUST-1706,Office Chair,Furniture,South,Priya,6,7001.58
ORD-202605-00488,2026-05-07,CUST-0531,Monitor Stand,Furniture,South,Sneha,7,2105.85
ORD-202605-00489,2026-05-10,CUST-3178,Office Chair,Furniture,East,Vikram,6,6340.8
ORD-202605-00490,2026-05-18,CUST-1516,Notebook,Office,West,Vikram,1,213.85
ORD-202605-00491,2026-05-02,CUST-3357,Headphones,Electronics,Central,Rahul,3,2323.06
ORD-202605-00492,2026-05-08,CUST-3208,Laptop Stand,Accessories,Central,Neha,3,1615.6
ORD-202605-00493,2026-05-16,CUST-4665,Study Table,Furniture,North,Ananya,2,6041.3
ORD-202605-00494,2026-05-20,CUST-4917,Study Table,Furniture,North,Karan,7,5005.27
ORD-202605-00495,2026-05-23,CUST-2458,Laptop Stand,Accessories,East,Sneha,7,1637.51
ORD-202605-00496,2026-05-01,CUST-4395,Webcam,Electronics,Central,Amit,2,1795.32
ORD-202605-00497,2026-05-03,CUST-4309,Notebook,Office,East,Sneha,6,197.63
ORD-202605-00498,2026-05-12,CUST-1973,Wireless Mouse,Electronics,Central,Vikram,6,732.3
ORD-202605-00499,2026-05-28,CUST-1248,Pen Set,Office,Central,Priya,1,282.99
ORD-202605-00500,2026-05-24,CUST-1640,Laptop Stand,Accessories,West,Rahul,1,1422.43
ORD-202605-00501,2026-05-22,CUST-3353,Study Table,Furniture,West,Karan,7,5153.76
ORD-202605-00502,2026-05-01,CUST-2986,Pen Set,Office,West,Priya,2,319.68
ORD-202605-00503,2026-05-16,CUST-1840,Webcam,Electronics,West,Vikram,6,2079.9
ORD-202605-00504,2026-05-04,CUST-0115,Study Table,Furniture,West,Priya,5,5284.55
ORD-202605-00505,2026-05-25,CUST-2319,Desk Organizer,Office,South,Sneha,4,627.63
ORD-202605-00506,2026-05-31,CUST-3453,Pen Set,Office,West,Ananya,1,278.18
ORD-202605-00507,2026-05-12,CUST-3713,Notebook,Office,North,Amit,5,216.73
ORD-202605-00508,2026-05-01,CUST-0439,Notebook,Office,North,,6,206.85
ORD-202605-00509,2026-05-21,CUST-1920,Headphones,Electronics,North,Karan,2,2598.86
ORD-202605-00510,2026-05-24,CUST-0184,Desk Organizer,Office,Central,Sneha,5,568.65
ORD-202605-00511,2026-05-02,CUST-1850,Webcam,Electronics,West,Amit,3,1908.5
ORD-202605-00512,2026-05-12,CUST-1260,Headphones,Electronics,East,Vikram,7,2452.58
ORD-202605-00513,2026-05-26,CUST-4849,Study Table,Furniture,Central,Rahul,4,5903.65
ORD-202605-00514,2026-05-09,CUST-1279,Study Table,Furniture, South,Amit,1,5670.94
ORD-202605-00515,2026-05-14,CUST-1274,Wireless Mouse,Electronics,Central,Amit,2,763.8
ORD-202605-00516,2026-05-23,CUST-3762,Notebook,Office,East,Rahul,2,183.23
ORD-202605-00517,2026-05-03,CUST-0464,Laptop Stand,Accessories,South,Neha,3,1591.07
ORD-202605-00518,2026-05-27,CUST-3514,Mouse Pad,Accessories,South,Rahul,3,364.35
ORD-202605-00519,2026-05-20,CUST-4778,Study Table,Furniture,Central,Ananya,4,5457.13
ORD-202605-00520,,CUST-0318,Pen Set,Office,East,Neha,6,307.87
ORD-202605-00521,2026-05-13,CUST-4462,Mouse Pad,Accessories,North,Amit,6,407.05
ORD-202605-00522,2026-05-01,CUST-1972,Keyboard,Electronics,Central,Neha,4,1200.15
ORD-202605-00523,2026-05-19,CUST-3461,Headphones,Electronics,Central,Amit,4,2572.7
ORD-202605-00524,2026-05-28,CUST-3305,Pen Set,Office,East,Amit,1,283.47
ORD-202605-00525,2026-05-12,CUST-1917,USB Hub,Accessories,South,Rahul,6,909.21
ORD-202605-00526,2026-05-28,CUST-0780,Keyboard,Electronics,North,Neha,1,1233.69
ORD-202605-00527,2026-05-19,CUST-0779,Keyboard,Electronics,East,Karan,7,1269.64
ORD-202605-00528,2026-05-19,CUST-2911,Mouse Pad,Accessories,East,Ananya,3,418.64
ORD-202605-00529,2026-05-21,CUST-4120,Pen Set,Office,East,Ananya,4,284.26
ORD-202605-00530,2026-05-08,CUST-2278,Office Chair,Furniture,North,Amit,2,7492.0
ORD-202605-00531,2026-05-23,CUST-2437,Office Chair,Furniture,Central,Ananya,3,6934.25
ORD-202605-00532,2026-05-31,CUST-2768,Keyboard,Electronics,North,Amit,2,1426.91
ORD-202605-00533,2026-05-26,CUST-1251,Wireless Mouse,Electronics,East,Rahul,3,816.61
ORD-202605-00534,2026-05-14,CUST-4727,USB Hub,Accessories,South,Vikram,3,837.85
ORD-202605-00535,2026-05-24,CUST-2568,Keyboard,Electronics,East,Sneha,6,1363.66
ORD-202605-00536,2026-05-29,CUST-2937,Pen Set,Office,Central,Vikram,5,305.6
ORD-202605-00537,2026-05-26,CUST-4618,Pen Set,Office,Central,Karan,6,276.18
ORD-202605-00538,2026-05-08,CUST-4708,Pen Set,Office,South,Ananya,6,273.19
ORD-202605-00539,2026-05-02,,USB Hub,Accessories,South,Amit,7,957.38
ORD-202605-00540,2026-05-29,CUST-0343,Headphones,Electronics,East,Ananya,2,2492.73
ORD-202605-00541,2026-05-06,CUST-0409,Mouse Pad,Accessories,West,Rahul,3,414.46
ORD-202605-00542,2026-05-24,CUST-4282,Laptop Stand,Accessories, South,Karan,4,1499.29
ORD-202605-00543,2026-05-05,CUST-0490,Office Chair,Furniture,West,Karan,4,7457.7
ORD-202605-00544,2026-05-14,CUST-1444,Wireless Mouse,Electronics,North,Neha,6,744.87
ORD-202605-00545,2026-05-09,CUST-2175,Pen Set,Office,West,Sneha,1,275.74
ORD-202605-00546,2026-05-02,CUST-1680,Office Chair,Furniture,North,Ananya,7,6843.9
ORD-202605-00547,2026-05-22,CUST-4762,Pen Set,Office,East,Vikram,4,300.17
ORD-202605-00548,2026-05-12,CUST-0788,Office Chair,Furniture,Central,Priya,2,7166.51
ORD-202605-00549,2026-05-24,CUST-2271,Study Table,Furniture,North,Amit,3,5208.76
ORD-202605-00550,2026-05-27,CUST-1857,Mouse Pad,Accessories,West,Amit,6,419.57
ORD-202605-00551,2026-05-07,CUST-1087,Headphones,Electronics,East,Rahul,5,2616.63
ORD-202605-00552,2026-05-21,CUST-2682,Monitor Stand,Furniture,East,Priya,4,1995.32
ORD-202605-00553,2026-05-17,CUST-2379,Wireless Mouse,Electronics,central,Priya,7,794.55
ORD-202605-00554,2026-05-10,CUST-3309,Keyboard,Electronics,North,Ananya,5,1355.62
ORD-202605-00555,2026-05-12,CUST-4408,Notebook,Office,North,Ananya,2,218.8
ORD-202605-00556,2026-05-19,CUST-2216,Pen Set,Office,North,Sneha,4,291.73
ORD-202605-00557,2026-05-31,CUST-1442,Keyboard,Electronics,Central,Neha,7,1240.35
ORD-202605-00558,2026-05-29,CUST-4813,Headphones,Electronics,North,Amit,6,2489.24
ORD-202605-00559,2026-05-11,CUST-2788,Webcam,Electronics,South,Amit,5,1802.45
ORD-202605-00560,2026-05-13,CUST-3058,Laptop Stand,Accessories,Central,Neha,6,1367.05
ORD-202605-00561,2026-05-31,,Monitor Stand,Furniture,Central,Karan,4,2180.19
ORD-202605-00562,2026-05-08,CUST-1358,Wireless Mouse,Electronics,East,Vikram,4,775.38
ORD-202605-00563,2026-05-23,CUST-3644,Desk Organizer,Office,North,Priya,1,600.27
ORD-202605-00564,2026-05-27,CUST-3242,Keyboard,Electronics,North,Sneha,7,1195.87
ORD-202605-00565,2026-05-02,CUST-3841,Wireless Mouse,Electronics,East,Karan,2,836.67
ORD-202605-00566,2026-05-17,CUST-3678,Laptop Stand,Accessories,Central,Priya,7,1493.23
ORD-202605-00567,2026-05-04,CUST-2894,Wireless Mouse,Electronics,north,Karan,7,747.51
ORD-202605-00568,2026-05-18,CUST-0181,Notebook,Office,West,Ananya,3,189.62
ORD-202605-00569,2026-05-16,CUST-2687,Headphones,Electronics,North,Rahul,7,2556.95
ORD-202605-00570,2026-05-29,CUST-3723,Mouse Pad,Accessories,Central,Karan,1,427.91
ORD-202605-00571,2026-05-02,CUST-2209,Webcam,Electronics,East,Ananya,1,1750.16
ORD-202605-00572,2026-05-13,CUST-0290,Monitor Stand,Furniture,North,Amit,2,1874.44
ORD-202605-00573,,CUST-3930,Study Table,Furniture,North,Neha,7,5898.36
ORD-202605-00574,2026-05-23,CUST-2536,Office Chair,Furniture,South,Priya,2,7324.12
ORD-202605-00575,2026-05-17,CUST-1882,Monitor Stand,Furniture,North,Neha,7,2169.7
ORD-202605-00576,2026-05-27,CUST-0011,Wireless Mouse,Electronics,Central,Priya,5,744.27
ORD-202605-00577,2026-05-06,CUST-2911,Headphones,Electronics,North,Rahul,2,2576.85
ORD-202605-00578,2026-05-19,CUST-0787,Wireless Mouse,Electronics,East,Ananya,2,756.17
ORD-202605-00579,2026-05-15,CUST-2052,Headphones,Electronics,South,Rahul,6,2400.31
ORD-202605-00580,2026-05-19,CUST-3024,Study Table,Furniture,West,Rahul,4,5541.69
ORD-202605-00581,2026-05-18,CUST-1590,Office Chair, Furniture,Central,Neha,1,6834.59
ORD-202605-00582,,CUST-1950,Mouse Pad,Accessories,North,Amit,6,404.41
ORD-202605-00583,2026-05-01,CUST-3534,Notebook,Office,West,Ananya,7,194.37
ORD-202605-00584,2026-05-03,CUST-1202,Monitor Stand,Furniture,Central,Amit,2,2099.97
ORD-202605-00585,2026-05-28,CUST-2173,Laptop Stand,Accessories,North ,Sneha,4,1419.84
ORD-202605-00586,2026-05-09,CUST-1048,Wireless Mouse,Electronics,Central,Ananya,3,730.66
ORD-202605-00587,2026-05-15,CUST-3151,USB Hub,Accessories,West,Vikram,2,950.03
ORD-202605-00588,2026-05-12,CUST-4451,Study Table,Furniture, West,Vikram,1,5932.87
ORD-202605-00589,2026-05-10,CUST-0825,Mouse Pad,Accessories,West,Rahul,7,424.78
ORD-202605-00590,2026-05-08,CUST-2883,Pen Set,Office,West,Rahul,1,295.85
ORD-202605-00591,2026-05-18,,Notebook,Office,East,Karan,3,196.77
ORD-202605-00592,2026-05-09,,Mouse Pad,Accessories,East,Sneha,3,383.74
ORD-202605-00593,2026-05-29,CUST-3159,Laptop Stand,Accessories,,Priya,6,1489.18
ORD-202605-00594,2026-05-28,CUST-3044,Webcam,Electronics,South,Amit,2,1722.27
ORD-202605-00595,2026-05-11,CUST-1090,Mouse Pad,Accessories,West,Neha,7,412.58
ORD-202605-00596,2026-05-19,CUST-0536,Mouse Pad,Accessories,South,Priya,2,415.23
ORD-202605-00597,2026-05-30,CUST-3890,Desk Organizer,Office,Central,Karan,6,637.08
ORD-202605-00598,2026-05-30,CUST-3108,Desk Organizer,Office,South,Vikram,3,616.48
ORD-202605-00599,2026-05-12,CUST-1555,Notebook,office,,Rahul,1,186.18
ORD-202605-00600,2026-05-15,CUST-1513,Headphones,Electronics,South,Sneha,1,2678.14
ORD-202605-00601,2026-05-24,CUST-3045,USB Hub,Accessories,East,Priya,5,876.57
ORD-202605-00602,2026-05-20,CUST-3371,Office Chair,Furniture,East,Sneha,6,7194.61
ORD-202605-00603,2026-05-15,CUST-0451,Laptop Stand,Accessories,West,Karan,5,1413.11
ORD-202605-00604,2026-05-18,CUST-2586,Study Table,Furniture,Central,Ananya,5,5399.8
ORD-202605-00605,2026-05-02,CUST-2353,Notebook,Office,West,Sneha,4,204.14
ORD-202605-00606,2026-05-30,CUST-4807,Pen Set,Office,North,Neha,2,308.34
ORD-202605-00607,2026-05-24,CUST-1040,Notebook,Office,East,Neha,6,191.2
ORD-202605-00608,2026-05-04,CUST-2459,Mouse Pad,Accessories,East,Neha,1,406.75
ORD-202605-00609,2026-05-04,CUST-2998,Laptop Stand,Accessories,West,Rahul,2,1350.27
ORD-202605-00610,2026-05-10,CUST-4247,Study Table,Furniture,South,Ananya,1,5601.98
ORD-202605-00611,2026-05-31,CUST-4264,USB Hub,Accessories,North,Neha,5,972.26
ORD-202605-00612,2026-05-24,CUST-0430,Laptop Stand,Accessories,East,Ananya,5,1508.37
ORD-202605-00613,2026-05-30,CUST-3316,Webcam,Electronics,East,Priya,6,1876.1
ORD-202605-00614,2026-05-25,CUST-0662,Pen Set,Office ,West,Neha,2,297.25
ORD-202605-00615,2026-05-24,CUST-4507,Wireless Mouse,Electronics,East,Ananya,4,732.94
ORD-202605-00616,2026-05-04,CUST-0741,USB Hub,Accessories,East,Sneha,4,884.8
ORD-202605-00617,2026-05-05,CUST-2295,Monitor Stand,Furniture,East,Sneha,7,2130.57
ORD-202605-00618,2026-05-18,CUST-4427,Laptop Stand,Accessories,North,Karan,5,1631.34
ORD-202605-00619,2026-05-13,CUST-2922,Wireless Mouse,Electronics,East,Amit,5,747.83
ORD-202605-00620,2026-05-08,CUST-0883,Monitor Stand,Furniture,South,Sneha,3,2077.63
ORD-202605-00621,2026-05-13,CUST-0748,Study Table,Furniture,North,Vikram,6,5509.89
ORD-202605-00622,2026-05-27,CUST-4705,Webcam,Electronics,North,Neha,1,2066.47
ORD-202605-00623,2026-05-03,,Office Chair,Furniture,Central,,7,-100.0
ORD-202605-00624,2026-05-24,CUST-3818,Pen Set,Office,West,Priya,4,282.22
ORD-202605-00625,2026-05-20,CUST-2776,Laptop Stand,Accessories,South,Priya,5,1362.61
ORD-202605-00626,2026-05-18,CUST-1779,Webcam,Electronics,West,Priya,7,1994.44
ORD-202605-00627,2026-05-09,,Office Chair,Furniture,Central,Sneha,2,7306.26
ORD-202605-00628,2026-05-20,CUST-3763,Notebook,Office,West,Ananya,1,215.97
ORD-202605-00629,2026-05-19,CUST-4918,Office Chair,Furniture,East,Ananya,5,6383.72
ORD-202605-00630,2026-05-29,CUST-2405,Desk Organizer,Office,South,Priya,3,656.81
ORD-202605-00631,2026-05-19,CUST-1281,Wireless Mouse,Electronics,East,Sneha,5,748.57
ORD-202605-00632,2026-05-01,CUST-2047,USB Hub,Accessories,Central,Ananya,3,909.98
ORD-202605-00633,2026-05-26,CUST-3568,Study Table,Furniture,Central,Neha,3,5570.72
ORD-202605-00634,2026-05-20,CUST-4385,USB Hub,Accessories,South,Sneha,2,816.45
ORD-202605-00635,2026-05-03,CUST-1475,Webcam,Electronics,Central,Vikram,5,1946.11
ORD-202605-00636,2026-05-03,CUST-0676,Mouse Pad,Accessories,Central,Amit,5,386.19
ORD-202605-00637,2026-05-14,CUST-0083,Monitor Stand,Furniture,South,Neha,5,2133.06
ORD-202605-00638,2026-05-30,CUST-0783,Mouse Pad,Accessories,South,Sneha,3,401.59
ORD-202605-00639,2026-05-03,CUST-4491,Pen Set,Office,Central,Ananya,4,273.55
ORD-202605-00640,2026-05-12,CUST-1127,Mouse Pad,Accessories,South,Priya,3,404.1
ORD-202605-00641,2026-05-25,CUST-2938,Wireless Mouse,Electronics,Central,Priya,5,872.53
ORD-202605-00642,2026-05-09,CUST-3317,Headphones,Electronics,East,Vikram,2,2657.78
ORD-202605-00643,2026-05-11,CUST-1767,Monitor Stand,Furniture,West,Ananya,1,2097.69
ORD-202605-00644,2026-05-01,CUST-1762,Notebook,Office,South,Rahul,3,215.05
ORD-202605-00645,2026-05-25,CUST-0198,Keyboard,Electronics,East,Karan,5,1351.79
ORD-202605-00646,2026-05-01,,Desk Organizer,Office,Central,Rahul,7,558.85
ORD-202605-00647,2026-05-25,CUST-1416,Webcam,Electronics,South,Neha,2,1852.24
ORD-202605-00648,2026-05-31,CUST-0887,Desk Organizer,Office,South,Karan,7,550.56
ORD-202605-00649,2026-05-08,CUST-0919,Monitor Stand,Furniture,East,Amit,2,1996.38
ORD-202605-00650,2026-05-25,CUST-3467,Pen Set,Office,Central ,Rahul,1,284.22
ORD-202605-00651,2026-05-26,CUST-0971,Study Table,Furniture,Central,,2,5732.26
ORD-202605-00652,,CUST-4902,USB Hub,Accessories,Central,,5,823.25
ORD-202605-00653,2026-05-06,CUST-4423,Study Table,Furniture,South,Sneha,3,5033.34
ORD-202605-00654,2026-05-13,CUST-4787,Mouse Pad,Accessories,West,Rahul,4,435.01
ORD-202605-00655,2026-05-30,CUST-1681,Study Table,Furniture,Central,Karan,2,5883.99
ORD-202605-00656,2026-05-10,CUST-3944,Office Chair,Furniture,East,Priya,5,6793.56
ORD-202605-00657,2026-05-18,CUST-4418,Monitor Stand,furniture,East,Karan,4,1801.57
ORD-202605-00658,2026-05-23,CUST-2137,Keyboard,Electronics,Central,Karan,7,1243.2
ORD-202605-00659,2026-05-18,CUST-1144,Mouse Pad,Accessories,West,Karan,4,379.17
ORD-202605-00660,2026-05-22,CUST-0262,Mouse Pad,Accessories,East,Rahul,1,418.46
ORD-202605-00661,2026-05-15,CUST-2855,USB Hub,Accessories,Central,Amit,6,894.03
ORD-202605-00662,2026-05-30,CUST-3304,Mouse Pad,Accessories,West,Amit,4,404.55
ORD-202605-00663,2026-05-05,CUST-3256,Laptop Stand,Accessories,East,Amit,2,1616.08
ORD-202605-00664,2026-05-07,CUST-0018,Pen Set,Office,West,Priya,1,293.99
ORD-202605-00665,2026-05-13,CUST-3970,USB Hub,Accessories,South,Priya,3,810.4
ORD-202605-00666,2026-05-18,CUST-3885,Desk Organizer,Office,South,Karan,3,653.35
ORD-202605-00667,2026-05-23,CUST-0761,Wireless Mouse,Electronics,West,Neha,2,803.99
ORD-202605-00668,2026-05-19,CUST-1513,Headphones,Electronics,North,Vikram,4,2305.13
ORD-202605-00669,2026-05-13,CUST-1776,Study Table,Furniture,North,Karan,5,5869.73
ORD-202605-00670,2026-05-23,CUST-4358,Headphones,Electronics,North,Neha,1,2345.2
ORD-202605-00671,2026-05-12,CUST-0828,Desk Organizer,Office,South,Neha,1,623.57
ORD-202605-00672,2026-05-30,CUST-1513,Keyboard,Electronics,East,Vikram,2,1256.76
ORD-202605-00673,2026-05-23,CUST-1766,Mouse Pad,accessories,North,Neha,7,433.85
ORD-202605-00674,2026-05-29,CUST-3009,Pen Set,Office,South,Priya,5,303.28
ORD-202605-00675,2026-05-27,CUST-3366,Desk Organizer,Office,North,Karan,4,572.67
ORD-202605-00676,2026-05-24,CUST-0072,Notebook,Office,Central,Rahul,2,193.52
ORD-202605-00677,2026-05-15,CUST-0324,Office Chair,Furniture,West,Rahul,5,6956.34
ORD-202605-00678,2026-05-12,CUST-4420,Headphones,Electronics,North,Amit,6,2695.85
ORD-202605-00679,2026-05-17,CUST-2374,Keyboard,Electronics,North,Ananya,2,1281.49
ORD-202605-00680,2026-05-12,CUST-4046,Notebook,Office,Central,Rahul,5,202.32
ORD-202605-00681,2026-05-19,CUST-4131,Notebook,Office,East,Vikram,1,186.4
ORD-202605-00682,2026-05-21,CUST-2828,Office Chair,Furniture,West,Rahul,4,6565.68
ORD-202605-00683,2026-05-12,CUST-4106,Laptop Stand,Accessories,Central,Sneha,5,1386.23
ORD-202605-00684,2026-05-12,CUST-0480,Keyboard,Electronics,Central,Neha,4,1215.96
ORD-202605-00685,2026-05-19,CUST-3225,Webcam,Electronics,East,Karan,7,1838.33
ORD-202605-00686,2026-05-24,CUST-3406,Headphones,Electronics,south,Ananya,3,2408.91
ORD-202605-00687,2026-05-04,CUST-3380,USB Hub,Accessories,East,Neha,1,943.19
ORD-202605-00688,2026-05-29,CUST-4045,Headphones,Electronics,Central,Vikram,4,2568.56
ORD-202605-00689,2026-05-30,CUST-4891,Keyboard,Electronics,West,Rahul,7,1236.68
ORD-202605-00690,2026-05-19,CUST-4348,Pen Set,Office,east,Karan,3,284.46
ORD-202605-00691,2026-05-21,CUST-0016,Keyboard,Electronics,South,Karan,6,1242.51
ORD-202605-00692,2026-05-21,CUST-3149,Study Table,Furniture,South,Rahul,7,5377.09
ORD-202605-00693,2026-05-27,CUST-2296,Pen Set,Office,,Amit,2,300.3
ORD-202605-00694,2026-05-22,CUST-1181,Wireless Mouse,Electronics,East,Priya,1,828.82
ORD-202605-00695,2026-05-24,CUST-1749,Keyboard,Electronics,West,Priya,3,1318.62
ORD-202605-00696,2026-05-20,CUST-4805,Study Table,Furniture,East,Ananya,-1,5293.27
ORD-202605-00697,2026-05-11,CUST-4918,Monitor Stand,Furniture ,East,Rahul,7,-100.0
ORD-202605-00698,2026-05-16,CUST-2749,USB Hub,Accessories,North,Amit,2,965.91
ORD-202605-00699,2026-05-05,CUST-2257,Study Table,Furniture,South,Sneha,7,5576.19
ORD-202605-00700,2026-05-25,CUST-0430,Office Chair,Furniture,West,Amit,6,6448.69
ORD-202605-00701,2026-05-09,CUST-3743,Pen Set,Office,South,Ananya,7,299.65
ORD-202605-00702,2026-05-03,CUST-4792,Office Chair,Furniture,North,Ananya,4,7643.05
ORD-202605-00703,2026-05-23,CUST-4578,Study Table,Furniture,East,Amit,5,5556.78
ORD-202605-00704,2026-05-23,CUST-4609,Pen Set,Office,East,Karan,4,277.07
ORD-202605-00705,2026-05-23,CUST-3511,Webcam,Electronics,South,Rahul,4,2020.04
ORD-202605-00706,2026-05-06,,Webcam,Electronics,East,Amit,3,1818.59
ORD-202605-00707,2026-05-24,CUST-2227,Webcam,Electronics,East,Ananya,2,1851.13
ORD-202605-00708,2026-05-25,CUST-0113,Wireless Mouse,Electronics,North,Rahul,2,874.14
ORD-202605-00709,2026-05-19,CUST-3571,Desk Organizer,Office,West,Karan,3,563.05
ORD-202605-00710,2026-05-20,CUST-0987,Headphones,Electronics,South,Neha,-1,2429.46
ORD-202605-00711,2026-05-04,CUST-3600,Mouse Pad,Accessories,North,Sneha,1,435.82
ORD-202605-00712,2026-05-13,CUST-2767,Laptop Stand,Accessories,West,Neha,5,1618.18
ORD-202605-00713,2026-05-26,CUST-2774,Office Chair,Furniture,Central,Rahul,5,6320.9
ORD-202605-00714,2026-05-14,CUST-0109,Office Chair,Furniture,North,Sneha,4,7385.2
ORD-202605-00715,2026-05-27,CUST-4549,USB Hub,Accessories,North,Karan,7,828.46
ORD-202605-00716,2026-05-07,CUST-4868,Desk Organizer,Office,North,Rahul,5,608.92
ORD-202605-00717,2026-05-10,CUST-4977,Keyboard,Electronics,East,Amit,5,1353.05
ORD-202605-00718,2026-05-11,CUST-0834,Mouse Pad,Accessories,Central,Sneha,-1,398.56
ORD-202605-00719,2026-05-19,CUST-0808,Keyboard,Electronics,North,Priya,4,1428.19
ORD-202605-00720,2026-05-05,CUST-4706,Wireless Mouse,Electronics,West,Rahul,1,799.1
ORD-202605-00721,2026-05-03,CUST-0986,Webcam,Electronics,South,Sneha,5,1760.21
ORD-202605-00722,2026-05-11,CUST-3777,Keyboard,Electronics,Central,Amit,2,1178.55
ORD-202605-00723,2026-05-06,CUST-2090,Webcam,Electronics,West,Neha,1,1963.57
ORD-202605-00724,2026-05-15,CUST-4918,Monitor Stand,Furniture,East,Rahul,5,1964.96
ORD-202605-00725,2026-05-01,CUST-4976,Office Chair,Furniture,Central,Priya,3,7244.85
ORD-202605-00726,2026-05-07,CUST-0339,Desk Organizer,Office,North,Neha,7,616.48
ORD-202605-00727,2026-05-09,CUST-0465,Mouse Pad,Accessories,North,Karan,3,389.87
ORD-202605-00728,2026-05-01,,Study Table,furniture,,Ananya,6,5362.1
ORD-202605-00729,2026-05-15,CUST-4020,Desk Organizer,Office,,Priya,6,596.89
ORD-202605-00730,2026-05-26,CUST-4735,Notebook,Office,North,Ananya,5,197.27
ORD-202605-00731,2026-05-31,CUST-2690,Headphones,Electronics,East,Karan,2,2357.34
ORD-202605-00732,2026-05-25,CUST-0144,Wireless Mouse,Electronics,North,Rahul,4,721.47
ORD-202605-00733,2026-05-26,CUST-2913,Study Table,Furniture,Central,Karan,1,5861.58
ORD-202605-00734,2026-05-29,CUST-1051,Office Chair,Furniture,South,Sneha,1,7469.51
ORD-202605-00735,2026-05-12,CUST-3682,Keyboard,Electronics,west,Rahul,1,1359.91
ORD-202605-00736,2026-05-05,CUST-1040,Monitor Stand,Furniture,East,Amit,7,1955.52
ORD-202605-00737,2026-05-29,CUST-2992,Notebook,Office,East,Amit,1,199.67
ORD-202605-00738,2026-05-05,CUST-2629,Mouse Pad,Accessories,North,Vikram,6,362.32
ORD-202605-00739,2026-05-21,CUST-2290,Laptop Stand,Accessories,Central,Vikram,7,1634.81
ORD-202605-00740,2026-05-07,CUST-4205,Keyboard,Electronics,South,Vikram,2,1251.09
ORD-202605-00741,2026-05-21,CUST-3384,Desk Organizer,Office,North,Neha,2,620.4
ORD-202605-00742,2026-05-03,CUST-3548,Pen Set,Office,East,Rahul,4,295.91
ORD-202605-00743,2026-05-16,CUST-0013,Headphones,Electronics,East,Priya,5,2286.36
ORD-202605-00744,2026-05-20,CUST-1382,Desk Organizer,Office,East,Karan,2,621.95
ORD-202605-00745,2026-05-27,CUST-1806,Notebook,Office,East,Vikram,4,188.72
ORD-202605-00746,2026-05-21,CUST-2544,Office Chair,Furniture,East,Rahul,7,7180.42
ORD-202605-00747,2026-05-18,CUST-1530,Office Chair,Furniture,South,Ananya,4,7475.47
ORD-202605-00748,2026-05-09,CUST-3959,Desk Organizer,Office,Central,Priya,4,581.7
ORD-202605-00749,2026-05-26,CUST-4610,Pen Set,Office,East,Ananya,3,320.65
ORD-202605-00750,2026-05-22,CUST-0627,Monitor Stand,Furniture,,Ananya,6,1945.78
ORD-202605-00751,2026-05-12,CUST-4586,Webcam,Electronics,East,Rahul,7,1849.69
ORD-202605-00752,2026-05-09,CUST-1003,Laptop Stand,Accessories,Central,Vikram,5,1618.6
ORD-202605-00753,2026-05-06,CUST-2621,Study Table,Furniture,West,Vikram,2,5732.54
ORD-202605-00754,2026-05-24,CUST-1427,Desk Organizer,Office,West,Ananya,4,610.46
ORD-202605-00755,2026-05-28,CUST-3057,Desk Organizer,Office,,Neha,2,555.84
ORD-202605-00756,2026-05-10,CUST-2595,Desk Organizer,Office,South,Vikram,7,544.62
ORD-202605-00757,2026-05-06,CUST-2119,Webcam,Electronics,North,Priya,7,1980.43
ORD-202605-00758,2026-05-14,CUST-4878,Laptop Stand,Accessories,East,Amit,1,1474.03
ORD-202605-00759,2026-05-25,CUST-4774,Wireless Mouse,Electronics,South,Sneha,4,730.01
ORD-202605-00760,2026-05-28,CUST-4875,Study Table,Furniture,West,Neha,1,5032.24
ORD-202605-00761,2026-05-31,CUST-2818,Laptop Stand,Accessories,South,Sneha,4,1354.97
ORD-202605-00762,2026-05-24,CUST-4180,Webcam,Electronics,South,Vikram,5,1902.56
ORD-202605-00763,2026-05-19,CUST-1353,Notebook,Office,East,Sneha,6,210.4
ORD-202605-00764,2026-05-05,CUST-1131,Pen Set,Office,East,Sneha,7,313.7
ORD-202605-00765,2026-05-26,CUST-0068,Mouse Pad,Accessories,West,Rahul,7,379.9
ORD-202605-00766,2026-05-12,CUST-4973,USB Hub,Accessories,East,Neha,1,931.45
ORD-202605-00767,2026-05-08,CUST-1280,Webcam,Electronics,Central,Vikram,6,2070.78
ORD-202605-00768,2026-05-09,CUST-3572,Webcam,Electronics,West,Amit,2,2013.61
ORD-202605-00769,2026-05-16,CUST-1578,Study Table,Furniture,North,Ananya,6,5415.74
ORD-202605-00770,2026-05-14,CUST-4959,Keyboard,Electronics,North,Sneha,3,1358.42
ORD-202605-00771,2026-05-31,CUST-4496,Notebook,Office,West,Amit,5,185.63
ORD-202605-00772,2026-05-08,CUST-4861,Wireless Mouse,Electronics,Central,Karan,7,843.63
ORD-202605-00773,2026-05-13,CUST-4652,Mouse Pad,Accessories,South,Neha,7,376.13
ORD-202605-00774,2026-05-02,CUST-1755,Headphones,Electronics,South,Vikram,6,2438.1
ORD-202605-00775,2026-05-07,CUST-3227,Study Table,Furniture,South,Neha,4,5608.17
ORD-202605-00776,2026-05-29,CUST-0158,Desk Organizer,Office,East,,7,606.21
ORD-202605-00777,2026-05-31,CUST-0537,Study Table,Furniture,East,Amit,1,5568.68
ORD-202605-00778,2026-05-30,CUST-3142,Mouse Pad,Accessories,North,Sneha,6,421.63
ORD-202605-00779,2026-05-04,CUST-2405,USB Hub, Accessories,East,Rahul,2,849.93
ORD-202605-00780,2026-05-11,CUST-4721,Desk Organizer,Office,East,Priya,3,643.06
ORD-202605-00781,2026-05-31,CUST-1520,Webcam,Electronics,West,,7,1722.61
ORD-202605-00782,2026-05-17,CUST-0203,Monitor Stand,Furniture,East,,1,1859.39
ORD-202605-00783,2026-05-14,CUST-4004,Notebook,Office,East,Neha,2,217.72
ORD-202605-00784,2026-05-20,CUST-2833,Keyboard,Electronics,West,Priya,5,1366.13
ORD-202605-00785,2026-05-22,CUST-2752,Notebook,Office,South,Amit,7,185.03
ORD-202605-00786,2026-05-07,CUST-0822,Laptop Stand,Accessories,East,Amit,7,1483.5
ORD-202605-00787,2026-05-24,CUST-0611,Office Chair,Furniture,South,Rahul,4,6309.47
ORD-202605-00788,2026-05-26,CUST-2011,Headphones,Electronics,East,Priya,4,2509.58
ORD-202605-00789,2026-05-15,CUST-3504,Pen Set,Office,East,Ananya,3,327.85
ORD-202605-00790,2026-05-08,CUST-3497,Notebook,Office,West,Priya,3,204.84
ORD-202605-00791,2026-05-26,CUST-4203,Keyboard,Electronics,West,Vikram,6,1327.41
ORD-202605-00792,2026-05-11,CUST-0341,Desk Organizer,Office,East,Amit,6,638.37
ORD-202605-00793,2026-05-20,CUST-4939,Keyboard,Electronics,East,Vikram,3,1318.87
ORD-202605-00794,2026-05-05,CUST-4847,Headphones,Electronics,West,Vikram,3,2570.24
ORD-202605-00795,2026-05-30,CUST-1641,Laptop Stand,Accessories,West,Vikram,6,1438.28
ORD-202605-00796,2026-05-05,CUST-0571,Office Chair,Furniture,West,Ananya,6,7088.61
ORD-202605-00797,2026-05-27,CUST-0056,Headphones,Electronics,,Ananya,4,2616.29
ORD-202605-00798,2026-05-19,CUST-1874,Wireless Mouse,Electronics,East,Karan,2,801.44
ORD-202605-00799,2026-05-13,CUST-0698,Keyboard,Electronics,West,Priya,2,1274.68
ORD-202605-00800,2026-05-31,CUST-2169,Pen Set,Office,West,Priya,5,281.7
ORD-202605-00801,2026-05-10,CUST-3129,Notebook,Office,,Amit,5,188.89
ORD-202605-00802,2026-05-03,CUST-0953,Study Table,furniture,South,Neha,4,5959.76
ORD-202605-00803,2026-05-24,CUST-4026,Wireless Mouse,Electronics,South,Amit,4,739.88
ORD-202605-00804,2026-05-05,CUST-0874,Study Table,Furniture,Central,Rahul,4,-100.0
ORD-202605-00805,2026-05-03,CUST-2402,Desk Organizer,Office,North,Neha,6,-100.0
ORD-202605-00806,2026-05-14,CUST-0550,Laptop Stand,Accessories,South,Neha,3,-100.0
ORD-202605-00807,2026-05-25,CUST-3696,Notebook,Office,Central,Priya,5,185.95
ORD-202605-00808,2026-05-18,CUST-3674,Keyboard,Electronics, North,Sneha,5,1223.39
ORD-202605-00809,2026-05-31,CUST-0068,Notebook,Office,North,Ananya,2,200.9
ORD-202605-00810,2026-05-11,CUST-0554,Mouse Pad,Accessories,East,Neha,7,374.34
ORD-202605-00811,2026-05-06,CUST-0438,Study Table,Furniture,East,Ananya,6,5255.55
ORD-202605-00812,2026-05-04,CUST-3663,Mouse Pad,Accessories,North,Neha,3,387.43
ORD-202605-00813,2026-05-02,CUST-0276,Office Chair,Furniture,North,Priya,2,6355.99
ORD-202605-00814,2026-05-28,CUST-1685,Pen Set,Office,West,Karan,1,270.77
ORD-202605-00815,2026-05-10,CUST-3500,Study Table,Furniture,Central,Rahul,4,4956.48
ORD-202605-00816,2026-05-20,CUST-4725,Notebook,Office,West,Vikram,7,214.3
ORD-202605-00817,2026-05-20,CUST-0265,Wireless Mouse,Electronics,South,Vikram,2,865.82
ORD-202605-00818,2026-05-28,CUST-3390,Headphones,Electronics,Central,Neha,1,2534.38
ORD-202605-00819,2026-05-15,CUST-0564,Wireless Mouse,Electronics,Central,Neha,4,725.93
ORD-202605-00820,2026-05-20,CUST-1583,Wireless Mouse,Electronics,South,Priya,1,803.53
ORD-202605-00821,2026-05-07,CUST-1948,Keyboard,Electronics,East,Amit,6,1397.15
ORD-202605-00822,2026-05-14,CUST-3178,Monitor Stand,Furniture,South,Ananya,2,2140.11
ORD-202605-00823,2026-05-06,CUST-0573,Keyboard,Electronics,East,Priya,3,1322.55
ORD-202605-00824,2026-05-15,CUST-0646,USB Hub,Accessories,North,Ananya,6,830.19
ORD-202605-00825,2026-05-10,CUST-0605,Monitor Stand,Furniture,West,Vikram,2,1936.51
ORD-202605-00826,2026-05-19,CUST-1213,Notebook,Office,South,Sneha,1,218.47
ORD-202605-00827,2026-05-31,CUST-0049,USB Hub,Accessories,Central ,Amit,6,957.52
ORD-202605-00828,2026-05-03,CUST-1001,Wireless Mouse,Electronics,North,Vikram,4,833.77
ORD-202605-00829,2026-05-31,CUST-1103,Headphones,Electronics,Central,Vikram,1,2407.39
ORD-202605-00830,2026-05-09,CUST-3188,Headphones,Electronics,Central,Priya,1,2341.99
ORD-202605-00831,2026-05-06,CUST-2893,Pen Set,Office,Central,Ananya,7,294.7
ORD-202605-00832,2026-05-28,CUST-0327,Mouse Pad,Accessories,East,Karan,4,377.77
ORD-202605-00833,2026-05-04,CUST-3973,Pen Set,Office,West,Sneha,2,289.16
ORD-202605-00834,2026-05-31,CUST-2523,USB Hub,Accessories,South,Amit,4,954.89
ORD-202605-00835,2026-05-19,CUST-4921,Notebook,Office,East,Priya,7,185.93
ORD-202605-00836,2026-05-17,CUST-3026,Webcam,Electronics,East,Rahul,3,1804.27
ORD-202605-00837,2026-05-03,CUST-2533,Wireless Mouse,Electronics,South,Sneha,2,759.89
ORD-202605-00838,2026-05-21,CUST-4078,Office Chair,Furniture,West,Vikram,5,7578.47
ORD-202605-00839,2026-05-19,CUST-0331,USB Hub,Accessories,West,Amit,6,827.54
ORD-202605-00840,2026-05-24,CUST-0408,Study Table,Furniture,West,Vikram,3,5454.26
ORD-202605-00841,2026-05-28,CUST-0058,Headphones,Electronics,South,Karan,1,2714.38
ORD-202605-00842,2026-05-29,CUST-4830,Webcam,Electronics,South,Ananya,6,2036.01
ORD-202605-00843,2026-05-24,CUST-3640,USB Hub,Accessories,East,Vikram,6,927.51
ORD-202605-00844,2026-05-01,CUST-3004,Pen Set,Office,West,Vikram,7,310.75
ORD-202605-00845,2026-05-24,CUST-0343,Keyboard,Electronics,East,Sneha,3,1350.96
ORD-202605-00846,2026-05-22,CUST-1224,Headphones,Electronics,Central,Vikram,4,2310.48
ORD-202605-00847,2026-05-29,CUST-3810,Headphones,Electronics,Central,Priya,4,2279.62
ORD-202605-00848,2026-05-18,CUST-0417,Keyboard,Electronics,Central,Vikram,1,1170.75
ORD-202605-00849,2026-05-14,CUST-0785,Laptop Stand,Accessories,East,Neha,5,1495.61
ORD-202605-00850,2026-05-06,CUST-3214,Headphones,Electronics,West,Rahul,3,2599.66
ORD-202605-00851,2026-05-17,CUST-1652,Desk Organizer,Office,West,Sneha,7,596.3
ORD-202605-00852,2026-05-29,CUST-3255,Keyboard, Electronics,North,Sneha,6,1171.32
ORD-202605-00853,2026-05-05,CUST-1632,Wireless Mouse,Electronics,Central,Priya,2,831.4
ORD-202605-00854,2026-05-21,CUST-0647,Mouse Pad,Accessories,South,Rahul,2,390.63
ORD-202605-00855,2026-05-16,CUST-2159,Headphones,Electronics,East ,Neha,1,2650.77
ORD-202605-00856,2026-05-12,CUST-1559,Headphones,Electronics,West,Neha,1,2716.62
ORD-202605-00857,2026-05-11,CUST-2667,Mouse Pad,Accessories,North,Rahul,4,395.79
ORD-202605-00858,2026-05-01,CUST-0493,Webcam,Electronics,North,Sneha,7,1886.17
ORD-202605-00859,2026-05-11,CUST-4463,Keyboard,Electronics,North,Karan,4,1272.59
ORD-202605-00860,2026-05-17,CUST-4338,Headphones,Electronics,Central,Amit,4,2460.46
ORD-202605-00861,2026-05-19,CUST-2842,Study Table,Furniture,East,Neha,3,5630.61
ORD-202605-00862,2026-05-27,CUST-1210,Pen Set,Office,East,Vikram,4,313.23
ORD-202605-00863,2026-05-29,CUST-2743,Laptop Stand,Accessories,Central,Ananya,4,1468.69
ORD-202605-00864,2026-05-27,CUST-2275,Study Table,Furniture,West,Priya,7,5214.3
ORD-202605-00865,2026-05-10,CUST-0623,Notebook,Office,North,Priya,1,183.35
ORD-202605-00866,2026-05-31,CUST-3210,Webcam,Electronics,West,Karan,4,1987.54
ORD-202605-00867,2026-05-13,CUST-4143,Keyboard,Electronics,Central,,5,1276.69
ORD-202605-00868,2026-05-06,CUST-0967,Webcam,Electronics,North,Neha,4,1979.33
ORD-202605-00869,2026-05-01,CUST-3057,Monitor Stand,Furniture,West,Rahul,3,1942.91
ORD-202605-00870,2026-05-26,CUST-3457,Keyboard,Electronics,East,Sneha,3,1339.13
ORD-202605-00871,2026-05-21,CUST-0733,Pen Set,Office,South,Ananya,4,294.94
ORD-202605-00872,2026-05-25,CUST-2633,Monitor Stand, Furniture,North,Neha,5,2173.7
ORD-202605-00873,2026-05-05,CUST-0648,Notebook,Office,North,Amit,3,198.08
ORD-202605-00874,2026-05-25,CUST-3437,Office Chair,Furniture,North,Sneha,5,7240.72
ORD-202605-00875,2026-05-17,CUST-3139,Mouse Pad,Accessories,South,Ananya,6,404.54
ORD-202605-00876,2026-05-12,CUST-3681,Laptop Stand,Accessories,East,Neha,1,1598.11
ORD-202605-00877,2026-05-18,CUST-3928,Headphones,Electronics ,South,Priya,5,2605.86
ORD-202605-00878,2026-05-18,CUST-1198,Wireless Mouse,Electronics,East,Sneha,6,784.44
ORD-202605-00879,2026-05-24,CUST-2096,Notebook,Office,West,Sneha,6,185.35
ORD-202605-00880,2026-05-23,CUST-0043,Mouse Pad,Accessories,South,Rahul,4,393.02
ORD-202605-00881,2026-05-04,CUST-2928,Office Chair,Furniture,East,Amit,3,7575.73
ORD-202605-00882,2026-05-03,CUST-0831,Headphones,Electronics,South,Vikram,3,2624.82
ORD-202605-00883,2026-05-15,CUST-2758,Webcam,Electronics,North,Karan,6,1866.07
ORD-202605-00884,2026-05-19,CUST-2870,Wireless Mouse,Electronics,North,Vikram,7,779.49
ORD-202605-00885,2026-05-29,CUST-3829,Mouse Pad,Accessories,North,Neha,4,363.05
ORD-202605-00886,2026-05-22,CUST-2696,USB Hub, Accessories,Central,Karan,2,863.61
ORD-202605-00887,2026-05-21,CUST-1843,Wireless Mouse,Electronics,North,Ananya,1,822.72
ORD-202605-00888,2026-05-16,CUST-4156,Pen Set,Office,Central,Amit,4,323.0
ORD-202605-00889,2026-05-05,CUST-0316,Headphones,electronics,East,Sneha,4,2583.25
ORD-202605-00890,2026-05-28,CUST-0683,Office Chair,Furniture,South,Ananya,4,6345.48
ORD-202605-00891,2026-05-06,CUST-3550,Pen Set,Office,North,Ananya,6,288.58
ORD-202605-00892,2026-05-26,CUST-0380,Webcam,Electronics,Central,Rahul,5,2004.8
ORD-202605-00893,2026-05-15,CUST-2406,Headphones,Electronics,North,Neha,4,2664.88
ORD-202605-00894,2026-05-28,CUST-3031,Mouse Pad,Accessories,West,Neha,2,366.56
ORD-202605-00895,2026-05-04,CUST-2996,Office Chair,Furniture,Central,Rahul,5,6669.06
ORD-202605-00896,2026-05-25,CUST-3086,Desk Organizer,Office,North,Priya,2,577.82
ORD-202605-00897,2026-05-11,CUST-1551,Webcam,Electronics,East,Amit,7,2047.92
ORD-202605-00898,2026-05-22,CUST-3956,Monitor Stand,Furniture, South,Priya,1,2029.36
ORD-202605-00899,2026-05-13,CUST-1898,Headphones,Electronics,East,Neha,2,2342.46
ORD-202605-00900,2026-05-30,CUST-1533,Study Table,Furniture,South,Ananya,6,5585.34
ORD-202605-00901,2026-05-27,CUST-2438,Headphones,Electronics,West,Karan,7,2612.19
ORD-202605-00902,2026-05-11,CUST-0116,Laptop Stand,Accessories,West,Amit,1,1457.44
ORD-202605-00903,2026-05-12,CUST-0021,Notebook,Office,South,Neha,2,216.56
ORD-202605-00904,2026-05-31,CUST-4553,USB Hub,Accessories,East,Amit,5,958.03
ORD-202605-00905,2026-05-06,CUST-2465,Keyboard,Electronics,,Priya,7,1331.21
ORD-202605-00906,2026-05-09,CUST-1726,Monitor Stand,Furniture,West,Sneha,1,1950.78
ORD-202605-00907,2026-05-30,CUST-2788,USB Hub,Accessories,,Ananya,3,811.1
ORD-202605-00908,2026-05-06,CUST-2606,Notebook,Office,North,Amit,5,181.95
ORD-202605-00909,2026-05-13,CUST-2173,Study Table,Furniture,West,Rahul,5,5834.78
ORD-202605-00910,2026-05-28,CUST-0876,Wireless Mouse,Electronics,North,Priya,2,862.16
ORD-202605-00911,2026-05-06,CUST-1897,Mouse Pad,Accessories,West,Amit,1,368.99
ORD-202605-00912,2026-05-27,CUST-1062,Desk Organizer,Office,West,Neha,5,549.87
ORD-202605-00913,2026-05-30,CUST-0620,Office Chair,Furniture,central,,7,7261.84
ORD-202605-00914,2026-05-08,CUST-4976,Mouse Pad,Accessories,West,Priya,6,403.61
ORD-202605-00915,2026-05-25,CUST-2172,Notebook,Office,East,Amit,7,193.76
ORD-202605-00916,2026-05-12,,Desk Organizer,Office,South,Neha,7,576.2
ORD-202605-00917,2026-05-18,CUST-2988,Headphones,Electronics, Central,Vikram,5,2371.22
ORD-202605-00918,2026-05-05,CUST-4145,Study Table,Furniture,Central,Ananya,6,5168.74
ORD-202605-00919,2026-05-20,CUST-3531,Desk Organizer,Office,South,Amit,2,566.38
ORD-202605-00920,2026-05-07,CUST-3477,Laptop Stand,Accessories,West,Rahul,7,1448.36
ORD-202605-00921,2026-05-22,CUST-4594,Keyboard,Electronics,East,Ananya,5,1301.9
ORD-202605-00922,2026-05-12,CUST-3911,Mouse Pad,Accessories,North,Amit,7,437.18
ORD-202605-00923,2026-05-28,CUST-1443,Mouse Pad,Accessories,East,Sneha,7,361.39
ORD-202605-00924,2026-05-05,CUST-0776,USB Hub,Accessories,West,Priya,2,946.3
ORD-202605-00925,2026-05-14,CUST-3082,Notebook,Office,Central,Karan,6,183.28
ORD-202605-00926,2026-05-05,CUST-2878,USB Hub,Accessories,South,Amit,3,908.03
ORD-202605-00927,2026-05-02,CUST-3998,Notebook,Office,West,Neha,1,186.64
ORD-202605-00928,2026-05-11,CUST-0082,Mouse Pad,Accessories,North,Vikram,3,360.12
ORD-202605-00929,2026-05-30,CUST-4597,Study Table,Furniture,North,Sneha,4,5087.94
ORD-202605-00930,2026-05-25,,Pen Set,Office,Central,Amit,3,282.54
ORD-202605-00931,2026-05-24,CUST-4217,Notebook,Office,Central,Neha,3,190.83
ORD-202605-00932,2026-05-28,CUST-1057,Wireless Mouse,Electronics,North,Neha,6,748.67
ORD-202605-00933,2026-05-06,CUST-2246,Webcam,Electronics,East,Rahul,6,1823.36
ORD-202605-00934,,CUST-0140,Study Table,Furniture,South,Priya,3,5276.54
ORD-202605-00935,2026-05-10,CUST-3865,Laptop Stand,Accessories,East,Neha,5,1621.41
ORD-202605-00936,2026-05-29,CUST-4982,Study Table,Furniture,South,Sneha,7,5791.9
ORD-202605-00937,2026-05-31,CUST-0294,Keyboard,Electronics,West,Vikram,7,1217.55
ORD-202605-00938,2026-05-01,CUST-0357,Headphones,Electronics,West,Karan,4,2572.39
ORD-202605-00939,2026-05-20,CUST-0657,Wireless Mouse,Electronics,North,Priya,6,784.68
ORD-202605-00940,2026-05-10,CUST-1453,Keyboard,Electronics,Central,Karan,3,1289.24
ORD-202605-00941,2026-05-08,CUST-1858,Wireless Mouse, Electronics,West,Sneha,2,772.29
ORD-202605-00942,2026-05-19,CUST-1911,Desk Organizer,Office,South,Ananya,6,617.75
ORD-202605-00943,2026-05-04,CUST-1214,Pen Set,Office,South,Vikram,6,270.6
ORD-202605-00944,2026-05-28,CUST-2317,Monitor Stand,Furniture,West,Sneha,5,1949.54
ORD-202605-00945,2026-05-11,CUST-2803,Keyboard,Electronics,Central,Karan,6,1368.78
ORD-202605-00946,2026-05-28,CUST-1820,Keyboard,Electronics,South,Rahul,3,1427.33
ORD-202605-00947,2026-05-04,CUST-1959,Notebook,Office,West,Rahul,2,184.49
ORD-202605-00948,2026-05-25,CUST-3813,Office Chair,Furniture,Central,Sneha,7,6767.08
ORD-202605-00949,2026-05-02,CUST-3150,Pen Set,Office,North,Amit,6,292.26
ORD-202605-00950,2026-05-14,CUST-1277,Monitor Stand,Furniture,Central,Neha,4,2017.75
ORD-202605-00951,2026-05-07,CUST-3373,Desk Organizer,Office,Central,Amit,3,597.15
ORD-202605-00952,2026-05-28,CUST-0866,Office Chair,Furniture,West,Amit,1,7459.89
ORD-202605-00953,2026-05-10,CUST-3799,Headphones,Electronics,Central,Sneha,1,2568.76
ORD-202605-00954,2026-05-01,CUST-2738,Notebook,Office,South ,Vikram,6,211.58
ORD-202605-00955,2026-05-22,CUST-2133,Laptop Stand,Accessories,West,Karan,3,1563.77
ORD-202605-00956,2026-05-02,CUST-2297,Study Table,Furniture,North,Karan,5,5988.89
ORD-202605-00957,2026-05-23,CUST-0635,Office Chair,Furniture,Central,,7,7330.81
ORD-202605-00958,2026-05-22,CUST-1544,Wireless Mouse,Electronics,South,Ananya,1,735.02
ORD-202605-00959,2026-05-23,CUST-0628,Webcam,Electronics,South,Sneha,2,1971.02
ORD-202605-00960,2026-05-06,CUST-1091,Study Table,Furniture,East,Neha,1,4985.34
ORD-202605-00961,2026-05-22,CUST-1290,Monitor Stand,Furniture,South,Amit,4,1869.75
ORD-202605-00962,2026-05-31,CUST-3366,Desk Organizer,Office,South,Neha,7,651.26
ORD-202605-00963,2026-05-06,CUST-3551,Desk Organizer,Office,North,Neha,2,653.57
ORD-202605-00964,2026-05-17,CUST-4746,USB Hub,Accessories,South,Ananya,1,828.55
ORD-202605-00965,2026-05-11,CUST-0726,Study Table,Furniture,Central,Ananya,5,5385.72
ORD-202605-00966,2026-05-05,CUST-0399,Study Table,Furniture,South,Rahul,4,6036.24
ORD-202605-00967,2026-05-03,CUST-2153,Desk Organizer,Office,Central,Rahul,6,547.92
ORD-202605-00968,2026-05-30,CUST-1041,Desk Organizer,Office,West,Karan,1,648.3
ORD-202605-00969,2026-05-25,CUST-1465,Keyboard,Electronics,,Karan,2,1424.44
ORD-202605-00970,2026-05-10,CUST-4434,Office Chair,Furniture,Central,Neha,6,7534.05
ORD-202605-00971,2026-05-08,CUST-0112,Study Table,Furniture,Central,Karan,3,5848.72
ORD-202605-00972,2026-05-09,CUST-1109,Webcam,Electronics,East,Priya,2,1926.06
ORD-202605-00973,2026-05-09,CUST-1096,Study Table,Furniture,Central,Ananya,7,5952.19
ORD-202605-00974,2026-05-05,CUST-1767,Notebook,Office,West,Amit,5,183.12
ORD-202605-00975,2026-05-18,CUST-3984,Monitor Stand,Furniture,,Priya,7,1844.42
ORD-202605-00976,2026-05-28,CUST-2917,Laptop Stand,Accessories,South,Priya,7,1556.39
ORD-202605-00977,2026-05-23,CUST-2201,Study Table,Furniture,South,Sneha,2,4958.76
ORD-202605-00978,2026-05-24,CUST-0021,Pen Set,Office,North,Vikram,5,307.35
ORD-202605-00979,2026-05-28,CUST-4373,USB Hub,Accessories,North,Priya,5,920.13
ORD-202605-00980,2026-05-25,CUST-0152,Desk Organizer,Office,South,Priya,3,612.41
ORD-202605-00981,2026-05-06,CUST-0588,USB Hub,Accessories,Central,Priya,6,840.11
ORD-202605-00982,2026-05-13,CUST-0983,Pen Set, Office,North,Neha,3,323.83
ORD-202605-00983,2026-05-08,CUST-2073,Mouse Pad,Accessories,West,Amit,1,417.68
ORD-202605-00984,2026-05-20,CUST-4109,Study Table,Furniture,North,Neha,7,5258.15
ORD-202605-00985,2026-05-31,CUST-4177,Notebook,Office,West,Sneha,4,202.92
ORD-202605-00986,2026-05-22,CUST-0217,Keyboard,Electronics,East,Amit,5,1272.3
ORD-202605-00987,2026-05-06,CUST-2914,Pen Set,Office,,Amit,6,314.64
ORD-202605-00988,2026-05-31,CUST-3373,Notebook,Office,North,Neha,7,198.8
ORD-202605-00989,2026-05-19,CUST-2891,Pen Set,Office,North,Sneha,5,286.42
ORD-202605-00990,2026-05-18,CUST-1997,Mouse Pad,Accessories,West,Ananya,1,424.26
ORD-202605-00991,2026-05-07,CUST-1974,Office Chair,Furniture,North,Vikram,3,6856.06
ORD-202605-00992,2026-05-09,CUST-0931,Desk Organizer,Office,West,Ananya,6,658.4
ORD-202605-00993,2026-05-26,CUST-2639,Desk Organizer,Office,Central,Ananya,6,586.08
ORD-202605-00994,2026-05-04,CUST-1135,Mouse Pad,Accessories,North,Amit,2,404.58
ORD-202605-00995,2026-05-07,CUST-4996,Webcam,Electronics,Central,Rahul,2,1860.99
ORD-202605-00996,2026-05-08,CUST-1737,Webcam,Electronics,Central,Neha,3,1912.23
ORD-202605-00997,2026-05-28,CUST-2882,Webcam,Electronics,East,Neha,6,2085.5
ORD-202605-00998,2026-05-01,CUST-2935,Webcam,Electronics,North,Priya,5,1751.61
ORD-202605-00999,2026-05-04,CUST-0740,Desk Organizer,Office,East,Priya,5,636.63
ORD-202605-01000,2026-05-05,CUST-3930,Laptop Stand,Accessories,North,Amit,6,1615.42
ORD-202605-01001,2026-05-05,CUST-1242,Study Table,Furniture,East,Neha,3,5687.03
ORD-202605-01002,2026-05-16,CUST-2711,USB Hub,Accessories,Central,Karan,4,897.52
ORD-202605-01003,2026-05-28,CUST-2416,Office Chair,Furniture,South,Rahul,4,7057.64
ORD-202605-01004,2026-05-01,CUST-1651,Pen Set,Office,South,Karan,1,310.07
ORD-202605-01005,2026-05-29,CUST-0205,Monitor Stand,Furniture,West,Neha,3,2180.06
ORD-202605-01006,2026-05-03,CUST-1575,USB Hub,Accessories,East,Rahul,1,871.22
ORD-202605-01007,2026-05-09,CUST-2523,Keyboard,Electronics,South,Rahul,3,1406.88
ORD-202605-01008,2026-05-02,CUST-3852,Headphones,Electronics,East,Priya,7,2389.12
ORD-202605-01009,2026-05-30,CUST-1821,Keyboard,Electronics,South,Priya,1,1285.64
ORD-202605-01010,2026-05-17,CUST-0169,Keyboard,Electronics,North,Rahul,2,1283.46
ORD-202605-01011,2026-05-23,CUST-4917,Office Chair,Furniture,North,Sneha,4,6542.9
ORD-202605-01012,2026-05-01,CUST-0979,Desk Organizer,Office,North,Ananya,5,561.8
ORD-202605-01013,2026-05-19,CUST-2497,Laptop Stand,Accessories,Central,Vikram,1,1607.3
ORD-202605-01014,2026-05-16,CUST-2931,Keyboard,Electronics,South,Sneha,6,1426.4
ORD-202605-01015,2026-05-12,CUST-0192,Study Table,Furniture,South,Neha,4,5990.5
ORD-202605-01016,2026-05-19,CUST-3113,Webcam,Electronics,East,Vikram,5,1789.6
ORD-202605-01017,2026-05-10,CUST-4595,Notebook,Office,East,Vikram,5,190.56
ORD-202605-01018,2026-05-07,CUST-3360,Headphones,Electronics,West,Sneha,1,-100.0
ORD-202605-01019,2026-05-24,CUST-3859,Pen Set,Office,East,Sneha,3,310.72
ORD-202605-01020,2026-05-29,CUST-0831,Keyboard,Electronics,West,Neha,6,1170.2
ORD-202605-01021,2026-05-26,CUST-2159,Laptop Stand,Accessories,Central,Ananya,4,1552.73
ORD-202605-01022,2026-05-31,CUST-4987,Study Table,Furniture,East,Amit,7,5240.38
ORD-202605-01023,2026-05-14,CUST-2761,Wireless Mouse,Electronics,Central,Vikram,5,834.21
ORD-202605-01024,2026-05-29,CUST-4532,Wireless Mouse,Electronics,North,Vikram,6,748.61
ORD-202605-01025,2026-05-28,CUST-3461,Notebook,Office,Central,Rahul,4,216.24
ORD-202605-01026,2026-05-29,CUST-3286,Webcam,Electronics,West,Rahul,4,1751.32
ORD-202605-01027,2026-05-05,,Laptop Stand,Accessories,Central,Karan,4,1359.97
ORD-202605-01028,2026-05-03,CUST-1395,Headphones,Electronics,East,Karan,2,2307.46
ORD-202605-01029,2026-05-18,CUST-3455,Keyboard,Electronics,South,,5,1232.29
ORD-202605-01030,2026-05-11,CUST-3963,Study Table,Furniture,East,Rahul,5,5697.46
ORD-202605-01031,2026-05-13,CUST-2275,Pen Set,Office,West,Sneha,1,295.38
ORD-202605-01032,2026-05-09,CUST-2644,Study Table,Furniture,West,Neha,5,5455.08
ORD-202605-01033,2026-05-06,CUST-3187,Monitor Stand,Furniture,South,Amit,3,2035.46
ORD-202605-01034,2026-05-07,CUST-3793,Notebook,Office,Central,Neha,2,206.01
ORD-202605-01035,2026-05-28,CUST-2525,Wireless Mouse,Electronics,West,Vikram,5,833.93
ORD-202605-01036,2026-05-19,CUST-1798,Desk Organizer,Office,South,Ananya,5,589.75
ORD-202605-01037,2026-05-21,CUST-0009,Office Chair,Furniture,East,Ananya,2,6475.59
ORD-202605-01038,2026-05-26,CUST-2718,Office Chair,Furniture,West,Sneha,7,6431.18
ORD-202605-01039,2026-05-31,CUST-3462,Desk Organizer,Office,South,Rahul,6,569.95
ORD-202605-01040,2026-05-27,CUST-0388,Laptop Stand,Accessories,West,Priya,3,1400.43
ORD-202605-01041,2026-05-28,CUST-4103,Wireless Mouse,Electronics,North,Amit,1,780.76
ORD-202605-01042,2026-05-07,CUST-2727,Mouse Pad,Accessories,South,Sneha,4,438.25
ORD-202605-01043,2026-05-01,CUST-3244,Desk Organizer,Office,Central,Rahul,7,575.2
ORD-202605-01044,2026-05-12,CUST-0196,Wireless Mouse,Electronics,East,Ananya,6,869.9
ORD-202605-01045,2026-05-14,CUST-3052,Desk Organizer,Office,South,Sneha,3,616.42
ORD-202605-01046,2026-05-25,CUST-1228,Webcam,Electronics,Central,Karan,6,1728.47
ORD-202605-01047,2026-05-05,CUST-4420,Keyboard,Electronics,South,Rahul,6,1365.08
ORD-202605-01048,2026-05-24,CUST-4269,Mouse Pad,Accessories,West,Priya,5,416.3
ORD-202605-01049,2026-05-22,CUST-2239,Monitor Stand,Furniture,West,Amit,2,2080.35
ORD-202605-01050,,CUST-4079,Laptop Stand,Accessories,North,Rahul,4,1390.48
ORD-202605-01051,2026-05-18,CUST-2422,Mouse Pad,Accessories,East,Rahul,2,360.75
ORD-202605-01052,2026-05-03,CUST-2082,Keyboard,Electronics,East,Sneha,5,1383.56
ORD-202605-01053,2026-05-25,CUST-3417,Notebook,Office,East,Sneha,1,208.78
ORD-202605-01054,2026-05-04,CUST-2061,Keyboard,Electronics,South,Neha,6,1320.55
ORD-202605-01055,2026-05-07,CUST-1557,Monitor Stand,Furniture,Central,Priya,4,2103.59
ORD-202605-01056,2026-05-24,CUST-0842,Study Table,Furniture,Central,Priya,7,5583.73
ORD-202605-01057,2026-05-12,CUST-1944,Laptop Stand,Accessories,East,Neha,7,1526.77
ORD-202605-01058,2026-05-23,CUST-4149,Desk Organizer,Office,East,Rahul,4,654.33
ORD-202605-01059,2026-05-25,CUST-0396,Notebook,Office,,Amit,7,184.89
ORD-202605-01060,2026-05-26,CUST-0982,Office Chair,Furniture,North,Sneha,5,6717.61
ORD-202605-01061,2026-05-11,CUST-0388,Headphones,Electronics,,Amit,4,2305.27
ORD-202605-01062,2026-05-30,CUST-0356,Pen Set,Office,West,Priya,3,283.02
ORD-202605-01063,2026-05-10,CUST-3937,Monitor Stand,Furniture,West,Neha,7,2136.75
ORD-202605-01064,2026-05-31,CUST-3262,Headphones,Electronics,Central,Ananya,7,2608.1
ORD-202605-01065,2026-05-24,CUST-4351,Notebook,Office,South,Neha,7,201.8
ORD-202605-01066,2026-05-16,CUST-4528,Desk Organizer,Office,East,Ananya,6,564.43
ORD-202605-01067,2026-05-28,CUST-3468,Desk Organizer,Office,South,Neha,7,596.69
ORD-202605-01068,2026-05-26,CUST-4450,Notebook,Office,North,Neha,6,201.34
ORD-202605-01069,2026-05-19,CUST-3646,Notebook,Office,Central,Sneha,3,184.22
ORD-202605-01070,2026-05-12,CUST-4604,Wireless Mouse,Electronics,Central,Vikram,4,730.95
ORD-202605-01071,2026-05-28,CUST-3665,Notebook,Office,North,Priya,1,186.35
ORD-202605-01072,2026-05-27,CUST-0830,Wireless Mouse,Electronics,South,Vikram,4,845.73
ORD-202605-01073,2026-05-30,CUST-0322,Headphones,Electronics,East,Priya,2,2532.63
ORD-202605-01074,2026-05-23,CUST-4739,Headphones,Electronics,South,Sneha,6,2574.23
ORD-202605-01075,2026-05-22,CUST-3289,Notebook,Office,South,Ananya,7,183.32
ORD-202605-01076,2026-05-18,CUST-0423,Office Chair,Furniture,Central,Karan,1,6738.38
ORD-202605-01077,2026-05-28,CUST-2941,Laptop Stand,Accessories,Central,Priya,4,1420.28
ORD-202605-01078,2026-05-11,CUST-3922,Notebook,Office,West,Karan,4,210.39
ORD-202605-01079,2026-05-09,CUST-3421,USB Hub,Accessories,West,Amit,5,834.59
ORD-202605-01080,2026-05-27,CUST-3295,Notebook,Office,Central,Amit,2,189.78
ORD-202605-01081,2026-05-16,CUST-4649,Keyboard,Electronics,West,Sneha,1,1349.68
ORD-202605-01082,2026-05-24,CUST-1829,Monitor Stand,Furniture,West,Neha,5,2060.92
ORD-202605-01083,2026-05-13,CUST-2822,Laptop Stand,Accessories,North,Neha,2,1611.22
ORD-202605-01084,2026-05-19,CUST-3749,Mouse Pad,Accessories,West,Vikram,4,426.67
ORD-202605-01085,2026-05-07,CUST-1877,Notebook,Office,West,Sneha,6,212.52
ORD-202605-01086,2026-05-18,CUST-1573,USB Hub,Accessories,South,Neha,5,944.6
ORD-202605-01087,2026-05-19,CUST-2564,USB Hub,Accessories,Central,Amit,7,836.12
ORD-202605-01088,2026-05-05,CUST-0001,Mouse Pad,Accessories,North,Neha,1,402.54
ORD-202605-01089,2026-05-09,CUST-0986,Study Table,Furniture,Central,Neha,1,5075.9
ORD-202605-01090,2026-05-17,CUST-1440,Laptop Stand,Accessories,North,Sneha,7,1498.68
ORD-202605-01091,2026-05-27,CUST-1068,USB Hub,Accessories,North,Priya,7,950.0
ORD-202605-01092,2026-05-06,CUST-4174,Headphones,Electronics,South,Ananya,5,2504.36
ORD-202605-01093,2026-05-12,CUST-2079,Desk Organizer,Office,South,Sneha,7,580.5
ORD-202605-01094,2026-05-06,CUST-1524,Wireless Mouse,Electronics,North,Karan,3,878.76
ORD-202605-01095,2026-05-21,CUST-4765,Notebook,Office,West,Amit,7,191.4
ORD-202605-01096,2026-05-13,CUST-1656,Laptop Stand,Accessories,Central,Vikram,6,1404.1
ORD-202605-01097,2026-05-25,CUST-2128,USB Hub,Accessories,West,Vikram,-1,900.75
ORD-202605-01098,2026-05-29,CUST-2235,Keyboard,Electronics,East,Vikram,5,1286.74
ORD-202605-01099,2026-05-19,CUST-4403,USB Hub,Accessories,West,Karan,2,870.56
ORD-202605-01100,2026-05-18,CUST-2475,Keyboard,Electronics,East,Sneha,4,1239.75
ORD-202605-01101,2026-05-26,CUST-3276,Study Table,Furniture,Central,Karan,4,6042.86
ORD-202605-01102,2026-05-20,CUST-0494,Notebook,Office,South,Karan,2,193.64
ORD-202605-01103,2026-05-31,CUST-0162,Study Table,Furniture,North,Sneha,2,5558.17
ORD-202605-01104,2026-05-17,CUST-4238,Headphones,Electronics,West,Priya,3,2292.22
ORD-202605-01105,2026-05-04,CUST-3597,Laptop Stand,Accessories,South,Vikram,5,1488.53
ORD-202605-01106,2026-05-10,CUST-0927,Headphones,Electronics,North,Ananya,1,2500.43
ORD-202605-01107,2026-05-14,CUST-0387,USB Hub, Accessories,West,Neha,4,872.17
ORD-202605-01108,2026-05-06,CUST-1567,Mouse Pad,Accessories,North,Ananya,3,362.14
ORD-202605-01109,2026-05-19,CUST-1672,Keyboard,Electronics,East,Karan,6,1306.38
ORD-202605-01110,2026-05-30,CUST-2044,Wireless Mouse,Electronics,Central,Amit,4,725.99
ORD-202605-01111,2026-05-18,CUST-0780,Wireless Mouse,Electronics,West,Neha,5,754.45
ORD-202605-01112,2026-05-13,CUST-0803,Notebook,Office,North,Vikram,6,216.48
ORD-202605-01113,2026-05-13,CUST-1429,Notebook,Office,East,Amit,7,192.82
ORD-202605-01114,2026-05-16,CUST-4008,USB Hub,Accessories,South,Karan,5,884.68
ORD-202605-01115,2026-05-25,CUST-1998,Wireless Mouse,Electronics,South,Sneha,5,803.08
ORD-202605-01116,2026-05-10,CUST-2560,Webcam,Electronics,North,Priya,2,2041.82
ORD-202605-01117,2026-05-13,CUST-1983,Keyboard,Electronics,East,Karan,1,1236.32
ORD-202605-01118,2026-05-17,CUST-3117,Wireless Mouse,Electronics,North,Rahul,7,871.52
ORD-202605-01119,2026-05-31,CUST-1612,Headphones,Electronics,West,Sneha,3,2621.58
ORD-202605-01120,2026-05-30,CUST-1885,Webcam,Electronics,West,Karan,2,1756.76
ORD-202605-01121,2026-05-04,CUST-4828,Keyboard,Electronics,Central,,4,1365.04
ORD-202605-01122,2026-05-23,CUST-4037,Desk Organizer,Office,Central,Vikram,5,626.0
ORD-202605-01123,2026-05-05,CUST-4137,Monitor Stand,Furniture,West,Ananya,2,2048.45
ORD-202605-01124,2026-05-24,CUST-2261,USB Hub,Accessories,West,Sneha,3,880.52
ORD-202605-01125,2026-05-17,CUST-1116,Webcam,Electronics ,North,Karan,6,2010.56
ORD-202605-01126,2026-05-27,CUST-4862,Pen Set,Office,East,Sneha,1,320.51
ORD-202605-01127,2026-05-07,CUST-3135,USB Hub,Accessories,Central,Karan,4,821.74
ORD-202605-01128,2026-05-29,CUST-4487,Office Chair,Furniture,South,Amit,6,6819.71
ORD-202605-01129,2026-05-29,CUST-4905,Office Chair,Furniture,,Karan,2,7051.94
ORD-202605-01130,,CUST-2707,Office Chair,Furniture,North,Rahul,5,7671.89
ORD-202605-01131,2026-05-11,CUST-0870,Headphones,Electronics,South,Vikram,6,2495.52
ORD-202605-01132,2026-05-23,CUST-4063,Office Chair,Furniture,West,Priya,4,6752.88
ORD-202605-01133,2026-05-26,CUST-0071,Laptop Stand,Accessories,Central,Karan,3,1378.16
ORD-202605-01134,2026-05-30,CUST-0218,Keyboard,Electronics,West,Priya,3,1327.32
ORD-202605-01135,2026-05-11,CUST-2625,Mouse Pad,Accessories,East,Ananya,6,423.28
ORD-202605-01136,2026-05-08,CUST-4069,Desk Organizer,Office,Central,Ananya,6,657.74
ORD-202605-01137,2026-05-14,CUST-2302,Office Chair,Furniture,Central,Amit,6,7196.79
ORD-202605-01138,2026-05-21,CUST-0371,Headphones,Electronics,East,Ananya,6,2555.2
ORD-202605-01139,2026-05-29,CUST-3067,Desk Organizer,Office,North,Ananya,3,606.89
ORD-202605-01140,2026-05-10,,Pen Set,Office,South,Ananya,6,314.57
ORD-202605-01141,2026-05-07,CUST-0090,Monitor Stand,Furniture,East,Vikram,1,2001.54
ORD-202605-01142,2026-05-07,CUST-1929,USB Hub,Accessories,South,Karan,1,858.85
ORD-202605-01143,2026-05-14,CUST-0778,Desk Organizer,Office,North,Rahul,4,581.86
ORD-202605-01144,2026-05-05,CUST-0204,Monitor Stand,Furniture,West,Priya,2,2080.44
ORD-202605-01145,2026-05-26,CUST-1460,Pen Set,Office,North,Ananya,7,318.43
ORD-202605-01146,2026-05-17,CUST-2054,Laptop Stand,Accessories,North,Rahul,1,1534.46
ORD-202605-01147,2026-05-22,CUST-4078,Study Table,Furniture,East,Neha,2,5750.53
ORD-202605-01148,2026-05-22,CUST-2325,Office Chair,Furniture,West,Rahul,3,6300.76
ORD-202605-01149,2026-05-26,CUST-4343,Wireless Mouse,Electronics,East,Vikram,3,872.96
ORD-202605-01150,2026-05-12,CUST-3820,Headphones,Electronics,Central,Amit,1,2342.08
ORD-202605-01151,2026-05-15,CUST-4108,Notebook,Office,Central,Rahul,7,189.58
ORD-202605-01152,2026-05-08,CUST-1083,Wireless Mouse,Electronics,Central,Karan,2,760.49
ORD-202605-01153,2026-05-02,CUST-2587,Headphones,Electronics,Central,Ananya,6,2389.04
ORD-202605-01154,2026-05-17,CUST-0812,Desk Organizer,Office ,East,Karan,5,561.25
ORD-202605-01155,2026-05-22,CUST-4477,USB Hub,Accessories,Central,Priya,2,813.05
ORD-202605-01156,2026-05-11,CUST-3883,Desk Organizer,Office,East,Karan,5,652.67
ORD-202605-01157,2026-05-12,CUST-4929,Mouse Pad,Accessories,North,Sneha,1,392.07
ORD-202605-01158,2026-05-07,CUST-0343,Headphones,Electronics,South,Priya,2,2323.47
ORD-202605-01159,2026-05-04,CUST-0942,Monitor Stand,Furniture,East,Karan,7,1977.74
ORD-202605-01160,2026-05-05,CUST-3099,Headphones,Electronics,South,Rahul,6,2530.25
ORD-202605-01161,2026-05-23,CUST-2078,Laptop Stand,Accessories,South,Priya,3,1574.34
ORD-202605-01162,2026-05-16,CUST-2253,Study Table,Furniture,South,Priya,5,5511.67
ORD-202605-01163,2026-05-01,CUST-3672,Laptop Stand,Accessories,North,Priya,2,1544.54
ORD-202605-01164,2026-05-13,CUST-2978,USB Hub,Accessories,West,Sneha,4,844.27
ORD-202605-01165,2026-05-11,CUST-0743,USB Hub,Accessories,West,Ananya,1,964.15
ORD-202605-01166,2026-05-09,CUST-4255,Notebook,Office,North,Vikram,1,213.21
ORD-202605-01167,2026-05-20,CUST-3313,Desk Organizer,Office,South,Vikram,7,548.79
ORD-202605-01168,2026-05-10,CUST-3766,Keyboard,Electronics,North,Priya,5,1265.58
ORD-202605-01169,2026-05-01,CUST-4093,USB Hub,Accessories,North,Ananya,2,958.84
ORD-202605-01170,2026-05-14,CUST-1223,Keyboard,Electronics,Central,Priya,6,1241.58
ORD-202605-01171,2026-05-03,CUST-1698,Notebook,Office,North,Karan,4,182.98
ORD-202605-01172,2026-05-08,CUST-3808,Desk Organizer,Office,South,Rahul,2,545.42
ORD-202605-01173,2026-05-31,CUST-4213,USB Hub,Accessories,South,Ananya,7,844.42
ORD-202605-01174,2026-05-14,CUST-1219,Laptop Stand,Accessories,East,Ananya,1,1415.4
ORD-202605-01175,2026-05-03,CUST-1140,Laptop Stand,Accessories,West,Neha,6,1572.7
ORD-202605-01176,2026-05-07,CUST-0034,Desk Organizer,Office,North,Vikram,3,540.85
ORD-202605-01177,2026-05-06,CUST-3553,Monitor Stand,Furniture,West,Sneha,7,2021.53
ORD-202605-01178,2026-05-20,CUST-1456,Keyboard,Electronics,South,Karan,5,1408.55
ORD-202605-01179,2026-05-08,CUST-1115,Laptop Stand,Accessories,South,Sneha,5,1631.24
ORD-202605-01180,2026-05-28,CUST-0294,Wireless Mouse,Electronics,East,Vikram,7,815.28
ORD-202605-01181,2026-05-16,CUST-2397,Monitor Stand,Furniture,Central,Vikram,2,1958.48
ORD-202605-01182,2026-05-16,CUST-4577,USB Hub,Accessories,South,Neha,3,867.7
ORD-202605-01183,2026-05-24,CUST-3702,Desk Organizer,Office,West,Neha,3,602.57
ORD-202605-01184,2026-05-28,CUST-0443,USB Hub,Accessories,North,Vikram,6,960.99
ORD-202605-01185,2026-05-23,CUST-0332,Mouse Pad,Accessories,West,Rahul,5,378.09
ORD-202605-01186,2026-05-29,CUST-0035,Monitor Stand,Furniture,East,Karan,6,1871.39
ORD-202605-01187,2026-05-16,CUST-0996,Keyboard,Electronics,East,Neha,3,1216.47
ORD-202605-01188,2026-05-15,CUST-3444,Wireless Mouse,Electronics,North,Ananya,7,798.54
ORD-202605-01189,2026-05-13,CUST-0689,Study Table,Furniture,South,Karan,1,5333.74
ORD-202605-01190,2026-05-05,CUST-3479,Pen Set,Office,North,Neha,5,324.78
ORD-202605-01191,2026-05-21,CUST-0530,Study Table,Furniture,North,Karan,7,5390.88
ORD-202605-01192,2026-05-12,CUST-4238,Office Chair,Furniture,,,7,7233.37
ORD-202605-01193,2026-05-12,CUST-0552,Notebook,Office,South,Ananya,1,212.6
ORD-202605-01194,2026-05-06,CUST-4264,Laptop Stand,Accessories,South,Priya,7,1596.16
ORD-202605-01195,2026-05-31,CUST-1962,Laptop Stand,Accessories,Central,Sneha,6,1404.21
ORD-202605-01196,2026-05-02,CUST-3636,Pen Set,Office,West,Amit,1,312.49
ORD-202605-01197,,CUST-3240,Wireless Mouse,electronics,South,Sneha,7,819.48
ORD-202605-01198,2026-05-04,CUST-1596,Office Chair,Furniture,South,Ananya,4,6938.91
ORD-202605-01199,2026-05-19,CUST-4805,Notebook,Office,East,Neha,3,212.13
ORD-202605-01200,2026-05-22,CUST-3143,Webcam,Electronics,South,Sneha,3,1847.56
ORD-202605-01201,2026-05-09,CUST-0163,USB Hub,Accessories,West,Rahul,1,820.01
ORD-202605-01202,2026-05-25,CUST-3378,Office Chair,Furniture,South,Priya,6,6328.03
ORD-202605-01203,2026-05-31,CUST-1056,Wireless Mouse,Electronics,West,Sneha,7,820.77
ORD-202605-01204,2026-05-20,CUST-2769,Monitor Stand,Furniture,West,Priya,3,1984.1
ORD-202605-01205,2026-05-03,CUST-0812,USB Hub,Accessories,West,Neha,7,946.96
ORD-202605-01206,2026-05-11,CUST-1692,Laptop Stand,Accessories,South,Sneha,7,1617.73
ORD-202605-01207,2026-05-25,CUST-2839,Webcam,Electronics,West,Vikram,3,1948.08
ORD-202605-01208,2026-05-07,CUST-0512,Headphones,Electronics,Central,Vikram,7,2525.8
ORD-202605-01209,2026-05-28,CUST-3221,Laptop Stand,Accessories,South,Priya,6,1403.79
ORD-202605-01210,2026-05-13,CUST-0414,Study Table,Furniture,East,Ananya,3,5569.63
ORD-202605-01211,2026-05-18,CUST-4884,Monitor Stand,Furniture,South,Neha,1,2002.3
ORD-202605-01212,2026-05-09,,Wireless Mouse,Electronics,East,Neha,5,816.17
ORD-202605-01213,2026-05-22,CUST-1032,Headphones,Electronics,North,Neha,4,2493.83
ORD-202605-01214,2026-05-28,CUST-2971,Keyboard,Electronics,North,Sneha,1,1317.69
ORD-202605-01215,2026-05-19,CUST-2936,Desk Organizer,Office,North,Priya,2,629.47
ORD-202605-01216,2026-05-26,CUST-2051,USB Hub,Accessories,West,Vikram,3,969.39
ORD-202605-01217,2026-05-06,CUST-1918,Notebook,Office,North,Priya,7,199.77
ORD-202605-01218,2026-05-04,CUST-1735,Pen Set,Office,West,Amit,5,320.48
ORD-202605-01219,2026-05-29,CUST-2266,Monitor Stand,Furniture,West,Priya,2,2038.53
ORD-202605-01220,2026-05-20,CUST-1148,Monitor Stand,Furniture,Central,Amit,2,1940.85
ORD-202605-01221,2026-05-30,CUST-1999,Study Table,Furniture,Central,Ananya,7,5352.8
ORD-202605-01222,2026-05-15,CUST-2004,Mouse Pad,Accessories,South,Ananya,2,420.05
ORD-202605-01223,2026-05-30,CUST-0043,Webcam,Electronics,South,Sneha,7,1892.52
ORD-202605-01224,2026-05-20,CUST-4222,Office Chair,Furniture, East,Rahul,7,7388.45
ORD-202605-01225,2026-05-12,CUST-0245,Monitor Stand,Furniture,West,Karan,5,2027.71
ORD-202605-01226,2026-05-16,CUST-3401,Webcam,Electronics,East,Priya,5,1725.62
ORD-202605-01227,2026-05-09,CUST-0970,Laptop Stand,Accessories,South,Rahul,7,1494.34
ORD-202605-01228,2026-05-07,CUST-0247,Pen Set,Office,East,Rahul,4,298.68
ORD-202605-01229,2026-05-06,CUST-4186,Pen Set,Office,East ,Sneha,4,311.53
ORD-202605-01230,2026-05-13,CUST-3576,Webcam,Electronics,North,Sneha,6,2010.58
ORD-202605-01231,2026-05-25,CUST-1599,Wireless Mouse,Electronics,North,,2,738.13
ORD-202605-01232,2026-05-30,CUST-2878,Study Table,Furniture,Central,Rahul,4,5629.2
ORD-202605-01233,2026-05-29,CUST-4810,Desk Organizer,Office,East,Vikram,6,622.86
ORD-202605-01234,2026-05-23,CUST-2670,Laptop Stand,Accessories,East,Karan,5,1600.47
ORD-202605-01235,2026-05-03,CUST-3223,Keyboard,Electronics,North,Karan,3,1298.3
ORD-202605-01236,2026-05-02,CUST-1692,Desk Organizer,Office,Central,Rahul,3,543.96
ORD-202605-01237,2026-05-27,CUST-0669,Keyboard,Electronics,North,Amit,5,1189.29
ORD-202605-01238,2026-05-19,CUST-4985,USB Hub,Accessories,West,Amit,3,886.19
ORD-202605-01239,2026-05-12,CUST-4768,Laptop Stand,Accessories,Central,Ananya,3,1565.88
ORD-202605-01240,2026-05-07,CUST-1466,Notebook,Office,North,Rahul,2,216.81
ORD-202605-01241,2026-05-27,CUST-1685,Pen Set,Office,Central,Sneha,1,291.5
ORD-202605-01242,2026-05-22,CUST-4583,Pen Set,Office,West,Rahul,5,307.36
ORD-202605-01243,2026-05-19,CUST-3735,Study Table,Furniture,South,Karan,3,5738.6
ORD-202605-01244,2026-05-10,CUST-0389,Webcam,Electronics,North,Sneha,5,1736.69
ORD-202605-01245,2026-05-23,CUST-2496,Laptop Stand,Accessories,South,Rahul,7,1505.52
ORD-202605-01246,2026-05-28,CUST-0891,Webcam,Electronics,South,Priya,2,1738.86
ORD-202605-01247,2026-05-28,CUST-1712,Pen Set,Office,Central,Karan,6,297.11
ORD-202605-01248,2026-05-06,CUST-2704,Webcam,Electronics,East,Rahul,6,2041.99
ORD-202605-01249,2026-05-11,CUST-4513,Desk Organizer,Office,,Amit,2,634.82
ORD-202605-01250,2026-05-26,CUST-0788,USB Hub,Accessories,North,Vikram,2,932.51
ORD-202605-01251,2026-05-07,CUST-3174,Pen Set,Office,South,Vikram,3,323.29
ORD-202605-01252,2026-05-03,CUST-4427,Wireless Mouse,Electronics,Central,Priya,5,767.18
ORD-202605-01253,2026-05-08,CUST-2984,Notebook,Office,west,Amit,5,197.18
ORD-202605-01254,2026-05-14,CUST-2823,Monitor Stand,Furniture, North,Neha,1,1912.57
ORD-202605-01255,2026-05-09,CUST-3779,Office Chair,Furniture,East,Rahul,1,6765.8
ORD-202605-01256,2026-05-20,CUST-3264,Webcam,Electronics,Central,Priya,7,1959.6
ORD-202605-01257,2026-05-11,CUST-0178,USB Hub,Accessories,West,Sneha,2,930.81
ORD-202605-01258,2026-05-16,CUST-3229,USB Hub,Accessories,North,Vikram,1,831.33
ORD-202605-01259,2026-05-31,CUST-1321,Keyboard,Electronics,North,Rahul,2,1391.19
ORD-202605-01260,2026-05-10,CUST-2975,Webcam,Electronics,East,Rahul,1,1805.11
ORD-202605-01261,2026-05-15,CUST-0831,Keyboard,Electronics,North,Rahul,4,1231.6
ORD-202605-01262,2026-05-08,CUST-2946,USB Hub,Accessories,South,Vikram,1,872.75
ORD-202605-01263,2026-05-10,CUST-3714,Desk Organizer,Office,East,Rahul,1,585.09
ORD-202605-01264,2026-05-31,CUST-4724,Study Table,Furniture,West,Priya,4,5670.3
ORD-202605-01265,2026-05-20,CUST-2615,Notebook,Office,East,Ananya,5,206.56
ORD-202605-01266,2026-05-12,CUST-2849,Desk Organizer,Office,Central,Karan,4,620.77
ORD-202605-01267,2026-05-10,CUST-4314,Study Table,Furniture,Central,Rahul,2,5537.05
ORD-202605-01268,2026-05-17,CUST-2613,Mouse Pad,Accessories,East,Vikram,2,377.87
ORD-202605-01269,2026-05-09,CUST-2509,Notebook,Office,North,Neha,4,188.84
ORD-202605-01270,2026-05-30,CUST-0553,Pen Set,Office,East,Amit,6,325.85
ORD-202605-01271,2026-05-22,CUST-3896,Keyboard,Electronics,South,Karan,4,1213.89
ORD-202605-01272,2026-05-06,CUST-2597,Mouse Pad,Accessories,Central,Neha,1,395.29
ORD-202605-01273,2026-05-19,CUST-1229,Mouse Pad,Accessories,East,Neha,3,424.2
ORD-202605-01274,2026-05-17,CUST-2880,Headphones,Electronics,South,Sneha,7,2510.12
ORD-202605-01275,2026-05-17,CUST-2068,Mouse Pad,Accessories,Central,Rahul,7,435.5
ORD-202605-01276,2026-05-26,CUST-1785,Webcam,Electronics,West,Neha,4,2077.15
ORD-202605-01277,2026-05-09,CUST-2478,Pen Set,Office,West,Rahul,7,319.4
ORD-202605-01278,2026-05-20,CUST-2902,Mouse Pad,Accessories,North,Karan,4,391.55
ORD-202605-01279,2026-05-08,CUST-3982,Laptop Stand,Accessories,West,Neha,6,1605.25
ORD-202605-01280,2026-05-11,CUST-3983,Desk Organizer,Office,North,Rahul,6,621.99
ORD-202605-01281,2026-05-17,CUST-1782,Desk Organizer,Office,West,Priya,4,645.23
ORD-202605-01282,2026-05-27,CUST-3720,Wireless Mouse,Electronics,West,Amit,6,759.79
ORD-202605-01283,2026-05-16,,Pen Set,Office,East,Vikram,7,274.91
ORD-202605-01284,2026-05-24,CUST-4389,Laptop Stand,Accessories,East,Karan,6,1514.41
ORD-202605-01285,2026-05-29,CUST-1151,Wireless Mouse,Electronics,West,Karan,4,793.2
ORD-202605-01286,2026-05-10,CUST-3180,Keyboard,Electronics,South,Amit,3,1322.07
ORD-202605-01287,2026-05-01,CUST-2961,Webcam,Electronics,North,Vikram,2,2040.78
ORD-202605-01288,2026-05-03,CUST-0433,Pen Set,Office,South,Sneha,6,319.09
ORD-202605-01289,2026-05-16,CUST-4152,USB Hub,Accessories,West,Priya,5,822.85
ORD-202605-01290,2026-05-20,CUST-3000,Headphones,Electronics,North,Sneha,1,2325.24
ORD-202605-01291,2026-05-25,CUST-4804,Study Table,Furniture,East,Karan,5,5704.19
ORD-202605-01292,2026-05-30,CUST-0926,Laptop Stand,Accessories,North,Karan,5,1511.14
ORD-202605-01293,2026-05-12,CUST-1231,Monitor Stand,Furniture, Central,Neha,5,1868.67
ORD-202605-01294,2026-05-31,CUST-2259,USB Hub,Accessories,,Priya,3,813.12
ORD-202605-01295,2026-05-20,CUST-4469,Notebook,Office,East,Amit,6,190.75
ORD-202605-01296,2026-05-27,CUST-4490,USB Hub,Accessories,Central,Karan,1,854.61
ORD-202605-01297,2026-05-30,CUST-4051,Laptop Stand,Accessories,East,Sneha,2,1383.79
ORD-202605-01298,2026-05-14,CUST-0413,Notebook,Office,,Sneha,6,218.38
ORD-202605-01299,2026-05-28,CUST-4696,Notebook,Office,Central,Priya,6,216.08
ORD-202605-01300,2026-05-19,CUST-3823,Keyboard,Electronics,South,Amit,7,1214.96
ORD-202605-01301,,CUST-1505,Monitor Stand,Furniture,East,Neha,7,2070.03
ORD-202605-01302,2026-05-20,CUST-1752,Office Chair,Furniture,South,Karan,1,7384.62
ORD-202605-01303,2026-05-01,CUST-4657,USB Hub,Accessories,East,Ananya,2,900.22
ORD-202605-01304,2026-05-03,CUST-3750,Notebook,Office,West,Sneha,2,199.33
ORD-202605-01305,2026-05-03,CUST-2072,Notebook,Office,Central,Amit,4,190.41
ORD-202605-01306,2026-05-16,CUST-0932,Mouse Pad,Accessories,Central,Amit,1,415.77
ORD-202605-01307,2026-05-01,CUST-1945,USB Hub,Accessories,North,Priya,7,810.28
ORD-202605-01308,2026-05-05,CUST-0498,Webcam,Electronics,north,Vikram,7,1913.71
ORD-202605-01309,2026-05-17,CUST-2891,Headphones,Electronics,West,Sneha,6,2451.78
ORD-202605-01310,2026-05-28,CUST-3924,Wireless Mouse,Electronics,South,Karan,1,853.8
ORD-202605-01311,2026-05-29,CUST-1653,Keyboard,Electronics,Central,Rahul,4,1388.74
ORD-202605-01312,2026-05-23,CUST-3182,Notebook, Office,West,Amit,5,201.99
ORD-202605-01313,2026-05-18,CUST-4310,Mouse Pad,Accessories,South,Ananya,3,382.61
ORD-202605-01314,2026-05-03,CUST-4709,Mouse Pad,Accessories,Central,Rahul,1,406.65
ORD-202605-01315,2026-05-21,CUST-0623,Desk Organizer,Office,South,Karan,3,609.26
ORD-202605-01316,2026-05-05,CUST-1874,USB Hub,Accessories,West,Sneha,5,910.29
ORD-202605-01317,2026-05-27,CUST-0362,Laptop Stand,Accessories,West,Rahul,3,1491.49
ORD-202605-01318,2026-05-21,CUST-2306,Notebook,Office,East,Priya,7,185.13
ORD-202605-01319,2026-05-11,CUST-3434,Mouse Pad,Accessories,East,Sneha,6,404.93
ORD-202605-01320,2026-05-28,CUST-3322,Desk Organizer,Office,North,Priya,2,583.03
ORD-202605-01321,2026-05-17,CUST-2396,Monitor Stand,Furniture,East,Priya,7,1998.7
ORD-202605-01322,2026-05-18,CUST-0796,Notebook,Office,Central,Sneha,5,209.6
ORD-202605-01323,2026-05-04,CUST-4768,Wireless Mouse,Electronics,East,Ananya,3,819.9
ORD-202605-01324,2026-05-27,,USB Hub,Accessories,South,Priya,5,963.18
ORD-202605-01325,2026-05-01,CUST-4407,Headphones,Electronics,South,Priya,7,2403.87
ORD-202605-01326,2026-05-11,CUST-4035,Monitor Stand,Furniture,West,Ananya,3,1947.84
ORD-202605-01327,2026-05-09,CUST-4867,Mouse Pad,Accessories,East,Ananya,2,389.21
ORD-202605-01328,2026-05-07,CUST-2394,Notebook,Office,West,Karan,7,183.91
ORD-202605-01329,2026-05-16,CUST-0562,Mouse Pad,Accessories,North,Rahul,5,369.87
ORD-202605-01330,2026-05-30,CUST-4758,Webcam,Electronics,Central,Amit,5,2038.26
ORD-202605-01331,2026-05-20,CUST-0176,Headphones,Electronics,East,Amit,7,2713.88
ORD-202605-01332,2026-05-05,CUST-0539,Headphones,Electronics,South,Vikram,2,2317.73
ORD-202605-01333,2026-05-02,CUST-2224,Mouse Pad,Accessories,West,Amit,6,365.12
ORD-202605-01334,2026-05-10,CUST-0941,Mouse Pad,Accessories,South,Amit,1,381.2
ORD-202605-01335,2026-05-11,CUST-0631,Laptop Stand,Accessories,Central,Rahul,2,1589.42
ORD-202605-01336,2026-05-12,CUST-0268,Keyboard,Electronics,East,Sneha,6,1353.52
ORD-202605-01337,2026-05-07,CUST-3473,Wireless Mouse,Electronics,South,Ananya,3,876.35
ORD-202605-01338,2026-05-16,CUST-4712,Wireless Mouse,Electronics,South,Priya,1,877.73
ORD-202605-01339,2026-05-25,CUST-4232,Wireless Mouse,Electronics,East,Sneha,3,769.2
ORD-202605-01340,2026-05-10,CUST-4110,Notebook,Office,Central,Karan,7,189.02
ORD-202605-01341,2026-05-29,CUST-2401,Webcam,Electronics,North,Karan,4,1753.92
ORD-202605-01342,2026-05-08,CUST-4875,USB Hub,Accessories,South,Amit,1,901.85
ORD-202605-01343,2026-05-05,CUST-0566,Laptop Stand,Accessories,West,Rahul,5,1595.83
ORD-202605-01344,2026-05-08,CUST-4697,Office Chair,Furniture,West,Neha,7,7320.93
ORD-202605-01345,2026-05-14,CUST-4872,Keyboard,Electronics,Central,Rahul,5,1224.67
ORD-202605-01346,2026-05-14,CUST-1057,Wireless Mouse,Electronics,North,Sneha,2,783.56
ORD-202605-01347,2026-05-11,CUST-0675,Notebook,Office,East,Vikram,3,210.76
ORD-202605-01348,2026-05-30,CUST-4426,Desk Organizer,Office,East,Sneha,6,580.57
ORD-202605-01349,2026-05-13,CUST-3480,Laptop Stand,Accessories,East,Priya,2,1443.17
ORD-202605-01350,2026-05-31,CUST-3751,Desk Organizer,Office,North,,7,632.11
ORD-202605-01351,2026-05-25,CUST-2970,Wireless Mouse,Electronics,East,Karan,2,787.96
ORD-202605-01352,2026-05-17,CUST-1512,Office Chair,Furniture,Central,Sneha,2,-100.0
ORD-202605-01353,2026-05-16,CUST-1627,USB Hub,Accessories,East,Amit,7,963.35
ORD-202605-01354,2026-05-05,CUST-2476,Office Chair,Furniture,East,Rahul,6,7571.97
ORD-202605-01355,2026-05-07,CUST-4662,Office Chair,Furniture,Central,Vikram,-1,7435.14
ORD-202605-01356,2026-05-25,CUST-2721,Monitor Stand,Furniture,East,Ananya,6,2000.13
ORD-202605-01357,2026-05-20,CUST-1661,Mouse Pad,Accessories,North,Ananya,1,421.67
ORD-202605-01358,2026-05-11,CUST-1343,Keyboard,Electronics,East,Rahul,6,1360.85
ORD-202605-01359,2026-05-12,CUST-0969,Pen Set,Office,West,Amit,7,296.04
ORD-202605-01360,2026-05-04,CUST-1523,Laptop Stand,Accessories,North,Sneha,3,1453.67
ORD-202605-01361,2026-05-19,CUST-4489,Desk Organizer,Office,Central,Rahul,2,653.17
ORD-202605-01362,2026-05-27,CUST-3958,Monitor Stand,Furniture,North,Amit,6,1974.87
ORD-202605-01363,2026-05-29,CUST-3967,Wireless Mouse,Electronics,East,Priya,5,741.04
ORD-202605-01364,2026-05-01,CUST-1751,Office Chair,Furniture,West,Ananya,7,6480.66
ORD-202605-01365,2026-05-19,CUST-3532,Wireless Mouse,Electronics,East,Karan,1,779.92
ORD-202605-01366,2026-05-02,CUST-1927,Office Chair,Furniture,South,Rahul,1,6878.99
ORD-202605-01367,2026-05-17,CUST-3144,Monitor Stand,Furniture,North,Ananya,1,1851.66
ORD-202605-01368,2026-05-12,CUST-4706,Notebook,Office,South,Rahul,6,196.93
ORD-202605-01369,2026-05-20,CUST-0190,Wireless Mouse,Electronics,South,Amit,1,753.76
ORD-202605-01370,2026-05-07,CUST-4293,Monitor Stand,Furniture,Central,Ananya,1,2163.34
ORD-202605-01371,2026-05-06,CUST-0341,Headphones,Electronics,,Amit,2,2561.99
ORD-202605-01372,2026-05-22,CUST-0789,USB Hub,Accessories,North,,2,884.79
ORD-202605-01373,2026-05-11,CUST-2487,Study Table,Furniture,West,Ananya,5,5724.13
ORD-202605-01374,2026-05-31,CUST-0670,Laptop Stand,Accessories,South ,Neha,3,1622.64
ORD-202605-01375,2026-05-25,CUST-4612,Keyboard,Electronics,East,Karan,2,1179.46
ORD-202605-01376,2026-05-15,CUST-1339,Monitor Stand,Furniture,East,Amit,7,2074.07
ORD-202605-01377,2026-05-16,CUST-0333,Study Table,Furniture,South,Vikram,5,5338.83
ORD-202605-01378,2026-05-29,CUST-3434,Laptop Stand,Accessories,North,Sneha,6,1534.04
ORD-202605-01379,2026-05-04,CUST-2239,Webcam,Electronics,West,Rahul,5,1934.69
ORD-202605-01380,2026-05-22,CUST-1739,Study Table,Furniture,East,Vikram,7,5044.2
ORD-202605-01381,2026-05-23,CUST-3453,Monitor Stand,Furniture,,Sneha,7,2065.7
ORD-202605-01382,2026-05-05,CUST-2259,USB Hub,Accessories,west,Priya,3,841.47
ORD-202605-01383,2026-05-26,CUST-2635,Webcam,Electronics,East,Neha,3,2017.24
ORD-202605-01384,2026-05-28,CUST-0042,Desk Organizer,Office,West,Sneha,6,563.16
ORD-202605-01385,2026-05-13,CUST-0161,Notebook,Office,Central,Karan,4,193.24
ORD-202605-01386,2026-05-25,CUST-2203,Mouse Pad,Accessories,East,,5,424.49
ORD-202605-01387,2026-05-02,CUST-0159,Keyboard,Electronics,South,Ananya,5,1233.13
ORD-202605-01388,2026-05-10,CUST-1383,Notebook,Office,Central,Ananya,1,203.29
ORD-202605-01389,2026-05-23,CUST-3011,Wireless Mouse,Electronics,East,Ananya,3,722.19
ORD-202605-01390,2026-05-17,CUST-1748,Study Table,Furniture,North,Priya,1,5035.02
ORD-202605-01391,2026-05-22,CUST-2374,Webcam,Electronics,South,Ananya,5,2054.55
ORD-202605-01392,2026-05-06,CUST-0274,Desk Organizer,Office,Central,Ananya,1,545.28
ORD-202605-01393,2026-05-16,CUST-2469,Keyboard,Electronics,Central,Ananya,7,1233.84
ORD-202605-01394,2026-05-03,CUST-2479,Office Chair,Furniture,South,Sneha,4,7474.84
ORD-202605-01395,2026-05-17,CUST-1167,USB Hub,Accessories,South,Karan,4,911.88
ORD-202605-01396,2026-05-09,CUST-3084,USB Hub,Accessories,East,Priya,5,857.25
ORD-202605-01397,2026-05-01,CUST-1779,Keyboard,Electronics,South,Neha,4,1232.1
ORD-202605-01398,2026-05-23,CUST-2031,Keyboard,Electronics,North ,Amit,1,1238.28
ORD-202605-01399,2026-05-17,CUST-2525,Office Chair,Furniture,South,Rahul,6,6749.75
ORD-202605-01400,2026-05-01,CUST-0426,Study Table,Furniture,South,Karan,2,5297.13
ORD-202605-01401,2026-05-25,CUST-4462,Notebook,Office,West,Neha,5,197.61
ORD-202605-01402,2026-05-15,CUST-1963,Monitor Stand,Furniture,East,Vikram,6,1957.5
ORD-202605-01403,2026-05-06,CUST-1395,Laptop Stand,Accessories,North,Karan,1,1583.45
ORD-202605-01404,2026-05-18,CUST-1480,Webcam,Electronics,South,Ananya,1,2026.89
ORD-202605-01405,2026-05-03,CUST-1420,Office Chair,Furniture,east,Neha,1,7038.68
ORD-202605-01406,2026-05-16,CUST-1974,Study Table,Furniture,South,Vikram,5,4981.11
ORD-202605-01407,2026-05-08,CUST-3022,Wireless Mouse,Electronics,North,Ananya,7,811.9
ORD-202605-01408,2026-05-23,CUST-3844,Notebook,Office,North,Vikram,4,193.34
ORD-202605-01409,2026-05-19,CUST-2727,Office Chair,Furniture,South,Ananya,6,6587.16
ORD-202605-01410,2026-05-07,CUST-4789,Laptop Stand,Accessories,North,Karan,1,1500.79
ORD-202605-01411,2026-05-12,CUST-1730,USB Hub,Accessories,East,Rahul,2,988.59
ORD-202605-01412,2026-05-31,CUST-3055,Wireless Mouse,Electronics,East,Neha,6,767.33
ORD-202605-01413,2026-05-19,CUST-1001,Webcam,Electronics,,Karan,7,1750.28
ORD-202605-01414,2026-05-16,CUST-1978,Office Chair,Furniture,Central,Vikram,6,6455.25
ORD-202605-01415,2026-05-02,CUST-3338,Monitor Stand,Furniture,Central ,Ananya,1,1927.75
ORD-202605-01416,2026-05-24,CUST-2473,Monitor Stand,Furniture,West,Rahul,4,2027.28
ORD-202605-01417,2026-05-02,CUST-0678,Mouse Pad,Accessories,Central,Vikram,6,369.51
ORD-202605-01418,2026-05-29,CUST-4311,Headphones,Electronics,North,Karan,4,2625.96
ORD-202605-01419,2026-05-24,CUST-2034,Monitor Stand,Furniture,North,Rahul,2,2174.76
ORD-202605-01420,,CUST-4258,Wireless Mouse,Electronics,West,Vikram,1,877.61
ORD-202605-01421,2026-05-08,CUST-3278,Desk Organizer,Office,East,Sneha,5,604.99
ORD-202605-01422,2026-05-31,,Laptop Stand,Accessories,North,Karan,7,1379.02
ORD-202605-01423,2026-05-02,CUST-3864,Webcam,Electronics,Central,Amit,1,2025.65
ORD-202605-01424,2026-05-21,CUST-4654,Study Table,Furniture,West,Amit,7,5905.77
ORD-202605-01425,2026-05-09,CUST-2464,Study Table,Furniture,North,Priya,6,5266.01
ORD-202605-01426,2026-05-09,,Study Table,Furniture,North,Rahul,7,5595.96
ORD-202605-01427,2026-05-05,CUST-0556,Desk Organizer,Office,North,Neha,3,576.07
ORD-202605-01428,2026-05-16,CUST-1928,USB Hub,Accessories,South,Karan,6,932.52
ORD-202605-01429,2026-05-11,CUST-4993,Mouse Pad,Accessories,East,Priya,2,419.79
ORD-202605-01430,2026-05-10,,Office Chair,Furniture,East,Priya,5,6775.49
ORD-202605-01431,2026-05-05,CUST-4441,Monitor Stand,Furniture,Central,Neha,1,1807.26
ORD-202605-01432,2026-05-24,CUST-2300,Webcam,Electronics,North,Priya,7,1860.41
ORD-202605-01433,2026-05-28,CUST-4561,Notebook,Office,North,Vikram,4,187.79
ORD-202605-01434,2026-05-25,CUST-2717,Notebook,Office,West,Sneha,7,195.78
ORD-202605-01435,2026-05-19,CUST-4098,Keyboard,Electronics ,South,Ananya,6,1424.34
ORD-202605-01436,2026-05-13,CUST-2759,Pen Set,Office,South,Ananya,7,271.09
ORD-202605-01437,2026-05-03,CUST-1141,Headphones,Electronics,South,Neha,5,2415.1
ORD-202605-01438,2026-05-22,CUST-4172,Keyboard,Electronics,South,Neha,1,1298.61
ORD-202605-01439,2026-05-03,CUST-1877,Notebook,Office,East,Vikram,7,198.18
ORD-202605-01440,2026-05-07,CUST-4139,Headphones,Electronics,West,Vikram,6,2353.76
ORD-202605-01441,2026-05-05,CUST-1391,Study Table,Furniture,North,Vikram,3,5798.54
ORD-202605-01442,2026-05-10,CUST-2167,Keyboard,Electronics,South,Karan,3,1245.33
ORD-202605-01443,2026-05-26,CUST-0906,Monitor Stand,Furniture,North,Ananya,6,1866.66
ORD-202605-01444,2026-05-20,,Monitor Stand,Furniture,North,Rahul,6,2141.47
ORD-202605-01445,2026-05-19,CUST-2138,Monitor Stand,Furniture,East,Amit,2,2119.43
ORD-202605-01446,2026-05-08,CUST-2736,USB Hub,Accessories,North,Priya,1,910.98
ORD-202605-01447,2026-05-03,CUST-2753,Mouse Pad,Accessories,Central,Rahul,5,376.95
ORD-202605-01448,2026-05-21,CUST-3442,Laptop Stand,Accessories,,Vikram,4,1632.78
ORD-202605-01449,2026-05-18,CUST-3123,Monitor Stand,Furniture,,Rahul,5,1910.92
ORD-202605-01450,2026-05-05,CUST-2592,Laptop Stand,Accessories,West,Priya,7,1493.96
ORD-202605-01451,2026-05-14,CUST-4172,Notebook,Office,West,Karan,5,214.94
ORD-202605-01452,2026-05-21,CUST-3911,Monitor Stand,Furniture,East,Rahul,5,2102.73
ORD-202605-01453,2026-05-06,CUST-4281,Keyboard,Electronics,East,Priya,1,1293.89
ORD-202605-01454,2026-05-09,CUST-1710,Wireless Mouse,Electronics,Central,Sneha,1,791.46
ORD-202605-01455,2026-05-09,CUST-1978,Laptop Stand,Accessories,East,Amit,7,1436.46
ORD-202605-01456,2026-05-14,CUST-3083,Monitor Stand,Furniture,Central,Amit,7,2116.03
ORD-202605-01457,2026-05-09,CUST-0075,Keyboard,Electronics,North,Rahul,6,1415.03
ORD-202605-01458,2026-05-18,CUST-4739,Notebook,Office,East,Vikram,2,213.42
ORD-202605-01459,2026-05-31,CUST-0988,Pen Set,Office,North,Ananya,6,296.07
ORD-202605-01460,2026-05-04,CUST-1875,Mouse Pad,Accessories,West,Neha,7,436.05
ORD-202605-01461,2026-05-06,CUST-1644,Laptop Stand,Accessories,West,Ananya,1,1353.1
ORD-202605-01462,,CUST-0682,Laptop Stand,Accessories,North,Vikram,2,1444.6
ORD-202605-01463,2026-05-20,CUST-4239,Webcam,Electronics,South,Ananya,2,2010.43
ORD-202605-01464,2026-05-26,CUST-3725,Wireless Mouse,Electronics,South,Priya,4,872.33
ORD-202605-01465,2026-05-28,CUST-0022,Study Table,Furniture,East,Sneha,6,6013.19
ORD-202605-01466,2026-05-30,CUST-3730,Study Table,Furniture,East,Vikram,1,5509.52
ORD-202605-01467,2026-05-07,CUST-2033,Office Chair,Furniture,East,Neha,3,7630.69
ORD-202605-01468,2026-05-22,CUST-2570,Mouse Pad,Accessories,South,Ananya,7,407.36
ORD-202605-01469,2026-05-25,CUST-0889,Laptop Stand,Accessories,Central,Neha,2,1570.6
ORD-202605-01470,2026-05-23,CUST-0979,Wireless Mouse,Electronics,South,Neha,5,806.95
ORD-202605-01471,2026-05-17,CUST-2607,Desk Organizer,Office,East,Rahul,3,573.98
ORD-202605-01472,2026-05-29,CUST-1746,Desk Organizer,Office,South,Priya,1,560.92
ORD-202605-01473,2026-05-24,CUST-3888,Study Table, Furniture,South,Rahul,3,5659.16
ORD-202605-01474,2026-05-29,CUST-4135,USB Hub,Accessories,West,Vikram,6,964.73
ORD-202605-01475,2026-05-10,CUST-1880,Pen Set,Office,North,Priya,4,305.89
ORD-202605-01476,2026-05-20,CUST-3704,USB Hub,Accessories,North,,7,913.03
ORD-202605-01477,2026-05-18,CUST-2965,Monitor Stand,Furniture,West,Ananya,4,1970.51
ORD-202605-01478,2026-05-04,CUST-1654,Wireless Mouse,Electronics,South,Sneha,7,778.64
ORD-202605-01479,2026-05-06,CUST-0575,Notebook,Office,Central,Priya,1,216.01
ORD-202605-01480,2026-05-18,CUST-1107,Pen Set,Office,West,Amit,1,273.23
ORD-202605-01481,2026-05-11,CUST-4963,Wireless Mouse,Electronics,South,Priya,7,810.17
ORD-202605-01482,2026-05-11,CUST-0990,Pen Set,Office,East,Amit,6,277.71
ORD-202605-01483,2026-05-10,CUST-4022,Monitor Stand,Furniture,South,Rahul,7,2029.7
ORD-202605-01484,2026-05-30,CUST-1889,Monitor Stand,Furniture,East,Vikram,7,1940.24
ORD-202605-01485,2026-05-02,CUST-4698,Keyboard,Electronics,North,Priya,5,1194.53
ORD-202605-01486,2026-05-23,CUST-1305,Keyboard,Electronics,North,Rahul,7,1184.33
ORD-202605-01487,2026-05-04,CUST-1289,Mouse Pad,Accessories,Central,Priya,1,422.62
ORD-202605-01488,2026-05-20,CUST-2462,Monitor Stand,Furniture,East,Karan,7,1816.31
ORD-202605-01489,2026-05-07,CUST-1657,USB Hub,Accessories ,South,Sneha,5,984.23
ORD-202605-01490,2026-05-09,CUST-0748,Mouse Pad,Accessories,West,Karan,7,384.89
ORD-202605-01491,2026-05-03,CUST-2931,Desk Organizer,Office,West,Ananya,5,656.43
ORD-202605-01492,2026-05-11,CUST-2401,Wireless Mouse,Electronics,East,Rahul,7,783.64
ORD-202605-01493,2026-05-29,CUST-0059,Study Table,Furniture,West,Sneha,5,5821.81
ORD-202605-01494,2026-05-09,CUST-2838,Desk Organizer,Office,South,Sneha,2,560.02
ORD-202605-01495,2026-05-15,CUST-3316,Monitor Stand,Furniture,East,Ananya,4,1880.19
ORD-202605-01496,2026-05-16,CUST-0131,USB Hub,Accessories,East,Rahul,7,919.59
ORD-202605-01497,2026-05-30,CUST-2578,Desk Organizer,Office,North,Ananya,5,652.41
ORD-202605-01498,2026-05-14,CUST-1994,Keyboard,Electronics,East,Priya,6,1404.15
ORD-202605-01499,2026-05-04,CUST-0557,Webcam,Electronics,South,Priya,5,1999.07
ORD-202605-01500,2026-05-17,CUST-4163,Keyboard,Electronics,North,Rahul,3,1378.28
ORD-202605-01501,2026-05-22,CUST-3418,Notebook,Office,West,Neha,3,218.81
ORD-202605-01502,2026-05-05,CUST-1457,Monitor Stand,Furniture,North,Karan,4,2102.83
ORD-202605-01503,2026-05-06,CUST-2075,Office Chair,Furniture,South,,6,6834.34
ORD-202605-01504,2026-05-14,CUST-4464,Pen Set,Office,North,Sneha,3,288.7
ORD-202605-01505,2026-05-23,CUST-4460,Desk Organizer,Office,East,Neha,4,599.17
ORD-202605-01506,2026-05-27,CUST-0346,Monitor Stand,Furniture,Central,Karan,5,2173.64
ORD-202605-01507,2026-05-20,CUST-1384,Desk Organizer,Office,West,Vikram,1,540.99
ORD-202605-01508,2026-05-04,CUST-3396,Office Chair,Furniture,West,Sneha,1,7591.1
ORD-202605-01509,2026-05-02,CUST-1231,Webcam,Electronics,Central,Amit,1,2061.66
ORD-202605-01510,2026-05-01,CUST-2341,Pen Set,Office,South,Rahul,3,276.45
ORD-202605-01511,2026-05-23,CUST-2071,Pen Set,Office,North,Ananya,5,270.71
ORD-202605-01512,2026-05-19,CUST-3720,Keyboard,Electronics,Central,Karan,6,1328.41
ORD-202605-01513,2026-05-19,CUST-1298,Desk Organizer,Office,North,Amit,4,547.21
ORD-202605-01514,2026-05-08,CUST-2617,USB Hub,Accessories,West,Karan,6,940.77
ORD-202605-01515,2026-05-09,CUST-0370,Monitor Stand,Furniture ,Central,Neha,1,1943.22
ORD-202605-01516,2026-05-17,CUST-0935,Webcam,Electronics,West,Ananya,4,1820.88
ORD-202605-01517,2026-05-27,CUST-0059,Mouse Pad,Accessories,North,Rahul,7,379.57
ORD-202605-01518,2026-05-05,CUST-4199,Headphones,Electronics,Central,Sneha,5,2665.67
ORD-202605-01519,2026-05-19,CUST-4827,Wireless Mouse,Electronics,East,Vikram,1,869.15
ORD-202605-01520,2026-05-30,CUST-4466,Mouse Pad,Accessories,East,Rahul,6,366.46
ORD-202605-01521,2026-05-29,CUST-3909,Monitor Stand,Furniture,West,Neha,6,1850.35
ORD-202605-01522,2026-05-21,CUST-3651,Laptop Stand,Accessories,East,Neha,4,1567.42
ORD-202605-01523,2026-05-23,CUST-2786,Study Table,Furniture,North,Vikram,5,5956.48
ORD-202605-01524,2026-05-11,CUST-1930,Monitor Stand,Furniture,West,Priya,5,2169.53
ORD-202605-01525,2026-05-29,CUST-2287,Office Chair,Furniture,East,Amit,2,7524.63
ORD-202605-01526,2026-05-28,CUST-0993,Wireless Mouse,Electronics,Central,Vikram,1,782.37
ORD-202605-01527,2026-05-24,CUST-1006,Desk Organizer,Office,South,Neha,5,540.78
ORD-202605-01528,2026-05-24,CUST-0453,Wireless Mouse,Electronics,Central ,Amit,7,720.24
ORD-202605-01529,2026-05-06,CUST-1605,Webcam,Electronics,West,Karan,3,1710.85
ORD-202605-01530,2026-05-06,,Pen Set,Office,West,Amit,2,299.46
ORD-202605-01531,2026-05-07,CUST-0697,Monitor Stand,Furniture,East,Karan,1,1915.15
ORD-202605-01532,2026-05-30,CUST-1221,Keyboard,Electronics,Central,Amit,4,1423.0
ORD-202605-01533,2026-05-17,CUST-0682,Monitor Stand,Furniture,West,Sneha,1,2056.75
ORD-202605-01534,2026-05-02,CUST-3090,Notebook,Office,South,Priya,7,211.88
ORD-202605-01535,2026-05-25,CUST-2804,Desk Organizer,Office,North,Ananya,6,647.3
ORD-202605-01536,2026-05-31,CUST-4097,Office Chair,Furniture,East,Priya,3,6826.29
ORD-202605-01537,2026-05-26,CUST-3135,Mouse Pad,Accessories,West,Priya,4,368.36
ORD-202605-01538,2026-05-07,CUST-2425,Keyboard,Electronics,West,Karan,2,1175.73
ORD-202605-01539,2026-05-08,CUST-4599,Office Chair,Furniture,central,Sneha,6,7430.27
ORD-202605-01540,2026-05-03,CUST-3184,Wireless Mouse,Electronics,North,Sneha,6,723.91
ORD-202605-01541,2026-05-27,CUST-0739,Keyboard,Electronics,West,Vikram,6,1316.4
ORD-202605-01542,2026-05-18,CUST-1402,Monitor Stand,Furniture,West,Vikram,1,2008.77
ORD-202605-01543,2026-05-02,CUST-1625,Study Table,Furniture,South,Ananya,4,5496.85
ORD-202605-01544,2026-05-14,CUST-2081,Study Table,Furniture,East,Rahul,6,6016.57
ORD-202605-01545,2026-05-14,CUST-0069,Monitor Stand,Furniture,West,Vikram,2,1838.7
ORD-202605-01546,2026-05-13,CUST-2151,Webcam,Electronics,West,Rahul,1,1941.37
ORD-202605-01547,2026-05-01,CUST-1215,Monitor Stand,Furniture,North,Sneha,5,1871.22
ORD-202605-01548,2026-05-28,CUST-2834,Mouse Pad,Accessories,Central,Neha,1,368.05
ORD-202605-01549,2026-05-07,CUST-3939,Keyboard,Electronics,South,Karan,2,1329.93
ORD-202605-01550,2026-05-01,CUST-2843,Headphones,Electronics,East,Sneha,2,2463.32
ORD-202605-01551,2026-05-31,CUST-1853,Desk Organizer,Office,North,Rahul,4,546.14
ORD-202605-01552,2026-05-09,CUST-2187,Office Chair,Furniture,South,Ananya,3,7124.45
ORD-202605-01553,2026-05-23,CUST-0345,USB Hub,Accessories,West,Rahul,6,984.27
ORD-202605-01554,2026-05-08,CUST-0159,Headphones,Electronics,Central,Sneha,3,2254.56
ORD-202605-01555,2026-05-25,CUST-1546,Headphones,Electronics,East,Amit,3,2398.7
ORD-202605-01556,2026-05-06,CUST-2591,Office Chair,Furniture,Central,Ananya,6,7259.81
ORD-202605-01557,2026-05-09,CUST-4031,Office Chair,Furniture,Central,Neha,2,7459.58
ORD-202605-01558,2026-05-06,CUST-2190,Webcam,Electronics,South,Priya,7,1923.21
ORD-202605-01559,2026-05-05,CUST-3446,Wireless Mouse,Electronics,South,Karan,5,777.19
ORD-202605-01560,2026-05-09,CUST-3325,Keyboard,Electronics,North,Priya,3,1209.72
ORD-202605-01561,2026-05-09,CUST-3377,USB Hub,Accessories,East,Amit,3,838.33
ORD-202605-01562,2026-05-05,CUST-0903,Headphones,Electronics,South,Ananya,2,2722.05
ORD-202605-01563,2026-05-29,CUST-2995,USB Hub,Accessories,Central,Karan,1,810.19
ORD-202605-01564,2026-05-07,CUST-4975,Notebook,Office,North,Vikram,3,205.43
ORD-202605-01565,2026-05-14,CUST-3182,Keyboard,Electronics,South,Karan,4,1317.01
ORD-202605-01566,2026-05-18,CUST-4661,Study Table,Furniture,North,Rahul,6,5793.13
ORD-202605-01567,2026-05-29,CUST-4169,Office Chair,Furniture,West,Vikram,5,6482.55
ORD-202605-01568,2026-05-06,CUST-3736,Wireless Mouse,Electronics,East,,7,817.32
ORD-202605-01569,2026-05-15,CUST-1865,USB Hub,Accessories,Central,Rahul,1,919.37
ORD-202605-01570,2026-05-30,CUST-1707,Keyboard,Electronics,South,Sneha,3,1385.01
ORD-202605-01571,2026-05-14,CUST-4777,Office Chair,Furniture,Central,Sneha,6,7697.51
ORD-202605-01572,2026-05-10,CUST-2809,Notebook,Office,East,Vikram,1,206.1
ORD-202605-01573,2026-05-24,CUST-1896,Headphones,Electronics,Central,Rahul,2,2570.62
ORD-202605-01574,2026-05-18,CUST-2606,Keyboard,Electronics,East,Sneha,7,1217.28
ORD-202605-01575,2026-05-13,CUST-1674,Laptop Stand,Accessories,West,Sneha,7,1491.2
ORD-202605-01576,2026-05-25,CUST-3741,Laptop Stand,Accessories,East,Vikram,3,1575.68
ORD-202605-01577,2026-05-27,CUST-2642,Webcam,Electronics,West,Ananya,2,2071.69
ORD-202605-01578,2026-05-24,CUST-2181,Laptop Stand,Accessories,North,Vikram,5,1410.78
ORD-202605-01579,2026-05-23,CUST-0452,Keyboard,Electronics,North,Priya,3,1183.16
ORD-202605-01580,2026-05-02,CUST-2453,Mouse Pad,Accessories,West,Ananya,1,420.37
ORD-202605-01581,2026-05-14,CUST-4301,Webcam,Electronics,North,Rahul,4,1768.38
ORD-202605-01582,2026-05-13,CUST-3762,Desk Organizer,Office,West,Karan,4,617.53
ORD-202605-01583,2026-05-04,CUST-2289,Office Chair,Furniture,Central,Vikram,4,6639.2
ORD-202605-01584,2026-05-25,CUST-2119,Webcam,Electronics,East,Sneha,4,2069.44
ORD-202605-01585,2026-05-10,CUST-0073,Keyboard,Electronics,West,Amit,6,1382.33
ORD-202605-01586,2026-05-29,CUST-3808,Laptop Stand,Accessories,Central,Amit,5,1526.99
ORD-202605-01587,2026-05-03,CUST-3956,Keyboard,Electronics,East,Neha,7,1197.46
ORD-202605-01588,2026-05-22,CUST-3414,USB Hub,Accessories,East,Priya,5,915.41
ORD-202605-01589,2026-05-06,CUST-1164,Monitor Stand,Furniture,North,Rahul,7,1815.97
ORD-202605-01590,2026-05-12,CUST-2976,USB Hub,Accessories,Central,Neha,4,823.82
ORD-202605-01591,2026-05-16,CUST-3099,Study Table,Furniture,North,Ananya,3,5713.79
ORD-202605-01592,2026-05-18,CUST-1877,Desk Organizer,Office,East,Vikram,7,557.2
ORD-202605-01593,2026-05-14,CUST-4582,Study Table,Furniture,East,Neha,1,5041.32
ORD-202605-01594,2026-05-24,CUST-3754,Wireless Mouse,Electronics,Central,Amit,7,790.71
ORD-202605-01595,2026-05-01,CUST-1585,Desk Organizer,Office,West,Sneha,3,657.07
ORD-202605-01596,2026-05-14,CUST-3323,Keyboard,Electronics,Central,Karan,2,1363.98
ORD-202605-01597,2026-05-12,CUST-0579,Notebook,Office, North,Rahul,6,199.32
ORD-202605-01598,2026-05-28,CUST-4033,Keyboard,Electronics,North,Ananya,4,1213.23
ORD-202605-01599,2026-05-29,CUST-0788,Study Table,Furniture,North,Neha,7,5212.76
ORD-202605-01600,2026-05-10,CUST-1950,Mouse Pad,Accessories,West,Ananya,4,423.51
ORD-202605-01601,2026-05-30,CUST-4474,Notebook,office,Central,Rahul,7,181.53
ORD-202605-01602,2026-05-30,CUST-1331,Keyboard,Electronics,Central,Ananya,3,1315.72
ORD-202605-01603,2026-05-22,CUST-2254,Laptop Stand,Accessories,North,Vikram,2,1620.73
ORD-202605-01604,2026-05-22,CUST-0142,Wireless Mouse,Electronics,North,Rahul,1,791.47
ORD-202605-01605,2026-05-24,CUST-0632,Study Table,Furniture,North,Amit,3,5975.06
ORD-202605-01606,2026-05-28,CUST-2713,Office Chair,Furniture,East,Ananya,5,7330.56
ORD-202605-01607,2026-05-16,CUST-3730,Pen Set,Office,South,Sneha,5,311.01
ORD-202605-01608,2026-05-30,CUST-3797,Monitor Stand,Furniture,West,Priya,2,1966.63
ORD-202605-01609,2026-05-02,CUST-3860,Study Table,Furniture,West,Amit,4,5138.55
ORD-202605-01610,2026-05-01,CUST-3235,Wireless Mouse,Electronics,North,Priya,1,756.96
ORD-202605-01611,2026-05-11,CUST-4833,Study Table,Furniture ,East,Rahul,5,5122.09
ORD-202605-01612,2026-05-26,CUST-3439,Headphones,Electronics,South,Karan,5,2610.88
ORD-202605-01613,2026-05-02,CUST-3979,Keyboard,Electronics,North,Sneha,1,1322.29
ORD-202605-01614,2026-05-13,CUST-1567,Mouse Pad,Accessories,North,Priya,7,406.6
ORD-202605-01615,2026-05-18,CUST-1603,Pen Set,Office,North,Sneha,6,288.53
ORD-202605-01616,2026-05-06,CUST-4835,Study Table,Furniture,South,Karan,1,5215.9
ORD-202605-01617,2026-05-20,CUST-1018,Mouse Pad,Accessories,East,Karan,1,420.13
ORD-202605-01618,2026-05-16,CUST-0104,Mouse Pad,Accessories,East,Neha,6,377.71
ORD-202605-01619,2026-05-31,CUST-2162,Keyboard,Electronics,South,Amit,6,1197.76
ORD-202605-01620,2026-05-21,CUST-0465,Laptop Stand,Accessories,North,Amit,5,1492.1
ORD-202605-01621,2026-05-19,CUST-1225,Headphones,Electronics,Central,Sneha,3,2609.47
ORD-202605-01622,2026-05-05,CUST-3802,Office Chair,Furniture,South,Priya,3,6323.09
ORD-202605-01623,2026-05-22,CUST-2456,Laptop Stand,Accessories,North,Neha,4,1426.8
ORD-202605-01624,2026-05-30,CUST-1335,Office Chair,Furniture,South,Rahul,5,7233.97
ORD-202605-01625,2026-05-21,CUST-1201,Wireless Mouse,Electronics,East,Karan,5,784.41
ORD-202605-01626,2026-05-28,CUST-0850,Office Chair,Furniture,Central,Ananya,4,6302.8
ORD-202605-01627,,CUST-2602,Pen Set,Office,East,Amit,4,311.22
ORD-202605-01628,2026-05-31,CUST-1768,Webcam,Electronics,South,Vikram,5,1787.17
ORD-202605-01629,2026-05-13,CUST-2829,Office Chair,Furniture,East,Amit,7,6681.75
ORD-202605-01630,2026-05-09,CUST-0060,Pen Set,Office,East,Sneha,4,298.78
ORD-202605-01631,2026-05-04,CUST-3106,Pen Set,Office,West,,4,323.57
ORD-202605-01632,2026-05-15,CUST-2901,Headphones,Electronics,North,Sneha,4,2465.98
ORD-202605-01633,2026-05-02,CUST-4653,Mouse Pad,Accessories,North,Ananya,7,364.69
ORD-202605-01634,2026-05-27,CUST-2221,USB Hub,Accessories,East,Rahul,1,888.57
ORD-202605-01635,2026-05-22,CUST-1230,Headphones,Electronics,East,Rahul,1,2432.09
ORD-202605-01636,2026-05-19,CUST-1044,Office Chair,Furniture,North,Neha,3,6462.22
ORD-202605-01637,2026-05-28,CUST-1941,Notebook,Office,East,Neha,3,185.21
ORD-202605-01638,2026-05-27,CUST-3927,Office Chair,Furniture,East,Amit,3,7138.34
ORD-202605-01639,2026-05-22,CUST-0373,Monitor Stand,Furniture,West,Ananya,3,2191.27
ORD-202605-01640,2026-05-01,CUST-3654,Notebook,Office,,Vikram,2,214.31
ORD-202605-01641,2026-05-24,CUST-2314,Webcam,Electronics,East,Ananya,7,2024.66
ORD-202605-01642,2026-05-17,CUST-3399,Office Chair,Furniture,East,Priya,3,6640.56
ORD-202605-01643,2026-05-06,CUST-3113,Notebook,Office,North,Ananya,2,202.32
ORD-202605-01644,2026-05-29,CUST-4664,Wireless Mouse,Electronics,East,Neha,7,741.99
ORD-202605-01645,2026-05-09,CUST-4709,Laptop Stand,Accessories,North,Priya,7,1478.51
ORD-202605-01646,2026-05-24,CUST-1491,Office Chair,Furniture,North,Rahul,2,7327.52
ORD-202605-01647,2026-05-08,CUST-2606,Notebook,Office,East,Amit,2,187.74
ORD-202605-01648,2026-05-03,CUST-1491,Office Chair,Furniture,South,Vikram,1,7500.51
ORD-202605-01649,2026-05-29,CUST-3668,Monitor Stand,Furniture,Central,Neha,3,2093.12
ORD-202605-01650,2026-05-25,CUST-3793,Desk Organizer,Office,South,Priya,7,618.89
ORD-202605-01651,2026-05-28,CUST-1417,Webcam,Electronics,West,Amit,2,2045.25
ORD-202605-01652,2026-05-10,CUST-1020,Keyboard,Electronics,West,,4,1240.23
ORD-202605-01653,2026-05-04,CUST-0047,Headphones,Electronics,Central,Vikram,5,2720.92
ORD-202605-01654,2026-05-20,CUST-4767,Headphones,Electronics,Central,Neha,7,2445.17
ORD-202605-01655,2026-05-20,CUST-0208,USB Hub,Accessories,,Priya,2,881.06
ORD-202605-01656,2026-05-12,CUST-1220,Headphones,Electronics,West,Neha,1,2659.83
ORD-202605-01657,2026-05-18,CUST-3715,Desk Organizer,Office,West,Amit,5,641.95
ORD-202605-01658,2026-05-27,CUST-0824,Pen Set,Office,East,Neha,4,311.94
ORD-202605-01659,2026-05-07,CUST-2614,Keyboard,Electronics,South,Vikram,1,1270.98
ORD-202605-01660,2026-05-27,CUST-2131,Webcam,Electronics,South,Rahul,3,2047.5
ORD-202605-01661,2026-05-29,CUST-3831,Keyboard,Electronics,East,Priya,3,1372.95
ORD-202605-01662,2026-05-29,CUST-0144,Keyboard,Electronics,North,Rahul,3,1282.91
ORD-202605-01663,2026-05-10,CUST-4543,Pen Set,Office,West,Ananya,6,292.12
ORD-202605-01664,2026-05-17,CUST-3303,Notebook,Office,North,Rahul,6,199.61
ORD-202605-01665,2026-05-14,CUST-1610,Headphones,electronics,Central,Rahul,4,2690.03
ORD-202605-01666,2026-05-18,CUST-3812,Laptop Stand,Accessories,North,Vikram,6,1597.49
ORD-202605-01667,2026-05-16,CUST-1516,Study Table,Furniture,East,Sneha,4,4996.37
ORD-202605-01668,2026-05-04,CUST-1801,Mouse Pad,Accessories,East,Neha,4,413.81
ORD-202605-01669,2026-05-12,CUST-4340,Office Chair,furniture,North,Ananya,5,6994.25
ORD-202605-01670,2026-05-20,CUST-1627,Desk Organizer,Office,East,Vikram,1,556.19
ORD-202605-01671,2026-05-27,CUST-3952,Webcam,Electronics,Central,Rahul,1,1712.64
ORD-202605-01672,2026-05-30,CUST-3406,Webcam,Electronics,Central,Karan,7,1869.89
ORD-202605-01673,2026-05-20,CUST-4178,Study Table,Furniture,Central,Neha,5,5208.51
ORD-202605-01674,2026-05-27,CUST-2525,Study Table,Furniture,East,Rahul,1,5221.15
ORD-202605-01675,2026-05-18,CUST-0366,Headphones,Electronics,North,Vikram,7,2558.45
ORD-202605-01676,2026-05-12,CUST-2355,Desk Organizer,Office,South,Amit,4,598.96
ORD-202605-01677,2026-05-18,CUST-3622,Headphones,Electronics,North,Vikram,3,2354.1
ORD-202605-01678,2026-05-08,CUST-2225,Office Chair,Furniture,,Ananya,2,7554.9
ORD-202605-01679,2026-05-09,CUST-3103,Wireless Mouse,Electronics,North,Ananya,5,799.43
ORD-202605-01680,2026-05-11,CUST-4326,USB Hub,Accessories,South,Rahul,4,828.45
ORD-202605-01681,2026-05-28,CUST-4654,Laptop Stand,Accessories,North,Ananya,7,1407.6
ORD-202605-01682,2026-05-26,CUST-0093,Notebook,Office,Central,Neha,1,217.73
ORD-202605-01683,2026-05-14,,Office Chair,Furniture,North,Rahul,6,6966.13
ORD-202605-01684,2026-05-18,CUST-2757,Office Chair,Furniture,North,Amit,1,7335.44
ORD-202605-01685,2026-05-09,CUST-1000,Laptop Stand,Accessories,Central,Vikram,5,1648.13
ORD-202605-01686,2026-05-08,CUST-2446,Wireless Mouse,Electronics,North,Amit,6,771.73
ORD-202605-01687,2026-05-28,CUST-4533,Monitor Stand,Furniture,Central,Sneha,5,1811.09
ORD-202605-01688,2026-05-19,CUST-1379,Laptop Stand,Accessories,East,Priya,2,1527.85
ORD-202605-01689,2026-05-14,CUST-3045,Monitor Stand,Furniture,North,Priya,4,1808.45
ORD-202605-01690,2026-05-11,CUST-1358,Keyboard,Electronics,East,Rahul,2,1271.14
ORD-202605-01691,2026-05-22,,Desk Organizer,Office,East,Rahul,4,562.42
ORD-202605-01692,2026-05-19,CUST-2277,Office Chair,Furniture,South,Ananya,1,7510.76
ORD-202605-01693,2026-05-11,CUST-4789,Headphones,Electronics,Central,Vikram,7,2289.7
ORD-202605-01694,2026-05-11,CUST-0090,Monitor Stand,Furniture,South,Amit,6,2148.97
ORD-202605-01695,2026-05-12,CUST-4419,Keyboard,Electronics,East,Neha,1,1279.12
ORD-202605-01696,,CUST-2248,Study Table,Furniture,Central,Rahul,4,5468.01
ORD-202605-01697,2026-05-16,CUST-4995,Webcam,Electronics,West,Vikram,4,1718.06
ORD-202605-01698,2026-05-16,CUST-4440,Study Table,Furniture,Central,Vikram,6,5740.24
ORD-202605-01699,2026-05-30,CUST-1411,Laptop Stand,Accessories,East,Sneha,3,1559.85
ORD-202605-01700,2026-05-17,CUST-3826,Laptop Stand,Accessories,South,,4,1547.39
ORD-202605-01701,2026-05-31,CUST-0708,Notebook,Office,South,Neha,3,186.07
ORD-202605-01702,2026-05-02,CUST-1370,Mouse Pad,Accessories,North,Rahul,5,394.13
ORD-202605-01703,2026-05-04,CUST-3048,Study Table,Furniture,West,Vikram,3,5857.24
ORD-202605-01704,2026-05-30,CUST-0277,USB Hub,Accessories,North,Priya,4,809.99
ORD-202605-01705,2026-05-09,CUST-4192,Laptop Stand,Accessories,West,Priya,1,1576.41
ORD-202605-01706,2026-05-02,CUST-1976,Laptop Stand,Accessories,Central,Sneha,6,1574.36
ORD-202605-01707,,CUST-1460,Notebook,Office,South,Neha,1,216.38
ORD-202605-01708,2026-05-04,CUST-1552,Wireless Mouse,Electronics,South,Ananya,3,810.17
ORD-202605-01709,2026-05-21,CUST-1082,Mouse Pad,Accessories,South,Ananya,5,384.82
ORD-202605-01710,2026-05-04,CUST-0446,Notebook,Office,West,Rahul,1,181.71
ORD-202605-01711,2026-05-14,CUST-1454,Laptop Stand,Accessories,,Priya,5,1606.89
ORD-202605-01712,2026-05-07,CUST-1405,Office Chair,Furniture,East,Vikram,2,7063.32
ORD-202605-01713,2026-05-17,CUST-4275,Wireless Mouse,Electronics,West,Sneha,7,768.64
ORD-202605-01714,2026-05-14,CUST-4875,USB Hub,Accessories,East,Karan,4,962.05
ORD-202605-01715,2026-05-26,CUST-2360,Laptop Stand,Accessories,Central,Karan,4,1560.64
ORD-202605-01716,2026-05-02,CUST-4880,Study Table,Furniture,Central,Rahul,2,5047.07
ORD-202605-01717,2026-05-07,CUST-4851,Desk Organizer,Office,South,Ananya,6,616.63
ORD-202605-01718,2026-05-11,CUST-1093,USB Hub,Accessories,South,Rahul,2,959.96
ORD-202605-01719,2026-05-14,CUST-4262,Laptop Stand,Accessories,North,Priya,5,1425.48
ORD-202605-01720,2026-05-24,CUST-1251,Pen Set,Office,West,Amit,7,282.17
ORD-202605-01721,2026-05-07,CUST-4308,Desk Organizer,Office,West,Rahul,4,652.83
ORD-202605-01722,2026-05-22,CUST-4326,Wireless Mouse,Electronics,West,Rahul,3,832.96
ORD-202605-01723,2026-05-16,CUST-2846,Monitor Stand,Furniture,South,Amit,6,2153.65
ORD-202605-01724,2026-05-02,CUST-3877,Pen Set,Office,East,Karan,1,290.6
ORD-202605-01725,2026-05-31,CUST-4546,USB Hub,Accessories,Central,Rahul,2,974.42
ORD-202605-01726,2026-05-26,CUST-3836,Webcam,Electronics,West,Sneha,5,1933.65
ORD-202605-01727,2026-05-23,CUST-0531,Pen Set,Office,Central,Vikram,2,302.5
ORD-202605-01728,2026-05-12,CUST-2751,Office Chair,Furniture,West,Rahul,6,6665.63
ORD-202605-01729,2026-05-25,CUST-0034,Study Table,Furniture,South,Vikram,1,4976.25
ORD-202605-01730,2026-05-26,CUST-2383,Wireless Mouse,Electronics,North,Sneha,2,803.3
ORD-202605-01731,2026-05-19,CUST-3616,Notebook,Office,Central,Karan,6,218.11
ORD-202605-01732,2026-05-13,,Keyboard,Electronics,North,Sneha,4,1271.03
ORD-202605-01733,2026-05-04,CUST-0398,Webcam,Electronics,North,Ananya,6,2065.86
ORD-202605-01734,2026-05-29,CUST-4598,Office Chair,Furniture,South,Rahul,1,6391.86
ORD-202605-01735,2026-05-07,CUST-2297,Keyboard,Electronics,,Amit,4,1227.53
ORD-202605-01736,2026-05-27,CUST-4386,USB Hub,Accessories,South,Amit,2,860.1
ORD-202605-01737,2026-05-09,CUST-2722,Wireless Mouse,Electronics,East,Amit,6,778.22
ORD-202605-01738,2026-05-10,CUST-1812,Webcam,Electronics,East,Ananya,2,1920.32
ORD-202605-01739,2026-05-14,CUST-0431,Notebook,Office,Central,Karan,5,212.46
ORD-202605-01740,2026-05-19,CUST-0947,Wireless Mouse,Electronics,North,Amit,6,810.35
ORD-202605-01741,2026-05-12,CUST-4691,Study Table,Furniture,North,Rahul,5,5086.5
ORD-202605-01742,2026-05-14,CUST-2313,Laptop Stand,Accessories,South,Amit,2,1359.53
ORD-202605-01743,2026-05-06,,Wireless Mouse,Electronics,Central,Sneha,2,830.07
ORD-202605-01744,2026-05-15,CUST-4904,Office Chair,Furniture,West,Ananya,1,7300.62
ORD-202605-01745,2026-05-22,CUST-3714,Wireless Mouse,Electronics,East,Vikram,6,719.88
ORD-202605-01746,2026-05-14,CUST-2279,Mouse Pad,Accessories,East,Sneha,3,366.02
ORD-202605-01747,2026-05-14,CUST-2120,Laptop Stand,Accessories,South,Sneha,2,1613.77
ORD-202605-01748,2026-05-21,CUST-4305,Keyboard,Electronics,Central,Amit,7,1322.06
ORD-202605-01749,2026-05-23,CUST-0077,Laptop Stand,Accessories,East,Vikram,2,1488.26
ORD-202605-01750,2026-05-13,CUST-2873,Laptop Stand,Accessories,Central,Ananya,4,1376.53
ORD-202605-01751,2026-05-19,CUST-2779,Laptop Stand,Accessories,North,Ananya,5,1433.3
ORD-202605-01752,2026-05-21,CUST-2506,Laptop Stand,Accessories,North,Ananya,4,1564.85
ORD-202605-01753,2026-05-11,CUST-0206,Keyboard,Electronics,South,Priya,4,1317.21
ORD-202605-01754,2026-05-10,CUST-3579,Keyboard,Electronics,East,Priya,6,1310.2
ORD-202605-01755,2026-05-25,CUST-0157,Monitor Stand,Furniture,East ,Sneha,1,2117.19
ORD-202605-01756,2026-05-28,CUST-4761,Laptop Stand,Accessories,North,Priya,4,1567.78
ORD-202605-01757,2026-05-20,CUST-0846,Monitor Stand,Furniture,Central,Neha,7,1912.93
ORD-202605-01758,2026-05-29,CUST-3798,Keyboard,Electronics,Central,Sneha,6,1409.05
ORD-202605-01759,2026-05-25,CUST-3422,Desk Organizer,Office,South,,4,611.22
ORD-202605-01760,2026-05-22,CUST-4738,Desk Organizer,Office,North,Priya,1,554.55
ORD-202605-01761,2026-05-24,CUST-2431,Notebook,Office,West,Karan,3,199.46
ORD-202605-01762,2026-05-18,CUST-1981,Headphones,Electronics,North,Rahul,2,2460.82
ORD-202605-01763,2026-05-04,CUST-3890,Headphones,Electronics,West,Karan,2,2651.65
ORD-202605-01764,2026-05-20,CUST-0421,Webcam,Electronics,South,Priya,3,2062.21
ORD-202605-01765,2026-05-19,CUST-3112,Desk Organizer,Office,South,Karan,2,564.9
ORD-202605-01766,2026-05-12,CUST-0630,Keyboard,Electronics,East,Rahul,3,1357.05
ORD-202605-01767,2026-05-25,CUST-0263,Headphones,Electronics,North,Amit,4,2518.37
ORD-202605-01768,2026-05-14,CUST-1000,Office Chair,Furniture,South,Neha,1,7561.9
ORD-202605-01769,2026-05-11,CUST-3059,Wireless Mouse,Electronics,North,Priya,1,731.06
ORD-202605-01770,2026-05-16,CUST-3806,Monitor Stand,Furniture,South,Rahul,4,2082.44
ORD-202605-01771,2026-05-29,CUST-0467,Office Chair,Furniture,,Karan,2,7655.21
ORD-202605-01772,2026-05-10,CUST-1453,Headphones, Electronics,West,Priya,2,2537.13
ORD-202605-01773,2026-05-15,CUST-0525,Headphones,Electronics,Central,Neha,3,2402.23
ORD-202605-01774,2026-05-09,CUST-1091,Mouse Pad,Accessories,East,Sneha,4,411.82
ORD-202605-01775,2026-05-24,CUST-0045,USB Hub,Accessories,East,Rahul,1,813.27
ORD-202605-01776,2026-05-17,CUST-4458,Study Table,Furniture,North,Neha,7,5557.85
ORD-202605-01777,2026-05-05,CUST-3724,Laptop Stand,Accessories,East,Rahul,2,1465.99
ORD-202605-01778,2026-05-21,CUST-4439,Monitor Stand,Furniture,West,Neha,1,1844.96
ORD-202605-01779,2026-05-31,CUST-3801,Notebook,Office,South,Vikram,6,215.35
ORD-202605-01780,2026-05-16,CUST-0222,Keyboard,Electronics,South,Rahul,4,1292.83
ORD-202605-01781,2026-05-04,CUST-4254,USB Hub,Accessories,North,Ananya,3,967.25
ORD-202605-01782,2026-05-07,CUST-3230,Notebook,Office,West,Amit,3,189.37
ORD-202605-01783,2026-05-18,CUST-2158,Webcam,Electronics,Central,Neha,-1,1827.97
ORD-202605-01784,2026-05-12,CUST-1915,Mouse Pad,Accessories,Central,Neha,3,437.71
ORD-202605-01785,2026-05-30,CUST-2082,Pen Set,Office,North,Priya,6,302.16
ORD-202605-01786,2026-05-22,CUST-1396,USB Hub,Accessories,South,Vikram,3,876.69
ORD-202605-01787,2026-05-06,CUST-3840,Office Chair,Furniture,North,Karan,5,7349.17
ORD-202605-01788,2026-05-25,CUST-2068,Office Chair,Furniture,West,Priya,1,6378.62
ORD-202605-01789,2026-05-18,CUST-3483,Monitor Stand,Furniture,East,Neha,3,2106.34
ORD-202605-01790,2026-05-24,CUST-2955,Wireless Mouse,Electronics,South,Sneha,4,743.22
ORD-202605-01791,2026-05-23,CUST-4072,Headphones,Electronics,North,Neha,1,2258.9
ORD-202605-01792,2026-05-21,CUST-4351,Office Chair,Furniture,South,Sneha,4,7690.35
ORD-202605-01793,2026-05-17,CUST-4168,Office Chair,Furniture,South,Vikram,3,6581.22
ORD-202605-01794,2026-05-08,CUST-2798,Webcam,Electronics,West,Karan,7,2050.34
ORD-202605-01795,2026-05-12,CUST-0836,Monitor Stand,Furniture,,Neha,3,2000.41
ORD-202605-01796,2026-05-13,CUST-4197,Keyboard,Electronics,South,Ananya,1,1211.79
ORD-202605-01797,2026-05-07,CUST-0715,Study Table,Furniture,North,Rahul,7,5522.33
ORD-202605-01798,2026-05-18,CUST-0780,Pen Set,Office,South,Priya,5,280.7
ORD-202605-01799,2026-05-03,CUST-2189,Study Table,Furniture,west,Ananya,4,5031.79
ORD-202605-01800,2026-05-30,CUST-1449,Monitor Stand,Furniture, East,Vikram,1,1921.55
ORD-202605-01801,2026-05-07,,Keyboard,Electronics,Central,Rahul,2,1294.96
ORD-202605-01802,2026-05-06,CUST-4177,Mouse Pad,Accessories,North,Neha,4,412.21
ORD-202605-01803,2026-05-25,CUST-0586,Laptop Stand,Accessories,North,Sneha,1,1451.19
ORD-202605-01804,2026-05-19,CUST-1781,Monitor Stand,Furniture,North,Priya,3,1916.34
ORD-202605-01805,2026-05-02,CUST-1492,Monitor Stand,Furniture,South,Sneha,3,1976.57
ORD-202605-01806,2026-05-13,CUST-0968,Notebook,Office,South,Karan,2,196.9
ORD-202605-01807,2026-05-26,CUST-3695,Webcam,Electronics,East,Karan,2,2023.35
ORD-202605-01808,2026-05-13,CUST-4259,Notebook,Office,East,Priya,7,183.26
ORD-202605-01809,2026-05-20,CUST-3482,Notebook,Office,West,Karan,6,182.66
ORD-202605-01810,2026-05-24,CUST-0106,Headphones,Electronics,East,Amit,4,2507.95
ORD-202605-01811,2026-05-29,CUST-3134,Desk Organizer,Office,East,Karan,7,609.3
ORD-202605-01812,2026-05-21,CUST-3404,Keyboard,Electronics,West,Sneha,7,1245.7
ORD-202605-01813,2026-05-20,CUST-1034,Wireless Mouse,Electronics,East,Sneha,1,753.37
ORD-202605-01814,2026-05-17,CUST-1858,Pen Set,Office,Central,Karan,4,320.52
ORD-202605-01815,2026-05-16,CUST-0071,Office Chair,Furniture,South,Vikram,5,-100.0
ORD-202605-01816,2026-05-02,CUST-1365,Wireless Mouse,Electronics,South,Ananya,7,822.62
ORD-202605-01817,2026-05-09,CUST-3101,Notebook,Office,West,Ananya,7,207.2
ORD-202605-01818,2026-05-03,CUST-4833,Monitor Stand,Furniture,North,Priya,7,2032.11
ORD-202605-01819,2026-05-08,CUST-1986,Monitor Stand,Furniture,South,Neha,4,1958.91
ORD-202605-01820,2026-05-17,CUST-2857,Webcam,Electronics,South,Amit,1,2021.57
ORD-202605-01821,2026-05-27,CUST-0003,Monitor Stand,Furniture,North,Rahul,2,1973.47
ORD-202605-01822,2026-05-27,,Mouse Pad,Accessories ,South,Priya,2,366.17
ORD-202605-01823,2026-05-02,CUST-2504,Keyboard,Electronics,Central,Karan,7,1171.18
ORD-202605-01824,2026-05-16,CUST-2442,Headphones,Electronics,East,Ananya,7,2709.43
ORD-202605-01825,2026-05-11,CUST-0618,Mouse Pad,Accessories,West,Rahul,2,425.09
ORD-202605-01826,2026-05-18,CUST-4045,USB Hub,Accessories,Central,Amit,3,967.48
ORD-202605-01827,2026-05-03,CUST-1587,Keyboard,Electronics,West,Sneha,2,1235.27
ORD-202605-01828,2026-05-31,CUST-1273,Webcam,Electronics,South,Neha,4,1810.41
ORD-202605-01829,2026-05-09,CUST-3063,Pen Set,Office,North,Sneha,7,304.58
ORD-202605-01830,2026-05-08,CUST-1965,Office Chair,Furniture,East,Rahul,2,7554.03
ORD-202605-01831,2026-05-22,CUST-3705,USB Hub,Accessories,East,Vikram,7,969.27
ORD-202605-01832,2026-05-17,CUST-1803,Wireless Mouse,Electronics,South,Amit,6,771.03
ORD-202605-01833,2026-05-15,CUST-4024,Mouse Pad,Accessories,East,,7,428.26
ORD-202605-01834,2026-05-24,CUST-1759,USB Hub,Accessories,West,Ananya,3,878.81
ORD-202605-01835,2026-05-04,CUST-1122,Notebook,Office,West,Karan,3,186.26
ORD-202605-01836,2026-05-30,CUST-2596,Desk Organizer,Office,Central,Sneha,5,557.54
ORD-202605-01837,2026-05-02,CUST-2870,Desk Organizer,Office,North,Priya,4,608.97
ORD-202605-01838,2026-05-26,CUST-0085,Study Table,Furniture,South,Rahul,4,5031.3
ORD-202605-01839,2026-05-18,CUST-3496,Office Chair,Furniture,West,Vikram,5,7084.42
ORD-202605-01840,2026-05-17,CUST-3049,Monitor Stand,Furniture,,Ananya,5,1807.45
ORD-202605-01841,2026-05-16,CUST-2767,USB Hub,Accessories,Central,Priya,4,849.99
ORD-202605-01842,2026-05-21,CUST-0579,Wireless Mouse,Electronics,North,Amit,5,860.75
ORD-202605-01843,2026-05-06,CUST-3766,Notebook,Office,West,Neha,3,215.11
ORD-202605-01844,2026-05-26,CUST-1269,Keyboard,Electronics,East,Priya,2,1348.27
ORD-202605-01845,2026-05-17,CUST-4935,Keyboard,Electronics,East,Neha,5,1193.8
ORD-202605-01846,2026-05-12,CUST-2868,Webcam,Electronics,South,Amit,2,2054.7
ORD-202605-01847,2026-05-10,CUST-2644,Keyboard,Electronics,South,Neha,7,1237.08
ORD-202605-01848,2026-05-25,CUST-4734,Monitor Stand,Furniture,West,,3,1830.36
ORD-202605-01849,2026-05-26,CUST-0888,Notebook,Office,Central,Neha,1,192.98
ORD-202605-01850,2026-05-17,CUST-4007,Monitor Stand,Furniture,South,Amit,6,1863.7
ORD-202605-01851,2026-05-08,CUST-4528,Notebook,Office,East,Priya,6,207.19
ORD-202605-01852,2026-05-10,CUST-1401,Notebook,Office,Central,Ananya,3,192.04
ORD-202605-01853,2026-05-25,CUST-0847,Wireless Mouse,Electronics,North,Amit,6,814.59
ORD-202605-01854,2026-05-14,CUST-4957,Desk Organizer,Office,Central,Amit,5,654.78
ORD-202605-01855,2026-05-10,CUST-1669,Mouse Pad,Accessories,West,Amit,5,394.38
ORD-202605-01856,2026-05-29,CUST-0271,Mouse Pad,Accessories,South,Karan,3,384.15
ORD-202605-01857,2026-05-27,CUST-4417,Monitor Stand,Furniture,North,Priya,7,2036.37
ORD-202605-01858,2026-05-19,CUST-0109,Study Table,Furniture,West,Sneha,1,5621.54
ORD-202605-01859,2026-05-01,,Mouse Pad,Accessories,Central,Sneha,3,404.14
ORD-202605-01860,2026-05-29,CUST-0973,Keyboard,Electronics,North,Ananya,4,1195.95
ORD-202605-01861,2026-05-29,CUST-3709,Office Chair,Furniture,North,Ananya,5,6325.22
ORD-202605-01862,2026-05-30,CUST-1811,Office Chair,Furniture,East,Amit,3,7509.96
ORD-202605-01863,2026-05-04,CUST-0224,Wireless Mouse,Electronics,West,Neha,3,749.84
ORD-202605-01864,2026-05-21,CUST-4370,Mouse Pad,Accessories,Central,Neha,6,362.24
ORD-202605-01865,2026-05-19,CUST-3506,Webcam,Electronics,North,Priya,7,1927.55
ORD-202605-01866,2026-05-02,CUST-4207,USB Hub,Accessories,East,Rahul,6,836.78
ORD-202605-01867,2026-05-05,CUST-4691,Office Chair,Furniture,North,Rahul,4,7640.91
ORD-202605-01868,2026-05-29,CUST-2712,Notebook,Office,South,Vikram,5,206.41
ORD-202605-01869,2026-05-04,CUST-1324,Headphones,Electronics,East,Amit,7,2747.25
ORD-202605-01870,2026-05-24,CUST-2113,Mouse Pad,Accessories,South,Amit,1,424.3
ORD-202605-01871,,CUST-4617,Pen Set,Office,North,Ananya,3,288.17
ORD-202605-01872,2026-05-13,CUST-0382,Study Table,Furniture,North,Sneha,5,5704.07
ORD-202605-01873,2026-05-14,CUST-0124,Keyboard,Electronics,Central,Vikram,1,1280.41
ORD-202605-01874,2026-05-15,CUST-1285,Webcam,Electronics,Central,Priya,4,1798.95
ORD-202605-01875,2026-05-16,,Webcam,Electronics,South,Rahul,7,1916.0
ORD-202605-01876,2026-05-01,CUST-2584,Keyboard,Electronics,East,Ananya,7,1412.04
ORD-202605-01877,2026-05-03,CUST-3707,USB Hub,Accessories,,Karan,2,810.67
ORD-202605-01878,2026-05-28,CUST-0868,Pen Set,Office,West,Neha,4,324.28
ORD-202605-01879,2026-05-11,CUST-1926,Notebook,Office,East,Ananya,3,189.2
ORD-202605-01880,2026-05-29,CUST-3199,Desk Organizer,Office,South,Karan,2,549.3
ORD-202605-01881,2026-05-03,CUST-0040,Laptop Stand,Accessories,East,Neha,6,1647.17
ORD-202605-01882,2026-05-04,CUST-4052,Mouse Pad,Accessories,Central,Ananya,5,367.8
ORD-202605-01883,2026-05-14,CUST-4008,Study Table,Furniture,West,Amit,1,6014.23
ORD-202605-01884,2026-05-24,CUST-0647,Pen Set,Office,South,Sneha,4,305.09
ORD-202605-01885,2026-05-04,CUST-2709,USB Hub,Accessories,Central,Vikram,1,962.85
ORD-202605-01886,2026-05-17,CUST-2839,Mouse Pad,Accessories,West,Karan,3,409.71
ORD-202605-01887,2026-05-09,CUST-4435,Webcam,Electronics,East,Neha,1,1722.06
ORD-202605-01888,2026-05-05,CUST-2168,Office Chair,Furniture,South,Rahul,5,7362.53
ORD-202605-01889,2026-05-08,CUST-0688,USB Hub,Accessories,North,Ananya,7,941.04
ORD-202605-01890,2026-05-21,CUST-2426,Desk Organizer,Office,Central,Amit,4,559.64
ORD-202605-01891,2026-05-28,CUST-1064,Notebook,Office,North,Priya,1,182.65
ORD-202605-01892,2026-05-25,CUST-0371,Monitor Stand,Furniture,South,Neha,4,1951.34
ORD-202605-01893,2026-05-03,CUST-3778,Webcam,Electronics,North,Priya,4,1718.26
ORD-202605-01894,2026-05-17,CUST-3356,Notebook,Office,North,Rahul,7,179.21
ORD-202605-01895,2026-05-07,CUST-3252,Desk Organizer,Office,Central,Neha,5,638.94
ORD-202605-01896,2026-05-06,CUST-3303,Pen Set,Office,North,Amit,4,317.99
ORD-202605-01897,2026-05-23,CUST-3555,Study Table,Furniture,East,Sneha,3,5460.93
ORD-202605-01898,2026-05-30,CUST-1577,Mouse Pad,Accessories,West,Vikram,4,395.2
ORD-202605-01899,2026-05-06,CUST-4360,USB Hub,Accessories,West,Amit,7,876.34
ORD-202605-01900,2026-05-16,CUST-2157,Notebook,Office,West,Sneha,6,185.0
ORD-202605-01901,2026-05-29,,Webcam,Electronics,,Neha,6,1953.91
ORD-202605-01902,2026-05-30,CUST-4286,Keyboard,Electronics,South,Rahul,6,1255.38
ORD-202605-01903,2026-05-06,CUST-3258,Study Table,Furniture,East,Karan,5,5270.29
ORD-202605-01904,2026-05-12,CUST-2137,USB Hub,Accessories,Central,Priya,1,823.36
ORD-202605-01905,2026-05-09,CUST-2091,Desk Organizer,Office,South,Sneha,7,604.1
ORD-202605-01906,2026-05-18,CUST-4874,Webcam,Electronics,Central,Neha,4,2081.36
ORD-202605-01907,2026-05-29,CUST-0554,Headphones,Electronics,East,Karan,1,2708.98
ORD-202605-01908,2026-05-17,CUST-4644,Monitor Stand,Furniture,South,Vikram,3,1874.5
ORD-202605-01909,2026-05-26,CUST-0267,Headphones,Electronics,North,Sneha,6,2481.11
ORD-202605-01910,2026-05-05,CUST-4782,Study Table,Furniture,North,Sneha,5,5466.51
ORD-202605-01911,2026-05-25,CUST-2283,Pen Set,Office,North,Karan,5,291.07
ORD-202605-01912,2026-05-29,CUST-0032,USB Hub,Accessories,North,Amit,3,853.26
ORD-202605-01913,2026-05-18,CUST-4310,Laptop Stand,Accessories,Central,Sneha,6,1572.02
ORD-202605-01914,2026-05-21,CUST-4375,Keyboard,Electronics,Central,Amit,5,1266.98
ORD-202605-01915,2026-05-01,CUST-1322,Laptop Stand,Accessories,West,Priya,2,1584.1
ORD-202605-01916,2026-05-26,CUST-2865,USB Hub,Accessories,South,Karan,-1,822.52
ORD-202605-01917,2026-05-11,CUST-1187,Keyboard,Electronics,West,Ananya,6,1402.12
ORD-202605-01918,2026-05-02,CUST-0299,Monitor Stand,Furniture,South,Karan,4,2102.01
ORD-202605-01919,2026-05-20,CUST-0027,Study Table,Furniture,East,Sneha,7,5312.7
ORD-202605-01920,2026-05-02,CUST-2940,Wireless Mouse,Electronics,South,Ananya,7,834.76
ORD-202605-01921,2026-05-23,CUST-1108,Notebook,Office,North,Neha,2,202.2
ORD-202605-01922,2026-05-13,CUST-3897,Study Table,Furniture,East,Karan,7,5248.61
ORD-202605-01923,2026-05-20,CUST-1796,Keyboard,Electronics,South,Priya,6,1260.84
ORD-202605-01924,2026-05-30,CUST-2277,Keyboard,Electronics,,Amit,7,1316.88
ORD-202605-01925,2026-05-16,CUST-2240,Webcam,Electronics,West,Sneha,6,1900.03
ORD-202605-01926,2026-05-27,CUST-3893,Notebook,Office,South,Sneha,5,187.91
ORD-202605-01927,2026-05-18,CUST-2913,Notebook,Office,,Priya,4,212.97
ORD-202605-01928,2026-05-26,CUST-4234,Study Table,Furniture,East,Ananya,5,5984.95
ORD-202605-01929,2026-05-13,CUST-2222,Study Table,Furniture,West,,6,5692.88
ORD-202605-01930,2026-05-24,CUST-2259,Pen Set,Office,East,Sneha,2,305.37
ORD-202605-01931,2026-05-11,CUST-1496,Wireless Mouse,Electronics,East,Neha,3,-100.0
ORD-202605-01932,2026-05-20,CUST-2767,Headphones,Electronics,North,Neha,1,2360.27
ORD-202605-01933,2026-05-29,CUST-4741,Office Chair, Furniture,South,Neha,4,6684.05
ORD-202605-01934,2026-05-22,CUST-3714,Monitor Stand,Furniture,East,Karan,2,1807.17
ORD-202605-01935,2026-05-07,CUST-4844,Keyboard,Electronics,Central,Karan,3,1184.43
ORD-202605-01936,2026-05-13,CUST-0003,Study Table,Furniture,North,Sneha,3,5256.57
ORD-202605-01937,2026-05-05,CUST-2123,USB Hub,Accessories,South,Karan,1,831.84
ORD-202605-01938,2026-05-28,CUST-4075,Keyboard,Electronics,North,Priya,1,1269.94
ORD-202605-01939,2026-05-23,CUST-3386,Desk Organizer,Office,East,Sneha,6,574.68
ORD-202605-01940,2026-05-11,CUST-0507,Mouse Pad,Accessories,Central,Amit,4,426.81
ORD-202605-01941,2026-05-30,CUST-2970,Headphones,Electronics,Central,Karan,3,2744.26
ORD-202605-01942,2026-05-12,CUST-3422,Pen Set,Office,South,Rahul,3,284.77
ORD-202605-01943,2026-05-22,CUST-0184,Headphones,Electronics,East,Ananya,1,2341.32
ORD-202605-01944,2026-05-06,CUST-1451,Notebook,Office,Central,Rahul,5,188.9
ORD-202605-01945,2026-05-17,CUST-4898,Office Chair,Furniture,East,Vikram,7,6403.65
ORD-202605-01946,2026-05-02,CUST-4765,Laptop Stand,Accessories,East,Amit,7,1509.14
ORD-202605-01947,2026-05-26,CUST-3916,Headphones,Electronics,Central,Neha,2,2669.9
ORD-202605-01948,2026-05-07,CUST-4910,Office Chair,Furniture,West,,7,6745.24
ORD-202605-01949,2026-05-04,CUST-1329,Keyboard,Electronics,North,Sneha,2,1366.24
ORD-202605-01950,2026-05-04,CUST-0783,Webcam,Electronics,Central,Ananya,5,2057.95
ORD-202605-01951,2026-05-06,CUST-4267,Wireless Mouse,Electronics,Central,Rahul,2,721.87
ORD-202605-01952,2026-05-17,CUST-2932,Webcam,Electronics,Central,Priya,7,1931.31
ORD-202605-01953,2026-05-15,CUST-4475,Wireless Mouse,Electronics,West,Priya,5,762.56
ORD-202605-01954,2026-05-10,CUST-0110,Notebook,Office,East,Sneha,2,203.35
ORD-202605-01955,2026-05-25,CUST-1548,Keyboard,Electronics,North,Amit,3,1180.24
ORD-202605-01956,2026-05-13,CUST-4767,Wireless Mouse,Electronics,Central,Priya,4,720.87
ORD-202605-01957,2026-05-31,CUST-4567,Office Chair,Furniture,North,Rahul,1,6417.5
ORD-202605-01958,2026-05-15,CUST-4844,Keyboard,Electronics,Central,Karan,7,1370.0
ORD-202605-01959,2026-05-24,CUST-0112,Laptop Stand,Accessories,West,Priya,4,1460.02
ORD-202605-01960,2026-05-10,CUST-2255,Monitor Stand,Furniture,East,Rahul,7,2143.19
ORD-202605-01961,2026-05-18,CUST-3129,USB Hub,Accessories,South ,Sneha,5,852.15
ORD-202605-01962,2026-05-06,CUST-1660,USB Hub,Accessories,South,Neha,7,853.94
ORD-202605-01963,2026-05-13,CUST-4273,Pen Set,office,East,Amit,4,278.07
ORD-202605-01964,2026-05-04,CUST-3144,Notebook,Office,South,Neha,6,214.49
ORD-202605-01965,2026-05-22,CUST-0408,Office Chair,Furniture,South,Amit,5,7360.4
ORD-202605-01966,2026-05-28,CUST-3876,Monitor Stand,Furniture,West,Neha,1,1818.36
ORD-202605-01967,2026-05-20,CUST-3466,Notebook,Office,North,Neha,5,210.15
ORD-202605-01968,2026-05-11,CUST-4659,Monitor Stand,Furniture,Central,Vikram,6,2115.77
ORD-202605-01969,2026-05-08,CUST-4631,Keyboard,Electronics,North,Rahul,7,1190.16
ORD-202605-01970,2026-05-13,CUST-2097,Office Chair,Furniture,South,Amit,1,6457.78
ORD-202605-01971,2026-05-14,CUST-0194,Mouse Pad,Accessories,West,Rahul,5,412.52
ORD-202605-01972,2026-05-27,,Notebook,Office,Central,Sneha,6,187.23
ORD-202605-01973,2026-05-19,CUST-2269,Office Chair,Furniture,East,Rahul,3,6331.65
ORD-202605-01974,2026-05-12,CUST-2540,Webcam,Electronics,West,Vikram,2,1981.88
ORD-202605-01975,2026-05-11,CUST-2913,Notebook,Office,Central,Sneha,7,207.02
ORD-202605-01976,2026-05-24,CUST-1008,Headphones,Electronics,East,Neha,6,2290.85
ORD-202605-01977,2026-05-24,CUST-4338,Office Chair,Furniture,Central,Priya,3,6533.51
ORD-202605-01978,2026-05-07,CUST-0060,Keyboard,Electronics,North,Priya,6,1219.99
ORD-202605-01979,2026-05-15,CUST-3499,Headphones,Electronics,West,Rahul,1,2585.62
ORD-202605-01980,2026-05-03,CUST-4346,Laptop Stand,Accessories,North,Rahul,1,1436.7
ORD-202605-01981,2026-05-24,CUST-0182,Mouse Pad,Accessories,South,Ananya,2,382.28
ORD-202605-01982,2026-05-25,CUST-2216,Webcam,Electronics,West,Sneha,1,1888.83
ORD-202605-01983,2026-05-09,CUST-1474,Notebook,Office,North,Sneha,6,190.4
ORD-202605-01984,2026-05-18,CUST-3452,Office Chair,Furniture,South,Amit,6,7189.66
ORD-202605-01985,2026-05-04,CUST-3843,Keyboard,Electronics,North,Sneha,3,1178.11
ORD-202605-01986,2026-05-05,CUST-3881,Study Table,Furniture,Central,Karan,4,5602.09
ORD-202605-01987,2026-05-19,CUST-1641,Pen Set,Office,South,Amit,7,277.94
ORD-202605-01988,2026-05-15,CUST-1968,Notebook,Office,East,Sneha,3,180.19
ORD-202605-01989,2026-05-02,CUST-4995,Notebook,Office,Central,Rahul,4,193.1
ORD-202605-01990,2026-05-25,CUST-1934,Pen Set,Office,East,Vikram,3,319.35
ORD-202605-01991,2026-05-13,CUST-3941,Laptop Stand,Accessories,West,Amit,1,1414.76
ORD-202605-01992,2026-05-31,CUST-4894,Mouse Pad,Accessories,East,Vikram,1,373.84
ORD-202605-01993,2026-05-29,CUST-0752,Wireless Mouse,Electronics,South,Rahul,3,803.93
ORD-202605-01994,2026-05-12,CUST-4087,Keyboard,Electronics,East,Vikram,6,1316.87
ORD-202605-01995,2026-05-02,CUST-0763,Notebook,Office,West,Ananya,6,202.67
ORD-202605-01996,2026-05-13,CUST-3764,Study Table,Furniture,Central,Neha,7,5635.37
ORD-202605-01997,2026-05-13,CUST-1931,Wireless Mouse,Electronics,West,Ananya,2,811.59
ORD-202605-01998,2026-05-25,CUST-0704,Wireless Mouse,Electronics,North,Neha,2,742.81
ORD-202605-01999,2026-05-24,CUST-3829,Mouse Pad,Accessories,North,Neha,5,399.73
ORD-202605-02000,2026-05-02,CUST-1194,Pen Set,Office,Central,Rahul,4,281.87
ORD-202605-02001,2026-05-04,CUST-4415,Office Chair,Furniture,West,Sneha,1,6996.55
ORD-202605-02002,2026-05-19,CUST-4777,Headphones,Electronics,West,Amit,6,2314.45
ORD-202605-02003,2026-05-07,CUST-4516,Monitor Stand,Furniture,East,Priya,5,2026.43
ORD-202605-02004,2026-05-17,CUST-2223,Office Chair,Furniture,East,Amit,3,7391.01
ORD-202605-02005,2026-05-05,CUST-2433,Desk Organizer,Office,West,Ananya,2,647.11
ORD-202605-02006,2026-05-06,CUST-0213,Pen Set,Office,West,Karan,7,320.61
ORD-202605-02007,2026-05-15,CUST-2967,Monitor Stand,Furniture,Central,Neha,5,1870.86
ORD-202605-02008,2026-05-15,CUST-4176,Webcam,Electronics,South,Karan,3,1880.29
ORD-202605-02009,2026-05-22,CUST-1480,Monitor Stand,Furniture,East,Priya,5,1801.57
ORD-202605-02010,2026-05-31,CUST-0185,Office Chair,Furniture,North,Priya,7,6829.53
ORD-202605-02011,2026-05-27,CUST-0878,Desk Organizer,Office,South,Karan,5,603.15
ORD-202605-02012,2026-05-25,CUST-1837,Office Chair,Furniture,North,Ananya,1,7327.71
ORD-202605-02013,2026-05-02,CUST-3683,Wireless Mouse,Electronics,North,Rahul,3,763.24
ORD-202605-02014,2026-05-16,CUST-1839,Mouse Pad,Accessories,East,Karan,1,391.61
ORD-202605-02015,2026-05-10,CUST-3817,Pen Set,Office,West,Sneha,3,320.89
ORD-202605-02016,2026-05-24,CUST-1578,Notebook,Office,West,Rahul,4,205.22
ORD-202605-02017,2026-05-30,CUST-0537,Monitor Stand,Furniture,East,Priya,7,2024.26
ORD-202605-02018,2026-05-11,CUST-3811,Keyboard,Electronics,North,Karan,1,1298.19
ORD-202605-02019,2026-05-31,CUST-2959,Monitor Stand,Furniture,South,Amit,7,2003.9
ORD-202605-02020,2026-05-05,CUST-0748,USB Hub,Accessories,North,Priya,6,863.24
ORD-202605-02021,2026-05-01,CUST-3283,USB Hub,Accessories,South,Ananya,3,820.72
ORD-202605-02022,2026-05-11,CUST-0763,Pen Set,Office,Central,Vikram,6,303.74
ORD-202605-02023,2026-05-28,,Office Chair,Furniture,South,Amit,6,7522.3
ORD-202605-02024,2026-05-06,CUST-2270,Wireless Mouse,Electronics,North,Priya,1,878.47
ORD-202605-02025,2026-05-10,CUST-2430,Desk Organizer,Office,Central,Sneha,7,550.53
ORD-202605-02026,2026-05-15,CUST-4804,Laptop Stand,Accessories,North,Amit,1,1409.92
ORD-202605-02027,2026-05-19,CUST-3530,Pen Set,Office,North,Rahul,4,311.24
ORD-202605-02028,2026-05-31,CUST-0278,USB Hub,Accessories,South,Amit,4,909.16
ORD-202605-02029,2026-05-22,CUST-2490,Headphones,Electronics,East,Rahul,3,2683.87
ORD-202605-02030,2026-05-25,CUST-4043,Desk Organizer,Office,East,Priya,7,582.22
ORD-202605-02031,2026-05-25,,Desk Organizer,Office,East,Karan,1,608.13
ORD-202605-02032,2026-05-22,CUST-4816,Laptop Stand,Accessories,North,Neha,6,1621.29
ORD-202605-02033,2026-05-24,CUST-0839,Keyboard,Electronics,South,Vikram,6,1342.42
ORD-202605-02034,2026-05-12,CUST-0043,Monitor Stand,Furniture,North,Karan,3,1887.66
ORD-202605-02035,2026-05-08,CUST-4310,Laptop Stand,Accessories,South,Amit,2,1581.36
ORD-202605-02036,2026-05-05,CUST-1112,Office Chair,Furniture,Central,Priya,3,6504.06
ORD-202605-02037,2026-05-19,CUST-4970,Laptop Stand,Accessories,Central,Rahul,6,1380.91
ORD-202605-02038,2026-05-22,CUST-0282,Mouse Pad,Accessories,Central,Ananya,6,386.2
ORD-202605-02039,2026-05-20,CUST-3715,Office Chair,Furniture, East,Rahul,5,6986.52
ORD-202605-02040,2026-05-04,CUST-2736,Desk Organizer,Office,Central,Amit,3,621.37
ORD-202605-02041,2026-05-23,CUST-4885,Pen Set,Office,West,Sneha,7,316.27
ORD-202605-02042,2026-05-17,CUST-4767,Laptop Stand,Accessories ,East,Rahul,5,1541.43
ORD-202605-02043,2026-05-07,CUST-3801,Keyboard,Electronics,East,Priya,1,1363.79
ORD-202605-02044,2026-05-27,CUST-4184,Mouse Pad,Accessories,West,Vikram,1,438.78
ORD-202605-02045,2026-05-30,CUST-2971,USB Hub,Accessories,South,Karan,5,813.99
ORD-202605-02046,2026-05-28,CUST-3056,Notebook,Office,North,Rahul,6,213.37
ORD-202605-02047,2026-05-08,CUST-2994,Mouse Pad,Accessories,South,Neha,-1,403.47
ORD-202605-02048,2026-05-15,CUST-4714,Webcam,Electronics,West,Rahul,2,1857.2
ORD-202605-02049,2026-05-09,CUST-0209,Wireless Mouse,Electronics,South,Sneha,6,746.44
ORD-202605-02050,2026-05-01,CUST-2310,Office Chair,Furniture,West,Sneha,3,7686.36
ORD-202605-02051,2026-05-17,CUST-0176,Keyboard,Electronics,East,Neha,5,1327.65
ORD-202605-02052,2026-05-29,CUST-4919,Notebook,Office,East,Neha,5,203.82
ORD-202605-02053,2026-05-02,CUST-1369,Notebook,Office,Central,Neha,2,-100.0
ORD-202605-02054,2026-05-17,CUST-1019,Mouse Pad,Accessories,South,,2,424.69
ORD-202605-02055,2026-05-11,CUST-4773,Keyboard,Electronics,South,Ananya,6,1296.3
ORD-202605-02056,2026-05-21,CUST-3993,Laptop Stand,Accessories,West,Ananya,7,1383.06
ORD-202605-02057,2026-05-04,CUST-0856,Mouse Pad,Accessories,North,Neha,5,364.6
ORD-202605-02058,2026-05-31,CUST-0353,Study Table,Furniture,Central,Rahul,3,6029.25
ORD-202605-02059,2026-05-06,CUST-4487,Monitor Stand,Furniture,North,Neha,3,1804.67
ORD-202605-02060,2026-05-04,CUST-0020,Laptop Stand,Accessories,South,Sneha,4,1610.02
ORD-202605-02061,2026-05-11,CUST-2890,Pen Set,Office,North,Priya,6,276.61
ORD-202605-02062,2026-05-26,CUST-2490,Keyboard,Electronics,West,Amit,7,1349.25
ORD-202605-02063,2026-05-24,CUST-3055,Mouse Pad,Accessories,East,Priya,6,376.32
ORD-202605-02064,2026-05-29,CUST-3948,Keyboard,Electronics,South,Amit,7,1308.72
ORD-202605-02065,2026-05-23,CUST-4492,USB Hub,Accessories,South,Karan,4,814.74
ORD-202605-02066,2026-05-04,CUST-0237,Study Table,Furniture,South,Priya,7,5877.86
ORD-202605-02067,2026-05-09,CUST-3022,Keyboard,Electronics,South,Sneha,5,1235.47
ORD-202605-02068,2026-05-31,CUST-3966,Laptop Stand,Accessories,South,Ananya,7,1582.78
ORD-202605-02069,2026-05-08,CUST-4939,USB Hub,Accessories,East,Neha,1,966.47
ORD-202605-02070,2026-05-31,CUST-4667,Pen Set,Office,East,Ananya,6,297.35
ORD-202605-02071,2026-05-16,CUST-0014,Pen Set,Office,East,Neha,7,326.63
ORD-202605-02072,2026-05-07,CUST-0204,Monitor Stand,Furniture,South,Priya,1,2056.79
ORD-202605-02073,2026-05-03,CUST-1093,Pen Set,Office,East,Amit,7,281.1
ORD-202605-02074,2026-05-19,CUST-0402,Webcam,Electronics,South,Neha,2,1874.71
ORD-202605-02075,2026-05-31,CUST-0121,Office Chair,Furniture,South,Priya,4,6702.69
ORD-202605-02076,2026-05-14,CUST-4098,Pen Set,Office,West,Rahul,5,313.34
ORD-202605-02077,2026-05-14,CUST-2272,Mouse Pad,Accessories,East,Ananya,1,424.22
ORD-202605-02078,2026-05-24,CUST-0788,Notebook,Office,Central,Neha,5,183.56
ORD-202605-02079,2026-05-09,CUST-3849,Mouse Pad,Accessories,North,Karan,6,375.92
ORD-202605-02080,2026-05-31,CUST-0798,Wireless Mouse,Electronics,North,Vikram,5,725.61
ORD-202605-02081,2026-05-24,CUST-2851,Wireless Mouse,Electronics,East,Sneha,2,830.06
ORD-202605-02082,2026-05-31,CUST-2638,Laptop Stand,Accessories,South,Ananya,1,1538.87
ORD-202605-02083,2026-05-05,CUST-3206,Pen Set,Office,Central,Ananya,5,283.14
ORD-202605-02084,2026-05-18,CUST-3037,Keyboard,Electronics,South,Neha,2,1335.52
ORD-202605-02085,2026-05-05,,USB Hub,Accessories,South,Neha,2,887.74
ORD-202605-02086,2026-05-23,CUST-1446,Webcam,Electronics,East,Karan,5,1973.82
ORD-202605-02087,2026-05-06,CUST-3933,Desk Organizer,Office,West,Rahul,3,637.04
ORD-202605-02088,2026-05-31,CUST-2668,Study Table,Furniture,North,Amit,4,5150.21
ORD-202605-02089,2026-05-15,CUST-3066,Study Table,Furniture,Central,Neha,7,5665.39
ORD-202605-02090,2026-05-01,CUST-0864,Laptop Stand,Accessories,North,Ananya,5,1527.34
ORD-202605-02091,2026-05-28,CUST-2555,Office Chair,Furniture,West,Vikram,2,6860.25
ORD-202605-02092,2026-05-05,CUST-0135,Wireless Mouse,Electronics,North,Vikram,2,776.51
ORD-202605-02093,2026-05-13,CUST-0872,Webcam,Electronics,Central,Amit,7,2076.56
ORD-202605-02094,2026-05-14,CUST-0361,Study Table,Furniture,South,Ananya,4,5002.97
ORD-202605-02095,2026-05-07,CUST-3803,Mouse Pad,Accessories,Central,Ananya,3,411.92
ORD-202605-02096,2026-05-25,CUST-2032,Study Table,Furniture,South,Sneha,1,5906.06
ORD-202605-02097,2026-05-21,CUST-2993,Pen Set,Office,South,Ananya,3,324.07
ORD-202605-02098,2026-05-11,CUST-0912,Notebook,Office,South,Ananya,1,207.48
ORD-202605-02099,2026-05-04,CUST-0390,Laptop Stand,Accessories,East,Sneha,3,1469.46
ORD-202605-02100,2026-05-13,CUST-3185,Laptop Stand,Accessories,Central,Rahul,3,1365.56
ORD-202605-02101,2026-05-13,CUST-1805,Wireless Mouse,Electronics,East,Priya,2,824.48
ORD-202605-02102,2026-05-29,CUST-2730,Office Chair,Furniture,South,Rahul,1,7372.36
ORD-202605-02103,2026-05-06,CUST-3595,Laptop Stand,Accessories,Central,Priya,7,1442.42
ORD-202605-02104,2026-05-01,CUST-3018,Keyboard,Electronics,East,Rahul,3,1287.32
ORD-202605-02105,2026-05-06,CUST-3930,Pen Set,Office,Central,Karan,4,278.66
ORD-202605-02106,2026-05-08,CUST-0555,Notebook,Office,West,Amit,3,186.27
ORD-202605-02107,2026-05-09,CUST-2158,Monitor Stand,Furniture,Central,Vikram,4,-100.0
ORD-202605-02108,2026-05-31,CUST-4564,Keyboard,Electronics,South,Karan,4,1235.01
ORD-202605-02109,2026-05-06,CUST-0983,Office Chair,Furniture,North,Vikram,2,7167.07
ORD-202605-02110,2026-05-07,CUST-4325,Study Table,Furniture,East,Priya,1,5320.17
ORD-202605-02111,2026-05-20,CUST-2540,Headphones,Electronics,South,Sneha,3,2491.16
ORD-202605-02112,2026-05-24,CUST-1831,Desk Organizer,Office, East,Priya,4,610.87
ORD-202605-02113,2026-05-23,CUST-2140,Mouse Pad,Accessories,North,Neha,7,421.85
ORD-202605-02114,2026-05-03,CUST-2191,Study Table,Furniture,Central,Amit,2,5290.12
ORD-202605-02115,2026-05-30,CUST-4631,Keyboard,Electronics,Central,Priya,2,1210.1
ORD-202605-02116,2026-05-03,CUST-2229,Monitor Stand,Furniture,North,Neha,4,1958.14
ORD-202605-02117,2026-05-28,CUST-0667,Notebook,Office,North,Rahul,7,208.79
ORD-202605-02118,2026-05-11,CUST-2147,Office Chair,Furniture,South,Sneha,2,6512.65
ORD-202605-02119,2026-05-24,CUST-4002,USB Hub,Accessories,West,Neha,4,816.04
ORD-202605-02120,2026-05-18,CUST-2056,Webcam,Electronics,West,Amit,5,1782.63
ORD-202605-02121,2026-05-02,CUST-1067,Pen Set,Office,East,Amit,7,328.24
ORD-202605-02122,2026-05-21,CUST-2495,Pen Set,Office,Central,Sneha,2,284.61
ORD-202605-02123,2026-05-27,CUST-4966,Office Chair,Furniture,North,Vikram,3,7313.2
ORD-202605-02124,2026-05-09,CUST-3112,Monitor Stand,Furniture,South,Sneha,1,2197.84
ORD-202605-02125,2026-05-27,CUST-2996,USB Hub,Accessories,East,Rahul,3,885.18
ORD-202605-02126,2026-05-13,CUST-2264,Headphones,Electronics,East,,7,2399.29
ORD-202605-02127,2026-05-30,CUST-4614,Office Chair,Furniture,South,Rahul,5,7054.46
ORD-202605-02128,2026-05-30,CUST-1246,Headphones,Electronics,North,Ananya,5,2702.67
ORD-202605-02129,2026-05-09,CUST-4717,Study Table,Furniture,North,Neha,5,5256.67
ORD-202605-02130,2026-05-05,CUST-3017,Desk Organizer,Office,Central,Priya,6,628.68
ORD-202605-02131,2026-05-05,CUST-2480,Study Table,Furniture,West,Vikram,2,5384.95
ORD-202605-02132,2026-05-01,CUST-1588,Pen Set,Office,South,Ananya,1,292.52
ORD-202605-02133,2026-05-06,CUST-0440,Laptop Stand,Accessories,,Karan,5,1391.88
ORD-202605-02134,2026-05-15,CUST-0472,USB Hub,Accessories,South,Karan,5,909.86
ORD-202605-02135,2026-05-25,CUST-0838,Desk Organizer,Office,West,Amit,4,546.81
ORD-202605-02136,2026-05-30,CUST-2022,Keyboard,Electronics,North,Amit,4,1338.31
ORD-202605-02137,2026-05-05,CUST-1556,Wireless Mouse,Electronics,East,Karan,1,860.43
ORD-202605-02138,2026-05-27,CUST-2960,Desk Organizer,Office,West,Ananya,7,573.29
ORD-202605-02139,2026-05-19,CUST-0464,Desk Organizer,Office,West,Rahul,2,594.56
ORD-202605-02140,2026-05-09,CUST-1295,Laptop Stand,Accessories,North,Amit,5,1470.82
ORD-202605-02141,2026-05-01,CUST-1091,Pen Set,Office,South,Rahul,3,312.58
ORD-202605-02142,2026-05-05,CUST-4920,Study Table,Furniture,East,Amit,2,5849.5
ORD-202605-02143,2026-05-01,CUST-3710,Mouse Pad,Accessories,West,Priya,1,388.4
ORD-202605-02144,2026-05-14,CUST-4462,Notebook,Office,West,Priya,2,206.29
ORD-202605-02145,2026-05-30,CUST-4008,Study Table,Furniture,East,Karan,5,5019.44
ORD-202605-02146,2026-05-31,CUST-1252,Desk Organizer,Office,Central,Priya,2,608.58
ORD-202605-02147,2026-05-02,CUST-2273,Webcam,Electronics,South,Sneha,5,1897.73
ORD-202605-02148,2026-05-24,CUST-4528,Headphones,Electronics,West,Karan,5,2271.09
ORD-202605-02149,2026-05-28,CUST-4535,Wireless Mouse,Electronics,Central,Sneha,2,856.86
ORD-202605-02150,2026-05-26,CUST-1115,Pen Set,Office,North,Amit,4,295.18
ORD-202605-02151,2026-05-09,CUST-4644,Study Table,Furniture,West,Ananya,4,5851.23
ORD-202605-02152,2026-05-11,CUST-4141,Monitor Stand,Furniture,East,Amit,7,1972.86
ORD-202605-02153,2026-05-07,CUST-1324,Webcam,Electronics,South,Ananya,6,1832.81
ORD-202605-02154,2026-05-10,CUST-1048,Headphones,Electronics,South,Ananya,6,2478.84
ORD-202605-02155,2026-05-05,CUST-0375,Study Table,Furniture,West,Vikram,3,5298.82
ORD-202605-02156,2026-05-01,CUST-1734,Desk Organizer,Office,East,Priya,1,556.75
ORD-202605-02157,2026-05-22,CUST-4681,Webcam,Electronics,Central,Rahul,3,1921.34
ORD-202605-02158,2026-05-17,CUST-3967,USB Hub,Accessories,North,Sneha,7,817.58
ORD-202605-02159,2026-05-05,CUST-2038,Headphones,Electronics,North,Neha,3,2256.64
ORD-202605-02160,2026-05-15,CUST-2632,Keyboard,Electronics,Central,Rahul,6,1294.93
ORD-202605-02161,2026-05-22,CUST-1171,Webcam,Electronics,Central,Ananya,1,1968.2
ORD-202605-02162,2026-05-07,CUST-0811,Study Table,Furniture,Central,Sneha,1,5928.16
ORD-202605-02163,2026-05-26,CUST-2202,Notebook,Office,South,Priya,4,190.05
ORD-202605-02164,2026-05-04,CUST-4556,USB Hub,Accessories,,Neha,7,907.06
ORD-202605-02165,2026-05-24,,Desk Organizer,Office,North,Neha,6,649.33
ORD-202605-02166,2026-05-21,CUST-2461,Laptop Stand,Accessories,East,Amit,5,1376.72
ORD-202605-02167,2026-05-13,CUST-3747,Headphones,Electronics,South,Vikram,2,2407.9
ORD-202605-02168,2026-05-15,CUST-2856,Office Chair,Furniture,East,Sneha,3,6542.89
ORD-202605-02169,2026-05-27,CUST-0075,Laptop Stand,Accessories,West,Priya,2,1536.44
ORD-202605-02170,2026-05-22,CUST-4207,Wireless Mouse,Electronics,West,Sneha,1,876.58
ORD-202605-02171,2026-05-17,CUST-3277,Wireless Mouse,Electronics,North,Neha,1,823.65
ORD-202605-02172,2026-05-06,CUST-1960,Notebook,Office,West,Rahul,6,214.32
ORD-202605-02173,2026-05-17,CUST-0004,Wireless Mouse,Electronics,,,1,831.23
ORD-202605-02174,2026-05-02,CUST-1470,Wireless Mouse,Electronics,Central,Priya,2,819.44
ORD-202605-02175,2026-05-01,CUST-0877,Webcam,Electronics,South,Vikram,3,1836.18
ORD-202605-02176,2026-05-06,CUST-4786,Monitor Stand,Furniture,South,Vikram,4,2085.56
ORD-202605-02177,2026-05-09,CUST-0420,Webcam,Electronics,Central,Rahul,7,1749.13
ORD-202605-02178,2026-05-22,CUST-0372,Study Table,Furniture,South,Karan,7,4976.48
ORD-202605-02179,2026-05-09,CUST-3030,Mouse Pad,Accessories,East,Amit,7,413.48
ORD-202605-02180,2026-05-01,CUST-2784,Pen Set,Office,Central,Rahul,6,323.4
ORD-202605-02181,2026-05-18,CUST-4779,Webcam,Electronics,South,Rahul,1,1979.41
ORD-202605-02182,2026-05-21,CUST-1982,Mouse Pad,Accessories,North,Neha,4,376.95
ORD-202605-02183,2026-05-25,CUST-0841,Webcam,Electronics,Central,Karan,6,2027.96
ORD-202605-02184,2026-05-14,CUST-1358,Office Chair,Furniture,East,Rahul,3,7035.17
ORD-202605-02185,2026-05-20,CUST-2014,Study Table,Furniture,South,Amit,7,5134.18
ORD-202605-02186,2026-05-28,CUST-0395,Desk Organizer,Office,South,Neha,5,613.78
ORD-202605-02187,2026-05-31,CUST-2159,Keyboard,Electronics,Central,Amit,5,1200.48
ORD-202605-02188,2026-05-17,CUST-4321,USB Hub,Accessories,South,Karan,5,851.3
ORD-202605-02189,2026-05-14,CUST-1528,Headphones,Electronics,South,Neha,2,2616.55
ORD-202605-02190,2026-05-24,CUST-3626,Headphones,Electronics,East,Amit,2,2731.46
ORD-202605-02191,2026-05-26,CUST-0767,Wireless Mouse,Electronics,South ,Amit,1,-100.0
ORD-202605-02192,2026-05-18,CUST-2466,Office Chair,Furniture,West,Amit,6,6572.85
ORD-202605-02193,2026-05-30,CUST-2691,Pen Set,Office,West,Ananya,6,278.13
ORD-202605-02194,2026-05-19,CUST-4139,Pen Set,Office,North,Ananya,1,302.9
ORD-202605-02195,2026-05-08,CUST-3286,Webcam,Electronics,West,Vikram,2,1713.53
ORD-202605-02196,2026-05-08,CUST-2311,Laptop Stand,Accessories,South,Ananya,2,1566.16
ORD-202605-02197,2026-05-03,CUST-0568,Pen Set,Office,Central ,Neha,5,305.05
ORD-202605-02198,2026-05-12,CUST-4843,USB Hub,Accessories,East,Rahul,2,933.06
ORD-202605-02199,2026-05-05,CUST-1116,Headphones,Electronics,West,Priya,1,2428.42
ORD-202605-02200,2026-05-26,CUST-0749,Desk Organizer,Office,Central,Vikram,5,551.81
ORD-202605-02201,2026-05-04,CUST-3945,Desk Organizer,Office,East,Sneha,1,654.79
ORD-202605-02202,2026-05-31,CUST-4793,Pen Set,Office,West,Rahul,1,318.99
ORD-202605-02203,2026-05-29,CUST-1940,Headphones,Electronics,West,Sneha,1,2520.6
ORD-202605-02204,2026-05-13,CUST-4636,Study Table,Furniture,East,Amit,7,5150.23
ORD-202605-02205,2026-05-12,CUST-0505,Study Table,Furniture,Central,Rahul,7,6007.43
ORD-202605-02206,2026-05-17,CUST-4654,Wireless Mouse,Electronics,South,Sneha,5,769.43
ORD-202605-02207,2026-05-01,CUST-2901,Pen Set,Office,Central,Priya,4,322.18
ORD-202605-02208,2026-05-09,CUST-0494,Pen Set,Office,Central,,7,282.14
ORD-202605-02209,2026-05-18,CUST-1913,Desk Organizer,Office,South,Karan,1,573.46
ORD-202605-02210,2026-05-07,CUST-1694,Laptop Stand,Accessories,West,Vikram,1,1449.73
ORD-202605-02211,2026-05-16,CUST-1667,Laptop Stand,Accessories,East,Sneha,4,1471.79
ORD-202605-02212,2026-05-18,CUST-3860,Webcam,Electronics,North,Priya,2,2053.31
ORD-202605-02213,2026-05-11,CUST-1597,Study Table,Furniture,West,Vikram,4,5976.72
ORD-202605-02214,2026-05-03,CUST-2561,Study Table,Furniture,South,Amit,6,5034.09
ORD-202605-02215,2026-05-04,CUST-4827,Laptop Stand,Accessories,North,Neha,1,1601.11
ORD-202605-02216,2026-05-23,CUST-4028,USB Hub,Accessories,West,Karan,6,879.68
ORD-202605-02217,2026-05-13,CUST-2146,Desk Organizer,Office,South,Amit,7,611.17
ORD-202605-02218,2026-05-04,CUST-2596,USB Hub,Accessories,East,Rahul,2,837.32
ORD-202605-02219,2026-05-19,CUST-2460,Notebook,Office,South,Vikram,7,183.73
ORD-202605-02220,2026-05-02,CUST-0897,Webcam,Electronics,East,Sneha,6,1888.75
ORD-202605-02221,2026-05-31,CUST-2920,Pen Set,Office,North,Neha,3,310.7
ORD-202605-02222,2026-05-07,CUST-1144,Desk Organizer,office,South,Rahul,6,648.84
ORD-202605-02223,2026-05-13,CUST-4498,Laptop Stand,Accessories,West,Vikram,7,1644.82
ORD-202605-02224,2026-05-28,CUST-4478,USB Hub,Accessories,Central,Amit,3,957.73
ORD-202605-02225,2026-05-19,CUST-0108,Study Table,Furniture,West,Karan,6,5852.35
ORD-202605-02226,2026-05-04,CUST-1888,USB Hub,Accessories,North,Sneha,3,831.06
ORD-202605-02227,2026-05-14,CUST-1123,Headphones,Electronics,South,Sneha,5,2461.7
ORD-202605-02228,2026-05-19,CUST-2299,Pen Set,Office,South,Vikram,3,311.54
ORD-202605-02229,2026-05-20,CUST-4764,Mouse Pad,Accessories,North,Sneha,1,400.8
ORD-202605-02230,2026-05-15,CUST-4035,Pen Set,Office,South,Ananya,6,282.45
ORD-202605-02231,2026-05-10,CUST-3045,Office Chair,Furniture,South,Amit,1,6585.95
ORD-202605-02232,2026-05-20,CUST-4267,Monitor Stand,Furniture,Central,Karan,3,2016.62
ORD-202605-02233,2026-05-07,CUST-2621,Laptop Stand,Accessories,North,Amit,5,1610.57
ORD-202605-02234,2026-05-13,CUST-1670,Laptop Stand,Accessories,Central,Neha,1,1432.41
ORD-202605-02235,2026-05-21,CUST-2875,Headphones,Electronics,West,Sneha,2,2386.04
ORD-202605-02236,2026-05-15,CUST-0690,Monitor Stand,Furniture,South,Rahul,4,2178.42
ORD-202605-02237,2026-05-01,CUST-2940,Pen Set,Office,West,Karan,3,285.65
ORD-202605-02238,2026-05-31,CUST-0547,Mouse Pad,Accessories,South,Karan,1,366.2
ORD-202605-02239,2026-05-09,CUST-2898,Study Table,Furniture,Central,,5,5393.43
ORD-202605-02240,2026-05-10,CUST-4447,Wireless Mouse,Electronics,West,Vikram,4,833.43
ORD-202605-02241,2026-05-01,CUST-0113,Monitor Stand,Furniture,West,Vikram,1,2195.74
ORD-202605-02242,2026-05-06,CUST-2747,Desk Organizer,Office,West,Ananya,3,581.98
ORD-202605-02243,2026-05-04,CUST-3061,Laptop Stand,Accessories,North,Amit,4,1353.0
ORD-202605-02244,2026-05-02,CUST-1897,USB Hub,Accessories,West ,Rahul,5,876.01
ORD-202605-02245,2026-05-01,CUST-3395,Office Chair,Furniture,North,Neha,2,7073.57
ORD-202605-02246,2026-05-20,CUST-2023,Study Table,Furniture,North,Karan,2,5198.23
ORD-202605-02247,2026-05-03,CUST-4586,Keyboard,Electronics,West,Amit,3,1332.77
ORD-202605-02248,2026-05-04,CUST-3568,USB Hub,Accessories,East,Neha,6,842.29
ORD-202605-02249,2026-05-10,CUST-2460,Mouse Pad,Accessories,North,Priya,2,436.56
ORD-202605-02250,2026-05-27,CUST-1326,Keyboard,Electronics,West,Ananya,7,1209.69
ORD-202605-02251,2026-05-01,CUST-3485,Laptop Stand,Accessories,North,Vikram,1,1566.97
ORD-202605-02252,2026-05-19,CUST-3323,Pen Set,Office,North,Vikram,6,313.93
ORD-202605-02253,2026-05-12,CUST-4770,Webcam,Electronics,Central,Ananya,7,1917.74
ORD-202605-02254,2026-05-25,CUST-2163,Laptop Stand,Accessories,North,Amit,3,1428.4
ORD-202605-02255,2026-05-27,CUST-3736,Keyboard,Electronics,East,Amit,3,1275.37
ORD-202605-02256,2026-05-23,CUST-1861,Pen Set,Office,East,Neha,4,314.05
ORD-202605-02257,2026-05-29,CUST-3028,Wireless Mouse,Electronics,Central,Rahul,5,782.83
ORD-202605-02258,2026-05-24,CUST-2725,Webcam,Electronics,North,Karan,6,1866.16
ORD-202605-02259,2026-05-20,CUST-0369,Monitor Stand,Furniture,South,Priya,7,2011.74
ORD-202605-02260,2026-05-31,CUST-3422,Laptop Stand,Accessories,Central,Sneha,6,1539.05
ORD-202605-02261,2026-05-03,CUST-4755,Desk Organizer,Office,South,Rahul,3,636.37
ORD-202605-02262,2026-05-19,CUST-2519,Mouse Pad,Accessories,East,Sneha,1,-100.0
ORD-202605-02263,2026-05-07,CUST-4754,Headphones, Electronics,North,Amit,4,2262.96
ORD-202605-02264,2026-05-10,,Mouse Pad,Accessories,West,Rahul,1,422.05
ORD-202605-02265,2026-05-20,CUST-2056,Mouse Pad,Accessories,Central,Karan,6,412.88
ORD-202605-02266,2026-05-19,CUST-1708,Monitor Stand,Furniture,Central,Priya,1,2177.0
ORD-202605-02267,2026-05-17,CUST-4119,Monitor Stand,Furniture,South,Sneha,1,1942.28
ORD-202605-02268,2026-05-17,CUST-1278,Notebook,Office,North,Amit,4,215.5
ORD-202605-02269,2026-05-17,CUST-2573,Monitor Stand,Furniture,East,Priya,5,1843.53
ORD-202605-02270,2026-05-07,CUST-2661,Notebook,Office,Central,Sneha,2,195.07
ORD-202605-02271,2026-05-16,CUST-2395,Keyboard,Electronics,East,Priya,5,1278.91
ORD-202605-02272,2026-05-10,CUST-1785,Study Table,Furniture,North,Ananya,5,5014.4
ORD-202605-02273,2026-05-10,CUST-3899,Desk Organizer,Office,East,Sneha,2,583.9
ORD-202605-02274,2026-05-21,CUST-4540,Wireless Mouse,Electronics,Central,Neha,7,768.08
ORD-202605-02275,2026-05-10,CUST-3869,Wireless Mouse,Electronics,East,Neha,2,853.58
ORD-202605-02276,2026-05-15,CUST-3155,Monitor Stand,Furniture,West,Ananya,1,2015.15
ORD-202605-02277,2026-05-13,CUST-2171,Laptop Stand,Accessories,East,Rahul,7,1369.33
ORD-202605-02278,2026-05-10,CUST-2207,Laptop Stand,Accessories,South,Priya,6,1478.41
ORD-202605-02279,2026-05-31,CUST-3964,Notebook,Office,West,Priya,6,190.21
ORD-202605-02280,,CUST-4234,Office Chair,Furniture,North,Vikram,1,6576.31
ORD-202605-02281,2026-05-05,CUST-0785,Notebook,Office,South,Sneha,4,197.76
ORD-202605-02282,2026-05-09,CUST-4730,Notebook,Office,East,Ananya,1,191.88
ORD-202605-02283,2026-05-06,CUST-3184,Wireless Mouse,Electronics,West,Karan,6,794.86
ORD-202605-02284,2026-05-31,CUST-2224,Study Table,Furniture,South,Priya,4,5447.3
ORD-202605-02285,2026-05-25,CUST-1393,Headphones,Electronics,South,Vikram,7,2377.25
ORD-202605-02286,2026-05-24,CUST-3208,Laptop Stand,Accessories,Central,Rahul,7,1405.88
ORD-202605-02287,2026-05-10,CUST-3003,Notebook,Office,West,Neha,3,204.07
ORD-202605-02288,2026-05-05,CUST-1732,Study Table,Furniture,West,Amit,3,5647.57
ORD-202605-02289,2026-05-30,CUST-2181,Mouse Pad,Accessories,Central,Neha,7,376.94
ORD-202605-02290,2026-05-11,CUST-2412,Monitor Stand,Furniture,,Sneha,4,1844.86
ORD-202605-02291,2026-05-23,CUST-1507,Headphones,Electronics,Central,Amit,6,2634.11
ORD-202605-02292,2026-05-09,CUST-2740,Webcam,Electronics,North,Neha,7,2004.86
ORD-202605-02293,2026-05-14,CUST-4340,Desk Organizer,Office,West,Amit,3,603.99
ORD-202605-02294,2026-05-08,CUST-1394,Pen Set,Office,West,Rahul,5,301.48
ORD-202605-02295,2026-05-08,CUST-0699,Webcam,Electronics,West,Karan,6,-100.0
ORD-202605-02296,2026-05-08,CUST-4049,Headphones,Electronics,North,Neha,3,2671.85
ORD-202605-02297,2026-05-14,CUST-4926,Laptop Stand,Accessories,West,Ananya,5,1459.22
ORD-202605-02298,,CUST-0862,Pen Set,Office, East,Sneha,3,282.7
ORD-202605-02299,2026-05-01,CUST-4352,Desk Organizer,Office,East,Vikram,6,590.28
ORD-202605-02300,2026-05-11,CUST-4204,Monitor Stand,Furniture,South,Vikram,2,1856.72
ORD-202605-02301,2026-05-27,,Pen Set,Office,South,Karan,4,284.9
ORD-202605-02302,2026-05-02,CUST-0675,Pen Set,Office,Central,Vikram,1,293.48
ORD-202605-02303,2026-05-22,CUST-4840,Laptop Stand,Accessories,North,Sneha,7,1416.14
ORD-202605-02304,2026-05-24,CUST-4219,Desk Organizer,Office,Central,Vikram,1,569.9
ORD-202605-02305,2026-05-30,CUST-1683,Notebook,Office,West,Priya,1,198.79
ORD-202605-02306,2026-05-06,CUST-4401,Study Table,Furniture,East,Priya,6,5732.7
ORD-202605-02307,2026-05-22,CUST-3053,Keyboard,Electronics,South,Amit,2,1291.31
ORD-202605-02308,2026-05-04,CUST-1621,Pen Set,Office,South,Vikram,4,328.39
ORD-202605-02309,2026-05-25,CUST-0855,Webcam,Electronics,Central,Neha,7,1742.97
ORD-202605-02310,2026-05-24,CUST-4152,Webcam,Electronics,West,Priya,1,1903.43
ORD-202605-02311,2026-05-25,CUST-0283,Wireless Mouse,Electronics,South,Vikram,2,783.44
ORD-202605-02312,2026-05-24,CUST-1091,Pen Set,Office,East,Vikram,3,280.74
ORD-202605-02313,2026-05-19,CUST-2289,Webcam,Electronics,West,Neha,6,1718.3
ORD-202605-02314,2026-05-14,CUST-2243,Monitor Stand,Furniture,West,Ananya,2,1805.73
ORD-202605-02315,2026-05-14,CUST-1266,Mouse Pad,Accessories,East,Neha,7,415.06
ORD-202605-02316,2026-05-28,CUST-2963,Desk Organizer,Office,South,Ananya,3,610.32
ORD-202605-02317,2026-05-17,CUST-4694,Mouse Pad,Accessories,South,Amit,5,408.96
ORD-202605-02318,2026-05-13,CUST-4961,Webcam,Electronics,East,Rahul,5,1807.59
ORD-202605-02319,2026-05-25,CUST-1625,Pen Set,Office,East,Karan,4,304.66
ORD-202605-02320,2026-05-16,CUST-1972,Study Table,Furniture,East,Amit,1,5310.42
ORD-202605-02321,2026-05-05,CUST-2486,Pen Set,Office,Central,Ananya,3,325.19
ORD-202605-02322,2026-05-25,CUST-0882,Monitor Stand,Furniture,South,Neha,6,1810.47
ORD-202605-02323,2026-05-20,CUST-3387,Webcam,Electronics,East,Ananya,2,2077.77
ORD-202605-02324,2026-05-05,CUST-4671,Webcam,Electronics,East,Priya,1,2081.23
ORD-202605-02325,2026-05-21,CUST-4775,Keyboard,Electronics,North,Vikram,4,1419.85
ORD-202605-02326,2026-05-02,CUST-1656,Laptop Stand,Accessories,Central,Priya,1,1606.69
ORD-202605-02327,2026-05-31,CUST-1631,Monitor Stand,Furniture,East,Priya,3,1941.47
ORD-202605-02328,2026-05-20,CUST-4010,Keyboard,Electronics,West,Sneha,6,1399.52
ORD-202605-02329,2026-05-11,CUST-1659,Notebook,Office,East,Rahul,2,188.96
ORD-202605-02330,2026-05-12,CUST-4832,Monitor Stand,Furniture,Central,Ananya,5,1935.85
ORD-202605-02331,2026-05-29,CUST-3028,Notebook,Office,Central,Priya,1,218.67
ORD-202605-02332,2026-05-08,CUST-4295,Notebook,Office,East,Amit,1,188.58
ORD-202605-02333,2026-05-03,CUST-0274,Desk Organizer,Office,West,Vikram,3,575.78
ORD-202605-02334,2026-05-26,CUST-1140,Laptop Stand,Accessories,Central,Rahul,1,1580.29
ORD-202605-02335,2026-05-16,CUST-3004,Pen Set,Office,South,Priya,5,316.9
ORD-202605-02336,2026-05-19,CUST-0124,Webcam,Electronics,South,Amit,6,1839.92
ORD-202605-02337,2026-05-07,CUST-2846,Study Table,Furniture,East,Rahul,1,5852.98
ORD-202605-02338,2026-05-28,CUST-4581,Notebook,Office,East,Ananya,1,200.75
ORD-202605-02339,2026-05-18,,USB Hub,Accessories,East,Sneha,4,925.06
ORD-202605-02340,2026-05-14,CUST-4628,Monitor Stand,Furniture,East,Sneha,6,2149.85
ORD-202605-02341,2026-05-19,CUST-4480,Mouse Pad,Accessories,North,Rahul,2,392.85
ORD-202605-02342,2026-05-19,CUST-1281,Mouse Pad,Accessories,North,Sneha,5,369.89
ORD-202605-02343,2026-05-17,CUST-4398,Webcam,Electronics,Central,Neha,3,2036.77
ORD-202605-02344,2026-05-27,CUST-3243,Monitor Stand,Furniture,Central,,6,2028.35
ORD-202605-02345,2026-05-19,CUST-1346,Pen Set,Office,Central,Ananya,5,325.5
ORD-202605-02346,2026-05-14,CUST-0316,Desk Organizer,Office,Central,Ananya,4,611.3
ORD-202605-02347,2026-05-26,CUST-0752,Study Table,Furniture ,East,Amit,4,5058.43
ORD-202605-02348,2026-05-23,CUST-2901,Desk Organizer,Office,East,Amit,5,576.38
ORD-202605-02349,2026-05-04,CUST-2697,Monitor Stand,Furniture,East,Amit,3,2113.51
ORD-202605-02350,2026-05-08,CUST-3601,Keyboard,Electronics,East,Sneha,1,1244.55
ORD-202605-02351,2026-05-28,CUST-0579,Mouse Pad,Accessories,Central,Amit,5,425.51
ORD-202605-02352,2026-05-01,CUST-1368,Headphones,Electronics,East,Priya,7,2708.07
ORD-202605-02353,2026-05-27,CUST-4956,Laptop Stand,Accessories,North,Karan,4,1481.42
ORD-202605-02354,2026-05-20,CUST-0954,Desk Organizer, Office,Central,Amit,3,637.19
ORD-202605-02355,2026-05-01,CUST-4162,Notebook,Office,North,Priya,7,188.73
ORD-202605-02356,2026-05-10,CUST-1893,Headphones,Electronics,North,Priya,2,2459.14
ORD-202605-02357,2026-05-17,CUST-3668,Desk Organizer,Office,West,Rahul,3,630.01
ORD-202605-02358,2026-05-07,CUST-4832,Notebook,Office,North,Priya,1,186.23
ORD-202605-02359,2026-05-12,CUST-4010,Laptop Stand,Accessories,East,Karan,5,1449.76
ORD-202605-02360,2026-05-31,CUST-0371,Mouse Pad,Accessories,South,Priya,4,384.28
ORD-202605-02361,2026-05-28,CUST-0313,Office Chair,Furniture,South,Rahul,6,7635.79
ORD-202605-02362,2026-05-08,CUST-1360,Desk Organizer,Office,Central,Karan,1,598.4
ORD-202605-02363,2026-05-19,CUST-2836,Headphones,Electronics,East,Priya,5,2407.81
ORD-202605-02364,2026-05-29,CUST-0030,Notebook, Office,South,Ananya,5,191.64
ORD-202605-02365,2026-05-18,CUST-2421,Laptop Stand,Accessories,East,Rahul,4,1462.54
ORD-202605-02366,2026-05-20,CUST-2480,Headphones,Electronics,West,Amit,6,2390.78
ORD-202605-02367,2026-05-08,CUST-4415,Monitor Stand,Furniture,East,Ananya,1,1919.49
ORD-202605-02368,2026-05-05,CUST-4762,Office Chair,Furniture,Central,Neha,1,6896.7
ORD-202605-02369,2026-05-19,CUST-1530,Study Table,Furniture,Central,Karan,7,5706.71
ORD-202605-02370,2026-05-28,CUST-4578,Office Chair,Furniture,East,Neha,4,6636.04
ORD-202605-02371,2026-05-19,CUST-1705,Office Chair,Furniture,East,Rahul,1,7111.73
ORD-202605-02372,2026-05-04,CUST-3158,Wireless Mouse,Electronics,North,Neha,4,837.95
ORD-202605-02373,2026-05-23,CUST-1912,Monitor Stand,Furniture,Central,Karan,4,1877.91
ORD-202605-02374,2026-05-21,CUST-0036,Notebook,Office,West,Priya,1,207.36
ORD-202605-02375,2026-05-20,CUST-4483,Laptop Stand,Accessories,East,Ananya,2,1537.09
ORD-202605-02376,2026-05-11,CUST-0356,Keyboard,Electronics,East,Karan,4,1249.72
ORD-202605-02377,2026-05-24,CUST-0229,Wireless Mouse,Electronics,Central,Priya,6,813.81
ORD-202605-02378,2026-05-07,CUST-1525,Keyboard,Electronics,East,Neha,5,1428.06
ORD-202605-02379,2026-05-30,CUST-3085,Laptop Stand,Accessories,South,Vikram,5,1503.31
ORD-202605-02380,2026-05-14,CUST-3971,Wireless Mouse,Electronics,West,Amit,5,851.25
ORD-202605-02381,2026-05-07,CUST-0720,Webcam,Electronics,West,Rahul,2,1974.53
ORD-202605-02382,2026-05-06,CUST-2443,Desk Organizer,Office,South,Sneha,1,631.16
ORD-202605-02383,2026-05-09,CUST-4745,Laptop Stand,Accessories,West,Karan,6,1375.61
ORD-202605-02384,2026-05-29,CUST-3216,Notebook,Office,North,Neha,6,215.12
ORD-202605-02385,2026-05-02,CUST-1059,Desk Organizer,Office,South,Amit,3,559.19
ORD-202605-02386,2026-05-20,CUST-4251,Mouse Pad,Accessories,Central,Neha,5,384.02
ORD-202605-02387,2026-05-17,CUST-4772,Mouse Pad,Accessories,North,Neha,2,413.55
ORD-202605-02388,2026-05-17,CUST-0315,Headphones,Electronics,West,Vikram,2,2416.15
ORD-202605-02389,2026-05-08,CUST-1932,Headphones,Electronics,East,Amit,1,2474.37
ORD-202605-02390,2026-05-22,CUST-1924,Wireless Mouse,Electronics,West,Priya,2,781.28
ORD-202605-02391,2026-05-06,CUST-4872,Wireless Mouse,Electronics,North,Priya,3,863.43
ORD-202605-02392,2026-05-28,CUST-2600,Headphones,Electronics,East,Neha,3,2409.2
ORD-202605-02393,,CUST-1900,Wireless Mouse,Electronics,North,Ananya,7,747.16
ORD-202605-02394,,CUST-4467,Laptop Stand,Accessories,East,Vikram,6,1390.03
ORD-202605-02395,2026-05-09,CUST-0786,Wireless Mouse,Electronics,South,,2,732.03
ORD-202605-02396,2026-05-30,CUST-3290,Study Table,Furniture,West,Rahul,3,5952.89
ORD-202605-02397,2026-05-16,CUST-3345,Pen Set,Office,West,Amit,7,313.48
ORD-202605-02398,2026-05-09,,Keyboard,Electronics,North,Karan,6,1326.78
ORD-202605-02399,2026-05-28,CUST-0168,Headphones,Electronics,West,Amit,7,2635.4
ORD-202605-02400,2026-05-30,CUST-1915,Headphones,Electronics,West,Amit,5,2543.57
ORD-202605-02401,2026-05-02,CUST-4956,Headphones,Electronics,East,Vikram,4,2691.38
ORD-202605-02402,2026-05-22,CUST-1653,Keyboard,Electronics,Central,Neha,6,1236.48
ORD-202605-02403,2026-05-27,CUST-0287,Headphones,Electronics,,Amit,5,2566.44
ORD-202605-02404,2026-05-11,CUST-0662,Office Chair,Furniture,West,Rahul,1,7441.04
ORD-202605-02405,2026-05-19,CUST-1850,Notebook,Office,East,Rahul,3,181.02
ORD-202605-02406,2026-05-20,CUST-1845,Keyboard,Electronics,Central,Sneha,4,1208.5
ORD-202605-02407,2026-05-13,CUST-4383,Headphones,Electronics,West,Neha,4,2651.58
ORD-202605-02408,2026-05-22,CUST-1731,Keyboard,Electronics,East,Karan,2,1176.59
ORD-202605-02409,2026-05-22,CUST-2698,Office Chair,Furniture,West,Amit,6,7436.93
ORD-202605-02410,2026-05-13,CUST-2250,Mouse Pad,Accessories,Central,Karan,1,405.46
ORD-202605-02411,2026-05-31,CUST-0742,USB Hub,Accessories,East,Ananya,7,914.43
ORD-202605-02412,2026-05-17,CUST-3407,Mouse Pad,Accessories,West,,3,404.02
ORD-202605-02413,2026-05-27,CUST-2185,Mouse Pad,Accessories,West,Neha,4,421.14
ORD-202605-02414,2026-05-04,CUST-0191,USB Hub,Accessories,Central,Priya,5,933.85
ORD-202605-02415,2026-05-18,CUST-1046,USB Hub,Accessories,South,Priya,3,852.69
ORD-202605-02416,2026-05-08,CUST-4780,Study Table,Furniture,North,Karan,6,5806.51
ORD-202605-02417,2026-05-19,CUST-4400,Office Chair,Furniture,South,Vikram,1,7270.3
ORD-202605-02418,2026-05-01,CUST-0793,Notebook,Office,North,Vikram,7,212.94
ORD-202605-02419,2026-05-11,CUST-0937,Office Chair,Furniture,Central,Neha,3,7472.43
ORD-202605-02420,2026-05-07,CUST-4990,Wireless Mouse,Electronics,West,Vikram,6,771.85
ORD-202605-02421,2026-05-20,CUST-4206,Desk Organizer,Office,Central,Ananya,1,606.1
ORD-202605-02422,2026-05-30,CUST-1499,Laptop Stand,Accessories,East,Sneha,1,1575.12
ORD-202605-02423,2026-05-03,CUST-4711,Keyboard,Electronics,West,Amit,3,1262.93
ORD-202605-02424,2026-05-10,CUST-1022,Office Chair,Furniture,North,Priya,5,7674.79
ORD-202605-02425,2026-05-28,CUST-0160,Office Chair,Furniture,South,Priya,7,7152.04
ORD-202605-02426,2026-05-18,CUST-3627,Keyboard,Electronics,North,Karan,1,1396.29
ORD-202605-02427,2026-05-10,CUST-4335,Notebook,Office,Central,Vikram,7,204.8
ORD-202605-02428,2026-05-19,CUST-1048,Office Chair,Furniture,North,Amit,6,6383.61
ORD-202605-02429,2026-05-22,CUST-3106,Pen Set,Office,North,Neha,7,314.32
ORD-202605-02430,2026-05-22,CUST-2967,Mouse Pad, Accessories,South,Amit,1,377.99
ORD-202605-02431,2026-05-27,CUST-4680,Webcam,Electronics,South,Karan,2,2005.64
ORD-202605-02432,2026-05-14,CUST-4072,Laptop Stand,Accessories,Central,Sneha,-1,1422.84
ORD-202605-02433,2026-05-24,CUST-2519,Study Table,Furniture,Central,Vikram,4,5074.42
ORD-202605-02434,2026-05-05,CUST-3632,Headphones,Electronics,East,,6,2598.64
ORD-202605-02435,2026-05-12,CUST-0526,Keyboard,Electronics,Central,,7,1274.09
ORD-202605-02436,2026-05-20,CUST-4327,Laptop Stand,Accessories,Central,Neha,3,1354.33
ORD-202605-02437,2026-05-31,CUST-0423,Laptop Stand,Accessories,East,Vikram,5,1621.01
ORD-202605-02438,2026-05-20,CUST-1321,Wireless Mouse,Electronics,North,Ananya,3,808.26
ORD-202605-02439,2026-05-27,,Mouse Pad,Accessories,Central,Priya,7,406.65
ORD-202605-02440,2026-05-13,CUST-3102,Notebook,Office,East,Sneha,5,194.19
ORD-202605-02441,2026-05-27,CUST-0623,Study Table,Furniture,Central,Vikram,4,5342.72
ORD-202605-02442,2026-05-31,CUST-2045,Webcam,Electronics,East,Vikram,3,1767.19
ORD-202605-02443,2026-05-26,CUST-3578,Webcam,Electronics,Central,Vikram,1,1740.89
ORD-202605-02444,2026-05-12,CUST-1825,Study Table,Furniture,Central,Rahul,7,5518.66
ORD-202605-02445,2026-05-26,CUST-2550,USB Hub,Accessories,South,Vikram,5,927.94
ORD-202605-02446,2026-05-01,CUST-4165,Keyboard,Electronics,North,Neha,2,1316.32
ORD-202605-02447,2026-05-25,CUST-1335,Notebook,Office,East,Vikram,3,218.25
ORD-202605-02448,2026-05-05,CUST-2104,Mouse Pad,Accessories,East,Priya,1,417.09
ORD-202605-02449,2026-05-30,CUST-4545,Notebook,Office,East,Sneha,5,213.31
ORD-202605-02450,2026-05-30,CUST-0920,Desk Organizer,Office,South,Rahul,7,542.4
ORD-202605-02451,2026-05-15,CUST-1347,Study Table,Furniture,South,Sneha,5,5022.75
ORD-202605-02452,2026-05-24,CUST-4824,Desk Organizer,Office,West,Rahul,4,553.07
ORD-202605-02453,2026-05-09,CUST-0836,Office Chair,Furniture,South,Vikram,3,7216.55
ORD-202605-02454,2026-05-27,CUST-1858,Headphones,Electronics,East,Vikram,6,2704.57
ORD-202605-02455,2026-05-25,CUST-4606,Study Table,Furniture,Central,Priya,6,5171.38
ORD-202605-02456,2026-05-30,CUST-4503,Monitor Stand,Furniture,North,Vikram,5,2146.57
ORD-202605-02457,2026-05-30,CUST-3063,Keyboard,Electronics,West,Neha,3,1224.2
ORD-202605-02458,2026-05-22,CUST-2225,Monitor Stand,Furniture,North,Karan,6,2069.62
ORD-202605-02459,2026-05-30,CUST-3780,USB Hub,Accessories,West,Karan,2,818.45
ORD-202605-02460,2026-05-06,CUST-2369,USB Hub,Accessories,North,Ananya,3,868.15
ORD-202605-02461,2026-05-18,CUST-1495,Pen Set,Office,North,,3,299.97
ORD-202605-02462,2026-05-27,CUST-4461,USB Hub,Accessories,North,Karan,7,913.57
ORD-202605-02463,2026-05-14,CUST-2615,Mouse Pad,Accessories,South,Vikram,7,384.91
ORD-202605-02464,2026-05-07,CUST-4131,Laptop Stand,Accessories,South,Amit,2,1484.69
ORD-202605-02465,2026-05-17,CUST-2044,Laptop Stand,Accessories,South,Priya,7,1374.66
ORD-202605-02466,2026-05-22,CUST-0916,USB Hub,Accessories,Central,Neha,5,878.62
ORD-202605-02467,2026-05-06,CUST-3968,Notebook,office,North,Priya,6,193.53
ORD-202605-02468,2026-05-02,CUST-1614,Office Chair,Furniture,West,Amit,4,6343.79
ORD-202605-02469,2026-05-31,CUST-4548,Keyboard,Electronics,North,Rahul,3,1311.22
ORD-202605-02470,2026-05-11,CUST-2010,Mouse Pad,Accessories,South,Priya,1,436.03
ORD-202605-02471,2026-05-21,CUST-1737,Mouse Pad,Accessories,Central,Amit,6,401.81
ORD-202605-02472,2026-05-17,CUST-3470,Study Table,Furniture,North,,6,4998.72
ORD-202605-02473,2026-05-28,CUST-4737,Keyboard,Electronics,Central,Vikram,4,1187.05
ORD-202605-02474,2026-05-22,CUST-2944,USB Hub,Accessories,South,Karan,1,949.11
ORD-202605-02475,2026-05-07,CUST-1427,Webcam,Electronics,Central,Amit,5,1943.9
ORD-202605-02476,2026-05-27,CUST-2829,Desk Organizer,Office,West,Rahul,6,614.76
ORD-202605-02477,2026-05-22,CUST-1004,Keyboard,Electronics,Central,Priya,4,1386.32
ORD-202605-02478,2026-05-02,CUST-3398,Desk Organizer,Office,North,Amit,4,556.62
ORD-202605-02479,2026-05-28,CUST-3235,Monitor Stand,Furniture,Central,Ananya,7,2195.47
ORD-202605-02480,2026-05-26,CUST-0676,Laptop Stand,Accessories,West,Rahul,5,1538.87
ORD-202605-02481,2026-05-16,CUST-3551,Laptop Stand,Accessories,East,Karan,7,1643.22
ORD-202605-02482,2026-05-24,CUST-3085,Study Table,Furniture,Central,Priya,3,5574.83
ORD-202605-02483,2026-05-13,CUST-3831,Webcam,Electronics,Central,Amit,4,2022.13
ORD-202605-02484,2026-05-26,CUST-2145,Mouse Pad,Accessories,West,Neha,5,402.78
ORD-202605-02485,2026-05-13,CUST-2668,Keyboard,Electronics,South,Rahul,2,1231.09
ORD-202605-02486,2026-05-17,CUST-4901,Mouse Pad,Accessories,East,Amit,5,431.88
ORD-202605-02487,2026-05-24,CUST-0966,Office Chair,Furniture,West,Karan,1,6979.31
ORD-202605-02488,2026-05-19,CUST-3266,Wireless Mouse,Electronics,South,Priya,3,768.56
ORD-202605-02489,2026-05-19,,Desk Organizer,Office,East,Amit,3,643.08
ORD-202605-02490,2026-05-04,CUST-1386,Study Table,Furniture,West,Rahul,6,5431.59
ORD-202605-02491,2026-05-06,CUST-0185,Keyboard,Electronics,West,Vikram,5,1250.52
ORD-202605-02492,2026-05-26,CUST-4781,Notebook,Office,East,Ananya,7,209.67
ORD-202605-02493,2026-05-17,CUST-1121,Notebook,Office,East,Priya,1,193.46
ORD-202605-02494,2026-05-05,CUST-0259,Headphones,Electronics,North,Amit,7,2431.18
ORD-202605-02495,2026-05-06,CUST-3863,Wireless Mouse,Electronics,Central,Neha,1,857.88
ORD-202605-02496,2026-05-19,CUST-2809,Laptop Stand,Accessories,Central,Amit,6,1570.97
ORD-202605-02497,2026-05-08,CUST-2527,Notebook,Office,West,Sneha,1,187.98
ORD-202605-02498,2026-05-10,CUST-3716,Laptop Stand,Accessories,West,Amit,2,1377.6
ORD-202605-02499,2026-05-25,CUST-4212,Wireless Mouse,Electronics,West,Rahul,1,787.65
ORD-202605-02500,2026-05-04,CUST-3028,Office Chair,Furniture,North,Rahul,7,6990.66
ORD-202605-02501,2026-05-22,CUST-1398,Desk Organizer,Office,Central,Neha,2,565.19
ORD-202605-02502,2026-05-08,CUST-4355,Office Chair,Furniture,East,Amit,5,7695.45
ORD-202605-02503,2026-05-02,CUST-0676,Study Table,Furniture,North,Ananya,3,5264.23
ORD-202605-02504,2026-05-01,CUST-1983,Notebook,Office,West,Sneha,2,184.89
ORD-202605-02505,2026-05-13,CUST-0007,USB Hub,Accessories,North,Priya,1,830.16
ORD-202605-02506,2026-05-08,CUST-4201,Office Chair,Furniture, Central,Rahul,5,6459.56
ORD-202605-02507,2026-05-14,CUST-1643,Study Table,Furniture,West,Vikram,2,5291.79
ORD-202605-02508,2026-05-14,CUST-1792,Notebook,Office,West,Rahul,5,185.79
ORD-202605-02509,2026-05-02,CUST-0919,Headphones,Electronics,West,Karan,5,2579.76
ORD-202605-02510,2026-05-19,CUST-3890,Keyboard,Electronics,North,Vikram,4,1336.9
ORD-202605-02511,2026-05-11,CUST-4143,Office Chair,Furniture,East,Karan,4,6453.25
ORD-202605-02512,2026-05-05,CUST-2710,Headphones,Electronics,West,Neha,1,2663.21
ORD-202605-02513,2026-05-05,CUST-4417,Mouse Pad,Accessories,West,Vikram,3,419.7
ORD-202605-02514,2026-05-09,CUST-0208,Laptop Stand,Accessories,East,Ananya,5,1471.09
ORD-202605-02515,2026-05-29,CUST-2175,Office Chair,Furniture,North,Priya,6,6795.78
ORD-202605-02516,2026-05-21,CUST-3238,Headphones,Electronics,East,,2,2345.19
ORD-202605-02517,2026-05-25,CUST-1248,Mouse Pad,Accessories,Central,Vikram,3,394.46
ORD-202605-02518,2026-05-07,CUST-2835,Study Table,Furniture,West,Priya,2,5454.76
ORD-202605-02519,2026-05-19,CUST-4796,Mouse Pad,Accessories,West,Neha,5,391.03
ORD-202605-02520,2026-05-10,CUST-1387,Headphones,Electronics,Central,Vikram,6,2325.57
ORD-202605-02521,2026-05-22,CUST-2759,Laptop Stand,Accessories,Central,Rahul,7,1385.67
ORD-202605-02522,2026-05-18,CUST-3316,Keyboard,Electronics,North,Sneha,5,1389.54
ORD-202605-02523,2026-05-20,CUST-1922,Office Chair,Furniture,West,Karan,1,6508.28
ORD-202605-02524,2026-05-15,CUST-3749,Office Chair,Furniture,South,Amit,2,7507.4
ORD-202605-02525,2026-05-26,CUST-2898,Monitor Stand,Furniture,North ,Neha,1,2053.1
ORD-202605-02526,2026-05-12,CUST-0973,Keyboard,Electronics,East,Amit,4,1344.82
ORD-202605-02527,2026-05-22,CUST-3017,Webcam,Electronics,Central,Karan,1,1852.36
ORD-202605-02528,2026-05-21,CUST-3709,Wireless Mouse,Electronics,East,Sneha,2,742.72
ORD-202605-02529,2026-05-26,CUST-3008,Mouse Pad,Accessories,North,Priya,2,393.37
ORD-202605-02530,2026-05-09,CUST-4471,Pen Set,Office,Central,Ananya,6,305.98
ORD-202605-02531,2026-05-22,CUST-2698,Webcam,Electronics,West,Sneha,5,1897.89
ORD-202605-02532,2026-05-13,CUST-4489,Keyboard,Electronics,West,Ananya,3,1398.99
ORD-202605-02533,2026-05-28,CUST-1559,Keyboard,Electronics,North,Rahul,3,1200.13
ORD-202605-02534,2026-05-18,CUST-0375,USB Hub,Accessories,North,Amit,2,940.23
ORD-202605-02535,2026-05-01,CUST-2064,Office Chair,Furniture,North,Sneha,1,7048.82
ORD-202605-02536,2026-05-14,CUST-4807,Laptop Stand,Accessories,East,Rahul,3,1528.73
ORD-202605-02537,2026-05-27,CUST-3992,Pen Set,Office,Central,Sneha,3,279.74
ORD-202605-02538,2026-05-11,CUST-1301,Monitor Stand,Furniture,East,Vikram,7,2059.11
ORD-202605-02539,2026-05-08,CUST-3976,Wireless Mouse,Electronics,East,Vikram,3,802.7
ORD-202605-02540,2026-05-30,,Keyboard,electronics,East,Priya,1,1421.89
ORD-202605-02541,2026-05-13,CUST-0512,Desk Organizer,Office,East,Sneha,4,613.14
ORD-202605-02542,2026-05-09,CUST-2139,Wireless Mouse,Electronics,South,Amit,6,803.05
ORD-202605-02543,2026-05-11,CUST-0440,Mouse Pad,Accessories,Central,Vikram,3,374.9
ORD-202605-02544,2026-05-11,CUST-4396,Office Chair,Furniture,West,Ananya,7,6520.9
ORD-202605-02545,2026-05-01,CUST-3949,Office Chair,Furniture,South,Rahul,2,6948.37
ORD-202605-02546,2026-05-04,,Laptop Stand,Accessories,Central,Priya,2,1558.96
ORD-202605-02547,2026-05-04,CUST-3093,Keyboard,Electronics,,Vikram,7,1200.47
ORD-202605-02548,2026-05-31,CUST-4697,Notebook,Office,West,Sneha,2,214.74
ORD-202605-02549,2026-05-24,CUST-0179,Laptop Stand,Accessories,Central,Karan,2,1604.22
ORD-202605-02550,2026-05-26,CUST-2620,Wireless Mouse,Electronics,,Vikram,7,721.35
ORD-202605-02551,2026-05-07,CUST-4338,Study Table,Furniture,West,Ananya,5,5815.13
ORD-202605-02552,2026-05-07,CUST-2662,Monitor Stand,Furniture,East,Amit,3,2171.54
ORD-202605-02553,2026-05-15,CUST-0138,Wireless Mouse,Electronics,North,Karan,2,817.68
ORD-202605-02554,2026-05-07,CUST-2934,Pen Set,Office,West,Vikram,2,309.84
ORD-202605-02555,2026-05-26,CUST-2318,Webcam,Electronics,Central,Neha,1,1778.67
ORD-202605-02556,2026-05-12,CUST-1675,Pen Set,Office,South,Rahul,3,300.74
ORD-202605-02557,2026-05-02,CUST-0280,Keyboard,Electronics,South,Rahul,1,1285.19
ORD-202605-02558,2026-05-14,CUST-4373,Desk Organizer,Office,South,Karan,4,575.88
ORD-202605-02559,2026-05-05,CUST-3607,Keyboard,Electronics,Central,Priya,7,1294.68
ORD-202605-02560,2026-05-13,CUST-0782,Laptop Stand,Accessories,South,Karan,3,1355.55
ORD-202605-02561,2026-05-08,CUST-4059,Laptop Stand,Accessories,South,Ananya,6,1421.6
ORD-202605-02562,2026-05-14,CUST-2951,USB Hub,Accessories,Central,Priya,4,870.23
ORD-202605-02563,2026-05-26,CUST-0538,Mouse Pad,Accessories,North,Priya,7,373.77
ORD-202605-02564,2026-05-11,CUST-2645,USB Hub,Accessories,West,Neha,3,836.91
ORD-202605-02565,2026-05-07,CUST-3515,Headphones,Electronics,West,Sneha,5,2521.22
ORD-202605-02566,2026-05-07,CUST-2393,Office Chair,Furniture,North,Amit,4,7625.59
ORD-202605-02567,2026-05-04,CUST-0237,Monitor Stand,Furniture,North,Rahul,6,2014.04
ORD-202605-02568,2026-05-09,CUST-2960,Keyboard,Electronics,Central,Vikram,7,1363.26
ORD-202605-02569,2026-05-07,CUST-3855,Notebook,Office,West,Rahul,2,192.85
ORD-202605-02570,2026-05-10,CUST-1988,Webcam,Electronics,Central,Ananya,6,2080.33
ORD-202605-02571,2026-05-13,CUST-0945,Monitor Stand,Furniture,West,Neha,2,1941.08
ORD-202605-02572,2026-05-17,CUST-2082,Office Chair,Furniture,South,Sneha,5,7615.48
ORD-202605-02573,2026-05-08,CUST-4686,Pen Set,Office,South,Neha,4,320.92
ORD-202605-02574,2026-05-03,CUST-4474,Wireless Mouse,Electronics,,Karan,3,853.18
ORD-202605-02575,2026-05-13,,Office Chair,Furniture,Central,Ananya,6,7638.83
ORD-202605-02576,2026-05-06,CUST-3030,Monitor Stand,Furniture,North,Neha,6,2146.85
ORD-202605-02577,2026-05-22,CUST-3026,Monitor Stand,Furniture,West,Rahul,2,2171.3
ORD-202605-02578,2026-05-17,CUST-3582,Notebook,Office,Central,Karan,3,198.77
ORD-202605-02579,2026-05-02,CUST-1686,Pen Set,Office,Central,,7,282.91
ORD-202605-02580,2026-05-10,CUST-1527,Keyboard,Electronics,East,,7,1340.26
ORD-202605-02581,2026-05-19,CUST-0382,Wireless Mouse,Electronics,North,Neha,2,792.5
ORD-202605-02582,2026-05-18,CUST-3983,Headphones,Electronics,East,Vikram,2,2292.03
ORD-202605-02583,2026-05-04,CUST-0087,Laptop Stand,Accessories,East,Ananya,7,1611.2
ORD-202605-02584,2026-05-26,CUST-4670,Headphones,Electronics, East,Neha,2,2249.13
ORD-202605-02585,2026-05-14,CUST-2472,Mouse Pad,Accessories,South,Vikram,7,384.08
ORD-202605-02586,2026-05-27,CUST-1243,Headphones,Electronics,Central,Ananya,5,2263.86
ORD-202605-02587,2026-05-04,CUST-4995,Office Chair,Furniture,South,Sneha,3,6833.44
ORD-202605-02588,2026-05-04,CUST-0991,Mouse Pad,Accessories,Central,Priya,5,367.2
ORD-202605-02589,2026-05-18,CUST-2407,Keyboard,Electronics,West,Rahul,6,1363.19
ORD-202605-02590,2026-05-08,CUST-0781,Office Chair,Furniture,West,Rahul,7,7261.64
ORD-202605-02591,2026-05-05,CUST-1571,Wireless Mouse,Electronics,South,Neha,3,722.71
ORD-202605-02592,2026-05-22,CUST-2900,Headphones,Electronics,North,Amit,3,2327.25
ORD-202605-02593,2026-05-27,CUST-0248,Pen Set,Office,North,Vikram,5,277.53
ORD-202605-02594,2026-05-17,CUST-1141,Wireless Mouse,Electronics,East,Sneha,3,845.5
ORD-202605-02595,2026-05-20,CUST-0967,Webcam,Electronics,West,Vikram,5,1934.42
ORD-202605-02596,2026-05-03,CUST-1791,Wireless Mouse,Electronics,East,Rahul,1,797.93
ORD-202605-02597,2026-05-30,CUST-0163,Wireless Mouse,Electronics,Central,Amit,7,861.52
ORD-202605-02598,2026-05-28,CUST-4252,Keyboard,Electronics,North,Rahul,5,1236.51
ORD-202605-02599,2026-05-30,CUST-0990,Keyboard,Electronics,South,Neha,6,1242.53
ORD-202605-02600,2026-05-21,CUST-0516,Headphones,Electronics,South,,6,2646.99
ORD-202605-02601,2026-05-23,CUST-2447,Study Table,Furniture,West,Neha,2,4993.63
ORD-202605-02602,2026-05-01,CUST-1667,USB Hub,Accessories,West,Amit,1,934.76
ORD-202605-02603,2026-05-11,CUST-1562,Wireless Mouse,Electronics,Central,Vikram,5,806.19
ORD-202605-02604,2026-05-09,CUST-3665,Desk Organizer,Office,South,Priya,5,594.88
ORD-202605-02605,2026-05-13,CUST-1388,Wireless Mouse,Electronics,East ,Neha,1,725.48
ORD-202605-02606,2026-05-31,CUST-0590,Wireless Mouse,Electronics,West,Amit,3,746.73
ORD-202605-02607,2026-05-11,CUST-0859,Pen Set,Office,Central,Karan,6,289.38
ORD-202605-02608,2026-05-14,CUST-0109,Webcam,Electronics,South,Ananya,6,1951.8
ORD-202605-02609,2026-05-27,CUST-4921,Monitor Stand,Furniture,West,Karan,7,1882.26
ORD-202605-02610,2026-05-07,CUST-2886,Wireless Mouse,Electronics,West,Vikram,1,878.86
ORD-202605-02611,2026-05-09,CUST-2687,Webcam,Electronics,North,Neha,6,2062.26
ORD-202605-02612,2026-05-06,CUST-1329,Monitor Stand,Furniture,East,Sneha,4,2106.34
ORD-202605-02613,2026-05-16,CUST-2021,Desk Organizer,Office,North,Ananya,2,621.88
ORD-202605-02614,2026-05-04,CUST-1435,Desk Organizer,Office,Central,Amit,7,631.09
ORD-202605-02615,2026-05-29,CUST-2026,Keyboard,Electronics,Central,Vikram,5,1356.27
ORD-202605-02616,2026-05-22,CUST-3562,Headphones,Electronics,West,Sneha,7,2485.95
ORD-202605-02617,2026-05-05,,Notebook,Office,Central,Karan,4,183.26
ORD-202605-02618,2026-05-23,CUST-3998,Keyboard,Electronics,North,Rahul,6,1214.14
ORD-202605-02619,2026-05-11,CUST-3378,Desk Organizer,Office,Central,Sneha,1,641.37
ORD-202605-02620,2026-05-22,CUST-4680,Webcam,Electronics,North,Neha,1,2055.62
ORD-202605-02621,2026-05-29,CUST-2159,Mouse Pad,Accessories,West,Priya,3,394.64
ORD-202605-02622,2026-05-29,CUST-1606,Desk Organizer,Office,West,Rahul,4,624.69
ORD-202605-02623,2026-05-25,CUST-0165,Wireless Mouse,Electronics,West,Neha,2,842.76
ORD-202605-02624,2026-05-27,CUST-0017,Monitor Stand,Furniture,Central,,4,2034.09
ORD-202605-02625,2026-05-02,CUST-3761,Study Table,Furniture,Central,Karan,6,5043.11
ORD-202605-02626,2026-05-02,CUST-0909,Webcam,Electronics,North,Vikram,4,1722.24
ORD-202605-02627,2026-05-03,CUST-2651,Webcam,Electronics,South,Amit,1,1788.46
ORD-202605-02628,2026-05-06,CUST-2301,Office Chair,Furniture,South,Priya,4,6683.86
ORD-202605-02629,2026-05-20,CUST-0456,Pen Set,Office,North,Sneha,4,279.96
ORD-202605-02630,2026-05-05,CUST-1142,Office Chair,Furniture,East,Priya,1,6925.16
ORD-202605-02631,2026-05-12,CUST-1125,Mouse Pad,Accessories,South,,5,405.13
ORD-202605-02632,2026-05-11,CUST-2977,Pen Set,Office,Central,Karan,5,278.58
ORD-202605-02633,2026-05-07,CUST-3835,Monitor Stand,Furniture,South,Amit,5,2063.6
ORD-202605-02634,2026-05-12,CUST-3626,Mouse Pad,Accessories,East,Ananya,5,421.99
ORD-202605-02635,2026-05-16,CUST-0968,USB Hub,Accessories,East,Ananya,6,983.96
ORD-202605-02636,2026-05-27,CUST-4878,Monitor Stand,Furniture,West,Neha,4,2112.98
ORD-202605-02637,2026-05-03,CUST-2687,Office Chair,Furniture,Central,Karan,2,7301.43
ORD-202605-02638,2026-05-16,CUST-2557,Pen Set,Office,East,Vikram,6,275.67
ORD-202605-02639,2026-05-15,CUST-4244,USB Hub,Accessories,South,Vikram,3,940.0
ORD-202605-02640,2026-05-22,CUST-2227,Mouse Pad,Accessories,East,Karan,4,413.87
ORD-202605-02641,2026-05-06,CUST-4147,Desk Organizer,Office,Central,Karan,5,588.88
ORD-202605-02642,2026-05-04,,Notebook,Office,West,Rahul,3,217.91
ORD-202605-02643,2026-05-15,CUST-0977,USB Hub,Accessories,Central,Karan,1,852.48
ORD-202605-02644,2026-05-05,CUST-4434,Office Chair,Furniture,West,Rahul,-1,7427.67
ORD-202605-02645,2026-05-08,CUST-4904,Notebook,Office,Central,Ananya,1,204.09
ORD-202605-02646,2026-05-03,CUST-0906,Keyboard,Electronics,North,Rahul,3,1252.93
ORD-202605-02647,2026-05-20,CUST-2519,Keyboard,Electronics,West,Sneha,2,1403.97
ORD-202605-02648,2026-05-06,CUST-0037,Office Chair,Furniture,North,Neha,4,6693.81
ORD-202605-02649,2026-05-13,CUST-1626,Mouse Pad,Accessories,East,Sneha,5,368.66
ORD-202605-02650,2026-05-08,CUST-1092,Study Table,Furniture,Central,Sneha,3,5969.98
ORD-202605-02651,2026-05-28,CUST-3909,USB Hub,Accessories,West,Amit,4,876.14
ORD-202605-02652,2026-05-18,CUST-3831,Laptop Stand,Accessories,West,Sneha,4,1423.65
ORD-202605-02653,2026-05-17,CUST-3531,Webcam,Electronics,Central,Sneha,5,1813.53
ORD-202605-02654,2026-05-21,CUST-3687,Wireless Mouse,Electronics,South,Vikram,5,740.81
ORD-202605-02655,2026-05-07,CUST-1462,Pen Set,Office,West,Ananya,7,314.71
ORD-202605-02656,2026-05-24,CUST-0311,Office Chair,Furniture,North,Karan,4,6688.08
ORD-202605-02657,2026-05-11,CUST-3201,Desk Organizer,Office,West,Ananya,5,540.69
ORD-202605-02658,2026-05-25,CUST-0290,Study Table,Furniture,Central,Vikram,4,6045.8
ORD-202605-02659,2026-05-17,CUST-1011,Office Chair,Furniture,South,Sneha,1,7287.71
ORD-202605-02660,2026-05-06,CUST-4246,Notebook,Office,Central,,7,180.49
ORD-202605-02661,2026-05-11,CUST-3546,Keyboard,Electronics,Central,Neha,4,1420.09
ORD-202605-02662,2026-05-03,CUST-3503,Desk Organizer,Office,East,Priya,3,646.37
ORD-202605-02663,2026-05-09,CUST-1008,Notebook,Office,Central,Rahul,5,202.2
ORD-202605-02664,2026-05-13,CUST-2518,Desk Organizer,Office,Central,Neha,2,602.59
ORD-202605-02665,2026-05-17,CUST-3088,Notebook,Office,South,Vikram,6,196.04
ORD-202605-02666,2026-05-30,CUST-1583,Webcam,Electronics,South,Neha,3,1955.62
ORD-202605-02667,2026-05-10,CUST-4770,Headphones,Electronics,North,Ananya,7,2286.26
ORD-202605-02668,2026-05-16,CUST-1183,Keyboard,Electronics,Central,Amit,5,1408.65
ORD-202605-02669,2026-05-02,CUST-3401,Laptop Stand,Accessories,South,Sneha,4,1353.77
ORD-202605-02670,2026-05-25,CUST-0096,Study Table,Furniture,East,Priya,1,5006.5
ORD-202605-02671,2026-05-11,CUST-1167,Headphones,Electronics,North,Neha,6,2673.82
ORD-202605-02672,2026-05-28,CUST-4325,Webcam,Electronics,South,Vikram,3,1965.24
ORD-202605-02673,2026-05-11,CUST-3909,Headphones,Electronics,Central,Ananya,1,-100.0
ORD-202605-02674,2026-05-17,CUST-3621,USB Hub,Accessories,North,Rahul,1,849.24
ORD-202605-02675,2026-05-29,CUST-1269,Keyboard,Electronics,North,Vikram,3,1311.49
ORD-202605-02676,2026-05-07,CUST-0659,Study Table,Furniture,North,,6,5714.92
ORD-202605-02677,2026-05-20,CUST-2487,Study Table,Furniture,East,Rahul,3,5118.31
ORD-202605-02678,2026-05-24,CUST-3079,Laptop Stand,Accessories,South,Rahul,3,1598.84
ORD-202605-02679,2026-05-21,CUST-3450,Keyboard,Electronics,West,Rahul,3,1188.17
ORD-202605-02680,2026-05-19,CUST-0531,USB Hub,Accessories,East,Amit,2,955.78
ORD-202605-02681,2026-05-06,CUST-3567,Wireless Mouse,Electronics,South,Ananya,4,821.01
ORD-202605-02682,2026-05-30,CUST-1197,Wireless Mouse,Electronics,North,Vikram,4,755.94
ORD-202605-02683,2026-05-19,CUST-2470,Mouse Pad,Accessories,Central,Neha,3,389.29
ORD-202605-02684,2026-05-19,CUST-4526,Wireless Mouse,Electronics,East,Ananya,3,815.65
ORD-202605-02685,2026-05-13,CUST-2751,Mouse Pad,Accessories,East,Karan,6,379.22
ORD-202605-02686,2026-05-29,CUST-3559,Pen Set,Office,Central,Amit,7,288.98
ORD-202605-02687,2026-05-10,CUST-4328,Laptop Stand,Accessories,North,Neha,6,1574.98
ORD-202605-02688,2026-05-14,CUST-1005,Monitor Stand,Furniture,West,Ananya,-1,1819.52
ORD-202605-02689,2026-05-18,CUST-4699,Pen Set,Office,North,Priya,1,310.09
ORD-202605-02690,2026-05-31,CUST-1871,Keyboard,Electronics,Central,Karan,4,1260.22
ORD-202605-02691,2026-05-20,CUST-2268,Monitor Stand,furniture,South,Neha,5,1899.41
ORD-202605-02692,2026-05-14,,Study Table,Furniture,West,Rahul,7,5273.16
ORD-202605-02693,2026-05-28,CUST-2599,Webcam,Electronics,West,Amit,5,2048.83
ORD-202605-02694,2026-05-07,CUST-2707,Keyboard,Electronics,East,Rahul,6,1392.86
ORD-202605-02695,2026-05-01,,USB Hub,Accessories,West,Ananya,7,900.03
ORD-202605-02696,,CUST-0731,Study Table,Furniture,South,Sneha,2,5200.7
ORD-202605-02697,2026-05-04,CUST-1235,Pen Set,office,West,Vikram,7,322.18
ORD-202605-02698,2026-05-01,CUST-1786,Study Table,Furniture,Central,Karan,4,5215.01
ORD-202605-02699,2026-05-17,CUST-1284,Office Chair,Furniture,South,Amit,7,6978.45
ORD-202605-02700,2026-05-23,CUST-4646,Wireless Mouse,Electronics,East,Vikram,4,796.69
ORD-202605-02701,2026-05-23,CUST-0503,Desk Organizer,Office,East,Sneha,6,611.87
ORD-202605-02702,2026-05-23,CUST-1001,Laptop Stand,Accessories,South,Priya,7,1541.48
ORD-202605-02703,2026-05-17,CUST-0645,Monitor Stand,Furniture,Central,Neha,3,2073.12
ORD-202605-02704,2026-05-27,CUST-2071,Headphones,Electronics,Central,Rahul,4,2625.86
ORD-202605-02705,2026-05-13,CUST-0705,Pen Set,Office,South,Ananya,3,287.35
ORD-202605-02706,2026-05-23,CUST-1389,Monitor Stand,Furniture,Central,Amit,5,2134.16
ORD-202605-02707,2026-05-02,CUST-1627,Desk Organizer,Office,West,Rahul,4,611.18
ORD-202605-02708,2026-05-02,CUST-4068,Webcam,Electronics,East,Neha,2,2081.43
ORD-202605-02709,2026-05-07,CUST-3441,Monitor Stand,Furniture,East,Neha,4,2021.3
ORD-202605-02710,2026-05-28,CUST-3905,Notebook,Office,East,Amit,3,211.49
ORD-202605-02711,2026-05-16,CUST-4571,Office Chair,Furniture,South,Karan,7,6441.3
ORD-202605-02712,2026-05-17,CUST-2711,USB Hub,Accessories,Central,Karan,2,816.2
ORD-202605-02713,2026-05-03,CUST-1762,Pen Set,Office,South,Ananya,4,280.49
ORD-202605-02714,2026-05-19,CUST-0214,Mouse Pad,Accessories,South,Neha,4,378.7
ORD-202605-02715,2026-05-30,CUST-4113,Pen Set,Office,East,Rahul,4,319.86
ORD-202605-02716,2026-05-13,CUST-3395,Pen Set,Office,Central,Karan,7,284.86
ORD-202605-02717,2026-05-10,CUST-2465,Office Chair,Furniture,East,Karan,5,6479.29
ORD-202605-02718,2026-05-14,CUST-2729,Laptop Stand,Accessories,Central,Priya,6,1376.43
ORD-202605-02719,2026-05-12,CUST-4582,Pen Set,Office,South,Vikram,5,275.49
ORD-202605-02720,2026-05-12,CUST-2594,Study Table,Furniture,North,Neha,2,5673.67
ORD-202605-02721,2026-05-31,CUST-2796,Office Chair,Furniture,East,Vikram,1,6818.83
ORD-202605-02722,2026-05-25,CUST-1745,Webcam,Electronics,North,Vikram,3,1780.6
ORD-202605-02723,2026-05-20,CUST-4578,Webcam,Electronics,South,Priya,7,1722.45
ORD-202605-02724,2026-05-01,CUST-0922,Study Table,Furniture,North,Karan,7,5990.11
ORD-202605-02725,2026-05-15,CUST-3845,Monitor Stand,Furniture,East,Sneha,2,1855.21
ORD-202605-02726,2026-05-06,CUST-0080,Notebook,Office,Central,Amit,1,200.66
ORD-202605-02727,2026-05-03,CUST-0375,USB Hub,Accessories,East,Amit,4,905.16
ORD-202605-02728,2026-05-24,CUST-2622,Monitor Stand,Furniture,West,Priya,2,1962.51
ORD-202605-02729,2026-05-14,CUST-2011,Keyboard,Electronics,West,Vikram,1,1331.07
ORD-202605-02730,2026-05-13,CUST-0153,Office Chair,Furniture,South,Ananya,1,6781.04
ORD-202605-02731,2026-05-19,CUST-1769,Monitor Stand,Furniture,West,Vikram,3,1848.12
ORD-202605-02732,2026-05-14,,Desk Organizer,Office,East,Vikram,4,575.02
ORD-202605-02733,2026-05-07,CUST-3162,Laptop Stand,Accessories,East,Vikram,3,1642.32
ORD-202605-02734,2026-05-20,CUST-0564,Laptop Stand,Accessories,South,Ananya,7,1554.74
ORD-202605-02735,2026-05-03,CUST-1854,Laptop Stand,Accessories,South,Sneha,6,1443.0
ORD-202605-02736,2026-05-03,CUST-4378,Headphones,Electronics,Central,Rahul,7,2328.21
ORD-202605-02737,2026-05-07,CUST-4535,Webcam,Electronics,East,Neha,6,1954.29
ORD-202605-02738,2026-05-22,CUST-1423,Study Table,Furniture,South,Vikram,2,5347.72
ORD-202605-02739,2026-05-18,CUST-1679,Notebook,Office,North,Vikram,7,188.64
ORD-202605-02740,2026-05-25,CUST-0429,Keyboard,Electronics,South,Amit,6,1283.26
ORD-202605-02741,2026-05-23,CUST-1539,Headphones,Electronics,Central,Neha,7,2384.67
ORD-202605-02742,2026-05-13,CUST-3110,Wireless Mouse,Electronics,East,Neha,1,768.31
ORD-202605-02743,2026-05-29,CUST-3163,Office Chair,Furniture,West,Sneha,5,6665.44
ORD-202605-02744,2026-05-22,CUST-3530,Office Chair,Furniture,North,Ananya,5,7176.28
ORD-202605-02745,2026-05-02,CUST-0158,Pen Set,Office,North,Ananya,1,319.44
ORD-202605-02746,2026-05-15,CUST-0510,Office Chair,Furniture,,Amit,7,7085.95
ORD-202605-02747,2026-05-01,CUST-2568,Laptop Stand,Accessories,West,Sneha,2,1601.31
ORD-202605-02748,2026-05-13,CUST-1196,Study Table,Furniture,West,Rahul,3,5663.8
ORD-202605-02749,2026-05-06,CUST-0132,Study Table,Furniture,East,Karan,1,5591.87
ORD-202605-02750,2026-05-01,CUST-1402,Desk Organizer,Office,West,Amit,3,654.42
ORD-202605-02751,2026-05-10,CUST-3392,Headphones,Electronics,Central,Amit,3,2639.04
ORD-202605-02752,2026-05-31,CUST-3140,Office Chair,Furniture,South,Vikram,5,6564.01
ORD-202605-02753,2026-05-18,CUST-4635,Laptop Stand,Accessories,,Ananya,6,1526.28
ORD-202605-02754,2026-05-15,CUST-1517,Keyboard,Electronics,East,Karan,7,1200.45
ORD-202605-02755,2026-05-17,CUST-3641,Study Table,Furniture,East,Ananya,2,4951.68
ORD-202605-02756,2026-05-28,CUST-0864,Notebook,Office, South,Vikram,4,195.89
ORD-202605-02757,2026-05-27,CUST-1826,Mouse Pad,Accessories,North ,Rahul,5,380.45
ORD-202605-02758,2026-05-13,CUST-4840,Study Table,Furniture,,Vikram,7,5963.4
ORD-202605-02759,2026-05-21,CUST-2690,Keyboard,Electronics,North,Ananya,4,1398.79
ORD-202605-02760,2026-05-09,CUST-1676,Study Table,Furniture,West,Neha,5,5674.8
ORD-202605-02761,2026-05-03,CUST-0210,Laptop Stand,Accessories,Central,Ananya,1,1357.8
ORD-202605-02762,2026-05-24,CUST-0229,Study Table,Furniture,Central,Priya,3,5067.99
ORD-202605-02763,2026-05-30,CUST-0919,Wireless Mouse,Electronics,South,Priya,2,760.13
ORD-202605-02764,2026-05-24,CUST-3072,Desk Organizer,Office,,Karan,6,616.87
ORD-202605-02765,2026-05-02,CUST-1066,Laptop Stand,Accessories,West,Ananya,1,1512.65
ORD-202605-02766,2026-05-28,CUST-1265,Laptop Stand,Accessories,East,Rahul,6,1374.55
ORD-202605-02767,2026-05-22,CUST-4177,Monitor Stand,Furniture,East,Neha,7,2088.16
ORD-202605-02768,2026-05-24,CUST-1393,Headphones,Electronics,East,Rahul,5,2271.2
ORD-202605-02769,2026-05-06,CUST-3412,Headphones,Electronics,Central,Priya,2,2608.76
ORD-202605-02770,2026-05-22,CUST-2623,Keyboard,Electronics,East,Neha,1,1414.76
ORD-202605-02771,2026-05-17,CUST-3038,Desk Organizer,Office,North,Amit,3,583.97
ORD-202605-02772,2026-05-01,CUST-0280,Keyboard,Electronics,South,Neha,1,1384.25
ORD-202605-02773,2026-05-14,CUST-0117,Monitor Stand,Furniture,North,Priya,7,2192.1
ORD-202605-02774,2026-05-06,CUST-2157,Headphones,Electronics,West,Priya,1,2298.56
ORD-202605-02775,2026-05-25,CUST-1987,Notebook,Office,South,Vikram,6,182.79
ORD-202605-02776,2026-05-18,CUST-3671,Notebook,Office,Central,Vikram,2,199.0
ORD-202605-02777,2026-05-03,CUST-0498,USB Hub,Accessories,Central,Priya,3,983.59
ORD-202605-02778,2026-05-18,CUST-3308,Wireless Mouse,Electronics,North,Rahul,2,824.91
ORD-202605-02779,2026-05-16,CUST-0326,Desk Organizer,Office,Central,Vikram,3,565.95
ORD-202605-02780,2026-05-21,CUST-4167,Headphones,Electronics,East,Amit,5,2408.91
ORD-202605-02781,2026-05-13,CUST-0302,Webcam,Electronics,North,Neha,7,1725.95
ORD-202605-02782,2026-05-20,CUST-0212,Laptop Stand,Accessories,North,Sneha,4,1405.31
ORD-202605-02783,2026-05-07,CUST-4942,Notebook,Office,North,Rahul,4,210.3
ORD-202605-02784,2026-05-04,CUST-2271,Pen Set,Office,North,Sneha,1,328.04
ORD-202605-02785,2026-05-23,CUST-2244,Monitor Stand,Furniture,South,Karan,3,2167.93
ORD-202605-02786,2026-05-30,CUST-3695,Study Table,Furniture,North,Sneha,7,5258.47
ORD-202605-02787,2026-05-17,CUST-1342,Notebook,Office,West,Karan,1,216.01
ORD-202605-02788,2026-05-14,CUST-2018,USB Hub,Accessories,North,Neha,5,846.78
ORD-202605-02789,2026-05-28,CUST-2193,Study Table,Furniture,North,Amit,2,5194.48
ORD-202605-02790,2026-05-23,CUST-1118,Laptop Stand,Accessories,South,Neha,3,1387.68
ORD-202605-02791,2026-05-22,CUST-2680,Mouse Pad,Accessories,South,Vikram,4,415.75
ORD-202605-02792,2026-05-24,CUST-0041,Mouse Pad,Accessories,East,Rahul,3,379.35
ORD-202605-02793,2026-05-31,CUST-4283,Webcam,Electronics,West,Neha,4,1889.59
ORD-202605-02794,2026-05-07,CUST-0141,Notebook,Office,Central,Ananya,1,192.01
ORD-202605-02795,2026-05-22,CUST-1010,Pen Set,Office,North,Neha,4,276.44
ORD-202605-02796,2026-05-13,CUST-0882,Laptop Stand, Accessories,Central,Rahul,4,1404.92
ORD-202605-02797,2026-05-31,CUST-2523,Wireless Mouse,Electronics,East,Karan,3,744.46
ORD-202605-02798,2026-05-02,CUST-4535,Pen Set,Office,South,Rahul,7,282.53
ORD-202605-02799,2026-05-07,CUST-2966,Headphones,Electronics,North,Sneha,6,2421.32
ORD-202605-02800,2026-05-01,CUST-2876,USB Hub,Accessories,North,Karan,4,900.44
ORD-202605-02801,2026-05-06,CUST-3412,Study Table,Furniture,West,Karan,1,5187.39
ORD-202605-02802,2026-05-05,CUST-1504,Headphones,Electronics,Central,Priya,1,2577.48
ORD-202605-02803,2026-05-19,CUST-4266,Wireless Mouse,Electronics,Central,Sneha,5,760.56
ORD-202605-02804,2026-05-04,CUST-3460,Study Table,Furniture,East,Amit,5,5169.5
ORD-202605-02805,2026-05-31,CUST-4560,Study Table,Furniture,South,Vikram,1,5930.86
ORD-202605-02806,2026-05-23,CUST-2541,Headphones,Electronics,East,Neha,1,2367.38
ORD-202605-02807,2026-05-06,CUST-3759,Headphones,Electronics,West,Vikram,7,2400.78
ORD-202605-02808,2026-05-16,CUST-3519,Office Chair,Furniture,South,Vikram,7,6967.19
ORD-202605-02809,2026-05-29,CUST-0224,Notebook, Office,Central,Vikram,1,214.8
ORD-202605-02810,2026-05-13,CUST-1342,Notebook,Office,Central,Neha,4,212.2
ORD-202605-02811,2026-05-04,CUST-3455,Office Chair,Furniture,West,Sneha,4,6617.03
ORD-202605-02812,2026-05-06,CUST-3193,Desk Organizer,Office,Central,Rahul,5,540.34
ORD-202605-02813,2026-05-31,CUST-0873,Laptop Stand,Accessories,Central,Neha,3,1464.64
ORD-202605-02814,2026-05-13,CUST-4639,Wireless Mouse,Electronics,Central,Priya,7,779.16
ORD-202605-02815,2026-05-11,CUST-4061,Webcam,Electronics,South,Amit,5,1787.84
ORD-202605-02816,2026-05-25,CUST-3690,Headphones,Electronics,West,Rahul,6,2527.21
ORD-202605-02817,2026-05-07,CUST-4027,Pen Set,Office,South,Neha,4,323.88
ORD-202605-02818,2026-05-29,CUST-1146,USB Hub,Accessories,West,Amit,4,818.16
ORD-202605-02819,2026-05-30,CUST-1681,Wireless Mouse,Electronics,North,Sneha,7,840.77
ORD-202605-02820,2026-05-13,CUST-4051,Study Table,Furniture,South,Vikram,3,5085.52
ORD-202605-02821,2026-05-13,CUST-1411,Keyboard,Electronics,North,Rahul,3,1389.48
ORD-202605-02822,2026-05-23,CUST-0996,Keyboard,Electronics,South,Ananya,7,1367.28
ORD-202605-02823,2026-05-17,CUST-4303,Monitor Stand,Furniture,North,Rahul,3,2041.52
ORD-202605-02824,2026-05-27,CUST-1626,Notebook,Office,South,Amit,1,213.65
ORD-202605-02825,2026-05-11,CUST-4010,Office Chair,Furniture,South,Vikram,5,7297.56
ORD-202605-02826,2026-05-13,CUST-1234,Office Chair,Furniture,East,Karan,3,7555.36
ORD-202605-02827,2026-05-22,CUST-4766,Keyboard,Electronics,south,Sneha,1,1323.56
ORD-202605-02828,2026-05-09,CUST-4779,Wireless Mouse,Electronics,North,Rahul,4,749.33
ORD-202605-02829,2026-05-29,CUST-2129,USB Hub,Accessories,South,Vikram,4,896.37
ORD-202605-02830,2026-05-12,CUST-1301,Wireless Mouse,Electronics,Central,Karan,7,760.28
ORD-202605-02831,2026-05-21,CUST-3821,Webcam,Electronics,East,Neha,3,2060.93
ORD-202605-02832,2026-05-13,CUST-3182,USB Hub,Accessories,Central,Priya,2,864.32
ORD-202605-02833,2026-05-24,CUST-4325,USB Hub,Accessories,West,Vikram,3,915.46
ORD-202605-02834,2026-05-23,CUST-3295,Keyboard,Electronics,East,Amit,5,1276.51
ORD-202605-02835,2026-05-26,CUST-1811,Headphones,Electronics,Central,Vikram,4,2293.59
ORD-202605-02836,2026-05-09,CUST-0002,Keyboard,Electronics,East,Priya,5,1226.72
ORD-202605-02837,2026-05-06,CUST-0700,Pen Set,Office,South,Priya,1,278.64
ORD-202605-02838,2026-05-05,CUST-1707,Headphones,Electronics,West,Karan,7,2454.12
ORD-202605-02839,2026-05-25,CUST-1808,Notebook,Office,East,Rahul,3,197.96
ORD-202605-02840,2026-05-18,CUST-1609,Mouse Pad,Accessories,East,Vikram,7,380.73
ORD-202605-02841,2026-05-14,CUST-4281,Desk Organizer,Office,North,Rahul,5,645.59
ORD-202605-02842,2026-05-01,CUST-2602,Laptop Stand,Accessories,East,Karan,4,1375.03
ORD-202605-02843,2026-05-03,CUST-2123,Wireless Mouse,Electronics,East,Priya,7,788.1
ORD-202605-02844,2026-05-16,CUST-0656,Monitor Stand,Furniture,West,Vikram,1,1822.51
ORD-202605-02845,2026-05-02,CUST-2775,Monitor Stand,Furniture,West,Neha,7,2070.07
ORD-202605-02846,2026-05-22,CUST-0577,USB Hub,Accessories,North,Sneha,6,872.33
ORD-202605-02847,2026-05-27,CUST-2206,Wireless Mouse,Electronics,North,Amit,3,854.14
ORD-202605-02848,2026-05-09,CUST-0644,Notebook,Office,West,Rahul,2,208.51
ORD-202605-02849,2026-05-22,CUST-4268,Notebook,Office,Central,Ananya,3,193.29
ORD-202605-02850,2026-05-01,CUST-1550,Laptop Stand,Accessories,North,Amit,6,1634.53
ORD-202605-02851,2026-05-24,CUST-2188,Webcam,Electronics,East,Vikram,1,1928.63
ORD-202605-02852,2026-05-28,CUST-0959,Keyboard,Electronics,East,Rahul,4,1259.79
ORD-202605-02853,2026-05-20,,Mouse Pad,Accessories, East,Sneha,1,390.19
ORD-202605-02854,2026-05-12,CUST-0632,USB Hub,Accessories,South,Neha,1,933.66
ORD-202605-02855,2026-05-01,CUST-4046,Notebook,Office,East,Sneha,4,196.79
ORD-202605-02856,2026-05-11,CUST-2813,USB Hub,Accessories,Central,Rahul,1,925.62
ORD-202605-02857,2026-05-08,CUST-1198,Monitor Stand,Furniture,South,Priya,5,1905.84
ORD-202605-02858,2026-05-22,CUST-1238,Monitor Stand,Furniture,Central,Vikram,1,1884.87
ORD-202605-02859,2026-05-26,CUST-4998,Monitor Stand,Furniture,East,Sneha,7,2038.21
ORD-202605-02860,2026-05-06,CUST-0295,Study Table,Furniture,North,Vikram,2,5305.56
ORD-202605-02861,2026-05-14,CUST-2718,Study Table,Furniture,South,Rahul,7,5876.62
ORD-202605-02862,2026-05-22,CUST-3824,Wireless Mouse,Electronics,North,Rahul,2,855.84
ORD-202605-02863,2026-05-20,CUST-3686,Study Table,Furniture,West,Priya,3,5313.2
ORD-202605-02864,2026-05-19,CUST-0412,Webcam,Electronics,South,Sneha,2,1741.06
ORD-202605-02865,2026-05-10,CUST-4823,Webcam,Electronics,North,Amit,6,1854.34
ORD-202605-02866,2026-05-07,CUST-4320,Notebook,Office,West,Rahul,7,185.02
ORD-202605-02867,2026-05-23,CUST-2997,Notebook,Office,,Rahul,7,215.47
ORD-202605-02868,2026-05-12,CUST-1329,Desk Organizer,Office,Central,Vikram,4,630.37
ORD-202605-02869,2026-05-18,,Study Table,Furniture,North,Sneha,2,5204.21
ORD-202605-02870,2026-05-29,CUST-4976,USB Hub,Accessories,East,Vikram,1,910.29
ORD-202605-02871,2026-05-01,CUST-1238,Office Chair,Furniture,Central,Neha,2,6724.41
ORD-202605-02872,2026-05-22,CUST-2230,Desk Organizer,Office,West,Karan,1,637.88
ORD-202605-02873,2026-05-20,CUST-4462,Desk Organizer,Office,East,Amit,3,658.24
ORD-202605-02874,2026-05-26,CUST-3109,Desk Organizer,Office,South,Ananya,5,615.6
ORD-202605-02875,2026-05-23,CUST-2556,Mouse Pad,Accessories,East,Amit,6,373.09
ORD-202605-02876,2026-05-14,CUST-1567,Desk Organizer,Office,Central,Rahul,5,560.19
ORD-202605-02877,2026-05-16,CUST-1202,Notebook,Office,East,Vikram,3,201.57
ORD-202605-02878,2026-05-20,CUST-0211,Webcam,Electronics,West,Ananya,5,1962.99
ORD-202605-02879,2026-05-01,CUST-2973,Pen Set,Office,West,Amit,1,326.19
ORD-202605-02880,2026-05-10,CUST-4124,Wireless Mouse,Electronics,West,Priya,5,766.58
ORD-202605-02881,2026-05-21,CUST-4293,Study Table,Furniture,North,Amit,7,5203.92
ORD-202605-02882,2026-05-14,CUST-1543,Headphones,Electronics,North,Sneha,5,2567.36
ORD-202605-02883,2026-05-30,CUST-3022,Office Chair,Furniture,West,Amit,6,7145.42
ORD-202605-02884,2026-05-31,CUST-2842,Laptop Stand,Accessories,North,Karan,6,1516.58
ORD-202605-02885,2026-05-03,CUST-1570,Desk Organizer,Office,West,Amit,1,623.42
ORD-202605-02886,2026-05-21,CUST-3887,USB Hub,Accessories,,Amit,1,906.33
ORD-202605-02887,2026-05-08,CUST-1997,Desk Organizer,Office,South,Sneha,6,543.34
ORD-202605-02888,2026-05-07,CUST-0478,Keyboard,Electronics,West,Karan,5,1240.76
ORD-202605-02889,2026-05-15,CUST-3066,Desk Organizer,Office,Central,Amit,1,645.47
ORD-202605-02890,2026-05-22,CUST-0708,Desk Organizer,Office,South,Vikram,2,620.56
ORD-202605-02891,2026-05-22,CUST-0026,Study Table,Furniture,East,Sneha,2,5724.94
ORD-202605-02892,2026-05-31,CUST-1811,Keyboard,Electronics,North,Priya,2,1296.77
ORD-202605-02893,2026-05-16,CUST-2933,USB Hub,Accessories,South,Amit,1,887.15
ORD-202605-02894,2026-05-22,CUST-2357,Webcam,Electronics,,Amit,6,2015.48
ORD-202605-02895,2026-05-02,CUST-2536,Monitor Stand,Furniture,South,Rahul,3,2172.22
ORD-202605-02896,2026-05-20,CUST-4677,Laptop Stand,Accessories,South,Rahul,7,1390.49
ORD-202605-02897,2026-05-25,CUST-1339,Pen Set,Office,South,Ananya,3,277.1
ORD-202605-02898,2026-05-20,CUST-1764,Notebook,Office,Central,Vikram,3,181.04
ORD-202605-02899,2026-05-13,CUST-3830,Mouse Pad,Accessories,South,Vikram,5,375.34
ORD-202605-02900,2026-05-23,CUST-3995,Desk Organizer,Office,South,Sneha,4,636.76
ORD-202605-02901,2026-05-29,CUST-3836,Keyboard,Electronics,West,Priya,2,1314.24
ORD-202605-02902,2026-05-31,CUST-1378,Laptop Stand,Accessories,,Sneha,5,1475.98
ORD-202605-02903,2026-05-29,CUST-0755,Pen Set,Office,West,Sneha,3,298.92
ORD-202605-02904,2026-05-01,CUST-2682,Office Chair,Furniture,South,Rahul,7,7522.92
ORD-202605-02905,2026-05-06,CUST-0264,Notebook,Office,West,Priya,1,211.6
ORD-202605-02906,2026-05-05,CUST-1806,Laptop Stand,Accessories,South,Amit,5,1579.99
ORD-202605-02907,2026-05-30,CUST-2314,Pen Set,Office,North,Amit,1,280.86
ORD-202605-02908,2026-05-22,CUST-4408,Office Chair,Furniture,North,Sneha,5,7237.63
ORD-202605-02909,2026-05-07,CUST-4126,Webcam,Electronics,South,Amit,1,1831.05
ORD-202605-02910,2026-05-02,CUST-2086,Headphones,Electronics,South,Ananya,3,2484.17
ORD-202605-02911,2026-05-21,CUST-2290,Study Table,Furniture,East,Sneha,6,5107.27
ORD-202605-02912,2026-05-25,CUST-2822,Laptop Stand,Accessories,North,Rahul,3,1495.65
ORD-202605-02913,2026-05-29,CUST-1674,Monitor Stand,Furniture,West,Priya,3,2174.75
ORD-202605-02914,2026-05-09,CUST-4302,Notebook,Office,South,Sneha,7,205.8
ORD-202605-02915,2026-05-28,CUST-0008,Office Chair,Furniture,North,Amit,2,6340.22
ORD-202605-02916,2026-05-25,CUST-4543,Mouse Pad,Accessories,North,Sneha,1,426.8
ORD-202605-02917,2026-05-15,CUST-1494,Headphones,Electronics,East,Karan,2,2581.04
ORD-202605-02918,2026-05-28,CUST-3235,Laptop Stand,Accessories,West,Neha,4,1478.16
ORD-202605-02919,2026-05-12,CUST-2416,Wireless Mouse,Electronics,North,Amit,4,788.83
ORD-202605-02920,2026-05-07,CUST-1936,Headphones,Electronics,East,Amit,1,2632.36
ORD-202605-02921,2026-05-03,CUST-1324,Desk Organizer,Office,West,,2,571.03
ORD-202605-02922,2026-05-29,CUST-4764,Mouse Pad,Accessories,South,Priya,1,390.32
ORD-202605-02923,2026-05-06,CUST-4426,Monitor Stand,Furniture,north,Amit,5,2111.01
ORD-202605-02924,2026-05-04,CUST-4498,Keyboard,Electronics,East,Sneha,1,1398.23
ORD-202605-02925,2026-05-18,CUST-3969,Keyboard,Electronics,West,Amit,7,1387.73
ORD-202605-02926,2026-05-09,CUST-1722,USB Hub,Accessories,Central,Amit,4,915.66
ORD-202605-02927,2026-05-24,CUST-0982,Study Table,Furniture,East,Priya,4,5884.34
ORD-202605-02928,2026-05-09,CUST-2756,Wireless Mouse,Electronics,North,Karan,5,832.84
ORD-202605-02929,2026-05-31,CUST-3873,Mouse Pad,Accessories,South,Sneha,7,425.17
ORD-202605-02930,2026-05-12,CUST-1439,USB Hub,Accessories,East,Rahul,2,858.41
ORD-202605-02931,2026-05-11,CUST-3280,Office Chair, Furniture,West,Ananya,4,6391.61
ORD-202605-02932,2026-05-23,CUST-1801,Monitor Stand,Furniture,South,Priya,4,2187.07
ORD-202605-02933,2026-05-07,CUST-3281,Mouse Pad,Accessories,West,Neha,7,417.47
ORD-202605-02934,2026-05-06,CUST-3122,Mouse Pad,Accessories,South,Sneha,7,428.04
ORD-202605-02935,2026-05-09,CUST-0634,Webcam,Electronics,South,Sneha,3,1953.31
ORD-202605-02936,2026-05-14,,Notebook,Office,East,Ananya,4,193.46
ORD-202605-02937,2026-05-09,CUST-4674,Keyboard,Electronics,West,Karan,1,1294.67
ORD-202605-02938,2026-05-28,CUST-1312,Mouse Pad,Accessories,West,Amit,1,415.14
ORD-202605-02939,2026-05-27,CUST-3846,Wireless Mouse,Electronics,Central,Priya,7,818.37
ORD-202605-02940,2026-05-02,CUST-2652,Headphones,Electronics,Central,Karan,2,2261.6
ORD-202605-02941,2026-05-16,CUST-4008,Headphones,Electronics,South,Karan,3,2577.6
ORD-202605-02942,2026-05-18,CUST-1338,Keyboard,Electronics,South,Karan,1,1280.71
ORD-202605-02943,2026-05-19,CUST-0534,Wireless Mouse,Electronics,South,Neha,4,847.18
ORD-202605-02944,2026-05-20,CUST-3448,Laptop Stand,Accessories,West,Amit,5,1601.58
ORD-202605-02945,2026-05-03,CUST-0702,Webcam,Electronics,Central,Vikram,3,1963.84
ORD-202605-02946,2026-05-09,CUST-3896,Mouse Pad,Accessories,North,Rahul,7,390.86
ORD-202605-02947,2026-05-16,CUST-1030,USB Hub,Accessories,East,Neha,3,949.01
ORD-202605-02948,2026-05-25,CUST-2440,Desk Organizer,Office,West,Sneha,6,652.51
ORD-202605-02949,2026-05-12,CUST-1690,Pen Set,Office,Central,Sneha,3,281.1
ORD-202605-02950,2026-05-30,CUST-2011,Pen Set,Office,Central,Neha,1,318.28
ORD-202605-02951,2026-05-24,CUST-2480,Monitor Stand,Furniture,South,Karan,6,1816.24
ORD-202605-02952,2026-05-11,CUST-3359,Mouse Pad,Accessories,North,Priya,6,378.46
ORD-202605-02953,2026-05-24,CUST-0852,Mouse Pad,Accessories,Central,Vikram,6,430.57
ORD-202605-02954,2026-05-27,CUST-1965,Laptop Stand,Accessories,West,Amit,4,1367.87
ORD-202605-02955,2026-05-02,CUST-0241,Mouse Pad,Accessories,South,Vikram,2,366.89
ORD-202605-02956,,CUST-4963,Webcam,Electronics,North,Amit,6,1794.54
ORD-202605-02957,2026-05-28,CUST-4444,Monitor Stand,Furniture,West,Vikram,5,2019.12
ORD-202605-02958,2026-05-08,CUST-4140,Desk Organizer,Office,Central,Rahul,3,605.88
ORD-202605-02959,2026-05-03,CUST-4831,USB Hub,Accessories,North,Priya,5,891.08
ORD-202605-02960,2026-05-18,CUST-2559,Study Table,Furniture,South,Vikram,3,5986.89
ORD-202605-02961,2026-05-30,CUST-0773,Office Chair,Furniture,East,Rahul,5,6397.23
ORD-202605-02962,2026-05-17,CUST-2455,Pen Set,Office,North,Vikram,7,323.87
ORD-202605-02963,2026-05-02,CUST-2585,Webcam,Electronics,East,Sneha,1,1717.75
ORD-202605-02964,2026-05-29,CUST-2580,Keyboard,Electronics,Central,Rahul,3,1184.64
ORD-202605-02965,2026-05-12,CUST-0929,Keyboard,Electronics,East,Sneha,2,1190.8
ORD-202605-02966,2026-05-14,CUST-2558,Office Chair,Furniture,South,Amit,2,7444.46
ORD-202605-02967,2026-05-13,CUST-2910,Keyboard,Electronics,East,Vikram,7,1309.77
ORD-202605-02968,2026-05-18,CUST-0493,Notebook,Office,East,Priya,7,201.44
ORD-202605-02969,2026-05-22,CUST-1573,Mouse Pad,Accessories,South,Ananya,1,397.23
ORD-202605-02970,2026-05-11,CUST-2025,Pen Set,Office,North,Vikram,7,300.92
ORD-202605-02971,2026-05-06,CUST-4721,Wireless Mouse,Electronics,East,Sneha,6,735.24
ORD-202605-02972,2026-05-07,CUST-1275,Pen Set,Office,Central,Amit,1,322.34
ORD-202605-02973,2026-05-31,CUST-3883,Keyboard,Electronics,North,Vikram,7,1320.12
ORD-202605-02974,2026-05-22,CUST-2053,Mouse Pad,Accessories,West,Priya,2,393.16
ORD-202605-02975,2026-05-03,CUST-1759,USB Hub,Accessories,North,Vikram,3,895.45
ORD-202605-02976,2026-05-02,CUST-1483,Mouse Pad,Accessories,North,Karan,6,437.4
ORD-202605-02977,2026-05-06,CUST-2052,Wireless Mouse,Electronics,South,Rahul,4,832.31
ORD-202605-02978,2026-05-27,CUST-4570,Laptop Stand,Accessories,West,Amit,2,1572.49
ORD-202605-02979,2026-05-08,CUST-4472,USB Hub,Accessories,East,Karan,3,965.97
ORD-202605-02980,2026-05-29,CUST-0732,Pen Set,Office,North,Vikram,3,325.09
ORD-202605-02981,2026-05-15,CUST-2435,Webcam,Electronics,North,Amit,2,1775.38
ORD-202605-02982,2026-05-17,CUST-4302,Mouse Pad,Accessories,South,Karan,3,431.05
ORD-202605-02983,2026-05-03,CUST-0866,Mouse Pad,Accessories,West,Karan,5,430.37
ORD-202605-02984,2026-05-03,CUST-2617,Laptop Stand,Accessories,Central,Ananya,3,1613.56
ORD-202605-02985,2026-05-05,CUST-1971,Wireless Mouse,Electronics,West,Karan,6,811.74
ORD-202605-02986,2026-05-11,CUST-3673,Headphones,Electronics ,South,Ananya,2,2315.41
ORD-202605-02987,2026-05-31,CUST-4742,USB Hub,Accessories,East,Sneha,4,930.35
ORD-202605-02988,2026-05-02,CUST-4261,Pen Set,Office,South,Priya,2,313.94
ORD-202605-02989,2026-05-27,CUST-3818,Keyboard,Electronics,South,Karan,6,1181.36
ORD-202605-02990,2026-05-08,CUST-1553,USB Hub,Accessories,East,Amit,3,959.29
ORD-202605-02991,2026-05-01,CUST-0711,Laptop Stand,Accessories,North,Priya,1,1570.24
ORD-202605-02992,2026-05-21,CUST-0807,Headphones,Electronics,West,Vikram,4,2318.54
ORD-202605-02993,2026-05-31,CUST-3679,Pen Set,Office,North,Neha,3,287.88
ORD-202605-02994,2026-05-01,CUST-4503,Office Chair,Furniture,Central,Karan,1,7242.0
ORD-202605-02995,2026-05-23,CUST-2557,Notebook,Office,East,Sneha,3,179.3
ORD-202605-02996,2026-05-08,CUST-1209,Notebook,Office,South,Karan,1,206.1
ORD-202605-02997,2026-05-23,CUST-4767,Notebook,Office,South,Ananya,3,197.88
ORD-202605-02998,2026-05-19,CUST-1214,Pen Set,Office,North,Amit,4,311.97
ORD-202605-02999,2026-05-24,CUST-0496,Desk Organizer,Office,South,Amit,1,650.43
ORD-202605-03000,2026-05-26,CUST-2298,Notebook,Office,Central,Amit,2,217.15
ORD-202605-03001,2026-05-04,CUST-2551,Study Table,Furniture,East,Rahul,1,5638.78
ORD-202605-03002,2026-05-22,CUST-0657,Pen Set,Office,West,Amit,2,327.99
ORD-202605-03003,2026-05-20,CUST-4515,Mouse Pad,Accessories,East,Karan,6,385.3
ORD-202605-03004,2026-05-19,CUST-1703,Keyboard,Electronics,West,Sneha,1,1412.73
ORD-202605-03005,2026-05-25,CUST-1199,Headphones,Electronics,South,Amit,1,2476.09
ORD-202605-03006,2026-05-06,CUST-2682,Webcam,Electronics, East,Priya,6,2043.72
ORD-202605-03007,2026-05-24,CUST-0669,Mouse Pad,Accessories,East,Ananya,2,410.4
ORD-202605-03008,2026-05-25,CUST-4294,Office Chair,Furniture,East,Amit,2,7380.0
ORD-202605-03009,2026-05-26,CUST-1466,Mouse Pad,Accessories,West,Sneha,4,410.38
ORD-202605-03010,2026-05-09,CUST-0344,Office Chair,Furniture,East,Vikram,4,7550.53
ORD-202605-03011,2026-05-20,CUST-2952,Study Table,Furniture,north,Sneha,1,5914.62
ORD-202605-03012,2026-05-24,CUST-4565,Wireless Mouse,Electronics,North,Sneha,4,746.08
ORD-202605-03013,2026-05-08,CUST-1868,Notebook,Office,South,Sneha,-1,200.12
ORD-202605-03014,2026-05-12,CUST-2376,Desk Organizer,Office,West,Rahul,2,595.87
ORD-202605-03015,2026-05-05,CUST-3417,Monitor Stand,Furniture,West,Ananya,3,1885.66
ORD-202605-03016,2026-05-14,CUST-4124,Headphones,Electronics,East,Rahul,6,2368.9
ORD-202605-03017,2026-05-12,CUST-0579,Pen Set,Office,North,Sneha,3,328.25
ORD-202605-03018,2026-05-28,CUST-4366,Office Chair,Furniture,West,Sneha,7,7448.6
ORD-202605-03019,2026-05-03,CUST-4467,Mouse Pad,Accessories,Central,Neha,6,390.39
ORD-202605-03020,2026-05-06,CUST-2601,USB Hub,Accessories,Central,Ananya,4,845.85
ORD-202605-03021,2026-05-27,CUST-2740,Laptop Stand,Accessories,North,Ananya,6,1450.98
ORD-202605-03022,2026-05-19,CUST-4381,Webcam,Electronics,North,Amit,7,1831.19
ORD-202605-03023,2026-05-01,CUST-1352,Notebook,Office,South,Priya,5,212.95
ORD-202605-03024,2026-05-25,CUST-0774,Webcam,Electronics,West,Vikram,2,1830.79
ORD-202605-03025,2026-05-13,CUST-0051,Monitor Stand,Furniture,East,Ananya,7,2035.26
ORD-202605-03026,2026-05-08,CUST-4394,Pen Set,Office,East,Amit,6,322.45
ORD-202605-03027,2026-05-02,CUST-1146,USB Hub,Accessories,South,Priya,5,920.73
ORD-202605-03028,2026-05-13,CUST-4270,Pen Set,Office,East,Karan,4,326.32
ORD-202605-03029,,CUST-2467,USB Hub,Accessories,North,Karan,6,815.14
ORD-202605-03030,2026-05-10,CUST-2806,Notebook,Office,North,Ananya,4,217.18
ORD-202605-03031,2026-05-25,CUST-0739,Mouse Pad,Accessories,Central,Karan,4,434.95
ORD-202605-03032,2026-05-24,CUST-3205,Monitor Stand,Furniture,West,Vikram,7,2002.78
ORD-202605-03033,2026-05-17,CUST-4001,Headphones,Electronics,Central,Karan,3,2685.93
ORD-202605-03034,2026-05-20,CUST-3710,Laptop Stand,Accessories,West,,7,1627.69
ORD-202605-03035,2026-05-07,CUST-3921,Desk Organizer,Office,West,Rahul,1,650.33
ORD-202605-03036,2026-05-15,CUST-4971,Notebook,Office,West,Priya,1,206.13
ORD-202605-03037,2026-05-24,CUST-1206,Webcam,Electronics,East,Priya,2,2054.03
ORD-202605-03038,2026-05-27,CUST-2090,USB Hub,Accessories,Central,Vikram,2,843.14
ORD-202605-03039,2026-05-11,CUST-0387,Pen Set,Office,South,Amit,4,302.07
ORD-202605-03040,2026-05-10,CUST-2312,Notebook,Office,,Rahul,3,215.29
ORD-202605-03041,2026-05-01,CUST-3407,Monitor Stand,Furniture,West,Vikram,2,2198.71
ORD-202605-03042,2026-05-07,CUST-1666,Keyboard,Electronics,East,Priya,4,1393.92
ORD-202605-03043,2026-05-18,CUST-4012,Webcam, Electronics,Central,Karan,4,1723.12
ORD-202605-03044,2026-05-25,CUST-0973,Study Table,Furniture,East,Amit,5,6048.15
ORD-202605-03045,2026-05-16,CUST-3982,Pen Set,Office,South,Rahul,3,316.24
ORD-202605-03046,2026-05-11,CUST-1389,Study Table,Furniture,West,Sneha,6,6008.84
ORD-202605-03047,2026-05-06,CUST-1401,Webcam,Electronics,North,Neha,3,1983.16
ORD-202605-03048,2026-05-13,,Monitor Stand,Furniture,North,Amit,7,1850.11
ORD-202605-03049,2026-05-19,CUST-2758,USB Hub,Accessories,West,Priya,6,956.66
ORD-202605-03050,2026-05-18,CUST-0201,Desk Organizer,Office,Central,Karan,4,600.77
ORD-202605-03051,2026-05-11,CUST-3081,USB Hub,Accessories,Central,Ananya,5,866.19
ORD-202605-03052,2026-05-31,CUST-3530,Desk Organizer,Office,Central,Ananya,3,544.61
ORD-202605-03053,2026-05-05,CUST-2720,Study Table,Furniture,Central,Neha,6,5167.6
ORD-202605-03054,2026-05-11,CUST-4740,Wireless Mouse,Electronics,West,Ananya,6,746.66
ORD-202605-03055,2026-05-06,CUST-0659,Monitor Stand,Furniture,South,Vikram,5,1804.08
ORD-202605-03056,2026-05-20,CUST-1212,USB Hub,Accessories,North,Neha,5,897.36
ORD-202605-03057,2026-05-01,CUST-4132,Mouse Pad,Accessories,West,Sneha,2,374.32
ORD-202605-03058,2026-05-29,CUST-1345,Wireless Mouse,Electronics,Central,Neha,1,774.93
ORD-202605-03059,2026-05-19,CUST-1572,Wireless Mouse,Electronics,North,Ananya,1,836.45
ORD-202605-03060,2026-05-09,CUST-4489,Monitor Stand,Furniture,East,Rahul,5,1868.74
ORD-202605-03061,2026-05-25,CUST-1261,Monitor Stand,Furniture,North,Priya,4,1919.71
ORD-202605-03062,2026-05-25,CUST-4802,Notebook,Office,East,Amit,6,191.57
ORD-202605-03063,2026-05-14,CUST-3138,Pen Set,Office,Central,Sneha,3,306.02
ORD-202605-03064,2026-05-23,,Wireless Mouse,Electronics,North,Amit,1,871.3
ORD-202605-03065,2026-05-19,,Pen Set,Office,North,Sneha,5,318.97
ORD-202605-03066,2026-05-25,CUST-1109,Notebook,Office,West,Neha,4,185.89
ORD-202605-03067,2026-05-24,CUST-2858,Monitor Stand,Furniture,Central,Neha,1,2035.44
ORD-202605-03068,2026-05-26,CUST-2503,Pen Set,Office,South,Neha,1,309.17
ORD-202605-03069,2026-05-20,CUST-4376,Study Table,Furniture,North,Amit,5,5247.34
ORD-202605-03070,2026-05-14,CUST-4208,Monitor Stand,Furniture,South,Priya,2,1799.49
ORD-202605-03071,2026-05-09,CUST-0951,Monitor Stand,Furniture,North,Sneha,3,2012.9
ORD-202605-03072,2026-05-05,CUST-3002,Pen Set,Office,West,Vikram,1,321.44
ORD-202605-03073,2026-05-05,CUST-0420,Study Table,Furniture,Central,Neha,7,5046.59
ORD-202605-03074,2026-05-17,CUST-1115,Office Chair,Furniture,South,Priya,7,6783.43
ORD-202605-03075,2026-05-26,CUST-0212,Headphones,Electronics,South,Vikram,4,2417.82
ORD-202605-03076,2026-05-06,CUST-0173,Office Chair,Furniture,,Rahul,5,7108.58
ORD-202605-03077,2026-05-06,CUST-1883,Mouse Pad,Accessories,East,Vikram,2,380.14
ORD-202605-03078,2026-05-05,CUST-1977,Desk Organizer,Office,East,Rahul,7,632.13
ORD-202605-03079,2026-05-24,CUST-0530,Notebook,Office,East,Ananya,7,196.77
ORD-202605-03080,2026-05-15,CUST-3996,Keyboard,Electronics,West,Vikram,7,1380.58
ORD-202605-03081,2026-05-03,CUST-2310,Notebook,Office,West,Sneha,2,207.65
ORD-202605-03082,2026-05-09,CUST-0158,Laptop Stand,Accessories,East,Ananya,3,1495.38
ORD-202605-03083,2026-05-07,CUST-3965,Office Chair,Furniture,West,Rahul,4,7081.15
ORD-202605-03084,2026-05-13,CUST-1805,Desk Organizer,Office,West,Priya,4,609.22
ORD-202605-03085,2026-05-31,CUST-0042,Study Table,Furniture,North,Neha,2,5739.12
ORD-202605-03086,2026-05-06,CUST-3975,Study Table,Furniture,East,Priya,6,5927.97
ORD-202605-03087,2026-05-17,CUST-4759,Study Table, Furniture,Central,Amit,3,5893.62
ORD-202605-03088,2026-05-27,CUST-3602,Headphones,Electronics,South,Amit,2,2628.05
ORD-202605-03089,2026-05-16,CUST-3056,Notebook,Office,Central,Amit,3,194.43
ORD-202605-03090,2026-05-23,CUST-0077,Wireless Mouse,Electronics,North,Priya,1,848.42
ORD-202605-03091,2026-05-10,CUST-3787,Laptop Stand,Accessories,Central,Karan,1,1640.97
ORD-202605-03092,2026-05-20,CUST-3277,Study Table,Furniture,East,Karan,6,5304.61
ORD-202605-03093,2026-05-03,CUST-0545,Pen Set,Office,South,Ananya,3,308.43
ORD-202605-03094,2026-05-04,CUST-0193,Webcam,Electronics,North,Karan,5,1993.89
ORD-202605-03095,2026-05-02,CUST-2723,Office Chair,Furniture,West,Sneha,2,7382.92
ORD-202605-03096,2026-05-10,CUST-4117,Mouse Pad,Accessories,West,Karan,7,411.2
ORD-202605-03097,2026-05-11,CUST-0472,Office Chair,Furniture,North,Amit,4,6846.46
ORD-202605-03098,2026-05-20,CUST-0031,Monitor Stand,Furniture,East,Vikram,5,2048.88
ORD-202605-03099,2026-05-26,CUST-1523,Mouse Pad,Accessories,West,Priya,1,387.96
ORD-202605-03100,2026-05-07,CUST-0359,Desk Organizer,Office,North,Ananya,2,650.85
ORD-202605-03101,2026-05-18,CUST-4842,Mouse Pad,Accessories,East,Neha,6,425.36
ORD-202605-03102,2026-05-26,CUST-2218,Headphones,Electronics,South ,Neha,2,2254.61
ORD-202605-03103,2026-05-22,CUST-0832,Pen Set,Office,Central,Priya,2,291.44
ORD-202605-03104,2026-05-28,CUST-0395,Monitor Stand,Furniture,East,Ananya,3,2001.16
ORD-202605-03105,2026-05-15,CUST-3834,Study Table,Furniture,East,Sneha,1,5759.58
ORD-202605-03106,2026-05-18,CUST-3744,Headphones,Electronics,North,Sneha,2,2552.79
ORD-202605-03107,2026-05-04,CUST-2989,Study Table,Furniture,,Sneha,5,5970.14
ORD-202605-03108,2026-05-05,CUST-3731,Office Chair,Furniture,East,Rahul,4,7345.22
ORD-202605-03109,2026-05-07,CUST-2781,Headphones,Electronics,South,Vikram,1,2569.86
ORD-202605-03110,2026-05-07,CUST-0094,Wireless Mouse,Electronics,Central,Priya,-1,829.04
ORD-202605-03111,2026-05-15,CUST-0482,Study Table,Furniture,Central,Ananya,6,5949.15
ORD-202605-03112,2026-05-01,CUST-2397,Webcam,Electronics,East,Vikram,7,1901.24
ORD-202605-03113,2026-05-23,CUST-0105,Wireless Mouse,Electronics,South,Rahul,1,805.63
ORD-202605-03114,2026-05-09,CUST-1221,Keyboard,Electronics,Central,Priya,6,1378.09
ORD-202605-03115,2026-05-12,CUST-4281,Monitor Stand,Furniture,Central,Vikram,6,1893.91
ORD-202605-03116,2026-05-26,CUST-3067,Notebook,Office,West,Sneha,2,198.66
ORD-202605-03117,2026-05-24,CUST-0707,USB Hub,Accessories,South,Sneha,5,949.36
ORD-202605-03118,2026-05-10,CUST-0528,Notebook,Office,South,Karan,4,208.67
ORD-202605-03119,2026-05-04,CUST-3783,Webcam,Electronics,West,,7,2061.2
ORD-202605-03120,2026-05-26,CUST-4452,Desk Organizer,Office,South,Vikram,7,637.22
ORD-202605-03121,2026-05-27,CUST-2928,Wireless Mouse,Electronics,North,Neha,5,746.29
ORD-202605-03122,2026-05-27,CUST-3082,Webcam,Electronics,North,Ananya,1,2045.39
ORD-202605-03123,2026-05-09,CUST-2027,Laptop Stand,Accessories,central,Vikram,6,1554.68
ORD-202605-03124,2026-05-27,CUST-4949,Monitor Stand,Furniture,North,Rahul,6,1867.76
ORD-202605-03125,2026-05-24,CUST-4433,Pen Set,Office,North,Amit,5,289.46
ORD-202605-03126,2026-05-26,CUST-0649,Wireless Mouse,Electronics,South,Ananya,2,738.53
ORD-202605-03127,2026-05-02,CUST-4579,Webcam,Electronics,Central,Vikram,6,2071.06
ORD-202605-03128,2026-05-07,CUST-0305,Laptop Stand,Accessories,North,Rahul,3,1500.45
ORD-202605-03129,2026-05-08,CUST-0821,Office Chair,Furniture,East,Karan,6,7054.4
ORD-202605-03130,2026-05-20,CUST-1032,Wireless Mouse,Electronics,South,Karan,4,738.6
ORD-202605-03131,2026-05-03,CUST-0093,Study Table,Furniture,South,Neha,3,5456.9
ORD-202605-03132,2026-05-14,CUST-4839,Laptop Stand,Accessories,West,Amit,6,1608.31
ORD-202605-03133,2026-05-01,CUST-2918,Laptop Stand,Accessories,Central,Neha,3,1594.45
ORD-202605-03134,2026-05-07,,Monitor Stand,Furniture,North,Vikram,2,2113.94
ORD-202605-03135,2026-05-27,CUST-3085,Keyboard,Electronics,East,Sneha,7,1354.29
ORD-202605-03136,2026-05-29,CUST-0109,Webcam,Electronics,Central,Vikram,7,2009.52
ORD-202605-03137,2026-05-20,CUST-2766,Notebook,Office,South,Ananya,1,212.42
ORD-202605-03138,2026-05-30,CUST-4402,Webcam,Electronics,East,Amit,4,1958.23
ORD-202605-03139,2026-05-22,CUST-1183,Notebook,Office,West,Vikram,5,184.96
ORD-202605-03140,2026-05-12,CUST-2969,Webcam,Electronics,Central,Rahul,3,1914.4
ORD-202605-03141,2026-05-15,CUST-2194,Headphones,Electronics,East,Neha,1,2274.86
ORD-202605-03142,2026-05-27,CUST-0943,Office Chair,Furniture,South,Vikram,2,7231.42
ORD-202605-03143,2026-05-24,CUST-1651,Study Table,Furniture,East,Vikram,7,5960.0
ORD-202605-03144,2026-05-31,CUST-1957,Notebook,Office,South,Priya,3,199.36
ORD-202605-03145,2026-05-17,CUST-4911,Desk Organizer,Office,North,Karan,1,576.36
ORD-202605-03146,2026-05-30,CUST-3628,USB Hub,Accessories,West,Rahul,3,884.22
ORD-202605-03147,2026-05-26,CUST-0751,Desk Organizer,Office,West,Karan,3,635.0
ORD-202605-03148,2026-05-09,CUST-2975,Laptop Stand,Accessories,Central,Rahul,6,1508.6
ORD-202605-03149,2026-05-29,CUST-4409,Laptop Stand,Accessories,South,Sneha,1,1610.63
ORD-202605-03150,2026-05-01,CUST-0856,Pen Set,Office,Central,Amit,3,314.3
ORD-202605-03151,,CUST-1753,Pen Set,Office,Central,Karan,6,291.15
ORD-202605-03152,2026-05-06,,Monitor Stand,Furniture,Central,Rahul,3,2061.38
ORD-202605-03153,2026-05-13,CUST-2331,Wireless Mouse,Electronics,South,Sneha,3,758.08
ORD-202605-03154,2026-05-06,CUST-1250,USB Hub,Accessories,South,Priya,2,845.45
ORD-202605-03155,2026-05-01,CUST-1908,Laptop Stand,Accessories,South,Neha,6,1370.38
ORD-202605-03156,2026-05-09,CUST-3332,Headphones,Electronics,South,Karan,5,2370.28
ORD-202605-03157,2026-05-16,CUST-1414,Laptop Stand,Accessories,Central,Sneha,5,1587.86
ORD-202605-03158,2026-05-12,,USB Hub,Accessories,Central,Rahul,3,825.02
ORD-202605-03159,2026-05-05,CUST-1796,Office Chair,Furniture,North,Karan,2,7216.82
ORD-202605-03160,2026-05-26,CUST-1397,Headphones,Electronics,Central,Karan,6,2429.53
ORD-202605-03161,2026-05-24,CUST-3844,Office Chair,Furniture,Central,Ananya,2,7677.68
ORD-202605-03162,2026-05-11,CUST-3961,Pen Set,Office,East,Ananya,2,304.7
ORD-202605-03163,2026-05-17,CUST-1046,Monitor Stand,Furniture,East,Priya,2,2114.41
ORD-202605-03164,2026-05-28,CUST-4901,Wireless Mouse,Electronics,East,Sneha,5,845.86
ORD-202605-03165,2026-05-15,CUST-3064,Study Table,Furniture,Central,Rahul,3,5438.02
ORD-202605-03166,2026-05-22,CUST-0419,USB Hub,Accessories,East,Sneha,1,822.06
ORD-202605-03167,2026-05-04,CUST-0892,Keyboard,Electronics,Central,Priya,1,1200.46
ORD-202605-03168,2026-05-03,CUST-4015,Wireless Mouse,Electronics,West,Karan,1,788.25
ORD-202605-03169,2026-05-15,CUST-3583,Keyboard,Electronics,East,Neha,7,1336.83
ORD-202605-03170,2026-05-31,CUST-2695,Wireless Mouse,Electronics,West,Karan,7,805.02
ORD-202605-03171,2026-05-07,CUST-2398,Notebook,Office,Central,Sneha,5,209.59
ORD-202605-03172,2026-05-09,CUST-2410,Laptop Stand,Accessories,North,Ananya,5,1616.25
ORD-202605-03173,2026-05-23,CUST-0778,Mouse Pad,Accessories,south,Amit,6,376.78
ORD-202605-03174,2026-05-22,CUST-1196,Desk Organizer,Office,South,Amit,4,582.03
ORD-202605-03175,2026-05-06,CUST-3762,Desk Organizer,Office,South,Vikram,5,575.27
ORD-202605-03176,2026-05-25,CUST-4999,Pen Set,Office,East,Sneha,1,279.19
ORD-202605-03177,2026-05-14,CUST-1911,Mouse Pad,Accessories,South,Priya,1,403.3
ORD-202605-03178,2026-05-12,CUST-1113,Study Table,Furniture,West,Priya,1,5105.76
ORD-202605-03179,2026-05-10,CUST-3567,Notebook,Office,,Ananya,7,180.76
ORD-202605-03180,2026-05-28,CUST-4935,USB Hub,Accessories,Central,Ananya,2,820.82
ORD-202605-03181,2026-05-20,CUST-1488,Office Chair,Furniture,Central,Neha,2,7352.59
ORD-202605-03182,2026-05-26,CUST-3539,Headphones,Electronics,North,Priya,4,2536.9
ORD-202605-03183,2026-05-29,CUST-2569,Monitor Stand,Furniture,South,Sneha,1,2178.29
ORD-202605-03184,2026-05-24,CUST-4219,Wireless Mouse,Electronics, South,Amit,1,866.84
ORD-202605-03185,2026-05-07,CUST-2610,Mouse Pad,Accessories,South,Priya,1,417.25
ORD-202605-03186,2026-05-28,CUST-1708,Webcam,Electronics,North,Ananya,3,2036.26
ORD-202605-03187,2026-05-12,CUST-0013,Desk Organizer,Office,South,Priya,2,556.78
ORD-202605-03188,2026-05-11,CUST-2269,Mouse Pad,Accessories,North,Vikram,2,423.52
ORD-202605-03189,2026-05-25,CUST-3416,Office Chair,Furniture,North,Sneha,7,7236.87
ORD-202605-03190,2026-05-23,CUST-4184,Webcam,Electronics,South,Ananya,7,2036.78
ORD-202605-03191,2026-05-23,CUST-1997,Office Chair,Furniture,west,Neha,2,6690.24
ORD-202605-03192,2026-05-16,CUST-4567,Desk Organizer,Office,North,Karan,5,629.54
ORD-202605-03193,2026-05-12,CUST-4085,Office Chair,Furniture,South,Rahul,2,6378.66
ORD-202605-03194,2026-05-22,CUST-1633,Pen Set,Office,Central,Amit,4,313.11
ORD-202605-03195,2026-05-25,CUST-3805,Office Chair,Furniture,Central,Ananya,3,6565.41
ORD-202605-03196,2026-05-23,CUST-2048,USB Hub,Accessories,Central,,4,980.42
ORD-202605-03197,2026-05-30,CUST-2995,Pen Set,Office,Central,Vikram,3,327.98
ORD-202605-03198,2026-05-20,CUST-0315,Desk Organizer,Office,East,Amit,2,588.58
ORD-202605-03199,2026-05-22,CUST-4489,Desk Organizer,Office,North,Priya,1,649.84
ORD-202605-03200,2026-05-27,CUST-3630,USB Hub,Accessories,North,Sneha,3,854.5
ORD-202605-03201,2026-05-03,CUST-3450,Desk Organizer,Office,North,Rahul,3,613.02
ORD-202605-03202,2026-05-08,CUST-3749,Wireless Mouse,Electronics,South,Ananya,5,857.76
ORD-202605-03203,2026-05-28,CUST-0269,Keyboard,Electronics,West,Priya,3,1384.8
ORD-202605-03204,2026-05-01,CUST-3687,Desk Organizer,Office,North,Neha,6,581.41
ORD-202605-03205,2026-05-20,CUST-0916,Wireless Mouse,Electronics,Central,Karan,4,750.8
ORD-202605-03206,2026-05-21,CUST-0549,Pen Set,Office,South,Neha,7,286.7
ORD-202605-03207,2026-05-19,CUST-0057,Desk Organizer,Office,,Sneha,4,539.7
ORD-202605-03208,2026-05-03,CUST-0123,Mouse Pad,Accessories,Central,Amit,5,386.04
ORD-202605-03209,2026-05-26,CUST-4952,Notebook,Office,Central,Ananya,5,207.84
ORD-202605-03210,2026-05-08,CUST-3594,Keyboard,Electronics,East,Neha,6,1289.01
ORD-202605-03211,2026-05-19,CUST-2339,Laptop Stand,Accessories,Central,Sneha,6,1391.09
ORD-202605-03212,2026-05-06,CUST-0923,Mouse Pad,Accessories,West,Amit,4,385.77
ORD-202605-03213,2026-05-01,CUST-3089,Office Chair,Furniture,South,Amit,5,6663.48
ORD-202605-03214,2026-05-11,CUST-2712,Webcam,Electronics,West,Vikram,2,1932.94
ORD-202605-03215,2026-05-05,CUST-3040,Study Table,Furniture,South,Neha,3,5035.55
ORD-202605-03216,2026-05-31,CUST-2081,Monitor Stand,Furniture,North,Ananya,5,2091.44
ORD-202605-03217,2026-05-29,CUST-0299,Notebook,Office,West,Sneha,7,184.51
ORD-202605-03218,2026-05-22,CUST-2364,Mouse Pad,Accessories,Central,Sneha,6,436.52
ORD-202605-03219,2026-05-13,CUST-0674,Office Chair,Furniture,Central,Karan,5,7385.17
ORD-202605-03220,2026-05-02,CUST-3477,Office Chair,Furniture,Central ,Karan,2,6799.58
ORD-202605-03221,2026-05-16,CUST-3889,Pen Set,Office,West,Neha,4,280.52
ORD-202605-03222,2026-05-31,CUST-4476,Notebook,Office,East,Sneha,7,204.56
ORD-202605-03223,2026-05-19,CUST-1222,Pen Set,Office,west,Amit,3,326.66
ORD-202605-03224,2026-05-30,CUST-2924,Office Chair,Furniture,South,,4,6998.48
ORD-202605-03225,2026-05-20,CUST-1540,Laptop Stand,Accessories,East,Amit,1,1500.5
ORD-202605-03226,2026-05-23,CUST-3686,Mouse Pad,Accessories,Central,Ananya,5,387.14
ORD-202605-03227,2026-05-02,CUST-4569,Notebook,Office,North,Neha,3,202.94
ORD-202605-03228,2026-05-25,CUST-4919,Notebook,Office,East,Rahul,4,217.85
ORD-202605-03229,2026-05-12,CUST-4769,Headphones,Electronics,West,Sneha,1,2474.27
ORD-202605-03230,2026-05-06,CUST-2007,Mouse Pad,Accessories,Central,Priya,5,366.39
ORD-202605-03231,2026-05-18,CUST-3308,Desk Organizer,Office,Central,Priya,4,599.94
ORD-202605-03232,2026-05-17,CUST-3488,Monitor Stand,Furniture,East,Vikram,6,2102.33
ORD-202605-03233,2026-05-12,CUST-4226,Wireless Mouse,Electronics,North,Rahul,7,865.96
ORD-202605-03234,2026-05-15,CUST-2920,Keyboard,Electronics,South,Vikram,2,1356.34
ORD-202605-03235,2026-05-11,CUST-0348,USB Hub,Accessories,Central,Vikram,6,958.34
ORD-202605-03236,2026-05-21,CUST-0288,Laptop Stand,Accessories,North,Sneha,6,1487.82
ORD-202605-03237,2026-05-03,CUST-1477,Office Chair,Furniture,East,Priya,3,6432.1
ORD-202605-03238,2026-05-23,,Notebook,Office,North,Vikram,3,181.31
ORD-202605-03239,2026-05-17,CUST-1435,USB Hub,Accessories,West,Neha,6,841.34
ORD-202605-03240,2026-05-08,CUST-2314,Keyboard,Electronics,South,Neha,4,1277.96
ORD-202605-03241,2026-05-12,CUST-2400,Wireless Mouse,Electronics,Central,Priya,4,853.63
ORD-202605-03242,2026-05-09,CUST-1997,Office Chair,Furniture,West,Ananya,5,6992.01
ORD-202605-03243,2026-05-26,CUST-4321,Notebook,Office,South,,4,193.03
ORD-202605-03244,2026-05-28,CUST-0300,Study Table,Furniture,East,Amit,7,5390.64
ORD-202605-03245,2026-05-21,CUST-1849,USB Hub,Accessories,East,Sneha,5,982.52
ORD-202605-03246,2026-05-09,CUST-4102,Headphones,Electronics,West,Sneha,2,2467.66
ORD-202605-03247,2026-05-28,CUST-4417,Notebook,Office,Central,Karan,5,206.35
ORD-202605-03248,2026-05-11,CUST-1003,Monitor Stand,Furniture,,Rahul,3,2183.37
ORD-202605-03249,2026-05-13,CUST-3178,Keyboard,Electronics,North,Karan,3,1342.07
ORD-202605-03250,2026-05-22,CUST-1494,Notebook,Office,North,Priya,1,201.08
ORD-202605-03251,2026-05-19,CUST-4644,Webcam,Electronics,North,Ananya,3,1905.09
ORD-202605-03252,2026-05-23,CUST-2627,Notebook,Office,North,Neha,3,205.16
ORD-202605-03253,2026-05-01,CUST-1703,Mouse Pad,Accessories,South,Rahul,7,403.77
ORD-202605-03254,2026-05-12,CUST-0134,Laptop Stand,Accessories,Central,Vikram,6,1551.89
ORD-202605-03255,2026-05-06,CUST-3671,Webcam,Electronics,Central,Vikram,5,1934.46
ORD-202605-03256,2026-05-31,CUST-0391,Notebook,Office,West,Ananya,3,217.9
ORD-202605-03257,2026-05-02,CUST-4134,Notebook,Office,West,Sneha,4,213.2
ORD-202605-03258,2026-05-11,CUST-3580,Webcam,Electronics,West,Ananya,5,1745.02
ORD-202605-03259,2026-05-30,CUST-3056,Laptop Stand,Accessories,East,Neha,5,1597.24
ORD-202605-03260,2026-05-09,CUST-1920,Wireless Mouse,Electronics, South,Rahul,6,747.65
ORD-202605-03261,2026-05-26,CUST-0200,Laptop Stand,Accessories,South,Vikram,5,1430.47
ORD-202605-03262,2026-05-03,CUST-2990,Desk Organizer,Office,South,Ananya,4,563.37
ORD-202605-03263,2026-05-26,CUST-1099,Office Chair,Furniture,Central,Amit,3,6847.93
ORD-202605-03264,2026-05-13,CUST-2396,Monitor Stand,Furniture,North,Priya,6,1939.84
ORD-202605-03265,2026-05-22,CUST-1622,Notebook,Office,North,Sneha,1,215.0
ORD-202605-03266,2026-05-20,CUST-3072,Keyboard,Electronics,South,Karan,1,1310.88
ORD-202605-03267,2026-05-22,CUST-4598,Keyboard,Electronics,North,Vikram,4,1252.65
ORD-202605-03268,2026-05-03,CUST-3641,Notebook,Office,Central,Neha,6,202.1
ORD-202605-03269,2026-05-11,,Headphones,Electronics,Central,Amit,6,2515.4
ORD-202605-03270,2026-05-01,CUST-0105,Webcam,Electronics,East,Priya,7,2078.9
ORD-202605-03271,2026-05-29,CUST-2046,Laptop Stand,Accessories,North,Neha,6,1409.79
ORD-202605-03272,2026-05-13,CUST-3818,Laptop Stand,Accessories,North,Priya,6,1578.25
ORD-202605-03273,2026-05-29,CUST-4918,Pen Set,Office,South,Ananya,7,272.59
ORD-202605-03274,2026-05-16,CUST-4354,Webcam,Electronics,East,Karan,3,1852.98
ORD-202605-03275,2026-05-26,CUST-1223,Pen Set,Office,South,Sneha,3,294.49
ORD-202605-03276,2026-05-09,CUST-3695,Wireless Mouse,Electronics,West,Sneha,3,868.99
ORD-202605-03277,2026-05-13,CUST-0218,Office Chair,Furniture,North,Neha,3,6454.67
ORD-202605-03278,2026-05-03,CUST-1896,Monitor Stand,Furniture,South,Karan,2,1987.72
ORD-202605-03279,2026-05-28,CUST-4069,Keyboard,Electronics,North,Amit,2,1240.89
ORD-202605-03280,2026-05-23,CUST-0857,Notebook,Office,North,Vikram,3,179.17
ORD-202605-03281,2026-05-12,CUST-0772,Study Table,Furniture,Central,Priya,5,5047.32
ORD-202605-03282,2026-05-11,CUST-4608,Notebook,Office,East,Amit,3,194.77
ORD-202605-03283,2026-05-21,CUST-1112,Study Table,Furniture,South,Priya,4,5803.79
ORD-202605-03284,2026-05-08,CUST-1887,Notebook,Office,Central,Amit,5,217.52
ORD-202605-03285,2026-05-21,CUST-0575,Wireless Mouse,Electronics,Central,Karan,1,798.05
ORD-202605-03286,2026-05-13,CUST-3132,Keyboard,Electronics,East,Neha,2,1428.86
ORD-202605-03287,2026-05-16,,Desk Organizer,Office,East,Priya,1,544.21
ORD-202605-03288,2026-05-13,CUST-4456,USB Hub,accessories,West,Neha,1,813.51
ORD-202605-03289,2026-05-12,CUST-2670,Study Table,Furniture,South,Ananya,1,5366.38
ORD-202605-03290,2026-05-11,CUST-0862,Monitor Stand,Furniture,North,,6,1930.8
ORD-202605-03291,2026-05-10,CUST-3628,Headphones,Electronics,North,Karan,7,2398.66
ORD-202605-03292,2026-05-24,CUST-0795,Notebook,Office,South,Rahul,6,214.16
ORD-202605-03293,2026-05-08,CUST-1402,Desk Organizer,Office,West,Vikram,1,605.9
ORD-202605-03294,2026-05-23,CUST-0096,USB Hub,Accessories,North,Rahul,2,876.67
ORD-202605-03295,2026-05-23,CUST-3050,Study Table,Furniture,East,Amit,6,4976.61
ORD-202605-03296,2026-05-02,CUST-4863,Headphones,Electronics,West,Neha,5,2261.9
ORD-202605-03297,2026-05-22,CUST-0869,Webcam,Electronics ,East,Sneha,3,1756.68
ORD-202605-03298,2026-05-11,CUST-3327,Webcam,Electronics,East,Vikram,6,1804.73
ORD-202605-03299,2026-05-21,CUST-3461,Headphones,Electronics,North,Karan,1,2265.67
ORD-202605-03300,2026-05-18,CUST-4288,Office Chair,Furniture,West,Neha,3,6556.69
ORD-202605-03301,2026-05-07,CUST-0039,Office Chair,Furniture,West,Amit,4,6370.82
ORD-202605-03302,2026-05-26,CUST-3064,Pen Set,Office,Central,Karan,4,322.2
ORD-202605-03303,2026-05-29,CUST-3506,Headphones,Electronics,North,Rahul,4,2528.48
ORD-202605-03304,2026-05-10,CUST-3750,Laptop Stand,Accessories,North,Neha,2,1474.18
ORD-202605-03305,2026-05-13,CUST-4020,Keyboard,Electronics,South,Priya,7,1259.78
ORD-202605-03306,2026-05-01,CUST-3733,Study Table,Furniture,East,Sneha,3,5918.25
ORD-202605-03307,2026-05-01,CUST-4523,Mouse Pad,Accessories,West,Karan,5,387.08
ORD-202605-03308,2026-05-27,CUST-0536,Wireless Mouse,Electronics,South,Rahul,3,784.21
ORD-202605-03309,2026-05-28,CUST-3813,Monitor Stand,Furniture,Central,Ananya,5,1829.3
ORD-202605-03310,2026-05-23,CUST-0618,Desk Organizer,Office,,Vikram,4,640.87
ORD-202605-03311,2026-05-27,CUST-1293,Pen Set,Office,North,Neha,4,286.94
ORD-202605-03312,2026-05-18,CUST-0970,Mouse Pad,Accessories,South,Neha,6,412.3
ORD-202605-03313,2026-05-10,CUST-4949,Wireless Mouse,Electronics,North,Vikram,5,733.3
ORD-202605-03314,2026-05-19,CUST-0569,Study Table,Furniture,East,Priya,3,5298.92
ORD-202605-03315,2026-05-13,CUST-2485,Keyboard,Electronics,Central,Priya,6,1206.02
ORD-202605-03316,2026-05-24,CUST-0816,Study Table,Furniture,West,Sneha,4,5773.54
ORD-202605-03317,2026-05-07,CUST-4480,Keyboard, Electronics,North,Priya,1,1358.68
ORD-202605-03318,2026-05-17,CUST-4067,Laptop Stand,Accessories,Central,Ananya,7,1567.7
ORD-202605-03319,2026-05-27,CUST-2390,Monitor Stand,Furniture,North,Amit,1,1886.25
ORD-202605-03320,2026-05-20,CUST-2485,Wireless Mouse,Electronics,South,Neha,7,815.66
ORD-202605-03321,2026-05-03,CUST-0639,USB Hub,Accessories,East,Karan,1,826.63
ORD-202605-03322,2026-05-31,CUST-0861,Study Table,Furniture,Central,Priya,1,5143.25
ORD-202605-03323,2026-05-17,CUST-0268,Wireless Mouse,Electronics,Central,Neha,7,873.1
ORD-202605-03324,2026-05-07,CUST-4584,Office Chair,Furniture,East,Sneha,6,7011.02
ORD-202605-03325,2026-05-24,CUST-0697,Webcam,Electronics,Central,Ananya,5,1954.3
ORD-202605-03326,2026-05-20,CUST-2301,Headphones,Electronics,North,Rahul,5,2286.51
ORD-202605-03327,2026-05-05,CUST-3616,Monitor Stand,Furniture,North,Sneha,7,1880.1
ORD-202605-03328,2026-05-25,CUST-4651,Mouse Pad,Accessories,South,Rahul,5,432.0
ORD-202605-03329,2026-05-14,CUST-2225,Mouse Pad,Accessories,East,Karan,2,364.79
ORD-202605-03330,2026-05-05,CUST-0714,Laptop Stand,Accessories,Central,Amit,5,1509.01
ORD-202605-03331,2026-05-05,CUST-1251,Study Table,Furniture,North ,Ananya,6,5863.18
ORD-202605-03332,2026-05-29,CUST-0114,Desk Organizer,Office,East,Sneha,4,644.5
ORD-202605-03333,2026-05-10,CUST-0741,Desk Organizer,Office,Central,Sneha,3,571.04
ORD-202605-03334,2026-05-10,CUST-4327,Study Table,Furniture,South,Neha,6,5036.02
ORD-202605-03335,2026-05-22,CUST-1419,Laptop Stand,Accessories,South,Rahul,2,1425.7
ORD-202605-03336,,CUST-1506,Pen Set,Office,South,Ananya,5,304.37
ORD-202605-03337,2026-05-03,CUST-2522,Keyboard,Electronics,East,Ananya,6,1331.54
ORD-202605-03338,2026-05-20,CUST-2712,Monitor Stand,Furniture,Central,Neha,6,2059.08
ORD-202605-03339,2026-05-18,CUST-4341,USB Hub,Accessories,South,Ananya,2,868.23
ORD-202605-03340,2026-05-18,CUST-1837,Wireless Mouse,Electronics,West,Sneha,6,800.04
ORD-202605-03341,2026-05-03,CUST-4630,Webcam,Electronics,East,Karan,5,1827.47
ORD-202605-03342,2026-05-29,CUST-4743,USB Hub,Accessories,North,Priya,4,969.39
ORD-202605-03343,2026-05-31,CUST-2045,Wireless Mouse,Electronics,East,Amit,2,721.34
ORD-202605-03344,2026-05-14,CUST-0273,Laptop Stand,Accessories,West,Karan,1,1446.71
ORD-202605-03345,2026-05-21,CUST-2231,Mouse Pad,Accessories,East,Sneha,3,419.72
ORD-202605-03346,2026-05-15,CUST-1731,Webcam,Electronics,South,Ananya,1,2088.4
ORD-202605-03347,2026-05-13,CUST-0462,Office Chair,Furniture,South,Ananya,1,6816.9
ORD-202605-03348,2026-05-17,CUST-2740,Laptop Stand,Accessories,North,Karan,5,1447.79
ORD-202605-03349,2026-05-16,CUST-3136,Study Table,Furniture,East,Sneha,7,5764.8
ORD-202605-03350,2026-05-28,CUST-4933,Keyboard,Electronics,West,Neha,4,1392.79
ORD-202605-03351,2026-05-17,CUST-2782,Office Chair,Furniture,East,Rahul,7,7044.67
ORD-202605-03352,2026-05-31,CUST-0467,Mouse Pad,Accessories,West,Priya,6,425.06
ORD-202605-03353,2026-05-10,CUST-0051,Office Chair,Furniture,South,Karan,2,7535.34
ORD-202605-03354,2026-05-30,CUST-0111,Laptop Stand,Accessories,Central,Vikram,1,1448.02
ORD-202605-03355,2026-05-21,CUST-2637,Office Chair,Furniture,East,Karan,3,6712.84
ORD-202605-03356,2026-05-27,CUST-3871,Notebook,Office,Central,Ananya,1,183.23
ORD-202605-03357,2026-05-17,CUST-3407,Webcam,Electronics,South,Sneha,1,1758.17
ORD-202605-03358,2026-05-15,CUST-1502,USB Hub,Accessories,South,Neha,6,907.27
ORD-202605-03359,2026-05-06,CUST-2216,Headphones,Electronics,East,Neha,1,2302.18
ORD-202605-03360,2026-05-09,CUST-1834,Wireless Mouse,Electronics,South,Karan,7,836.38
ORD-202605-03361,2026-05-03,CUST-0385,USB Hub,Accessories,South,Sneha,2,892.96
ORD-202605-03362,2026-05-30,CUST-4111,Mouse Pad,Accessories,Central,Karan,6,427.99
ORD-202605-03363,2026-05-10,CUST-1490,Desk Organizer,Office,West,Amit,1,618.93
ORD-202605-03364,2026-05-05,CUST-1887,Notebook,Office,East,Karan,3,193.79
ORD-202605-03365,2026-05-24,CUST-3424,Webcam,Electronics,Central,Amit,1,1796.92
ORD-202605-03366,2026-05-02,CUST-3398,Office Chair,Furniture,South,Neha,7,6823.73
ORD-202605-03367,2026-05-25,CUST-3200,Monitor Stand,Furniture,West,Neha,1,1979.21
ORD-202605-03368,2026-05-17,CUST-1174,Webcam,Electronics,North,Rahul,1,2001.79
ORD-202605-03369,2026-05-24,CUST-1702,Pen Set,Office,East,Karan,7,287.97
ORD-202605-03370,2026-05-19,,Desk Organizer,Office,North,Neha,6,559.06
ORD-202605-03371,2026-05-25,CUST-1426,Wireless Mouse,Electronics,,Ananya,6,812.84
ORD-202605-03372,2026-05-22,CUST-3235,Study Table,Furniture,West,Rahul,2,5377.66
ORD-202605-03373,2026-05-25,CUST-1978,Office Chair,Furniture,West,Ananya,4,6834.18
ORD-202605-03374,2026-05-13,CUST-3158,Pen Set,Office,South,Priya,2,290.05
ORD-202605-03375,2026-05-11,CUST-4730,Keyboard,Electronics,Central,Ananya,1,1302.59
ORD-202605-03376,2026-05-26,CUST-3633,Keyboard,Electronics,West,Rahul,3,1288.32
ORD-202605-03377,2026-05-10,CUST-3498,Notebook,Office,West,Neha,5,216.09
ORD-202605-03378,2026-05-22,CUST-2410,USB Hub,Accessories,East,Neha,2,858.68
ORD-202605-03379,2026-05-06,CUST-4961,Wireless Mouse,Electronics,North,Karan,7,768.9
ORD-202605-03380,2026-05-27,CUST-1001,USB Hub,Accessories,North,Vikram,4,865.61
ORD-202605-03381,2026-05-10,CUST-3378,Keyboard,Electronics,Central,Karan,7,1410.36
ORD-202605-03382,2026-05-27,CUST-2537,Webcam,Electronics,North,Sneha,3,1720.76
ORD-202605-03383,2026-05-30,CUST-0330,Notebook,Office,Central,Priya,3,181.34
ORD-202605-03384,2026-05-28,CUST-0257,Laptop Stand,Accessories,South,Ananya,4,1615.37
ORD-202605-03385,2026-05-21,CUST-3728,Wireless Mouse,Electronics,North,Amit,2,754.55
ORD-202605-03386,2026-05-19,CUST-4047,Desk Organizer,Office,North,Rahul,3,611.12
ORD-202605-03387,2026-05-15,CUST-0696,Wireless Mouse,Electronics,South,Karan,2,783.99
ORD-202605-03388,2026-05-04,CUST-4297,Laptop Stand,Accessories,Central,Priya,1,1406.81
ORD-202605-03389,2026-05-22,CUST-0349,Wireless Mouse,Electronics,North,Amit,7,857.5
ORD-202605-03390,2026-05-07,CUST-0452,Headphones,Electronics,South,Karan,6,2504.5
ORD-202605-03391,2026-05-17,CUST-4264,Office Chair,Furniture,East,Neha,6,7088.42
ORD-202605-03392,2026-05-06,CUST-2817,Office Chair,Furniture,Central,Rahul,6,6317.81
ORD-202605-03393,2026-05-13,CUST-1770,Notebook,Office,West,Vikram,5,201.97
ORD-202605-03394,2026-05-16,CUST-1576,USB Hub,Accessories,South,Sneha,6,831.97
ORD-202605-03395,2026-05-17,CUST-4642,Laptop Stand,Accessories,South,Amit,2,1622.85
ORD-202605-03396,2026-05-06,CUST-1712,USB Hub,Accessories,East,Priya,5,890.2
ORD-202605-03397,2026-05-26,CUST-1841,Notebook,Office,East,Rahul,4,217.5
ORD-202605-03398,2026-05-10,CUST-1090,Keyboard,Electronics,South,Vikram,4,1260.73
ORD-202605-03399,2026-05-20,CUST-3482,USB Hub,Accessories,West,Amit,6,892.44
ORD-202605-03400,2026-05-07,CUST-1983,Office Chair,Furniture,North,Ananya,6,6324.19
ORD-202605-03401,2026-05-22,CUST-4212,Mouse Pad,Accessories,Central,Karan,5,360.28
ORD-202605-03402,2026-05-25,CUST-4340,Keyboard,Electronics,South,Priya,7,1343.04
ORD-202605-03403,2026-05-03,CUST-3319,USB Hub,Accessories,North,Amit,1,809.62
ORD-202605-03404,2026-05-21,CUST-3126,Notebook,Office,West,Amit,6,217.03
ORD-202605-03405,2026-05-01,CUST-1095,Pen Set,Office,North,Neha,6,327.08
ORD-202605-03406,2026-05-26,CUST-4989,Desk Organizer,Office,West,Rahul,2,567.38
ORD-202605-03407,2026-05-14,CUST-4704,Headphones,Electronics,North,Karan,3,2654.66
ORD-202605-03408,2026-05-01,CUST-1988,Keyboard,Electronics,East,Sneha,2,1389.75
ORD-202605-03409,2026-05-23,CUST-4354,Notebook,Office,North,Sneha,2,184.36
ORD-202605-03410,2026-05-22,CUST-3726,Webcam,Electronics,North,Neha,4,2018.09
ORD-202605-03411,2026-05-24,CUST-0685,Monitor Stand,Furniture,South,Neha,5,2144.23
ORD-202605-03412,2026-05-01,CUST-0688,Monitor Stand,Furniture,South,Rahul,3,1947.63
ORD-202605-03413,2026-05-29,CUST-1908,Notebook,Office,West,Ananya,4,206.7
ORD-202605-03414,2026-05-12,CUST-1719,USB Hub,Accessories,North,Rahul,3,857.03
ORD-202605-03415,2026-05-25,CUST-2178,Mouse Pad,Accessories,Central,Karan,1,404.99
ORD-202605-03416,2026-05-01,CUST-2859,Notebook,Office,Central,Sneha,7,201.39
ORD-202605-03417,2026-05-19,CUST-2511,Study Table,Furniture,West,Priya,3,5082.21
ORD-202605-03418,2026-05-25,CUST-2755,Study Table,Furniture,East,Amit,6,5972.82
ORD-202605-03419,2026-05-22,CUST-4692,Wireless Mouse,Electronics,West,Sneha,6,869.13
ORD-202605-03420,2026-05-08,CUST-2431,Study Table,Furniture,East,Amit,4,5991.29
ORD-202605-03421,2026-05-04,CUST-4645,Headphones,Electronics,West,Karan,4,2517.0
ORD-202605-03422,2026-05-19,CUST-4531,Laptop Stand,Accessories,North,Vikram,3,1424.31
ORD-202605-03423,2026-05-31,CUST-4073,Mouse Pad,Accessories,Central,Priya,6,418.1
ORD-202605-03424,2026-05-02,CUST-2691,Office Chair,Furniture,West,Ananya,2,7225.17
ORD-202605-03425,2026-05-31,CUST-2883,Monitor Stand,Furniture,East,Karan,2,2149.05
ORD-202605-03426,2026-05-01,CUST-4514,Laptop Stand,Accessories,North,Amit,7,1604.56
ORD-202605-03427,2026-05-11,CUST-1834,Pen Set,Office,North,Neha,4,285.75
ORD-202605-03428,2026-05-30,CUST-0012,Office Chair,Furniture,South,Amit,3,7116.58
ORD-202605-03429,2026-05-15,CUST-3443,Monitor Stand,Furniture,Central,Amit,1,1974.54
ORD-202605-03430,2026-05-29,CUST-4273,Office Chair,Furniture,South,Vikram,6,7599.89
ORD-202605-03431,2026-05-15,,Monitor Stand,Furniture,North,Rahul,2,1962.58
ORD-202605-03432,2026-05-08,CUST-0690,Notebook,Office,Central,Sneha,1,181.62
ORD-202605-03433,2026-05-25,,Wireless Mouse,Electronics,Central,Rahul,1,797.37
ORD-202605-03434,2026-05-30,CUST-2953,Pen Set,Office,East,Rahul,6,282.88
ORD-202605-03435,2026-05-13,CUST-0335,Pen Set,Office,West,Amit,6,269.74
ORD-202605-03436,2026-05-04,CUST-3302,Notebook,Office,West ,Neha,4,215.4
ORD-202605-03437,2026-05-03,CUST-2376,Webcam,Electronics,Central,Neha,5,1964.59
ORD-202605-03438,2026-05-06,CUST-4544,Keyboard,Electronics,West,Amit,4,1199.54
ORD-202605-03439,2026-05-01,CUST-4655,Wireless Mouse,Electronics,West,Sneha,3,779.74
ORD-202605-03440,2026-05-14,CUST-1520,USB Hub,Accessories,West,Karan,6,859.2
ORD-202605-03441,2026-05-23,CUST-0398,USB Hub,Accessories,North,Neha,7,955.87
ORD-202605-03442,2026-05-20,CUST-1230,Keyboard,Electronics,South,Amit,1,1350.1
ORD-202605-03443,2026-05-24,CUST-4573,USB Hub,Accessories,South,Vikram,5,828.85
ORD-202605-03444,2026-05-12,CUST-4424,Wireless Mouse,Electronics,East,Rahul,1,720.16
ORD-202605-03445,2026-05-12,CUST-0071,Webcam,Electronics,South,Priya,1,2020.48
ORD-202605-03446,2026-05-14,CUST-1765,Mouse Pad,Accessories,North,Priya,1,433.57
ORD-202605-03447,2026-05-26,CUST-2053,Headphones,Electronics,West,Priya,3,2729.83
ORD-202605-03448,2026-05-04,CUST-3685,Webcam,Electronics,South,Neha,1,1754.29
ORD-202605-03449,2026-05-01,CUST-0365,Wireless Mouse,Electronics,East,Vikram,2,781.6
ORD-202605-03450,2026-05-30,CUST-0292,Laptop Stand,Accessories,North,,7,1385.77
ORD-202605-03451,2026-05-15,CUST-2252,Study Table,Furniture,West,Neha,3,5976.69
ORD-202605-03452,2026-05-05,CUST-0226,Pen Set,Office,North,,1,296.14
ORD-202605-03453,2026-05-24,CUST-0542,Keyboard,Electronics,South,Ananya,3,1405.49
ORD-202605-03454,2026-05-03,CUST-3914,Mouse Pad,Accessories,West,Priya,6,395.34
ORD-202605-03455,2026-05-10,CUST-4375,Study Table,Furniture,North,Rahul,6,5048.96
ORD-202605-03456,2026-05-05,CUST-0103,Notebook,Office,West,Sneha,6,193.32
ORD-202605-03457,2026-05-20,CUST-4324,Mouse Pad,Accessories,North,Sneha,2,436.62
ORD-202605-03458,2026-05-07,CUST-1657,Pen Set,Office,West,Vikram,1,321.52
ORD-202605-03459,2026-05-21,CUST-0236,Monitor Stand,Furniture,East,Amit,2,2004.53
ORD-202605-03460,2026-05-04,CUST-0900,Pen Set,Office,South,Vikram,2,288.76
ORD-202605-03461,2026-05-06,CUST-1877,Pen Set,Office,East,Rahul,7,278.91
ORD-202605-03462,2026-05-09,CUST-3178,Pen Set,Office,South,Rahul,6,277.34
ORD-202605-03463,2026-05-25,CUST-1701,Office Chair,Furniture,East,Ananya,6,6517.08
ORD-202605-03464,2026-05-02,CUST-1537,USB Hub,Accessories,Central,Priya,5,904.76
ORD-202605-03465,2026-05-03,CUST-2464,Keyboard,Electronics,South,Karan,5,1350.86
ORD-202605-03466,2026-05-07,CUST-1366,Desk Organizer,Office,Central,Karan,6,574.61
ORD-202605-03467,2026-05-28,CUST-1087,Mouse Pad,Accessories,West,Neha,7,437.64
ORD-202605-03468,2026-05-07,CUST-4317,Webcam,Electronics,Central,Sneha,6,1886.39
ORD-202605-03469,2026-05-21,CUST-2032,Pen Set,Office,Central,Ananya,3,304.72
ORD-202605-03470,2026-05-01,CUST-0104,Desk Organizer,Office,Central,Priya,1,603.31
ORD-202605-03471,2026-05-27,CUST-4618,Headphones,Electronics,North,Amit,4,2634.46
ORD-202605-03472,2026-05-03,CUST-1038,Office Chair,Furniture,North,Amit,5,7608.79
ORD-202605-03473,2026-05-10,CUST-1778,Mouse Pad,Accessories,Central,Amit,1,426.72
ORD-202605-03474,2026-05-22,CUST-3060,Study Table,Furniture,West,Vikram,1,5515.32
ORD-202605-03475,2026-05-25,CUST-1658,Office Chair,Furniture,East,Priya,7,7612.75
ORD-202605-03476,2026-05-25,CUST-0428,Monitor Stand,Furniture,North,Sneha,7,1966.52
ORD-202605-03477,2026-05-02,CUST-1180,Study Table,Furniture,North,Amit,6,5030.26
ORD-202605-03478,2026-05-08,CUST-3681,Mouse Pad,Accessories,South,Rahul,3,369.69
ORD-202605-03479,2026-05-03,CUST-3269,USB Hub,Accessories,South,Ananya,1,980.29
ORD-202605-03480,2026-05-22,CUST-4090,Mouse Pad,Accessories,North,Ananya,-1,434.12
ORD-202605-03481,2026-05-09,CUST-2204,Webcam,Electronics,Central,Ananya,7,2056.13
ORD-202605-03482,2026-05-13,CUST-4757,Laptop Stand,Accessories,Central,Priya,2,1574.4
ORD-202605-03483,2026-05-16,CUST-1610,Study Table,Furniture,Central,Karan,4,5696.17
ORD-202605-03484,2026-05-11,CUST-4139,Office Chair,Furniture,North,Karan,5,7471.6
ORD-202605-03485,2026-05-15,CUST-1218,Wireless Mouse,Electronics,East,Ananya,7,790.26
ORD-202605-03486,2026-05-22,CUST-3908,Webcam,Electronics,North,Vikram,6,1916.98
ORD-202605-03487,2026-05-25,CUST-3636,Notebook,Office,West ,Neha,1,214.85
ORD-202605-03488,2026-05-26,CUST-0756,Pen Set,Office,South,Vikram,1,272.5
ORD-202605-03489,2026-05-05,CUST-0885,Wireless Mouse,Electronics,North,Amit,4,809.11
ORD-202605-03490,2026-05-19,CUST-0153,Notebook,Office,Central,Neha,7,194.27
ORD-202605-03491,2026-05-31,CUST-4694,Pen Set,Office,South,Priya,3,302.32
ORD-202605-03492,2026-05-16,CUST-2459,Webcam,Electronics,West,Ananya,1,2072.67
ORD-202605-03493,2026-05-20,CUST-2841,USB Hub,Accessories,Central,Vikram,7,950.36
ORD-202605-03494,2026-05-15,CUST-3729,Webcam,Electronics,South,Rahul,6,1890.1
ORD-202605-03495,2026-05-11,CUST-2801,Laptop Stand,Accessories,East,Neha,4,1553.21
ORD-202605-03496,2026-05-10,CUST-0411,Headphones,Electronics,South,Karan,1,2530.44
ORD-202605-03497,2026-05-24,CUST-2781,Study Table,Furniture,North,Neha,2,5165.96
ORD-202605-03498,2026-05-25,CUST-4642,Desk Organizer,Office,South,Ananya,2,593.74
ORD-202605-03499,2026-05-09,CUST-0387,Keyboard,Electronics,South,Priya,1,1197.91
ORD-202605-03500,2026-05-24,CUST-2793,Office Chair,Furniture,West,,2,6937.89
ORD-202605-03501,2026-05-08,CUST-4512,Pen Set,Office,Central,Rahul,3,295.38
ORD-202605-03502,2026-05-24,CUST-1247,Headphones,Electronics,Central,Sneha,2,2598.12
ORD-202605-03503,2026-05-07,CUST-1934,Keyboard,Electronics,East,Ananya,2,1239.1
ORD-202605-03504,2026-05-28,CUST-3965,Study Table,Furniture,South,Vikram,7,5381.34
ORD-202605-03505,2026-05-22,CUST-0722,Webcam,Electronics,South,Sneha,4,1865.42
ORD-202605-03506,2026-05-29,CUST-0740,Headphones,Electronics,North,Sneha,5,2334.92
ORD-202605-03507,2026-05-28,CUST-2402,Webcam,Electronics,West,Sneha,4,1987.31
ORD-202605-03508,2026-05-29,CUST-0085,Keyboard,Electronics,West,Priya,7,1342.98
ORD-202605-03509,2026-05-06,CUST-1756,Mouse Pad,Accessories,West,Ananya,6,391.08
ORD-202605-03510,2026-05-23,CUST-1441,Study Table,Furniture,East,Priya,2,5123.31
ORD-202605-03511,2026-05-11,CUST-3207,Notebook,Office,South,Priya,2,210.44
ORD-202605-03512,2026-05-12,CUST-3140,Study Table,Furniture,West,Priya,2,5711.19
ORD-202605-03513,2026-05-24,CUST-0032,Study Table,Furniture,Central,Priya,4,5679.58
ORD-202605-03514,2026-05-22,CUST-3519,Headphones,Electronics,Central,Karan,2,2721.69
ORD-202605-03515,2026-05-31,CUST-1849,Mouse Pad,Accessories,South,Karan,2,423.22
ORD-202605-03516,,CUST-1532,Headphones,Electronics,West,Vikram,6,2698.28
ORD-202605-03517,2026-05-23,,Pen Set,Office,Central,Vikram,6,314.58
ORD-202605-03518,2026-05-05,CUST-0002,Webcam,Electronics,East,Sneha,3,1992.24
ORD-202605-03519,2026-05-27,CUST-3887,Wireless Mouse,Electronics,North,Amit,6,840.29
ORD-202605-03520,2026-05-03,CUST-2971,Wireless Mouse,Electronics,Central,Priya,5,870.17
ORD-202605-03521,2026-05-26,CUST-0122,Mouse Pad,Accessories,East,Ananya,6,400.99
ORD-202605-03522,2026-05-20,CUST-2524,USB Hub,Accessories,South,Vikram,3,882.91
ORD-202605-03523,2026-05-06,CUST-4326,Office Chair,Furniture,West,Neha,4,7644.58
ORD-202605-03524,2026-05-17,CUST-2313,Desk Organizer,Office,West,Amit,4,655.18
ORD-202605-03525,2026-05-06,CUST-2559,Monitor Stand,Furniture,South,Neha,2,2147.89
ORD-202605-03526,2026-05-09,CUST-2910,Keyboard,Electronics,East,Karan,5,1318.4
ORD-202605-03527,2026-05-09,CUST-0213,Desk Organizer,Office,East,Rahul,3,614.18
ORD-202605-03528,2026-05-11,CUST-1856,Webcam,Electronics,East,Karan,1,1879.53
ORD-202605-03529,2026-05-30,CUST-1181,Desk Organizer,Office,East,Sneha,5,564.33
ORD-202605-03530,2026-05-08,CUST-4576,Laptop Stand,Accessories,East,Karan,7,1379.41
ORD-202605-03531,2026-05-31,CUST-0079,Office Chair,Furniture,South,Vikram,7,6316.39
ORD-202605-03532,2026-05-22,CUST-4443,Monitor Stand,Furniture,North,Priya,3,1884.23
ORD-202605-03533,2026-05-13,CUST-2640,Headphones,Electronics,West,Sneha,4,2518.2
ORD-202605-03534,2026-05-24,CUST-2768,Desk Organizer,Office,North,Neha,2,647.1
ORD-202605-03535,2026-05-28,CUST-1297,Keyboard,Electronics,East,Neha,4,1277.03
ORD-202605-03536,2026-05-07,CUST-1557,Laptop Stand,Accessories,South,Karan,6,1541.23
ORD-202605-03537,2026-05-08,CUST-0009,Pen Set,Office,South,Sneha,6,296.76
ORD-202605-03538,2026-05-14,CUST-1036,Headphones,Electronics,Central,Ananya,7,2255.93
ORD-202605-03539,2026-05-12,CUST-0547,Study Table,Furniture,Central,Neha,5,5419.37
ORD-202605-03540,2026-05-05,CUST-2693,Study Table,Furniture,East,Amit,3,5356.95
ORD-202605-03541,2026-05-24,CUST-3553,Desk Organizer,Office,,Rahul,2,577.02
ORD-202605-03542,2026-05-02,CUST-3639,Webcam,Electronics,Central,Karan,3,1825.22
ORD-202605-03543,2026-05-06,CUST-0244,Study Table,Furniture,Central,Priya,4,5116.64
ORD-202605-03544,2026-05-02,CUST-2525,Pen Set,Office,South,Neha,2,304.0
ORD-202605-03545,2026-05-17,CUST-3792,Desk Organizer,Office,West,Ananya,5,635.33
ORD-202605-03546,2026-05-13,CUST-4722,Pen Set,Office,South,Amit,1,318.91
ORD-202605-03547,2026-05-31,CUST-4009,Keyboard,Electronics,West,Amit,2,1238.85
ORD-202605-03548,2026-05-25,CUST-1500,Office Chair,Furniture,,Neha,1,6700.82
ORD-202605-03549,2026-05-10,CUST-0571,Study Table,Furniture,Central,Neha,2,5261.63
ORD-202605-03550,2026-05-11,CUST-0988,Pen Set,Office,West,Amit,7,278.72
ORD-202605-03551,2026-05-01,CUST-3577,Laptop Stand,Accessories,East,Sneha,7,1536.21
ORD-202605-03552,2026-05-22,CUST-3184,USB Hub,Accessories,North,Amit,7,835.44
ORD-202605-03553,2026-05-04,CUST-4612,Office Chair,Furniture,West,Vikram,7,6856.42
ORD-202605-03554,2026-05-18,CUST-1711,Keyboard,Electronics,South,Neha,6,1310.08
ORD-202605-03555,2026-05-19,CUST-4776,Office Chair,Furniture,West,Sneha,2,7247.15
ORD-202605-03556,2026-05-13,CUST-2132,Headphones,Electronics,North,Karan,7,2732.57
ORD-202605-03557,2026-05-28,CUST-2786,Mouse Pad,Accessories,South,Amit,7,424.31
ORD-202605-03558,2026-05-06,CUST-4065,Notebook,Office,South,Amit,5,194.77
ORD-202605-03559,2026-05-09,CUST-0022,Monitor Stand,Furniture,West,Vikram,4,2130.41
ORD-202605-03560,2026-05-06,CUST-1216,Mouse Pad,Accessories,North,Neha,3,381.5
ORD-202605-03561,2026-05-15,CUST-2348,Notebook,Office,Central,Sneha,1,206.11
ORD-202605-03562,2026-05-21,CUST-2889,Laptop Stand,Accessories,Central,Vikram,2,1410.89
ORD-202605-03563,2026-05-03,CUST-3586,Office Chair,Furniture,South,Ananya,2,6910.53
ORD-202605-03564,2026-05-11,CUST-4496,Mouse Pad,Accessories,Central,Sneha,6,408.1
ORD-202605-03565,2026-05-02,,Keyboard,Electronics,North,Priya,1,1380.02
ORD-202605-03566,2026-05-22,CUST-1122,Study Table,Furniture,West,Vikram,5,5973.13
ORD-202605-03567,2026-05-24,CUST-3291,Monitor Stand,Furniture,East,Karan,5,2190.8
ORD-202605-03568,2026-05-19,CUST-3544,Wireless Mouse,Electronics,West,Vikram,4,854.36
ORD-202605-03569,2026-05-11,CUST-3722,USB Hub,Accessories,Central,Karan,2,843.6
ORD-202605-03570,2026-05-21,CUST-2343,Keyboard,Electronics,North,Neha,5,1390.08
ORD-202605-03571,2026-05-04,CUST-3466,Mouse Pad,Accessories,East,Amit,4,405.83
ORD-202605-03572,2026-05-22,CUST-1888,Wireless Mouse,Electronics,North,Vikram,5,778.81
ORD-202605-03573,2026-05-27,CUST-1454,Headphones,Electronics ,Central,Neha,2,2400.51
ORD-202605-03574,2026-05-14,CUST-1491,Laptop Stand,Accessories,North,Vikram,4,1565.37
ORD-202605-03575,2026-05-23,CUST-4624,Wireless Mouse,Electronics,South,Priya,5,787.88
ORD-202605-03576,2026-05-13,CUST-1574,Headphones,Electronics,North,Sneha,2,2680.61
ORD-202605-03577,2026-05-16,CUST-0779,Notebook,Office,West,Ananya,7,216.75
ORD-202605-03578,2026-05-20,CUST-3515,Webcam,Electronics,East,Neha,2,2047.31
ORD-202605-03579,2026-05-10,CUST-0548,Notebook,Office,North,Rahul,1,197.57
ORD-202605-03580,2026-05-30,CUST-3166,Wireless Mouse,Electronics,North,Priya,1,860.17
ORD-202605-03581,2026-05-15,CUST-0689,Study Table,Furniture,North,Sneha,1,5607.38
ORD-202605-03582,2026-05-19,CUST-0044,Laptop Stand,Accessories,Central,Neha,1,1404.32
ORD-202605-03583,2026-05-04,CUST-2480,Keyboard,Electronics,North,Priya,7,1192.0
ORD-202605-03584,2026-05-27,CUST-2925,USB Hub,Accessories,South,Ananya,3,817.13
ORD-202605-03585,2026-05-15,CUST-1506,Laptop Stand,Accessories,East,Amit,4,1361.53
ORD-202605-03586,2026-05-07,CUST-3284,Monitor Stand,Furniture,North,Rahul,2,2125.73
ORD-202605-03587,2026-05-11,CUST-2306,Headphones,Electronics,West,Amit,5,2315.16
ORD-202605-03588,2026-05-03,CUST-3140,Notebook,Office,Central,Karan,1,214.39
ORD-202605-03589,2026-05-06,CUST-2482,Keyboard,Electronics,West,Priya,3,1245.4
ORD-202605-03590,2026-05-20,CUST-2699,Office Chair,Furniture,Central,Sneha,3,7688.57
ORD-202605-03591,2026-05-27,CUST-0674,Study Table,Furniture,East,Vikram,4,5430.47
ORD-202605-03592,2026-05-12,CUST-0814,Pen Set,Office,North,Vikram,1,278.13
ORD-202605-03593,2026-05-03,CUST-0323,Mouse Pad,Accessories,West,Rahul,4,377.26
ORD-202605-03594,2026-05-20,CUST-2271,USB Hub,Accessories,West,Sneha,5,847.52
ORD-202605-03595,2026-05-30,CUST-2330,Monitor Stand,Furniture,West,Vikram,7,1864.13
ORD-202605-03596,2026-05-05,CUST-1292,Study Table,Furniture,South,Amit,4,5824.53
ORD-202605-03597,2026-05-30,CUST-4728,Pen Set,Office,South,Vikram,6,277.65
ORD-202605-03598,2026-05-13,CUST-1213,Office Chair,Furniture,South,Neha,1,6978.09
ORD-202605-03599,2026-05-16,CUST-0856,Pen Set,Office,South,Ananya,1,318.18
ORD-202605-03600,2026-05-28,CUST-2966,Wireless Mouse,Electronics,South,Amit,2,815.49
ORD-202605-03601,2026-05-29,CUST-1516,Notebook,Office,North,Priya,1,208.98
ORD-202605-03602,2026-05-09,CUST-0825,Headphones,Electronics,,Vikram,1,2303.7
ORD-202605-03603,2026-05-19,CUST-4439,Notebook,Office,West,Sneha,6,212.06
ORD-202605-03604,2026-05-31,CUST-1827,Monitor Stand,Furniture,South,Ananya,2,2038.11
ORD-202605-03605,2026-05-15,CUST-3288,USB Hub,Accessories,North,Neha,2,809.91
ORD-202605-03606,2026-05-18,CUST-3654,Office Chair,Furniture,North,Priya,2,7451.17
ORD-202605-03607,2026-05-20,CUST-2780,Monitor Stand,Furniture,East,Rahul,7,2061.74
ORD-202605-03608,2026-05-25,CUST-3831,USB Hub,Accessories,South,Amit,1,811.94
ORD-202605-03609,2026-05-15,CUST-4106,Desk Organizer,Office,Central,Priya,1,633.33
ORD-202605-03610,2026-05-11,CUST-4433,Notebook,Office,North,Sneha,2,218.4
ORD-202605-03611,2026-05-07,CUST-2387,Webcam,Electronics,East,Priya,5,1955.89
ORD-202605-03612,2026-05-15,CUST-4052,Office Chair,Furniture,North,Karan,5,7484.29
ORD-202605-03613,2026-05-01,CUST-3511,Laptop Stand,Accessories,Central,Priya,2,1606.95
ORD-202605-03614,2026-05-14,CUST-0760,USB Hub,Accessories,Central,Priya,1,988.08
ORD-202605-03615,2026-05-11,CUST-2339,Keyboard,Electronics,Central,Neha,4,1235.05
ORD-202605-03616,2026-05-24,CUST-1297,Wireless Mouse,Electronics,South,Neha,2,795.53
ORD-202605-03617,2026-05-06,CUST-1537,Webcam,Electronics,East,Sneha,3,1860.84
ORD-202605-03618,2026-05-05,CUST-2148,Pen Set,Office,West,Amit,-1,310.96
ORD-202605-03619,2026-05-17,CUST-2671,Monitor Stand,Furniture,,Rahul,7,2052.76
ORD-202605-03620,2026-05-15,CUST-4218,Keyboard,Electronics,West,Rahul,3,1287.14
ORD-202605-03621,2026-05-13,CUST-4723,Laptop Stand,Accessories,North,Rahul,1,1627.86
ORD-202605-03622,2026-05-02,CUST-0063,Webcam,Electronics,East,Priya,4,2051.96
ORD-202605-03623,2026-05-22,CUST-2395,Mouse Pad,Accessories,North,Rahul,3,369.5
ORD-202605-03624,2026-05-24,CUST-3883,Mouse Pad,Accessories,Central,Neha,7,395.36
ORD-202605-03625,2026-05-12,CUST-4295,Study Table,Furniture,East,Vikram,3,4956.64
ORD-202605-03626,2026-05-02,CUST-4234,Office Chair,Furniture,West,Priya,2,7122.97
ORD-202605-03627,2026-05-04,CUST-0655,Mouse Pad,Accessories,East,Ananya,2,427.97
ORD-202605-03628,2026-05-14,CUST-2840,Headphones, Electronics,Central,Sneha,7,2561.55
ORD-202605-03629,2026-05-19,CUST-2712,Notebook,Office,South,Amit,1,191.84
ORD-202605-03630,2026-05-10,CUST-0261,Headphones,Electronics,East,Amit,1,2707.94
ORD-202605-03631,2026-05-22,CUST-4027,Monitor Stand,Furniture,South,Sneha,1,2141.02
ORD-202605-03632,2026-05-11,CUST-2782,USB Hub,Accessories,North,Ananya,3,967.66
ORD-202605-03633,2026-05-09,CUST-4235,USB Hub,Accessories,South,Amit,5,942.1
ORD-202605-03634,2026-05-04,CUST-1533,Keyboard,Electronics,North,Rahul,2,1191.58
ORD-202605-03635,2026-05-08,CUST-0080,Pen Set,Office,North,Priya,5,303.98
ORD-202605-03636,2026-05-24,CUST-1561,Webcam,Electronics,South,Sneha,5,1920.09
ORD-202605-03637,2026-05-12,CUST-1954,Webcam,Electronics,West,Sneha,1,2062.81
ORD-202605-03638,2026-05-08,CUST-1872,Webcam,Electronics,Central,Amit,7,2013.58
ORD-202605-03639,2026-05-05,CUST-0178,Webcam,Electronics ,North,Neha,1,1802.15
ORD-202605-03640,2026-05-16,CUST-0261,Office Chair,Furniture,Central,Karan,5,7359.49
ORD-202605-03641,2026-05-15,CUST-1788,Study Table,Furniture,South,Karan,2,5362.69
ORD-202605-03642,2026-05-29,CUST-1143,Pen Set,Office,South,Priya,4,291.83
ORD-202605-03643,2026-05-22,CUST-2779,Monitor Stand,Furniture,East,Rahul,3,2163.98
ORD-202605-03644,2026-05-17,CUST-2556,Laptop Stand,Accessories,South,Karan,6,1373.12
ORD-202605-03645,2026-05-18,CUST-3423,Study Table,Furniture,South,Rahul,7,5136.11
ORD-202605-03646,2026-05-17,CUST-1716,Monitor Stand,Furniture,South,Vikram,1,1964.83
ORD-202605-03647,2026-05-15,CUST-1545,Keyboard,Electronics,North,Priya,6,1284.38
ORD-202605-03648,2026-05-05,CUST-4042,Webcam,Electronics,East,Amit,6,2054.19
ORD-202605-03649,2026-05-01,CUST-4571,Mouse Pad,Accessories,South,Ananya,4,409.62
ORD-202605-03650,2026-05-22,CUST-4285,Mouse Pad,Accessories,South,Priya,1,404.77
ORD-202605-03651,2026-05-21,,Notebook,Office,Central,Sneha,5,207.64
ORD-202605-03652,2026-05-10,CUST-0486,Pen Set,Office,North,Ananya,7,273.06
ORD-202605-03653,2026-05-19,CUST-2258,Keyboard,Electronics,Central,Rahul,5,1306.23
ORD-202605-03654,2026-05-14,CUST-4142,Monitor Stand,Furniture,Central,Neha,7,2073.17
ORD-202605-03655,2026-05-19,CUST-3131,Wireless Mouse,Electronics,East,,7,855.42
ORD-202605-03656,2026-05-14,CUST-4698,Study Table,Furniture,West,Sneha,3,4967.21
ORD-202605-03657,2026-05-20,CUST-2435,Mouse Pad,Accessories,East,Amit,7,380.22
ORD-202605-03658,2026-05-08,CUST-1686,Laptop Stand,Accessories,Central,Neha,1,1413.09
ORD-202605-03659,2026-05-26,CUST-0320,USB Hub,Accessories,North,Amit,6,964.19
ORD-202605-03660,2026-05-02,CUST-1832,Mouse Pad,Accessories,North,Sneha,2,390.55
ORD-202605-03661,2026-05-31,CUST-2929,Wireless Mouse,Electronics,West,Priya,2,870.62
ORD-202605-03662,2026-05-21,CUST-2898,USB Hub,Accessories,West,Rahul,6,946.1
ORD-202605-03663,2026-05-13,CUST-0647,Monitor Stand,Furniture,Central,Rahul,7,2143.89
ORD-202605-03664,2026-05-27,CUST-1691,Webcam,Electronics,East,Rahul,3,2027.25
ORD-202605-03665,2026-05-25,CUST-1575,Laptop Stand,Accessories,East,Amit,2,1396.44
ORD-202605-03666,2026-05-04,CUST-4908,Mouse Pad,Accessories,,Vikram,3,363.02
ORD-202605-03667,2026-05-27,CUST-4599,Monitor Stand, Furniture,East,Sneha,4,2033.31
ORD-202605-03668,2026-05-12,CUST-3535,Keyboard,Electronics,Central,Priya,5,1187.79
ORD-202605-03669,2026-05-13,CUST-4284,Webcam,Electronics,North,Amit,5,1925.98
ORD-202605-03670,2026-05-11,CUST-0115,Wireless Mouse,Electronics,North,Rahul,2,756.86
ORD-202605-03671,2026-05-07,CUST-3669,Keyboard,Electronics,South,Neha,5,1415.45
ORD-202605-03672,2026-05-03,CUST-2582,Wireless Mouse,Electronics,West,Rahul,5,790.32
ORD-202605-03673,2026-05-05,CUST-4402,Laptop Stand,Accessories,East,Amit,5,1537.21
ORD-202605-03674,2026-05-10,CUST-0886,Keyboard,Electronics,East,Sneha,4,1324.11
ORD-202605-03675,2026-05-22,CUST-3380,Office Chair,Furniture,North,Neha,4,7591.35
ORD-202605-03676,2026-05-14,CUST-2808,Webcam,Electronics,East,Karan,7,2021.44
ORD-202605-03677,2026-05-22,CUST-1583,USB Hub,Accessories,Central,Ananya,4,951.51
ORD-202605-03678,2026-05-26,CUST-3798,Pen Set,Office ,East,Amit,7,288.27
ORD-202605-03679,2026-05-10,CUST-2185,Laptop Stand,Accessories,South ,Ananya,3,1453.63
ORD-202605-03680,2026-05-02,CUST-2125,Office Chair,Furniture,North,Amit,4,6825.3
ORD-202605-03681,2026-05-19,,Pen Set,Office,Central,Sneha,1,291.3
ORD-202605-03682,2026-05-15,CUST-0194,Office Chair,Furniture,South,Karan,3,7533.73
ORD-202605-03683,2026-05-20,CUST-2690,Pen Set,Office,North,Neha,1,298.08
ORD-202605-03684,2026-05-12,CUST-2015,Laptop Stand,Accessories,Central,Vikram,1,1548.6
ORD-202605-03685,2026-05-25,CUST-2631,Notebook,Office,North,Karan,3,188.11
ORD-202605-03686,2026-05-30,CUST-1571,Wireless Mouse,Electronics,West,Priya,3,876.8
ORD-202605-03687,2026-05-06,CUST-0814,Headphones,Electronics,South,Sneha,3,2729.65
ORD-202605-03688,,CUST-1222,Wireless Mouse,Electronics,Central,Neha,6,815.61
ORD-202605-03689,2026-05-24,CUST-4097,Wireless Mouse,Electronics,South,Ananya,1,866.24
ORD-202605-03690,2026-05-30,CUST-1395,Office Chair,Furniture,East,Sneha,6,7466.79
ORD-202605-03691,2026-05-08,CUST-0093,Headphones,Electronics,South,Neha,3,2295.72
ORD-202605-03692,2026-05-11,CUST-0839,Study Table,Furniture,Central,Ananya,2,6015.87
ORD-202605-03693,2026-05-30,CUST-1000,Monitor Stand,Furniture,Central,Karan,1,1919.59
ORD-202605-03694,2026-05-09,CUST-4885,Monitor Stand,Furniture,West,,7,1880.91
ORD-202605-03695,2026-05-31,CUST-0807,Notebook,Office,West,Amit,3,218.52
ORD-202605-03696,2026-05-04,CUST-3138,Monitor Stand,Furniture,Central,Karan,2,1840.03
ORD-202605-03697,2026-05-19,CUST-0073,Keyboard,Electronics,North,Ananya,3,1335.77
ORD-202605-03698,2026-05-28,CUST-0363,Study Table,Furniture,East,,7,5974.77
ORD-202605-03699,2026-05-18,CUST-1200,Keyboard,Electronics,East,Karan,3,1426.59
ORD-202605-03700,2026-05-09,CUST-3725,Laptop Stand,Accessories,West,Vikram,3,1610.99
ORD-202605-03701,2026-05-18,CUST-0656,Laptop Stand,Accessories,West,Rahul,7,1619.06
ORD-202605-03702,2026-05-23,CUST-1488,Mouse Pad,Accessories,North,,2,397.32
ORD-202605-03703,2026-05-11,CUST-1129,Pen Set,Office,North,Ananya,7,326.31
ORD-202605-03704,2026-05-07,CUST-2781,Office Chair,Furniture,South,Neha,5,6571.0
ORD-202605-03705,2026-05-21,CUST-2592,Notebook,Office,East,Priya,1,189.26
ORD-202605-03706,2026-05-08,CUST-4095,Study Table,Furniture,North,Karan,7,5180.71
ORD-202605-03707,2026-05-09,CUST-2486,Notebook,Office,Central,Ananya,5,206.77
ORD-202605-03708,2026-05-20,CUST-2791,Laptop Stand,Accessories,South,Ananya,7,1359.37
ORD-202605-03709,2026-05-04,CUST-3710,Notebook,Office,North,Ananya,4,188.05
ORD-202605-03710,2026-05-20,CUST-0887,Pen Set,Office,East,Neha,6,296.14
ORD-202605-03711,2026-05-09,CUST-0634,Mouse Pad,Accessories,South,Amit,4,388.19
ORD-202605-03712,2026-05-10,CUST-4701,Headphones,Electronics,East,Sneha,7,2251.01
ORD-202605-03713,2026-05-09,CUST-0469,Webcam,Electronics,East,Sneha,1,1796.91
ORD-202605-03714,2026-05-14,CUST-3078,Wireless Mouse,Electronics,Central,Rahul,3,727.66
ORD-202605-03715,2026-05-14,CUST-0491,Notebook,Office,North,Amit,2,188.37
ORD-202605-03716,2026-05-15,CUST-4490,Laptop Stand,Accessories,East,Sneha,7,1503.19
ORD-202605-03717,2026-05-17,CUST-0896,Office Chair,Furniture,North,Priya,7,6805.36
ORD-202605-03718,2026-05-31,CUST-1663,Study Table,Furniture,North,Priya,4,5856.4
ORD-202605-03719,,CUST-4469,Monitor Stand,Furniture,North,Ananya,5,1950.36
ORD-202605-03720,2026-05-21,CUST-2150,Pen Set,Office,Central,Karan,1,292.98
ORD-202605-03721,2026-05-21,CUST-4847,Monitor Stand,Furniture,North,Amit,4,1925.05
ORD-202605-03722,2026-05-10,CUST-2691,Study Table,Furniture,South,Vikram,7,5121.32
ORD-202605-03723,2026-05-12,CUST-2141,Monitor Stand,Furniture,South,Vikram,2,1879.83
ORD-202605-03724,2026-05-05,CUST-0152,Laptop Stand,Accessories,South,Vikram,2,1627.04
ORD-202605-03725,2026-05-21,CUST-0198,Webcam,Electronics,Central,Sneha,7,1902.17
ORD-202605-03726,2026-05-28,CUST-2758,Wireless Mouse,Electronics,Central,Priya,1,864.87
ORD-202605-03727,2026-05-05,CUST-0597,Notebook,Office,South,Neha,4,202.94
ORD-202605-03728,2026-05-06,CUST-3369,Laptop Stand,Accessories,East,Neha,3,1452.38
ORD-202605-03729,2026-05-15,CUST-4958,Office Chair,Furniture,North,Amit,7,7683.77
ORD-202605-03730,2026-05-31,CUST-1901,USB Hub,Accessories,North,Neha,4,821.2
ORD-202605-03731,2026-05-30,CUST-2758,Headphones,Electronics,central,Priya,7,2711.08
ORD-202605-03732,2026-05-10,CUST-2613,Pen Set,Office,East,Karan,3,294.16
ORD-202605-03733,2026-05-21,,Webcam,Electronics,Central,Sneha,5,2009.77
ORD-202605-03734,2026-05-14,CUST-3738,Monitor Stand,Furniture,South,Ananya,5,2120.44
ORD-202605-03735,2026-05-21,,Notebook,Office,Central,Ananya,4,191.31
ORD-202605-03736,2026-05-20,CUST-4875,Laptop Stand,Accessories,East,Vikram,5,1372.8
ORD-202605-03737,2026-05-31,CUST-0159,Notebook,Office,North,Sneha,2,210.47
ORD-202605-03738,2026-05-18,CUST-0662,Desk Organizer,Office,East,,6,627.24
ORD-202605-03739,2026-05-02,CUST-2182,Laptop Stand,Accessories,East,Vikram,3,1428.71
ORD-202605-03740,2026-05-04,CUST-4685,Study Table,Furniture,West,Ananya,7,5880.19
ORD-202605-03741,2026-05-16,CUST-4751,Keyboard,Electronics,South,Amit,4,1312.74
ORD-202605-03742,2026-05-07,CUST-2111,Webcam,Electronics,South,Sneha,5,1999.09
ORD-202605-03743,2026-05-18,CUST-1868,Headphones,Electronics,North,Ananya,2,2486.57
ORD-202605-03744,2026-05-25,CUST-1481,Office Chair,Furniture,North,Priya,2,6428.17
ORD-202605-03745,2026-05-05,CUST-0998,USB Hub,Accessories,North,Karan,7,824.53
ORD-202605-03746,2026-05-18,CUST-3083,Monitor Stand,Furniture,East,Rahul,1,2068.25
ORD-202605-03747,2026-05-30,CUST-2847,Webcam,Electronics,East,Sneha,6,2088.51
ORD-202605-03748,2026-05-31,CUST-2052,Office Chair,Furniture,West,Vikram,5,7384.16
ORD-202605-03749,2026-05-26,CUST-3245,Pen Set,Office,North,Neha,1,296.64
ORD-202605-03750,2026-05-25,CUST-4562,USB Hub,Accessories,North,Sneha,3,966.55
ORD-202605-03751,2026-05-08,CUST-4246,Study Table,Furniture,West,Ananya,1,5483.35
ORD-202605-03752,2026-05-30,CUST-4033,Notebook,Office,East,Ananya,3,201.7
ORD-202605-03753,2026-05-08,CUST-1640,USB Hub,Accessories,Central,Karan,2,869.17
ORD-202605-03754,2026-05-19,CUST-4910,Desk Organizer,Office,Central,Vikram,3,620.42
ORD-202605-03755,2026-05-14,CUST-1625,Study Table,Furniture,Central,Amit,7,5575.79
ORD-202605-03756,2026-05-13,CUST-1200,Office Chair,Furniture,,Rahul,3,7615.49
ORD-202605-03757,2026-05-14,CUST-2673,Keyboard,Electronics,East,Amit,2,1271.94
ORD-202605-03758,2026-05-22,CUST-0407,Desk Organizer,Office,North,Ananya,4,598.12
ORD-202605-03759,2026-05-24,CUST-4684,Notebook,Office,Central,Sneha,6,185.99
ORD-202605-03760,2026-05-15,CUST-4184,Monitor Stand,Furniture,East,Ananya,5,2107.69
ORD-202605-03761,2026-05-19,CUST-1282,Study Table,Furniture,Central,Vikram,1,6030.35
ORD-202605-03762,2026-05-26,CUST-4303,Study Table,Furniture ,East,Karan,6,6025.02
ORD-202605-03763,2026-05-25,CUST-1124,Keyboard,Electronics,Central,Amit,1,1293.14
ORD-202605-03764,2026-05-09,CUST-3924,Headphones,Electronics,East,Neha,4,2513.74
ORD-202605-03765,2026-05-06,CUST-1717,Study Table,Furniture,North,Amit,7,5278.57
ORD-202605-03766,2026-05-02,CUST-0164,Monitor Stand,Furniture,South,Amit,1,2187.18
ORD-202605-03767,2026-05-20,CUST-2446,Desk Organizer,Office,North,Karan,6,552.94
ORD-202605-03768,2026-05-15,CUST-1617,Desk Organizer,Office,West,Priya,4,632.3
ORD-202605-03769,2026-05-05,CUST-2694,Mouse Pad,Accessories,West,Neha,7,403.8
ORD-202605-03770,2026-05-09,CUST-0103,Study Table,Furniture,North,Karan,7,5658.81
ORD-202605-03771,2026-05-09,CUST-0484,Keyboard,Electronics,North,Rahul,6,1333.41
ORD-202605-03772,2026-05-15,CUST-2050,Mouse Pad,Accessories,Central,Amit,7,393.92
ORD-202605-03773,2026-05-07,CUST-4822,Keyboard,Electronics,North,Karan,6,1304.29
ORD-202605-03774,2026-05-13,CUST-0503,Study Table,Furniture,North,Vikram,7,5716.17
ORD-202605-03775,2026-05-04,CUST-3870,USB Hub,Accessories,,Vikram,2,980.1
ORD-202605-03776,2026-05-08,CUST-4966,Monitor Stand,Furniture,Central,Neha,6,1962.37
ORD-202605-03777,2026-05-06,CUST-4156,Wireless Mouse,Electronics,West,Sneha,5,790.34
ORD-202605-03778,2026-05-28,CUST-1890,Office Chair,Furniture,North,Rahul,5,6544.91
ORD-202605-03779,2026-05-20,CUST-2565,Headphones,Electronics,South,Rahul,1,2585.59
ORD-202605-03780,2026-05-23,CUST-1908,Office Chair,Furniture,Central,Karan,4,7584.41
ORD-202605-03781,2026-05-03,CUST-0112,Office Chair,Furniture,Central,Neha,4,7044.3
ORD-202605-03782,2026-05-31,CUST-3359,Headphones,Electronics,South,Amit,3,2368.88
ORD-202605-03783,2026-05-03,CUST-1354,USB Hub,Accessories,West,Neha,3,892.36
ORD-202605-03784,2026-05-16,CUST-4546,Keyboard,Electronics,East ,Vikram,6,1292.32
ORD-202605-03785,2026-05-30,CUST-1997,Pen Set,Office,South,Vikram,2,283.29
ORD-202605-03786,2026-05-11,CUST-0064,Office Chair,Furniture,Central,Rahul,2,7079.31
ORD-202605-03787,2026-05-01,CUST-4865,Wireless Mouse,Electronics,South,Sneha,3,817.59
ORD-202605-03788,2026-05-18,CUST-3412,Desk Organizer,Office,North,Amit,6,569.6
ORD-202605-03789,2026-05-13,CUST-2491,Webcam,Electronics,West,Ananya,7,1881.4
ORD-202605-03790,2026-05-04,CUST-1990,Pen Set,Office,South,Karan,4,308.03
ORD-202605-03791,2026-05-23,CUST-1785,Monitor Stand,Furniture,East,Rahul,5,2162.06
ORD-202605-03792,2026-05-16,CUST-0893,USB Hub,Accessories,north,Neha,5,825.19
ORD-202605-03793,2026-05-04,CUST-4004,Desk Organizer,Office,West,Priya,2,646.63
ORD-202605-03794,2026-05-30,CUST-0360,Wireless Mouse,Electronics,Central,Rahul,3,740.45
ORD-202605-03795,2026-05-12,CUST-2208,Wireless Mouse,Electronics,South,Priya,5,797.95
ORD-202605-03796,2026-05-25,CUST-4013,Notebook,Office,West,Karan,4,214.14
ORD-202605-03797,2026-05-27,CUST-0318,Pen Set,Office,South,Vikram,6,324.12
ORD-202605-03798,2026-05-29,CUST-4310,Mouse Pad,Accessories,East,Priya,6,422.2
ORD-202605-03799,2026-05-14,CUST-3111,Desk Organizer,Office,East,Rahul,4,550.31
ORD-202605-03800,2026-05-07,CUST-3259,Desk Organizer,Office,South,Sneha,4,576.79
ORD-202605-03801,2026-05-26,CUST-0252,Monitor Stand,Furniture,North,Karan,4,1876.3
ORD-202605-03802,2026-05-01,CUST-4075,Keyboard,Electronics,Central,Priya,6,1304.42
ORD-202605-03803,2026-05-02,CUST-4115,USB Hub,Accessories,,Rahul,2,879.37
ORD-202605-03804,2026-05-23,CUST-2024,USB Hub,Accessories,,Neha,1,974.26
ORD-202605-03805,2026-05-07,CUST-3964,Notebook,Office,Central,Priya,7,188.61
ORD-202605-03806,2026-05-25,CUST-0119,USB Hub,Accessories,East,Rahul,6,961.53
ORD-202605-03807,2026-05-14,CUST-3627,Desk Organizer,Office,North,Priya,7,581.98
ORD-202605-03808,2026-05-11,CUST-4433,Mouse Pad,Accessories,East,Vikram,7,428.63
ORD-202605-03809,2026-05-17,CUST-1032,Laptop Stand,Accessories,East,Neha,3,1426.38
ORD-202605-03810,2026-05-17,CUST-4272,Wireless Mouse,Electronics,North,Sneha,7,785.96
ORD-202605-03811,2026-05-08,CUST-4757,Laptop Stand,Accessories,South,Neha,2,1464.37
ORD-202605-03812,2026-05-13,CUST-2174,Notebook,Office,East,Rahul,4,209.43
ORD-202605-03813,2026-05-16,CUST-4504,Monitor Stand,Furniture,East,Sneha,1,2047.26
ORD-202605-03814,2026-05-21,CUST-1031,Headphones,Electronics,West,Rahul,4,2720.15
ORD-202605-03815,2026-05-17,CUST-2722,Desk Organizer,Office,North,Rahul,4,558.18
ORD-202605-03816,2026-05-28,CUST-1538,Study Table,Furniture,West,Vikram,3,6048.83
ORD-202605-03817,2026-05-31,CUST-1071,Mouse Pad,Accessories,West,Amit,7,366.27
ORD-202605-03818,2026-05-22,CUST-1997,Pen Set,Office,Central,Priya,1,301.12
ORD-202605-03819,2026-05-19,CUST-4930,Headphones,Electronics,North,Karan,2,2352.73
ORD-202605-03820,,CUST-4408,Office Chair,Furniture,South,Amit,7,6972.32
ORD-202605-03821,2026-05-16,CUST-4847,Pen Set,Office,South,Vikram,4,314.76
ORD-202605-03822,2026-05-24,CUST-0437,Mouse Pad,Accessories,Central,Karan,2,397.31
ORD-202605-03823,2026-05-14,CUST-2344,Pen Set,Office, Central,Priya,6,320.3
ORD-202605-03824,2026-05-23,CUST-4880,Laptop Stand,Accessories ,Central,Ananya,2,1560.69
ORD-202605-03825,2026-05-12,CUST-2775,Headphones,Electronics,West,Ananya,7,2504.69
ORD-202605-03826,2026-05-02,CUST-4425,Webcam,Electronics,South,Ananya,6,2067.18
ORD-202605-03827,2026-05-08,CUST-4557,Wireless Mouse,Electronics,South,Karan,2,848.39
ORD-202605-03828,2026-05-25,CUST-3985,USB Hub,Accessories,Central,Ananya,1,980.0
ORD-202605-03829,2026-05-10,CUST-2068,USB Hub,Accessories,Central,,2,906.26
ORD-202605-03830,2026-05-28,CUST-4318,Study Table,Furniture,East,Sneha,6,5977.04
ORD-202605-03831,2026-05-25,CUST-2111,USB Hub,Accessories,West,Priya,4,834.77
ORD-202605-03832,2026-05-03,CUST-2273,Monitor Stand,Furniture,West,Vikram,6,2174.5
ORD-202605-03833,2026-05-27,CUST-4389,Keyboard,Electronics,South,Amit,6,1301.4
ORD-202605-03834,2026-05-20,CUST-3366,Monitor Stand,Furniture,Central,Vikram,2,1800.97
ORD-202605-03835,2026-05-20,CUST-0157,USB Hub,Accessories,North,Ananya,3,954.84
ORD-202605-03836,2026-05-01,CUST-0888,Desk Organizer,Office,South,Karan,1,646.06
ORD-202605-03837,2026-05-12,CUST-2312,Webcam,Electronics,Central,Vikram,6,1921.28
ORD-202605-03838,2026-05-16,CUST-1265,Headphones,Electronics,Central,Karan,3,2471.94
ORD-202605-03839,2026-05-16,CUST-4284,Notebook,Office,West,Neha,2,214.07
ORD-202605-03840,2026-05-19,CUST-3047,Desk Organizer,Office ,East,Karan,1,545.25
ORD-202605-03841,2026-05-17,CUST-4910,Webcam,Electronics,West,Priya,7,-100.0
ORD-202605-03842,2026-05-08,CUST-2168,Laptop Stand,Accessories,Central,Ananya,5,1561.24
ORD-202605-03843,2026-05-16,CUST-0663,USB Hub,Accessories,West,Ananya,1,917.38
ORD-202605-03844,2026-05-05,CUST-4604,USB Hub,Accessories,Central,Priya,7,914.56
ORD-202605-03845,2026-05-19,CUST-3161,Monitor Stand,Furniture,East,Vikram,5,1909.24
ORD-202605-03846,2026-05-09,CUST-1480,USB Hub,Accessories,North,Neha,4,844.63
ORD-202605-03847,2026-05-26,CUST-1934,Desk Organizer,Office,East,Rahul,7,608.92
ORD-202605-03848,2026-05-26,CUST-0584,Webcam,Electronics,East,Neha,2,1842.96
ORD-202605-03849,2026-05-18,CUST-1432,Pen Set,Office,West,Ananya,2,284.51
ORD-202605-03850,2026-05-16,,Headphones,Electronics,West,Ananya,5,2536.22
ORD-202605-03851,,CUST-3129,Desk Organizer,Office,Central,Amit,3,604.09
ORD-202605-03852,2026-05-10,CUST-0917,Keyboard,Electronics,North,Ananya,1,1253.59
ORD-202605-03853,2026-05-23,CUST-4015,Webcam,Electronics,Central,,5,1952.34
ORD-202605-03854,2026-05-27,CUST-1333,USB Hub,Accessories,North,Vikram,3,817.72
ORD-202605-03855,2026-05-06,CUST-2148,Monitor Stand,Furniture,North,Karan,7,2163.52
ORD-202605-03856,2026-05-29,CUST-3646,Notebook,Office,East,Amit,7,184.67
ORD-202605-03857,2026-05-17,CUST-0119,Headphones,Electronics,North,Sneha,3,2689.48
ORD-202605-03858,2026-05-20,CUST-1007,Study Table,Furniture,East,Priya,6,5450.29
ORD-202605-03859,2026-05-03,CUST-1671,Office Chair,Furniture,South,Karan,5,7375.88
ORD-202605-03860,2026-05-06,CUST-2582,Wireless Mouse,Electronics,West,Amit,6,821.52
ORD-202605-03861,2026-05-01,CUST-4071,Keyboard,Electronics,south,Neha,7,1309.77
ORD-202605-03862,2026-05-16,CUST-1953,Wireless Mouse,Electronics,West,Sneha,5,857.81
ORD-202605-03863,2026-05-04,CUST-0975,Webcam,Electronics,Central,Neha,6,1773.2
ORD-202605-03864,2026-05-10,CUST-3122,Desk Organizer,Office,Central,Priya,6,657.42
ORD-202605-03865,2026-05-16,CUST-0671,Headphones,Electronics,South,Sneha,7,2657.16
ORD-202605-03866,2026-05-03,CUST-4480,Office Chair,Furniture,West,Neha,5,7601.97
ORD-202605-03867,2026-05-23,CUST-0223,USB Hub,Accessories,North,Sneha,4,983.2
ORD-202605-03868,2026-05-31,CUST-0587,Wireless Mouse,Electronics,South,Priya,4,750.42
ORD-202605-03869,2026-05-26,CUST-1955,Notebook,Office,West,Rahul,4,217.79
ORD-202605-03870,2026-05-03,,Desk Organizer,Office,North,Neha,1,607.63
ORD-202605-03871,2026-05-17,CUST-1341,Laptop Stand,Accessories,East,,4,1528.32
ORD-202605-03872,2026-05-10,CUST-4789,Notebook,Office,East,Amit,1,190.4
ORD-202605-03873,2026-05-10,CUST-4605,Office Chair,Furniture,South,Ananya,2,6566.13
ORD-202605-03874,2026-05-09,CUST-0871,Laptop Stand,Accessories,North,Vikram,2,1401.04
ORD-202605-03875,2026-05-24,CUST-3006,Laptop Stand,Accessories,East,Sneha,6,1358.63
ORD-202605-03876,2026-05-09,CUST-1645,Pen Set,Office,Central,Vikram,4,290.88
ORD-202605-03877,2026-05-17,CUST-2940,Monitor Stand,Furniture,East,Vikram,4,2126.64
ORD-202605-03878,2026-05-07,CUST-3552,Webcam,Electronics,West,Ananya,2,1989.36
ORD-202605-03879,2026-05-11,CUST-0472,Headphones,Electronics,Central,Sneha,7,2265.16
ORD-202605-03880,2026-05-18,CUST-3471,USB Hub,Accessories,Central,Amit,4,954.95
ORD-202605-03881,2026-05-11,CUST-2790,Wireless Mouse,Electronics,West,Karan,6,808.16
ORD-202605-03882,2026-05-25,CUST-4452,Mouse Pad,Accessories,North,Sneha,5,382.63
ORD-202605-03883,2026-05-10,CUST-0490,Laptop Stand,Accessories,North,Amit,5,1497.94
ORD-202605-03884,2026-05-07,CUST-4413,Webcam,Electronics,North,Rahul,6,1716.34
ORD-202605-03885,2026-05-23,CUST-0928,Webcam,Electronics,South,Vikram,5,1877.15
ORD-202605-03886,2026-05-25,CUST-4941,Laptop Stand,Accessories,East,Amit,4,1435.79
ORD-202605-03887,2026-05-07,CUST-1834,Laptop Stand,Accessories,Central,Ananya,4,1533.09
ORD-202605-03888,2026-05-18,,Study Table,Furniture,West,Ananya,5,5826.98
ORD-202605-03889,2026-05-24,CUST-4776,Keyboard,Electronics,South,Sneha,1,1307.76
ORD-202605-03890,2026-05-31,CUST-4757,USB Hub,Accessories,East,Karan,4,921.21
ORD-202605-03891,2026-05-25,CUST-4658,Laptop Stand,Accessories,North,Karan,2,1642.56
ORD-202605-03892,2026-05-17,CUST-0229,Webcam,Electronics,North ,Neha,7,1987.1
ORD-202605-03893,2026-05-24,CUST-1263,Headphones,Electronics,North,Rahul,6,2348.04
ORD-202605-03894,2026-05-27,CUST-2234,Mouse Pad,Accessories,East,Karan,6,435.98
ORD-202605-03895,2026-05-25,CUST-1915,Mouse Pad,Accessories,North,Sneha,2,379.02
ORD-202605-03896,2026-05-12,CUST-1566,Keyboard,Electronics,East,Amit,4,1296.69
ORD-202605-03897,2026-05-15,CUST-4820,Monitor Stand,Furniture,West,Amit,1,2129.98
ORD-202605-03898,2026-05-22,CUST-0223,Notebook,Office,,Priya,2,199.73
ORD-202605-03899,2026-05-19,CUST-3074,Desk Organizer,Office,North,Ananya,4,635.57
ORD-202605-03900,2026-05-08,CUST-4135,Office Chair,Furniture,West,Neha,5,7168.79
ORD-202605-03901,2026-05-12,CUST-0774,Webcam,Electronics,Central,Priya,7,2009.45
ORD-202605-03902,2026-05-03,CUST-1271,Mouse Pad,Accessories,East,Neha,4,387.35
ORD-202605-03903,2026-05-08,CUST-4653,Office Chair,Furniture,West,Sneha,5,7666.98
ORD-202605-03904,2026-05-23,CUST-3638,Wireless Mouse,Electronics, West,,2,792.85
ORD-202605-03905,2026-05-05,CUST-4352,Webcam,Electronics,West,Rahul,3,1906.96
ORD-202605-03906,2026-05-22,CUST-0544,Study Table,Furniture,East,Neha,5,5454.63
ORD-202605-03907,2026-05-03,CUST-1201,Pen Set,Office,North,Amit,4,275.67
ORD-202605-03908,2026-05-17,CUST-4689,Desk Organizer,Office,East,Sneha,3,553.01
ORD-202605-03909,2026-05-03,CUST-0457,Mouse Pad,Accessories,West,,4,362.95
ORD-202605-03910,2026-05-26,CUST-4273,Monitor Stand,Furniture,Central,Rahul,6,2105.5
ORD-202605-03911,2026-05-22,CUST-3742,Pen Set,Office,South,Priya,4,279.44
ORD-202605-03912,2026-05-22,CUST-4533,Office Chair,Furniture,North,Amit,2,7404.58
ORD-202605-03913,2026-05-09,CUST-0989,Notebook,Office,Central,Vikram,1,215.65
ORD-202605-03914,2026-05-16,CUST-3506,Study Table,Furniture,Central,Karan,4,5193.31
ORD-202605-03915,2026-05-21,CUST-4618,Desk Organizer,Office,South,,3,558.04
ORD-202605-03916,2026-05-18,CUST-0962,Study Table,Furniture,East,Vikram,3,5900.13
ORD-202605-03917,2026-05-26,CUST-4576,Wireless Mouse,Electronics,North,Ananya,3,875.61
ORD-202605-03918,2026-05-24,CUST-2463,Webcam,Electronics,East,Rahul,6,2027.94
ORD-202605-03919,2026-05-19,CUST-0486,USB Hub,Accessories,Central,Priya,7,871.52
ORD-202605-03920,2026-05-08,CUST-1777,Monitor Stand,Furniture,West,Ananya,3,2011.03
ORD-202605-03921,2026-05-11,CUST-3112,Webcam,Electronics,Central,Priya,4,1822.77
ORD-202605-03922,2026-05-08,CUST-0775,Webcam,Electronics,East,Amit,2,1915.25
ORD-202605-03923,2026-05-08,,Notebook,Office,North,Vikram,1,196.29
ORD-202605-03924,2026-05-10,CUST-1698,Monitor Stand,Furniture,East,Karan,7,2134.76
ORD-202605-03925,2026-05-17,CUST-3685,Monitor Stand,Furniture,Central,Amit,3,2173.37
ORD-202605-03926,2026-05-21,CUST-4591,Office Chair,Furniture,Central,Amit,7,6769.66
ORD-202605-03927,2026-05-15,CUST-4769,Office Chair,Furniture,South,Vikram,2,7665.16
ORD-202605-03928,2026-05-29,CUST-3813,Desk Organizer,Office,East,Rahul,3,641.56
ORD-202605-03929,2026-05-20,CUST-1138,USB Hub,Accessories,Central,Sneha,4,955.07
ORD-202605-03930,2026-05-03,CUST-2655,Headphones,Electronics,Central,Vikram,7,2733.29
ORD-202605-03931,2026-05-14,CUST-4437,Pen Set,Office,East,Karan,3,283.21
ORD-202605-03932,,CUST-1667,Webcam,Electronics,Central,Amit,4,1913.63
ORD-202605-03933,2026-05-21,CUST-1169,Study Table,Furniture,East,Vikram,6,6019.42
ORD-202605-03934,2026-05-06,CUST-2639,Headphones,Electronics,East,Vikram,6,2533.17
ORD-202605-03935,2026-05-25,CUST-3956,Study Table,Furniture,North,Priya,3,4960.3
ORD-202605-03936,2026-05-03,CUST-4958,Webcam,Electronics,Central,Amit,2,2011.18
ORD-202605-03937,2026-05-15,CUST-2486,Notebook,Office,Central,Rahul,3,215.88
ORD-202605-03938,2026-05-24,CUST-0973,Study Table,Furniture,West,Amit,2,5525.65
ORD-202605-03939,2026-05-17,CUST-4094,Headphones,Electronics,Central,Priya,4,2645.78
ORD-202605-03940,2026-05-30,CUST-1108,USB Hub,Accessories,East,Amit,4,872.31
ORD-202605-03941,2026-05-07,CUST-4141,Notebook,Office,Central,Vikram,7,216.31
ORD-202605-03942,2026-05-20,CUST-4088,Monitor Stand,Furniture,South,Priya,3,1801.43
ORD-202605-03943,2026-05-19,CUST-3604,Wireless Mouse,Electronics,Central,Priya,2,781.87
ORD-202605-03944,2026-05-17,CUST-2597,Notebook,Office,Central,Ananya,1,197.33
ORD-202605-03945,2026-05-02,CUST-2152,Monitor Stand,Furniture,Central,Vikram,7,2097.89
ORD-202605-03946,2026-05-28,CUST-3130,Wireless Mouse,Electronics,East,Priya,1,753.24
ORD-202605-03947,2026-05-24,CUST-3704,Laptop Stand,Accessories ,West,Vikram,1,-100.0
ORD-202605-03948,2026-05-28,CUST-2214,Laptop Stand,Accessories,East,Amit,5,1611.05
ORD-202605-03949,2026-05-30,CUST-1731,Wireless Mouse,Electronics,Central,,5,763.31
ORD-202605-03950,,CUST-0142,Laptop Stand,Accessories,North,Sneha,3,1544.74
ORD-202605-03951,2026-05-14,CUST-2807,Mouse Pad,Accessories,Central,Vikram,4,411.9
ORD-202605-03952,2026-05-06,CUST-0830,USB Hub,Accessories,North,Sneha,1,983.03
ORD-202605-03953,2026-05-23,CUST-3850,Notebook,Office,North,Karan,5,216.97
ORD-202605-03954,2026-05-08,CUST-3182,Pen Set,Office,South,Priya,4,270.77
ORD-202605-03955,2026-05-12,CUST-0385,USB Hub,Accessories, West,Rahul,7,834.16
ORD-202605-03956,2026-05-25,CUST-2041,Webcam,Electronics,South,Amit,1,1772.06
ORD-202605-03957,2026-05-09,CUST-2044,Study Table,Furniture,North,Rahul,7,5782.28
ORD-202605-03958,2026-05-24,CUST-0308,USB Hub,Accessories,East,Karan,2,927.02
ORD-202605-03959,2026-05-27,CUST-4148,Monitor Stand,Furniture,Central,Rahul,1,1908.21
ORD-202605-03960,2026-05-16,CUST-4454,Monitor Stand,Furniture,West,Ananya,6,2017.25
ORD-202605-03961,2026-05-18,CUST-0490,Pen Set,Office,East,Neha,1,308.6
ORD-202605-03962,2026-05-04,CUST-3386,Laptop Stand,Accessories,North,,1,1442.1
ORD-202605-03963,2026-05-16,CUST-1002,Monitor Stand,Furniture,North,Priya,5,2045.48
ORD-202605-03964,2026-05-25,CUST-4398,Mouse Pad,Accessories,West,Karan,4,372.81
ORD-202605-03965,2026-05-03,CUST-1862,Laptop Stand,Accessories,Central,Neha,3,1530.84
ORD-202605-03966,,CUST-2937,Mouse Pad,Accessories,East,Karan,3,419.18
ORD-202605-03967,2026-05-21,CUST-1608,Desk Organizer,Office,Central,Ananya,6,623.91
ORD-202605-03968,2026-05-12,CUST-3609,Headphones,Electronics,South,Amit,7,2288.56
ORD-202605-03969,2026-05-19,CUST-1959,Headphones,Electronics,east,Vikram,6,2386.67
ORD-202605-03970,2026-05-29,CUST-3118,Mouse Pad,Accessories,West,Rahul,1,435.15
ORD-202605-03971,2026-05-28,CUST-2978,Pen Set,Office,Central,Amit,4,285.99
ORD-202605-03972,2026-05-06,CUST-0512,Headphones,Electronics,Central,Rahul,4,2296.64
ORD-202605-03973,2026-05-22,CUST-2408,Keyboard,Electronics,West,Amit,3,1239.33
ORD-202605-03974,2026-05-09,CUST-1051,Keyboard,Electronics,East ,,5,1338.76
ORD-202605-03975,2026-05-18,CUST-3465,Wireless Mouse,Electronics,West,Rahul,4,876.6
ORD-202605-03976,2026-05-09,CUST-0326,Office Chair,Furniture,West,Neha,7,7431.98
ORD-202605-03977,2026-05-10,CUST-0592,Notebook,Office,North,Amit,4,204.85
ORD-202605-03978,2026-05-29,CUST-2782,Desk Organizer,Office,Central,Priya,3,599.64
ORD-202605-03979,2026-05-10,CUST-1199,Mouse Pad,Accessories,Central,Neha,7,360.91
ORD-202605-03980,2026-05-28,CUST-2042,Webcam,Electronics,Central,Amit,5,1873.9
ORD-202605-03981,2026-05-07,CUST-2332,USB Hub,Accessories,Central,Amit,6,859.27
ORD-202605-03982,2026-05-21,CUST-1230,Keyboard,Electronics,East,Amit,2,1235.11
ORD-202605-03983,2026-05-29,CUST-4719,Laptop Stand,Accessories,West,Neha,2,1456.05
ORD-202605-03984,2026-05-14,CUST-2385,Monitor Stand,Furniture,North,Ananya,5,2169.39
ORD-202605-03985,2026-05-01,CUST-2790,Monitor Stand,Furniture,South,Priya,2,1968.19
ORD-202605-03986,2026-05-05,CUST-1735,Study Table,Furniture,South,Karan,1,5227.19
ORD-202605-03987,2026-05-31,CUST-2225,Desk Organizer,Office,West,Amit,3,614.14
ORD-202605-03988,2026-05-27,CUST-4951,Laptop Stand,Accessories,East,Amit,3,1585.61
ORD-202605-03989,2026-05-21,CUST-0886,Desk Organizer,Office,Central,Sneha,7,552.99
ORD-202605-03990,2026-05-02,CUST-4028,Pen Set,Office,Central,Priya,4,299.85
ORD-202605-03991,2026-05-15,CUST-0835,Desk Organizer,Office,South,Priya,3,634.16
ORD-202605-03992,2026-05-01,CUST-4852,Webcam,Electronics,Central,Vikram,1,1797.15
ORD-202605-03993,2026-05-08,CUST-2234,Office Chair,Furniture,East,Vikram,5,7079.56
ORD-202605-03994,2026-05-14,CUST-4695,Laptop Stand,Accessories,,Neha,2,1355.93
ORD-202605-03995,2026-05-27,CUST-0776,Pen Set,Office,Central,Ananya,5,289.54
ORD-202605-03996,2026-05-18,CUST-3938,Notebook,Office,North,Rahul,1,197.6
ORD-202605-03997,2026-05-25,CUST-0796,Webcam,Electronics,East,Ananya,5,1907.35
ORD-202605-03998,2026-05-20,CUST-1352,Webcam,Electronics,West,Neha,7,1966.24
ORD-202605-03999,,CUST-0725,USB Hub,accessories,Central,Sneha,7,956.16
ORD-202605-04000,2026-05-18,CUST-4209,Keyboard,Electronics,West,Vikram,4,1354.81
ORD-202605-04001,2026-05-11,CUST-1796,Wireless Mouse,Electronics,East,Priya,3,722.41
ORD-202605-04002,2026-05-15,CUST-3191,Desk Organizer,Office,West,Karan,5,572.87
ORD-202605-04003,2026-05-27,CUST-2299,Study Table,Furniture,Central,Rahul,6,5930.27
ORD-202605-04004,2026-05-15,CUST-2636,Headphones,Electronics,South,Karan,6,2640.45
ORD-202605-04005,2026-05-23,CUST-2624,Wireless Mouse,Electronics,Central,Karan,1,868.14
ORD-202605-04006,2026-05-08,CUST-3731,Webcam,Electronics,Central,Ananya,3,1853.3
ORD-202605-04007,2026-05-20,CUST-3189,Desk Organizer,Office,Central,Sneha,4,640.47
ORD-202605-04008,2026-05-07,CUST-3096,Monitor Stand,Furniture,South,Priya,1,2028.97
ORD-202605-04009,2026-05-24,CUST-2176,Laptop Stand,Accessories,South,Neha,5,1505.52
ORD-202605-04010,2026-05-08,CUST-2933,Notebook,Office,North ,Priya,2,217.73
ORD-202605-04011,2026-05-12,CUST-1826,Monitor Stand,Furniture,West,Vikram,2,1990.57
ORD-202605-04012,2026-05-01,CUST-3026,Headphones,Electronics,Central,Vikram,5,2530.02
ORD-202605-04013,2026-05-25,CUST-3495,Headphones,Electronics,South,Neha,5,2610.31
ORD-202605-04014,2026-05-07,CUST-3841,Webcam,Electronics,Central,Vikram,7,1973.17
ORD-202605-04015,2026-05-11,CUST-2129,Desk Organizer,Office,East,Karan,7,567.82
ORD-202605-04016,2026-05-04,CUST-3193,Headphones,Electronics,East,Rahul,4,2388.6
ORD-202605-04017,2026-05-26,CUST-3829,Wireless Mouse,Electronics,South,Sneha,5,725.85
ORD-202605-04018,2026-05-27,CUST-3682,Study Table,Furniture,East,Ananya,3,5427.12
ORD-202605-04019,2026-05-17,CUST-2056,Office Chair,Furniture,South,Rahul,4,7129.57
ORD-202605-04020,2026-05-21,CUST-3325,Office Chair,Furniture,North,Neha,7,6816.41
ORD-202605-04021,2026-05-26,CUST-1474,Pen Set,Office,West,Rahul,3,302.68
ORD-202605-04022,2026-05-09,CUST-0703,Notebook,Office,Central,Rahul,3,182.3
ORD-202605-04023,2026-05-28,CUST-4437,Headphones,Electronics,Central,Ananya,1,2489.69
ORD-202605-04024,2026-05-20,CUST-3355,Keyboard,Electronics,East,Ananya,1,1328.29
ORD-202605-04025,2026-05-13,CUST-1701,Pen Set,Office,East,Amit,6,311.13
ORD-202605-04026,2026-05-26,CUST-4999,Desk Organizer,Office,East,Ananya,2,611.35
ORD-202605-04027,,CUST-0067,Office Chair,Furniture,South,Vikram,5,6809.49
ORD-202605-04028,2026-05-28,CUST-1094,Study Table,Furniture,East,Vikram,6,5925.43
ORD-202605-04029,2026-05-25,CUST-4956,Desk Organizer,Office, West,Neha,3,638.57
ORD-202605-04030,2026-05-24,CUST-2606,Mouse Pad,Accessories,South,Sneha,7,438.37
ORD-202605-04031,2026-05-20,CUST-4255,USB Hub,Accessories,South,Vikram,7,810.78
ORD-202605-04032,2026-05-12,CUST-2204,Headphones,Electronics,East,Ananya,6,2279.47
ORD-202605-04033,2026-05-02,CUST-1789,Webcam,Electronics,,Amit,4,1961.66
ORD-202605-04034,2026-05-07,CUST-2259,Desk Organizer,Office,South,Sneha,7,605.33
ORD-202605-04035,2026-05-16,CUST-0654,Notebook,Office,West,Rahul,6,191.12
ORD-202605-04036,2026-05-30,CUST-3758,Laptop Stand,Accessories,Central,Vikram,1,1369.19
ORD-202605-04037,2026-05-09,CUST-1983,Laptop Stand,Accessories,North,Neha,5,1366.32
ORD-202605-04038,2026-05-05,CUST-1100,Study Table,Furniture,North,Vikram,4,5795.12
ORD-202605-04039,2026-05-27,CUST-3187,USB Hub,Accessories,East,Priya,2,891.43
ORD-202605-04040,2026-05-31,CUST-4719,Office Chair,Furniture,West,Rahul,5,7086.02
ORD-202605-04041,2026-05-03,CUST-0780,USB Hub,Accessories,East,Rahul,7,861.68
ORD-202605-04042,2026-05-29,CUST-2390,USB Hub,Accessories,West,Amit,7,847.59
ORD-202605-04043,2026-05-22,CUST-1825,Notebook,office,Central,Neha,5,205.72
ORD-202605-04044,2026-05-16,CUST-3807,Wireless Mouse, Electronics,South,Sneha,7,736.64
ORD-202605-04045,2026-05-30,CUST-4995,Laptop Stand,Accessories,South,Karan,3,1634.8
ORD-202605-04046,2026-05-15,CUST-1042,Monitor Stand,Furniture,Central,Vikram,3,1927.4
ORD-202605-04047,2026-05-26,CUST-1808,Office Chair,Furniture,Central,Rahul,5,7493.83
ORD-202605-04048,2026-05-03,CUST-4278,Monitor Stand,Furniture,West,Rahul,7,2008.9
ORD-202605-04049,2026-05-05,CUST-4857,Office Chair,Furniture,North,Vikram,2,7485.6
ORD-202605-04050,2026-05-29,CUST-2165,Mouse Pad,Accessories,East,Amit,4,423.93
ORD-202605-04051,2026-05-11,CUST-2309,Study Table,Furniture,Central,,7,5883.13
ORD-202605-04052,2026-05-16,CUST-2101,Wireless Mouse,Electronics,West,Priya,1,764.64
ORD-202605-04053,2026-05-01,CUST-2060,Webcam,Electronics,South,Sneha,1,1771.54
ORD-202605-04054,2026-05-01,CUST-0998,Desk Organizer,Office,West,Sneha,1,622.85
ORD-202605-04055,2026-05-19,CUST-4016,Headphones,Electronics,East,Amit,6,2401.43
ORD-202605-04056,2026-05-11,,Webcam,Electronics,North,,7,1828.07
ORD-202605-04057,2026-05-17,CUST-4346,Headphones,Electronics,North,Sneha,4,2368.41
ORD-202605-04058,2026-05-18,CUST-4433,Desk Organizer,Office,East,Karan,7,-100.0
ORD-202605-04059,2026-05-12,CUST-4041,Office Chair,Furniture,West,Amit,7,7464.4
ORD-202605-04060,2026-05-15,CUST-3354,Wireless Mouse,Electronics,Central,Priya,5,722.7
ORD-202605-04061,2026-05-04,CUST-3546,Headphones,Electronics,North,Priya,6,2715.01
ORD-202605-04062,2026-05-11,CUST-3379,Pen Set,Office,North,Amit,5,312.58
ORD-202605-04063,2026-05-04,CUST-0670,Study Table,Furniture,North,,3,5187.9
ORD-202605-04064,2026-05-15,CUST-2896,Monitor Stand,Furniture,East,Karan,5,2076.17
ORD-202605-04065,2026-05-15,CUST-1375,Office Chair,Furniture,South,Karan,1,7097.25
ORD-202605-04066,2026-05-11,CUST-2170,Mouse Pad,Accessories,Central,Ananya,6,432.33
ORD-202605-04067,2026-05-26,CUST-4859,Wireless Mouse,Electronics,South,Vikram,1,829.68
ORD-202605-04068,2026-05-29,CUST-3654,Monitor Stand,Furniture,West,Sneha,2,1970.63
ORD-202605-04069,2026-05-21,CUST-0304,Desk Organizer,Office,South,Sneha,2,557.95
ORD-202605-04070,2026-05-07,CUST-0636,Desk Organizer,Office,East,Karan,2,634.38
ORD-202605-04071,2026-05-09,CUST-0833,Study Table,Furniture,West,Karan,1,6017.2
ORD-202605-04072,2026-05-13,CUST-2315,Notebook,Office,South,Vikram,4,210.74
ORD-202605-04073,2026-05-30,CUST-2567,Desk Organizer,Office,South,Rahul,1,624.4
ORD-202605-04074,2026-05-28,CUST-4080,Office Chair,Furniture,North,Ananya,2,7555.4
ORD-202605-04075,2026-05-02,CUST-0351,Office Chair,Furniture,North,Karan,3,7297.62
ORD-202605-04076,2026-05-13,CUST-2379,Study Table,Furniture,Central,Karan,4,6014.79
ORD-202605-04077,2026-05-15,CUST-0818,Headphones,Electronics,South,Priya,7,2483.32
ORD-202605-04078,2026-05-16,CUST-4548,Study Table,Furniture,Central,Sneha,7,5755.17
ORD-202605-04079,2026-05-01,CUST-2155,Mouse Pad,Accessories,East,Karan,5,405.54
ORD-202605-04080,2026-05-16,CUST-3504,Study Table,Furniture,East,Rahul,3,5099.55
ORD-202605-04081,2026-05-28,CUST-1087,Monitor Stand,Furniture,East,Vikram,1,1899.78
ORD-202605-04082,2026-05-23,CUST-1631,Wireless Mouse,Electronics,Central,Karan,5,778.3
ORD-202605-04083,2026-05-14,CUST-3369,Study Table,Furniture ,East,Sneha,6,5213.32
ORD-202605-04084,2026-05-14,,Headphones,Electronics,,Rahul,7,2292.62
ORD-202605-04085,2026-05-04,CUST-1048,Study Table,Furniture,,Rahul,4,4951.01
ORD-202605-04086,2026-05-06,CUST-2678,Webcam,Electronics,South,Vikram,5,1857.74
ORD-202605-04087,2026-05-27,CUST-4916,Pen Set,Office,South,Karan,6,278.68
ORD-202605-04088,2026-05-26,CUST-1583,Monitor Stand,Furniture,North,Vikram,1,2192.26
ORD-202605-04089,2026-05-10,CUST-4099,Keyboard,Electronics,East,Ananya,4,1293.77
ORD-202605-04090,2026-05-22,CUST-3644,Study Table,Furniture,west,Amit,5,5874.15
ORD-202605-04091,2026-05-13,CUST-2172,Office Chair,Furniture ,East,Vikram,5,6984.68
ORD-202605-04092,2026-05-27,CUST-3613,Office Chair,Furniture,East,Ananya,5,6938.58
ORD-202605-04093,2026-05-28,CUST-1198,Study Table,Furniture,East,Neha,3,5748.76
ORD-202605-04094,2026-05-10,CUST-3529,Office Chair,Furniture,Central,Vikram,3,7550.38
ORD-202605-04095,2026-05-05,CUST-0779,Webcam,Electronics,North,Ananya,7,1826.36
ORD-202605-04096,2026-05-10,CUST-2805,USB Hub,Accessories,North,Rahul,5,871.62
ORD-202605-04097,2026-05-24,CUST-0134,Notebook,Office,South,Rahul,1,210.86
ORD-202605-04098,2026-05-01,CUST-4098,Keyboard,Electronics,Central,Ananya,6,1227.96
ORD-202605-04099,2026-05-03,CUST-3794,Study Table,Furniture,East,Vikram,4,6028.57
ORD-202605-04100,2026-05-01,CUST-1892,Pen Set,Office,West,Ananya,6,314.96
ORD-202605-04101,2026-05-06,CUST-2572,Monitor Stand,Furniture,East,Ananya,2,1953.61
ORD-202605-04102,2026-05-14,CUST-3607,Mouse Pad,Accessories,Central,Ananya,6,370.04
ORD-202605-04103,2026-05-21,CUST-0125,Wireless Mouse,Electronics,Central,Karan,2,836.21
ORD-202605-04104,2026-05-24,CUST-3551,USB Hub,Accessories,Central,Neha,4,885.96
ORD-202605-04105,2026-05-25,CUST-0462,Headphones,Electronics,South,Rahul,7,2566.05
ORD-202605-04106,2026-05-03,CUST-1436,Laptop Stand,Accessories,East,Priya,-1,1384.34
ORD-202605-04107,2026-05-25,CUST-0306,Notebook,Office,West,Rahul,6,181.36
ORD-202605-04108,2026-05-04,CUST-3354,Headphones,Electronics,West,Ananya,1,2369.19
ORD-202605-04109,2026-05-25,CUST-2370,Pen Set,Office,South,Amit,3,292.03
ORD-202605-04110,2026-05-12,CUST-0925,USB Hub,Accessories,West,Sneha,6,849.99
ORD-202605-04111,2026-05-10,CUST-3406,Office Chair,Furniture,Central,Neha,6,6730.46
ORD-202605-04112,2026-05-24,CUST-1636,Monitor Stand,Furniture,Central,Karan,2,2125.16
ORD-202605-04113,2026-05-29,CUST-4513,Laptop Stand,Accessories,South,Priya,7,1374.26
ORD-202605-04114,2026-05-04,CUST-2902,Headphones,Electronics,West,Rahul,1,2517.47
ORD-202605-04115,2026-05-04,CUST-3168,Wireless Mouse,Electronics,East,Karan,4,781.09
ORD-202605-04116,2026-05-20,CUST-2285,Notebook,Office,,Neha,4,192.27
ORD-202605-04117,2026-05-15,CUST-4217,USB Hub,Accessories,Central,Neha,2,897.57
ORD-202605-04118,2026-05-11,CUST-3109,Pen Set,Office,Central,Vikram,2,325.33
ORD-202605-04119,2026-05-08,CUST-2689,Webcam,Electronics,Central,Ananya,4,1992.58
ORD-202605-04120,2026-05-08,CUST-3941,Laptop Stand,Accessories,East,Sneha,7,1542.0
ORD-202605-04121,2026-05-27,CUST-3690,Monitor Stand,Furniture,South,Sneha,-1,2181.87
ORD-202605-04122,2026-05-31,CUST-3489,Webcam,Electronics,South,Karan,2,1847.14
ORD-202605-04123,2026-05-05,CUST-1286,Notebook,Office,Central,Vikram,5,208.69
ORD-202605-04124,2026-05-27,,Headphones,electronics,North,Rahul,7,2336.33
ORD-202605-04125,2026-05-01,CUST-0030,Keyboard,Electronics,West,Rahul,3,1185.44
ORD-202605-04126,2026-05-07,CUST-1532,USB Hub,Accessories,South,Rahul,6,906.04
ORD-202605-04127,2026-05-17,CUST-2497,Keyboard,Electronics,South,Amit,5,1366.09
ORD-202605-04128,2026-05-14,CUST-2775,Mouse Pad,Accessories,Central,Karan,6,411.67
ORD-202605-04129,2026-05-12,CUST-1339,Keyboard,Electronics,East,Sneha,4,1265.33
ORD-202605-04130,2026-05-09,CUST-4659,Wireless Mouse,Electronics,Central,Ananya,4,865.18
ORD-202605-04131,2026-05-10,CUST-3803,Pen Set,Office,East,Vikram,1,290.19
ORD-202605-04132,2026-05-16,CUST-0174,Monitor Stand,Furniture,East,Karan,2,1956.77
ORD-202605-04133,2026-05-04,CUST-1525,Monitor Stand,Furniture,West,Ananya,2,1858.72
ORD-202605-04134,2026-05-07,CUST-2246,Wireless Mouse,Electronics,North,Amit,4,865.4
ORD-202605-04135,2026-05-08,CUST-1624,Notebook,Office,West,Ananya,4,182.54
ORD-202605-04136,2026-05-02,CUST-0558,Wireless Mouse,Electronics,West,Ananya,7,831.3
ORD-202605-04137,2026-05-01,CUST-1536,Pen Set,Office,South,Vikram,2,285.61
ORD-202605-04138,2026-05-15,CUST-0866,Pen Set,Office,Central,Sneha,3,290.6
ORD-202605-04139,2026-05-30,CUST-3671,Keyboard,Electronics,West,Priya,4,1231.35
ORD-202605-04140,2026-05-21,CUST-3455,Office Chair,Furniture,North,Vikram,1,6813.39
ORD-202605-04141,2026-05-18,CUST-0800,Study Table,Furniture,North,Priya,4,5344.24
ORD-202605-04142,2026-05-13,CUST-2741,USB Hub,Accessories,East,Karan,6,953.4
ORD-202605-04143,2026-05-01,CUST-1152,Mouse Pad,Accessories,North,Sneha,3,435.3
ORD-202605-04144,2026-05-06,CUST-3005,Laptop Stand,Accessories,Central,Amit,4,1377.84
ORD-202605-04145,2026-05-24,CUST-3241,Monitor Stand,Furniture,South,Priya,7,1870.33
ORD-202605-04146,2026-05-20,CUST-0693,Desk Organizer,Office,East,Karan,2,638.41
ORD-202605-04147,2026-05-28,CUST-1693,USB Hub,Accessories,East,Rahul,7,945.63
ORD-202605-04148,2026-05-26,CUST-0173,Study Table,Furniture,West,Amit,1,5629.57
ORD-202605-04149,2026-05-27,CUST-3940,Office Chair,Furniture,West,Ananya,5,6710.56
ORD-202605-04150,2026-05-11,CUST-1769,Laptop Stand,Accessories,North,Vikram,6,1415.81
ORD-202605-04151,2026-05-23,CUST-0811,Monitor Stand,Furniture,East,Rahul,1,2176.11
ORD-202605-04152,2026-05-28,CUST-3618,Notebook,Office,East,Priya,2,188.99
ORD-202605-04153,2026-05-03,CUST-1544,Wireless Mouse,Electronics,North,Ananya,4,763.32
ORD-202605-04154,2026-05-05,CUST-0282,Study Table,Furniture,South,Sneha,1,5313.53
ORD-202605-04155,2026-05-07,CUST-2535,Webcam,Electronics,South,Rahul,3,1969.26
ORD-202605-04156,2026-05-13,CUST-1172,Pen Set,Office,South,Ananya,7,302.39
ORD-202605-04157,2026-05-08,CUST-2480,Office Chair,Furniture,Central,Sneha,4,7332.95
ORD-202605-04158,2026-05-02,CUST-0841,Keyboard,Electronics,Central,Sneha,6,1328.46
ORD-202605-04159,2026-05-20,CUST-0994,Office Chair,Furniture,Central,Amit,1,7346.18
ORD-202605-04160,2026-05-23,CUST-2891,Headphones,Electronics,Central,Karan,5,2684.91
ORD-202605-04161,2026-05-11,CUST-2706,Headphones,Electronics,Central,Priya,7,2521.97
ORD-202605-04162,2026-05-29,CUST-4390,Office Chair,Furniture,East,Neha,5,6649.92
ORD-202605-04163,2026-05-24,CUST-3490,Mouse Pad,Accessories,Central,Karan,3,391.26
ORD-202605-04164,2026-05-19,CUST-2540,Mouse Pad,Accessories,South,Sneha,2,371.72
ORD-202605-04165,2026-05-02,CUST-3200,Notebook,Office,East,Vikram,1,215.85
ORD-202605-04166,2026-05-14,CUST-3576,Webcam,Electronics,Central,Rahul,3,1875.41
ORD-202605-04167,2026-05-24,,Monitor Stand,Furniture,Central,Amit,5,2133.18
ORD-202605-04168,2026-05-18,CUST-1883,Keyboard,Electronics,East,Sneha,5,1413.57
ORD-202605-04169,2026-05-27,CUST-3848,Headphones,Electronics,East,,7,2428.75
ORD-202605-04170,2026-05-24,CUST-4935,Keyboard,Electronics,East,Priya,3,1202.32
ORD-202605-04171,2026-05-31,CUST-1452,Wireless Mouse,Electronics,East,Rahul,4,843.9
ORD-202605-04172,2026-05-14,CUST-1893,Mouse Pad,Accessories,North,Vikram,5,406.39
ORD-202605-04173,2026-05-05,CUST-1354,Keyboard,Electronics,South,Neha,5,1362.82
ORD-202605-04174,2026-05-27,CUST-0113,Desk Organizer,Office,East,Karan,5,584.9
ORD-202605-04175,2026-05-26,CUST-1830,Monitor Stand,Furniture,Central,Karan,5,1801.71
ORD-202605-04176,2026-05-11,CUST-4282,USB Hub,Accessories,Central,Vikram,7,952.06
ORD-202605-04177,2026-05-03,CUST-2956,Headphones,Electronics,South,Vikram,3,2717.98
ORD-202605-04178,2026-05-11,CUST-4591,USB Hub,Accessories,East,Karan,1,966.12
ORD-202605-04179,2026-05-15,CUST-2639,USB Hub,Accessories,North,Priya,7,945.97
ORD-202605-04180,,CUST-2579,Wireless Mouse,Electronics,North,Vikram,1,769.84
ORD-202605-04181,2026-05-13,CUST-2771,Desk Organizer,Office,East,Sneha,7,572.19
ORD-202605-04182,2026-05-25,CUST-0175,Laptop Stand,Accessories,North,Neha,1,1446.12
ORD-202605-04183,2026-05-21,CUST-3987,Desk Organizer,Office,North,Priya,6,613.73
ORD-202605-04184,2026-05-02,CUST-1512,Headphones,Electronics,West,Karan,7,2618.03
ORD-202605-04185,2026-05-04,CUST-0611,Wireless Mouse,Electronics,East,Ananya,3,789.37
ORD-202605-04186,2026-05-16,CUST-2512,USB Hub,Accessories,West,Rahul,5,892.74
ORD-202605-04187,2026-05-12,CUST-4178,Mouse Pad,Accessories,West,Ananya,7,406.11
ORD-202605-04188,2026-05-28,CUST-0975,Wireless Mouse,Electronics,South,Ananya,6,755.39
ORD-202605-04189,2026-05-23,CUST-0886,Notebook,Office,South,Neha,6,217.68
ORD-202605-04190,2026-05-16,CUST-2643,Notebook,Office,South,Amit,5,190.14
ORD-202605-04191,2026-05-10,CUST-4591,Monitor Stand,Furniture,Central,Ananya,3,2190.73
ORD-202605-04192,2026-05-01,CUST-2605,Notebook,Office,South,Rahul,2,183.28
ORD-202605-04193,2026-05-01,CUST-0770,Headphones,Electronics,East,Ananya,1,2534.74
ORD-202605-04194,2026-05-18,CUST-0188,Office Chair,Furniture,South,,5,7493.3
ORD-202605-04195,2026-05-01,CUST-3425,Monitor Stand,Furniture,North,Rahul,2,1842.29
ORD-202605-04196,2026-05-03,CUST-0566,Headphones,Electronics,North,Neha,5,2549.91
ORD-202605-04197,2026-05-03,CUST-3647,Laptop Stand,Accessories ,East,Rahul,6,1385.29
ORD-202605-04198,2026-05-07,CUST-2040,Notebook,Office,East,Ananya,7,187.36
ORD-202605-04199,2026-05-28,CUST-4420,Wireless Mouse,Electronics,North,Ananya,6,739.99
ORD-202605-04200,2026-05-02,CUST-4030,Office Chair,Furniture,Central ,Priya,3,6813.19
ORD-202605-04201,2026-05-19,CUST-1172,Desk Organizer,Office,West,Ananya,1,570.17
ORD-202605-04202,2026-05-28,CUST-2708,Study Table,Furniture,Central,Amit,5,5966.22
ORD-202605-04203,2026-05-03,CUST-0714,Desk Organizer,office,West,Priya,6,656.34
ORD-202605-04204,2026-05-18,CUST-3344,Headphones,Electronics,North,Neha,3,2387.99
ORD-202605-04205,2026-05-01,CUST-0269,Desk Organizer,Office ,West,Vikram,5,632.82
ORD-202605-04206,2026-05-12,,Pen Set,Office,North,Priya,2,315.65
ORD-202605-04207,2026-05-28,CUST-3253,Webcam,Electronics,North,Neha,2,1835.96
ORD-202605-04208,2026-05-14,CUST-1597,Keyboard,Electronics,East,Neha,6,1228.02
ORD-202605-04209,2026-05-20,CUST-1484,Study Table,Furniture,West,Karan,2,5797.05
ORD-202605-04210,2026-05-16,CUST-4648,Headphones,Electronics ,North,Neha,4,2404.31
ORD-202605-04211,2026-05-13,CUST-2264,Keyboard,Electronics,East,Vikram,2,1170.66
ORD-202605-04212,2026-05-04,CUST-3701,Desk Organizer,Office,West,Vikram,3,578.78
ORD-202605-04213,2026-05-13,CUST-1499,Office Chair,Furniture,West,Amit,1,7241.57
ORD-202605-04214,2026-05-14,CUST-4474,Office Chair,Furniture,West,Ananya,4,6706.57
ORD-202605-04215,2026-05-19,CUST-4322,Mouse Pad,Accessories,East,Neha,7,383.47
ORD-202605-04216,2026-05-15,CUST-3092,Laptop Stand,Accessories,West,Neha,7,1400.43
ORD-202605-04217,2026-05-02,CUST-2365,Desk Organizer,Office,West,Ananya,4,566.92
ORD-202605-04218,2026-05-20,CUST-1106,Office Chair,Furniture,Central,Vikram,5,7308.6
ORD-202605-04219,2026-05-14,CUST-1699,Headphones,Electronics,North,Ananya,1,2606.18
ORD-202605-04220,2026-05-08,CUST-3896,Pen Set,Office,North,Amit,2,320.94
ORD-202605-04221,2026-05-11,CUST-1805,Headphones,Electronics,Central,Neha,5,2492.24
ORD-202605-04222,2026-05-27,CUST-2617,Laptop Stand,Accessories,West,Priya,3,1493.14
ORD-202605-04223,2026-05-28,CUST-2087,Study Table,Furniture,South,Amit,3,5471.44
ORD-202605-04224,2026-05-13,CUST-1844,Webcam,Electronics,West,Karan,1,1825.34
ORD-202605-04225,2026-05-29,CUST-4098,Desk Organizer,Office,South,Neha,3,654.44
ORD-202605-04226,2026-05-07,CUST-3901,Desk Organizer,Office,West,Karan,3,548.78
ORD-202605-04227,2026-05-02,CUST-0555,Headphones,Electronics,East,Sneha,2,2613.81
ORD-202605-04228,2026-05-18,CUST-2891,Office Chair,Furniture,South,Rahul,3,6967.97
ORD-202605-04229,2026-05-20,CUST-2861,Pen Set,Office,West,Karan,4,324.38
ORD-202605-04230,2026-05-14,CUST-1997,Keyboard,Electronics,North,Sneha,1,1180.92
ORD-202605-04231,2026-05-06,CUST-2973,Office Chair,Furniture,West,Karan,1,7259.35
ORD-202605-04232,2026-05-06,CUST-1755,Mouse Pad,Accessories,West,Sneha,7,394.07
ORD-202605-04233,2026-05-03,CUST-0865,Mouse Pad,Accessories,West,Amit,4,359.86
ORD-202605-04234,2026-05-27,CUST-1011,Webcam,Electronics,South,Karan,5,1869.76
ORD-202605-04235,2026-05-12,CUST-1225,Headphones,Electronics,West,Sneha,2,2477.63
ORD-202605-04236,2026-05-19,CUST-1337,Keyboard,Electronics,Central,Rahul,1,1359.27
ORD-202605-04237,2026-05-06,CUST-1466,Wireless Mouse,Electronics,South,Vikram,6,823.86
ORD-202605-04238,2026-05-25,CUST-1870,Headphones,Electronics,Central,Rahul,1,2607.12
ORD-202605-04239,2026-05-18,CUST-4127,Webcam,Electronics,North,Neha,6,1989.88
ORD-202605-04240,2026-05-26,CUST-4249,Office Chair,Furniture,Central,Vikram,7,7077.37
ORD-202605-04241,2026-05-19,CUST-2136,Headphones,Electronics,Central,Vikram,1,2596.23
ORD-202605-04242,2026-05-13,CUST-3840,Pen Set,Office,West,Priya,1,300.77
ORD-202605-04243,2026-05-08,CUST-1661,Pen Set,Office,East,Priya,1,300.67
ORD-202605-04244,2026-05-30,CUST-1486,Monitor Stand,Furniture,Central,Vikram,5,2157.52
ORD-202605-04245,2026-05-31,CUST-3435,Monitor Stand,Furniture,East,Ananya,2,1809.48
ORD-202605-04246,2026-05-02,CUST-4967,Laptop Stand,Accessories,Central,Neha,6,1625.13
ORD-202605-04247,2026-05-05,CUST-4396,Webcam,Electronics,Central ,Priya,4,2050.42
ORD-202605-04248,2026-05-08,,Study Table,Furniture,West,Neha,7,5743.07
ORD-202605-04249,2026-05-30,CUST-3050,Laptop Stand,Accessories,South,Karan,7,1600.01
ORD-202605-04250,2026-05-07,CUST-4003,Keyboard,Electronics,East,Ananya,7,1179.32
ORD-202605-04251,2026-05-09,CUST-2982,Monitor Stand,Furniture,Central,Priya,3,2021.09
ORD-202605-04252,2026-05-06,CUST-1517,Study Table,Furniture,Central,Vikram,5,5376.52
ORD-202605-04253,2026-05-20,CUST-2521,Study Table,Furniture,South,Vikram,3,5620.09
ORD-202605-04254,2026-05-25,CUST-1778,Wireless Mouse,Electronics,South,Priya,5,769.39
ORD-202605-04255,2026-05-19,,Webcam,Electronics,West,Karan,6,1979.15
ORD-202605-04256,2026-05-03,CUST-4098,Headphones,Electronics,East,Rahul,4,2513.16
ORD-202605-04257,2026-05-31,CUST-1704,USB Hub,Accessories,Central,Neha,6,824.36
ORD-202605-04258,2026-05-07,CUST-0735,Office Chair,Furniture,South,Ananya,1,7342.63
ORD-202605-04259,2026-05-16,CUST-0961,Desk Organizer,Office,North,Sneha,6,579.25
ORD-202605-04260,2026-05-07,CUST-3288,Monitor Stand,Furniture,East,Amit,5,2102.86
ORD-202605-04261,2026-05-06,CUST-1875,Mouse Pad,Accessories,East,Amit,6,412.34
ORD-202605-04262,2026-05-25,CUST-2310,Notebook,Office,West,Sneha,3,216.51
ORD-202605-04263,2026-05-09,CUST-2497,Office Chair,Furniture,Central,Karan,6,7332.67
ORD-202605-04264,2026-05-27,CUST-4442,Study Table,Furniture,East,Neha,4,5174.96
ORD-202605-04265,2026-05-02,CUST-2226,Monitor Stand,Furniture,East,Sneha,3,1905.78
ORD-202605-04266,2026-05-04,CUST-3714,Keyboard,Electronics,North,Karan,5,1405.15
ORD-202605-04267,2026-05-29,CUST-4301,Wireless Mouse,Electronics,Central,Priya,2,758.43
ORD-202605-04268,2026-05-04,CUST-3126,Study Table,Furniture,North,Karan,5,5562.34
ORD-202605-04269,2026-05-31,CUST-4210,Desk Organizer,Office,West,Vikram,5,621.02
ORD-202605-04270,2026-05-01,CUST-4440,Webcam,Electronics,North,Ananya,6,1748.08
ORD-202605-04271,2026-05-14,CUST-0398,Study Table,Furniture,West,Rahul,2,5134.52
ORD-202605-04272,2026-05-20,CUST-4375,Monitor Stand,Furniture,South,Karan,5,2045.42
ORD-202605-04273,2026-05-26,CUST-1509,Monitor Stand,Furniture,East,Vikram,3,2018.54
ORD-202605-04274,,CUST-4723,USB Hub,Accessories,South,Priya,6,814.54
ORD-202605-04275,2026-05-12,CUST-1327,Desk Organizer,Office,East,Amit,3,624.62
ORD-202605-04276,2026-05-25,,Office Chair,Furniture,East,Ananya,7,6384.76
ORD-202605-04277,2026-05-12,CUST-4681,Keyboard,Electronics,South,Karan,1,1363.05
ORD-202605-04278,2026-05-27,CUST-2510,Desk Organizer,Office,South,Neha,3,561.27
ORD-202605-04279,2026-05-02,CUST-2503,Webcam,Electronics,West,Amit,5,1908.99
ORD-202605-04280,2026-05-08,CUST-3552,Wireless Mouse,Electronics,East,Karan,4,820.59
ORD-202605-04281,2026-05-02,CUST-4289,Study Table,Furniture,,Amit,2,5240.1
ORD-202605-04282,2026-05-11,CUST-2371,Headphones,Electronics,East,Sneha,1,2437.88
ORD-202605-04283,2026-05-05,CUST-4999,Mouse Pad,Accessories,East,Karan,7,403.14
ORD-202605-04284,2026-05-07,CUST-3731,Notebook,Office,Central,Rahul,2,211.44
ORD-202605-04285,2026-05-29,CUST-2969,Desk Organizer,Office, North,Vikram,3,613.96
ORD-202605-04286,2026-05-10,CUST-2165,Headphones,Electronics,East,Rahul,4,2405.99
ORD-202605-04287,2026-05-13,CUST-4580,Laptop Stand,Accessories,East,Rahul,2,1462.29
ORD-202605-04288,2026-05-23,CUST-0634,Office Chair,Furniture,East,Vikram,3,7127.34
ORD-202605-04289,2026-05-17,CUST-4655,Office Chair,Furniture,North,Karan,6,7039.25
ORD-202605-04290,2026-05-14,CUST-2635,Office Chair,Furniture,East,Rahul,4,7656.79
ORD-202605-04291,2026-05-05,CUST-1098,Mouse Pad,Accessories,North,Ananya,7,402.96
ORD-202605-04292,2026-05-21,CUST-0306,Wireless Mouse,Electronics,West,Ananya,4,767.28
ORD-202605-04293,2026-05-14,CUST-2774,Study Table,Furniture,Central,Rahul,6,6007.97
ORD-202605-04294,2026-05-17,CUST-4173,Notebook,Office,North,Rahul,6,218.64
ORD-202605-04295,2026-05-16,CUST-2887,USB Hub,Accessories,East,Rahul,5,857.54
ORD-202605-04296,,CUST-0251,Monitor Stand,Furniture,Central,Neha,1,2060.9
ORD-202605-04297,2026-05-16,CUST-2887,Study Table,Furniture,South,Vikram,3,4951.67
ORD-202605-04298,2026-05-18,CUST-4645,Mouse Pad,Accessories,North,Sneha,5,435.6
ORD-202605-04299,2026-05-26,CUST-1086,Pen Set,Office,West,Priya,6,322.55
ORD-202605-04300,2026-05-07,CUST-1069,Study Table,Furniture,East,Vikram,5,5254.6
ORD-202605-04301,2026-05-20,CUST-4121,Keyboard,Electronics,South,Ananya,6,1177.31
ORD-202605-04302,2026-05-28,CUST-3259,Keyboard,Electronics,West,Vikram,3,1214.6
ORD-202605-04303,2026-05-05,CUST-1550,Keyboard,Electronics,West,Vikram,6,1401.97
ORD-202605-04304,2026-05-22,CUST-4204,Desk Organizer,Office,East,Vikram,6,605.13
ORD-202605-04305,2026-05-12,CUST-2930,Pen Set,Office,South,Amit,1,297.89
ORD-202605-04306,2026-05-12,CUST-4509,Headphones,Electronics,North,Vikram,7,2625.73
ORD-202605-04307,2026-05-02,CUST-4511,Pen Set,Office,North,Ananya,6,301.16
ORD-202605-04308,2026-05-06,CUST-2349,Webcam,Electronics,East,Vikram,5,2007.9
ORD-202605-04309,2026-05-11,CUST-0240,Pen Set,Office,West,Amit,4,318.17
ORD-202605-04310,2026-05-21,CUST-0405,Mouse Pad,Accessories,East,Rahul,5,379.67
ORD-202605-04311,2026-05-13,CUST-2041,Mouse Pad,Accessories,South,Karan,7,401.45
ORD-202605-04312,2026-05-19,CUST-2993,Monitor Stand,Furniture,East,Rahul,2,1983.46
ORD-202605-04313,2026-05-10,CUST-4481,Office Chair,Furniture,Central,Neha,7,7247.54
ORD-202605-04314,2026-05-13,CUST-2686,Pen Set,Office,North,Sneha,7,293.7
ORD-202605-04315,2026-05-10,CUST-4032,Office Chair,Furniture,Central,Amit,2,6845.79
ORD-202605-04316,2026-05-10,CUST-0798,Monitor Stand,Furniture,East,Priya,1,2155.1
ORD-202605-04317,2026-05-01,CUST-3640,USB Hub,Accessories,East,Karan,3,953.84
ORD-202605-04318,2026-05-20,CUST-1280,Desk Organizer,office,North,Priya,6,654.42
ORD-202605-04319,2026-05-30,CUST-4050,Notebook,Office,West,Priya,5,183.7
ORD-202605-04320,2026-05-04,CUST-4274,Desk Organizer,Office,North,Amit,7,592.02
ORD-202605-04321,2026-05-08,CUST-3220,Study Table,Furniture,West,Sneha,5,5847.73
ORD-202605-04322,2026-05-16,CUST-2685,Study Table,Furniture,East,Karan,6,5777.68
ORD-202605-04323,2026-05-19,CUST-0749,Notebook,Office,central,Ananya,7,196.73
ORD-202605-04324,2026-05-31,CUST-1987,Laptop Stand,Accessories,South,Vikram,3,1471.35
ORD-202605-04325,2026-05-03,CUST-2252,Webcam,Electronics,West,Karan,5,1956.97
ORD-202605-04326,2026-05-29,CUST-3896,Office Chair,Furniture,North,Priya,4,7319.64
ORD-202605-04327,2026-05-11,CUST-3739,Notebook,Office,West,Amit,5,210.61
ORD-202605-04328,2026-05-09,CUST-3167,Office Chair,Furniture,East,Ananya,7,6526.07
ORD-202605-04329,2026-05-12,CUST-1345,Mouse Pad,Accessories,North,Neha,2,394.69
ORD-202605-04330,2026-05-13,CUST-1328,Desk Organizer,Office,South,Neha,1,614.54
ORD-202605-04331,2026-05-15,CUST-3618,Webcam,Electronics,North,Vikram,2,2003.52
ORD-202605-04332,2026-05-28,CUST-3112,Pen Set,Office,South,Neha,2,272.97
ORD-202605-04333,2026-05-26,CUST-4578,Headphones,Electronics,North,Priya,1,2577.9
ORD-202605-04334,2026-05-20,CUST-1824,Headphones,Electronics,North ,Neha,2,2304.05
ORD-202605-04335,2026-05-24,CUST-3875,Study Table,Furniture,Central,,7,5372.22
ORD-202605-04336,2026-05-09,CUST-3926,Monitor Stand,Furniture,East,Sneha,5,1890.64
ORD-202605-04337,2026-05-24,CUST-1870,USB Hub,Accessories,Central,Amit,4,825.6
ORD-202605-04338,2026-05-09,CUST-2870,Webcam,Electronics,West,Amit,1,1771.36
ORD-202605-04339,2026-05-11,CUST-4170,Study Table,Furniture,,Rahul,5,5606.24
ORD-202605-04340,2026-05-01,CUST-0101,USB Hub,Accessories,South,Priya,2,900.61
ORD-202605-04341,2026-05-24,CUST-1796,Pen Set,Office,North,Amit,6,322.32
ORD-202605-04342,2026-05-27,CUST-1439,Wireless Mouse,Electronics,East,Amit,6,755.65
ORD-202605-04343,2026-05-25,CUST-3364,Office Chair,Furniture,East,Priya,3,6408.06
ORD-202605-04344,,CUST-3598,Wireless Mouse,Electronics,South,Sneha,5,784.55
ORD-202605-04345,2026-05-17,CUST-3450,Desk Organizer,Office,South,,7,630.48
ORD-202605-04346,2026-05-10,CUST-1627,Headphones,Electronics,East,Priya,4,2301.45
ORD-202605-04347,2026-05-18,CUST-4838,Study Table,Furniture,South,Amit,2,4959.35
ORD-202605-04348,2026-05-12,CUST-1095,Pen Set,Office,South,Amit,1,313.11
ORD-202605-04349,2026-05-17,CUST-2676,Mouse Pad,Accessories,Central,Vikram,2,365.43
ORD-202605-04350,2026-05-27,CUST-4002,Webcam,Electronics,Central,Sneha,2,1849.49
ORD-202605-04351,2026-05-15,CUST-3517,Webcam,Electronics,North,Neha,4,1840.63
ORD-202605-04352,2026-05-01,CUST-4895,Study Table,Furniture,South,Sneha,1,4953.34
ORD-202605-04353,2026-05-24,,Laptop Stand,Accessories,West,Priya,1,1644.31
ORD-202605-04354,2026-05-05,CUST-0259,Wireless Mouse,Electronics,East,Karan,2,818.56
ORD-202605-04355,2026-05-09,CUST-1506,Keyboard, Electronics,South,Neha,1,1233.05
ORD-202605-04356,2026-05-29,CUST-0550,Headphones,Electronics,South,Ananya,2,2438.81
ORD-202605-04357,2026-05-18,CUST-2289,Monitor Stand,Furniture,Central,Ananya,5,2065.2
ORD-202605-04358,2026-05-07,CUST-0806,Keyboard,Electronics,North,Rahul,4,1373.42
ORD-202605-04359,2026-05-27,CUST-1582,Desk Organizer,Office,North,Rahul,2,587.51
ORD-202605-04360,2026-05-06,CUST-0546,Keyboard,Electronics,Central,Rahul,3,1314.13
ORD-202605-04361,2026-05-12,CUST-2554,Wireless Mouse,Electronics,South,Rahul,3,773.2
ORD-202605-04362,2026-05-18,CUST-0698,Webcam,Electronics,West,Neha,1,1716.07
ORD-202605-04363,2026-05-13,CUST-1695,Keyboard,Electronics,West,Priya,6,1231.98
ORD-202605-04364,2026-05-08,CUST-0067,Study Table,Furniture,,Vikram,6,5521.75
ORD-202605-04365,,CUST-4746,Monitor Stand,Furniture,West,Ananya,6,1915.46
ORD-202605-04366,2026-05-21,CUST-1287,Study Table,Furniture,North,Neha,6,5064.62
ORD-202605-04367,2026-05-20,CUST-0106,Notebook,Office,South,Neha,7,214.8
ORD-202605-04368,2026-05-28,CUST-1501,Laptop Stand,Accessories ,Central,Karan,3,1562.16
ORD-202605-04369,2026-05-21,CUST-1148,Monitor Stand,Furniture,North,Ananya,6,2146.13
ORD-202605-04370,2026-05-29,CUST-2315,Wireless Mouse,Electronics,West ,Neha,7,781.26
ORD-202605-04371,2026-05-07,CUST-1543,Laptop Stand,Accessories,South,Sneha,4,1565.13
ORD-202605-04372,2026-05-26,CUST-1238,Pen Set,Office,North,Ananya,7,307.04
ORD-202605-04373,2026-05-31,CUST-0938,Laptop Stand,Accessories,Central,Rahul,7,1453.01
ORD-202605-04374,2026-05-29,CUST-1467,Desk Organizer,Office,North,Rahul,3,579.75
ORD-202605-04375,2026-05-24,CUST-4199,Study Table,Furniture,West,Vikram,1,5593.82
ORD-202605-04376,2026-05-29,CUST-0279,Monitor Stand,Furniture,East,Rahul,5,1803.85
ORD-202605-04377,2026-05-29,CUST-2653,Keyboard,Electronics,East,Vikram,6,1192.86
ORD-202605-04378,2026-05-07,CUST-4589,Study Table,Furniture,East,Karan,7,5664.33
ORD-202605-04379,2026-05-08,CUST-2804,Monitor Stand,Furniture,East,Amit,3,2109.03
ORD-202605-04380,2026-05-19,CUST-0585,Webcam,Electronics,Central,Vikram,6,1734.29
ORD-202605-04381,2026-05-09,CUST-0433,Wireless Mouse, Electronics,South,Rahul,1,793.79
ORD-202605-04382,2026-05-12,CUST-1125,Study Table,Furniture,West,Neha,2,5753.91
ORD-202605-04383,2026-05-13,CUST-0454,Study Table,Furniture,Central,Priya,6,5393.01
ORD-202605-04384,2026-05-13,CUST-1321,Mouse Pad,Accessories,Central,Amit,4,368.89
ORD-202605-04385,2026-05-04,CUST-4093,Webcam,Electronics,East,Neha,1,1954.46
ORD-202605-04386,2026-05-10,CUST-4243,Study Table,Furniture,South,Sneha,3,5977.91
ORD-202605-04387,2026-05-04,CUST-3613,Office Chair,Furniture,South,Vikram,2,7559.59
ORD-202605-04388,2026-05-20,CUST-2335,Pen Set,Office,South,Vikram,2,321.07
ORD-202605-04389,2026-05-07,CUST-0196,Mouse Pad,Accessories,West,Ananya,2,435.93
ORD-202605-04390,2026-05-11,CUST-1698,Mouse Pad,Accessories,West,Vikram,5,423.7
ORD-202605-04391,2026-05-08,CUST-4148,Study Table,Furniture,West,Ananya,6,5236.15
ORD-202605-04392,2026-05-10,CUST-1560,Notebook,Office,Central,Rahul,1,212.69
ORD-202605-04393,2026-05-23,CUST-2110,Laptop Stand,Accessories,West,Vikram,2,1584.06
ORD-202605-04394,2026-05-13,CUST-2578,Webcam,Electronics,Central,Ananya,2,1981.33
ORD-202605-04395,2026-05-12,CUST-3249,Notebook,Office,East,Rahul,1,213.49
ORD-202605-04396,2026-05-25,CUST-0519,Notebook,Office,East,Neha,1,179.39
ORD-202605-04397,2026-05-30,CUST-2518,Desk Organizer,Office,South,Rahul,5,600.98
ORD-202605-04398,2026-05-22,CUST-4594,Webcam,Electronics,South,,7,2008.77
ORD-202605-04399,2026-05-12,CUST-0486,Office Chair,Furniture,East,Neha,4,6731.24
ORD-202605-04400,2026-05-08,CUST-1992,USB Hub,Accessories,North,Ananya,2,841.16
ORD-202605-04401,2026-05-18,CUST-0888,Pen Set,Office,North,Ananya,6,277.45
ORD-202605-04402,2026-05-28,CUST-1773,Webcam,Electronics,West,Vikram,6,1934.36
ORD-202605-04403,2026-05-07,CUST-1641,Mouse Pad,Accessories,East,Vikram,7,400.11
ORD-202605-04404,2026-05-03,CUST-3221,USB Hub,Accessories,West,Priya,7,877.26
ORD-202605-04405,2026-05-18,CUST-1269,Desk Organizer,Office,North,Rahul,3,647.93
ORD-202605-04406,2026-05-11,CUST-1183,Study Table,Furniture,West,Vikram,4,5755.34
ORD-202605-04407,2026-05-29,CUST-3200,Mouse Pad,Accessories,South,Sneha,7,402.0
ORD-202605-04408,2026-05-03,CUST-3020,Notebook,Office,North,Sneha,1,210.11
ORD-202605-04409,2026-05-10,CUST-1488,Desk Organizer,Office,Central,Amit,4,585.44
ORD-202605-04410,2026-05-18,CUST-3915,Wireless Mouse,Electronics,East,Neha,6,795.67
ORD-202605-04411,2026-05-10,CUST-0043,Notebook,Office,West,Sneha,5,213.84
ORD-202605-04412,2026-05-28,CUST-3668,Desk Organizer,Office,Central,Vikram,5,639.22
ORD-202605-04413,2026-05-27,CUST-2580,Webcam,Electronics,Central,Vikram,6,1957.08
ORD-202605-04414,2026-05-03,CUST-2458,Pen Set,Office,West,Priya,5,294.93
ORD-202605-04415,2026-05-25,CUST-3497,Keyboard,Electronics,North,Rahul,5,1367.61
ORD-202605-04416,2026-05-19,CUST-1806,Keyboard,Electronics,East,Ananya,4,1362.46
ORD-202605-04417,2026-05-31,CUST-1714,Headphones,Electronics,West,Rahul,5,2443.98
ORD-202605-04418,2026-05-25,CUST-2948,Laptop Stand,Accessories,West,Priya,3,1451.19
ORD-202605-04419,2026-05-23,CUST-1465,Office Chair,Furniture,Central,Amit,2,7448.43
ORD-202605-04420,,CUST-3784,Webcam,Electronics,East,Vikram,7,2031.14
ORD-202605-04421,2026-05-22,CUST-0363,Notebook,Office,Central,Vikram,3,185.11
ORD-202605-04422,2026-05-27,CUST-1390,USB Hub,Accessories,West,Karan,5,954.73
ORD-202605-04423,2026-05-03,CUST-1939,Keyboard,Electronics,East,Vikram,3,1293.93
ORD-202605-04424,2026-05-16,CUST-0667,Laptop Stand,Accessories,West,Neha,5,1481.0
ORD-202605-04425,2026-05-24,CUST-3895,Desk Organizer,Office,West,Rahul,2,578.97
ORD-202605-04426,2026-05-12,CUST-3268,Office Chair,Furniture,Central,Rahul,4,6817.39
ORD-202605-04427,,CUST-4181,Notebook,Office,North,Neha,4,210.78
ORD-202605-04428,2026-05-04,CUST-0838,USB Hub,Accessories,South,Karan,1,925.16
ORD-202605-04429,2026-05-02,CUST-1655,Webcam,Electronics,south,Amit,4,1857.53
ORD-202605-04430,2026-05-18,CUST-1841,Keyboard,Electronics,West,Priya,5,1343.67
ORD-202605-04431,2026-05-12,CUST-3795,Wireless Mouse,Electronics,East,Rahul,3,794.64
ORD-202605-04432,2026-05-07,CUST-1014,Webcam,Electronics,South,Rahul,4,1889.73
ORD-202605-04433,2026-05-11,CUST-4644,Pen Set,Office,East,Neha,4,325.76
ORD-202605-04434,2026-05-21,,Keyboard,Electronics,East,Amit,3,1301.51
ORD-202605-04435,2026-05-02,CUST-0152,Mouse Pad,Accessories,Central,Karan,3,416.57
ORD-202605-04436,2026-05-23,CUST-3048,Laptop Stand,Accessories,East,Neha,4,1541.87
ORD-202605-04437,2026-05-06,CUST-1723,Laptop Stand,Accessories,Central,Amit,1,1547.17
ORD-202605-04438,2026-05-13,CUST-2203,Study Table,Furniture,Central,Amit,6,5624.4
ORD-202605-04439,2026-05-13,CUST-3443,Laptop Stand,Accessories,West,Ananya,4,1436.64
ORD-202605-04440,2026-05-17,CUST-0665,Mouse Pad,Accessories,South,Rahul,7,434.1
ORD-202605-04441,2026-05-21,CUST-1453,Mouse Pad,Accessories,South,Ananya,2,379.92
ORD-202605-04442,2026-05-24,CUST-0275,Laptop Stand,Accessories,South,Ananya,7,1553.91
ORD-202605-04443,2026-05-06,CUST-3448,Pen Set,Office,Central,Priya,7,302.33
ORD-202605-04444,2026-05-17,CUST-1304,Study Table,Furniture,,Ananya,4,5460.21
ORD-202605-04445,2026-05-28,CUST-4152,USB Hub,Accessories,Central,,5,849.02
ORD-202605-04446,2026-05-09,CUST-1037,USB Hub,Accessories,North,Sneha,6,937.67
ORD-202605-04447,2026-05-24,CUST-3419,Study Table,Furniture,South,Sneha,3,5025.83
ORD-202605-04448,2026-05-26,CUST-3764,Desk Organizer,Office,North,Sneha,2,642.38
ORD-202605-04449,2026-05-21,CUST-2803,USB Hub,Accessories,East,Ananya,3,949.93
ORD-202605-04450,2026-05-27,CUST-1431,Headphones,Electronics,Central,Karan,2,2625.25
ORD-202605-04451,2026-05-02,CUST-3470,Desk Organizer,Office,West,Amit,2,543.48
ORD-202605-04452,2026-05-18,CUST-1798,Laptop Stand,Accessories,North,Rahul,5,1642.37
ORD-202605-04453,2026-05-05,CUST-1772,Pen Set,Office,,Vikram,4,275.22
ORD-202605-04454,2026-05-03,CUST-1972,Mouse Pad,Accessories,West,Amit,7,387.1
ORD-202605-04455,2026-05-07,CUST-1209,Notebook,Office,Central,Ananya,3,198.19
ORD-202605-04456,2026-05-16,CUST-3513,Mouse Pad,Accessories,East,Neha,5,431.99
ORD-202605-04457,2026-05-30,CUST-2977,Pen Set,Office,,Rahul,3,313.42
ORD-202605-04458,2026-05-31,CUST-2445,Office Chair,Furniture,West,Neha,7,6709.47
ORD-202605-04459,2026-05-29,CUST-2153,Office Chair,Furniture,Central,Amit,6,7296.57
ORD-202605-04460,2026-05-25,CUST-1000,Notebook,Office,East,Amit,4,186.94
ORD-202605-04461,2026-05-06,CUST-4652,Headphones,Electronics,South,Priya,6,2495.81
ORD-202605-04462,2026-05-25,CUST-0891,Study Table,Furniture,Central,Amit,3,5113.3
ORD-202605-04463,2026-05-26,CUST-4225,Notebook,Office,East,Ananya,7,184.15
ORD-202605-04464,2026-05-18,CUST-1563,Study Table,Furniture,North,Neha,7,5971.16
ORD-202605-04465,2026-05-18,CUST-4844,Monitor Stand,Furniture,North,Amit,3,2067.23
ORD-202605-04466,2026-05-09,CUST-2148,USB Hub,Accessories,West,Sneha,4,827.62
ORD-202605-04467,2026-05-24,CUST-3862,USB Hub,Accessories,East,Karan,1,879.61
ORD-202605-04468,2026-05-07,CUST-1823,Pen Set,Office,,Vikram,2,320.93
ORD-202605-04469,2026-05-07,CUST-2723,Keyboard,Electronics,North,Priya,5,1236.41
ORD-202605-04470,2026-05-14,CUST-2936,Office Chair,Furniture,East,Rahul,1,7463.25
ORD-202605-04471,2026-05-22,CUST-2089,Office Chair,Furniture,West,Sneha,2,6385.71
ORD-202605-04472,2026-05-02,CUST-3594,Laptop Stand,Accessories,North,Rahul,2,1431.0
ORD-202605-04473,2026-05-31,CUST-0404,Laptop Stand,Accessories, Central,Priya,6,1527.7
ORD-202605-04474,2026-05-28,CUST-3753,Webcam,Electronics,North,Sneha,1,1867.98
ORD-202605-04475,2026-05-21,CUST-0479,Webcam,Electronics,Central,Amit,6,1999.37
ORD-202605-04476,2026-05-07,CUST-1984,Study Table,Furniture,East,Sneha,7,5845.23
ORD-202605-04477,2026-05-29,CUST-4372,Study Table,Furniture,Central,Sneha,5,5020.52
ORD-202605-04478,2026-05-18,CUST-2294,Notebook,Office,North,Sneha,2,192.56
ORD-202605-04479,2026-05-28,CUST-4294,USB Hub,Accessories,West,Sneha,2,969.9
ORD-202605-04480,2026-05-21,CUST-4764,Headphones,Electronics,South,Sneha,2,2568.28
ORD-202605-04481,2026-05-03,CUST-4030,Keyboard,Electronics,Central,Sneha,6,1255.16
ORD-202605-04482,2026-05-11,CUST-3103,Notebook,Office,North,Vikram,6,202.51
ORD-202605-04483,2026-05-31,CUST-1157,Mouse Pad,Accessories,South,Priya,1,374.72
ORD-202605-04484,2026-05-27,CUST-3011,Headphones,Electronics,West,Rahul,7,2731.39
ORD-202605-04485,2026-05-04,CUST-4291,Wireless Mouse,Electronics,North,Neha,1,845.81
ORD-202605-04486,2026-05-02,CUST-2899,Mouse Pad,Accessories,West,Priya,2,385.93
ORD-202605-04487,2026-05-15,CUST-3869,Webcam,Electronics,North,Rahul,7,1858.86
ORD-202605-04488,2026-05-24,CUST-0269,Pen Set,Office ,South,Sneha,2,315.05
ORD-202605-04489,2026-05-17,CUST-1860,Wireless Mouse,Electronics,Central,Vikram,6,817.58
ORD-202605-04490,2026-05-15,CUST-0507,Office Chair,Furniture,West,Vikram,3,7061.42
ORD-202605-04491,2026-05-23,CUST-3023,Mouse Pad,Accessories,North,Amit,3,375.02
ORD-202605-04492,2026-05-07,,USB Hub,Accessories,East,Ananya,4,910.32
ORD-202605-04493,2026-05-20,CUST-0939,Desk Organizer,Office,West,Karan,4,651.67
ORD-202605-04494,2026-05-10,CUST-4167,Keyboard,Electronics,South,Neha,1,1263.77
ORD-202605-04495,2026-05-24,CUST-0847,Keyboard,Electronics,North,Neha,2,1357.0
ORD-202605-04496,2026-05-05,CUST-2300,Office Chair,Furniture,Central,Amit,1,6328.99
ORD-202605-04497,2026-05-05,CUST-0463,Laptop Stand,Accessories,South,Priya,6,1585.62
ORD-202605-04498,2026-05-01,CUST-3371,Pen Set,Office,East,Ananya,1,311.24
ORD-202605-04499,2026-05-29,CUST-2113,Office Chair,Furniture,West,Neha,6,6416.46
ORD-202605-04500,2026-05-21,CUST-0860,Pen Set,Office,South,Ananya,7,325.66
ORD-202605-04501,2026-05-27,CUST-2395,Keyboard,Electronics,North,Neha,3,1425.57
ORD-202605-04502,2026-05-01,CUST-2444,Laptop Stand,Accessories,East,Karan,5,1552.04
ORD-202605-04503,2026-05-23,CUST-4792,Keyboard,Electronics,West,Vikram,5,1352.02
ORD-202605-04504,2026-05-31,CUST-4086,Wireless Mouse,Electronics,West,Sneha,7,798.82
ORD-202605-04505,2026-05-12,CUST-3341,Monitor Stand,Furniture,East,Karan,1,1802.49
ORD-202605-04506,2026-05-08,CUST-4824,Notebook,Office,North,Priya,6,200.15
ORD-202605-04507,2026-05-26,CUST-2027,Headphones,Electronics,West,Sneha,7,2696.77
ORD-202605-04508,2026-05-30,CUST-0182,Office Chair,Furniture,North,Sneha,7,7170.78
ORD-202605-04509,2026-05-29,CUST-1294,Keyboard,Electronics,Central,Neha,1,1419.65
ORD-202605-04510,2026-05-29,CUST-1694,Webcam,Electronics,North,Sneha,3,2065.88
ORD-202605-04511,2026-05-14,CUST-1644,Laptop Stand,Accessories,North,Sneha,6,1430.19
ORD-202605-04512,2026-05-13,CUST-1545,Pen Set,Office,North,Vikram,6,312.36
ORD-202605-04513,2026-05-27,CUST-2980,Desk Organizer,Office,North,Sneha,3,622.65
ORD-202605-04514,2026-05-20,CUST-2149,Keyboard,Electronics,Central,Amit,7,1428.8
ORD-202605-04515,2026-05-31,CUST-3833,Headphones,Electronics,West,Amit,4,2420.46
ORD-202605-04516,2026-05-13,CUST-3794,Desk Organizer,Office,West,Sneha,4,550.29
ORD-202605-04517,2026-05-25,CUST-2994,Study Table,Furniture,South,Sneha,5,5042.34
ORD-202605-04518,2026-05-10,CUST-0264,Study Table,Furniture,West,Ananya,6,5508.42
ORD-202605-04519,2026-05-11,CUST-4155,Mouse Pad,Accessories,North,Rahul,3,423.14
ORD-202605-04520,2026-05-31,CUST-4667,USB Hub,Accessories,East,Amit,7,907.83
ORD-202605-04521,2026-05-30,CUST-2041,USB Hub,Accessories,East,Vikram,4,987.25
ORD-202605-04522,2026-05-28,CUST-4272,Keyboard,Electronics,South,Karan,6,1384.91
ORD-202605-04523,2026-05-27,CUST-1942,Pen Set,Office,East,Karan,5,327.01
ORD-202605-04524,2026-05-09,CUST-0362,Mouse Pad,Accessories,North,Vikram,1,366.93
ORD-202605-04525,2026-05-28,CUST-2045,Headphones,Electronics,East,Karan,6,2297.34
ORD-202605-04526,2026-05-10,CUST-1685,Notebook,Office,North,Sneha,6,216.25
ORD-202605-04527,2026-05-13,CUST-2002,Office Chair,Furniture,North,Ananya,7,6789.49
ORD-202605-04528,2026-05-22,CUST-2538,Keyboard,Electronics,West,Priya,1,1185.53
ORD-202605-04529,2026-05-01,CUST-0957,USB Hub,Accessories,Central,Karan,2,860.03
ORD-202605-04530,2026-05-07,CUST-2861,Headphones,Electronics,South,,7,2315.55
ORD-202605-04531,2026-05-24,CUST-0281,Study Table,Furniture,South,Neha,6,5835.71
ORD-202605-04532,2026-05-19,CUST-3206,Wireless Mouse,Electronics,West,Sneha,7,869.87
ORD-202605-04533,2026-05-21,CUST-2311,Wireless Mouse,Electronics,North,Ananya,4,846.27
ORD-202605-04534,2026-05-07,CUST-2516,Study Table,Furniture,West,Ananya,3,5077.05
ORD-202605-04535,2026-05-17,CUST-1574,Mouse Pad,Accessories,South,Rahul,2,417.38
ORD-202605-04536,2026-05-12,CUST-3985,Laptop Stand,Accessories,Central,Neha,5,1354.15
ORD-202605-04537,2026-05-18,CUST-2399,Desk Organizer,Office,East,Karan,2,574.16
ORD-202605-04538,2026-05-07,CUST-4713,Notebook,Office,North,Rahul,7,183.41
ORD-202605-04539,2026-05-11,CUST-0460,Desk Organizer,Office,East,Neha,7,642.96
ORD-202605-04540,2026-05-13,CUST-1998,Pen Set,Office,Central,Ananya,3,286.98
ORD-202605-04541,2026-05-25,CUST-2894,Webcam,Electronics,North,Neha,1,2055.72
ORD-202605-04542,2026-05-15,CUST-2853,Webcam,Electronics,East,Neha,6,1711.87
ORD-202605-04543,2026-05-06,CUST-4347,Office Chair,Furniture,East,Rahul,6,6964.27
ORD-202605-04544,2026-05-21,CUST-4332,Desk Organizer,Office,West,Ananya,3,650.62
ORD-202605-04545,2026-05-13,CUST-1174,Office Chair,Furniture,West,Ananya,1,6663.61
ORD-202605-04546,2026-05-15,CUST-3956,Headphones,Electronics,North,Neha,4,2526.58
ORD-202605-04547,2026-05-13,CUST-2634,Laptop Stand,Accessories,South,Vikram,7,1432.33
ORD-202605-04548,2026-05-27,CUST-1303,Monitor Stand,Furniture,West,Neha,7,1849.05
ORD-202605-04549,2026-05-17,CUST-4476,Laptop Stand,Accessories,Central,Ananya,2,1607.22
ORD-202605-04550,2026-05-03,CUST-0174,Mouse Pad,Accessories,South,Amit,4,372.4
ORD-202605-04551,2026-05-24,CUST-1166,Study Table,Furniture,Central,Priya,3,5549.93
ORD-202605-04552,2026-05-12,CUST-3126,Mouse Pad,Accessories,North,Karan,1,402.73
ORD-202605-04553,2026-05-19,CUST-2626,Study Table,Furniture,Central,Sneha,5,4964.65
ORD-202605-04554,2026-05-28,CUST-2060,Notebook,Office,East,Karan,4,213.82
ORD-202605-04555,2026-05-02,CUST-0650,Monitor Stand,Furniture ,Central,Amit,2,1833.67
ORD-202605-04556,2026-05-02,CUST-0105,Webcam,Electronics,South,Sneha,3,1842.73
ORD-202605-04557,2026-05-22,CUST-4866,Monitor Stand,Furniture,East,Priya,2,1895.94
ORD-202605-04558,2026-05-25,CUST-0070,USB Hub,Accessories,West,Vikram,6,829.0
ORD-202605-04559,2026-05-27,CUST-2620,Webcam,Electronics,North,Priya,4,1886.61
ORD-202605-04560,2026-05-01,CUST-4539,Wireless Mouse,Electronics,South,Ananya,6,850.31
ORD-202605-04561,2026-05-14,CUST-4711,Study Table,Furniture,South,Priya,2,5992.28
ORD-202605-04562,2026-05-12,CUST-0456,Office Chair,Furniture,West,Amit,6,6317.51
ORD-202605-04563,2026-05-25,CUST-0177,Laptop Stand,Accessories,West,Amit,6,1644.28
ORD-202605-04564,2026-05-27,CUST-4091,Monitor Stand,Furniture,East,Rahul,5,2071.79
ORD-202605-04565,2026-05-11,CUST-1204,Keyboard,Electronics,Central,Priya,6,1273.29
ORD-202605-04566,2026-05-07,CUST-3703,Laptop Stand,Accessories,East,Priya,7,1501.41
ORD-202605-04567,2026-05-16,CUST-0033,Monitor Stand,Furniture,Central,Amit,6,1973.3
ORD-202605-04568,2026-05-05,CUST-2824,Office Chair,Furniture,West,Priya,3,6645.99
ORD-202605-04569,2026-05-11,CUST-2260,Pen Set,Office,West,Karan,3,323.69
ORD-202605-04570,2026-05-09,CUST-3996,Pen Set,Office,Central,Priya,1,273.82
ORD-202605-04571,2026-05-25,CUST-1299,Laptop Stand,Accessories,South,Ananya,5,1491.29
ORD-202605-04572,2026-05-12,CUST-3084,Webcam,Electronics,West,Neha,5,2035.91
ORD-202605-04573,2026-05-10,CUST-0683,Monitor Stand,Furniture,South,Amit,2,1961.52
ORD-202605-04574,2026-05-20,CUST-2626,Headphones,Electronics,South,Rahul,5,2385.96
ORD-202605-04575,2026-05-03,CUST-2450,Webcam,Electronics,West,Ananya,7,1862.62
ORD-202605-04576,2026-05-15,CUST-0294,Notebook,Office,North,Neha,3,216.55
ORD-202605-04577,2026-05-27,CUST-3169,Desk Organizer,Office,West,Karan,7,612.8
ORD-202605-04578,2026-05-27,CUST-0734,Webcam,Electronics,West,Sneha,1,1765.78
ORD-202605-04579,2026-05-06,CUST-0382,Headphones,Electronics,North,Vikram,1,2630.54
ORD-202605-04580,2026-05-28,CUST-3525,Pen Set,Office,South,Priya,3,270.18
ORD-202605-04581,2026-05-25,CUST-0377,Keyboard,Electronics,Central,Rahul,6,1218.2
ORD-202605-04582,2026-05-27,CUST-3444,Webcam,Electronics,West,Priya,2,1941.08
ORD-202605-04583,2026-05-06,CUST-2837,Notebook,Office,West,Rahul,2,182.44
ORD-202605-04584,2026-05-26,CUST-3418,Study Table,Furniture,North,Ananya,2,4986.77
ORD-202605-04585,2026-05-14,CUST-1843,Mouse Pad,Accessories,West,Priya,1,408.91
ORD-202605-04586,2026-05-25,CUST-3435,Study Table,Furniture,North,Priya,7,6034.9
ORD-202605-04587,2026-05-08,CUST-4156,USB Hub,Accessories,East,Sneha,2,831.27
ORD-202605-04588,2026-05-12,CUST-2801,Mouse Pad,Accessories,North,Rahul,4,438.81
ORD-202605-04589,2026-05-01,CUST-4277,Pen Set,Office,South,Amit,6,299.14
ORD-202605-04590,2026-05-26,CUST-3528,Notebook,Office,East,,4,211.58
ORD-202605-04591,2026-05-28,CUST-0070,USB Hub,Accessories,South,Rahul,3,918.53
ORD-202605-04592,2026-05-07,CUST-2344,Laptop Stand,Accessories,Central,Sneha,2,1465.13
ORD-202605-04593,2026-05-25,CUST-0950,Notebook,Office,North,Ananya,7,184.17
ORD-202605-04594,2026-05-28,CUST-2044,Study Table,Furniture,South,Neha,7,5648.19
ORD-202605-04595,2026-05-23,CUST-2882,Office Chair,Furniture,South,Sneha,4,7637.47
ORD-202605-04596,2026-05-27,CUST-0181,Study Table,Furniture,South,Sneha,3,5280.26
ORD-202605-04597,2026-05-08,CUST-2778,Study Table,Furniture,East,Priya,5,5441.12
ORD-202605-04598,2026-05-23,,Pen Set,Office,West,Rahul,5,297.43
ORD-202605-04599,2026-05-29,CUST-4909,Wireless Mouse,Electronics,South,Vikram,1,736.89
ORD-202605-04600,2026-05-25,CUST-1857,Keyboard,Electronics,Central ,Priya,1,1174.29
ORD-202605-04601,,CUST-1569,Desk Organizer,Office,Central ,Vikram,1,647.78
ORD-202605-04602,2026-05-29,CUST-4478,Mouse Pad,Accessories,North,Vikram,4,415.9
ORD-202605-04603,2026-05-28,CUST-3807,Keyboard,Electronics,East,Karan,6,1425.59
ORD-202605-04604,2026-05-26,CUST-1679,Pen Set,Office,South,Karan,1,323.76
ORD-202605-04605,2026-05-09,CUST-3033,Wireless Mouse,Electronics,South,Vikram,5,865.42
ORD-202605-04606,2026-05-19,CUST-2533,Monitor Stand,Furniture,North,Vikram,4,1868.01
ORD-202605-04607,2026-05-15,CUST-4202,Study Table,Furniture,South,Amit,2,5541.49
ORD-202605-04608,2026-05-30,CUST-4101,Monitor Stand,Furniture,West,Rahul,7,1959.14
ORD-202605-04609,2026-05-05,CUST-1708,Laptop Stand,Accessories,South,Sneha,3,1539.72
ORD-202605-04610,2026-05-13,CUST-4640,Office Chair,Furniture,Central,Karan,1,7432.89
ORD-202605-04611,2026-05-24,CUST-4753,Laptop Stand,Accessories,Central,Sneha,3,1646.0
ORD-202605-04612,2026-05-27,CUST-4175,Wireless Mouse,Electronics,North ,Karan,3,731.3
ORD-202605-04613,2026-05-15,CUST-4729,USB Hub,Accessories,South,Sneha,1,939.34
ORD-202605-04614,2026-05-23,CUST-3978,USB Hub,Accessories,West,Neha,2,948.01
ORD-202605-04615,2026-05-08,CUST-4016,Webcam,Electronics,South,Neha,2,2011.34
ORD-202605-04616,2026-05-29,CUST-1200,Monitor Stand,Furniture,South,Sneha,2,1903.34
ORD-202605-04617,2026-05-17,CUST-3555,Laptop Stand,Accessories,Central,,7,1391.94
ORD-202605-04618,2026-05-08,CUST-0297,Laptop Stand,Accessories,Central,Sneha,3,1461.8
ORD-202605-04619,2026-05-05,CUST-4259,Study Table,Furniture,West,Vikram,4,5405.94
ORD-202605-04620,2026-05-12,CUST-1661,Notebook,Office,East,Ananya,7,210.97
ORD-202605-04621,2026-05-08,CUST-0867,Monitor Stand,Furniture,Central,Ananya,2,2196.65
ORD-202605-04622,2026-05-12,CUST-1036,Office Chair,Furniture,Central,Priya,4,7515.3
ORD-202605-04623,2026-05-27,CUST-0604,Keyboard,Electronics,South,Sneha,2,1233.82
ORD-202605-04624,2026-05-22,CUST-4140,Headphones,Electronics,West,Karan,5,2465.03
ORD-202605-04625,2026-05-17,CUST-4743,Mouse Pad,Accessories,East,Priya,1,424.9
ORD-202605-04626,2026-05-17,CUST-4860,Headphones,Electronics,South,Sneha,6,2457.9
ORD-202605-04627,2026-05-22,CUST-0621,Notebook,Office,South,Amit,5,183.88
ORD-202605-04628,2026-05-06,CUST-0363,Monitor Stand,Furniture,East,Rahul,1,1991.58
ORD-202605-04629,2026-05-03,CUST-1891,Notebook,Office,South,Rahul,1,208.21
ORD-202605-04630,2026-05-12,CUST-3543,Office Chair,Furniture,West,Priya,3,7406.7
ORD-202605-04631,2026-05-20,CUST-3258,Wireless Mouse,Electronics,Central,Rahul,4,840.91
ORD-202605-04632,2026-05-27,CUST-3582,USB Hub,Accessories,East,Neha,1,847.19
ORD-202605-04633,2026-05-30,CUST-1560,Webcam,Electronics,Central,Karan,6,1912.91
ORD-202605-04634,2026-05-19,CUST-0339,Study Table,Furniture,North,Vikram,1,5107.1
ORD-202605-04635,2026-05-13,CUST-2352,Office Chair,Furniture,East,Neha,1,6441.94
ORD-202605-04636,2026-05-21,CUST-3714,Notebook,Office,East,Neha,2,213.02
ORD-202605-04637,2026-05-09,CUST-1065,Monitor Stand,Furniture,South,Rahul,4,1905.26
ORD-202605-04638,2026-05-04,CUST-4921,Headphones,Electronics,South,Sneha,5,2608.51
ORD-202605-04639,2026-05-20,CUST-3801,Webcam,Electronics,North,Priya,1,1993.91
ORD-202605-04640,2026-05-16,CUST-1210,Laptop Stand,Accessories,South,Karan,4,1413.42
ORD-202605-04641,2026-05-09,CUST-4823,Monitor Stand,Furniture,West,Priya,7,1816.04
ORD-202605-04642,2026-05-28,CUST-2199,Office Chair,Furniture,North,Sneha,2,6769.26
ORD-202605-04643,2026-05-28,CUST-3886,Keyboard, Electronics,North,Karan,7,1300.49
ORD-202605-04644,2026-05-28,CUST-1481,Notebook,Office,North,Priya,1,193.48
ORD-202605-04645,2026-05-20,CUST-1372,Notebook,Office,Central,Vikram,5,191.27
ORD-202605-04646,2026-05-30,CUST-3692,Wireless Mouse,Electronics,North,Priya,4,-100.0
ORD-202605-04647,2026-05-03,CUST-2944,Webcam,Electronics,Central,Vikram,4,1927.17
ORD-202605-04648,2026-05-28,CUST-3450,Mouse Pad,Accessories,North,Amit,1,396.83
ORD-202605-04649,2026-05-02,CUST-4409,USB Hub,Accessories,South,Neha,4,970.78
ORD-202605-04650,2026-05-10,CUST-2389,Wireless Mouse,Electronics,North,Karan,2,740.58
ORD-202605-04651,2026-05-18,CUST-0655,Desk Organizer,Office,East,Rahul,2,599.29
ORD-202605-04652,2026-05-13,CUST-1894,Headphones,Electronics,South,Ananya,1,2512.6
ORD-202605-04653,2026-05-02,CUST-0452,Pen Set,Office,West,Amit,2,299.43
ORD-202605-04654,2026-05-22,CUST-4055,Pen Set,Office,North,Neha,5,273.4
ORD-202605-04655,2026-05-15,CUST-4203,USB Hub,Accessories,Central,Rahul,1,839.82
ORD-202605-04656,2026-05-07,CUST-0512,Pen Set,Office,North,Neha,2,271.45
ORD-202605-04657,2026-05-01,CUST-3515,Webcam,Electronics,Central,Amit,1,1788.48
ORD-202605-04658,2026-05-24,CUST-4522,Notebook,Office,South,Neha,3,198.11
ORD-202605-04659,2026-05-19,CUST-3491,Monitor Stand,Furniture,West,Karan,4,2101.39
ORD-202605-04660,2026-05-21,CUST-2073,Pen Set,Office,South,Priya,2,290.1
ORD-202605-04661,2026-05-25,CUST-3294,Wireless Mouse,Electronics,West,Neha,4,772.32
ORD-202605-04662,2026-05-18,CUST-2862,USB Hub,Accessories,West,Neha,7,890.26
ORD-202605-04663,2026-05-02,CUST-4633,Notebook,Office,West,Rahul,5,203.04
ORD-202605-04664,2026-05-31,CUST-2979,Wireless Mouse,Electronics,North,Karan,5,826.25
ORD-202605-04665,2026-05-15,CUST-3714,Notebook,Office,West,Priya,2,193.69
ORD-202605-04666,2026-05-22,CUST-4022,Pen Set,Office,East,Neha,3,283.63
ORD-202605-04667,2026-05-07,CUST-0261,Mouse Pad,Accessories,Central,Sneha,4,400.66
ORD-202605-04668,2026-05-03,CUST-0639,Desk Organizer,Office,South,Rahul,6,616.02
ORD-202605-04669,2026-05-16,CUST-2324,Monitor Stand,Furniture,East,Neha,2,1910.7
ORD-202605-04670,2026-05-02,CUST-0965,Notebook,Office,,Vikram,6,181.24
ORD-202605-04671,2026-05-09,CUST-0550,Study Table,Furniture,Central,Ananya,1,5872.18
ORD-202605-04672,2026-05-27,CUST-2612,Notebook,Office,North,Priya,5,214.75
ORD-202605-04673,2026-05-16,CUST-1867,Office Chair,Furniture ,Central,Rahul,-1,7284.3
ORD-202605-04674,2026-05-11,CUST-3303,Headphones,Electronics,East,Priya,4,2642.04
ORD-202605-04675,2026-05-02,CUST-3897,Monitor Stand,Furniture,Central,Vikram,4,2198.38
ORD-202605-04676,2026-05-08,CUST-0826,Webcam,Electronics,Central,Vikram,4,1784.27
ORD-202605-04677,2026-05-28,CUST-0911,Wireless Mouse,Electronics,West,Neha,4,751.0
ORD-202605-04678,2026-05-18,CUST-1344,Notebook,Office,West,Vikram,6,204.36
ORD-202605-04679,2026-05-15,CUST-0966,Monitor Stand,Furniture,North,Neha,6,2194.08
ORD-202605-04680,2026-05-21,CUST-1704,Webcam,Electronics,North,Amit,2,1928.3
ORD-202605-04681,2026-05-30,CUST-1039,Wireless Mouse,Electronics,North,Vikram,1,868.94
ORD-202605-04682,2026-05-18,CUST-4001,Headphones,Electronics,South,Neha,4,2726.03
ORD-202605-04683,2026-05-09,CUST-1519,Notebook,Office,North,Karan,3,212.79
ORD-202605-04684,2026-05-23,CUST-1917,Office Chair,Furniture,West,Karan,7,7088.91
ORD-202605-04685,2026-05-04,CUST-0113,Monitor Stand,Furniture,South,Amit,2,2081.43
ORD-202605-04686,2026-05-15,CUST-4666,Pen Set,Office,Central,Karan,6,309.34
ORD-202605-04687,2026-05-08,CUST-4340,Desk Organizer,Office,East,Neha,6,598.17
ORD-202605-04688,2026-05-28,CUST-1639,Keyboard,Electronics,South,Rahul,4,1206.05
ORD-202605-04689,2026-05-25,CUST-3078,Office Chair,Furniture,Central,Amit,6,6388.98
ORD-202605-04690,2026-05-22,CUST-0699,Office Chair,Furniture,Central,Ananya,6,6316.93
ORD-202605-04691,2026-05-22,CUST-2022,Headphones,Electronics,East,Neha,1,2526.42
ORD-202605-04692,2026-05-16,CUST-0504,Mouse Pad,Accessories,North,Karan,2,390.42
ORD-202605-04693,2026-05-05,CUST-2142,Office Chair,Furniture,West,Vikram,3,6442.06
ORD-202605-04694,2026-05-25,CUST-3515,Desk Organizer,Office,,Vikram,7,628.03
ORD-202605-04695,2026-05-19,CUST-0438,USB Hub,Accessories,East,Sneha,4,921.12
ORD-202605-04696,2026-05-01,CUST-3456,Notebook,Office,East,Karan,4,197.5
ORD-202605-04697,2026-05-31,CUST-2208,Laptop Stand,Accessories,South,Rahul,5,1633.87
ORD-202605-04698,2026-05-31,CUST-3618,Mouse Pad,Accessories,Central,Priya,6,392.48
ORD-202605-04699,2026-05-30,CUST-4811,Webcam,Electronics,South,Neha,6,1901.24
ORD-202605-04700,2026-05-10,CUST-1951,Desk Organizer,Office,Central,Ananya,4,644.62
ORD-202605-04701,2026-05-05,CUST-1817,Desk Organizer,Office,East,Priya,3,649.5
ORD-202605-04702,2026-05-04,CUST-1837,Mouse Pad,Accessories,West,Ananya,5,405.63
ORD-202605-04703,2026-05-25,CUST-3779,Headphones,Electronics,East,Rahul,3,2505.81
ORD-202605-04704,2026-05-11,CUST-0032,Pen Set,Office,South,Ananya,3,279.52
ORD-202605-04705,2026-05-26,CUST-3359,Headphones,Electronics,East,Neha,5,2261.04
ORD-202605-04706,2026-05-23,CUST-1860,Notebook,Office,West,Rahul,2,212.36
ORD-202605-04707,2026-05-25,CUST-1394,Headphones,Electronics,West,Neha,4,2418.32
ORD-202605-04708,2026-05-05,CUST-0369,Desk Organizer,Office,North,Vikram,4,647.77
ORD-202605-04709,2026-05-24,CUST-0988,Mouse Pad,Accessories,Central,Amit,7,399.79
ORD-202605-04710,2026-05-11,CUST-2942,Office Chair,Furniture,West,Priya,7,6675.95
ORD-202605-04711,,CUST-3937,Pen Set,Office,North,Neha,1,274.18
ORD-202605-04712,2026-05-09,CUST-0384,Desk Organizer,Office,West,Vikram,1,593.76
ORD-202605-04713,2026-05-21,CUST-0659,Laptop Stand,Accessories,South,Vikram,6,1644.85
ORD-202605-04714,2026-05-01,CUST-4424,Study Table,Furniture,East,Karan,3,5748.12
ORD-202605-04715,2026-05-05,CUST-4484,Mouse Pad,Accessories,Central,Ananya,2,397.87
ORD-202605-04716,2026-05-05,CUST-2621,Monitor Stand,Furniture,South,Vikram,1,1831.53
ORD-202605-04717,2026-05-28,CUST-2834,Pen Set,Office,West,Amit,1,297.55
ORD-202605-04718,2026-05-16,CUST-4124,Keyboard,Electronics,East,Rahul,5,1214.1
ORD-202605-04719,2026-05-08,CUST-2907,Webcam,Electronics,North,Amit,3,1895.35
ORD-202605-04720,2026-05-03,CUST-2902,Notebook,Office,West,Neha,3,185.63
ORD-202605-04721,2026-05-01,CUST-0021,Wireless Mouse,Electronics,Central,Karan,4,723.99
ORD-202605-04722,2026-05-28,CUST-3074,Notebook,Office,Central,Vikram,7,216.86
ORD-202605-04723,2026-05-08,CUST-3302,Office Chair,Furniture,North,Rahul,1,7324.24
ORD-202605-04724,2026-05-04,CUST-3795,Wireless Mouse,Electronics,Central,Vikram,2,862.97
ORD-202605-04725,2026-05-31,CUST-4608,Wireless Mouse,Electronics,West,Priya,2,759.87
ORD-202605-04726,2026-05-04,CUST-0534,Laptop Stand,Accessories,,Vikram,4,1505.26
ORD-202605-04727,2026-05-07,CUST-1495,Monitor Stand,Furniture,East,Karan,6,1968.54
ORD-202605-04728,2026-05-10,CUST-0694,Webcam,Electronics,South,Karan,7,1822.65
ORD-202605-04729,2026-05-24,CUST-0615,Webcam,Electronics,North,Amit,5,1907.07
ORD-202605-04730,2026-05-20,CUST-4543,USB Hub,Accessories,West,Amit,2,985.12
ORD-202605-04731,2026-05-20,CUST-4395,Headphones,Electronics,East,Ananya,6,2440.35
ORD-202605-04732,2026-05-23,CUST-0755,Office Chair,Furniture,North,Vikram,1,6694.89
ORD-202605-04733,2026-05-17,,Pen Set,Office,North,Karan,5,-100.0
ORD-202605-04734,2026-05-06,CUST-4656,Webcam,Electronics,West,Neha,5,1721.36
ORD-202605-04735,2026-05-04,CUST-0329,Notebook,Office,North,Rahul,2,199.0
ORD-202605-04736,2026-05-06,CUST-0548,Monitor Stand,Furniture,South,Priya,1,2043.47
ORD-202605-04737,2026-05-05,CUST-3366,Monitor Stand,Furniture,South,Karan,2,2127.74
ORD-202605-04738,2026-05-08,CUST-3161,Study Table,Furniture,West,Amit,3,5316.73
ORD-202605-04739,2026-05-14,CUST-4841,Mouse Pad,Accessories,East,Neha,4,411.83
ORD-202605-04740,2026-05-28,CUST-4050,Pen Set,Office,West,Karan,2,269.41
ORD-202605-04741,,CUST-3132,Headphones,Electronics,North,Neha,7,2272.86
ORD-202605-04742,2026-05-15,CUST-3667,Monitor Stand,Furniture,North,Sneha,4,2130.5
ORD-202605-04743,2026-05-09,CUST-4656,Pen Set,Office,East,Vikram,3,279.9
ORD-202605-04744,2026-05-25,CUST-3912,Wireless Mouse,Electronics,Central,Vikram,1,837.63
ORD-202605-04745,2026-05-30,CUST-0599,Monitor Stand,Furniture,Central,Vikram,5,2126.32
ORD-202605-04746,2026-05-27,CUST-1814,Laptop Stand,Accessories,South,Sneha,7,1640.24
ORD-202605-04747,2026-05-31,CUST-2380,Webcam,Electronics,Central,Rahul,5,1784.09
ORD-202605-04748,2026-05-21,CUST-4621,Webcam,Electronics,South,Rahul,1,2025.2
ORD-202605-04749,2026-05-17,CUST-0528,Headphones,Electronics,West,Rahul,1,2366.57
ORD-202605-04750,2026-05-15,CUST-2677,Keyboard,Electronics,North,Amit,7,1217.06
ORD-202605-04751,2026-05-17,CUST-3468,Laptop Stand,Accessories,South,Amit,2,1535.52
ORD-202605-04752,2026-05-29,CUST-1002,Desk Organizer,Office,West,Karan,6,556.66
ORD-202605-04753,2026-05-21,CUST-2243,Notebook,Office,East,Priya,1,205.93
ORD-202605-04754,2026-05-05,CUST-4534,Mouse Pad,Accessories,East,Rahul,6,421.59
ORD-202605-04755,2026-05-14,CUST-2259,Mouse Pad,Accessories,North,Sneha,1,428.68
ORD-202605-04756,2026-05-06,CUST-4169,Study Table,Furniture,Central,Vikram,6,5080.37
ORD-202605-04757,2026-05-25,CUST-0047,Office Chair, Furniture,South ,Neha,6,6448.96
ORD-202605-04758,2026-05-16,CUST-3093,USB Hub,Accessories,South,Rahul,7,909.17
ORD-202605-04759,2026-05-10,CUST-3728,Monitor Stand,Furniture,South,Priya,2,2066.53
ORD-202605-04760,2026-05-08,CUST-2088,Monitor Stand,Furniture,North,Rahul,6,2095.83
ORD-202605-04761,2026-05-26,CUST-3757,Study Table,Furniture,East,Neha,1,5097.08
ORD-202605-04762,2026-05-25,CUST-4152,Pen Set,Office,East,Sneha,3,310.71
ORD-202605-04763,2026-05-07,CUST-4652,USB Hub,Accessories,South,Neha,4,909.79
ORD-202605-04764,2026-05-10,CUST-3907,Laptop Stand,Accessories,West,Neha,6,1421.39
ORD-202605-04765,2026-05-30,CUST-0512,Desk Organizer,Office,East,Karan,2,568.84
ORD-202605-04766,2026-05-28,CUST-2623,Pen Set,Office,South,Amit,7,327.27
ORD-202605-04767,2026-05-02,CUST-1474,Wireless Mouse,Electronics,Central,Neha,3,844.78
ORD-202605-04768,2026-05-24,CUST-1223,Study Table,Furniture,South,Vikram,7,5221.91
ORD-202605-04769,2026-05-24,CUST-1913,Headphones,Electronics,South,Amit,6,2316.39
ORD-202605-04770,2026-05-23,CUST-3621,Wireless Mouse,Electronics,Central,Sneha,5,839.7
ORD-202605-04771,2026-05-18,CUST-0621,Desk Organizer,Office,North,Rahul,3,575.47
ORD-202605-04772,2026-05-18,CUST-4154,USB Hub,Accessories,North,Priya,7,810.34
ORD-202605-04773,2026-05-22,CUST-1418,Office Chair,Furniture,East,Sneha,7,7197.64
ORD-202605-04774,2026-05-30,CUST-0910,Wireless Mouse,Electronics,Central,Ananya,4,800.9
ORD-202605-04775,2026-05-14,CUST-0435,Monitor Stand,Furniture,South,Neha,2,1882.36
ORD-202605-04776,2026-05-28,CUST-0694,Pen Set,Office,West,Neha,2,324.01
ORD-202605-04777,2026-05-02,CUST-0212,Wireless Mouse,Electronics,South,Priya,4,838.71
ORD-202605-04778,2026-05-08,CUST-3818,Wireless Mouse,Electronics,West,Rahul,2,753.26
ORD-202605-04779,2026-05-29,CUST-4402,USB Hub,Accessories,North,Priya,3,987.88
ORD-202605-04780,2026-05-01,CUST-4307,Mouse Pad,Accessories,Central,Sneha,5,386.42
ORD-202605-04781,2026-05-02,CUST-0350,Headphones,Electronics,West,Vikram,7,2376.04
ORD-202605-04782,2026-05-27,CUST-1528,Headphones,Electronics,Central,Amit,3,2299.03
ORD-202605-04783,2026-05-20,CUST-2344,Wireless Mouse,Electronics,West,Rahul,6,823.41
ORD-202605-04784,2026-05-01,CUST-2961,Headphones,Electronics,North,Sneha,1,2547.56
ORD-202605-04785,2026-05-05,CUST-1773,Laptop Stand,Accessories,Central,Amit,2,1481.95
ORD-202605-04786,2026-05-20,CUST-0583,Desk Organizer,Office,North,Amit,1,592.3
ORD-202605-04787,2026-05-05,CUST-2791,Pen Set,Office,North,Amit,3,300.67
ORD-202605-04788,2026-05-26,CUST-3894,Headphones,Electronics,West,Ananya,1,2289.41
ORD-202605-04789,2026-05-01,CUST-4659,Laptop Stand,Accessories,South,Vikram,7,1489.15
ORD-202605-04790,2026-05-01,CUST-4044,Wireless Mouse,Electronics,East,Amit,6,864.93
ORD-202605-04791,2026-05-01,CUST-2060,Monitor Stand,Furniture,North,Priya,6,2133.46
ORD-202605-04792,2026-05-08,CUST-0840,USB Hub,Accessories,East,Sneha,1,925.81
ORD-202605-04793,2026-05-29,CUST-4725,Desk Organizer,Office,Central,Vikram,1,649.85
ORD-202605-04794,2026-05-25,CUST-3742,USB Hub,Accessories,West,Ananya,6,984.55
ORD-202605-04795,2026-05-07,CUST-3834,Webcam,Electronics,North,Priya,7,1978.87
ORD-202605-04796,2026-05-23,CUST-1934,Laptop Stand,Accessories,West,Amit,1,1382.91
ORD-202605-04797,2026-05-26,CUST-1051,Monitor Stand,Furniture,North,Karan,5,1819.41
ORD-202605-04798,2026-05-09,CUST-2604,Mouse Pad,Accessories,Central,Ananya,1,422.23
ORD-202605-04799,2026-05-12,CUST-4877,Desk Organizer,Office,East,Priya,1,608.38
ORD-202605-04800,2026-05-10,CUST-4542,Laptop Stand,Accessories,West,Ananya,7,1523.41
ORD-202605-04801,2026-05-12,CUST-2353,Keyboard,Electronics,South,Vikram,5,1311.17
ORD-202605-04802,2026-05-30,CUST-4306,Webcam,Electronics,Central,Neha,6,1725.41
ORD-202605-04803,2026-05-12,CUST-3595,Pen Set,Office,Central,Vikram,7,274.27
ORD-202605-04804,2026-05-05,CUST-2149,Mouse Pad,Accessories,North,Sneha,5,377.19
ORD-202605-04805,2026-05-03,CUST-0157,Desk Organizer,Office,Central,Sneha,1,612.18
ORD-202605-04806,2026-05-15,CUST-4190,Wireless Mouse,Electronics,East,Sneha,2,808.21
ORD-202605-04807,2026-05-19,CUST-0810,Laptop Stand,Accessories,Central,Amit,6,1351.16
ORD-202605-04808,2026-05-13,CUST-1313,Wireless Mouse,Electronics,North,Neha,1,782.45
ORD-202605-04809,2026-05-18,CUST-4311,Headphones,Electronics,North,Amit,5,2322.55
ORD-202605-04810,2026-05-16,CUST-0713,Study Table,Furniture,Central,Amit,3,5340.63
ORD-202605-04811,2026-05-18,CUST-0077,Webcam,Electronics,South,Sneha,6,1896.51
ORD-202605-04812,2026-05-14,CUST-1908,Pen Set,Office,East,Ananya,6,296.04
ORD-202605-04813,2026-05-16,CUST-3574,Wireless Mouse,Electronics,East,Ananya,3,848.22
ORD-202605-04814,2026-05-07,CUST-2469,Laptop Stand,Accessories,South,Vikram,4,1374.06
ORD-202605-04815,2026-05-07,CUST-1705,Laptop Stand,Accessories,East,Rahul,4,1414.09
ORD-202605-04816,2026-05-25,CUST-2770,Laptop Stand,Accessories,West,Vikram,6,1498.58
ORD-202605-04817,2026-05-27,CUST-2397,Pen Set,Office,West,Priya,6,313.78
ORD-202605-04818,2026-05-19,CUST-0907,Laptop Stand,Accessories,Central,Neha,5,1612.4
ORD-202605-04819,2026-05-05,CUST-0830,Wireless Mouse,Electronics,North,Amit,1,797.03
ORD-202605-04820,2026-05-18,CUST-2373,Study Table,Furniture,North,Neha,7,5960.46
ORD-202605-04821,2026-05-08,CUST-3085,Pen Set,Office,West,Amit,5,304.56
ORD-202605-04822,2026-05-30,CUST-0931,Monitor Stand,Furniture,East,Neha,6,2133.53
ORD-202605-04823,2026-05-10,CUST-0992,Desk Organizer,Office,East,Ananya,2,582.33
ORD-202605-04824,2026-05-21,CUST-1834,Webcam,Electronics,Central,Amit,2,1824.34
ORD-202605-04825,2026-05-27,CUST-0378,Study Table,Furniture,Central,Neha,6,5776.32
ORD-202605-04826,2026-05-15,CUST-2947,Desk Organizer,Office,West,Amit,2,604.49
ORD-202605-04827,2026-05-14,CUST-1189,Webcam,Electronics, South,Vikram,6,1922.29
ORD-202605-04828,2026-05-26,CUST-1802,Webcam,Electronics,North,Amit,3,2006.38
ORD-202605-04829,2026-05-28,CUST-2263,Wireless Mouse,Electronics,West,Karan,7,825.15
ORD-202605-04830,2026-05-29,CUST-0040,Desk Organizer,Office,South,Priya,2,567.41
ORD-202605-04831,2026-05-29,CUST-3159,Keyboard,Electronics,Central,Rahul,4,1204.36
ORD-202605-04832,2026-05-06,CUST-3392,Monitor Stand,Furniture,North,Amit,1,1805.25
ORD-202605-04833,2026-05-04,CUST-2407,Webcam,Electronics,North,Priya,3,1985.55
ORD-202605-04834,2026-05-13,CUST-2515,Wireless Mouse,Electronics,South,Sneha,6,808.18
ORD-202605-04835,2026-05-24,CUST-2623,Study Table,Furniture,East,Rahul,7,5347.78
ORD-202605-04836,2026-05-23,CUST-0677,Wireless Mouse,Electronics,East,Ananya,3,737.98
ORD-202605-04837,2026-05-17,CUST-0379,Laptop Stand,Accessories,North,Sneha,5,1406.91
ORD-202605-04838,2026-05-22,CUST-0420,Office Chair,Furniture,East,Vikram,4,7198.59
ORD-202605-04839,2026-05-22,,Laptop Stand,Accessories,South,Amit,1,1394.35
ORD-202605-04840,2026-05-06,CUST-1932,USB Hub,Accessories,East,Rahul,7,907.66
ORD-202605-04841,2026-05-25,CUST-1430,Desk Organizer,Office,North,Vikram,1,590.98
ORD-202605-04842,2026-05-15,CUST-4698,Notebook,Office,Central,Sneha,3,206.26
ORD-202605-04843,2026-05-15,,Headphones,Electronics,East,Neha,2,2661.92
ORD-202605-04844,2026-05-14,CUST-1833,USB Hub,Accessories,North,Rahul,5,972.51
ORD-202605-04845,2026-05-22,CUST-1176,Laptop Stand,Accessories,North,Ananya,7,1632.94
ORD-202605-04846,2026-05-09,CUST-4891,Wireless Mouse,Electronics,East,Sneha,4,792.84
ORD-202605-04847,2026-05-24,CUST-3924,Office Chair,Furniture,South,Ananya,3,7279.3
ORD-202605-04848,2026-05-09,CUST-3617,USB Hub,Accessories,North,Vikram,7,924.75
ORD-202605-04849,2026-05-26,CUST-0087,Laptop Stand,Accessories,West,Ananya,7,1505.34
ORD-202605-04850,2026-05-21,CUST-4872,Keyboard,Electronics,North,Rahul,7,1321.66
ORD-202605-04851,2026-05-04,CUST-2241,Mouse Pad,Accessories,Central,Karan,4,420.24
ORD-202605-04852,2026-05-26,CUST-4286,Laptop Stand,Accessories,,Amit,7,1606.02
ORD-202605-04853,2026-05-06,CUST-1944,Headphones,Electronics,West,Karan,1,2362.35
ORD-202605-04854,2026-05-28,CUST-4073,Headphones,Electronics,North,Ananya,2,2288.89
ORD-202605-04855,2026-05-13,CUST-1630,Monitor Stand,Furniture,East,Amit,7,1885.4
ORD-202605-04856,2026-05-01,CUST-0880,Study Table,Furniture,South,Priya,7,-100.0
ORD-202605-04857,2026-05-05,CUST-3334,Pen Set,Office,North,Sneha,7,302.78
ORD-202605-04858,2026-05-10,CUST-1566,Webcam,Electronics,Central,Rahul,6,1953.66
ORD-202605-04859,2026-05-21,CUST-1250,Keyboard,Electronics,East,Rahul,2,1365.48
ORD-202605-04860,2026-05-23,CUST-3400,Notebook,Office,West,Sneha,4,187.21
ORD-202605-04861,2026-05-23,CUST-2696,Keyboard,Electronics,East,Ananya,1,1346.27
ORD-202605-04862,2026-05-18,CUST-1653,Monitor Stand,Furniture,Central,Amit,5,1865.27
ORD-202605-04863,2026-05-22,CUST-4095,Notebook,Office,East,Amit,5,201.1
ORD-202605-04864,2026-05-28,CUST-2914,Monitor Stand,Furniture,South,Priya,1,1850.03
ORD-202605-04865,2026-05-05,CUST-4032,Notebook,Office,Central,Neha,6,188.76
ORD-202605-04866,2026-05-29,CUST-0476,Pen Set,Office,Central,Neha,7,304.81
ORD-202605-04867,2026-05-30,CUST-2314,Mouse Pad,Accessories,South,Ananya,3,434.97
ORD-202605-04868,2026-05-04,CUST-2455,Laptop Stand,Accessories,West,Amit,2,1463.2
ORD-202605-04869,2026-05-10,,Wireless Mouse,Electronics,Central,Karan,3,821.12
ORD-202605-04870,2026-05-04,CUST-3720,Mouse Pad,Accessories,North,Ananya,4,426.96
ORD-202605-04871,2026-05-22,CUST-4878,Study Table,Furniture,Central,Karan,1,5275.4
ORD-202605-04872,2026-05-19,CUST-3851,Mouse Pad, Accessories,West,Karan,5,428.23
ORD-202605-04873,2026-05-10,CUST-1216,Desk Organizer,Office,East,Ananya,5,621.16
ORD-202605-04874,2026-05-15,CUST-1930,Study Table,Furniture,North,Neha,6,5197.29
ORD-202605-04875,2026-05-04,CUST-0413,Laptop Stand,Accessories,South,Sneha,6,1489.47
ORD-202605-04876,2026-05-09,CUST-3631,Desk Organizer,Office,East,Vikram,6,635.41
ORD-202605-04877,2026-05-05,CUST-4669,Notebook,Office,West,Sneha,5,197.84
ORD-202605-04878,2026-05-08,CUST-2798,Study Table,Furniture,North,Vikram,5,5724.69
ORD-202605-04879,2026-05-03,CUST-4270,Pen Set,Office,Central,Ananya,3,284.93
ORD-202605-04880,2026-05-20,CUST-1710,Wireless Mouse,Electronics,North,Neha,3,759.4
ORD-202605-04881,2026-05-07,CUST-2077,Wireless Mouse,Electronics,East,Priya,6,845.51
ORD-202605-04882,,,Monitor Stand,Furniture,Central,Sneha,6,1975.9
ORD-202605-04883,2026-05-02,CUST-4509,USB Hub,Accessories,West,Sneha,5,931.69
ORD-202605-04884,2026-05-03,CUST-0264,Pen Set,Office,West,Amit,3,328.14
ORD-202605-04885,2026-05-23,CUST-2691,Study Table,Furniture,South,Karan,3,6039.99
ORD-202605-04886,2026-05-28,CUST-0772,Monitor Stand,Furniture,South,Karan,6,1991.9
ORD-202605-04887,2026-05-14,CUST-3696,Desk Organizer,Office,North,Sneha,5,606.62
ORD-202605-04888,2026-05-22,CUST-3976,Office Chair,Furniture,West,Karan,2,6733.02
ORD-202605-04889,2026-05-24,CUST-0316,Office Chair,Furniture,Central,Vikram,4,7128.0
ORD-202605-04890,2026-05-27,CUST-0549,Desk Organizer,Office,North,Neha,3,639.12
ORD-202605-04891,2026-05-03,CUST-4752,Monitor Stand,Furniture,East,Rahul,1,1863.57
ORD-202605-04892,2026-05-06,CUST-2351,Wireless Mouse,Electronics,Central,Karan,3,730.2
ORD-202605-04893,2026-05-09,CUST-3308,Webcam,Electronics,North,Sneha,5,1870.78
ORD-202605-04894,2026-05-04,CUST-0490,Keyboard,Electronics,South,Amit,5,1299.56
ORD-202605-04895,2026-05-25,CUST-4774,Office Chair,Furniture,West,Vikram,6,6338.79
ORD-202605-04896,2026-05-23,CUST-3520,Headphones,Electronics,West,Rahul,5,2429.45
ORD-202605-04897,2026-05-01,CUST-4694,Headphones,Electronics,East,Karan,6,2320.83
ORD-202605-04898,2026-05-14,CUST-0386,Mouse Pad,Accessories,South,Sneha,2,436.93
ORD-202605-04899,2026-05-19,CUST-4666,Headphones,Electronics,Central,Neha,1,2557.11
ORD-202605-04900,2026-05-29,CUST-3116,Office Chair,Furniture,East,Karan,3,7193.75
ORD-202605-04901,2026-05-21,CUST-1732,USB Hub,Accessories,Central,Neha,5,811.03
ORD-202605-04902,2026-05-26,CUST-3346,Webcam,Electronics,South ,Sneha,6,1731.47
ORD-202605-04903,2026-05-21,CUST-3783,Notebook,Office,East,,3,192.61
ORD-202605-04904,2026-05-10,CUST-0888,Monitor Stand,Furniture,Central,Ananya,1,1854.91
ORD-202605-04905,2026-05-31,CUST-3403,Desk Organizer,Office,West,Neha,1,550.01
ORD-202605-04906,2026-05-27,CUST-1104,Pen Set,Office,West,Priya,7,287.46
ORD-202605-04907,2026-05-06,CUST-3105,Desk Organizer,Office,West,Rahul,4,652.57
ORD-202605-04908,2026-05-03,CUST-4830,Desk Organizer,Office,North,Sneha,7,650.96
ORD-202605-04909,2026-05-24,CUST-1622,Pen Set,Office,West,Amit,2,303.38
ORD-202605-04910,2026-05-01,CUST-0589,Study Table,Furniture,South,Neha,1,5481.26
ORD-202605-04911,2026-05-25,CUST-2510,Webcam,Electronics,East,Priya,5,1849.07
ORD-202605-04912,2026-05-11,CUST-4049,Mouse Pad,Accessories,North,Sneha,6,437.88
ORD-202605-04913,2026-05-09,CUST-1225,Desk Organizer,Office,South,Ananya,4,565.55
ORD-202605-04914,2026-05-30,CUST-3526,Keyboard,Electronics,North,Ananya,1,1254.93
ORD-202605-04915,2026-05-11,CUST-2315,Mouse Pad,Accessories,East,Priya,6,410.28
ORD-202605-04916,2026-05-20,CUST-1059,USB Hub,Accessories,North,Karan,3,941.46
ORD-202605-04917,2026-05-13,CUST-2487,Webcam,Electronics,West,Vikram,2,1712.59
ORD-202605-04918,2026-05-20,CUST-4377,Mouse Pad,Accessories,central,Rahul,2,377.77
ORD-202605-04919,2026-05-22,CUST-4653,Desk Organizer,Office,East,Rahul,1,558.07
ORD-202605-04920,2026-05-16,CUST-0352,Monitor Stand,Furniture,,Rahul,6,1835.71
ORD-202605-04921,2026-05-01,CUST-4748,USB Hub,Accessories,West,Priya,4,944.07
ORD-202605-04922,2026-05-02,CUST-2770,Wireless Mouse,Electronics,East,Amit,1,819.95
ORD-202605-04923,2026-05-16,CUST-1677,Monitor Stand,Furniture,North,Priya,6,2067.29
ORD-202605-04924,2026-05-16,CUST-0789,Laptop Stand,Accessories,West,Karan,3,1423.06
ORD-202605-04925,2026-05-01,CUST-3581,USB Hub,Accessories,Central,Priya,4,988.09
ORD-202605-04926,2026-05-22,CUST-2776,Desk Organizer,Office,West,Rahul,6,652.7
ORD-202605-04927,2026-05-14,CUST-4555,Laptop Stand,Accessories,North,Priya,5,1478.33
ORD-202605-04928,2026-05-19,CUST-2865,Desk Organizer,Office,East,Amit,1,558.51
ORD-202605-04929,2026-05-28,CUST-1994,Wireless Mouse,Electronics,Central,Amit,4,758.11
ORD-202605-04930,2026-05-17,CUST-0005,Office Chair,Furniture,West,Amit,2,7047.97
ORD-202605-04931,2026-05-02,CUST-0942,Mouse Pad,Accessories,East,Priya,7,417.57
ORD-202605-04932,2026-05-15,CUST-3975,Monitor Stand,Furniture,East,Rahul,7,1829.52
ORD-202605-04933,2026-05-11,CUST-0029,Notebook,Office,Central,Sneha,5,213.01
ORD-202605-04934,2026-05-26,CUST-0916,Notebook,Office,North,Sneha,6,188.12
ORD-202605-04935,2026-05-06,CUST-3857,Mouse Pad,Accessories,South,Vikram,5,427.32
ORD-202605-04936,2026-05-14,CUST-0538,Study Table,Furniture,North,Amit,5,5567.84
ORD-202605-04937,2026-05-15,CUST-3930,Headphones,Electronics,Central,,2,2515.14
ORD-202605-04938,2026-05-23,CUST-3867,Monitor Stand,Furniture,North,Neha,4,1878.65
ORD-202605-04939,2026-05-06,CUST-4224,Laptop Stand,Accessories,North,Rahul,2,1527.79
ORD-202605-04940,2026-05-16,CUST-0830,Keyboard,Electronics,North,Ananya,6,1295.54
ORD-202605-04941,2026-05-09,CUST-0405,Keyboard,Electronics,West,Priya,6,1322.55
ORD-202605-04942,2026-05-28,CUST-4872,Notebook,Office,North,Rahul,3,216.11
ORD-202605-04943,2026-05-31,CUST-1635,Study Table,Furniture,North,Vikram,3,5169.51
ORD-202605-04944,2026-05-04,CUST-4521,USB Hub,Accessories,East,Neha,1,948.18
ORD-202605-04945,2026-05-26,CUST-0423,Headphones,Electronics,South,Vikram,2,2546.45
ORD-202605-04946,2026-05-23,CUST-0440,Office Chair,Furniture,North,Rahul,4,7678.5
ORD-202605-04947,2026-05-31,CUST-2745,Webcam,Electronics,,Rahul,7,1818.84
ORD-202605-04948,2026-05-04,CUST-2752,Headphones,Electronics,West,Amit,5,2690.4
ORD-202605-04949,2026-05-09,CUST-2595,Pen Set,Office,West,Priya,4,281.52
ORD-202605-04950,2026-05-30,CUST-3005,Study Table,Furniture,Central,Amit,5,5686.56
ORD-202605-04951,2026-05-18,CUST-0475,Monitor Stand,Furniture,West,Amit,3,2067.83
ORD-202605-04952,2026-05-27,CUST-0416,USB Hub,Accessories,South,Karan,4,892.46
ORD-202605-04953,2026-05-16,CUST-2786,Monitor Stand,Furniture,East,Neha,7,1962.04
ORD-202605-04954,,CUST-4626,Laptop Stand,Accessories,North,Karan,7,1638.46
ORD-202605-04955,2026-05-12,CUST-4614,Mouse Pad,Accessories,West,Amit,2,417.35
ORD-202605-04956,2026-05-25,CUST-1562,Desk Organizer,Office,West,Rahul,1,630.28
ORD-202605-04957,2026-05-31,CUST-1421,Study Table,Furniture,Central,Sneha,2,5799.57
ORD-202605-04958,2026-05-03,CUST-0354,Laptop Stand,Accessories,South,Sneha,3,1436.79
ORD-202605-04959,2026-05-10,CUST-3825,Webcam,Electronics,North,Karan,7,1773.6
ORD-202605-04960,2026-05-21,CUST-4796,Study Table,Furniture,South,Amit,2,5134.73
ORD-202605-04961,2026-05-13,CUST-0938,Keyboard,Electronics,South,Amit,7,1326.92
ORD-202605-04962,2026-05-29,CUST-1038,Study Table,Furniture,Central,Ananya,3,5444.63
ORD-202605-04963,2026-05-01,CUST-0389,Mouse Pad,Accessories,West,Rahul,6,-100.0
ORD-202605-04964,2026-05-01,CUST-1831,Wireless Mouse,Electronics,South,Rahul,3,745.2
ORD-202605-04965,2026-05-11,CUST-3471,Desk Organizer,Office,Central,Vikram,6,568.06
ORD-202605-04966,2026-05-12,CUST-2540,Headphones,Electronics,South,Neha,1,2401.84
ORD-202605-04967,,CUST-3789,USB Hub,Accessories,West,Priya,2,923.89
ORD-202605-04968,2026-05-08,CUST-1331,Desk Organizer,Office,South,Rahul,1,614.98
ORD-202605-04969,2026-05-20,CUST-3865,USB Hub,Accessories, North,Vikram,6,936.78
ORD-202605-04970,2026-05-15,CUST-4296,Notebook,Office,West,Amit,6,208.79
ORD-202605-04971,2026-05-07,CUST-0239,Headphones,Electronics ,West,Priya,1,2610.87
ORD-202605-04972,2026-05-25,CUST-2629,Keyboard,Electronics,East,Karan,3,1184.8
ORD-202605-04973,2026-05-07,CUST-4126,Headphones,Electronics ,North,Rahul,5,2568.94
ORD-202605-04974,2026-05-12,CUST-2928,USB Hub,Accessories,North,Karan,7,970.64
ORD-202605-04975,2026-05-31,CUST-1689,Webcam,Electronics,West,Neha,4,2085.45
ORD-202605-04976,2026-05-11,CUST-3458,Wireless Mouse,Electronics,West,Amit,7,723.1
ORD-202605-04977,2026-05-08,CUST-3694,USB Hub,Accessories,West,Karan,6,882.97
ORD-202605-04978,2026-05-15,CUST-4738,Webcam,Electronics,Central ,Ananya,7,1808.08
ORD-202605-04979,2026-05-09,CUST-4294,Office Chair,Furniture,North,Karan,7,6577.35
ORD-202605-04980,2026-05-08,CUST-3768,Headphones,Electronics,East,Rahul,5,2586.33
ORD-202605-04981,2026-05-09,CUST-1292,Notebook,Office,East,Rahul,5,194.73
ORD-202605-04982,2026-05-26,CUST-0942,Office Chair,Furniture,North,Priya,4,7429.68
ORD-202605-04983,2026-05-08,CUST-0387,Mouse Pad,Accessories,,Rahul,6,413.13
ORD-202605-04984,2026-05-05,CUST-3781,Study Table,Furniture,West,Priya,-1,5325.58
ORD-202605-04985,2026-05-20,CUST-1799,Desk Organizer,Office,South,Ananya,3,558.26
ORD-202605-04986,2026-05-23,CUST-2804,Office Chair,Furniture,West,Amit,1,6436.52
ORD-202605-04987,2026-05-01,CUST-0932,Laptop Stand,Accessories,North,Neha,7,1449.94
ORD-202605-04988,2026-05-06,CUST-4485,Wireless Mouse,Electronics,Central,Priya,1,784.25
ORD-202605-04989,2026-05-26,CUST-4053,Desk Organizer,Office,East,Sneha,6,550.18
ORD-202605-04990,2026-05-16,CUST-4753,Desk Organizer,Office,East,Neha,1,597.06
ORD-202605-04991,2026-05-07,CUST-2928,Study Table,Furniture,East,Priya,5,5835.28
ORD-202605-04992,2026-05-27,CUST-4708,Notebook,Office,South,Karan,6,190.17
ORD-202605-04993,2026-05-01,CUST-2241,Notebook,Office,East,Ananya,2,182.18
ORD-202605-04994,2026-05-16,CUST-3184,Pen Set,Office,East,Vikram,2,323.66
ORD-202605-04995,2026-05-23,CUST-3805,Desk Organizer,Office,South,Karan,5,576.52
ORD-202605-04996,2026-05-06,CUST-3632,Wireless Mouse,Electronics,West,,7,772.45
ORD-202605-04997,2026-05-21,CUST-3672,Desk Organizer,Office,North,Ananya,2,-100.0
ORD-202605-04998,2026-05-01,CUST-2011,Headphones,Electronics,East,Karan,5,2553.4
ORD-202605-04999,2026-05-28,CUST-3791,Notebook,Office,Central,Ananya,7,207.29
ORD-202605-05000,2026-05-18,CUST-4154,Headphones,Electronics,West,Karan,7,2378.24
ORD-202605-05001,2026-05-27,CUST-1460,USB Hub,Accessories,South,Priya,5,875.6
ORD-202605-05002,2026-05-17,CUST-0124,Headphones,Electronics,East,Ananya,6,2727.0
ORD-202605-05003,2026-05-06,CUST-4515,Study Table,Furniture,North,Rahul,4,5575.97
ORD-202605-05004,2026-05-29,CUST-2433,Notebook,Office,Central,Neha,1,211.04
ORD-202605-05005,2026-05-08,CUST-0277,Wireless Mouse,Electronics,South,Neha,5,776.21
ORD-202605-05006,2026-05-29,CUST-4364,Laptop Stand,Accessories,North,Priya,4,1445.51
ORD-202605-05007,2026-05-29,CUST-0309,Keyboard,Electronics,Central,Ananya,2,1206.91
ORD-202605-05008,2026-05-21,CUST-4733,USB Hub,Accessories,South,Priya,2,848.89
ORD-202605-05009,2026-05-04,CUST-3294,Webcam,Electronics,South,Sneha,6,1890.09
ORD-202605-05010,2026-05-02,CUST-4272,Desk Organizer,Office,North,Ananya,1,571.66
ORD-202605-05011,2026-05-29,CUST-1030,Monitor Stand,Furniture,East,Sneha,6,1921.55
ORD-202605-05012,2026-05-17,,Notebook,Office,Central,Karan,5,201.73
ORD-202605-05013,2026-05-06,CUST-1405,Wireless Mouse,Electronics ,North,Amit,2,838.68
ORD-202605-05014,,CUST-3382,USB Hub,Accessories,West,Sneha,3,988.64
ORD-202605-05015,2026-05-06,CUST-3287,Monitor Stand,Furniture,North,Amit,1,1828.81
ORD-202605-05016,2026-05-04,CUST-2997,Study Table,Furniture,Central,Neha,4,5377.14
ORD-202605-05017,2026-05-31,CUST-3012,Mouse Pad,Accessories,South,Sneha,5,388.03
ORD-202605-05018,2026-05-27,CUST-0039,Pen Set,Office,West,Priya,4,284.65
ORD-202605-05019,2026-05-07,CUST-2316,Laptop Stand,Accessories,East,Vikram,4,1383.87
ORD-202605-05020,2026-05-06,CUST-1461,Pen Set,Office,,Sneha,1,282.56
ORD-202605-05021,2026-05-10,CUST-4434,Study Table,Furniture,South,Rahul,4,5278.2
ORD-202605-05022,2026-05-25,CUST-0302,Headphones,Electronics,West,Vikram,1,2507.93
ORD-202605-05023,2026-05-15,CUST-1330,Monitor Stand,Furniture,,Amit,6,1811.89
ORD-202605-05024,2026-05-07,CUST-2675,Notebook,Office,South,Rahul,7,199.05
ORD-202605-05025,2026-05-10,CUST-4306,Wireless Mouse,Electronics,East,Rahul,1,870.3
ORD-202605-05026,2026-05-06,CUST-3324,Mouse Pad,Accessories,South,Amit,3,422.33
ORD-202605-05027,2026-05-06,CUST-0984,Keyboard,Electronics,North,Neha,4,1336.75
ORD-202605-05028,2026-05-15,CUST-3552,Monitor Stand,Furniture,Central,Vikram,1,2000.5
ORD-202605-05029,2026-05-01,CUST-4111,Monitor Stand,Furniture,North,Vikram,6,1970.95
ORD-202605-05030,2026-05-06,CUST-0518,Desk Organizer,Office,South,Rahul,3,572.36
ORD-202605-05031,2026-05-10,CUST-3500,Headphones,Electronics,West,Priya,5,2549.5
ORD-202605-05032,2026-05-24,CUST-2544,Office Chair,Furniture, North,Ananya,5,6965.8
ORD-202605-05033,2026-05-31,CUST-3681,Monitor Stand,Furniture,West,Amit,4,2115.03
ORD-202605-05034,2026-05-30,CUST-1962,Pen Set,Office,East,Karan,4,287.93
ORD-202605-05035,2026-05-25,CUST-1728,Mouse Pad,Accessories,West,Rahul,1,378.63
ORD-202605-05036,2026-05-18,CUST-2581,Laptop Stand,Accessories,North,Priya,3,1577.3
ORD-202605-05037,2026-05-12,CUST-4745,Notebook,Office,North,Priya,3,200.92
ORD-202605-05038,2026-05-08,CUST-4200,Pen Set,Office,East,Rahul,2,315.15
ORD-202605-05039,2026-05-14,CUST-2702,Headphones,Electronics,North,Vikram,4,2658.26
ORD-202605-05040,2026-05-26,CUST-4730,Monitor Stand,Furniture,West,Neha,5,2029.33
ORD-202605-05041,2026-05-17,CUST-2586,Notebook,Office,South,Sneha,5,198.87
ORD-202605-05042,2026-05-10,CUST-0266,Laptop Stand,Accessories,South,Vikram,3,1640.0
ORD-202605-05043,2026-05-12,CUST-4108,Wireless Mouse,Electronics,South,Neha,3,853.92
ORD-202605-05044,2026-05-13,CUST-1360,Headphones,Electronics,South,Ananya,5,2593.17
ORD-202605-05045,2026-05-29,CUST-2574,Desk Organizer,Office,Central,Ananya,7,607.09
ORD-202605-05046,2026-05-11,CUST-4614,Laptop Stand,Accessories,South,Amit,2,1392.48
ORD-202605-05047,2026-05-22,CUST-3518,Headphones,Electronics,East,Ananya,1,2253.77
ORD-202605-05048,2026-05-29,CUST-3154,Office Chair,Furniture,East,Ananya,3,7368.35
ORD-202605-05049,2026-05-10,CUST-4167,Office Chair,Furniture,East,Ananya,2,6543.34
ORD-202605-05050,2026-05-04,CUST-3567,Keyboard,Electronics,Central,Sneha,6,1313.47
ORD-202605-05051,2026-05-30,CUST-2082,Laptop Stand,Accessories,North,Amit,6,1531.46
ORD-202605-05052,2026-05-02,CUST-2088,Monitor Stand,Furniture,South,Ananya,4,2070.91
ORD-202605-05053,2026-05-07,CUST-2564,Keyboard,Electronics,Central,Ananya,3,1303.99
ORD-202605-05054,2026-05-11,CUST-0612,Desk Organizer,Office,West,Rahul,3,634.13
ORD-202605-05055,2026-05-01,CUST-3624,Laptop Stand,Accessories,South,Amit,2,1465.94
ORD-202605-05056,2026-05-21,CUST-1918,Notebook,Office,,Ananya,2,182.65
ORD-202605-05057,2026-05-08,CUST-1820,Notebook,Office, West,Neha,4,213.74
ORD-202605-05058,2026-05-02,CUST-0265,Headphones,Electronics,West,Rahul,5,2302.26
ORD-202605-05059,2026-05-05,CUST-0964,Desk Organizer,Office,East,Rahul,5,605.6
ORD-202605-05060,2026-05-17,CUST-0676,Notebook,Office,Central,Amit,3,180.63
ORD-202605-05061,2026-05-24,CUST-4356,Laptop Stand,Accessories,East,Priya,6,1532.94
ORD-202605-05062,2026-05-30,CUST-2798,Wireless Mouse,Electronics,South,Priya,3,771.83
ORD-202605-05063,2026-05-15,CUST-1331,Monitor Stand,Furniture,North,Sneha,6,2053.74
ORD-202605-05064,2026-05-19,CUST-2444,Notebook,Office,North,Ananya,5,196.41
ORD-202605-05065,2026-05-14,CUST-4218,Laptop Stand,Accessories,South,Priya,3,1628.9
ORD-202605-05066,2026-05-14,CUST-1802,Webcam,Electronics,East,Rahul,5,1804.7
ORD-202605-05067,2026-05-18,CUST-3703,Laptop Stand,Accessories,West,Vikram,2,1437.92
ORD-202605-05068,2026-05-22,CUST-3058,Mouse Pad,Accessories,Central,Sneha,2,388.28
ORD-202605-05069,2026-05-21,CUST-3778,Monitor Stand,Furniture,South,Sneha,3,1829.87
ORD-202605-05070,2026-05-26,CUST-3047,Laptop Stand,Accessories,East,Karan,6,1607.95
ORD-202605-05071,2026-05-18,CUST-4930,Office Chair,Furniture,West,Karan,6,6433.17
ORD-202605-05072,2026-05-21,CUST-3512,USB Hub,Accessories,East,Priya,6,845.29
ORD-202605-05073,2026-05-23,CUST-1657,Mouse Pad,Accessories,East,Rahul,3,369.26
ORD-202605-05074,2026-05-13,CUST-1866,Notebook,Office,South,Karan,5,184.22
ORD-202605-05075,2026-05-11,CUST-4013,Study Table,Furniture,South,Rahul,7,5389.37
ORD-202605-05076,2026-05-05,CUST-3521,Monitor Stand,Furniture,Central,Sneha,5,1869.27
ORD-202605-05077,2026-05-14,CUST-1161,Notebook,Office,North,Neha,6,214.21
ORD-202605-05078,2026-05-13,CUST-4020,Monitor Stand,Furniture,East,Karan,3,2172.18
ORD-202605-05079,2026-05-06,CUST-2494,USB Hub,Accessories,North,Amit,5,841.42
ORD-202605-05080,2026-05-16,CUST-4736,Notebook,Office,Central,Ananya,3,187.76
ORD-202605-05081,2026-05-28,CUST-3691,Study Table,Furniture,West,Ananya,7,5281.95
ORD-202605-05082,2026-05-20,CUST-0535,Keyboard,Electronics,East,Priya,7,1309.67
ORD-202605-05083,2026-05-02,CUST-0439,Office Chair,Furniture,East,Sneha,6,6977.95
ORD-202605-05084,2026-05-15,CUST-3652,Wireless Mouse,Electronics,Central,Priya,6,779.65
ORD-202605-05085,2026-05-02,,Wireless Mouse,Electronics,East,Ananya,4,761.86
ORD-202605-05086,2026-05-28,CUST-0599,Monitor Stand,Furniture,East,Neha,7,2139.85
ORD-202605-05087,2026-05-29,CUST-1032,Keyboard,Electronics,Central,Rahul,1,1295.7
ORD-202605-05088,2026-05-30,CUST-2038,Pen Set,Office,North,Rahul,6,276.2
ORD-202605-05089,2026-05-31,CUST-4943,Pen Set,Office,North,Karan,5,314.73
ORD-202605-05090,2026-05-15,CUST-2285,Notebook,Office,South,Rahul,6,191.75
ORD-202605-05091,2026-05-23,CUST-4266,Keyboard,Electronics,East,Neha,6,1377.69
ORD-202605-05092,2026-05-05,CUST-0323,Wireless Mouse,Electronics,South,Amit,4,836.78
ORD-202605-05093,2026-05-29,CUST-3261,Wireless Mouse,Electronics,East,Amit,6,738.4
ORD-202605-05094,2026-05-05,CUST-2170,Monitor Stand,Furniture,Central,Neha,3,1929.18
ORD-202605-05095,2026-05-11,CUST-1822,Desk Organizer,Office,West,Sneha,4,614.69
ORD-202605-05096,2026-05-18,,Headphones,Electronics,Central,Rahul,7,2622.17
ORD-202605-05097,2026-05-27,CUST-4335,Mouse Pad,Accessories,West,Rahul,4,393.58
ORD-202605-05098,2026-05-01,CUST-1596,Notebook,Office,Central,Sneha,6,201.5
ORD-202605-05099,2026-05-25,CUST-4971,USB Hub,Accessories,South,Ananya,3,825.26
ORD-202605-05100,2026-05-06,CUST-2764,Webcam,Electronics,South,Sneha,1,1710.46
ORD-202605-05101,2026-05-10,CUST-3689,Keyboard,Electronics,North,Ananya,7,1229.99
ORD-202605-05102,2026-05-25,CUST-3383,Laptop Stand,Accessories,West,Karan,2,1498.44
ORD-202605-05103,2026-05-07,CUST-0748,Wireless Mouse,Electronics,Central,Sneha,4,807.67
ORD-202605-05104,2026-05-03,CUST-4392,Laptop Stand,Accessories,East,Vikram,5,1365.27
ORD-202605-05105,2026-05-06,CUST-3177,Desk Organizer,Office,West,Vikram,6,650.03
ORD-202605-05106,2026-05-05,CUST-3650,Webcam,Electronics,North,Vikram,6,1758.75
ORD-202605-05107,2026-05-08,CUST-2873,Monitor Stand,Furniture,South,Rahul,6,2148.19
ORD-202605-05108,2026-05-31,CUST-3884,Webcam,Electronics,East,Priya,1,2068.76
ORD-202605-05109,2026-05-24,CUST-2196,Study Table,Furniture,North,Sneha,3,5482.47
ORD-202605-05110,2026-05-21,CUST-3796,Keyboard,Electronics,North,Amit,4,1379.57
ORD-202605-05111,2026-05-10,CUST-4754,Notebook,Office,South,Rahul,6,200.9
ORD-202605-05112,2026-05-25,CUST-0467,Wireless Mouse,Electronics,West,Neha,4,733.32
ORD-202605-05113,2026-05-19,CUST-0144,USB Hub,Accessories,Central,Vikram,7,837.73
ORD-202605-05114,2026-05-18,CUST-1815,USB Hub,Accessories,West,Rahul,3,897.95
ORD-202605-05115,2026-05-03,,Keyboard,Electronics,Central,Vikram,3,1257.34
ORD-202605-05116,2026-05-19,CUST-2808,Keyboard,Electronics,West,Vikram,4,1360.05
ORD-202605-05117,2026-05-25,CUST-4765,Desk Organizer,Office,West,Vikram,1,574.36
ORD-202605-05118,2026-05-15,CUST-2016,Laptop Stand,Accessories,South,Priya,1,1371.23
ORD-202605-05119,2026-05-02,CUST-3231,Webcam,Electronics,,Vikram,3,2011.76
ORD-202605-05120,2026-05-06,CUST-4130,Webcam,Electronics,East,Ananya,3,1922.52
ORD-202605-05121,2026-05-02,CUST-0324,Mouse Pad,Accessories,East,Ananya,3,403.69
ORD-202605-05122,2026-05-30,CUST-2615,Mouse Pad,Accessories,,Sneha,2,388.72
ORD-202605-05123,2026-05-22,CUST-2916,Office Chair,Furniture,West,Vikram,6,6958.77
ORD-202605-05124,2026-05-28,CUST-0298,Pen Set,Office,North,Priya,5,275.79
ORD-202605-05125,2026-05-22,CUST-3842,Pen Set,Office,South,Neha,4,311.78
ORD-202605-05126,2026-05-06,CUST-0843,USB Hub,Accessories,North,Ananya,4,831.68
ORD-202605-05127,2026-05-14,CUST-1913,Monitor Stand,Furniture,East,Karan,5,2116.36
ORD-202605-05128,2026-05-23,CUST-3979,USB Hub,Accessories,West,Ananya,1,888.03
ORD-202605-05129,2026-05-13,CUST-3624,Office Chair,Furniture,Central,,7,6354.46
ORD-202605-05130,2026-05-09,CUST-4342,Monitor Stand,Furniture,North ,Neha,7,2163.9
ORD-202605-05131,2026-05-11,CUST-3624,Desk Organizer,Office,South,Ananya,1,645.58
ORD-202605-05132,2026-05-25,CUST-4983,USB Hub,Accessories,East,Ananya,3,826.4
ORD-202605-05133,2026-05-27,CUST-1845,Monitor Stand,Furniture,Central,Karan,6,1820.3
ORD-202605-05134,2026-05-24,CUST-3848,USB Hub,Accessories,North,Priya,2,860.2
ORD-202605-05135,2026-05-13,CUST-1587,Wireless Mouse,Electronics,North,Neha,4,783.39
ORD-202605-05136,2026-05-21,CUST-3868,Notebook,Office,South,Ananya,4,201.09
ORD-202605-05137,2026-05-30,CUST-4743,Notebook,Office,North,Priya,6,206.4
ORD-202605-05138,2026-05-23,CUST-1716,Wireless Mouse,Electronics,East,Ananya,-1,874.91
ORD-202605-05139,2026-05-17,,Study Table,Furniture,Central,Sneha,1,5564.28
ORD-202605-05140,2026-05-25,CUST-3449,Mouse Pad,Accessories,Central,Ananya,7,404.24
ORD-202605-05141,2026-05-12,CUST-3488,Office Chair,Furniture,Central,Karan,6,7635.19
ORD-202605-05142,2026-05-17,CUST-2280,Wireless Mouse,Electronics,East,Neha,7,778.45
ORD-202605-05143,2026-05-16,,Webcam,Electronics,Central,Priya,1,2067.44
ORD-202605-05144,2026-05-04,CUST-3908,Webcam,Electronics,East,Rahul,6,1842.82
ORD-202605-05145,2026-05-30,CUST-3823,Office Chair,Furniture,Central,Vikram,4,7335.01
ORD-202605-05146,2026-05-17,CUST-0139,Office Chair,Furniture,North,Amit,6,7298.07
ORD-202605-05147,2026-05-05,CUST-0297,Wireless Mouse,Electronics,West,Neha,3,854.52
ORD-202605-05148,2026-05-23,CUST-3080,Headphones,Electronics,East,Priya,3,2339.2
ORD-202605-05149,2026-05-14,CUST-0113,Headphones,Electronics,East,Sneha,4,2504.01
ORD-202605-05150,2026-05-11,CUST-1474,Mouse Pad,accessories,East,Karan,3,359.25
ORD-202605-05151,2026-05-14,CUST-4780,Desk Organizer,Office,Central,Karan,7,642.35
ORD-202605-05152,2026-05-29,CUST-3048,Desk Organizer,Office,East,Karan,3,569.24
ORD-202605-05153,2026-05-12,CUST-4545,Wireless Mouse,Electronics,West,Amit,3,857.35
ORD-202605-05154,2026-05-15,CUST-4447,Monitor Stand,Furniture,Central,Sneha,3,2000.47
ORD-202605-05155,2026-05-09,CUST-1449,Study Table,Furniture,Central,Priya,3,5684.26
ORD-202605-05156,,CUST-3152,Pen Set,Office,Central,Karan,5,283.44
ORD-202605-05157,2026-05-01,CUST-1570,Study Table,Furniture,East,Ananya,1,5546.7
ORD-202605-05158,2026-05-29,CUST-2620,Study Table,furniture,West,Sneha,4,5788.64
ORD-202605-05159,2026-05-13,CUST-1706,Study Table,Furniture,South,Amit,6,5694.74
ORD-202605-05160,2026-05-15,CUST-1577,Headphones,Electronics,Central,Priya,3,2580.39
ORD-202605-05161,2026-05-24,CUST-3242,Pen Set,Office,Central,Vikram,3,308.1
ORD-202605-05162,2026-05-02,CUST-4647,Wireless Mouse,Electronics,West,Amit,6,725.35
ORD-202605-05163,2026-05-28,CUST-3892,Wireless Mouse,Electronics,East,Ananya,2,724.75
ORD-202605-05164,2026-05-10,CUST-0519,Mouse Pad,Accessories,Central,Vikram,7,429.86
ORD-202605-05165,2026-05-27,CUST-1394,Monitor Stand,Furniture,West,Priya,7,2040.86
ORD-202605-05166,2026-05-06,CUST-0953,Notebook,Office,West,Sneha,4,209.62
ORD-202605-05167,2026-05-12,CUST-2509,Monitor Stand,Furniture,South,Rahul,1,2110.08
ORD-202605-05168,2026-05-28,CUST-4553,Laptop Stand,Accessories,Central,Karan,3,1605.9
ORD-202605-05169,2026-05-01,CUST-1127,Pen Set,Office,West,Amit,6,318.95
ORD-202605-05170,2026-05-10,CUST-3729,Desk Organizer,Office,South,Amit,6,562.35
ORD-202605-05171,2026-05-29,CUST-0055,Wireless Mouse,Electronics,East,Amit,1,811.76
ORD-202605-05172,2026-05-15,CUST-0024,Notebook,Office,South,Sneha,2,198.94
ORD-202605-05173,2026-05-18,CUST-4219,Office Chair,Furniture,South,Vikram,5,7316.51
ORD-202605-05174,2026-05-13,CUST-2115,Notebook,Office,Central,Priya,5,214.8
ORD-202605-05175,2026-05-16,CUST-3329,Study Table,Furniture,West,Neha,1,5918.01
ORD-202605-05176,2026-05-15,CUST-3906,Study Table,Furniture,South,Sneha,2,5107.0
ORD-202605-05177,2026-05-03,CUST-0146,Monitor Stand,Furniture,West,Karan,3,2069.4
ORD-202605-05178,2026-05-16,CUST-4830,Headphones,Electronics,South,Vikram,2,2335.43
ORD-202605-05179,2026-05-07,CUST-4580,Pen Set,Office,West,Priya,5,304.57
ORD-202605-05180,2026-05-12,CUST-3978,Laptop Stand,Accessories,West,Vikram,4,1417.95
ORD-202605-05181,2026-05-15,CUST-4524,Headphones,Electronics,Central,Priya,5,2259.27
ORD-202605-05182,2026-05-06,CUST-1952,Desk Organizer,Office,North,Rahul,1,546.08
ORD-202605-05183,2026-05-03,CUST-1620,Monitor Stand,Furniture,North,Karan,5,1989.54
ORD-202605-05184,2026-05-24,CUST-4140,Mouse Pad,Accessories,West,Karan,4,384.75
ORD-202605-05185,2026-05-17,CUST-4461,Laptop Stand,Accessories,East,Neha,5,1627.29
ORD-202605-05186,2026-05-13,CUST-4220,Study Table,Furniture,North,,7,5205.41
ORD-202605-05187,2026-05-05,CUST-1668,Wireless Mouse,Electronics,West,Ananya,6,860.34
ORD-202605-05188,2026-05-26,CUST-1142,Headphones,Electronics,North,Vikram,6,2571.75
ORD-202605-05189,2026-05-07,CUST-1295,Pen Set,Office,West,Vikram,2,297.65
ORD-202605-05190,2026-05-14,CUST-4648,USB Hub,Accessories,North,Ananya,5,849.34
ORD-202605-05191,2026-05-22,CUST-1960,Wireless Mouse,Electronics,North,Karan,1,721.4
ORD-202605-05192,2026-05-31,CUST-1814,Desk Organizer,Office,Central,Priya,1,590.13
ORD-202605-05193,2026-05-11,CUST-1933,Office Chair,Furniture,East,Priya,4,6898.73
ORD-202605-05194,2026-05-31,CUST-1253,Pen Set,Office,North,Vikram,1,282.53
ORD-202605-05195,2026-05-12,CUST-2039,Desk Organizer,Office,Central,Vikram,5,625.15
ORD-202605-05196,2026-05-29,CUST-4687,Keyboard,Electronics,North,Ananya,6,1337.06
ORD-202605-05197,2026-05-13,CUST-1761,Keyboard,Electronics,,Rahul,2,1252.05
ORD-202605-05198,2026-05-17,CUST-3488,Desk Organizer,Office,South,Neha,6,651.73
ORD-202605-05199,2026-05-30,CUST-1096,Laptop Stand,Accessories,South,Sneha,1,1592.06
ORD-202605-05200,2026-05-04,CUST-4243,Notebook,Office,Central,Ananya,2,201.24
ORD-202605-05201,2026-05-16,,Study Table,Furniture,East,Ananya,2,5843.75
ORD-202605-05202,2026-05-17,CUST-2228,Monitor Stand,Furniture,South,Vikram,4,2129.08
ORD-202605-05203,2026-05-13,CUST-3479,Wireless Mouse,Electronics,West,Amit,3,796.64
ORD-202605-05204,2026-05-13,CUST-2926,Pen Set,Office,Central,Ananya,7,326.73
ORD-202605-05205,2026-05-20,CUST-1462,Study Table,Furniture,South,Sneha,5,5669.68
ORD-202605-05206,2026-05-03,CUST-4868,Laptop Stand,Accessories,North,Rahul,6,1356.82
ORD-202605-05207,2026-05-08,CUST-3392,Notebook,Office,East,Karan,2,197.22
ORD-202605-05208,2026-05-16,CUST-3384,Notebook,Office,North,Sneha,4,210.33
ORD-202605-05209,2026-05-20,CUST-3645,Desk Organizer,Office,South,Rahul,1,591.76
ORD-202605-05210,2026-05-24,CUST-4377,Keyboard,Electronics,North,Amit,3,1405.06
ORD-202605-05211,2026-05-05,CUST-0785,USB Hub, Accessories,South,Priya,4,950.57
ORD-202605-05212,2026-05-21,CUST-4602,Desk Organizer,Office,North,Sneha,4,604.1
ORD-202605-05213,2026-05-10,CUST-0710,USB Hub,Accessories,South,Ananya,7,872.27
ORD-202605-05214,2026-05-25,CUST-2976,Study Table,Furniture,Central,Karan,1,5127.38
ORD-202605-05215,2026-05-20,CUST-2536,Webcam,Electronics,North,Rahul,-1,2070.48
ORD-202605-05216,2026-05-29,CUST-4923,Notebook,Office,East,Priya,5,191.3
ORD-202605-05217,2026-05-05,CUST-4988,Study Table,Furniture,North,Priya,7,5228.65
ORD-202605-05218,2026-05-24,CUST-4038,Notebook,Office,West,Amit,4,197.4
ORD-202605-05219,2026-05-04,CUST-3941,Desk Organizer,Office,East,Sneha,7,598.65
ORD-202605-05220,2026-05-19,CUST-1507,Keyboard,Electronics,South,Karan,1,1428.29
ORD-202605-05221,2026-05-23,CUST-3703,Webcam,Electronics,West,Vikram,7,1747.91
ORD-202605-05222,2026-05-21,CUST-2743,Headphones,Electronics,North,Priya,1,2686.08
ORD-202605-05223,2026-05-26,CUST-4829,Office Chair,Furniture,Central,Vikram,1,6493.39
ORD-202605-05224,2026-05-19,CUST-2507,Monitor Stand,Furniture,East,Priya,5,1992.09
ORD-202605-05225,2026-05-30,CUST-4918,Monitor Stand,Furniture,West,Priya,4,2145.1
ORD-202605-05226,2026-05-08,CUST-1876,USB Hub,Accessories,North,Karan,5,953.2
ORD-202605-05227,2026-05-23,CUST-2234,Webcam,Electronics,West,Priya,3,2086.93
ORD-202605-05228,2026-05-05,CUST-2643,Office Chair,Furniture,Central,Ananya,6,7172.57
ORD-202605-05229,2026-05-11,CUST-3306,USB Hub,Accessories,South,Vikram,6,944.56
ORD-202605-05230,2026-05-20,CUST-3992,Study Table,Furniture,East,Ananya,1,5997.68
ORD-202605-05231,2026-05-21,CUST-2416,Webcam,Electronics,Central,Sneha,5,1865.27
ORD-202605-05232,2026-05-31,,Keyboard,Electronics,South,Priya,1,1276.33
ORD-202605-05233,2026-05-24,CUST-3345,Webcam,Electronics,South,Vikram,7,1950.41
ORD-202605-05234,2026-05-09,CUST-4550,Study Table,Furniture,North,Sneha,6,5870.95
ORD-202605-05235,2026-05-20,CUST-0528,Webcam,Electronics,North,Sneha,2,1811.41
ORD-202605-05236,2026-05-26,CUST-2991,Headphones,Electronics,North,Sneha,1,2629.69
ORD-202605-05237,2026-05-22,CUST-4298,Pen Set,Office ,South,Neha,1,318.12
ORD-202605-05238,2026-05-16,CUST-1987,Office Chair,Furniture,South,Amit,-1,7126.75
ORD-202605-05239,2026-05-26,CUST-4748,Mouse Pad,Accessories,East,Karan,6,375.76
ORD-202605-05240,2026-05-19,CUST-3767,Webcam,Electronics,North,Sneha,7,2011.48
ORD-202605-05241,2026-05-21,CUST-4768,Study Table,Furniture,North,Sneha,5,5961.12
ORD-202605-05242,2026-05-15,CUST-1062,Study Table,Furniture,East,Rahul,1,5326.33
ORD-202605-05243,2026-05-27,CUST-3683,Notebook,Office,Central,Amit,4,186.33
ORD-202605-05244,2026-05-10,CUST-2740,USB Hub,Accessories,East,Sneha,4,975.88
ORD-202605-05245,2026-05-31,CUST-4887,Office Chair,furniture,East,Rahul,6,6338.27
ORD-202605-05246,2026-05-29,CUST-4119,Mouse Pad,Accessories,North,,7,431.73
ORD-202605-05247,2026-05-17,CUST-3337,Notebook,Office,East,Rahul,5,195.82
ORD-202605-05248,2026-05-11,CUST-4461,Notebook,Office,West,Neha,2,205.74
ORD-202605-05249,2026-05-21,CUST-3888,Mouse Pad,Accessories,East,Vikram,7,387.18
ORD-202605-05250,2026-05-04,CUST-0906,Study Table,Furniture,,Priya,4,5292.14
ORD-202605-05251,2026-05-04,CUST-2187,USB Hub,Accessories,West,Vikram,4,829.62
ORD-202605-05252,2026-05-11,CUST-4412,Webcam,Electronics,West,Priya,7,1936.0
ORD-202605-05253,2026-05-08,CUST-0105,Mouse Pad,Accessories,East,Rahul,5,416.27
ORD-202605-05254,2026-05-21,CUST-3122,Monitor Stand,Furniture,East,Priya,3,1850.46
ORD-202605-05255,2026-05-28,CUST-2530,Mouse Pad,Accessories,West,Ananya,5,421.97
ORD-202605-05256,2026-05-16,CUST-1004,Office Chair,Furniture,North,Ananya,6,6614.33
ORD-202605-05257,2026-05-13,CUST-1832,Study Table,Furniture,East,Vikram,3,5339.18
ORD-202605-05258,2026-05-08,CUST-0065,USB Hub,Accessories,East,Ananya,5,830.33
ORD-202605-05259,2026-05-20,CUST-0679,Mouse Pad,Accessories,East,Amit,7,422.01
ORD-202605-05260,2026-05-30,CUST-1842,Wireless Mouse,Electronics,Central,Neha,6,745.38
ORD-202605-05261,2026-05-20,CUST-0630,USB Hub,Accessories,West,Ananya,3,853.4
ORD-202605-05262,2026-05-18,CUST-2138,Headphones,Electronics,West,Neha,3,2298.84
ORD-202605-05263,2026-05-05,CUST-3500,Keyboard,Electronics,East,Ananya,2,1412.18
ORD-202605-05264,2026-05-30,CUST-1266,Notebook,Office,East,Vikram,6,205.66
ORD-202605-05265,2026-05-23,CUST-1656,Pen Set,Office,South,Neha,7,309.83
ORD-202605-05266,2026-05-21,CUST-0025,Office Chair,Furniture,East,Neha,5,7645.08
ORD-202605-05267,2026-05-20,CUST-0600,Notebook,Office,Central,Amit,2,196.24
ORD-202605-05268,2026-05-02,CUST-2296,Monitor Stand,Furniture,Central,Priya,7,2005.58
ORD-202605-05269,2026-05-06,CUST-3927,Webcam,Electronics,East,Vikram,1,1777.36
ORD-202605-05270,2026-05-23,CUST-4650,Laptop Stand,Accessories,North,Sneha,2,1498.61
ORD-202605-05271,2026-05-30,CUST-2432,Study Table,Furniture,West,Karan,4,5705.03
ORD-202605-05272,2026-05-13,CUST-4714,Wireless Mouse,Electronics,South,Ananya,1,749.96
ORD-202605-05273,2026-05-02,CUST-3168,Pen Set,Office,West,Sneha,7,271.64
ORD-202605-05274,2026-05-19,CUST-2448,Desk Organizer,Office,North,Priya,3,569.83
ORD-202605-05275,2026-05-12,CUST-1769,Webcam,Electronics,Central,Neha,2,1740.46
ORD-202605-05276,2026-05-20,CUST-4514,Laptop Stand,Accessories, West,Priya,6,1590.49
ORD-202605-05277,2026-05-30,CUST-0940,Notebook,Office,West,Karan,6,214.1
ORD-202605-05278,2026-05-28,CUST-0457,Notebook,Office,West,Sneha,4,190.06
ORD-202605-05279,2026-05-31,CUST-4125,Keyboard,Electronics, East,Neha,4,1232.12
ORD-202605-05280,2026-05-01,CUST-4244,USB Hub,Accessories,West,Priya,4,928.18
ORD-202605-05281,2026-05-24,CUST-4342,Office Chair,Furniture,South,Amit,4,7398.52
ORD-202605-05282,2026-05-19,CUST-2792,Pen Set,Office,West,Ananya,2,310.68
ORD-202605-05283,2026-05-04,CUST-1295,Keyboard,Electronics,West,Amit,1,1326.4
ORD-202605-05284,2026-05-03,CUST-0348,Webcam,Electronics,West,Vikram,2,1841.37
ORD-202605-05285,2026-05-16,CUST-2959,Wireless Mouse,Electronics,West,Rahul,3,825.5
ORD-202605-05286,2026-05-05,CUST-0321,Headphones,Electronics ,West,Vikram,2,2577.54
ORD-202605-05287,2026-05-13,CUST-1182,Wireless Mouse,Electronics,Central,Ananya,7,753.06
ORD-202605-05288,2026-05-15,CUST-0131,Headphones,Electronics,Central,Amit,4,2262.49
ORD-202605-05289,2026-05-09,CUST-4918,Office Chair,Furniture,North,Rahul,7,7212.3
ORD-202605-05290,2026-05-24,CUST-1629,Study Table,Furniture,,Sneha,4,5304.78
ORD-202605-05291,2026-05-12,CUST-2647,Study Table,Furniture,Central,Karan,6,4979.19
ORD-202605-05292,2026-05-05,CUST-2712,Study Table,Furniture,North,Amit,7,4969.31
ORD-202605-05293,2026-05-12,CUST-2827,Wireless Mouse,Electronics,Central,Karan,1,741.9
ORD-202605-05294,2026-05-01,CUST-3893,Study Table,Furniture,East,Karan,3,5043.18
ORD-202605-05295,2026-05-27,CUST-3234,Pen Set,Office,East,Sneha,5,311.45
ORD-202605-05296,2026-05-15,CUST-2997,Notebook,office,North,Ananya,1,216.14
ORD-202605-05297,2026-05-23,CUST-4698,Keyboard,Electronics,East,Rahul,1,1204.57
ORD-202605-05298,2026-05-04,CUST-2489,USB Hub,Accessories,North,Rahul,4,931.6
ORD-202605-05299,2026-05-10,CUST-1194,Webcam,Electronics,Central,Sneha,2,1908.49
ORD-202605-05300,2026-05-16,CUST-1202,Headphones,Electronics,East,Sneha,4,2599.29
ORD-202605-05301,2026-05-10,CUST-4922,Pen Set,Office,North,Sneha,4,279.96
ORD-202605-05302,2026-05-03,CUST-3033,Pen Set,Office,Central,Priya,5,276.69
ORD-202605-05303,2026-05-05,CUST-4452,Keyboard,Electronics,North,Amit,4,1384.46
ORD-202605-05304,2026-05-27,CUST-4876,Laptop Stand,Accessories,South,Karan,7,1589.91
ORD-202605-05305,2026-05-07,CUST-3228,Mouse Pad, Accessories,West,Amit,2,433.31
ORD-202605-05306,2026-05-07,CUST-4695,Notebook,Office,Central,Sneha,4,187.62
ORD-202605-05307,2026-05-23,CUST-4801,Webcam,Electronics,West,Neha,6,1911.33
ORD-202605-05308,2026-05-13,CUST-1968,Laptop Stand,Accessories,Central,Priya,1,1463.11
ORD-202605-05309,2026-05-01,CUST-1893,Laptop Stand,Accessories,South,Ananya,4,1606.07
ORD-202605-05310,2026-05-09,CUST-2437,Wireless Mouse,Electronics,,Karan,7,803.43
ORD-202605-05311,2026-05-10,CUST-3156,Desk Organizer,Office,South,Sneha,7,559.27
ORD-202605-05312,2026-05-21,CUST-2087,Pen Set,Office,East,Rahul,3,286.94
ORD-202605-05313,2026-05-25,CUST-2831,Study Table,Furniture,North,Karan,6,5606.11
ORD-202605-05314,2026-05-05,CUST-2832,Monitor Stand,Furniture,Central,Rahul,1,2019.94
ORD-202605-05315,2026-05-19,CUST-2786,Desk Organizer,Office,South,Neha,1,629.52
ORD-202605-05316,2026-05-10,CUST-2055,Mouse Pad,Accessories,North,Karan,3,438.83
ORD-202605-05317,2026-05-11,CUST-1607,Keyboard,Electronics,South,Vikram,2,1279.23
ORD-202605-05318,2026-05-10,CUST-1112,Keyboard,Electronics,South,Neha,4,1295.53
ORD-202605-05319,2026-05-12,CUST-3668,Keyboard,Electronics,North,Sneha,4,1313.53
ORD-202605-05320,2026-05-31,CUST-1016,Desk Organizer,Office,South,Vikram,7,622.43
ORD-202605-05321,2026-05-20,CUST-0746,USB Hub, Accessories,South,Rahul,1,855.64
ORD-202605-05322,2026-05-26,CUST-4147,Mouse Pad, Accessories,North,Vikram,1,406.29
ORD-202605-05323,2026-05-19,CUST-4359,Office Chair,Furniture,Central,Amit,1,6645.0
ORD-202605-05324,2026-05-09,CUST-2504,Desk Organizer,Office,North,Sneha,7,590.4
ORD-202605-05325,2026-05-28,CUST-3195,Notebook,Office,South,Sneha,2,199.29
ORD-202605-05326,2026-05-21,CUST-0641,Study Table,Furniture,West,Karan,1,5454.39
ORD-202605-05327,2026-05-23,CUST-0580,Notebook,Office,West,Karan,3,201.51
ORD-202605-05328,2026-05-27,CUST-2740,Webcam,Electronics, North,Rahul,5,1829.09
ORD-202605-05329,2026-05-13,CUST-2183,Office Chair,Furniture,West,Karan,3,7682.35
ORD-202605-05330,2026-05-23,CUST-3418,Webcam,Electronics,East,Priya,2,1948.43
ORD-202605-05331,2026-05-01,CUST-4181,Wireless Mouse,Electronics,Central,Neha,3,747.33
ORD-202605-05332,2026-05-24,CUST-0874,Mouse Pad,Accessories,West,Amit,3,420.92
ORD-202605-05333,2026-05-22,CUST-0546,Office Chair,Furniture,Central,Karan,2,6825.57
ORD-202605-05334,2026-05-31,CUST-4942,Keyboard,Electronics,East,Neha,7,1249.72
ORD-202605-05335,2026-05-15,CUST-0950,Office Chair,Furniture,North,Amit,4,7420.59
ORD-202605-05336,2026-05-25,CUST-0805,Keyboard,Electronics,West,Sneha,5,1306.2
ORD-202605-05337,2026-05-12,CUST-3327,Office Chair,Furniture,central,Priya,2,6369.41
ORD-202605-05338,2026-05-02,CUST-2597,Mouse Pad,Accessories,South,Vikram,6,410.64
ORD-202605-05339,2026-05-01,CUST-2914,Mouse Pad,Accessories,South,Sneha,7,372.01
ORD-202605-05340,2026-05-14,CUST-0154,USB Hub,Accessories,Central,Neha,2,930.45
ORD-202605-05341,2026-05-22,CUST-4835,Office Chair,Furniture,East,Ananya,5,7073.03
ORD-202605-05342,2026-05-20,CUST-4102,USB Hub,Accessories,North,Ananya,4,866.38
ORD-202605-05343,2026-05-20,CUST-4834,Notebook,Office,West,Rahul,5,214.49
ORD-202605-05344,2026-05-31,CUST-0581,Pen Set,Office,Central,Neha,2,283.22
ORD-202605-05345,2026-05-28,CUST-0772,Keyboard,Electronics,West,Ananya,7,1241.59
ORD-202605-05346,2026-05-16,CUST-3557,Monitor Stand,Furniture,East,Vikram,6,1906.83
ORD-202605-05347,2026-05-13,CUST-0734,Headphones,Electronics,West,Sneha,4,2510.22
ORD-202605-05348,2026-05-29,CUST-1505,Monitor Stand,Furniture,North,Ananya,4,1944.66
ORD-202605-05349,2026-05-01,CUST-2057,Pen Set,Office,North,Neha,4,289.74
ORD-202605-05350,2026-05-07,CUST-2546,USB Hub,Accessories,West,Sneha,4,941.46
ORD-202605-05351,2026-05-13,CUST-1050,Study Table,Furniture,East,Sneha,3,-100.0
ORD-202605-05352,2026-05-13,CUST-3852,Pen Set,Office,South,Neha,2,297.29
ORD-202605-05353,2026-05-04,CUST-0441,Mouse Pad,Accessories,East,Ananya,2,410.84
ORD-202605-05354,2026-05-07,CUST-4780,USB Hub,Accessories,North,Rahul,1,941.42
ORD-202605-05355,2026-05-21,CUST-4804,Headphones,Electronics,North,Amit,7,2593.97
ORD-202605-05356,2026-05-23,CUST-0845,Desk Organizer,Office,Central,Sneha,4,632.55
ORD-202605-05357,2026-05-08,CUST-3421,Laptop Stand,Accessories,Central,Vikram,4,1563.41
ORD-202605-05358,2026-05-24,CUST-4200,Mouse Pad,Accessories,North,Karan,2,436.09
ORD-202605-05359,2026-05-31,CUST-1314,Wireless Mouse,Electronics,West,Rahul,4,864.28
ORD-202605-05360,2026-05-08,CUST-1094,Keyboard,Electronics,Central,Karan,1,1327.33
ORD-202605-05361,2026-05-25,CUST-4246,Keyboard,Electronics,,Neha,5,1269.67
ORD-202605-05362,2026-05-20,CUST-0296,Notebook,Office,Central,Priya,6,218.3
ORD-202605-05363,2026-05-25,CUST-4582,Mouse Pad,Accessories,Central,Sneha,5,388.34
ORD-202605-05364,2026-05-23,CUST-4220,Monitor Stand,Furniture,North,Karan,5,1919.55
ORD-202605-05365,2026-05-08,CUST-3452,Laptop Stand,Accessories,North,Rahul,2,1361.07
ORD-202605-05366,2026-05-31,CUST-1550,Webcam,Electronics,East,Vikram,1,2076.5
ORD-202605-05367,2026-05-21,CUST-3604,Mouse Pad,Accessories,North,Amit,5,427.91
ORD-202605-05368,2026-05-02,CUST-4106,Desk Organizer,Office,West,Priya,6,567.57
ORD-202605-05369,2026-05-07,CUST-1756,Mouse Pad,Accessories,South,Rahul,1,390.09
ORD-202605-05370,2026-05-20,CUST-4456,Webcam,Electronics,Central,Sneha,7,1794.79
ORD-202605-05371,2026-05-15,CUST-3823,Laptop Stand,Accessories,North,Sneha,5,1645.32
ORD-202605-05372,2026-05-23,CUST-3111,Desk Organizer,Office,Central,Amit,7,542.31
ORD-202605-05373,2026-05-25,,Office Chair,Furniture,North,Neha,4,6329.4
ORD-202605-05374,2026-05-13,CUST-1751,Mouse Pad,Accessories,North,Rahul,2,415.23
ORD-202605-05375,2026-05-26,,Notebook,Office,North,Priya,4,186.99
ORD-202605-05376,2026-05-08,CUST-0714,Desk Organizer,Office,West,Sneha,6,539.33
ORD-202605-05377,2026-05-05,CUST-2251,Wireless Mouse,Electronics,Central,Sneha,7,816.76
ORD-202605-05378,2026-05-01,CUST-0875,Office Chair,Furniture,North,Sneha,5,6952.04
ORD-202605-05379,2026-05-02,CUST-0281,USB Hub,Accessories,North,Ananya,3,875.83
ORD-202605-05380,2026-05-26,CUST-3139,Wireless Mouse,Electronics,Central,Sneha,5,721.06
ORD-202605-05381,2026-05-23,CUST-0613,Study Table,Furniture,West,Amit,3,5040.81
ORD-202605-05382,2026-05-04,CUST-2458,Pen Set,Office,Central,Rahul,1,319.66
ORD-202605-05383,2026-05-11,CUST-2779,Office Chair,Furniture,Central,Sneha,3,-100.0
ORD-202605-05384,2026-05-08,CUST-3355,Wireless Mouse,Electronics,East,Ananya,3,772.74
ORD-202605-05385,2026-05-13,CUST-2790,Mouse Pad,Accessories,West,Neha,3,425.29
ORD-202605-05386,2026-05-22,,Monitor Stand,Furniture,Central,Rahul,1,2147.16
ORD-202605-05387,2026-05-11,CUST-4893,Laptop Stand,Accessories,East,Sneha,2,1589.97
ORD-202605-05388,2026-05-23,CUST-1303,Mouse Pad,Accessories,East,Ananya,7,432.91
ORD-202605-05389,2026-05-09,CUST-0771,USB Hub,Accessories,South,Ananya,7,988.14
ORD-202605-05390,2026-05-03,CUST-0943,Webcam,Electronics,Central,Vikram,2,1816.27
ORD-202605-05391,2026-05-29,CUST-1391,Study Table,Furniture,North,Neha,3,4956.29
ORD-202605-05392,2026-05-26,CUST-4622,Pen Set,Office,East,Karan,7,293.35
ORD-202605-05393,2026-05-20,CUST-3695,Mouse Pad,Accessories,West,Rahul,2,415.76
ORD-202605-05394,2026-05-20,CUST-1242,Pen Set,Office,north,Ananya,6,289.53
ORD-202605-05395,2026-05-21,CUST-1216,Mouse Pad,Accessories,East,Sneha,4,400.4
ORD-202605-05396,2026-05-02,CUST-0250,USB Hub,Accessories,East,Priya,2,870.67
ORD-202605-05397,2026-05-18,CUST-0046,Notebook,Office,South,Sneha,6,195.2
ORD-202605-05398,,CUST-0514,Study Table,Furniture,South,Amit,3,5469.66
ORD-202605-05399,2026-05-16,CUST-4794,Pen Set,Office,West,Amit,3,321.14
ORD-202605-05400,,CUST-2627,Monitor Stand,Furniture,North,Neha,5,2124.62
ORD-202605-05401,2026-05-05,CUST-1850,Monitor Stand,Furniture,South,Karan,4,2179.54
ORD-202605-05402,2026-05-22,CUST-0112,USB Hub,Accessories,Central,Karan,1,854.01
ORD-202605-05403,2026-05-10,CUST-4949,Keyboard,Electronics,West,Neha,2,1289.45
ORD-202605-05404,2026-05-31,CUST-1362,Desk Organizer,Office,Central,Priya,4,620.91
ORD-202605-05405,2026-05-24,CUST-2210,Mouse Pad, Accessories,East,Sneha,6,399.83
ORD-202605-05406,2026-05-10,CUST-2916,Wireless Mouse,Electronics,East,Vikram,3,784.58
ORD-202605-05407,2026-05-31,CUST-3953,Wireless Mouse,Electronics,South,Priya,7,744.38
ORD-202605-05408,2026-05-25,CUST-0463,Webcam,Electronics,South,Vikram,1,1925.55
ORD-202605-05409,2026-05-16,CUST-2052,Laptop Stand,Accessories,North,Rahul,3,1631.72
ORD-202605-05410,2026-05-30,CUST-2477,Office Chair,Furniture,,Priya,5,7353.9
ORD-202605-05411,2026-05-24,CUST-1772,Notebook,Office,South,Ananya,2,198.24
ORD-202605-05412,2026-05-08,CUST-3942,Keyboard,Electronics,South,Rahul,4,1323.15
ORD-202605-05413,2026-05-06,CUST-0322,Mouse Pad,Accessories,East,Karan,7,370.75
ORD-202605-05414,2026-05-21,CUST-3853,Wireless Mouse,Electronics,Central,Ananya,6,829.11
ORD-202605-05415,2026-05-31,CUST-0624,Mouse Pad,Accessories,Central,Vikram,3,408.64
ORD-202605-05416,2026-05-16,CUST-1002,Pen Set,Office,East,Sneha,7,286.63
ORD-202605-05417,2026-05-23,CUST-0412,USB Hub,Accessories,West,Ananya,6,984.57
ORD-202605-05418,2026-05-22,CUST-0937,Laptop Stand,Accessories,South,Karan,2,1420.66
ORD-202605-05419,2026-05-05,CUST-3068,Monitor Stand,Furniture,Central,Ananya,5,1946.2
ORD-202605-05420,2026-05-20,CUST-4280,Study Table,Furniture,West,Ananya,5,5484.55
ORD-202605-05421,2026-05-15,CUST-4349,Mouse Pad,Accessories,South,Neha,3,433.73
ORD-202605-05422,2026-05-15,CUST-3646,Monitor Stand,Furniture,Central,Vikram,3,1940.43
ORD-202605-05423,2026-05-16,CUST-3357,Pen Set,Office,North,Neha,2,303.46
ORD-202605-05424,2026-05-16,CUST-1920,Laptop Stand,Accessories,Central,Amit,4,1440.78
ORD-202605-05425,2026-05-08,CUST-0627,Keyboard,Electronics,East,Ananya,1,1195.5
ORD-202605-05426,2026-05-05,CUST-4068,Monitor Stand,Furniture,West,Vikram,2,1948.78
ORD-202605-05427,2026-05-09,CUST-3703,Wireless Mouse,Electronics,East,Rahul,6,850.07
ORD-202605-05428,2026-05-29,CUST-0316,Desk Organizer,Office,North,Ananya,2,585.45
ORD-202605-05429,2026-05-31,CUST-1367,Pen Set,Office,North,Rahul,5,304.23
ORD-202605-05430,2026-05-12,CUST-0948,USB Hub,Accessories,North,Priya,6,938.83
ORD-202605-05431,2026-05-04,CUST-3484,Office Chair,Furniture,Central,Vikram,1,7038.14
ORD-202605-05432,2026-05-16,CUST-3092,Notebook,Office,Central,Priya,2,190.88
ORD-202605-05433,2026-05-24,CUST-1492,USB Hub,Accessories,Central,Karan,1,987.24
ORD-202605-05434,2026-05-18,CUST-2980,Study Table,Furniture,West,Vikram,3,5243.52
ORD-202605-05435,2026-05-10,CUST-4826,Keyboard,Electronics,East,Ananya,3,1214.3
ORD-202605-05436,2026-05-11,CUST-3183,Keyboard,Electronics,West,Karan,6,1370.75
ORD-202605-05437,2026-05-18,CUST-2582,Keyboard,Electronics,South,Neha,6,1169.64
ORD-202605-05438,2026-05-03,CUST-3540,Laptop Stand,Accessories,West,Sneha,2,1492.86
ORD-202605-05439,2026-05-17,CUST-2991,Office Chair, Furniture,South,Amit,3,6818.4
ORD-202605-05440,2026-05-04,CUST-1852,Laptop Stand,Accessories,North,Priya,4,1426.7
ORD-202605-05441,2026-05-25,CUST-3318,Headphones,Electronics,West,Amit,4,2476.42
ORD-202605-05442,2026-05-14,CUST-1278,USB Hub,Accessories,South,Amit,2,900.23
ORD-202605-05443,2026-05-17,CUST-1776,Webcam,Electronics,South,Priya,5,1869.76
ORD-202605-05444,2026-05-23,CUST-3117,Notebook,Office,West,Neha,2,215.36
ORD-202605-05445,2026-05-25,CUST-1978,Mouse Pad,Accessories,North,Vikram,7,437.46
ORD-202605-05446,2026-05-05,CUST-4831,Headphones,Electronics,Central,Karan,2,2285.07
ORD-202605-05447,2026-05-30,CUST-0421,Pen Set,Office,North,Rahul,7,321.3
ORD-202605-05448,2026-05-30,CUST-2160,Notebook,Office,Central,Ananya,2,201.02
ORD-202605-05449,2026-05-06,CUST-2529,Monitor Stand,Furniture,South,Sneha,-1,1981.94
ORD-202605-05450,2026-05-20,CUST-0324,Monitor Stand,furniture,North,Priya,1,2099.74
ORD-202605-05451,2026-05-07,CUST-2018,USB Hub,Accessories,South,Ananya,1,940.42
ORD-202605-05452,2026-05-27,CUST-3858,Mouse Pad,Accessories,East,Amit,5,423.78
ORD-202605-05453,2026-05-24,CUST-3804,Desk Organizer,Office,West,Amit,6,551.64
ORD-202605-05454,2026-05-24,CUST-2077,USB Hub,Accessories,North,Ananya,4,818.56
ORD-202605-05455,2026-05-29,CUST-1035,Notebook,Office,North,Vikram,1,206.59
ORD-202605-05456,2026-05-11,CUST-1042,Keyboard,Electronics,East,Neha,1,1338.13
ORD-202605-05457,2026-05-08,CUST-0984,USB Hub,Accessories,East,Neha,5,960.54
ORD-202605-05458,2026-05-21,CUST-0422,Desk Organizer,Office,East,Priya,1,638.74
ORD-202605-05459,2026-05-28,CUST-3235,Monitor Stand,Furniture,North,Priya,1,1990.52
ORD-202605-05460,2026-05-31,CUST-4391,Desk Organizer,Office,North,Neha,6,582.05
ORD-202605-05461,2026-05-12,CUST-1399,Keyboard,Electronics,East,Priya,5,1292.87
ORD-202605-05462,2026-05-01,CUST-4730,Pen Set,Office,Central,Priya,6,283.04
ORD-202605-05463,2026-05-03,CUST-4778,Headphones,Electronics,West,Sneha,4,2334.94
ORD-202605-05464,2026-05-31,CUST-3707,Monitor Stand,Furniture,South,Karan,7,2121.7
ORD-202605-05465,2026-05-31,CUST-0802,USB Hub,Accessories,South,Ananya,1,845.05
ORD-202605-05466,2026-05-30,CUST-1608,USB Hub, Accessories,Central,Amit,1,845.85
ORD-202605-05467,2026-05-15,CUST-1860,Desk Organizer,Office,North,Ananya,4,552.73
ORD-202605-05468,2026-05-11,CUST-3384,Notebook,Office,Central,Priya,4,189.93
ORD-202605-05469,2026-05-25,CUST-0409,Laptop Stand,Accessories,,Vikram,7,1358.01
ORD-202605-05470,2026-05-16,CUST-1756,Study Table,Furniture,Central,Amit,1,5081.84
ORD-202605-05471,2026-05-22,CUST-4678,Pen Set,Office,South,Sneha,7,300.0
ORD-202605-05472,2026-05-14,CUST-0909,Desk Organizer, Office,West,Rahul,4,642.67
ORD-202605-05473,2026-05-24,CUST-0027,Mouse Pad,Accessories,North,Vikram,6,436.19
ORD-202605-05474,2026-05-14,CUST-4070,Pen Set,Office,West,Karan,5,287.04
ORD-202605-05475,2026-05-26,CUST-2767,Monitor Stand,Furniture,Central,Karan,5,1957.47
ORD-202605-05476,2026-05-07,CUST-3728,Pen Set,Office,South,Sneha,4,282.35
ORD-202605-05477,2026-05-12,CUST-4749,Laptop Stand,Accessories,East,Vikram,5,1496.4
ORD-202605-05478,2026-05-22,CUST-4346,Webcam,Electronics,South,Neha,2,1954.82
ORD-202605-05479,2026-05-01,CUST-1658,Study Table,Furniture,West,Neha,5,5872.65
ORD-202605-05480,2026-05-08,CUST-4393,Keyboard,Electronics,Central,Sneha,4,1241.07
ORD-202605-05481,2026-05-12,CUST-4429,Desk Organizer,Office,South,Priya,6,642.11
ORD-202605-05482,2026-05-05,CUST-3864,Wireless Mouse,Electronics,North,Priya,4,822.17
ORD-202605-05483,2026-05-28,CUST-0072,Keyboard,Electronics,East,Rahul,2,1400.86
ORD-202605-05484,2026-05-01,CUST-3391,Pen Set,Office,East,Karan,7,-100.0
ORD-202605-05485,2026-05-27,CUST-0324,Laptop Stand,Accessories,East,Priya,4,1447.81
ORD-202605-05486,2026-05-02,CUST-0242,Mouse Pad,Accessories,South,Vikram,2,360.59
ORD-202605-05487,2026-05-08,CUST-2127,Desk Organizer,Office,,Karan,3,596.49
ORD-202605-05488,2026-05-24,CUST-0717,Study Table,Furniture,North,Amit,4,5363.39
ORD-202605-05489,2026-05-15,CUST-2146,Pen Set,Office,North,Amit,3,325.78
ORD-202605-05490,2026-05-19,CUST-1309,Wireless Mouse,electronics,South,Sneha,7,844.24
ORD-202605-05491,2026-05-20,CUST-1534,Webcam,Electronics,West,Amit,2,2064.5
ORD-202605-05492,2026-05-02,CUST-0383,Pen Set,Office,West,Amit,3,315.27
ORD-202605-05493,2026-05-05,CUST-0036,Mouse Pad,Accessories,East,Sneha,1,385.8
ORD-202605-05494,2026-05-30,CUST-1037,Headphones,Electronics,West,Rahul,3,2538.97
ORD-202605-05495,2026-05-12,CUST-1354,Study Table,Furniture,West,Karan,4,5700.5
ORD-202605-05496,2026-05-11,CUST-0816,USB Hub,Accessories,East,Ananya,2,942.58
ORD-202605-05497,2026-05-06,CUST-1475,Office Chair,Furniture,North,Ananya,5,7274.52
ORD-202605-05498,2026-05-29,CUST-4952,Study Table,Furniture,East,Karan,5,5109.4
ORD-202605-05499,2026-05-24,CUST-4839,Laptop Stand,Accessories,East,,6,1465.46
ORD-202605-05500,2026-05-19,CUST-3999,USB Hub,Accessories,South,Amit,3,815.47
ORD-202605-00911,2026-05-06,CUST-1897,Mouse Pad,Accessories,West,Amit,1,368.99
ORD-202605-00422,2026-05-29,CUST-3608,Headphones,Electronics,North,Vikram,7,2657.09
ORD-202605-01102,2026-05-20,CUST-0494,Notebook,Office,South,Karan,2,193.64
ORD-202605-01063,2026-05-10,CUST-3937,Monitor Stand,Furniture,West,Neha,7,2136.75
ORD-202605-01884,2026-05-24,CUST-0647,Pen Set,Office, South,Sneha,4,305.09
ORD-202605-02337,2026-05-07,CUST-2846,Study Table,Furniture,East,Rahul,1,5852.98
ORD-202605-01385,2026-05-13,CUST-0161,Notebook,Office,Central,Karan,4,193.24
ORD-202605-04833,2026-05-04,CUST-2407,Webcam,Electronics,North,Priya,3,1985.55
ORD-202605-02502,2026-05-08,CUST-4355,Office Chair,Furniture,East,Amit,5,7695.45
ORD-202605-02719,2026-05-12,CUST-4582,Pen Set,Office,South,Vikram,5,275.49
ORD-202605-03143,2026-05-24,CUST-1651,Study Table,Furniture,East,Vikram,7,5960.0
ORD-202605-03083,2026-05-07,CUST-3965,Office Chair,Furniture,West,Rahul,4,7081.15
ORD-202605-03239,2026-05-17,CUST-1435,USB Hub,Accessories,West,Neha,6,841.34
ORD-202605-02935,2026-05-09,CUST-0634,Webcam,Electronics,South,Sneha,3,1953.31
ORD-202605-02690,2026-05-31,CUST-1871,Keyboard,Electronics,Central,Karan,4,1260.22
ORD-202605-01888,2026-05-05,CUST-2168,Office Chair,Furniture,South,Rahul,5,7362.53
ORD-202605-00593,2026-05-29,CUST-3159,Laptop Stand,Accessories,West,Priya,6,1489.18
ORD-202605-00056,2026-05-28,CUST-3409,Headphones,Electronics,East,Sneha,1,2496.42
ORD-202605-02162,2026-05-07,CUST-0811,Study Table,Furniture,Central,Sneha,1,5928.16
ORD-202605-04504,2026-05-31,CUST-4086,Wireless Mouse,Electronics,West,Sneha,7,798.82
ORD-202605-03962,2026-05-04,CUST-3386,Laptop Stand,Accessories,North,Amit,1,1442.1
ORD-202605-00546,2026-05-02,CUST-1680,Office Chair,Furniture,North,Ananya,7,6843.9
ORD-202605-02546,2026-05-04,CUST-1714,Laptop Stand,Accessories,Central,Priya,2,1558.96
ORD-202605-04906,2026-05-27,CUST-1104,Pen Set,Office,West,Priya,7,287.46
ORD-202605-01052,2026-05-03,CUST-2082,Keyboard,Electronics,East,Sneha,5,1383.56
ORD-202605-01919,2026-05-20,CUST-0027,Study Table,Furniture,East,Sneha,7,5312.7
ORD-202605-02248,2026-05-04,CUST-3568,USB Hub,Accessories,East,Neha,6,842.29
ORD-202605-02919,2026-05-12,CUST-2416,Wireless Mouse,Electronics,North,Amit,4,788.83
ORD-202605-03536,2026-05-07,CUST-1557,Laptop Stand,Accessories,South,Karan,6,1541.23
ORD-202605-04122,2026-05-31,CUST-3489,Webcam,Electronics,South,,2,1847.14
ORD-202605-00181,2026-05-02,CUST-4280,Keyboard,Electronics,Central,Karan,7,1228.66
ORD-202605-01577,2026-05-27,CUST-2642,Webcam,Electronics, West,Ananya,2,2071.69
ORD-202605-05320,2026-05-31,CUST-1016,Desk Organizer,Office,South,Vikram,7,622.43
ORD-202605-02695,2026-05-01,CUST-4597,USB Hub,accessories,West,Ananya,7,900.03
ORD-202605-01486,2026-05-23,CUST-1305,Keyboard,Electronics,North,Rahul,7,1184.33
ORD-202605-00616,2026-05-04,CUST-0741,USB Hub,Accessories,East,Sneha,4,884.8
ORD-202605-01895,2026-05-07,CUST-3252,Desk Organizer,Office,Central,Neha,5,638.94
ORD-202605-02950,2026-05-30,CUST-2011,Pen Set,Office,Central,Neha,1,318.28
ORD-202605-02773,2026-05-14,CUST-0117,Monitor Stand,Furniture,North,Priya,7,2192.1
ORD-202605-05460,2026-05-31,CUST-4391,Desk Organizer,Office,North,Neha,6,582.05
ORD-202605-03432,2026-05-08,CUST-0690,Notebook,Office,Central,Sneha,1,181.62
ORD-202605-03080,2026-05-15,CUST-3996,Keyboard,Electronics,West,Vikram,7,1380.58
ORD-202605-05422,2026-05-15,CUST-3646,Monitor Stand,Furniture,Central,,3,1940.43
ORD-202605-05498,2026-05-29,CUST-4952,Study Table,Furniture,East,Karan,5,5109.4
ORD-202605-00856,2026-05-12,CUST-1559,Headphones,Electronics,West,Neha,1,2716.62
ORD-202605-03941,2026-05-07,CUST-4141,Notebook,Office,Central,Vikram,7,216.31
ORD-202605-05116,2026-05-19,CUST-2808,Keyboard,Electronics,West,Vikram,4,1360.05
ORD-202605-00979,2026-05-28,CUST-4373,USB Hub,Accessories,North,Priya,5,920.13
ORD-202605-01054,2026-05-04,CUST-2061,Keyboard,Electronics,South,Neha,6,1320.55
ORD-202605-01705,2026-05-09,CUST-4192,Laptop Stand,Accessories,West,Priya,1,1576.41
ORD-202605-03836,2026-05-01,CUST-0888,Desk Organizer,Office,South,Karan,1,646.06
ORD-202605-03496,2026-05-10,CUST-0411,Headphones,Electronics,South,Karan,1,2530.44
ORD-202605-01844,2026-05-26,CUST-1269,Keyboard,Electronics,East,Priya,2,1348.27
ORD-202605-03042,2026-05-07,CUST-1666,Keyboard,Electronics,East,Priya,4,1393.92
ORD-202605-04373,2026-05-31,CUST-0938,Laptop Stand,Accessories,Central,Rahul,7,1453.01
ORD-202605-03735,2026-05-21,CUST-2721,Notebook,Office,Central,Ananya,4,191.31
ORD-202605-04850,2026-05-21,CUST-4872,Keyboard,Electronics,North,Rahul,7,1321.66
ORD-202605-00577,2026-05-06,CUST-2911,Headphones,Electronics,North,Rahul,2,2576.85
ORD-202605-04671,2026-05-09,CUST-0550,Study Table,Furniture,Central,Ananya,1,5872.18
ORD-202605-01402,2026-05-15,CUST-1963,Monitor Stand,Furniture,East,Vikram,6,1957.5
ORD-202605-02114,2026-05-03,CUST-2191,Study Table,Furniture,Central,Amit,2,5290.12
ORD-202605-01196,2026-05-02,CUST-3636,Pen Set,Office,West,Amit,1,312.49
ORD-202605-02426,2026-05-18,CUST-3627,Keyboard,Electronics,North,Karan,1,1396.29
ORD-202605-01756,2026-05-28,CUST-4761,Laptop Stand,Accessories,North,Priya,4,1567.78
ORD-202605-01628,2026-05-31,CUST-1768,Webcam,Electronics,South,Vikram,5,1787.17
ORD-202605-04989,2026-05-26,CUST-4053,Desk Organizer,Office,East,Sneha,6,550.18
ORD-202605-02490,2026-05-04,CUST-1386,Study Table,Furniture,West,Rahul,6,5431.59
ORD-202605-03402,2026-05-25,CUST-4340,Keyboard,Electronics,South,Priya,7,1343.04
ORD-202605-02130,2026-05-05,CUST-3017,Desk Organizer,Office,Central,Priya,6,628.68
ORD-202605-00339,2026-05-23,CUST-1126,Notebook,Office,East,Sneha,3,183.67
ORD-202605-03751,2026-05-08,CUST-4246,Study Table,Furniture,West,Ananya,1,5483.35
ORD-202605-01101,2026-05-26,CUST-3276,Study Table,Furniture,Central,,4,6042.86
ORD-202605-01238,2026-05-19,CUST-4985,USB Hub,Accessories,West,Amit,3,886.19
ORD-202605-04705,2026-05-26,CUST-3359,Headphones,Electronics,East,Neha,5,2261.04
ORD-202605-04434,2026-05-21,CUST-2288,Keyboard,Electronics,East,Amit,3,1301.51
ORD-202605-04516,2026-05-13,CUST-3794,Desk Organizer,Office,West,Sneha,4,550.29
ORD-202605-00713,2026-05-26,CUST-2774,Office Chair,Furniture,Central,Rahul,5,6320.9
ORD-202605-02358,2026-05-07,CUST-4832,Notebook,Office,North,Priya,1,186.23
ORD-202605-00068,2026-05-23,CUST-1944,USB Hub,Accessories,South,Karan,4,887.11
ORD-202605-04882,2026-05-08,CUST-0319,Monitor Stand,Furniture,Central,Sneha,6,1975.9
ORD-202605-03750,2026-05-25,,USB Hub,Accessories,North,Sneha,3,966.55
ORD-202605-00832,2026-05-28,CUST-0327,Mouse Pad,Accessories,East,Karan,4,377.77
