Order_ID,Order_Date,Customer_ID,Product,Category,Region,Salesperson,Quantity,Unit_Price
ORD-202606-00001,2026-06-04,CUST-4684,Study Table,Furniture,South,Rahul,3,5112.07
ORD-202606-00002,2026-06-04,CUST-2204,Laptop Stand,Accessories,Central,Amit,6,1513.61
ORD-202606-00003,2026-06-15,,Office Chair,Furniture,West,Vikram,7,7144.71
ORD-202606-00004,2026-06-26,CUST-3862,Headphones,Electronics,West,Rahul,4,2370.15
ORD-202606-00005,2026-06-04,CUST-3757,Pen Set,Office,North,Priya,2,284.16
ORD-202606-00006,2026-07-01,CUST-0050,Office Chair,Furniture,East,Karan,1,7682.67
ORD-202606-00007,2026-06-29,CUST-2093,USB Hub,Accessories,South,Ananya,1,922.67
ORD-202606-00008,2026-06-21,CUST-2708,Monitor Stand,Furniture,,Neha,3,1947.71
ORD-202606-00009,2026-06-25,CUST-1068,Headphones,Electronics,Central,Vikram,1,2287.22
ORD-202606-00010,2026-06-29,CUST-0309,Keyboard,Electronics,Central,Sneha,7,1322.12
ORD-202606-00011,2026-06-07,CUST-0263,USB Hub,Accessories,North,Ananya,3,926.28
ORD-202606-00012,2026-06-17,CUST-4396,Pen Set,Office,West,Ananya,3,309.96
ORD-202606-00013,2026-06-02,CUST-1617,Notebook,Office,Central,Amit,5,187.45
ORD-202606-00014,2026-06-01,CUST-0376,Desk Organizer,Office,East,,5,582.93
ORD-202606-00015,2026-06-20,CUST-3850,USB Hub,Accessories,Central,Neha,2,891.5
ORD-202606-00016,2026-06-01,CUST-3061,Study Table,Furniture,Central,Vikram,1,5185.06
ORD-202606-00017,2026-06-29,CUST-4168,Office Chair,Furniture,Central,Vikram,1,7249.3
ORD-202606-00018,2026-06-14,CUST-4792,Mouse Pad,Accessories,East ,,3,387.04
ORD-202606-00019,2026-06-01,CUST-3379,Study Table,Furniture,West,Sneha,1,5281.3
ORD-202606-00020,2026-06-29,CUST-4568,Headphones,Electronics,East,Amit,6,2536.96
ORD-202606-00021,2026-06-21,CUST-0979,Study Table,Furniture,North,Amit,6,5151.08
ORD-202606-00022,2026-06-25,CUST-1727,Office Chair,Furniture,East,Ananya,6,7354.93
ORD-202606-00023,2026-06-24,CUST-1926,USB Hub,Accessories,West,,3,956.24
ORD-202606-00024,2026-06-23,CUST-2581,Pen Set,Office,North,Rahul,3,318.8
ORD-202606-00025,2026-06-04,CUST-0701,Study Table,Furniture,North,Vikram,5,5209.48
ORD-202606-00026,2026-06-24,CUST-3645,Webcam,Electronics,North,Amit,4,1791.2
ORD-202606-00027,2026-06-18,CUST-0201,Mouse Pad,Accessories,East,Rahul,3,364.65
ORD-202606-00028,2026-06-13,CUST-0708,Desk Organizer,Office,East,Sneha,2,545.52
ORD-202606-00029,2026-06-02,CUST-0853,Laptop Stand,Accessories,North,Sneha,2,1491.44
ORD-202606-00030,2026-06-24,CUST-1540,Desk Organizer,Office,West,Ananya,1,648.72
ORD-202606-00031,2026-06-08,CUST-2338,Office Chair,Furniture,South,Priya,1,7148.02
ORD-202606-00032,2026-06-09,CUST-4402,Webcam,Electronics,North,Neha,1,1961.2
ORD-202606-00033,2026-06-02,CUST-1994,Pen Set,Office,Central,Karan,1,270.95
ORD-202606-00034,2026-06-10,CUST-3669,USB Hub,Accessories,West,Vikram,6,869.1
ORD-202606-00035,2026-06-11,CUST-1601,USB Hub,Accessories,West,,4,955.99
ORD-202606-00036,2026-06-01,CUST-1371,Wireless Mouse,Electronics,South,Priya,-1,800.06
ORD-202606-00037,2026-06-19,CUST-1877,Laptop Stand,Accessories,South,Neha,1,1471.58
ORD-202606-00038,2026-06-20,CUST-1882,Notebook,Office,Central,Sneha,5,192.37
ORD-202606-00039,2026-06-03,CUST-2025,Keyboard,Electronics,Central,Rahul,7,1190.87
ORD-202606-00040,2026-06-05,CUST-3165,Wireless Mouse,Electronics,North,Vikram,2,732.48
ORD-202606-00041,2026-06-27,CUST-4653,Webcam,Electronics,West,Ananya,3,1855.17
ORD-202606-00042,2026-06-12,CUST-4083,Monitor Stand,Furniture,West,Rahul,5,1939.47
ORD-202606-00043,2026-06-03,CUST-2379,Wireless Mouse,Electronics,North,Vikram,7,778.84
ORD-202606-00044,2026-06-10,CUST-2788,Desk Organizer,Office,North,Neha,7,640.67
ORD-202606-00045,2026-06-23,CUST-1826,USB Hub,Accessories,East,Vikram,1,983.29
ORD-202606-00046,2026-06-17,CUST-3294,Laptop Stand,Accessories,West,Neha,6,1422.2
ORD-202606-00047,2026-06-19,CUST-0102,Laptop Stand,Accessories,East,Ananya,1,1458.24
ORD-202606-00048,2026-06-24,CUST-0488,USB Hub,Accessories,East,Amit,3,852.21
ORD-202606-00049,2026-06-08,CUST-4801,USB Hub,Accessories,East,Amit,4,884.89
ORD-202606-00050,2026-06-26,CUST-3326,Mouse Pad,Accessories,North,Priya,1,393.19
ORD-202606-00051,2026-06-13,CUST-0749,Notebook,Office,South,Priya,6,217.23
ORD-202606-00052,2026-06-27,CUST-1792,Office Chair,Furniture,Central,Neha,1,6470.32
ORD-202606-00053,2026-06-18,CUST-0760,Pen Set,Office,East,Neha,6,284.91
ORD-202606-00054,2026-06-28,CUST-1273,Mouse Pad,Accessories,Central,Neha,5,373.48
ORD-202606-00055,2026-06-22,CUST-4366,USB Hub,Accessories,Central,Neha,2,973.78
ORD-202606-00056,2026-06-02,CUST-2102,Webcam,Electronics,Central,Vikram,5,1998.77
ORD-202606-00057,2026-06-04,CUST-2108,Office Chair,Furniture,East,Neha,3,7082.41
ORD-202606-00058,2026-06-05,CUST-2433,Pen Set,Office,North,Amit,4,271.69
ORD-202606-00059,2026-06-03,CUST-1459,Webcam,Electronics,East,Priya,5,2058.24
ORD-202606-00060,2026-07-01,CUST-3104,Mouse Pad,Accessories,North,Priya,4,406.52
ORD-202606-00061,2026-06-10,CUST-1449,Wireless Mouse,Electronics,South,Karan,3,875.81
ORD-202606-00062,2026-06-22,CUST-3227,Webcam,Electronics,West,Sneha,1,1971.9
ORD-202606-00063,2026-06-01,CUST-1346,Webcam,Electronics,North,Amit,2,2059.4
ORD-202606-00064,2026-06-19,CUST-3549,USB Hub,Accessories,North,Ananya,4,845.46
ORD-202606-00065,2026-06-24,CUST-1483,Wireless Mouse,Electronics,Central,Vikram,4,870.22
ORD-202606-00066,2026-06-04,CUST-4779,Pen Set, Office,East,Sneha,2,292.58
ORD-202606-00067,2026-06-03,CUST-1486,Desk Organizer,Office,East,Karan,4,564.33
ORD-202606-00068,2026-06-09,CUST-1403,Notebook,Office,South,Ananya,7,195.66
ORD-202606-00069,2026-06-24,CUST-2514,USB Hub,Accessories ,North,Ananya,2,937.68
ORD-202606-00070,2026-06-05,CUST-3811,Wireless Mouse,Electronics,South,Sneha,3,798.21
ORD-202606-00071,2026-06-18,CUST-1420,Mouse Pad,Accessories,South,Sneha,3,361.96
ORD-202606-00072,2026-06-19,CUST-1242,Office Chair,Furniture,West,Karan,5,6502.74
ORD-202606-00073,2026-06-22,CUST-1422,Wireless Mouse,Electronics,East,Neha,2,814.47
ORD-202606-00074,2026-06-05,CUST-4509,Keyboard,Electronics,Central,Vikram,6,1280.69
ORD-202606-00075,2026-06-03,CUST-1387,Webcam,Electronics,West,Amit,4,1805.21
ORD-202606-00076,2026-06-08,CUST-1484,Pen Set,Office,Central,Karan,1,271.45
ORD-202606-00077,2026-06-04,CUST-1781,Webcam,Electronics,North,Ananya,6,1746.65
ORD-202606-00078,2026-06-29,CUST-3605,Study Table,Furniture,East,Karan,2,5552.9
ORD-202606-00079,2026-06-28,CUST-3417,Mouse Pad,Accessories,South,Neha,2,400.2
ORD-202606-00080,2026-06-14,CUST-1263,Laptop Stand,Accessories,South,Amit,1,1476.6
ORD-202606-00081,2026-06-27,CUST-4687,USB Hub,Accessories,Central,Ananya,7,864.75
ORD-202606-00082,2026-06-15,,USB Hub,Accessories,West,Neha,7,830.63
ORD-202606-00083,2026-06-17,CUST-4607,USB Hub,Accessories,South,Priya,1,938.46
ORD-202606-00084,2026-06-15,CUST-4786,Webcam,Electronics,North,,-1,1927.17
ORD-202606-00085,2026-06-01,CUST-2730,Headphones,Electronics,Central,Karan,7,2250.19
ORD-202606-00086,2026-06-30,CUST-4038,Laptop Stand,Accessories,Central,Karan,7,1628.46
ORD-202606-00087,2026-06-03,CUST-1477,Laptop Stand,Accessories,South,Rahul,7,1352.82
ORD-202606-00088,2026-06-26,CUST-4757,Study Table,Furniture,North,Vikram,5,5955.66
ORD-202606-00089,2026-06-05,CUST-2768,Laptop Stand,Accessories,North,Priya,4,1574.18
ORD-202606-00090,2026-06-06,CUST-4233,Pen Set,Office,North,Rahul,2,308.3
ORD-202606-00091,2026-06-14,CUST-2232,USB Hub,Accessories,West,Karan,5,934.5
ORD-202606-00092,2026-06-12,CUST-3054,Notebook,office,South,Rahul,3,201.94
ORD-202606-00093,2026-06-26,CUST-3494,Study Table,Furniture,East,Neha,6,6025.92
ORD-202606-00094,2026-06-26,CUST-2398,USB Hub,Accessories,North,Karan,4,830.43
ORD-202606-00095,2026-06-01,CUST-2046,Study Table,Furniture,East,Amit,2,5668.85
ORD-202606-00096,2026-06-15,CUST-2835,USB Hub,Accessories,North,Neha,4,863.11
ORD-202606-00097,2026-06-22,CUST-3128,Monitor Stand,Furniture,South,Amit,3,2175.62
ORD-202606-00098,2026-06-25,,Laptop Stand,Accessories,West,Ananya,1,1451.67
ORD-202606-00099,2026-06-25,CUST-3395,Study Table,Furniture,Central,Karan,3,5070.65
ORD-202606-00100,2026-06-04,CUST-3078,Monitor Stand,Furniture,North,Vikram,6,2076.1
ORD-202606-00101,2026-06-24,CUST-4016,Notebook,Office,North,Karan,3,216.78
ORD-202606-00102,2026-06-21,CUST-1328,Laptop Stand,Accessories,North,Neha,5,1501.87
ORD-202606-00103,2026-06-10,CUST-3322,USB Hub,Accessories,North,Vikram,3,837.05
ORD-202606-00104,2026-06-06,CUST-0062,Pen Set,Office,Central,Ananya,2,281.91
ORD-202606-00105,2026-06-20,CUST-4142,Headphones,Electronics,Central,Karan,5,2740.04
ORD-202606-00106,2026-06-07,CUST-1093,Mouse Pad,Accessories,East,Neha,3,399.77
ORD-202606-00107,2026-06-17,CUST-3556,Desk Organizer,Office,Central,Ananya,3,558.01
ORD-202606-00108,2026-06-20,CUST-0684,Pen Set,Office,West,Rahul,4,328.65
ORD-202606-00109,2026-06-22,CUST-4163,Desk Organizer,Office,South,Amit,3,598.65
ORD-202606-00110,2026-06-23,CUST-4138,Wireless Mouse,Electronics,West,,5,797.89
ORD-202606-00111,2026-06-23,CUST-2091,USB Hub,Accessories,North,Sneha,6,877.38
ORD-202606-00112,2026-06-24,CUST-0386,Mouse Pad,Accessories,Central,Ananya,1,399.22
ORD-202606-00113,2026-06-29,CUST-3899,Monitor Stand,Furniture,South,Vikram,6,2161.09
ORD-202606-00114,2026-06-27,,Wireless Mouse,Electronics ,South,Amit,6,857.9
ORD-202606-00115,2026-06-30,CUST-4544,Wireless Mouse,Electronics,North,Rahul,1,784.5
ORD-202606-00116,2026-06-30,CUST-4689,Monitor Stand,Furniture ,North,Rahul,1,1995.45
ORD-202606-00117,2026-06-07,CUST-0378,Pen Set,Office,East,Neha,4,292.85
ORD-202606-00118,2026-06-25,CUST-3757,Laptop Stand,Accessories,East,Ananya,6,1508.36
ORD-202606-00119,2026-06-30,CUST-2968,Headphones,Electronics,Central,Ananya,3,2528.16
ORD-202606-00120,2026-06-12,CUST-0389,Pen Set,Office,South,Ananya,4,277.23
ORD-202606-00121,2026-06-25,CUST-0455,Office Chair,Furniture,South,Sneha,5,7688.98
ORD-202606-00122,2026-07-01,CUST-3752,Notebook,Office ,Central,Rahul,2,212.51
ORD-202606-00123,2026-06-19,CUST-2694,Pen Set,Office,West,Karan,4,291.56
ORD-202606-00124,2026-06-25,CUST-4692,Webcam,Electronics,South,Rahul,2,1822.49
ORD-202606-00125,2026-06-02,CUST-0432,Desk Organizer,Office,South,Sneha,5,567.37
ORD-202606-00126,2026-06-17,CUST-2098,Headphones,Electronics,Central,Neha,3,2377.34
ORD-202606-00127,2026-06-06,CUST-3261,Webcam,Electronics,West,Sneha,6,1824.01
ORD-202606-00128,2026-06-27,CUST-2239,Pen Set,Office,Central,Amit,3,315.62
ORD-202606-00129,2026-06-05,CUST-1713,Notebook,Office,East,Neha,3,191.49
ORD-202606-00130,2026-06-22,CUST-1543,Study Table,Furniture,North,Ananya,4,5062.45
ORD-202606-00131,2026-06-12,CUST-0619,Pen Set,Office,West,Priya,4,310.64
ORD-202606-00132,2026-06-02,CUST-4486,Mouse Pad,Accessories,North,Neha,3,427.94
ORD-202606-00133,2026-06-18,CUST-3775,Desk Organizer,Office,West,Priya,3,572.51
ORD-202606-00134,2026-06-18,CUST-1529,Monitor Stand,Furniture,East,Priya,3,2109.14
ORD-202606-00135,2026-06-02,CUST-1769,Pen Set,Office,,Neha,1,288.57
ORD-202606-00136,2026-06-24,CUST-3090,Office Chair,Furniture,South,Vikram,6,6911.06
ORD-202606-00137,2026-06-04,CUST-2105,Webcam,Electronics,East,Vikram,2,1857.9
ORD-202606-00138,2026-06-15,CUST-4216,Laptop Stand,Accessories,Central,Karan,1,1430.84
ORD-202606-00139,2026-06-18,CUST-1966,Pen Set,Office,North,Neha,2,272.45
ORD-202606-00140,2026-06-23,CUST-1351,Wireless Mouse,Electronics,Central,Rahul,6,845.07
ORD-202606-00141,2026-06-09,CUST-2017,Study Table,Furniture,central,Karan,4,5789.84
ORD-202606-00142,2026-06-10,CUST-0883,Laptop Stand,Accessories,East,Karan,5,1416.14
ORD-202606-00143,2026-06-16,CUST-1802,Monitor Stand,Furniture,South,Karan,5,2070.49
ORD-202606-00144,2026-06-19,CUST-3498,Webcam,Electronics,North,Sneha,1,1766.43
ORD-202606-00145,2026-06-18,CUST-4693,Laptop Stand,Accessories,West,Rahul,3,1356.12
ORD-202606-00146,2026-06-21,CUST-1429,Headphones,Electronics,Central,Amit,1,2469.55
ORD-202606-00147,2026-06-17,CUST-3191,USB Hub,Accessories,south,Neha,4,924.96
ORD-202606-00148,2026-06-07,CUST-4657,Laptop Stand,Accessories,West,Sneha,1,1434.11
ORD-202606-00149,2026-06-03,CUST-1417,Laptop Stand,Accessories,West,Priya,4,1582.67
ORD-202606-00150,2026-06-26,CUST-0995,Keyboard,Electronics,South,Amit,5,1277.42
ORD-202606-00151,2026-06-17,CUST-3930,Office Chair,Furniture,North,Rahul,3,7303.1
ORD-202606-00152,2026-06-18,CUST-4888,USB Hub,Accessories,North,Ananya,7,963.9
ORD-202606-00153,2026-06-18,CUST-0191,USB Hub,Accessories,West,Amit,6,857.65
ORD-202606-00154,2026-06-24,CUST-0249,USB Hub,Accessories,South,Priya,3,864.64
ORD-202606-00155,2026-06-14,CUST-1787,Wireless Mouse,Electronics,East,Amit,4,836.91
ORD-202606-00156,2026-06-02,CUST-1190,Monitor Stand,Furniture,Central,Karan,1,1961.49
ORD-202606-00157,2026-06-24,CUST-1799,Desk Organizer,Office,Central,Ananya,4,634.1
ORD-202606-00158,2026-06-08,CUST-2943,Study Table,Furniture,West,Priya,4,5386.04
ORD-202606-00159,2026-06-04,CUST-2029,Study Table,Furniture,West,Neha,4,4974.2
ORD-202606-00160,2026-06-16,CUST-2516,USB Hub,Accessories,Central,Vikram,1,852.22
ORD-202606-00161,2026-06-23,CUST-2688,Pen Set,Office,South,Rahul,3,270.31
ORD-202606-00162,2026-06-04,CUST-2328,USB Hub,Accessories,East,Neha,2,879.27
ORD-202606-00163,2026-06-29,CUST-0831,Wireless Mouse,Electronics,West,Vikram,1,867.54
ORD-202606-00164,2026-06-03,CUST-4465,Study Table,Furniture,South,Vikram,5,5445.27
ORD-202606-00165,2026-06-23,CUST-4113,Keyboard,Electronics,West,Vikram,4,1307.4
ORD-202606-00166,2026-06-04,CUST-0616,Notebook,Office,South,Vikram,2,218.26
ORD-202606-00167,2026-06-23,CUST-3075,Webcam,Electronics,South,Karan,6,1738.98
ORD-202606-00168,2026-06-28,CUST-3980,Office Chair,Furniture,West,Amit,5,6853.99
ORD-202606-00169,2026-06-16,CUST-4662,USB Hub,Accessories,East,Priya,7,819.62
ORD-202606-00170,2026-06-24,CUST-3920,Laptop Stand,Accessories,West,Rahul,7,1380.89
ORD-202606-00171,2026-06-28,CUST-3194,Study Table,Furniture,North,Sneha,6,5360.1
ORD-202606-00172,2026-06-21,CUST-4659,Wireless Mouse,Electronics,South,Priya,4,835.61
ORD-202606-00173,2026-06-28,CUST-1248,Desk Organizer,Office,Central,Priya,2,547.81
ORD-202606-00174,2026-06-25,CUST-4295,Desk Organizer,Office,East,Priya,6,542.84
ORD-202606-00175,2026-06-12,CUST-0730,USB Hub,Accessories,North,Vikram,2,912.08
ORD-202606-00176,2026-06-14,CUST-4135,Mouse Pad,Accessories,Central,Neha,7,402.35
ORD-202606-00177,2026-06-18,CUST-2215,Pen Set,Office,West,Sneha,7,311.12
ORD-202606-00178,2026-06-30,CUST-3452,Notebook,Office,South,Karan,7,180.34
ORD-202606-00179,2026-06-13,CUST-0837,Office Chair,Furniture,Central,Vikram,5,7036.06
ORD-202606-00180,2026-06-18,CUST-1124,USB Hub,Accessories,South,Neha,1,914.01
ORD-202606-00181,2026-06-07,CUST-4813,Desk Organizer,Office,East,Sneha,5,643.03
ORD-202606-00182,2026-06-30,CUST-1186,Webcam,Electronics,East,Priya,2,1798.04
ORD-202606-00183,2026-06-04,CUST-4480,Desk Organizer,Office,West,Sneha,2,610.87
ORD-202606-00184,2026-06-20,CUST-3736,Monitor Stand,Furniture,Central,Priya,1,2039.59
ORD-202606-00185,2026-06-16,CUST-0579,Keyboard,Electronics,South,Neha,2,1187.03
ORD-202606-00186,2026-06-08,CUST-4624,Mouse Pad,Accessories,South,Priya,4,425.94
ORD-202606-00187,2026-06-12,CUST-4609,Desk Organizer,Office,West,Neha,4,632.28
ORD-202606-00188,2026-06-17,CUST-3577,Wireless Mouse,Electronics,South,Vikram,3,847.88
ORD-202606-00189,2026-06-07,CUST-3247,Study Table,Furniture, East,Rahul,3,4964.93
ORD-202606-00190,2026-06-18,CUST-2909,Headphones,Electronics,,Karan,5,2283.5
ORD-202606-00191,2026-06-22,CUST-0933,Wireless Mouse,Electronics,North,Amit,3,723.85
ORD-202606-00192,2026-06-26,CUST-4154,Keyboard,Electronics,North,Rahul,1,1365.48
ORD-202606-00193,2026-06-17,CUST-3037,Webcam,Electronics,East,Karan,7,1881.07
ORD-202606-00194,2026-06-26,CUST-2103,Keyboard,Electronics,West,Amit,2,1256.83
ORD-202606-00195,2026-06-19,,Study Table,Furniture,South,Ananya,3,5618.98
ORD-202606-00196,2026-06-19,CUST-2177,Keyboard,Electronics,West,Ananya,2,1183.63
ORD-202606-00197,2026-06-19,CUST-0480,Laptop Stand,Accessories,North,Ananya,7,1566.54
ORD-202606-00198,2026-06-10,CUST-2403,Wireless Mouse,Electronics,South,Rahul,6,861.55
ORD-202606-00199,2026-06-07,CUST-1194,Laptop Stand,Accessories,West,Amit,6,1459.3
ORD-202606-00200,2026-06-03,CUST-0319,Webcam,Electronics,West,,4,1951.49
ORD-202606-00201,2026-06-16,CUST-1801,Notebook,Office,North,Sneha,4,-100.0
ORD-202606-00202,2026-06-14,CUST-3914,Pen Set,Office,North,Rahul,3,306.56
ORD-202606-00203,2026-06-19,CUST-4123,Mouse Pad,Accessories,South,Karan,7,404.35
ORD-202606-00204,2026-06-22,CUST-2054,Headphones,Electronics,Central,Priya,6,2599.32
ORD-202606-00205,2026-06-04,CUST-0971,Office Chair,Furniture,North,Amit,3,7084.4
ORD-202606-00206,2026-07-01,CUST-1151,Pen Set,Office,Central,Karan,2,315.36
ORD-202606-00207,2026-07-01,CUST-4573,Wireless Mouse,Electronics,West,Sneha,4,736.29
ORD-202606-00208,2026-06-25,CUST-4345,Monitor Stand,Furniture,Central,Rahul,1,2190.09
ORD-202606-00209,2026-06-16,CUST-0246,Pen Set,Office,North ,Priya,2,287.05
ORD-202606-00210,2026-07-01,CUST-1215,Desk Organizer,Office,East,Priya,3,616.31
ORD-202606-00211,2026-06-02,CUST-1242,USB Hub,Accessories,West,Vikram,5,851.43
ORD-202606-00212,2026-06-14,CUST-3892,Monitor Stand,Furniture,North,Neha,1,2034.78
ORD-202606-00213,2026-07-01,CUST-4607,USB Hub,Accessories,East,Priya,2,919.62
ORD-202606-00214,2026-06-14,CUST-0624,Notebook,Office,Central,Ananya,3,206.41
ORD-202606-00215,2026-06-24,CUST-3354,Mouse Pad,Accessories,Central,Vikram,4,407.84
ORD-202606-00216,2026-06-18,CUST-4976,Laptop Stand,Accessories,,Ananya,2,1496.11
ORD-202606-00217,2026-06-20,CUST-3952,Office Chair,Furniture,South,Priya,6,6898.44
ORD-202606-00218,2026-06-28,CUST-4929,Mouse Pad,Accessories,East,Sneha,5,413.51
ORD-202606-00219,2026-06-16,CUST-4378,Notebook,Office,South,Rahul,6,205.5
ORD-202606-00220,2026-06-07,CUST-4419,Study Table,Furniture,East,Rahul,7,5355.77
ORD-202606-00221,2026-06-21,CUST-0790,Webcam,Electronics,North,Rahul,1,1980.4
ORD-202606-00222,2026-06-11,CUST-4197,Laptop Stand,Accessories,North,Rahul,2,1528.1
ORD-202606-00223,2026-06-21,CUST-4540,Laptop Stand,Accessories,South,Vikram,6,1568.58
ORD-202606-00224,2026-06-21,CUST-0921,Mouse Pad,Accessories,Central,Sneha,4,412.08
ORD-202606-00225,2026-06-15,CUST-4235,Office Chair,Furniture,West,Rahul,5,6948.76
ORD-202606-00226,2026-06-23,CUST-1045,Keyboard,Electronics,South,Priya,7,1353.6
ORD-202606-00227,2026-06-10,CUST-3436,USB Hub,Accessories,East,Sneha,6,945.94
ORD-202606-00228,2026-06-06,CUST-3519,Office Chair,Furniture,Central,Karan,1,7678.93
ORD-202606-00229,2026-06-01,CUST-4963,Desk Organizer,Office,East,Vikram,1,611.82
ORD-202606-00230,2026-06-25,CUST-0211,Study Table,Furniture,West,Amit,1,5644.52
ORD-202606-00231,2026-06-28,CUST-4810,Pen Set,Office,West,Priya,5,281.61
ORD-202606-00232,2026-06-21,CUST-4477,Mouse Pad,Accessories,South,Ananya,4,404.17
ORD-202606-00233,2026-06-02,CUST-1688,Webcam,Electronics,North,Amit,1,1977.06
ORD-202606-00234,2026-06-16,CUST-4640,Monitor Stand,Furniture,West,Amit,1,1972.89
ORD-202606-00235,2026-06-19,CUST-4195,Headphones,Electronics,Central,Ananya,5,2571.98
ORD-202606-00236,2026-06-21,CUST-0842,Desk Organizer,Office,Central,Sneha,1,554.55
ORD-202606-00237,2026-06-12,CUST-0770,Pen Set,Office,Central,Vikram,1,287.29
ORD-202606-00238,2026-06-30,CUST-3886,Webcam,Electronics,East,Rahul,2,1981.26
ORD-202606-00239,2026-06-02,CUST-1970,Mouse Pad,Accessories,East,Neha,1,433.16
ORD-202606-00240,2026-06-16,CUST-2062,Laptop Stand,Accessories,North,Rahul,7,1501.42
ORD-202606-00241,2026-06-24,CUST-3760,Desk Organizer,Office,North,Ananya,2,552.83
ORD-202606-00242,2026-06-17,CUST-0949,Wireless Mouse,Electronics,Central,Vikram,7,781.24
ORD-202606-00243,2026-06-09,CUST-3045,Desk Organizer,Office,West,Vikram,5,658.64
ORD-202606-00244,2026-06-04,CUST-1489,Keyboard,Electronics,Central,Rahul,7,1232.19
ORD-202606-00245,2026-06-21,CUST-2546,Laptop Stand,Accessories,South,Karan,4,1589.39
ORD-202606-00246,2026-06-23,CUST-4762,Study Table,Furniture,West,Neha,3,5577.84
ORD-202606-00247,2026-06-15,CUST-0604,Monitor Stand,Furniture,East,Vikram,5,2170.66
ORD-202606-00248,2026-06-15,CUST-3885,Webcam,Electronics,South,Karan,1,1915.7
ORD-202606-00249,2026-06-26,CUST-2219,Monitor Stand,Furniture,West,Rahul,3,2122.94
ORD-202606-00250,2026-06-30,CUST-2268,Study Table,Furniture,North,Rahul,3,5630.84
ORD-202606-00251,2026-06-20,CUST-0135,USB Hub,Accessories,East,Amit,5,832.11
ORD-202606-00252,2026-06-09,CUST-1853,Webcam,Electronics,South,Sneha,1,1907.02
ORD-202606-00253,2026-06-12,CUST-2042,Laptop Stand,Accessories,South,Rahul,3,1496.11
ORD-202606-00254,2026-06-29,CUST-3464,Webcam,Electronics,West,Vikram,7,2030.64
ORD-202606-00255,2026-06-23,CUST-1512,USB Hub,Accessories,Central,Karan,4,978.52
ORD-202606-00256,,CUST-4032,Study Table,Furniture,East,Rahul,7,5732.81
ORD-202606-00257,2026-06-22,CUST-3690,Keyboard,Electronics,North,Sneha,7,1278.65
ORD-202606-00258,2026-06-02,CUST-1149,Office Chair,Furniture,Central,Rahul,4,6644.67
ORD-202606-00259,2026-06-15,,Notebook,Office, East,Neha,3,190.89
ORD-202606-00260,2026-06-15,CUST-4082,Pen Set,Office,South,Amit,7,281.32
ORD-202606-00261,2026-06-26,CUST-4709,Monitor Stand,Furniture,East,Priya,5,1861.07
ORD-202606-00262,2026-06-09,CUST-2051,Mouse Pad,Accessories,North,Sneha,4,365.95
ORD-202606-00263,2026-06-29,CUST-2700,Headphones,Electronics,East,Neha,2,2539.32
ORD-202606-00264,2026-06-06,CUST-4647,USB Hub,Accessories,Central,Ananya,3,987.68
ORD-202606-00265,2026-06-10,CUST-3600,Desk Organizer,Office,East,Karan,6,618.47
ORD-202606-00266,2026-06-25,CUST-1341,USB Hub,Accessories,West,Amit,3,979.25
ORD-202606-00267,2026-06-06,CUST-1604,Notebook,Office,North,Vikram,2,199.21
ORD-202606-00268,2026-06-04,CUST-2826,Office Chair,Furniture,,Sneha,1,7211.55
ORD-202606-00269,2026-06-09,CUST-2394,Headphones,Electronics,South,Neha,6,2343.88
ORD-202606-00270,2026-06-28,CUST-2746,Pen Set,Office ,Central,Priya,3,269.77
ORD-202606-00271,2026-06-10,CUST-3226,Mouse Pad,Accessories,East,Amit,1,366.51
ORD-202606-00272,2026-06-10,CUST-2641,USB Hub,Accessories,East,Vikram,1,874.06
ORD-202606-00273,2026-06-15,CUST-0301,Monitor Stand,Furniture,North,Amit,3,2189.01
ORD-202606-00274,2026-06-05,CUST-0278,Webcam,Electronics,East,Neha,6,1860.53
ORD-202606-00275,2026-06-02,CUST-0577,Webcam,Electronics,South,Neha,5,1733.65
ORD-202606-00276,2026-06-07,CUST-4413,Pen Set,Office,North,Sneha,2,280.96
ORD-202606-00277,2026-06-05,CUST-2024,Monitor Stand,Furniture,North,Vikram,1,2002.49
ORD-202606-00278,2026-06-16,CUST-2050,Pen Set,Office,Central,Vikram,5,305.81
ORD-202606-00279,2026-06-14,CUST-2710,Mouse Pad,Accessories,South,Neha,7,431.35
ORD-202606-00280,2026-06-21,,Wireless Mouse,Electronics,East,Sneha,5,848.07
ORD-202606-00281,2026-06-20,CUST-0607,Study Table,Furniture,South,Priya,4,5397.11
ORD-202606-00282,2026-06-11,CUST-0922,Pen Set,Office,South,Rahul,4,310.82
ORD-202606-00283,2026-06-27,CUST-1531,Monitor Stand,Furniture,East,Priya,3,1971.23
ORD-202606-00284,2026-06-27,CUST-1718,Headphones,Electronics,Central,Vikram,2,2545.85
ORD-202606-00285,2026-06-04,CUST-3014,Laptop Stand,Accessories,West,Neha,4,1566.73
ORD-202606-00286,2026-06-26,CUST-2554,Monitor Stand,Furniture,West,Ananya,7,1849.78
ORD-202606-00287,2026-06-03,CUST-1998,Desk Organizer,Office,West,Neha,7,577.07
ORD-202606-00288,2026-06-06,CUST-4112,Desk Organizer,Office,West,Ananya,3,580.96
ORD-202606-00289,2026-06-14,CUST-4939,Pen Set,Office,Central,Karan,2,288.43
ORD-202606-00290,2026-06-25,CUST-0999,Webcam,Electronics,West,Vikram,4,2030.22
ORD-202606-00291,2026-06-03,CUST-0771,Notebook,Office,North,Rahul,4,218.2
ORD-202606-00292,2026-06-24,CUST-0498,Wireless Mouse,Electronics,Central,Neha,1,766.86
ORD-202606-00293,2026-06-05,CUST-1935,Webcam,Electronics,East,Priya,2,1719.98
ORD-202606-00294,2026-06-13,CUST-4080,Mouse Pad,Accessories ,East,Rahul,7,419.29
ORD-202606-00295,2026-06-04,CUST-1754,Notebook,Office,South,Vikram,7,196.17
ORD-202606-00296,2026-06-23,CUST-3890,Mouse Pad,Accessories,East,Vikram,6,400.12
ORD-202606-00297,2026-06-13,CUST-1658,Keyboard,Electronics,Central,Vikram,7,1286.65
ORD-202606-00298,2026-06-23,CUST-2710,Desk Organizer,Office,South,Sneha,3,553.19
ORD-202606-00299,2026-06-18,CUST-4169,Desk Organizer,Office,South,,3,630.78
ORD-202606-00300,2026-06-04,CUST-0680,USB Hub,Accessories,Central,Neha,4,970.69
ORD-202606-00301,2026-06-16,CUST-0817,Monitor Stand,Furniture,Central,Ananya,5,2003.51
ORD-202606-00302,2026-06-07,CUST-1162,Keyboard,Electronics,East,Priya,1,1300.46
ORD-202606-00303,2026-06-19,CUST-2422,Webcam,Electronics,West,Vikram,5,1782.44
ORD-202606-00304,2026-06-28,CUST-4649,USB Hub,Accessories,West,Amit,6,966.93
ORD-202606-00305,2026-06-27,CUST-1510,USB Hub,Accessories,Central,Vikram,3,933.96
ORD-202606-00306,2026-06-15,CUST-0236,Headphones,Electronics,West,Sneha,2,2611.34
ORD-202606-00307,2026-06-20,CUST-1059,Webcam,Electronics,South,Priya,7,1873.92
ORD-202606-00308,2026-06-18,CUST-3245,Laptop Stand,Accessories,Central,Neha,7,1632.7
ORD-202606-00309,2026-06-07,CUST-0551,USB Hub,Accessories,South,Rahul,4,960.76
ORD-202606-00310,2026-06-23,CUST-0977,Webcam,Electronics,Central,Neha,3,1789.93
ORD-202606-00311,2026-06-11,CUST-2417,Laptop Stand,Accessories,East,Priya,6,1554.06
ORD-202606-00312,2026-06-29,CUST-2824,Notebook,Office,Central,Sneha,1,205.41
ORD-202606-00313,2026-06-18,CUST-3775,Monitor Stand,Furniture,East,Sneha,4,2110.91
ORD-202606-00314,2026-06-27,CUST-3592,Office Chair,Furniture,North,Ananya,7,6518.16
ORD-202606-00315,2026-06-18,CUST-0545,Wireless Mouse,Electronics,East,Sneha,5,804.8
ORD-202606-00316,2026-06-14,CUST-3412,USB Hub,Accessories,West,Neha,1,896.3
ORD-202606-00317,2026-06-24,CUST-0305,Pen Set,Office,South,Karan,3,277.66
ORD-202606-00318,2026-06-12,CUST-0518,Notebook,Office,Central,Amit,3,209.93
ORD-202606-00319,2026-06-18,CUST-3326,Office Chair,Furniture,West,Karan,5,6342.02
ORD-202606-00320,2026-06-16,CUST-3440,Laptop Stand,Accessories,Central,Neha,7,1373.18
ORD-202606-00321,2026-06-18,CUST-0007,Headphones,Electronics,South,Karan,7,2605.29
ORD-202606-00322,2026-06-29,CUST-3052,Headphones,Electronics,North,Rahul,2,2707.98
ORD-202606-00323,2026-06-03,CUST-1516,Mouse Pad,Accessories,West,Amit,5,365.11
ORD-202606-00324,2026-06-26,CUST-2292,Keyboard,Electronics,South,Rahul,3,1310.07
ORD-202606-00325,2026-06-13,CUST-0111,Laptop Stand,Accessories,South,Vikram,3,1532.43
ORD-202606-00326,2026-06-24,CUST-0386,Office Chair,Furniture,South,Karan,7,6921.46
ORD-202606-00327,2026-06-04,CUST-4306,Headphones,Electronics,West,Neha,5,2487.16
ORD-202606-00328,2026-06-25,CUST-4478,Office Chair,Furniture,North,Amit,1,6932.7
ORD-202606-00329,2026-06-13,CUST-0707,Laptop Stand,Accessories,South,Ananya,6,1599.53
ORD-202606-00330,2026-06-29,,Headphones,Electronics,North,,5,2704.13
ORD-202606-00331,2026-06-09,CUST-1854,Keyboard,Electronics,North,Ananya,7,1188.26
ORD-202606-00332,2026-06-11,CUST-1190,Wireless Mouse,Electronics,East,Neha,7,736.17
ORD-202606-00333,2026-06-22,CUST-2540,Office Chair,Furniture,East,Amit,5,6943.84
ORD-202606-00334,2026-06-04,CUST-1177,Wireless Mouse,Electronics,South,Vikram,2,822.85
ORD-202606-00335,2026-06-04,CUST-4258,Wireless Mouse,Electronics,South,Vikram,3,822.48
ORD-202606-00336,2026-06-11,CUST-1910,Office Chair,Furniture,North,Rahul,3,7459.61
ORD-202606-00337,2026-06-19,CUST-0385,Desk Organizer,Office,East,Ananya,5,646.95
ORD-202606-00338,2026-06-21,CUST-4487,Wireless Mouse,Electronics,North,Neha,6,795.09
ORD-202606-00339,2026-06-29,CUST-3340,Keyboard,Electronics,North,Karan,3,1383.73
ORD-202606-00340,2026-06-24,CUST-1856,Pen Set,Office,West,Amit,1,297.84
ORD-202606-00341,2026-06-12,CUST-3725,USB Hub,Accessories,Central,Priya,4,985.38
ORD-202606-00342,2026-06-02,CUST-3710,Wireless Mouse,Electronics,North,Vikram,3,783.03
ORD-202606-00343,2026-06-09,CUST-4922,Webcam,Electronics,West,Neha,2,1824.59
ORD-202606-00344,2026-06-01,CUST-2238,Mouse Pad,Accessories,Central,Amit,4,419.94
ORD-202606-00345,2026-06-23,CUST-0914,Pen Set,Office,South,Ananya,3,276.45
ORD-202606-00346,2026-06-10,CUST-1652,Notebook,Office,West,Karan,7,214.0
ORD-202606-00347,2026-06-28,CUST-3546,Monitor Stand,Furniture,East,Neha,6,2120.29
ORD-202606-00348,2026-06-26,CUST-4950,Webcam,Electronics,West,Vikram,7,2003.14
ORD-202606-00349,2026-06-28,CUST-4721,Headphones,Electronics,Central,Ananya,4,2432.49
ORD-202606-00350,2026-06-22,CUST-2074,Desk Organizer,Office,North,Rahul,7,607.95
ORD-202606-00351,2026-06-24,CUST-3374,Pen Set,Office,South,Amit,5,327.4
ORD-202606-00352,2026-06-29,CUST-4323,Desk Organizer,Office,South,Rahul,2,555.21
ORD-202606-00353,2026-06-12,CUST-0401,Mouse Pad,Accessories,South,Vikram,5,383.26
ORD-202606-00354,2026-06-04,CUST-0091,Notebook,Office,North,Rahul,7,214.0
ORD-202606-00355,2026-06-09,CUST-1135,Office Chair,Furniture,East,Amit,3,7247.98
ORD-202606-00356,2026-06-11,CUST-1837,Notebook,Office,Central,Ananya,2,183.68
ORD-202606-00357,2026-06-17,CUST-2728,Notebook,Office,West,Neha,2,203.24
ORD-202606-00358,2026-06-19,CUST-0677,USB Hub, Accessories,East,Karan,7,855.58
ORD-202606-00359,2026-06-20,CUST-0862,Mouse Pad,Accessories,East,Vikram,2,430.42
ORD-202606-00360,2026-06-14,CUST-3403,Laptop Stand,Accessories,Central,Ananya,2,1557.3
ORD-202606-00361,2026-06-01,CUST-3707,Office Chair,Furniture,East,Rahul,2,7019.96
ORD-202606-00362,2026-06-15,CUST-1163,Webcam,Electronics,South,Amit,5,1878.93
ORD-202606-00363,2026-06-11,CUST-2018,Monitor Stand,Furniture,East,Amit,2,2054.88
ORD-202606-00364,2026-06-11,CUST-2745,Keyboard,Electronics,South,Sneha,2,1413.47
ORD-202606-00365,2026-06-12,CUST-4794,Monitor Stand,Furniture,East,Rahul,2,1885.29
ORD-202606-00366,2026-06-17,CUST-4557,Monitor Stand,Furniture,West,Priya,2,1985.22
ORD-202606-00367,2026-06-14,CUST-3314,Keyboard,Electronics,South,Sneha,6,1283.51
ORD-202606-00368,2026-06-25,CUST-3363,Desk Organizer,Office,South,Neha,3,655.43
ORD-202606-00369,2026-06-03,CUST-3223,Study Table,Furniture,North,Sneha,2,5209.21
ORD-202606-00370,2026-06-15,CUST-4605,Headphones,Electronics,North,Vikram,4,2391.98
ORD-202606-00371,2026-06-29,CUST-4232,Pen Set,Office,East,Priya,7,327.79
ORD-202606-00372,2026-06-04,CUST-4045,Office Chair,Furniture,Central,Ananya,1,7115.73
ORD-202606-00373,2026-06-30,CUST-2287,Monitor Stand,Furniture,East,Amit,3,2140.96
ORD-202606-00374,2026-06-13,CUST-0173,Study Table,Furniture,West,Ananya,6,5971.4
ORD-202606-00375,2026-06-27,CUST-2384,Desk Organizer,Office,West,Amit,4,554.47
ORD-202606-00376,2026-06-26,CUST-2998,Webcam,Electronics,Central,Ananya,5,2051.82
ORD-202606-00377,2026-06-26,CUST-2409,Headphones,Electronics,Central,Rahul,2,2655.59
ORD-202606-00378,2026-06-20,CUST-3477,Monitor Stand,Furniture,,Vikram,3,1806.68
ORD-202606-00379,,CUST-4238,Desk Organizer,Office,Central,Amit,4,610.65
ORD-202606-00380,2026-06-18,CUST-2376,Webcam,Electronics,West,Amit,2,1918.66
ORD-202606-00381,2026-06-25,CUST-1385,Keyboard,Electronics,South,Vikram,1,1227.94
ORD-202606-00382,2026-06-25,CUST-4208,Wireless Mouse,Electronics,East,Neha,6,792.98
ORD-202606-00383,2026-06-12,CUST-4592,Mouse Pad,Accessories,Central,Ananya,1,378.29
ORD-202606-00384,2026-07-01,CUST-1100,Mouse Pad,Accessories,Central,Ananya,4,426.57
ORD-202606-00385,,CUST-1231,Headphones,Electronics,North,Neha,3,2269.16
ORD-202606-00386,2026-06-02,CUST-4404,Headphones,Electronics,Central,Amit,5,2635.06
ORD-202606-00387,2026-06-21,CUST-2779,Desk Organizer,Office,Central,Neha,5,566.73
ORD-202606-00388,2026-06-05,CUST-4932,Webcam,Electronics,West,Karan,6,2001.43
ORD-202606-00389,2026-06-25,CUST-1693,Laptop Stand,Accessories,South,Neha,7,1612.65
ORD-202606-00390,2026-06-29,CUST-0078,Webcam,electronics,Central,,1,2050.01
ORD-202606-00391,2026-06-08,CUST-3950,Monitor Stand,Furniture,West,Amit,6,1960.24
ORD-202606-00392,2026-06-21,CUST-0344,Wireless Mouse,Electronics,South,Ananya,7,735.36
ORD-202606-00393,2026-06-06,CUST-4935,Desk Organizer,Office,West,Ananya,6,637.09
ORD-202606-00394,2026-06-11,CUST-4453,Mouse Pad,Accessories,North,Amit,7,383.25
ORD-202606-00395,2026-06-04,CUST-2615,Monitor Stand,Furniture,North,Neha,5,2163.2
ORD-202606-00396,2026-06-25,CUST-3684,Keyboard,Electronics,East,Amit,1,1218.86
ORD-202606-00397,2026-06-24,CUST-2560,Monitor Stand,Furniture,North,Amit,3,1919.11
ORD-202606-00398,2026-06-09,CUST-0592,Mouse Pad,Accessories,Central,Amit,2,405.84
ORD-202606-00399,2026-06-16,CUST-2621,Office Chair,Furniture,West,Sneha,7,7039.79
ORD-202606-00400,2026-06-12,CUST-0544,Keyboard,Electronics,,Ananya,7,1331.32
ORD-202606-00401,2026-06-24,CUST-2095,Pen Set,Office,South,Priya,1,312.09
ORD-202606-00402,2026-06-30,CUST-1433,Study Table,Furniture,East,Neha,3,5484.66
ORD-202606-00403,2026-06-12,CUST-3608,Notebook,Office,East,Rahul,1,215.85
ORD-202606-00404,2026-06-24,CUST-0987,Keyboard,Electronics,South,Neha,7,1339.79
ORD-202606-00405,2026-06-15,CUST-3832,Mouse Pad,Accessories,North,Karan,7,363.57
ORD-202606-00406,2026-06-04,,Wireless Mouse,Electronics,North,Priya,1,869.93
ORD-202606-00407,2026-06-02,CUST-3134,Webcam,Electronics,West,Rahul,7,1743.7
ORD-202606-00408,2026-06-12,CUST-2364,Mouse Pad,Accessories,Central,Neha,1,434.21
ORD-202606-00409,2026-06-18,CUST-0320,Desk Organizer,Office,East,Sneha,2,544.08
ORD-202606-00410,2026-06-05,CUST-1283,Wireless Mouse,Electronics,Central,Neha,2,791.92
ORD-202606-00411,2026-06-21,CUST-1370,Webcam,Electronics,West,Vikram,4,1899.34
ORD-202606-00412,2026-06-14,CUST-2295,Mouse Pad,Accessories,West,Sneha,5,387.1
ORD-202606-00413,2026-06-29,CUST-2785,Laptop Stand,Accessories,North,Neha,3,1416.48
ORD-202606-00414,2026-06-02,CUST-0530,Keyboard,Electronics,North,Neha,-1,1259.72
ORD-202606-00415,2026-06-30,CUST-0499,Desk Organizer,Office,North,Rahul,3,584.16
ORD-202606-00416,2026-06-16,CUST-4813,Notebook, Office,West,Vikram,3,188.38
ORD-202606-00417,2026-06-09,CUST-3026,Notebook,Office,South,Vikram,4,195.82
ORD-202606-00418,2026-06-14,CUST-4892,Keyboard,Electronics,North,Priya,1,1332.39
ORD-202606-00419,2026-06-17,CUST-0636,Office Chair,Furniture,North,Rahul,6,6710.01
ORD-202606-00420,2026-06-09,CUST-3696,Pen Set,Office,South,Amit,4,323.69
ORD-202606-00421,2026-06-20,CUST-4523,USB Hub,Accessories,South,Amit,1,960.79
ORD-202606-00422,2026-06-06,CUST-3815,Study Table,Furniture,North,Amit,5,5962.2
ORD-202606-00423,2026-06-07,CUST-4897,Notebook,Office,East,Amit,5,187.18
ORD-202606-00424,2026-07-01,CUST-4980,USB Hub,Accessories,North,Sneha,6,973.35
ORD-202606-00425,2026-06-06,CUST-1381,Webcam,Electronics,North,Ananya,1,1839.2
ORD-202606-00426,2026-06-21,CUST-1337,Headphones,Electronics,North,,1,2422.31
ORD-202606-00427,2026-06-07,CUST-2798,Desk Organizer,Office,West,Priya,7,587.46
ORD-202606-00428,2026-06-16,CUST-1621,Monitor Stand,Furniture,West,Priya,4,2027.4
ORD-202606-00429,2026-06-18,CUST-3469,Mouse Pad,Accessories,West,Priya,4,365.2
ORD-202606-00430,2026-06-22,CUST-2280,Notebook,Office,North,Neha,1,216.87
ORD-202606-00431,2026-07-01,CUST-2080,Wireless Mouse,Electronics,East,Neha,4,730.26
ORD-202606-00432,2026-06-07,CUST-2934,Headphones,Electronics,South,Sneha,5,2295.68
ORD-202606-00433,2026-06-06,CUST-1806,Office Chair,Furniture,West,Rahul,5,7090.81
ORD-202606-00434,2026-06-04,CUST-3650,Study Table,Furniture,South,Rahul,7,5247.11
ORD-202606-00435,2026-06-27,CUST-4104,Headphones,Electronics,East,Neha,7,2461.37
ORD-202606-00436,2026-06-26,CUST-1536,Notebook,Office,West,Sneha,7,198.7
ORD-202606-00437,2026-06-01,CUST-2977,Webcam,Electronics,East,Ananya,2,1867.74
ORD-202606-00438,2026-06-15,CUST-3596,Office Chair,Furniture,East,Sneha,3,6323.5
ORD-202606-00439,2026-06-23,CUST-0683,Office Chair,Furniture,North,Ananya,4,6383.45
ORD-202606-00440,2026-06-05,CUST-0313,Office Chair,Furniture,Central,Amit,4,6877.84
ORD-202606-00441,2026-06-15,CUST-4672,Headphones,Electronics,East,Amit,3,2568.05
ORD-202606-00442,2026-06-21,CUST-3257,Keyboard,Electronics,West,Amit,4,1352.86
ORD-202606-00443,2026-06-01,,Laptop Stand,Accessories,North,Vikram,7,1495.71
ORD-202606-00444,2026-06-28,CUST-1843,Headphones,Electronics,North,Sneha,1,2461.52
ORD-202606-00445,2026-06-29,CUST-4688,Webcam,Electronics,West,Vikram,4,1901.65
ORD-202606-00446,2026-06-01,CUST-4166,Wireless Mouse,Electronics,North,Rahul,6,873.85
ORD-202606-00447,2026-06-02,CUST-1193,Headphones,Electronics, Central,Sneha,4,2484.89
ORD-202606-00448,2026-06-01,CUST-4816,Webcam,Electronics,West,Sneha,3,2034.62
ORD-202606-00449,2026-06-10,CUST-2079,Webcam,Electronics,Central,Amit,5,2076.19
ORD-202606-00450,2026-06-15,CUST-3838,Office Chair,Furniture,North,Karan,4,6715.69
ORD-202606-00451,2026-06-01,CUST-2133,Webcam,Electronics,West,Karan,2,1845.11
ORD-202606-00452,2026-06-18,CUST-2027,Desk Organizer,Office,East,Sneha,3,627.92
ORD-202606-00453,2026-06-30,CUST-0532,Study Table,Furniture,West,Rahul,7,5727.19
ORD-202606-00454,2026-06-26,CUST-2630,Pen Set,Office ,South,Rahul,3,282.89
ORD-202606-00455,2026-06-21,CUST-0958,Notebook,Office,West,Rahul,4,203.98
ORD-202606-00456,2026-06-21,CUST-3888,Desk Organizer,Office,South,Priya,6,597.24
ORD-202606-00457,2026-06-04,CUST-4299,Keyboard,Electronics,East,Neha,4,1405.66
ORD-202606-00458,2026-06-02,CUST-2217,Mouse Pad,Accessories,Central,Karan,4,438.05
ORD-202606-00459,2026-06-22,CUST-1072,Office Chair,Furniture,Central,Sneha,7,6502.63
ORD-202606-00460,2026-06-12,CUST-4645,Webcam,Electronics,West,Neha,5,1779.76
ORD-202606-00461,2026-07-01,CUST-0504,Mouse Pad,Accessories,Central ,Sneha,2,387.84
ORD-202606-00462,2026-06-21,CUST-4138,Wireless Mouse,Electronics,East,Rahul,1,855.43
ORD-202606-00463,2026-06-17,CUST-4143,Pen Set,Office,East,Vikram,4,328.53
ORD-202606-00464,2026-06-16,CUST-4814,Wireless Mouse,Electronics,North,Ananya,4,824.21
ORD-202606-00465,2026-06-09,CUST-4596,Webcam,Electronics,West,Vikram,3,2039.88
ORD-202606-00466,2026-06-27,CUST-3225,Wireless Mouse,Electronics,Central,Karan,7,781.81
ORD-202606-00467,2026-06-19,CUST-4418,Notebook,Office,West,Rahul,7,190.25
ORD-202606-00468,,CUST-2140,Mouse Pad,Accessories,West,Neha,3,370.17
ORD-202606-00469,2026-06-20,CUST-3254,Pen Set,Office,North,Neha,3,278.03
ORD-202606-00470,2026-06-25,CUST-2570,Office Chair,Furniture ,North,Rahul,4,6851.71
ORD-202606-00471,2026-06-16,CUST-2404,Laptop Stand,Accessories,Central,Sneha,5,1380.98
ORD-202606-00472,2026-06-10,CUST-1026,Headphones,Electronics,South,Ananya,2,2344.49
ORD-202606-00473,,CUST-1546,Study Table,Furniture,East,Rahul,3,5951.06
ORD-202606-00474,2026-06-03,CUST-1166,Desk Organizer,Office,West,Amit,2,627.15
ORD-202606-00475,2026-06-18,CUST-1678,Office Chair,Furniture,South,Neha,7,6607.79
ORD-202606-00476,2026-06-22,CUST-4290,Mouse Pad,Accessories,East,Rahul,7,366.62
ORD-202606-00477,2026-06-22,CUST-0797,Desk Organizer,Office,East,Ananya,5,582.9
ORD-202606-00478,2026-06-20,CUST-4379,USB Hub,Accessories,West,Rahul,4,830.49
ORD-202606-00479,2026-06-22,CUST-4569,Headphones,Electronics,Central,Vikram,1,2261.61
ORD-202606-00480,2026-06-23,CUST-2979,Wireless Mouse,Electronics,East,Neha,2,849.38
ORD-202606-00481,2026-06-14,CUST-3447,Laptop Stand, Accessories,East,Amit,4,1632.24
ORD-202606-00482,2026-06-21,CUST-2258,Laptop Stand,Accessories,South,Ananya,4,1500.43
ORD-202606-00483,2026-06-12,CUST-2571,Wireless Mouse,Electronics,Central,Neha,1,855.46
ORD-202606-00484,2026-06-12,CUST-1286,USB Hub,Accessories,Central,Karan,6,883.88
ORD-202606-00485,2026-06-22,CUST-1081,USB Hub,Accessories,East,Priya,4,981.18
ORD-202606-00486,2026-06-27,CUST-0274,Monitor Stand,Furniture,Central,Rahul,5,2113.27
ORD-202606-00487,2026-06-05,CUST-1050,USB Hub,Accessories,South,Sneha,2,959.67
ORD-202606-00488,2026-06-12,CUST-3542,Office Chair,Furniture,East,Ananya,4,6576.09
ORD-202606-00489,2026-06-18,CUST-2658,Headphones,Electronics,North,Sneha,7,2584.98
ORD-202606-00490,2026-06-13,CUST-2853,Desk Organizer,Office,West,Vikram,5,658.39
ORD-202606-00491,2026-06-12,CUST-2475,Notebook,Office,North,Ananya,7,-100.0
ORD-202606-00492,2026-06-02,CUST-4986,Keyboard,Electronics,South,Vikram,5,1415.9
ORD-202606-00493,2026-06-13,CUST-4423,Webcam,Electronics,South,Sneha,2,2082.18
ORD-202606-00494,2026-06-28,CUST-3244,Study Table,Furniture,East,Karan,4,5393.95
ORD-202606-00495,2026-06-27,CUST-4814,Monitor Stand,Furniture,South,Neha,6,1874.5
ORD-202606-00496,2026-06-25,CUST-1134,Webcam,Electronics,Central,Ananya,3,1804.65
ORD-202606-00497,2026-06-07,CUST-2949,Webcam,Electronics,South,Sneha,2,1915.61
ORD-202606-00498,2026-06-01,CUST-2587,Pen Set,Office,East,Rahul,6,314.55
ORD-202606-00499,2026-06-11,CUST-3981,Laptop Stand,Accessories,South,Priya,5,1459.2
ORD-202606-00500,2026-06-08,CUST-0358,Mouse Pad,Accessories,West,Ananya,5,376.02
ORD-202606-00501,2026-06-19,CUST-2854,Keyboard,Electronics,East,Karan,3,1172.82
ORD-202606-00502,2026-06-22,CUST-1116,Keyboard,Electronics,North,Neha,1,1252.54
ORD-202606-00503,2026-06-10,CUST-1143,Desk Organizer,Office,East,Neha,4,566.31
ORD-202606-00504,2026-06-08,CUST-3236,Webcam,Electronics,Central,Karan,4,2065.59
ORD-202606-00505,2026-06-29,CUST-1285,Notebook,Office,West,Rahul,7,215.32
ORD-202606-00506,2026-06-03,CUST-3308,Keyboard,Electronics,East,Sneha,1,1243.66
ORD-202606-00507,2026-06-17,CUST-3427,Webcam,Electronics,North,Priya,4,1844.39
ORD-202606-00508,2026-06-20,CUST-4242,Office Chair,Furniture,North,Rahul,4,6677.88
ORD-202606-00509,2026-06-13,CUST-0180,Laptop Stand,Accessories,West,Vikram,2,1451.57
ORD-202606-00510,2026-06-11,CUST-3563,USB Hub,Accessories,Central,Vikram,6,879.9
ORD-202606-00511,2026-06-21,CUST-3461,Headphones,Electronics,North,Amit,4,2361.3
ORD-202606-00512,2026-06-17,CUST-4468,Study Table,Furniture,south,Ananya,2,5004.05
ORD-202606-00513,2026-06-18,CUST-3415,Headphones,Electronics,South,Amit,5,2638.07
ORD-202606-00514,2026-06-08,CUST-0452,Office Chair,Furniture,East,Amit,7,6584.68
ORD-202606-00515,2026-06-07,CUST-0585,Webcam,Electronics,East,Karan,2,2032.46
ORD-202606-00516,2026-06-19,CUST-3672,Monitor Stand,Furniture,North,Sneha,5,2174.06
ORD-202606-00517,2026-06-09,CUST-4034,Study Table,Furniture,North,Amit,1,5569.87
ORD-202606-00518,2026-06-06,CUST-1813,Desk Organizer,Office,South,Vikram,5,604.48
ORD-202606-00519,2026-06-29,CUST-0262,Wireless Mouse,Electronics,,Priya,6,751.75
ORD-202606-00520,2026-06-09,CUST-3607,Notebook,Office,Central,Vikram,6,196.41
ORD-202606-00521,2026-06-16,CUST-0893,Keyboard,Electronics,South,Neha,3,1286.73
ORD-202606-00522,2026-06-16,CUST-2877,USB Hub,Accessories,East,Karan,6,954.42
ORD-202606-00523,2026-06-11,CUST-0825,Keyboard,Electronics,South,Neha,5,1261.12
ORD-202606-00524,2026-06-17,CUST-1140,Headphones,Electronics,North,Karan,6,2412.26
ORD-202606-00525,2026-06-30,CUST-0692,Pen Set,Office,West,Rahul,3,328.07
ORD-202606-00526,2026-06-20,CUST-2461,Monitor Stand,Furniture,Central,,4,2017.34
ORD-202606-00527,2026-06-20,CUST-2892,Study Table,Furniture,West,Rahul,2,5755.83
ORD-202606-00528,2026-06-16,CUST-1425,Keyboard,Electronics,North,Vikram,6,1336.04
ORD-202606-00529,2026-06-22,CUST-3927,Webcam,Electronics,South,Rahul,1,1945.75
ORD-202606-00530,2026-06-01,CUST-1884,Office Chair,Furniture,South,Karan,4,7046.0
ORD-202606-00531,2026-06-09,CUST-2711,USB Hub,Accessories,East,Vikram,7,847.09
ORD-202606-00532,2026-06-01,CUST-3857,Monitor Stand,Furniture,West,Vikram,2,1905.02
ORD-202606-00533,2026-06-07,CUST-1848,Headphones,Electronics,Central,Priya,5,2691.9
ORD-202606-00534,2026-06-05,CUST-3609,Desk Organizer,Office,East,Priya,1,614.23
ORD-202606-00535,2026-06-15,CUST-4519,Headphones,Electronics,East,Sneha,1,2619.13
ORD-202606-00536,2026-06-30,CUST-2936,USB Hub,Accessories,West,Karan,3,978.76
ORD-202606-00537,2026-06-13,CUST-1859,Mouse Pad,Accessories,West,Priya,1,377.5
ORD-202606-00538,2026-06-25,CUST-1413,Office Chair,Furniture,North,Rahul,1,7688.28
ORD-202606-00539,2026-06-25,CUST-2902,Study Table,Furniture,South,Karan,2,5269.01
ORD-202606-00540,2026-06-16,CUST-2465,Wireless Mouse,Electronics,South,Rahul,2,756.59
ORD-202606-00541,2026-06-07,CUST-4605,Office Chair,Furniture,,Sneha,4,6522.69
ORD-202606-00542,2026-06-10,CUST-3380,Office Chair,Furniture,East,Rahul,1,7308.26
ORD-202606-00543,2026-06-19,CUST-4125,Notebook,Office,North,Rahul,4,202.18
ORD-202606-00544,2026-06-02,CUST-0939,Laptop Stand,Accessories,Central,Ananya,4,1634.68
ORD-202606-00545,2026-06-15,CUST-1604,Notebook,Office,East,Priya,5,187.7
ORD-202606-00546,2026-06-16,CUST-0298,Office Chair,Furniture,South,Vikram,5,6769.47
ORD-202606-00547,2026-06-23,CUST-2334,Pen Set,Office,East,Ananya,5,280.69
ORD-202606-00548,2026-06-27,CUST-3234,Webcam,Electronics,,Rahul,2,1841.82
ORD-202606-00549,2026-06-30,CUST-2351,USB Hub,Accessories,West,Ananya,6,878.5
ORD-202606-00550,2026-06-22,CUST-4712,Monitor Stand,Furniture,South,Neha,2,1808.79
ORD-202606-00551,2026-06-06,CUST-3356,Laptop Stand,Accessories,East,Priya,3,1435.98
ORD-202606-00552,2026-06-16,CUST-3055,Webcam,Electronics,East,Amit,2,2032.07
ORD-202606-00553,2026-06-27,CUST-0304,Notebook,Office,West,Karan,7,183.71
ORD-202606-00554,2026-06-07,CUST-2568,Office Chair,Furniture,Central,Priya,5,7348.77
ORD-202606-00555,2026-06-25,CUST-4266,Wireless Mouse,Electronics,East,Sneha,5,741.5
ORD-202606-00556,2026-06-01,CUST-4525,Office Chair,Furniture,South,Vikram,2,7260.74
ORD-202606-00557,2026-06-21,CUST-3258,Study Table,Furniture,Central,Amit,2,5133.99
ORD-202606-00558,2026-06-24,CUST-2549,Desk Organizer,Office,Central,Rahul,2,624.74
ORD-202606-00559,2026-06-05,CUST-3258,Notebook,Office,Central,Karan,7,188.09
ORD-202606-00560,2026-06-16,CUST-4464,Monitor Stand,Furniture,Central,Ananya,4,1808.86
ORD-202606-00561,2026-06-23,CUST-0209,Notebook,Office,East,Neha,6,195.46
ORD-202606-00562,2026-06-15,CUST-2901,Webcam,Electronics,West,Ananya,6,1757.58
ORD-202606-00563,2026-06-12,CUST-0960,USB Hub,Accessories,East,Ananya,1,822.92
ORD-202606-00564,2026-06-29,CUST-0584,Monitor Stand,Furniture,West,Ananya,5,2064.49
ORD-202606-00565,2026-07-01,CUST-2132,Study Table,Furniture,Central,Karan,5,5585.51
ORD-202606-00566,2026-06-13,CUST-3978,USB Hub,Accessories,East,Priya,2,941.92
ORD-202606-00567,2026-06-14,CUST-0351,Keyboard,Electronics,West,Karan,4,1190.65
ORD-202606-00568,2026-06-17,CUST-0992,Notebook,Office,Central,Karan,3,188.86
ORD-202606-00569,2026-06-05,CUST-3760,Mouse Pad,Accessories,North,Karan,7,407.27
ORD-202606-00570,2026-06-21,CUST-1056,Study Table,Furniture,Central,Amit,7,5858.54
ORD-202606-00571,2026-06-24,CUST-1943,Laptop Stand,Accessories,East ,Rahul,3,1469.47
ORD-202606-00572,2026-06-20,CUST-1601,Desk Organizer,Office,Central,Sneha,1,595.75
ORD-202606-00573,2026-06-25,CUST-3855,Headphones,Electronics,North,Rahul,3,2420.33
ORD-202606-00574,2026-06-20,CUST-1738,Headphones,Electronics,South,Amit,6,2618.04
ORD-202606-00575,2026-06-14,CUST-1210,Office Chair,Furniture,East,Neha,1,6406.58
ORD-202606-00576,2026-06-09,CUST-0450,Pen Set,Office,Central,,2,321.78
ORD-202606-00577,2026-06-26,,Desk Organizer,Office,Central,Karan,2,649.31
ORD-202606-00578,2026-06-22,CUST-4829,Study Table,Furniture,East,Ananya,5,5270.88
ORD-202606-00579,2026-06-20,CUST-2390,Pen Set,Office,South,Neha,5,314.11
ORD-202606-00580,2026-06-06,CUST-4403,Pen Set,Office,East,Amit,2,297.56
ORD-202606-00581,2026-06-21,CUST-0142,Headphones,Electronics,South,Karan,3,2446.07
ORD-202606-00582,2026-06-10,CUST-2763,Desk Organizer,Office,East,Vikram,5,560.11
ORD-202606-00583,2026-06-12,CUST-2379,Desk Organizer,Office,North,Sneha,7,656.76
ORD-202606-00584,2026-07-01,CUST-3148,Keyboard,Electronics,North,Sneha,5,1363.15
ORD-202606-00585,2026-06-07,CUST-3216,Laptop Stand,Accessories,North,Ananya,7,1601.89
ORD-202606-00586,2026-06-27,CUST-4467,Mouse Pad,Accessories,West,Priya,7,402.21
ORD-202606-00587,2026-06-05,CUST-0580,Pen Set,Office,North,Rahul,6,300.98
ORD-202606-00588,2026-06-04,,Laptop Stand,Accessories,South,Neha,1,1604.52
ORD-202606-00589,2026-06-24,CUST-0218,Mouse Pad,Accessories,Central,Neha,4,392.99
ORD-202606-00590,,CUST-4514,USB Hub,Accessories,South,Karan,7,-100.0
ORD-202606-00591,2026-06-30,CUST-2506,Webcam,Electronics,South,Vikram,4,1970.08
ORD-202606-00592,2026-06-27,CUST-4205,Pen Set,Office,Central,Neha,5,301.7
ORD-202606-00593,2026-06-18,CUST-2733,USB Hub,Accessories, Central,Amit,4,966.79
ORD-202606-00594,2026-06-24,CUST-4628,Study Table,Furniture,East,Rahul,1,5190.49
ORD-202606-00595,2026-06-15,CUST-2069,USB Hub,Accessories,East,Sneha,6,817.02
ORD-202606-00596,2026-06-03,CUST-3349,Desk Organizer,Office,North,Ananya,7,587.13
ORD-202606-00597,2026-06-01,CUST-2490,Mouse Pad,Accessories,North,Rahul,3,372.1
ORD-202606-00598,2026-06-09,CUST-1891,Webcam, Electronics,Central,Karan,7,1757.47
ORD-202606-00599,2026-06-28,CUST-4457,Office Chair,Furniture,North,Amit,7,6358.57
ORD-202606-00600,2026-06-04,CUST-1479,Laptop Stand,Accessories,West,Ananya,3,1608.53
ORD-202606-00601,2026-06-28,CUST-0585,Mouse Pad,Accessories,East,Neha,5,394.57
ORD-202606-00602,2026-06-10,CUST-4783,Notebook,Office,Central,Ananya,7,191.21
ORD-202606-00603,2026-06-13,CUST-4613,Monitor Stand,Furniture,West,Rahul,5,2162.15
ORD-202606-00604,2026-06-20,CUST-1505,Keyboard,Electronics,Central,Amit,3,1241.65
ORD-202606-00605,2026-06-23,CUST-0981,USB Hub,Accessories,East,Ananya,7,813.42
ORD-202606-00606,2026-06-05,CUST-4842,USB Hub,Accessories,South,Sneha,3,934.76
ORD-202606-00607,2026-06-23,CUST-2981,Office Chair,Furniture,Central,Ananya,7,6537.22
ORD-202606-00608,2026-06-24,CUST-2984,Mouse Pad,Accessories,West,Priya,5,429.56
ORD-202606-00609,2026-06-03,CUST-2429,USB Hub,Accessories,North,Karan,5,948.2
ORD-202606-00610,2026-06-27,CUST-0214,USB Hub,Accessories,Central,Sneha,4,826.46
ORD-202606-00611,2026-06-17,CUST-3725,Notebook,Office,Central,Sneha,3,214.31
ORD-202606-00612,2026-06-22,CUST-0821,Wireless Mouse,Electronics,West,Ananya,6,755.4
ORD-202606-00613,2026-06-09,CUST-1714,Webcam,Electronics,Central,Karan,6,1713.75
ORD-202606-00614,2026-06-23,CUST-1646,Wireless Mouse,Electronics,East,Vikram,2,748.73
ORD-202606-00615,2026-06-21,CUST-4815,Monitor Stand,Furniture,North,Sneha,4,1893.03
ORD-202606-00616,2026-06-03,CUST-0934,Office Chair,Furniture,Central,Vikram,7,6829.48
ORD-202606-00617,2026-06-06,CUST-0586,USB Hub,Accessories,South,Priya,1,855.07
ORD-202606-00618,2026-06-24,CUST-1355,Laptop Stand,Accessories,East,Amit,4,1539.8
ORD-202606-00619,2026-06-24,CUST-3026,Webcam,Electronics,South,Sneha,4,1856.02
ORD-202606-00620,2026-06-09,CUST-3571,Office Chair,Furniture,East,Karan,5,6929.21
ORD-202606-00621,2026-06-15,CUST-2680,Notebook,Office ,East,Sneha,3,206.18
ORD-202606-00622,2026-06-24,CUST-3008,Monitor Stand,Furniture,North,Sneha,1,2020.06
ORD-202606-00623,2026-06-26,CUST-0070,Pen Set,Office,East,Vikram,1,283.0
ORD-202606-00624,2026-06-06,CUST-0055,Keyboard,Electronics,North,Karan,5,1397.36
ORD-202606-00625,2026-06-25,CUST-0810,Desk Organizer,Office,Central,Sneha,6,545.78
ORD-202606-00626,2026-06-14,CUST-2755,Keyboard,Electronics,West,,5,1314.02
ORD-202606-00627,2026-06-22,CUST-4719,Keyboard,Electronics,Central,Karan,1,1272.3
ORD-202606-00628,2026-06-03,CUST-0906,Laptop Stand,Accessories,North,Sneha,3,1586.42
ORD-202606-00629,2026-06-02,CUST-2377,Keyboard,Electronics,East,Neha,3,1427.47
ORD-202606-00630,2026-06-13,CUST-4240,Notebook,Office,South,Neha,6,202.59
ORD-202606-00631,2026-06-24,CUST-1516,Webcam,Electronics,West,Rahul,1,1868.37
ORD-202606-00632,2026-06-24,CUST-4736,Webcam,Electronics,West,Ananya,6,1900.23
ORD-202606-00633,2026-06-19,CUST-2201,Mouse Pad,Accessories,West,Sneha,2,397.9
ORD-202606-00634,2026-06-25,CUST-1885,Keyboard,Electronics,East,Neha,2,1359.71
ORD-202606-00635,2026-06-05,CUST-0476,USB Hub,Accessories,Central,Karan,1,810.08
ORD-202606-00636,2026-06-17,CUST-4549,Office Chair,Furniture,Central,Rahul,6,7454.9
ORD-202606-00637,2026-06-10,CUST-4673,Monitor Stand,Furniture,North,Vikram,5,1993.8
ORD-202606-00638,2026-06-14,CUST-0845,Pen Set,Office,,Priya,5,299.7
ORD-202606-00639,2026-07-01,CUST-1788,Monitor Stand,Furniture,North,Rahul,6,2132.4
ORD-202606-00640,2026-06-19,CUST-3862,Monitor Stand,Furniture,East,Vikram,2,1810.91
ORD-202606-00641,2026-06-28,CUST-3640,Keyboard,Electronics,East,Amit,2,1408.99
ORD-202606-00642,2026-07-01,CUST-4775,Wireless Mouse,Electronics,,Karan,4,728.67
ORD-202606-00643,2026-06-10,CUST-0320,Wireless Mouse,Electronics,,Amit,4,783.82
ORD-202606-00644,,CUST-0461,Office Chair,Furniture,Central,Karan,5,7581.92
ORD-202606-00645,2026-06-16,CUST-4005,Office Chair,Furniture,North,Amit,2,7565.26
ORD-202606-00646,2026-06-15,CUST-3771,Mouse Pad,Accessories,South,Priya,2,384.33
ORD-202606-00647,2026-06-02,CUST-1926,Desk Organizer,Office,West,,5,547.1
ORD-202606-00648,2026-06-18,CUST-0144,Laptop Stand,Accessories,West,Ananya,6,1530.61
ORD-202606-00649,2026-07-01,CUST-2750,Desk Organizer,Office,East,Neha,5,626.81
ORD-202606-00650,2026-06-20,CUST-1570,Study Table,Furniture,Central,Priya,4,5944.42
ORD-202606-00651,2026-06-30,CUST-4254,Office Chair,Furniture,North,Sneha,4,6347.97
ORD-202606-00652,2026-06-07,CUST-3268,Laptop Stand,Accessories,North,Neha,2,1437.34
ORD-202606-00653,2026-06-04,CUST-2742,Office Chair,Furniture,South,Rahul,2,7418.58
ORD-202606-00654,2026-06-03,CUST-3997,Mouse Pad,Accessories,West,Vikram,4,422.92
ORD-202606-00655,2026-06-11,CUST-3720,USB Hub,Accessories,Central,Priya,2,913.0
ORD-202606-00656,2026-06-06,CUST-0024,Desk Organizer,Office,West,Neha,7,546.57
ORD-202606-00657,2026-06-02,CUST-0149,Laptop Stand,Accessories,North,Ananya,3,1524.98
ORD-202606-00658,2026-06-28,CUST-4123,Wireless Mouse,Electronics,Central,Vikram,3,850.95
ORD-202606-00659,2026-06-26,CUST-2700,Monitor Stand,Furniture,East ,Vikram,6,1807.36
ORD-202606-00660,2026-06-22,CUST-3367,USB Hub,Accessories,North,Karan,3,847.22
ORD-202606-00661,2026-06-15,CUST-2352,Office Chair,Furniture,West,Rahul,3,7487.34
ORD-202606-00662,2026-06-04,CUST-2812,Study Table,Furniture,North,Amit,2,5206.82
ORD-202606-00663,2026-06-30,CUST-1749,Keyboard,Electronics,,Karan,5,1184.17
ORD-202606-00664,2026-07-01,CUST-3611,USB Hub,Accessories,West,Vikram,3,938.41
ORD-202606-00665,2026-06-05,CUST-0569,Laptop Stand,Accessories,,Neha,7,1581.37
ORD-202606-00666,2026-06-21,CUST-0182,Laptop Stand,Accessories,West,Vikram,4,1468.87
ORD-202606-00667,2026-06-03,CUST-0125,Wireless Mouse,Electronics,West,Amit,7,834.37
ORD-202606-00668,2026-06-06,CUST-2194,USB Hub,Accessories,South,Priya,2,911.85
ORD-202606-00669,2026-06-29,CUST-2326,Laptop Stand,Accessories,East,Vikram,3,1423.0
ORD-202606-00670,2026-06-12,CUST-2383,Laptop Stand,Accessories,North,Ananya,4,1473.81
ORD-202606-00671,2026-06-29,CUST-1690,Desk Organizer,Office,Central,Amit,3,612.22
ORD-202606-00672,2026-06-22,CUST-0652,Monitor Stand,Furniture,Central,Vikram,3,2138.78
ORD-202606-00673,2026-06-27,CUST-0110,Webcam,Electronics,West,Vikram,7,1800.11
ORD-202606-00674,2026-06-02,CUST-0604,Office Chair,Furniture,Central,Priya,5,6481.28
ORD-202606-00675,2026-06-09,CUST-3972,Keyboard,Electronics,East,Rahul,4,1394.72
ORD-202606-00676,2026-06-09,CUST-0058,Monitor Stand,Furniture,West,Neha,6,2179.84
ORD-202606-00677,2026-07-01,CUST-4669,Keyboard,Electronics,West,Amit,5,1182.68
ORD-202606-00678,2026-06-19,CUST-2276,Pen Set,Office,East,Ananya,5,326.64
ORD-202606-00679,2026-06-05,CUST-0377,Keyboard,Electronics,Central,Ananya,4,1361.89
ORD-202606-00680,2026-06-27,CUST-4120,Webcam,Electronics,East,Neha,1,2059.65
ORD-202606-00681,2026-06-14,CUST-4044,Laptop Stand,Accessories,North,Vikram,1,1356.54
ORD-202606-00682,2026-06-03,CUST-4744,Headphones,Electronics,South,Ananya,1,2719.95
ORD-202606-00683,2026-06-10,CUST-0781,Notebook,Office,South,Priya,1,186.31
ORD-202606-00684,2026-06-30,CUST-1141,Mouse Pad,Accessories,Central,Rahul,7,365.42
ORD-202606-00685,2026-06-26,CUST-1219,Wireless Mouse,Electronics,South,Vikram,4,856.69
ORD-202606-00686,2026-06-08,CUST-1908,Office Chair,Furniture,East,Priya,6,7412.97
ORD-202606-00687,2026-06-24,CUST-0556,Office Chair,Furniture,West,Sneha,3,6925.46
ORD-202606-00688,2026-06-30,CUST-2219,Mouse Pad,Accessories,South,Neha,5,426.76
ORD-202606-00689,2026-06-14,CUST-2876,Wireless Mouse,Electronics,East,Neha,4,860.31
ORD-202606-00690,2026-06-25,CUST-2050,Headphones,Electronics,South,Rahul,2,2253.7
ORD-202606-00691,2026-06-19,CUST-1935,Study Table,Furniture,South,Amit,7,5016.68
ORD-202606-00692,2026-06-27,CUST-4812,Headphones,Electronics,East,Vikram,4,2541.8
ORD-202606-00693,2026-06-28,CUST-4342,Study Table,Furniture,West,Priya,7,4995.58
ORD-202606-00694,2026-06-09,CUST-3654,Wireless Mouse,Electronics,Central,Vikram,3,821.29
ORD-202606-00695,2026-06-03,CUST-2990,USB Hub,Accessories,West ,Priya,2,870.97
ORD-202606-00696,2026-06-28,CUST-4187,Laptop Stand,Accessories,East,Amit,7,1499.99
ORD-202606-00697,,CUST-1111,USB Hub,Accessories,West,Ananya,7,973.97
ORD-202606-00698,2026-06-06,CUST-2413,Mouse Pad,Accessories,Central,Priya,7,418.44
ORD-202606-00699,2026-07-01,CUST-3866,Laptop Stand,Accessories,Central,Amit,1,1456.98
ORD-202606-00700,2026-06-02,CUST-2605,Keyboard,Electronics,Central,Neha,2,1403.32
ORD-202606-00701,2026-06-05,CUST-4281,USB Hub,Accessories,West,Priya,5,895.81
ORD-202606-00702,2026-06-18,CUST-0252,Desk Organizer,Office,West,Vikram,4,584.71
ORD-202606-00703,2026-06-26,CUST-1261,Webcam,Electronics,West,Karan,2,2066.17
ORD-202606-00704,,CUST-0816,Study Table,Furniture,West,Priya,2,4971.98
ORD-202606-00705,2026-06-05,CUST-1811,Pen Set,Office,South,Neha,2,301.98
ORD-202606-00706,2026-06-23,CUST-1952,Mouse Pad,Accessories,East,Karan,4,433.81
ORD-202606-00707,2026-06-13,CUST-3639,Office Chair,Furniture,Central,Priya,4,7607.71
ORD-202606-00708,2026-06-24,CUST-0820,Office Chair,Furniture,North,Karan,4,6517.35
ORD-202606-00709,2026-06-15,CUST-3515,Headphones,Electronics,South,Rahul,2,2658.48
ORD-202606-00710,2026-06-05,CUST-4112,Study Table,Furniture,North,Neha,7,5360.17
ORD-202606-00711,2026-06-20,CUST-4307,Mouse Pad,Accessories,Central,Vikram,6,420.56
ORD-202606-00712,2026-06-15,CUST-0835,Webcam,Electronics,South,Amit,1,1710.91
ORD-202606-00713,2026-06-14,CUST-3281,Office Chair,Furniture,East,Karan,2,6333.94
ORD-202606-00714,2026-06-17,CUST-3565,USB Hub,Accessories,Central,Karan,7,846.58
ORD-202606-00715,2026-06-09,CUST-1140,USB Hub,Accessories,East,Vikram,7,912.69
ORD-202606-00716,2026-06-30,,Laptop Stand,Accessories,Central,Ananya,4,1631.12
ORD-202606-00717,2026-06-13,CUST-1958,USB Hub,Accessories,North,Ananya,6,955.39
ORD-202606-00718,2026-06-11,CUST-4442,Mouse Pad,Accessories,Central,Vikram,3,373.23
ORD-202606-00719,2026-06-25,CUST-2005,Pen Set,Office,South,Ananya,4,280.2
ORD-202606-00720,2026-06-26,CUST-4689,Office Chair,Furniture,South,Vikram,6,7541.56
ORD-202606-00721,2026-06-04,CUST-1983,USB Hub,Accessories,South,Vikram,2,942.46
ORD-202606-00722,2026-06-02,CUST-3277,Notebook,Office,West,Sneha,2,202.12
ORD-202606-00723,2026-06-16,CUST-1168,Desk Organizer,Office,West,Sneha,6,544.92
ORD-202606-00724,2026-06-27,CUST-4875,Laptop Stand,Accessories,North,Ananya,4,1393.3
ORD-202606-00725,2026-06-22,CUST-2528,Office Chair,Furniture,West,Amit,5,7097.73
ORD-202606-00726,2026-06-21,CUST-4092,Webcam,Electronics,South,Sneha,6,2030.06
ORD-202606-00727,2026-06-01,CUST-2427,Webcam,Electronics,North,Amit,2,1955.11
ORD-202606-00728,2026-06-29,CUST-3039,Webcam,Electronics,Central,Priya,7,1896.95
ORD-202606-00729,2026-06-17,CUST-2957,Office Chair,Furniture,Central,Priya,1,7584.61
ORD-202606-00730,2026-06-24,CUST-3994,Pen Set,Office,West,Rahul,7,272.09
ORD-202606-00731,2026-06-04,CUST-4803,Webcam,Electronics,Central,Ananya,7,1763.11
ORD-202606-00732,2026-07-01,CUST-0383,Notebook,Office,North,Karan,5,-100.0
ORD-202606-00733,2026-06-06,CUST-0215,Mouse Pad,Accessories,North,Neha,5,359.83
ORD-202606-00734,2026-06-16,CUST-0836,Pen Set,Office,North,Sneha,1,295.69
ORD-202606-00735,2026-06-06,CUST-4064,Office Chair,Furniture,Central,Vikram,5,6846.35
ORD-202606-00736,2026-06-17,CUST-1231,Webcam,Electronics,Central,Amit,2,1761.81
ORD-202606-00737,2026-06-29,CUST-1960,Study Table,Furniture,South,Neha,3,5012.2
ORD-202606-00738,2026-06-02,,Study Table,Furniture,Central,Ananya,4,5038.01
ORD-202606-00739,2026-06-11,CUST-0474,Notebook,Office,East,Sneha,2,197.15
ORD-202606-00740,2026-06-13,CUST-4590,Office Chair,Furniture,North,Karan,3,7307.17
ORD-202606-00741,2026-06-27,CUST-4120,Keyboard,Electronics,,Vikram,3,1206.14
ORD-202606-00742,2026-06-03,CUST-4145,Mouse Pad,Accessories,Central,Amit,1,418.24
ORD-202606-00743,2026-07-01,CUST-2720,Pen Set,Office,Central,Amit,2,279.19
ORD-202606-00744,2026-06-29,CUST-3071,Headphones,Electronics,Central,Karan,1,2536.85
ORD-202606-00745,2026-06-13,CUST-1413,Pen Set,Office,South,Rahul,5,288.21
ORD-202606-00746,2026-06-25,CUST-1539,Keyboard,Electronics,West,Vikram,6,1198.99
ORD-202606-00747,2026-06-29,CUST-1392,Office Chair,Furniture,South,Rahul,6,7343.85
ORD-202606-00748,2026-06-11,CUST-2538,Study Table,Furniture,South,Rahul,2,5494.54
ORD-202606-00749,2026-06-26,CUST-1631,Wireless Mouse,Electronics,East,Neha,4,796.13
ORD-202606-00750,2026-06-19,CUST-3950,Keyboard,Electronics,Central,Ananya,3,1291.4
ORD-202606-00751,2026-06-17,CUST-4762,Mouse Pad,Accessories,North,Neha,7,378.24
ORD-202606-00752,2026-06-16,CUST-3700,Mouse Pad,Accessories,South,Ananya,6,389.08
ORD-202606-00753,2026-06-27,CUST-0848,USB Hub,Accessories,West,Neha,4,914.98
ORD-202606-00754,2026-06-05,CUST-3287,Desk Organizer,Office,South,Neha,2,540.51
ORD-202606-00755,2026-06-17,CUST-0038,Desk Organizer,Office,Central,Ananya,2,658.01
ORD-202606-00756,2026-06-26,CUST-0574,Keyboard,Electronics,South,Priya,7,1191.91
ORD-202606-00757,2026-06-05,CUST-4629,Webcam,Electronics,North,Karan,3,2065.68
ORD-202606-00758,2026-06-23,CUST-4350,Laptop Stand,Accessories,North,Vikram,5,1642.98
ORD-202606-00759,2026-07-01,CUST-4574,Monitor Stand,Furniture,East,Neha,4,2187.68
ORD-202606-00760,,CUST-3730,Wireless Mouse,Electronics,South,Rahul,4,864.22
ORD-202606-00761,2026-06-09,CUST-2856,Mouse Pad,Accessories,South,Sneha,6,409.19
ORD-202606-00762,2026-06-20,CUST-4104,Wireless Mouse,Electronics,South,Sneha,7,764.75
ORD-202606-00763,2026-06-26,CUST-3745,Webcam,Electronics,Central,Vikram,7,1849.41
ORD-202606-00764,2026-06-13,CUST-0155,Webcam,Electronics,West,Neha,3,2031.94
ORD-202606-00765,2026-06-01,CUST-2173,Webcam,Electronics,West,Amit,1,1786.01
ORD-202606-00766,2026-06-09,CUST-3832,Study Table,Furniture,North,Neha,4,5063.32
ORD-202606-00767,2026-06-04,CUST-0213,Notebook,Office,East,Priya,4,184.49
ORD-202606-00768,2026-06-28,CUST-2094,Office Chair,Furniture,East,Ananya,3,7583.97
ORD-202606-00769,2026-06-15,CUST-1157,Webcam,Electronics,Central,Sneha,1,1887.09
ORD-202606-00770,2026-06-25,CUST-1017,Laptop Stand,Accessories,South,Rahul,1,1628.77
ORD-202606-00771,2026-06-22,CUST-4361,Laptop Stand,Accessories,South,Ananya,2,1526.7
ORD-202606-00772,2026-06-27,CUST-0761,Office Chair,Furniture,West,Amit,4,6899.86
ORD-202606-00773,2026-06-15,CUST-3154,Study Table,Furniture,North,Ananya,5,5244.74
ORD-202606-00774,2026-06-21,CUST-2550,Monitor Stand,Furniture,Central,Ananya,4,1934.75
ORD-202606-00775,2026-06-21,CUST-2433,Webcam,Electronics,,Priya,1,1834.72
ORD-202606-00776,2026-06-12,CUST-3229,Keyboard,Electronics,North,Ananya,6,1241.99
ORD-202606-00777,2026-06-17,CUST-4938,Keyboard,Electronics,West,Rahul,5,1208.91
ORD-202606-00778,2026-06-24,CUST-0801,Webcam,Electronics,South,Neha,6,1770.65
ORD-202606-00779,2026-06-12,CUST-2383,Headphones,Electronics,East,Vikram,6,2520.25
ORD-202606-00780,2026-06-30,CUST-2323,Monitor Stand,Furniture,South,Neha,2,2078.17
ORD-202606-00781,2026-06-27,CUST-1331,Office Chair,Furniture,West,Ananya,1,6328.44
ORD-202606-00782,2026-06-15,CUST-1019,Mouse Pad,Accessories,East,Ananya,3,387.56
ORD-202606-00783,2026-06-02,CUST-0828,Pen Set,Office,South,Karan,3,286.32
ORD-202606-00784,2026-06-14,CUST-4670,Headphones,Electronics,South,Karan,5,2542.13
ORD-202606-00785,2026-06-24,CUST-1588,Study Table,Furniture,North,Sneha,3,5704.95
ORD-202606-00786,2026-06-09,CUST-3345,Laptop Stand,accessories,West,Rahul,3,1566.52
ORD-202606-00787,2026-06-25,CUST-3037,Monitor Stand,Furniture,South,Priya,2,2020.9
ORD-202606-00788,2026-06-27,CUST-1869,Keyboard,Electronics,North,,4,1251.19
ORD-202606-00789,2026-06-09,CUST-3984,Desk Organizer, Office,Central,Rahul,5,651.66
ORD-202606-00790,2026-06-03,CUST-3337,Mouse Pad,Accessories,North,Priya,5,382.58
ORD-202606-00791,2026-06-02,CUST-4660,USB Hub,Accessories,East,Karan,5,887.32
ORD-202606-00792,2026-06-06,CUST-3102,Study Table,Furniture,West,Amit,3,5668.84
ORD-202606-00793,2026-06-09,CUST-2660,USB Hub,Accessories,West,Karan,3,924.09
ORD-202606-00794,2026-06-26,CUST-3274,Keyboard,Electronics,East,Ananya,1,1305.65
ORD-202606-00795,2026-06-21,CUST-1323,Headphones,Electronics,West,Ananya,2,2372.09
ORD-202606-00796,2026-06-25,CUST-0978,USB Hub,Accessories,North,Amit,5,978.93
ORD-202606-00797,2026-06-28,CUST-4393,Desk Organizer,Office,North,Amit,3,581.35
ORD-202606-00798,2026-06-22,CUST-4291,Study Table,Furniture,South,Rahul,3,5720.18
ORD-202606-00799,2026-06-08,CUST-4376,Wireless Mouse,Electronics,North,Priya,6,784.28
ORD-202606-00800,2026-06-04,CUST-3407,Keyboard,Electronics,West,Karan,1,1216.16
ORD-202606-00801,2026-06-01,CUST-3359,Monitor Stand,Furniture,Central,Priya,6,1879.51
ORD-202606-00802,2026-06-06,CUST-2592,Monitor Stand,Furniture,Central,Vikram,1,1910.15
ORD-202606-00803,2026-06-12,CUST-4759,Monitor Stand,Furniture,West,Sneha,2,1845.37
ORD-202606-00804,2026-06-06,CUST-0342,Wireless Mouse,Electronics,South,Rahul,5,822.03
ORD-202606-00805,2026-06-27,CUST-1854,Pen Set,Office,Central,Rahul,7,322.44
ORD-202606-00806,2026-06-26,CUST-2653,Office Chair,Furniture,East,Amit,5,7169.59
ORD-202606-00807,2026-06-04,CUST-3139,Notebook,Office,West,Ananya,1,209.96
ORD-202606-00808,2026-06-05,CUST-3110,Monitor Stand,Furniture,,Neha,2,1969.26
ORD-202606-00809,2026-06-02,CUST-2199,Webcam,Electronics,Central,Rahul,1,1816.54
ORD-202606-00810,2026-06-16,CUST-2736,Pen Set,Office,Central,Karan,3,281.05
ORD-202606-00811,2026-06-26,CUST-3717,Notebook,Office,South,Karan,5,204.06
ORD-202606-00812,2026-06-18,,Laptop Stand,Accessories,Central,Amit,6,1354.49
ORD-202606-00813,2026-06-26,CUST-0827,USB Hub,Accessories,South,Karan,3,830.96
ORD-202606-00814,2026-06-18,CUST-3580,Pen Set,Office,Central,Sneha,7,315.95
ORD-202606-00815,2026-06-10,CUST-4372,Wireless Mouse,Electronics,East,Ananya,2,846.91
ORD-202606-00816,2026-06-08,CUST-3744,Wireless Mouse,Electronics,South,Neha,5,829.83
ORD-202606-00817,2026-06-29,CUST-4443,Desk Organizer,Office,East,Sneha,4,568.97
ORD-202606-00818,2026-06-06,CUST-2943,Webcam,Electronics,Central,Ananya,4,1877.63
ORD-202606-00819,2026-06-14,CUST-3193,Keyboard,Electronics,South,Vikram,6,1205.0
ORD-202606-00820,2026-06-30,,Pen Set,Office,North,Karan,7,305.55
ORD-202606-00821,2026-06-17,CUST-0975,Headphones,Electronics,South,Neha,6,2517.63
ORD-202606-00822,2026-06-17,CUST-1005,Study Table,Furniture ,East,Karan,4,5906.48
ORD-202606-00823,2026-07-01,CUST-3464,USB Hub,Accessories,East,,6,946.71
ORD-202606-00824,2026-06-30,CUST-3525,Keyboard,Electronics,North,Priya,1,1238.26
ORD-202606-00825,2026-06-15,CUST-2961,Office Chair,Furniture,South,Amit,5,6400.04
ORD-202606-00826,2026-06-14,CUST-4635,Notebook,Office,East,Karan,7,198.11
ORD-202606-00827,2026-06-26,CUST-0057,Monitor Stand,Furniture,West,Sneha,4,2077.25
ORD-202606-00828,2026-06-04,CUST-2508,Keyboard,Electronics,South,Priya,4,1268.09
ORD-202606-00829,2026-06-11,CUST-1400,Pen Set,Office,East,Ananya,3,328.58
ORD-202606-00830,2026-06-26,CUST-2681,Monitor Stand,Furniture,Central,Karan,3,2036.46
ORD-202606-00831,2026-06-11,CUST-0338,Desk Organizer,Office,East,Sneha,5,651.68
ORD-202606-00832,2026-06-28,CUST-3346,USB Hub,Accessories,North,Rahul,2,969.79
ORD-202606-00833,,CUST-2538,Webcam,Electronics,West,Rahul,6,1908.78
ORD-202606-00834,2026-06-16,CUST-1106,Study Table,Furniture,East,Neha,1,5943.5
ORD-202606-00835,2026-06-24,CUST-0696,Wireless Mouse,Electronics,Central,Ananya,5,797.67
ORD-202606-00836,2026-06-08,CUST-0815,Headphones,Electronics,North,Rahul,4,2648.12
ORD-202606-00837,2026-06-14,CUST-1643,Laptop Stand,Accessories,Central,Vikram,1,1508.53
ORD-202606-00838,2026-06-27,CUST-0912,Monitor Stand,Furniture,West,Karan,2,2129.7
ORD-202606-00839,2026-06-15,CUST-0906,Monitor Stand,Furniture,West,Sneha,5,2080.2
ORD-202606-00840,2026-06-01,CUST-0119,Notebook,Office,North,Ananya,2,193.12
ORD-202606-00841,2026-06-19,CUST-4801,Webcam,Electronics,West,Amit,4,1826.84
ORD-202606-00842,2026-06-16,CUST-1032,USB Hub,Accessories,Central,Vikram,3,948.16
ORD-202606-00843,2026-06-27,CUST-0956,Monitor Stand,Furniture,West,Ananya,5,2184.19
ORD-202606-00844,2026-06-22,CUST-0851,Webcam,Electronics,South,Sneha,5,1857.14
ORD-202606-00845,2026-06-10,CUST-1768,Desk Organizer,Office,South,Priya,7,641.58
ORD-202606-00846,2026-06-07,CUST-4879,Pen Set,Office,Central,Rahul,6,303.56
ORD-202606-00847,2026-06-28,CUST-0482,Wireless Mouse,Electronics,West,Karan,6,862.48
ORD-202606-00848,,CUST-4591,Laptop Stand,Accessories,east,,3,1631.4
ORD-202606-00849,2026-06-21,CUST-4935,Office Chair,Furniture,North,Neha,2,7430.89
ORD-202606-00850,2026-06-12,CUST-0835,Notebook,Office,Central,Amit,1,184.04
ORD-202606-00851,2026-06-18,CUST-2683,USB Hub,Accessories,South,,3,900.33
ORD-202606-00852,2026-06-12,CUST-2278,Monitor Stand,Furniture,North,Karan,3,2171.2
ORD-202606-00853,2026-06-15,CUST-1359,Keyboard,Electronics,Central,Neha,7,1318.81
ORD-202606-00854,2026-06-30,CUST-2210,Monitor Stand,Furniture,South,Ananya,6,1839.23
ORD-202606-00855,2026-06-22,CUST-3683,Monitor Stand,Furniture,North,Rahul,1,2044.19
ORD-202606-00856,2026-06-19,CUST-4170,Office Chair,Furniture,South,Ananya,7,7600.55
ORD-202606-00857,2026-06-22,CUST-0170,Study Table,Furniture,East,Karan,1,5468.94
ORD-202606-00858,2026-06-05,CUST-4684,Pen Set,Office, East,Vikram,1,320.29
ORD-202606-00859,2026-06-08,CUST-3321,Study Table,Furniture,South,Vikram,1,4969.78
ORD-202606-00860,2026-06-11,CUST-0629,Webcam,Electronics,Central,Ananya,2,1947.57
ORD-202606-00861,2026-06-07,CUST-2103,Office Chair,Furniture,South,Priya,6,7671.87
ORD-202606-00862,2026-06-21,CUST-3494,USB Hub,Accessories,Central,Priya,4,833.2
ORD-202606-00863,2026-06-13,CUST-0285,Pen Set,Office,South,Amit,5,300.53
ORD-202606-00864,2026-06-30,CUST-2043,Wireless Mouse,Electronics,East,Vikram,3,735.16
ORD-202606-00865,2026-06-23,CUST-2043,Pen Set,Office,West,Karan,2,293.98
ORD-202606-00866,2026-06-12,CUST-3584,Notebook,Office,East,Neha,1,208.39
ORD-202606-00867,2026-06-28,CUST-0336,Desk Organizer,Office,North,Ananya,5,642.54
ORD-202606-00868,2026-06-06,CUST-0543,Study Table,Furniture,Central,Rahul,5,5908.94
ORD-202606-00869,2026-06-10,CUST-4773,Mouse Pad,Accessories,West,Karan,6,421.73
ORD-202606-00870,2026-06-23,CUST-3076,USB Hub,Accessories,Central,Rahul,2,963.29
ORD-202606-00871,2026-06-03,CUST-3875,Pen Set,Office,East,Rahul,6,296.97
ORD-202606-00872,2026-06-01,CUST-0922,Wireless Mouse,Electronics,South,Priya,5,846.15
ORD-202606-00873,2026-06-11,CUST-2589,Webcam,Electronics,South,Ananya,3,2009.42
ORD-202606-00874,2026-06-27,CUST-4894,Laptop Stand,Accessories,West,Priya,3,1523.7
ORD-202606-00875,2026-06-26,CUST-1760,Wireless Mouse,Electronics,East,Ananya,2,723.24
ORD-202606-00876,2026-06-30,CUST-3080,Desk Organizer,Office,South,Rahul,4,571.93
ORD-202606-00877,2026-06-17,CUST-1396,Pen Set,Office,North,Neha,2,298.71
ORD-202606-00878,2026-06-15,CUST-0293,Pen Set,Office,Central,Vikram,1,310.39
ORD-202606-00879,2026-06-03,CUST-2572,Pen Set,Office,Central,Neha,3,273.99
ORD-202606-00880,2026-06-15,CUST-2979,USB Hub,Accessories,North,Sneha,7,872.23
ORD-202606-00881,2026-06-11,CUST-4811,USB Hub,Accessories,West,Amit,1,869.65
ORD-202606-00882,2026-06-16,CUST-3895,Headphones,Electronics,South,Sneha,5,2319.44
ORD-202606-00883,2026-06-15,CUST-2690,Monitor Stand,Furniture,South,Amit,5,1977.79
ORD-202606-00884,2026-06-26,CUST-4253,Pen Set,Office,Central,Karan,2,313.79
ORD-202606-00885,2026-06-30,CUST-4236,Pen Set,Office,North,Karan,2,328.64
ORD-202606-00886,2026-06-18,CUST-4376,USB Hub,Accessories,North,Amit,5,956.44
ORD-202606-00887,2026-06-29,CUST-0042,Headphones,Electronics,Central,Neha,4,2675.0
ORD-202606-00888,2026-06-30,CUST-3252,Headphones,Electronics,South,Ananya,4,2434.68
ORD-202606-00889,2026-06-14,CUST-1822,Keyboard,Electronics,Central,Rahul,1,1378.58
ORD-202606-00890,2026-06-10,CUST-1170,Headphones,Electronics,East,Vikram,5,2584.22
ORD-202606-00891,2026-07-01,CUST-1390,Mouse Pad,Accessories,East,Ananya,2,385.37
ORD-202606-00892,2026-06-21,CUST-5000,Desk Organizer,Office,South,Rahul,5,586.6
ORD-202606-00893,2026-06-07,CUST-0057,Mouse Pad,Accessories,West,Sneha,1,422.43
ORD-202606-00894,2026-06-25,CUST-4699,Mouse Pad,Accessories,South,Sneha,1,375.66
ORD-202606-00895,2026-06-27,CUST-1303,Headphones,Electronics,West,Rahul,3,2616.96
ORD-202606-00896,2026-06-16,CUST-0710,Monitor Stand,Furniture,East,Karan,5,2007.49
ORD-202606-00897,2026-06-29,CUST-1274,Webcam,Electronics,South,Ananya,3,1773.56
ORD-202606-00898,2026-06-27,CUST-1802,Webcam,Electronics,East,Ananya,7,1868.21
ORD-202606-00899,2026-06-19,CUST-1191,Monitor Stand,Furniture,East,Priya,4,2052.81
ORD-202606-00900,2026-06-09,CUST-3000,Pen Set,Office,South,Sneha,6,301.19
ORD-202606-00901,2026-06-23,CUST-0035,Keyboard,Electronics,North,Amit,2,1170.68
ORD-202606-00902,2026-06-20,CUST-0462,Desk Organizer,Office,Central,Amit,5,637.38
ORD-202606-00903,2026-06-23,CUST-0616,Monitor Stand,Furniture,Central,Neha,7,2089.52
ORD-202606-00904,2026-06-01,CUST-1700,Office Chair,Furniture,Central,Ananya,2,6716.9
ORD-202606-00905,2026-06-29,CUST-0595,Keyboard,Electronics,South,Priya,6,1322.81
ORD-202606-00906,2026-06-28,CUST-0432,Monitor Stand,Furniture,East,Neha,1,2061.4
ORD-202606-00907,,CUST-2981,Pen Set,Office,West,Vikram,6,281.96
ORD-202606-00908,2026-06-29,CUST-0209,Monitor Stand,Furniture,Central,Amit,1,2021.95
ORD-202606-00909,2026-06-10,CUST-1717,Notebook,Office,East,Neha,4,183.87
ORD-202606-00910,2026-07-01,CUST-1506,Mouse Pad,Accessories,Central,Rahul,2,409.87
ORD-202606-00911,2026-06-08,CUST-2724,Wireless Mouse,Electronics,East,Priya,5,857.11
ORD-202606-00912,2026-06-07,CUST-3740,Monitor Stand,Furniture,Central,Vikram,4,1834.3
ORD-202606-00913,2026-06-01,CUST-1800,Notebook,Office,North,Ananya,3,216.4
ORD-202606-00914,2026-06-23,CUST-4994,Study Table, Furniture,North,Karan,3,5127.23
ORD-202606-00915,2026-07-01,CUST-3057,Mouse Pad,Accessories,North,Sneha,3,396.5
ORD-202606-00916,2026-06-10,CUST-0572,Keyboard,Electronics,North,Karan,1,1251.94
ORD-202606-00917,2026-06-08,CUST-2779,Study Table,Furniture,West ,Neha,6,5108.8
ORD-202606-00918,2026-06-27,CUST-0040,Office Chair,Furniture,North,Vikram,3,6826.28
ORD-202606-00919,2026-06-12,CUST-3943,Mouse Pad,Accessories,Central,Karan,4,389.29
ORD-202606-00920,2026-06-17,CUST-4120,Mouse Pad,Accessories,North,Karan,1,436.63
ORD-202606-00921,2026-06-10,CUST-4126,USB Hub,Accessories,Central,Karan,6,912.14
ORD-202606-00922,2026-06-28,CUST-3052,Notebook,Office,East,,4,190.81
ORD-202606-00923,2026-06-29,CUST-2207,Webcam,Electronics,South,Karan,3,1743.83
ORD-202606-00924,2026-07-01,CUST-0763,Notebook,Office,North,Ananya,4,207.76
ORD-202606-00925,2026-07-01,CUST-4062,Wireless Mouse,Electronics,North,Vikram,7,870.83
ORD-202606-00926,2026-06-15,CUST-3866,Headphones,Electronics,East,Amit,4,2269.46
ORD-202606-00927,2026-06-10,CUST-0731,Laptop Stand,Accessories,South,Vikram,3,1642.35
ORD-202606-00928,2026-06-15,CUST-2865,Laptop Stand,Accessories,South,Priya,3,1365.78
ORD-202606-00929,2026-07-01,CUST-2262,Laptop Stand,Accessories,East,Sneha,6,1486.49
ORD-202606-00930,2026-07-01,CUST-3865,Laptop Stand,Accessories,South,Karan,6,1577.92
ORD-202606-00931,2026-06-09,CUST-1218,Desk Organizer,Office,Central,Priya,2,656.57
ORD-202606-00932,2026-06-20,CUST-3477,Pen Set,Office,West,Neha,3,274.11
ORD-202606-00933,2026-06-27,CUST-4891,Laptop Stand,Accessories,South,Vikram,1,1606.19
ORD-202606-00934,2026-06-30,CUST-0750,Wireless Mouse,Electronics,West,Karan,2,776.72
ORD-202606-00935,2026-06-28,CUST-2064,Wireless Mouse,Electronics,East,Sneha,6,860.54
ORD-202606-00936,2026-06-23,CUST-2805,Mouse Pad,Accessories,East,Priya,7,437.6
ORD-202606-00937,2026-06-13,CUST-2930,Mouse Pad,Accessories,Central,Rahul,4,395.47
ORD-202606-00938,2026-06-01,CUST-4677,Office Chair,Furniture,Central,Neha,4,7605.71
ORD-202606-00939,2026-06-07,CUST-4104,Notebook,Office,North,Rahul,1,199.28
ORD-202606-00940,2026-06-11,CUST-1288,Wireless Mouse,Electronics,West,Priya,2,777.05
ORD-202606-00941,2026-06-08,CUST-2027,Notebook,Office,North,Karan,1,194.39
ORD-202606-00942,2026-06-22,CUST-3220,Office Chair,Furniture,North,Sneha,6,6524.5
ORD-202606-00943,2026-06-15,CUST-2035,Keyboard,Electronics,South,Rahul,4,1337.61
ORD-202606-00944,2026-07-01,CUST-2628,Webcam,Electronics,West,Neha,2,1868.1
ORD-202606-00945,2026-06-22,CUST-2502,Mouse Pad,Accessories,West,Sneha,6,400.56
ORD-202606-00946,2026-06-30,CUST-3548,Pen Set,Office,East,Ananya,6,327.75
ORD-202606-00947,2026-06-30,CUST-4495,Wireless Mouse,Electronics,South,Sneha,1,811.48
ORD-202606-00948,2026-07-01,CUST-4397,USB Hub,Accessories,North,Priya,1,876.58
ORD-202606-00949,2026-06-13,CUST-1980,Pen Set,Office,West,Amit,3,301.75
ORD-202606-00950,2026-06-05,CUST-4520,Notebook,Office,South,Neha,7,206.28
ORD-202606-00951,2026-06-14,CUST-0823,Notebook,Office,,Neha,2,206.31
ORD-202606-00952,2026-06-24,CUST-1391,Keyboard,Electronics,Central,Amit,1,1249.24
ORD-202606-00953,2026-06-06,CUST-0869,Pen Set,Office,North,Rahul,4,284.91
ORD-202606-00954,2026-06-01,CUST-3685,Laptop Stand,Accessories,West,Neha,1,1530.36
ORD-202606-00955,2026-06-16,CUST-2491,Webcam,Electronics,West,Priya,7,2031.01
ORD-202606-00956,2026-06-17,CUST-1879,Headphones,Electronics,North,Amit,2,2294.13
ORD-202606-00957,2026-06-04,CUST-3567,Webcam,Electronics,South,Rahul,3,1853.52
ORD-202606-00958,2026-06-29,CUST-3308,Study Table,Furniture,South,Sneha,4,5254.56
ORD-202606-00959,2026-06-05,CUST-2073,Keyboard,Electronics,Central,Neha,4,1327.08
ORD-202606-00960,2026-06-25,CUST-2104,Laptop Stand,Accessories,Central,Priya,3,1584.88
ORD-202606-00961,2026-06-23,CUST-2656,Mouse Pad,Accessories,West,Rahul,7,411.55
ORD-202606-00962,2026-06-19,CUST-1677,Mouse Pad,Accessories,Central,Ananya,7,376.26
ORD-202606-00963,2026-06-17,CUST-2438,Keyboard,Electronics,,Rahul,6,1333.07
ORD-202606-00964,2026-06-17,CUST-3397,Office Chair,Furniture,Central,Neha,5,7372.46
ORD-202606-00965,2026-06-23,CUST-4273,Pen Set,Office,North,Karan,6,291.13
ORD-202606-00966,2026-06-23,CUST-2470,Office Chair,Furniture,South,Vikram,3,7067.96
ORD-202606-00967,2026-06-01,CUST-0568,Headphones,Electronics,North,Ananya,2,2313.94
ORD-202606-00968,2026-06-06,CUST-3638,Notebook,Office,West,Vikram,5,191.74
ORD-202606-00969,2026-06-06,CUST-4001,Monitor Stand,Furniture,West,Amit,-1,2060.91
ORD-202606-00970,2026-06-12,CUST-1629,USB Hub,Accessories,North,Amit,2,909.68
ORD-202606-00971,2026-06-08,CUST-0525,Wireless Mouse,Electronics,South,Neha,7,876.84
ORD-202606-00972,2026-06-30,CUST-4398,Mouse Pad,Accessories,South,Amit,1,391.68
ORD-202606-00973,2026-06-20,CUST-1949,Keyboard,Electronics,West,Neha,3,1376.66
ORD-202606-00974,2026-06-03,CUST-3602,Notebook,Office,North,Rahul,5,218.68
ORD-202606-00975,2026-07-01,CUST-3609,Keyboard,Electronics,North,Neha,3,1277.74
ORD-202606-00976,2026-07-01,CUST-4986,Notebook,Office,West,Sneha,4,183.91
ORD-202606-00977,2026-06-16,CUST-2457,Notebook,Office,East,Priya,1,217.84
ORD-202606-00978,2026-06-24,CUST-3299,USB Hub,Accessories,Central,Rahul,4,832.62
ORD-202606-00979,2026-06-04,CUST-0265,Keyboard,Electronics,West,Sneha,5,1301.86
ORD-202606-00980,2026-06-16,CUST-1263,Study Table,Furniture,Central,Rahul,6,5120.57
ORD-202606-00981,2026-06-07,CUST-0547,Office Chair,Furniture,West,Sneha,4,7676.11
ORD-202606-00982,2026-06-24,CUST-4777,Notebook,Office,East,Neha,3,180.33
ORD-202606-00983,2026-06-01,CUST-4724,USB Hub,Accessories ,West,Karan,7,815.17
ORD-202606-00984,2026-06-23,CUST-4897,Notebook,Office,West,Sneha,7,192.44
ORD-202606-00985,2026-06-13,CUST-1772,Mouse Pad,Accessories,East,Vikram,4,427.68
ORD-202606-00986,,CUST-4464,Laptop Stand,Accessories,East,Sneha,5,1362.21
ORD-202606-00987,2026-06-22,CUST-3401,Headphones,Electronics,North,Ananya,5,2253.37
ORD-202606-00988,2026-06-21,CUST-1112,Keyboard,Electronics,South,Priya,7,1184.79
ORD-202606-00989,2026-06-08,CUST-0314,Monitor Stand,Furniture,Central,Priya,5,2011.78
ORD-202606-00990,,CUST-0972,Headphones,Electronics,Central,Sneha,7,2549.0
ORD-202606-00991,2026-06-21,CUST-4726,Study Table,Furniture,East,Priya,5,5398.64
ORD-202606-00992,2026-06-18,CUST-0416,USB Hub,Accessories,North,Karan,1,913.15
ORD-202606-00993,2026-06-14,CUST-3649,Wireless Mouse,Electronics,North,Neha,7,735.68
ORD-202606-00994,2026-06-02,CUST-4372,USB Hub,Accessories,East,Priya,1,832.7
ORD-202606-00995,2026-06-15,CUST-2895,Laptop Stand,Accessories,North,Neha,2,1565.66
ORD-202606-00996,2026-06-06,CUST-4928,Keyboard,Electronics,North,Rahul,6,1298.28
ORD-202606-00997,2026-07-01,CUST-3312,Wireless Mouse,Electronics,South,Ananya,3,863.89
ORD-202606-00998,2026-06-20,CUST-3851,Mouse Pad,Accessories,West,Rahul,3,406.29
ORD-202606-00999,2026-06-25,CUST-0619,Pen Set,Office,West,Priya,6,305.64
ORD-202606-01000,2026-06-29,CUST-2479,Mouse Pad,Accessories,East,Vikram,6,378.12
ORD-202606-01001,2026-06-13,CUST-4652,Wireless Mouse,Electronics,North,Ananya,4,858.49
ORD-202606-01002,2026-06-05,CUST-4864,Desk Organizer,Office,South,Ananya,4,643.01
ORD-202606-01003,2026-06-11,CUST-4961,Wireless Mouse,Electronics,North,Sneha,3,721.18
ORD-202606-01004,2026-07-01,CUST-2914,Mouse Pad,Accessories,West,Karan,4,406.56
ORD-202606-01005,2026-06-26,CUST-1085,USB Hub,Accessories,South,,2,965.74
ORD-202606-01006,2026-06-08,CUST-4440,Mouse Pad,Accessories,South,Vikram,1,422.08
ORD-202606-01007,2026-06-11,CUST-3157,Wireless Mouse,Electronics,South,Amit,3,773.02
ORD-202606-01008,2026-06-03,CUST-3046,Wireless Mouse,Electronics,Central,Ananya,7,781.64
ORD-202606-01009,2026-06-08,CUST-3427,Mouse Pad,Accessories,Central,Sneha,7,382.14
ORD-202606-01010,2026-06-25,CUST-0507,Webcam,Electronics,West,Neha,1,2023.88
ORD-202606-01011,2026-06-15,CUST-1878,USB Hub,Accessories,Central,Rahul,4,863.35
ORD-202606-01012,,CUST-3823,Notebook,Office,Central,Sneha,7,209.92
ORD-202606-01013,2026-06-17,CUST-4687,USB Hub,Accessories,South,Sneha,6,971.04
ORD-202606-01014,2026-06-20,CUST-4373,Office Chair,Furniture,Central,Sneha,1,7264.33
ORD-202606-01015,2026-06-10,CUST-1033,Study Table,Furniture,West,Rahul,2,5266.61
ORD-202606-01016,2026-06-30,CUST-2009,Webcam,Electronics,Central,,5,1850.83
ORD-202606-01017,2026-06-10,CUST-1586,Webcam,Electronics,South,Karan,4,2044.19
ORD-202606-01018,2026-06-03,CUST-4745,Laptop Stand,Accessories,East,Sneha,5,1623.35
ORD-202606-01019,2026-06-25,CUST-2839,Pen Set,Office,North,Karan,2,302.85
ORD-202606-01020,2026-06-05,CUST-1667,Laptop Stand,Accessories,West,Vikram,5,1497.53
ORD-202606-01021,2026-06-30,CUST-0967,Webcam,Electronics, South,,4,1921.07
ORD-202606-01022,2026-06-25,CUST-1073,Monitor Stand,Furniture,Central,Neha,7,2032.59
ORD-202606-01023,2026-06-02,CUST-0692,Laptop Stand,Accessories,South,Vikram,2,1495.2
ORD-202606-01024,2026-06-23,CUST-4418,Mouse Pad,Accessories,East,Ananya,5,377.75
ORD-202606-01025,2026-06-03,CUST-2833,Notebook,Office,South,Amit,6,207.82
ORD-202606-01026,2026-06-20,CUST-0555,Laptop Stand,Accessories,East,Rahul,5,1559.24
ORD-202606-01027,2026-06-23,CUST-2589,Notebook,Office,North,Ananya,1,182.02
ORD-202606-01028,2026-06-16,CUST-1332,Wireless Mouse,Electronics,South,Neha,4,729.93
ORD-202606-01029,2026-06-22,CUST-2309,Mouse Pad,Accessories,South,Priya,6,399.59
ORD-202606-01030,2026-06-09,CUST-1317,Webcam,Electronics,North,Ananya,6,1939.06
ORD-202606-01031,2026-06-13,CUST-4532,Study Table,Furniture,Central,Vikram,1,5923.9
ORD-202606-01032,2026-06-01,CUST-1018,Study Table,Furniture,West,Priya,5,5196.87
ORD-202606-01033,2026-06-19,CUST-3462,Mouse Pad,Accessories,South,Ananya,7,393.6
ORD-202606-01034,2026-06-12,CUST-1201,USB Hub,Accessories,North,Karan,5,864.98
ORD-202606-01035,2026-06-06,CUST-4668,Mouse Pad,Accessories,West,Priya,6,437.63
ORD-202606-01036,2026-06-11,CUST-2089,Pen Set,Office,North,Vikram,4,308.81
ORD-202606-01037,2026-06-03,CUST-0473,Pen Set,Office,West,Amit,5,303.92
ORD-202606-01038,2026-06-20,CUST-0680,Notebook,Office,,Vikram,5,181.74
ORD-202606-01039,2026-06-24,CUST-1828,Notebook,Office,South,Rahul,5,206.72
ORD-202606-01040,2026-06-28,CUST-1494,Notebook, Office,South,Priya,7,193.97
ORD-202606-01041,2026-06-22,CUST-0238,Study Table,Furniture,Central,Vikram,3,5647.95
ORD-202606-01042,2026-06-19,CUST-3376,Webcam,Electronics,Central,Priya,5,1738.32
ORD-202606-01043,2026-06-10,CUST-3499,Study Table,Furniture,West,Sneha,7,5573.34
ORD-202606-01044,2026-06-29,CUST-2260,Mouse Pad,Accessories,North,Neha,7,374.61
ORD-202606-01045,2026-06-27,CUST-4490,Office Chair,Furniture,South,Karan,1,7625.03
ORD-202606-01046,,CUST-3481,Desk Organizer,Office,East,Amit,3,555.38
ORD-202606-01047,2026-06-09,,Monitor Stand,Furniture,Central,Sneha,1,1900.25
ORD-202606-01048,2026-06-29,CUST-4347,Wireless Mouse,Electronics,North,Neha,5,786.34
ORD-202606-01049,2026-06-10,CUST-1380,Keyboard,Electronics,East,Sneha,6,1293.73
ORD-202606-01050,2026-06-01,CUST-4197,Monitor Stand,Furniture,North,Amit,5,2154.16
ORD-202606-01051,2026-06-16,,Keyboard,Electronics,East,Amit,5,1391.26
ORD-202606-01052,2026-07-01,CUST-1121,Pen Set,Office,West,Vikram,1,281.25
ORD-202606-01053,2026-06-11,,Webcam,Electronics,Central,Priya,2,1908.55
ORD-202606-01054,2026-06-08,,Headphones,Electronics,West,Ananya,2,2679.94
ORD-202606-01055,2026-06-28,CUST-3396,Office Chair,Furniture,North,,3,7031.72
ORD-202606-01056,2026-06-16,CUST-1034,Wireless Mouse,Electronics,West,Rahul,5,766.96
ORD-202606-01057,2026-06-18,CUST-2646,Office Chair,Furniture,Central,Sneha,5,6953.96
ORD-202606-01058,2026-06-02,CUST-3323,USB Hub,Accessories,South,Ananya,5,834.82
ORD-202606-01059,2026-06-20,CUST-1335,Laptop Stand,Accessories,North,Sneha,3,1492.76
ORD-202606-01060,2026-06-11,CUST-2386,Laptop Stand,Accessories,East,Ananya,1,1508.01
ORD-202606-01061,2026-06-04,CUST-3763,USB Hub,Accessories,North,Amit,1,846.61
ORD-202606-01062,2026-06-23,CUST-3474,Desk Organizer,Office,Central,Priya,1,581.6
ORD-202606-01063,2026-06-04,CUST-4892,Webcam,Electronics,West,Karan,1,1816.52
ORD-202606-01064,2026-06-22,CUST-3430,Pen Set,Office,West,Amit,2,326.48
ORD-202606-01065,2026-06-15,,Mouse Pad,Accessories,North,Rahul,4,362.92
ORD-202606-01066,2026-06-17,CUST-1884,Webcam,Electronics,East,Neha,2,1997.45
ORD-202606-01067,2026-06-18,CUST-0581,Wireless Mouse,electronics,West,Amit,4,752.88
ORD-202606-01068,2026-06-07,CUST-3700,Mouse Pad,Accessories,East,Karan,7,388.57
ORD-202606-01069,2026-06-12,CUST-2986,Laptop Stand,Accessories,North,Sneha,5,1556.64
ORD-202606-01070,2026-06-02,CUST-1299,USB Hub,Accessories,East,Karan,5,964.06
ORD-202606-01071,2026-06-09,CUST-3307,Study Table,Furniture,North,Priya,7,4975.86
ORD-202606-01072,2026-06-05,CUST-0919,USB Hub,Accessories,Central,Karan,4,830.04
ORD-202606-01073,2026-06-17,CUST-2972,Laptop Stand,Accessories,East,Neha,1,1459.61
ORD-202606-01074,2026-06-25,CUST-3939,Desk Organizer,Office,North,Vikram,6,599.01
ORD-202606-01075,2026-06-13,CUST-2101,USB Hub,Accessories,Central,Rahul,2,983.55
ORD-202606-01076,2026-06-04,CUST-3158,Study Table,Furniture,South,Rahul,6,5552.86
ORD-202606-01077,2026-06-08,CUST-3630,Pen Set,Office,North,Ananya,5,303.08
ORD-202606-01078,2026-06-08,CUST-1365,Keyboard,Electronics,West,Priya,5,1393.41
ORD-202606-01079,2026-06-03,CUST-1543,Study Table,Furniture,North,Sneha,3,5536.69
ORD-202606-01080,2026-06-23,CUST-2028,Laptop Stand,Accessories,South,Sneha,2,1425.73
ORD-202606-01081,2026-06-08,CUST-1857,Study Table,Furniture,East,Amit,3,5173.44
ORD-202606-01082,2026-06-30,CUST-4462,Webcam,Electronics,South,Priya,6,1894.24
ORD-202606-01083,2026-06-21,CUST-4767,Webcam,Electronics,South,Amit,3,1824.2
ORD-202606-01084,2026-06-21,CUST-0909,Keyboard,Electronics,East,Rahul,1,1234.15
ORD-202606-01085,2026-06-15,CUST-3547,Keyboard,Electronics,East,Amit,2,1278.23
ORD-202606-01086,2026-06-28,CUST-0567,Office Chair,Furniture,East,Priya,6,6716.59
ORD-202606-01087,2026-06-01,CUST-0023,Desk Organizer,Office,North,Priya,5,600.12
ORD-202606-01088,2026-06-09,CUST-0752,Office Chair,Furniture,South,Ananya,7,7586.36
ORD-202606-01089,2026-06-18,CUST-1839,Laptop Stand,Accessories,Central,Vikram,5,1485.39
ORD-202606-01090,2026-06-28,CUST-2908,Laptop Stand,Accessories,Central,Neha,3,1406.14
ORD-202606-01091,2026-06-18,CUST-3980,Keyboard,Electronics,North,Rahul,5,1281.96
ORD-202606-01092,2026-06-23,CUST-0634,USB Hub,Accessories,North,Vikram,1,931.59
ORD-202606-01093,2026-06-25,CUST-4471,Study Table,Furniture,Central,Amit,1,5905.47
ORD-202606-01094,2026-06-04,CUST-1791,Laptop Stand,Accessories,West,Ananya,6,1541.1
ORD-202606-01095,2026-06-19,CUST-0947,Desk Organizer,Office,Central,Ananya,2,608.49
ORD-202606-01096,2026-06-27,CUST-2638,Wireless Mouse,Electronics,West,Amit,3,792.89
ORD-202606-01097,2026-06-19,CUST-4045,Wireless Mouse,Electronics,South,Rahul,7,807.97
ORD-202606-01098,2026-06-14,CUST-3906,Monitor Stand,Furniture,Central,Rahul,7,2127.01
ORD-202606-01099,2026-06-22,CUST-1552,Office Chair,Furniture,East,Sneha,2,6727.64
ORD-202606-01100,2026-06-03,CUST-3594,Pen Set,Office,East,Sneha,4,-100.0
ORD-202606-01101,2026-06-23,CUST-2257,Desk Organizer,Office, Central,Vikram,5,625.75
ORD-202606-01102,,CUST-1033,Study Table,Furniture,Central,Neha,5,5740.64
ORD-202606-01103,2026-06-05,CUST-2102,Headphones,Electronics,Central,Karan,1,2543.32
ORD-202606-01104,2026-06-23,CUST-4752,Laptop Stand,Accessories, East,Sneha,3,1385.12
ORD-202606-01105,2026-06-11,CUST-2323,Mouse Pad,Accessories,East,Sneha,6,433.34
ORD-202606-01106,2026-06-05,CUST-0567,Keyboard,Electronics,Central,Amit,1,1424.48
ORD-202606-01107,2026-06-17,CUST-1026,Mouse Pad,Accessories,East,Karan,1,430.31
ORD-202606-01108,2026-06-13,CUST-1586,Keyboard,Electronics,East,Neha,6,1407.21
ORD-202606-01109,2026-06-03,CUST-0102,Webcam,Electronics,West,Neha,3,2037.94
ORD-202606-01110,2026-06-24,CUST-2271,Monitor Stand,Furniture,East,Ananya,7,1891.34
ORD-202606-01111,2026-06-01,CUST-1063,Notebook,Office,West,Vikram,2,185.59
ORD-202606-01112,2026-06-19,CUST-0693,Laptop Stand,Accessories,South,Vikram,3,1378.88
ORD-202606-01113,2026-06-01,CUST-3345,Office Chair,Furniture,Central,Sneha,3,6427.07
ORD-202606-01114,2026-06-12,CUST-1480,USB Hub,accessories,South,Karan,4,943.78
ORD-202606-01115,2026-06-16,CUST-2113,Mouse Pad,Accessories,South,Ananya,7,383.25
ORD-202606-01116,2026-06-22,CUST-1240,Wireless Mouse,Electronics,South,Neha,2,771.7
ORD-202606-01117,2026-06-20,CUST-0839,USB Hub,Accessories,Central,Neha,2,944.75
ORD-202606-01118,2026-06-08,CUST-2498,Monitor Stand,Furniture,West,Sneha,3,1875.69
ORD-202606-01119,2026-06-08,CUST-4037,Desk Organizer,Office,East,,2,609.33
ORD-202606-01120,2026-06-08,CUST-2438,Monitor Stand,Furniture,North,Karan,5,2059.38
ORD-202606-01121,2026-06-05,CUST-1503,Office Chair,Furniture,East,Sneha,1,6757.92
ORD-202606-01122,2026-06-14,CUST-0947,Monitor Stand,Furniture,Central,Vikram,1,1991.5
ORD-202606-01123,2026-06-05,CUST-2708,Wireless Mouse,Electronics,Central,Karan,2,795.99
ORD-202606-01124,2026-06-19,CUST-1233,Mouse Pad,Accessories,North,Rahul,3,408.55
ORD-202606-01125,,CUST-0614,USB Hub,Accessories,East,Sneha,6,904.64
ORD-202606-01126,2026-06-12,CUST-3188,Pen Set,Office,South,Rahul,2,291.04
ORD-202606-01127,2026-06-04,CUST-1336,USB Hub,Accessories,West,Karan,2,968.98
ORD-202606-01128,,CUST-4121,Monitor Stand,Furniture,West,Sneha,4,2116.57
ORD-202606-01129,2026-06-25,CUST-1550,Office Chair,Furniture,North,Amit,7,7160.3
ORD-202606-01130,2026-06-19,CUST-2290,Headphones,Electronics,South,Priya,2,2486.94
ORD-202606-01131,2026-06-20,CUST-2867,Monitor Stand,Furniture,East,Sneha,3,1988.69
ORD-202606-01132,2026-06-29,CUST-0979,Headphones,Electronics,East,Sneha,5,2479.29
ORD-202606-01133,2026-06-12,CUST-1499,USB Hub,Accessories,South,Priya,2,924.22
ORD-202606-01134,2026-06-19,CUST-0897,Laptop Stand,Accessories,West,Rahul,3,1584.15
ORD-202606-01135,2026-06-12,CUST-2359,Wireless Mouse,Electronics,West,Amit,6,760.64
ORD-202606-01136,2026-06-26,CUST-2399,Mouse Pad,Accessories,North,Sneha,3,413.27
ORD-202606-01137,2026-06-27,CUST-1880,USB Hub,Accessories,North,Amit,5,923.5
ORD-202606-01138,2026-06-12,CUST-1297,Webcam,Electronics,East,Neha,4,1874.01
ORD-202606-01139,2026-06-20,CUST-4055,Pen Set,Office,East,Neha,4,275.83
ORD-202606-01140,2026-06-21,CUST-3753,Notebook,Office,North,Rahul,7,202.67
ORD-202606-01141,2026-06-06,CUST-4679,Notebook,Office,West,Ananya,2,180.66
ORD-202606-01142,2026-06-16,CUST-2429,Office Chair,Furniture,West,Karan,3,7647.46
ORD-202606-01143,2026-06-28,CUST-4931,Mouse Pad,Accessories,East,Neha,5,408.22
ORD-202606-01144,,CUST-1349,Study Table,Furniture,South,Priya,3,5192.19
ORD-202606-01145,2026-06-22,CUST-2893,Desk Organizer,Office,East,Neha,5,625.18
ORD-202606-01146,2026-06-12,CUST-2616,Headphones,Electronics,North,Rahul,3,2536.48
ORD-202606-01147,2026-06-08,CUST-3232,Mouse Pad,Accessories,West,Sneha,7,405.34
ORD-202606-01148,2026-06-14,CUST-0839,Study Table,Furniture,East,Amit,3,5548.05
ORD-202606-01149,2026-06-26,CUST-0348,Desk Organizer,Office,South,Priya,7,632.29
ORD-202606-01150,2026-06-05,CUST-4987,Notebook,Office,West,Vikram,4,208.33
ORD-202606-01151,2026-06-13,CUST-0108,Wireless Mouse,Electronics,North,Priya,5,784.61
ORD-202606-01152,2026-06-03,CUST-2189,Pen Set,Office,Central,Neha,2,312.01
ORD-202606-01153,2026-06-30,CUST-2522,Keyboard,Electronics,West,Priya,2,1252.74
ORD-202606-01154,2026-06-23,CUST-1988,Wireless Mouse,Electronics,West,Karan,6,799.46
ORD-202606-01155,2026-06-24,CUST-4535,USB Hub,Accessories,South,Sneha,7,846.52
ORD-202606-01156,2026-06-22,CUST-2782,Study Table,Furniture,West,Amit,4,5150.41
ORD-202606-01157,2026-06-09,CUST-0997,Study Table,Furniture,West,Sneha,2,5040.45
ORD-202606-01158,2026-06-14,CUST-3702,Desk Organizer,Office,West,Sneha,6,615.46
ORD-202606-01159,2026-06-25,CUST-1738,Monitor Stand, Furniture,Central,Amit,5,2138.64
ORD-202606-01160,2026-07-01,CUST-0912,Desk Organizer,Office,Central,Vikram,7,605.49
ORD-202606-01161,2026-06-08,CUST-3167,Notebook,Office,East,Vikram,2,195.01
ORD-202606-01162,2026-06-01,CUST-2222,Pen Set,Office,West,Amit,1,305.16
ORD-202606-01163,2026-06-27,CUST-3605,Desk Organizer,Office,West,Priya,4,641.33
ORD-202606-01164,2026-06-29,CUST-2654,Laptop Stand,Accessories,east,Amit,3,1536.73
ORD-202606-01165,2026-06-11,CUST-1825,Laptop Stand,Accessories,East,Ananya,2,1612.58
ORD-202606-01166,2026-06-02,CUST-3387,Office Chair,Furniture,South,Ananya,5,6461.6
ORD-202606-01167,2026-06-20,CUST-1383,Office Chair,Furniture,Central,Priya,7,6422.43
ORD-202606-01168,2026-06-27,CUST-1404,Laptop Stand,Accessories,South,Karan,5,1381.02
ORD-202606-01169,2026-06-08,CUST-0076,Office Chair,Furniture,South,Neha,2,7211.18
ORD-202606-01170,2026-06-29,CUST-0680,Keyboard,Electronics,East,Rahul,4,1262.42
ORD-202606-01171,2026-06-20,CUST-0109,USB Hub,Accessories,Central,Sneha,5,821.46
ORD-202606-01172,2026-06-29,CUST-3054,Laptop Stand,Accessories,Central,Sneha,6,1588.48
ORD-202606-01173,2026-06-07,CUST-1978,Webcam,Electronics,Central,Vikram,3,2027.92
ORD-202606-01174,2026-06-13,CUST-3287,Notebook,Office,West,Neha,4,193.0
ORD-202606-01175,2026-06-03,CUST-1188,Office Chair,Furniture,East,Rahul,7,7172.58
ORD-202606-01176,2026-06-13,CUST-0337,Headphones,Electronics,South,Neha,3,2688.27
ORD-202606-01177,2026-06-07,CUST-2825,Wireless Mouse,Electronics,North,Rahul,7,852.6
ORD-202606-01178,2026-07-01,CUST-3767,Pen Set,Office,North,Ananya,1,314.89
ORD-202606-01179,2026-06-27,CUST-0871,Notebook,Office,South,Neha,7,186.48
ORD-202606-01180,2026-06-29,CUST-0281,Notebook,Office,South,Vikram,4,193.78
ORD-202606-01181,2026-06-05,CUST-1398,Office Chair,Furniture,,Neha,5,6392.41
ORD-202606-01182,2026-06-17,CUST-1010,Office Chair,Furniture,East,Sneha,4,6898.05
ORD-202606-01183,2026-06-24,CUST-2482,Monitor Stand,Furniture,East,Ananya,3,2026.79
ORD-202606-01184,2026-06-27,CUST-4975,Desk Organizer,Office,North,Amit,4,636.12
ORD-202606-01185,2026-06-28,CUST-4375,Pen Set,Office,East,Karan,5,276.0
ORD-202606-01186,2026-06-10,CUST-2228,Laptop Stand,Accessories,West,Vikram,1,1384.77
ORD-202606-01187,2026-06-10,CUST-4799,Headphones,Electronics,West,Amit,1,2422.27
ORD-202606-01188,2026-06-11,CUST-2102,Desk Organizer,Office,South,Ananya,3,580.14
ORD-202606-01189,2026-06-27,CUST-4447,Study Table,Furniture,South,Neha,1,5933.9
ORD-202606-01190,2026-06-26,CUST-2053,Headphones,Electronics,,Karan,7,2633.62
ORD-202606-01191,2026-06-09,CUST-0309,Mouse Pad,Accessories,West,Rahul,4,389.79
ORD-202606-01192,2026-06-21,CUST-0790,Pen Set,Office,North,Amit,2,271.56
ORD-202606-01193,2026-06-12,CUST-1708,Study Table,Furniture,West,Amit,3,5274.63
ORD-202606-01194,2026-06-14,CUST-3818,Notebook,Office,North,Amit,6,217.65
ORD-202606-01195,2026-06-27,CUST-1553,Wireless Mouse,Electronics,North,Ananya,7,781.67
ORD-202606-01196,2026-06-23,CUST-2112,Wireless Mouse,Electronics,Central,Sneha,4,720.24
ORD-202606-01197,2026-06-21,CUST-0008,Pen Set,Office,West ,Karan,6,289.07
ORD-202606-01198,2026-06-03,CUST-0613,Mouse Pad,Accessories,North,Priya,5,395.75
ORD-202606-01199,2026-06-17,CUST-2045,Pen Set,Office,East,Neha,-1,327.42
ORD-202606-01200,2026-06-07,CUST-3312,Keyboard,Electronics,Central,Neha,7,1325.7
ORD-202606-01201,2026-06-03,CUST-1686,Keyboard,Electronics,East,Vikram,1,1408.64
ORD-202606-01202,,CUST-3657,Monitor Stand,Furniture,West,Karan,6,1800.04
ORD-202606-01203,2026-06-30,CUST-1466,Study Table,Furniture,North,Neha,5,5394.2
ORD-202606-01204,2026-06-04,CUST-0096,Office Chair,Furniture,West,Priya,1,7678.69
ORD-202606-01205,2026-06-01,CUST-3870,Laptop Stand,Accessories,Central,Karan,4,1514.32
ORD-202606-01206,2026-06-06,CUST-3909,Wireless Mouse,Electronics,North,Sneha,7,744.88
ORD-202606-01207,2026-06-16,CUST-2142,Keyboard,Electronics,West,Amit,1,1294.59
ORD-202606-01208,2026-06-13,CUST-1047,Laptop Stand,Accessories,North,Rahul,3,1407.47
ORD-202606-01209,2026-06-24,CUST-4057,Study Table,Furniture,West,Neha,1,5501.14
ORD-202606-01210,2026-06-15,CUST-2196,Webcam,Electronics,East,Ananya,4,1873.16
ORD-202606-01211,2026-06-15,CUST-0055,Office Chair,Furniture,Central,Rahul,7,7542.84
ORD-202606-01212,2026-06-13,CUST-2636,USB Hub,Accessories,East,Amit,6,906.66
ORD-202606-01213,2026-06-02,CUST-2854,Keyboard,Electronics,Central,Rahul,2,1299.45
ORD-202606-01214,2026-06-06,CUST-1119,Notebook,Office,North,Sneha,5,191.44
ORD-202606-01215,2026-06-24,CUST-2982,Pen Set,Office,Central,Vikram,1,287.99
ORD-202606-01216,2026-06-12,CUST-2878,Desk Organizer,Office,West,Karan,5,649.21
ORD-202606-01217,2026-06-29,CUST-4613,Webcam,Electronics,North,Sneha,5,1863.73
ORD-202606-01218,2026-06-24,CUST-3554,Headphones,Electronics,West,Rahul,7,2693.24
ORD-202606-01219,2026-06-29,CUST-4116,Laptop Stand,Accessories,North,Rahul,1,1475.38
ORD-202606-01220,2026-06-04,CUST-4313,Pen Set, Office,Central,Vikram,3,311.08
ORD-202606-01221,2026-06-23,CUST-4823,Laptop Stand,Accessories,north,Rahul,5,1624.7
ORD-202606-01222,2026-06-10,CUST-3005,Webcam,Electronics,South,Karan,4,2043.4
ORD-202606-01223,2026-06-14,CUST-3569,Pen Set,Office,South,Rahul,3,306.58
ORD-202606-01224,2026-06-14,CUST-0119,Mouse Pad,Accessories,East,Ananya,4,403.79
ORD-202606-01225,2026-06-10,CUST-4481,Desk Organizer,Office,South,Priya,6,540.68
ORD-202606-01226,2026-06-16,CUST-2432,Keyboard,Electronics,Central,Priya,3,1396.38
ORD-202606-01227,2026-06-09,CUST-4010,Monitor Stand,Furniture,West,Priya,4,1855.66
ORD-202606-01228,2026-06-06,CUST-1025,Monitor Stand,Furniture,Central,Priya,2,1937.62
ORD-202606-01229,2026-06-25,CUST-0025,Study Table,Furniture,South,Sneha,6,5751.47
ORD-202606-01230,2026-06-22,CUST-1610,Wireless Mouse,Electronics,East,Rahul,5,799.64
ORD-202606-01231,2026-06-01,CUST-0229,Study Table,Furniture,Central,Ananya,5,4974.46
ORD-202606-01232,2026-06-12,CUST-0230,Keyboard,Electronics,West,Amit,2,1197.51
ORD-202606-01233,2026-06-19,CUST-2861,Study Table,Furniture,Central,Ananya,6,5763.38
ORD-202606-01234,2026-06-29,CUST-2374,Study Table,Furniture,,Neha,2,5519.87
ORD-202606-01235,2026-06-03,CUST-4702,Laptop Stand,Accessories,South,Amit,7,1526.04
ORD-202606-01236,2026-07-01,CUST-4619,Monitor Stand,Furniture,East,Karan,1,1837.02
ORD-202606-01237,2026-06-21,CUST-0225,USB Hub,Accessories,North,Amit,5,836.15
ORD-202606-01238,2026-06-14,CUST-3688,Laptop Stand,Accessories,East,Sneha,2,1448.65
ORD-202606-01239,2026-06-01,CUST-3579,Headphones,Electronics,East,Rahul,3,2280.3
ORD-202606-01240,2026-07-01,CUST-1649,Monitor Stand,Furniture,North,Vikram,5,2044.34
ORD-202606-01241,2026-06-02,CUST-2524,Notebook,Office,North,Amit,5,179.73
ORD-202606-01242,2026-06-01,CUST-3988,USB Hub,Accessories,East,Sneha,3,930.59
ORD-202606-01243,2026-06-25,CUST-2360,USB Hub,Accessories,Central,Priya,3,847.89
ORD-202606-01244,2026-06-16,CUST-3702,Study Table,Furniture,Central,Priya,6,5552.39
ORD-202606-01245,2026-06-15,CUST-4678,Monitor Stand,Furniture,North,Karan,3,1915.69
ORD-202606-01246,2026-06-13,CUST-1968,Office Chair,Furniture,West,Sneha,5,6542.32
ORD-202606-01247,2026-06-22,CUST-0762,Wireless Mouse,Electronics,Central,Karan,2,851.21
ORD-202606-01248,2026-06-20,CUST-1764,Desk Organizer,Office,East,Amit,7,590.42
ORD-202606-01249,2026-06-18,CUST-4374,Mouse Pad,Accessories,North,Amit,5,413.56
ORD-202606-01250,2026-06-01,CUST-0481,Keyboard,Electronics,North,Neha,5,1269.22
ORD-202606-01251,2026-06-25,CUST-1556,Office Chair,Furniture,South,Vikram,3,6364.86
ORD-202606-01252,2026-06-03,CUST-3259,Webcam,Electronics,East,Neha,2,2062.55
ORD-202606-01253,2026-07-01,CUST-0824,Pen Set,Office,North,Priya,1,302.77
ORD-202606-01254,2026-06-27,CUST-0676,Pen Set,Office,East,Sneha,2,273.27
ORD-202606-01255,2026-06-06,CUST-2643,Study Table,Furniture,North,Ananya,5,5961.26
ORD-202606-01256,2026-06-13,,Wireless Mouse,Electronics,East,,2,845.45
ORD-202606-01257,2026-06-15,CUST-1989,Monitor Stand,Furniture,East ,Neha,7,2078.31
ORD-202606-01258,2026-06-05,CUST-0063,Study Table,Furniture,North,Neha,6,5643.83
ORD-202606-01259,2026-06-15,CUST-1356,Office Chair,Furniture,North,Neha,1,6941.3
ORD-202606-01260,2026-06-06,CUST-0574,Webcam,Electronics,East,Vikram,7,2059.41
ORD-202606-01261,2026-06-09,CUST-4833,USB Hub,Accessories,West,Karan,7,881.05
ORD-202606-01262,2026-06-24,CUST-3379,Headphones,Electronics,East,Karan,7,2617.26
ORD-202606-01263,2026-06-17,CUST-0698,Headphones,Electronics,West,Rahul,6,2680.53
ORD-202606-01264,2026-06-06,CUST-2119,Headphones,Electronics,West,Rahul,2,2547.99
ORD-202606-01265,2026-06-05,CUST-0899,Webcam,Electronics,East,Neha,3,1888.31
ORD-202606-01266,2026-06-06,,Notebook,Office,North,Ananya,7,184.63
ORD-202606-01267,2026-06-30,CUST-4344,Wireless Mouse,Electronics,West,Priya,6,826.61
ORD-202606-01268,2026-06-08,CUST-4852,Keyboard,Electronics,East,Priya,1,1257.6
ORD-202606-01269,2026-06-07,CUST-0665,Wireless Mouse,Electronics,South,Ananya,7,877.15
ORD-202606-01270,2026-06-15,CUST-1665,Pen Set,Office,South,Rahul,3,325.22
ORD-202606-01271,2026-06-23,CUST-2503,Pen Set,Office,Central,Karan,4,285.3
ORD-202606-01272,2026-06-14,CUST-2758,Study Table,Furniture,South,Rahul,2,5576.55
ORD-202606-01273,2026-06-06,CUST-2730,Study Table,Furniture,West,Priya,2,5179.41
ORD-202606-01274,2026-06-12,CUST-2488,Study Table,Furniture,South,Amit,5,5679.36
ORD-202606-01275,2026-06-09,CUST-0751,Laptop Stand,Accessories,East,,1,1639.88
ORD-202606-01276,2026-06-05,CUST-3420,Pen Set,Office,West,Ananya,3,273.37
ORD-202606-01277,2026-06-26,CUST-3408,Mouse Pad,Accessories,West,Amit,7,381.96
ORD-202606-01278,2026-06-28,CUST-2844,Webcam,Electronics,West,Sneha,2,1940.99
ORD-202606-01279,2026-06-26,CUST-4730,Monitor Stand,Furniture,West,Karan,7,1835.04
ORD-202606-01280,2026-06-25,CUST-3566,USB Hub,Accessories,Central,Amit,5,920.42
ORD-202606-01281,2026-06-02,CUST-1721,Office Chair,Furniture,South,Priya,5,7435.99
ORD-202606-01282,2026-06-02,CUST-2787,Webcam,Electronics,North,Rahul,2,1891.05
ORD-202606-01283,2026-06-11,CUST-2781,Study Table,Furniture,South,Karan,7,5109.46
ORD-202606-01284,2026-06-05,CUST-1694,Notebook,Office,Central,Vikram,5,193.16
ORD-202606-01285,2026-06-16,CUST-3974,Headphones,Electronics,south,Vikram,7,2330.66
ORD-202606-01286,2026-06-22,CUST-1164,Wireless Mouse,Electronics,North,Sneha,6,860.61
ORD-202606-01287,2026-06-25,CUST-0929,Pen Set,Office,South,Karan,5,302.63
ORD-202606-01288,2026-06-04,CUST-2333,USB Hub,Accessories,North,Neha,3,939.95
ORD-202606-01289,2026-06-04,CUST-1806,USB Hub,Accessories,West,Neha,1,909.16
ORD-202606-01290,2026-06-20,CUST-2356,Webcam,Electronics,West,Rahul,3,2078.16
ORD-202606-01291,2026-06-13,CUST-1879,Wireless Mouse,Electronics,East,Rahul,3,873.34
ORD-202606-01292,2026-06-27,CUST-4170,Webcam,Electronics,,Karan,1,1891.54
ORD-202606-01293,2026-06-27,CUST-0805,Desk Organizer,Office,Central,Sneha,2,550.57
ORD-202606-01294,2026-06-28,CUST-1881,Headphones,Electronics,West,Vikram,6,2616.08
ORD-202606-01295,2026-06-24,CUST-3330,Webcam,Electronics,North,Ananya,4,1968.04
ORD-202606-01296,2026-06-01,CUST-0765,Webcam,Electronics,West,Priya,5,1899.62
ORD-202606-01297,2026-06-03,CUST-3664,Notebook,Office,East,Vikram,5,185.7
ORD-202606-01298,2026-06-21,CUST-0966,Keyboard,Electronics,North,Sneha,2,1384.47
ORD-202606-01299,2026-06-18,CUST-2445,USB Hub,Accessories,South,Rahul,7,827.84
ORD-202606-01300,2026-06-23,CUST-2284,Wireless Mouse,Electronics,South,Ananya,1,757.7
ORD-202606-01301,2026-06-23,CUST-2247,Keyboard,Electronics, East,Vikram,7,1326.13
ORD-202606-01302,2026-06-12,CUST-1276,Notebook,Office,East,Sneha,6,197.82
ORD-202606-01303,2026-06-23,CUST-1665,Notebook,Office,West,Amit,1,212.42
ORD-202606-01304,2026-06-13,CUST-4303,Monitor Stand,Furniture,South,Karan,4,2134.84
ORD-202606-01305,2026-06-19,CUST-1828,Office Chair,Furniture,East,Karan,6,6491.57
ORD-202606-01306,2026-06-06,CUST-1460,Mouse Pad,Accessories,Central,Ananya,3,404.05
ORD-202606-01307,2026-06-12,CUST-3321,Webcam,Electronics,East,Vikram,4,1732.56
ORD-202606-01308,2026-06-07,CUST-3973,Pen Set,Office,West,Ananya,3,315.2
ORD-202606-01309,2026-06-28,CUST-3329,Notebook,Office,West,Neha,7,191.49
ORD-202606-01310,2026-06-28,CUST-4173,Desk Organizer,Office,South,Karan,5,634.5
ORD-202606-01311,2026-06-14,CUST-3506,Pen Set,Office,East,Amit,1,304.1
ORD-202606-01312,2026-06-15,CUST-4456,Keyboard,Electronics,East,Rahul,4,1331.21
ORD-202606-01313,2026-06-12,CUST-3042,Mouse Pad,Accessories,South,Karan,4,428.68
ORD-202606-01314,2026-06-30,CUST-3944,Mouse Pad,Accessories,North,,4,374.18
ORD-202606-01315,2026-06-15,CUST-2861,Office Chair,Furniture,Central,Ananya,3,7058.05
ORD-202606-01316,2026-06-26,CUST-1943,Mouse Pad,Accessories,Central,Karan,2,361.97
ORD-202606-01317,2026-06-27,CUST-4958,Office Chair,Furniture,Central,Ananya,4,7350.42
ORD-202606-01318,2026-06-18,CUST-3949,Mouse Pad,Accessories,North,Ananya,6,389.19
ORD-202606-01319,2026-06-15,CUST-1977,Headphones,Electronics,West,Ananya,6,2317.56
ORD-202606-01320,2026-06-26,CUST-2394,Pen Set,Office,North,Ananya,4,287.27
ORD-202606-01321,2026-06-22,CUST-1255,Webcam,Electronics,South,Priya,6,2044.59
ORD-202606-01322,2026-06-03,CUST-1203,Office Chair,Furniture,West,Ananya,5,6489.65
ORD-202606-01323,2026-06-23,CUST-0837,Desk Organizer,Office,North,Rahul,2,540.7
ORD-202606-01324,2026-06-20,CUST-1188,Desk Organizer,Office,Central,Amit,7,616.73
ORD-202606-01325,2026-06-22,CUST-2124,Webcam,Electronics,West,,2,1907.48
ORD-202606-01326,2026-06-06,CUST-3591,Keyboard,Electronics,East,Vikram,6,1303.45
ORD-202606-01327,2026-06-22,CUST-2146,Desk Organizer,Office,Central,Neha,4,539.52
ORD-202606-01328,2026-06-15,CUST-0876,Laptop Stand,Accessories,West,Sneha,5,1503.66
ORD-202606-01329,2026-06-12,CUST-0588,Notebook,Office,East,Karan,6,200.79
ORD-202606-01330,2026-06-22,CUST-3789,Mouse Pad,Accessories,West,Priya,3,388.14
ORD-202606-01331,2026-06-01,CUST-3863,Wireless Mouse,Electronics, North,Rahul,7,856.24
ORD-202606-01332,2026-06-22,CUST-4771,Keyboard,Electronics,South,Rahul,1,1170.93
ORD-202606-01333,2026-06-24,CUST-0875,Wireless Mouse,Electronics,North,Sneha,1,878.1
ORD-202606-01334,2026-06-16,CUST-4576,Headphones,Electronics,Central,Ananya,6,2451.49
ORD-202606-01335,2026-06-19,CUST-0432,Wireless Mouse,Electronics,North,Rahul,3,735.79
ORD-202606-01336,2026-06-03,CUST-4244,Office Chair,Furniture,South,Amit,1,6897.67
ORD-202606-01337,2026-06-29,CUST-2182,USB Hub,Accessories,Central,Sneha,6,886.39
ORD-202606-01338,2026-06-08,CUST-1851,Mouse Pad,Accessories,West,Karan,1,377.13
ORD-202606-01339,2026-06-22,CUST-3711,Mouse Pad,Accessories,East,Sneha,4,413.75
ORD-202606-01340,2026-06-25,CUST-2448,USB Hub,Accessories,South,Karan,2,939.02
ORD-202606-01341,2026-06-02,CUST-0782,Office Chair,Furniture,Central,Priya,1,7557.33
ORD-202606-01342,2026-06-20,CUST-4178,USB Hub,Accessories,South,Neha,4,960.15
ORD-202606-01343,2026-06-23,CUST-1320,Study Table,Furniture,West,Vikram,2,5911.89
ORD-202606-01344,2026-06-13,CUST-2956,Pen Set,Office,East,Priya,2,300.52
ORD-202606-01345,2026-06-09,CUST-3411,Monitor Stand, Furniture,West,Neha,3,-100.0
ORD-202606-01346,2026-06-11,CUST-4370,Desk Organizer,Office,Central,Amit,2,597.98
ORD-202606-01347,2026-07-01,,Mouse Pad,Accessories,North,Rahul,7,362.88
ORD-202606-01348,2026-06-13,CUST-1835,Keyboard,Electronics,West,Neha,3,1411.51
ORD-202606-01349,2026-06-16,CUST-4725,Desk Organizer,Office,West,Priya,4,612.08
ORD-202606-01350,2026-06-24,CUST-4277,Keyboard,Electronics,North,Sneha,7,1398.99
ORD-202606-01351,2026-06-15,CUST-4711,Desk Organizer,Office,North,Karan,3,559.54
ORD-202606-01352,2026-06-04,CUST-0251,Pen Set,Office,Central,Rahul,7,278.06
ORD-202606-01353,2026-06-14,CUST-0306,Webcam,Electronics,North,Karan,5,1714.51
ORD-202606-01354,2026-06-10,CUST-0723,USB Hub,Accessories,Central,Ananya,5,901.56
ORD-202606-01355,2026-06-07,CUST-0652,USB Hub,Accessories,North,Neha,3,944.22
ORD-202606-01356,2026-06-29,CUST-0938,Keyboard,Electronics,East,Amit,1,1402.97
ORD-202606-01357,2026-06-13,CUST-1257,Office Chair,Furniture,West,Neha,3,6884.38
ORD-202606-01358,2026-06-10,CUST-1941,Keyboard,Electronics,West,Rahul,4,1317.37
ORD-202606-01359,,CUST-2231,Laptop Stand,Accessories,West,Priya,1,1416.1
ORD-202606-01360,2026-06-03,CUST-0338,Monitor Stand,Furniture,North,Karan,6,1903.2
ORD-202606-01361,2026-06-29,CUST-1230,Headphones,Electronics,Central,Karan,4,2495.71
ORD-202606-01362,2026-06-13,CUST-0042,Headphones,Electronics,South ,Vikram,6,2719.11
ORD-202606-01363,2026-06-01,CUST-1451,Headphones,Electronics,Central,Priya,6,2388.51
ORD-202606-01364,2026-06-24,CUST-4752,Monitor Stand,Furniture,North,Ananya,7,1802.85
ORD-202606-01365,2026-06-21,CUST-3540,Pen Set,Office,North,Amit,4,299.25
ORD-202606-01366,2026-06-15,CUST-4374,Wireless Mouse,Electronics,West,Karan,5,803.28
ORD-202606-01367,2026-06-11,CUST-1200,Notebook,Office,West,Priya,7,183.2
ORD-202606-01368,2026-06-20,CUST-2218,Monitor Stand,Furniture,,Vikram,2,1945.6
ORD-202606-01369,2026-06-14,CUST-3250,Headphones,Electronics,Central,Rahul,5,2355.24
ORD-202606-01370,2026-06-04,CUST-1239,Headphones,Electronics,West,Ananya,1,2546.71
ORD-202606-01371,2026-06-30,CUST-4350,USB Hub,Accessories,North,Priya,4,965.17
ORD-202606-01372,2026-06-01,CUST-4108,Wireless Mouse,Electronics,Central,,7,827.92
ORD-202606-01373,2026-06-13,CUST-0065,Office Chair,Furniture,North,Rahul,4,7372.19
ORD-202606-01374,2026-06-14,CUST-0782,Webcam,Electronics,West,Priya,7,2003.27
ORD-202606-01375,2026-06-29,CUST-4033,Desk Organizer,Office,West,Vikram,1,539.71
ORD-202606-01376,2026-06-25,CUST-2181,Pen Set,Office,South,Sneha,1,299.1
ORD-202606-01377,2026-06-26,CUST-0874,USB Hub,Accessories,Central,Priya,7,861.39
ORD-202606-01378,2026-07-01,CUST-3985,Pen Set,Office,South,Rahul,1,311.38
ORD-202606-01379,2026-06-14,CUST-4376,Desk Organizer,Office,East,,7,636.58
ORD-202606-01380,2026-06-15,CUST-3111,Office Chair,Furniture,North,Ananya,3,6591.96
ORD-202606-01381,2026-06-29,CUST-2478,Desk Organizer,Office,West,Amit,2,650.15
ORD-202606-01382,2026-06-16,CUST-1552,Monitor Stand,Furniture,Central,Neha,5,2157.45
ORD-202606-01383,2026-06-17,CUST-3897,Study Table,Furniture,South,Neha,7,5825.72
ORD-202606-01384,2026-06-13,CUST-3732,Study Table,Furniture,West,Neha,6,5940.19
ORD-202606-01385,2026-06-28,CUST-1445,Pen Set,Office,South,Sneha,2,270.01
ORD-202606-01386,2026-06-30,CUST-0162,Webcam,Electronics,Central,Ananya,3,1816.21
ORD-202606-01387,2026-06-15,CUST-2322,USB Hub,Accessories,North,Karan,1,825.28
ORD-202606-01388,2026-06-15,CUST-2963,Office Chair,Furniture,North,Karan,1,7694.31
ORD-202606-01389,2026-06-29,CUST-3800,Webcam,Electronics,East,Amit,4,1860.73
ORD-202606-01390,2026-06-08,CUST-3449,Headphones,Electronics,North,Sneha,4,2711.56
ORD-202606-01391,2026-06-29,CUST-1747,Study Table,Furniture,South,Ananya,2,5585.34
ORD-202606-01392,2026-07-01,CUST-0340,Monitor Stand,Furniture,North,Sneha,2,2143.33
ORD-202606-01393,2026-06-09,CUST-1645,Mouse Pad,Accessories,South,Vikram,1,378.57
ORD-202606-01394,2026-06-19,CUST-2412,Desk Organizer,Office,South,Amit,6,552.47
ORD-202606-01395,2026-06-17,CUST-0891,Desk Organizer,Office,Central,Rahul,2,553.85
ORD-202606-01396,2026-06-20,CUST-4757,Office Chair,Furniture,South,Sneha,4,7348.09
ORD-202606-01397,2026-07-01,CUST-1641,Headphones,Electronics,South,Ananya,3,2463.75
ORD-202606-01398,2026-06-17,CUST-1137,Pen Set,Office,West,Vikram,2,285.37
ORD-202606-01399,2026-06-17,CUST-3967,Notebook,Office,South,Sneha,4,207.87
ORD-202606-01400,2026-06-10,CUST-3573,Laptop Stand,Accessories,,Neha,6,1427.17
ORD-202606-01401,2026-06-18,CUST-4915,Headphones,Electronics,West,Karan,7,2680.68
ORD-202606-01402,2026-06-24,CUST-4289,Notebook,Office,East,Priya,1,182.33
ORD-202606-01403,2026-06-01,CUST-0009,Mouse Pad,Accessories,North,Rahul,4,384.74
ORD-202606-01404,2026-06-21,CUST-3408,Mouse Pad,Accessories,Central,Priya,4,382.09
ORD-202606-01405,2026-06-15,CUST-0808,Keyboard,Electronics,South,Priya,7,1406.55
ORD-202606-01406,2026-06-27,CUST-1812,Office Chair,Furniture,South,Vikram,4,6948.16
ORD-202606-01407,2026-06-03,CUST-3221,Mouse Pad,Accessories,South,Rahul,5,408.19
ORD-202606-01408,2026-06-05,CUST-0047,Desk Organizer,Office,North,Priya,6,643.16
ORD-202606-01409,2026-06-26,CUST-2652,USB Hub,Accessories,East,Ananya,6,940.36
ORD-202606-01410,2026-06-19,CUST-0634,Desk Organizer,Office,West,Sneha,6,587.78
ORD-202606-01411,2026-07-01,CUST-4744,Pen Set,Office,West,Rahul,4,294.8
ORD-202606-01412,2026-06-01,CUST-2005,Study Table,Furniture,Central,Sneha,3,5937.31
ORD-202606-01413,2026-06-03,CUST-1243,Headphones,Electronics,South,Rahul,3,2614.97
ORD-202606-01414,2026-06-06,CUST-4677,Monitor Stand,Furniture,South,Vikram,7,1836.86
ORD-202606-01415,2026-06-15,CUST-0478,Desk Organizer,Office, Central,Karan,7,628.52
ORD-202606-01416,2026-06-06,CUST-2902,Study Table,Furniture,West,Rahul,1,5151.87
ORD-202606-01417,2026-06-08,CUST-0170,Monitor Stand,Furniture,East,Sneha,5,2121.47
ORD-202606-01418,,CUST-3781,Wireless Mouse,Electronics,South,Vikram,4,809.45
ORD-202606-01419,2026-06-25,CUST-2171,Pen Set,Office,North,Vikram,7,309.93
ORD-202606-01420,2026-06-10,CUST-2722,Study Table,Furniture,South,Vikram,3,5628.28
ORD-202606-01421,2026-06-19,CUST-1366,Notebook,Office,North,Ananya,5,192.1
ORD-202606-01422,,CUST-1445,Headphones,Electronics,East,Amit,2,2697.48
ORD-202606-01423,2026-06-07,CUST-1603,Mouse Pad,Accessories,East,Rahul,-1,436.68
ORD-202606-01424,2026-06-18,CUST-2388,Office Chair,Furniture,East,Rahul,3,7230.99
ORD-202606-01425,2026-06-13,CUST-3254,Desk Organizer,Office,West,Amit,6,565.43
ORD-202606-01426,2026-06-05,CUST-0834,Keyboard,Electronics,South,Vikram,2,1259.9
ORD-202606-01427,2026-06-27,CUST-2938,Monitor Stand,Furniture,North,Amit,7,1807.45
ORD-202606-01428,2026-06-03,CUST-1449,Office Chair,Furniture,Central,Neha,3,6932.88
ORD-202606-01429,2026-06-27,CUST-1677,Pen Set,Office,West,Priya,5,318.71
ORD-202606-01430,2026-06-25,CUST-1679,Wireless Mouse,Electronics,South,Neha,1,823.4
ORD-202606-01431,2026-06-28,CUST-2209,Keyboard,Electronics,South,Amit,5,1242.31
ORD-202606-01432,2026-06-08,CUST-3727,Keyboard,Electronics,East,Sneha,1,1172.32
ORD-202606-01433,2026-06-23,CUST-1653,Wireless Mouse,Electronics,East,Neha,2,766.61
ORD-202606-01434,2026-06-23,CUST-4262,Monitor Stand,Furniture,North,Priya,3,1826.27
ORD-202606-01435,2026-06-08,CUST-2332,Keyboard,Electronics,West,Amit,6,1362.48
ORD-202606-01436,2026-06-14,CUST-2529,Pen Set,Office,East,Karan,5,324.91
ORD-202606-01437,2026-06-10,CUST-0163,Wireless Mouse,Electronics,East,Ananya,1,756.01
ORD-202606-01438,2026-06-18,CUST-1274,Pen Set,Office,Central,Rahul,7,288.5
ORD-202606-01439,2026-06-28,CUST-2419,Desk Organizer,Office,North,Amit,6,614.4
ORD-202606-01440,2026-06-13,CUST-4973,Pen Set,Office,East,Vikram,2,275.68
ORD-202606-01441,2026-06-08,CUST-1109,USB Hub,Accessories,South,Sneha,2,936.26
ORD-202606-01442,2026-06-13,CUST-2462,USB Hub,Accessories,South,Neha,7,902.89
ORD-202606-01443,2026-06-08,CUST-1707,Webcam,Electronics,North,Vikram,2,2081.97
ORD-202606-01444,2026-06-12,CUST-4255,Webcam,Electronics,,Rahul,5,1747.62
ORD-202606-01445,2026-06-28,CUST-3433,Pen Set,Office,North,Neha,6,273.65
ORD-202606-01446,2026-06-29,CUST-1136,Wireless Mouse,Electronics,West,Karan,7,740.46
ORD-202606-01447,2026-06-09,CUST-2942,Study Table,Furniture,South,Amit,3,5505.32
ORD-202606-01448,2026-06-10,CUST-3593,Keyboard,Electronics,South,Vikram,3,1320.98
ORD-202606-01449,2026-06-21,CUST-3425,Wireless Mouse,Electronics,Central,Neha,3,788.02
ORD-202606-01450,2026-06-20,CUST-2910,Wireless Mouse,Electronics,South,Neha,7,815.04
ORD-202606-01451,2026-06-04,,Headphones,Electronics,South,Neha,3,2659.73
ORD-202606-01452,2026-06-10,CUST-4568,Mouse Pad,Accessories,Central,Karan,5,428.84
ORD-202606-01453,2026-06-10,CUST-4640,Headphones,Electronics,South,Rahul,5,2328.1
ORD-202606-01454,2026-06-12,CUST-4461,Mouse Pad,Accessories,South,Vikram,3,392.54
ORD-202606-01455,2026-06-22,CUST-2126,Wireless Mouse,Electronics,Central,Sneha,7,735.23
ORD-202606-01456,2026-06-17,,Mouse Pad,Accessories,South,Vikram,5,386.46
ORD-202606-01457,2026-06-28,CUST-4565,Keyboard,Electronics,West,Amit,6,1345.0
ORD-202606-01458,2026-06-10,CUST-0151,USB Hub,Accessories,Central,Karan,4,897.69
ORD-202606-01459,2026-06-01,CUST-3514,Laptop Stand,Accessories,West,,5,-100.0
ORD-202606-01460,2026-06-23,CUST-4722,Keyboard,Electronics,East,Neha,2,1215.57
ORD-202606-01461,2026-06-08,CUST-2459,Mouse Pad,Accessories,Central,Sneha,6,408.84
ORD-202606-01462,2026-06-25,CUST-3989,Keyboard,Electronics,North,Priya,6,1215.03
ORD-202606-01463,2026-06-30,CUST-1627,Webcam,Electronics,East,Priya,-1,1988.52
ORD-202606-01464,2026-06-30,CUST-4876,Desk Organizer,Office,East,Priya,7,636.97
ORD-202606-01465,2026-06-16,CUST-0085,Monitor Stand,Furniture,South,Rahul,7,1924.5
ORD-202606-01466,2026-06-26,CUST-2061,Headphones,Electronics,South,Rahul,1,2670.72
ORD-202606-01467,2026-06-23,CUST-2815,Keyboard,Electronics,South,Sneha,3,1231.15
ORD-202606-01468,2026-06-03,CUST-1221,Office Chair,Furniture,East,Amit,1,7494.1
ORD-202606-01469,2026-06-28,CUST-4067,Office Chair,Furniture,North,Rahul,1,7087.55
ORD-202606-01470,2026-06-19,CUST-4159,Webcam,Electronics,Central,Neha,2,1749.46
ORD-202606-01471,2026-06-02,CUST-2239,Notebook,Office,Central,Karan,7,214.85
ORD-202606-01472,2026-06-20,CUST-4283,USB Hub,Accessories,West,Amit,6,881.06
ORD-202606-01473,2026-06-09,CUST-3960,Wireless Mouse,Electronics,North,Vikram,2,719.41
ORD-202606-01474,2026-06-02,CUST-0016,Notebook,Office,North,Rahul,1,194.22
ORD-202606-01475,2026-06-23,CUST-2767,Keyboard,Electronics,Central,Amit,2,1281.11
ORD-202606-01476,2026-06-13,CUST-3534,Desk Organizer,Office,West,Amit,1,620.54
ORD-202606-01477,2026-06-01,CUST-4650,USB Hub,Accessories,East,Neha,7,869.23
ORD-202606-01478,2026-06-25,CUST-2174,Headphones,Electronics,East,Karan,5,2635.47
ORD-202606-01479,2026-06-15,CUST-0127,Desk Organizer,office,East,Vikram,1,657.95
ORD-202606-01480,2026-06-17,CUST-2157,Laptop Stand,Accessories,East,Sneha,1,1427.06
ORD-202606-01481,2026-06-05,CUST-3657,Study Table,Furniture,South,Vikram,5,4965.1
ORD-202606-01482,2026-06-23,CUST-0402,Office Chair,Furniture,West,Sneha,7,7426.37
ORD-202606-01483,2026-06-24,CUST-1252,Wireless Mouse,Electronics,North,Vikram,3,787.6
ORD-202606-01484,2026-06-11,CUST-3517,Wireless Mouse,Electronics,Central,Rahul,1,806.95
ORD-202606-01485,2026-06-30,CUST-4240,Pen Set,Office,West,Priya,6,305.56
ORD-202606-01486,2026-06-15,CUST-2022,Headphones,Electronics,East,Rahul,7,2436.31
ORD-202606-01487,2026-06-03,CUST-1512,USB Hub,Accessories,Central,Priya,1,966.73
ORD-202606-01488,2026-06-30,CUST-3101,Laptop Stand,Accessories,West,Ananya,6,1596.45
ORD-202606-01489,2026-06-18,CUST-1400,Study Table,Furniture,North,Neha,3,5873.17
ORD-202606-01490,2026-06-16,CUST-3061,Mouse Pad,Accessories,East,Amit,3,389.44
ORD-202606-01491,2026-06-06,CUST-1777,Notebook,Office,East,Rahul,2,210.6
ORD-202606-01492,2026-06-06,CUST-3989,Pen Set,Office,West,Rahul,3,308.69
ORD-202606-01493,2026-06-24,CUST-2218,Notebook,Office,East,Sneha,1,184.06
ORD-202606-01494,2026-06-22,CUST-1714,Laptop Stand,Accessories,East,Vikram,1,1448.73
ORD-202606-01495,2026-06-24,CUST-0810,Study Table,Furniture,West,Priya,5,5396.06
ORD-202606-01496,2026-07-01,,Laptop Stand,Accessories,South,Karan,7,1594.62
ORD-202606-01497,2026-06-30,CUST-4214,Webcam,Electronics,West,Amit,3,1855.43
ORD-202606-01498,2026-06-21,CUST-0418,Keyboard,Electronics,East,Sneha,7,1314.12
ORD-202606-01499,2026-06-06,CUST-0070,Notebook,Office,East,Sneha,3,214.11
ORD-202606-01500,2026-06-07,CUST-1894,Keyboard,Electronics,East,Sneha,4,1378.35
ORD-202606-01501,2026-06-04,CUST-0410,Headphones,Electronics,West,,5,2407.03
ORD-202606-01502,2026-06-15,CUST-4718,Monitor Stand,Furniture,,Priya,6,1877.05
ORD-202606-01503,2026-06-16,CUST-1080,Office Chair,Furniture,South,Neha,1,7431.08
ORD-202606-01504,2026-06-02,CUST-3485,Keyboard,Electronics,Central,Karan,1,1255.69
ORD-202606-01505,2026-06-18,CUST-3735,Study Table,Furniture,North,Rahul,6,5570.07
ORD-202606-01506,2026-06-02,CUST-1397,Wireless Mouse,Electronics,East,Karan,3,750.73
ORD-202606-01507,2026-06-30,CUST-1197,USB Hub,Accessories,West,Karan,3,887.07
ORD-202606-01508,2026-06-01,CUST-0732,Study Table,Furniture,East,Rahul,6,5317.56
ORD-202606-01509,2026-06-15,CUST-1031,Monitor Stand,Furniture,North,Neha,2,1870.89
ORD-202606-01510,2026-06-07,CUST-3227,Monitor Stand,Furniture,West,Karan,6,2078.88
ORD-202606-01511,2026-07-01,CUST-0292,Monitor Stand,Furniture,Central,Rahul,6,2077.71
ORD-202606-01512,2026-06-10,CUST-1995,Keyboard,Electronics,West,Vikram,7,1180.96
ORD-202606-01513,2026-06-12,CUST-0112,Headphones,Electronics,North,Amit,2,2590.0
ORD-202606-01514,2026-06-23,CUST-3286,Mouse Pad,Accessories,South,Ananya,5,416.6
ORD-202606-01515,2026-06-19,CUST-2333,Notebook,Office,East,Rahul,5,209.21
ORD-202606-01516,2026-06-10,CUST-3552,Desk Organizer,Office,South,Priya,4,560.99
ORD-202606-01517,2026-06-10,CUST-2596,Webcam,Electronics,West,Sneha,2,1866.6
ORD-202606-01518,2026-06-09,CUST-4123,Wireless Mouse,Electronics,West,Rahul,3,795.13
ORD-202606-01519,2026-06-08,CUST-0837,Webcam,Electronics,East,Sneha,4,1712.34
ORD-202606-01520,2026-06-07,CUST-4345,USB Hub,Accessories,Central,Neha,4,912.01
ORD-202606-01521,2026-06-20,CUST-0559,USB Hub,Accessories,East,Amit,3,-100.0
ORD-202606-01522,2026-06-25,CUST-0776,Monitor Stand,Furniture,West,Ananya,5,2038.61
ORD-202606-01523,2026-06-23,CUST-4219,Laptop Stand,Accessories,East,Rahul,7,1646.5
ORD-202606-01524,2026-06-25,CUST-1153,Keyboard,Electronics,West,Rahul,5,1214.73
ORD-202606-01525,2026-06-12,CUST-0194,Mouse Pad,Accessories,South,Rahul,3,377.04
ORD-202606-01526,2026-06-07,CUST-3042,Office Chair,Furniture,West,Priya,6,7661.75
ORD-202606-01527,2026-06-04,CUST-0647,Keyboard,Electronics,North,Ananya,5,1199.3
ORD-202606-01528,2026-06-27,CUST-0642,Mouse Pad,Accessories,South,Sneha,3,389.41
ORD-202606-01529,2026-06-16,CUST-0793,USB Hub,Accessories,East,Priya,7,895.59
ORD-202606-01530,2026-06-07,CUST-4914,Wireless Mouse,Electronics,South,Sneha,1,801.58
ORD-202606-01531,2026-06-12,CUST-0871,Wireless Mouse,Electronics,South,,1,844.8
ORD-202606-01532,2026-06-20,CUST-0466,Headphones,Electronics,East,Sneha,4,2399.46
ORD-202606-01533,2026-06-11,CUST-3287,Desk Organizer,Office,East,Priya,1,560.18
ORD-202606-01534,2026-06-10,CUST-3265,USB Hub,Accessories,East,Rahul,5,873.82
ORD-202606-01535,2026-06-27,CUST-3265,Laptop Stand,Accessories,East,Vikram,4,1408.64
ORD-202606-01536,2026-06-06,CUST-2661,Desk Organizer,Office,East,Karan,3,609.41
ORD-202606-01537,2026-06-16,CUST-2153,USB Hub,Accessories,West,Karan,2,938.83
ORD-202606-01538,2026-06-07,CUST-1299,Keyboard,Electronics,South,Rahul,7,1292.51
ORD-202606-01539,2026-06-23,CUST-4919,Webcam,Electronics,Central,Ananya,1,2065.23
ORD-202606-01540,2026-07-01,CUST-4243,USB Hub,Accessories,North,Neha,4,862.33
ORD-202606-01541,2026-06-09,CUST-4465,Headphones,Electronics,Central,Sneha,7,2489.3
ORD-202606-01542,2026-06-02,CUST-4372,Laptop Stand, Accessories,North,Priya,6,1394.31
ORD-202606-01543,2026-06-07,,Laptop Stand,Accessories,North,Priya,2,1386.97
ORD-202606-01544,2026-06-04,CUST-0755,Desk Organizer,Office,South,Ananya,4,541.45
ORD-202606-01545,2026-06-05,CUST-0372,Wireless Mouse,Electronics,West,Vikram,7,843.8
ORD-202606-01546,2026-06-25,CUST-2097,Webcam,Electronics,South,Sneha,2,1938.12
ORD-202606-01547,2026-06-13,CUST-1878,Pen Set,Office,East,Ananya,2,322.7
ORD-202606-01548,2026-06-25,CUST-2527,Monitor Stand,Furniture,West,Karan,1,1857.61
ORD-202606-01549,2026-06-20,CUST-1046,Notebook,Office,North,Karan,7,206.95
ORD-202606-01550,2026-06-14,CUST-4021,Study Table,Furniture,West,Neha,7,5417.68
ORD-202606-01551,2026-06-22,CUST-2556,Laptop Stand,Accessories,West,Vikram,1,1619.91
ORD-202606-01552,2026-06-02,CUST-3647,Keyboard,Electronics,West,Rahul,7,1208.57
ORD-202606-01553,2026-06-04,CUST-1260,Webcam,Electronics,South,Vikram,5,1971.55
ORD-202606-01554,2026-06-07,CUST-1299,Monitor Stand,Furniture,Central,Priya,5,2135.1
ORD-202606-01555,2026-06-05,CUST-1345,Office Chair,Furniture,North,,6,6801.22
ORD-202606-01556,2026-06-08,,Notebook,Office,Central,Amit,3,190.07
ORD-202606-01557,2026-06-20,CUST-1120,Headphones,Electronics,Central,Karan,5,2736.39
ORD-202606-01558,2026-06-14,CUST-2142,Monitor Stand,Furniture,West,Amit,6,2064.34
ORD-202606-01559,2026-06-29,CUST-2722,Wireless Mouse,Electronics,North,Karan,6,817.33
ORD-202606-01560,2026-06-25,CUST-3882,USB Hub,Accessories,Central,Priya,1,908.44
ORD-202606-01561,2026-06-24,CUST-2606,Keyboard,electronics,West,Sneha,7,1188.74
ORD-202606-01562,2026-06-27,CUST-0102,Monitor Stand,Furniture,East,Vikram,4,2139.16
ORD-202606-01563,2026-06-27,CUST-2932,Mouse Pad,Accessories,Central,Karan,3,378.37
ORD-202606-01564,2026-06-01,CUST-0004,Headphones,Electronics,North,Vikram,2,2714.53
ORD-202606-01565,2026-06-07,CUST-0963,Study Table,Furniture,Central,Priya,5,5503.27
ORD-202606-01566,2026-06-03,CUST-1957,Headphones,Electronics,West,Priya,6,2438.55
ORD-202606-01567,2026-06-28,CUST-4505,Pen Set,Office,East,Amit,5,323.05
ORD-202606-01568,2026-06-04,CUST-2171,Laptop Stand,Accessories,Central,,4,1609.11
ORD-202606-01569,2026-06-12,CUST-3985,Wireless Mouse,Electronics,Central,Sneha,7,745.37
ORD-202606-01570,2026-06-06,CUST-3509,Webcam,Electronics,West,Neha,7,2081.68
ORD-202606-01571,2026-06-18,CUST-1512,Office Chair,Furniture,West,Karan,1,6380.83
ORD-202606-01572,2026-06-14,CUST-3608,Notebook,Office,South,Sneha,5,189.59
ORD-202606-01573,2026-06-28,CUST-3378,Webcam,Electronics,South,Sneha,1,1908.88
ORD-202606-01574,2026-06-21,CUST-4458,Office Chair,Furniture,South,Amit,5,6425.66
ORD-202606-01575,2026-06-07,CUST-4937,Mouse Pad,Accessories,East,Neha,7,403.02
ORD-202606-01576,2026-06-27,CUST-3897,Webcam,Electronics,South,Neha,7,1920.75
ORD-202606-01577,2026-06-30,CUST-1985,Pen Set,Office,East,Ananya,1,273.01
ORD-202606-01578,2026-06-17,CUST-1616,Desk Organizer,Office,South,Ananya,3,548.89
ORD-202606-01579,2026-06-28,CUST-2312,Mouse Pad,Accessories,East,Ananya,2,424.72
ORD-202606-01580,2026-06-26,CUST-0724,Desk Organizer,Office,West,Neha,2,604.02
ORD-202606-01581,2026-06-02,CUST-0089,Laptop Stand,Accessories,East,Neha,2,1598.55
ORD-202606-01582,2026-06-16,CUST-4196,Desk Organizer,Office,South,Neha,3,655.16
ORD-202606-01583,2026-06-23,CUST-4431,Keyboard,Electronics,East,Vikram,3,1270.53
ORD-202606-01584,2026-06-20,CUST-4740,USB Hub,Accessories,Central,Sneha,6,845.33
ORD-202606-01585,2026-06-26,CUST-2906,Wireless Mouse,Electronics,Central,Neha,6,735.78
ORD-202606-01586,2026-06-11,CUST-3801,Office Chair,Furniture,Central,Neha,4,6911.05
ORD-202606-01587,2026-06-19,CUST-4305,Desk Organizer,Office,Central,Vikram,7,559.88
ORD-202606-01588,2026-06-17,CUST-2652,Laptop Stand,Accessories,North,Neha,2,1369.64
ORD-202606-01589,2026-06-17,CUST-1255,Headphones,Electronics,Central,Rahul,4,2294.3
ORD-202606-01590,2026-06-19,CUST-0515,Desk Organizer,Office,South,Amit,7,546.93
ORD-202606-01591,2026-06-22,CUST-0529,Study Table,Furniture,Central,Rahul,5,5836.84
ORD-202606-01592,2026-06-19,CUST-0805,Keyboard,Electronics,South,Sneha,5,1395.21
ORD-202606-01593,2026-06-06,CUST-3905,Keyboard,Electronics,South,Neha,3,1328.49
ORD-202606-01594,2026-06-14,CUST-2117,Mouse Pad,Accessories,South,Amit,6,390.87
ORD-202606-01595,2026-06-23,CUST-0884,Webcam,Electronics,West,Sneha,5,1908.99
ORD-202606-01596,2026-06-13,CUST-1734,Wireless Mouse,Electronics,South,Neha,7,783.37
ORD-202606-01597,2026-06-24,CUST-4794,Mouse Pad,Accessories,South,Karan,1,390.92
ORD-202606-01598,2026-06-10,CUST-4588,Study Table,Furniture,Central,Priya,1,5024.55
ORD-202606-01599,2026-06-28,CUST-2466,Mouse Pad,Accessories,North,,4,395.2
ORD-202606-01600,2026-06-02,CUST-2816,Mouse Pad,Accessories,,Vikram,5,374.2
ORD-202606-01601,2026-06-24,CUST-0687,Pen Set,Office,West,Amit,7,292.79
ORD-202606-01602,2026-06-03,CUST-3197,Mouse Pad,Accessories,North,Rahul,6,434.63
ORD-202606-01603,2026-06-09,CUST-4940,Office Chair,Furniture,South,Priya,6,7239.07
ORD-202606-01604,2026-06-28,CUST-0259,Monitor Stand,Furniture,East,Ananya,2,1911.87
ORD-202606-01605,2026-06-12,CUST-0115,Pen Set,Office,North,Rahul,3,312.57
ORD-202606-01606,2026-06-09,CUST-2978,Office Chair,Furniture,East,Rahul,1,7335.16
ORD-202606-01607,2026-06-30,CUST-1428,Headphones,Electronics,North,Priya,6,2698.18
ORD-202606-01608,2026-06-16,CUST-2179,USB Hub,Accessories,Central,Sneha,2,856.4
ORD-202606-01609,2026-07-01,CUST-4586,Keyboard,Electronics,Central,Rahul,2,1195.72
ORD-202606-01610,2026-06-24,CUST-0360,Webcam,Electronics,East,Karan,4,1931.08
ORD-202606-01611,2026-06-18,CUST-2653,Study Table,Furniture,East,Vikram,5,5653.48
ORD-202606-01612,2026-06-12,CUST-2331,Mouse Pad,Accessories,Central,Sneha,6,407.25
ORD-202606-01613,2026-06-16,CUST-4562,USB Hub,Accessories,North,Priya,2,837.65
ORD-202606-01614,2026-06-15,CUST-0235,USB Hub,Accessories,West,Vikram,5,825.4
ORD-202606-01615,2026-06-10,CUST-4286,Desk Organizer,Office,Central,Rahul,6,611.03
ORD-202606-01616,2026-06-19,CUST-4890,Webcam,Electronics,Central,Karan,5,1930.73
ORD-202606-01617,2026-06-20,,Pen Set,Office,South,,2,300.95
ORD-202606-01618,,CUST-1293,Desk Organizer,Office,Central,Ananya,7,584.12
ORD-202606-01619,2026-06-14,CUST-2550,Mouse Pad,Accessories,Central,Priya,3,436.4
ORD-202606-01620,2026-06-30,CUST-3706,Webcam,Electronics,South,Priya,3,1786.0
ORD-202606-01621,2026-06-27,CUST-2024,USB Hub,Accessories,West,Neha,2,831.59
ORD-202606-01622,2026-06-21,CUST-2236,Headphones,Electronics,Central,Priya,7,2311.62
ORD-202606-01623,2026-06-11,CUST-1453,Pen Set,Office,South,Amit,7,304.51
ORD-202606-01624,2026-06-21,CUST-4674,Study Table,Furniture,South,Rahul,5,5892.31
ORD-202606-01625,2026-06-29,CUST-0476,Keyboard,Electronics,South,Priya,6,1266.04
ORD-202606-01626,2026-06-22,CUST-0184,Notebook,Office,north,Priya,7,213.96
ORD-202606-01627,2026-07-01,CUST-3907,Pen Set,Office,East,,5,316.7
ORD-202606-01628,2026-06-24,CUST-0521,Pen Set,Office,,Karan,1,274.83
ORD-202606-01629,,CUST-4783,Desk Organizer,Office,North,Sneha,2,586.99
ORD-202606-01630,2026-06-02,CUST-4297,Desk Organizer,Office,South,Ananya,4,610.41
ORD-202606-01631,2026-06-26,CUST-2774,Mouse Pad,Accessories,South,Amit,4,431.64
ORD-202606-01632,2026-06-21,CUST-2215,Mouse Pad,Accessories,Central,Ananya,2,393.79
ORD-202606-01633,2026-06-19,CUST-2965,Desk Organizer,Office,South,,6,633.21
ORD-202606-01634,2026-06-16,CUST-4118,Wireless Mouse,Electronics,West,Amit,5,866.32
ORD-202606-01635,2026-06-04,CUST-2302,Webcam,Electronics,North,Sneha,5,1979.04
ORD-202606-01636,2026-06-01,CUST-4389,Office Chair,Furniture,North,Priya,5,7146.68
ORD-202606-01637,2026-06-16,CUST-2952,Office Chair,Furniture,Central,Sneha,2,6383.84
ORD-202606-01638,2026-06-08,CUST-4820,Wireless Mouse,Electronics,West,Neha,1,799.51
ORD-202606-01639,2026-07-01,CUST-0499,Headphones,Electronics,North,Rahul,2,2402.49
ORD-202606-01640,2026-06-20,CUST-4711,Laptop Stand,Accessories,West,Karan,2,1378.38
ORD-202606-01641,2026-06-16,CUST-0224,Notebook,Office,East,Ananya,5,188.45
ORD-202606-01642,2026-06-01,CUST-2205,Laptop Stand,Accessories,West,Neha,3,1543.39
ORD-202606-01643,2026-06-23,CUST-0516,Desk Organizer,Office,South,Priya,5,541.56
ORD-202606-01644,2026-06-22,CUST-4989,Study Table,Furniture,North,Priya,6,5152.12
ORD-202606-01645,2026-06-03,CUST-0292,Notebook,Office,West,Priya,1,204.6
ORD-202606-01646,2026-06-21,CUST-4237,Desk Organizer,Office,West,Priya,6,592.45
ORD-202606-01647,2026-06-30,CUST-1008,Wireless Mouse,Electronics,Central,Karan,1,796.04
ORD-202606-01648,2026-06-17,CUST-0951,Notebook,Office,North,Karan,5,186.51
ORD-202606-01649,2026-07-01,,Headphones,Electronics,South,Karan,2,2259.08
ORD-202606-01650,2026-06-27,CUST-2440,Headphones,Electronics,South,Priya,4,2498.78
ORD-202606-01651,2026-06-06,CUST-4356,Keyboard,Electronics,,Sneha,4,1293.94
ORD-202606-01652,2026-06-10,CUST-0653,Headphones,Electronics,East,Karan,4,2704.79
ORD-202606-01653,2026-06-08,CUST-1098,Keyboard,Electronics,West,Priya,1,1180.02
ORD-202606-01654,2026-06-15,CUST-4160,Wireless Mouse,Electronics,East,Rahul,2,749.09
ORD-202606-01655,2026-06-13,CUST-0114,Desk Organizer,Office,West,Neha,3,565.31
ORD-202606-01656,2026-06-21,CUST-3936,Pen Set,Office,East,Ananya,3,276.67
ORD-202606-01657,2026-06-24,CUST-4833,Office Chair,Furniture,,Rahul,6,7292.94
ORD-202606-01658,2026-06-11,CUST-3872,Keyboard,Electronics,Central,Vikram,7,1249.72
ORD-202606-01659,2026-06-24,CUST-0819,Mouse Pad,Accessories,East,Neha,7,425.79
ORD-202606-01660,2026-06-02,CUST-1503,Monitor Stand,Furniture,East,Vikram,7,1940.11
ORD-202606-01661,2026-06-14,CUST-3902,Office Chair,Furniture,West,Karan,3,6986.89
ORD-202606-01662,2026-06-23,CUST-3851,Desk Organizer,Office,West,Karan,2,623.02
ORD-202606-01663,2026-06-24,CUST-4613,Mouse Pad,Accessories,North,Karan,6,430.29
ORD-202606-01664,2026-06-27,CUST-1413,Laptop Stand,Accessories,West,Amit,7,1369.7
ORD-202606-01665,2026-06-26,CUST-3714,Wireless Mouse,Electronics,East,Sneha,6,834.02
ORD-202606-01666,2026-07-01,CUST-0024,Study Table,Furniture,,Neha,1,4973.01
ORD-202606-01667,2026-06-14,CUST-0448,Study Table,Furniture,North,Karan,5,5507.46
ORD-202606-01668,2026-06-08,CUST-2605,Laptop Stand,Accessories,South,Amit,4,1511.73
ORD-202606-01669,2026-06-27,CUST-4265,Desk Organizer,Office,Central,Vikram,6,613.11
ORD-202606-01670,2026-06-10,CUST-1769,Monitor Stand,Furniture,Central,Amit,2,2026.52
ORD-202606-01671,2026-06-11,,Wireless Mouse,Electronics,North,Ananya,6,757.57
ORD-202606-01672,2026-06-29,CUST-3204,Headphones,Electronics,West,Amit,4,2666.95
ORD-202606-01673,2026-06-06,CUST-1799,Office Chair,Furniture,North,Sneha,5,6889.2
ORD-202606-01674,2026-06-20,CUST-4279,Notebook,Office,South,Amit,3,203.78
ORD-202606-01675,2026-06-09,CUST-2863,Monitor Stand,Furniture,West,Priya,6,1995.61
ORD-202606-01676,2026-06-23,CUST-4944,Mouse Pad,Accessories,East,Neha,6,400.11
ORD-202606-01677,2026-06-01,CUST-4357,Notebook,Office,South,Neha,1,196.7
ORD-202606-01678,2026-06-30,CUST-1363,Pen Set,Office,West,Ananya,1,271.94
ORD-202606-01679,2026-06-05,CUST-3352,Pen Set,Office,Central,Rahul,2,295.05
ORD-202606-01680,2026-06-12,CUST-1203,Headphones,Electronics,North,,5,2729.87
ORD-202606-01681,2026-06-12,CUST-3870,Desk Organizer,Office,Central,Vikram,1,631.59
ORD-202606-01682,2026-06-01,CUST-1363,Monitor Stand,Furniture,West,Ananya,1,2076.98
ORD-202606-01683,2026-06-21,CUST-4309,Laptop Stand,Accessories,South,Priya,3,1384.81
ORD-202606-01684,2026-06-21,CUST-4042,Headphones,Electronics,East,Ananya,6,2459.38
ORD-202606-01685,2026-06-03,CUST-1187,Webcam, Electronics,South,Rahul,2,1997.81
ORD-202606-01686,2026-06-23,CUST-2266,USB Hub,Accessories,South,Amit,6,818.03
ORD-202606-01687,2026-06-09,CUST-3676,Headphones,Electronics,West,Vikram,7,2309.25
ORD-202606-01688,2026-06-26,CUST-2841,Desk Organizer,Office,East,Rahul,4,584.63
ORD-202606-01689,2026-06-18,CUST-3633,Wireless Mouse,Electronics,North,Sneha,2,836.84
ORD-202606-01690,2026-06-11,CUST-3834,Keyboard,Electronics,North,Neha,5,1223.84
ORD-202606-01691,2026-06-04,CUST-3973,Webcam,Electronics,West,Vikram,1,1848.66
ORD-202606-01692,2026-06-15,CUST-2406,Laptop Stand,Accessories,North,Priya,4,1447.53
ORD-202606-01693,,CUST-1751,USB Hub,Accessories,West,Sneha,3,906.71
ORD-202606-01694,2026-06-22,CUST-4905,Headphones,Electronics,West,Ananya,1,-100.0
ORD-202606-01695,2026-06-08,CUST-4240,Mouse Pad,Accessories,East,Neha,4,417.34
ORD-202606-01696,2026-06-20,CUST-2103,Pen Set,Office, South,Priya,5,282.36
ORD-202606-01697,2026-06-06,CUST-0629,Monitor Stand,Furniture,Central,Priya,6,2099.64
ORD-202606-01698,2026-06-16,CUST-4411,Keyboard,Electronics,Central,Karan,2,1396.31
ORD-202606-01699,2026-06-02,CUST-3848,Desk Organizer,Office,West,Vikram,4,545.03
ORD-202606-01700,2026-06-30,CUST-1308,Pen Set,Office,South,Priya,2,292.51
ORD-202606-01701,2026-06-29,CUST-0757,Mouse Pad,Accessories,West,Vikram,1,373.66
ORD-202606-01702,2026-06-09,CUST-0656,Wireless Mouse,Electronics,East,,7,794.83
ORD-202606-01703,2026-06-29,CUST-0509,Headphones,Electronics,West,Rahul,3,2637.24
ORD-202606-01704,2026-06-06,CUST-2584,Pen Set,Office,South,Rahul,6,299.02
ORD-202606-01705,2026-06-16,CUST-4057,Webcam,Electronics,East,Rahul,7,1772.34
ORD-202606-01706,2026-06-05,CUST-4442,Notebook,Office,Central,,7,183.95
ORD-202606-01707,2026-06-16,CUST-2000,Headphones,Electronics,West,Amit,7,2639.0
ORD-202606-01708,2026-06-28,CUST-1289,Office Chair,Furniture,Central,Karan,3,6331.92
ORD-202606-01709,2026-06-01,CUST-3243,Headphones,Electronics,North,Vikram,4,2734.57
ORD-202606-01710,2026-06-01,CUST-3197,Mouse Pad,Accessories,Central,Ananya,5,362.74
ORD-202606-01711,2026-06-09,CUST-3076,Laptop Stand,Accessories,South,Priya,4,1417.68
ORD-202606-01712,2026-06-08,CUST-1359,Laptop Stand,Accessories,West,Ananya,6,1464.87
ORD-202606-01713,2026-06-24,CUST-3004,Pen Set,Office,North,Ananya,2,312.71
ORD-202606-01714,2026-06-12,CUST-2042,Mouse Pad,Accessories,North,Amit,2,426.11
ORD-202606-01715,2026-06-28,CUST-2348,Mouse Pad,Accessories,North,Vikram,3,370.71
ORD-202606-01716,2026-06-13,CUST-0655,Monitor Stand,Furniture,East,Vikram,1,2055.58
ORD-202606-01717,2026-06-24,CUST-3797,Laptop Stand,Accessories,West,Priya,3,1437.5
ORD-202606-01718,2026-06-27,CUST-0215,Office Chair,Furniture,East,Amit,3,7571.2
ORD-202606-01719,2026-06-15,CUST-1470,Office Chair,Furniture,Central,Priya,3,7122.92
ORD-202606-01720,2026-06-13,CUST-3019,Wireless Mouse,Electronics,East,Sneha,6,757.13
ORD-202606-01721,2026-06-19,CUST-3548,Pen Set,Office,East,Ananya,4,279.08
ORD-202606-01722,2026-06-29,CUST-2818,Headphones,Electronics,Central,Rahul,7,2730.92
ORD-202606-01723,2026-06-12,CUST-1621,Headphones,Electronics,Central,Ananya,2,2684.83
ORD-202606-01724,2026-06-01,CUST-1535,Laptop Stand,Accessories,East,Sneha,1,1470.51
ORD-202606-01725,2026-06-18,CUST-0638,Laptop Stand,Accessories,Central,Ananya,6,1402.75
ORD-202606-01726,2026-06-14,CUST-0203,Notebook,Office,West,Vikram,5,209.91
ORD-202606-01727,2026-06-08,CUST-0878,Notebook,Office,East,Priya,5,188.5
ORD-202606-01728,2026-06-17,CUST-0962,Headphones,Electronics,East,Rahul,7,2679.36
ORD-202606-01729,2026-06-26,CUST-1982,Study Table,Furniture,East,Ananya,4,6004.15
ORD-202606-01730,2026-06-28,CUST-0300,Webcam,Electronics,North,Neha,6,1912.91
ORD-202606-01731,2026-06-12,CUST-1877,Wireless Mouse,Electronics,West,Sneha,2,816.07
ORD-202606-01732,2026-06-11,CUST-4619,Desk Organizer,Office,North,Amit,3,549.51
ORD-202606-01733,2026-06-15,CUST-3879,Desk Organizer,Office,West,Neha,1,607.12
ORD-202606-01734,2026-06-22,CUST-2282,Laptop Stand,Accessories,Central,Rahul,6,1500.64
ORD-202606-01735,2026-06-24,CUST-1810,Webcam,Electronics,North,Karan,4,1938.42
ORD-202606-01736,2026-06-08,CUST-1779,Mouse Pad,Accessories,East,Karan,7,416.76
ORD-202606-01737,2026-06-29,CUST-3899,Notebook,Office,Central,Amit,4,196.13
ORD-202606-01738,2026-06-04,CUST-3395,Desk Organizer,Office,South,Rahul,4,580.95
ORD-202606-01739,2026-06-05,CUST-0370,Webcam,Electronics,West,Amit,4,1788.48
ORD-202606-01740,2026-06-25,CUST-2485,Office Chair,Furniture,North,Ananya,3,6556.9
ORD-202606-01741,2026-06-04,CUST-1291,Wireless Mouse,Electronics,South,Amit,1,855.65
ORD-202606-01742,2026-06-29,CUST-0565,Keyboard,Electronics,West,Vikram,7,1204.28
ORD-202606-01743,2026-06-22,CUST-4915,Wireless Mouse,Electronics,,Karan,1,734.06
ORD-202606-01744,2026-06-07,CUST-1386,Pen Set,Office,South,Amit,5,311.72
ORD-202606-01745,2026-06-10,CUST-1634,Mouse Pad,Accessories ,West,Ananya,5,412.94
ORD-202606-01746,2026-06-13,CUST-3601,Monitor Stand,Furniture,Central,Ananya,6,2127.56
ORD-202606-01747,2026-06-01,CUST-2041,Office Chair,Furniture,East,Amit,7,6380.95
ORD-202606-01748,2026-06-27,CUST-4098,Headphones,Electronics,South,Rahul,6,2432.33
ORD-202606-01749,2026-06-19,CUST-2184,Desk Organizer,Office,West,Vikram,2,576.75
ORD-202606-01750,2026-06-19,,Notebook,Office,North,Karan,6,186.03
ORD-202606-01751,2026-06-07,CUST-4102,Monitor Stand,Furniture,East,Rahul,5,1861.94
ORD-202606-01752,2026-06-14,CUST-3670,Headphones,Electronics,East,Sneha,5,2712.52
ORD-202606-01753,2026-06-23,CUST-3550,Mouse Pad,Accessories,South,Priya,2,369.38
ORD-202606-01754,2026-06-01,CUST-0536,Mouse Pad,Accessories,Central,Rahul,3,403.18
ORD-202606-01755,2026-06-26,CUST-0738,Mouse Pad,Accessories,West,Ananya,3,362.37
ORD-202606-01756,2026-06-09,CUST-3556,Mouse Pad,Accessories,North,Ananya,3,434.12
ORD-202606-01757,2026-06-19,CUST-4318,Keyboard,Electronics,South,Vikram,1,1186.3
ORD-202606-01758,2026-06-22,CUST-3341,Laptop Stand,Accessories,North ,Sneha,7,1375.18
ORD-202606-01759,2026-06-24,CUST-1631,Pen Set,Office,East,Neha,2,274.38
ORD-202606-01760,2026-06-19,CUST-3288,Pen Set,Office,North,Ananya,4,318.02
ORD-202606-01761,2026-06-14,CUST-4504,Desk Organizer,Office,South,Ananya,5,616.78
ORD-202606-01762,2026-07-01,CUST-0395,Mouse Pad,Accessories,Central ,Rahul,3,434.79
ORD-202606-01763,2026-06-03,CUST-4334,Laptop Stand,Accessories,West,Ananya,2,1398.14
ORD-202606-01764,2026-06-13,CUST-1317,Desk Organizer,Office,North,,2,564.54
ORD-202606-01765,2026-06-12,CUST-0395,Keyboard,Electronics,North,Priya,5,1279.32
ORD-202606-01766,2026-06-25,CUST-2277,Mouse Pad,accessories,South,Sneha,6,419.41
ORD-202606-01767,2026-06-24,CUST-2298,Mouse Pad,Accessories,North,Vikram,3,410.61
ORD-202606-01768,2026-06-21,CUST-4030,Laptop Stand,Accessories,North,Vikram,5,1408.72
ORD-202606-01769,2026-06-04,CUST-4110,Wireless Mouse,Electronics,West,Rahul,6,845.58
ORD-202606-01770,2026-07-01,CUST-0505,Mouse Pad,Accessories,East,Sneha,1,427.9
ORD-202606-01771,2026-06-10,CUST-3735,Monitor Stand,Furniture,South,Neha,3,2193.38
ORD-202606-01772,2026-06-21,CUST-0677,Headphones,Electronics,Central,Vikram,1,2384.88
ORD-202606-01773,2026-06-27,CUST-3018,Office Chair,Furniture,East,Amit,5,7010.08
ORD-202606-01774,2026-06-30,CUST-0712,Mouse Pad,Accessories,South,Sneha,7,378.82
ORD-202606-01775,2026-06-18,CUST-4794,Office Chair,Furniture,North,Amit,4,6619.5
ORD-202606-01776,2026-07-01,CUST-1204,Pen Set,Office,North,Sneha,1,301.75
ORD-202606-01777,2026-06-03,CUST-0393,Notebook,Office,Central,Amit,3,180.42
ORD-202606-01778,2026-06-22,CUST-3833,Monitor Stand,Furniture,West,Rahul,5,1854.69
ORD-202606-01779,2026-06-21,CUST-4225,Wireless Mouse,Electronics,South,Amit,1,794.37
ORD-202606-01780,2026-06-26,CUST-1649,Office Chair,Furniture,South,Priya,4,6948.82
ORD-202606-01781,2026-06-04,CUST-4353,Office Chair,Furniture,Central,Amit,2,7242.6
ORD-202606-01782,2026-06-17,CUST-4124,USB Hub,Accessories,West,,3,838.9
ORD-202606-01783,2026-06-14,CUST-1565,Keyboard,Electronics,East,Ananya,5,1385.81
ORD-202606-01784,2026-06-17,CUST-1445,Webcam,Electronics,South,Ananya,5,1982.56
ORD-202606-01785,2026-06-17,CUST-0093,Pen Set,Office,West,Karan,4,279.78
ORD-202606-01786,2026-06-04,CUST-2042,Headphones,Electronics,Central,Priya,1,2431.02
ORD-202606-01787,2026-06-16,CUST-4456,Pen Set,Office,East,Neha,7,327.44
ORD-202606-01788,2026-06-23,CUST-2011,Study Table,Furniture,Central,Priya,3,5930.69
ORD-202606-01789,2026-06-03,CUST-3041,Laptop Stand,Accessories,West,Neha,6,1391.87
ORD-202606-01790,2026-06-12,CUST-0813,Headphones,Electronics,East,Neha,1,2656.23
ORD-202606-01791,2026-06-19,CUST-1143,Headphones,Electronics,North,Sneha,1,2327.42
ORD-202606-01792,2026-06-26,CUST-0326,Desk Organizer,Office,Central,Priya,3,599.07
ORD-202606-01793,2026-06-13,CUST-4758,Mouse Pad,Accessories,North,Neha,5,420.57
ORD-202606-01794,2026-06-25,CUST-4533,Keyboard,Electronics,South,Ananya,5,1391.78
ORD-202606-01795,2026-06-23,,Study Table,Furniture,North,Sneha,1,5154.91
ORD-202606-01796,2026-06-16,CUST-4321,Headphones,Electronics ,East,Amit,4,2340.13
ORD-202606-01797,2026-06-25,CUST-1702,Headphones,Electronics,East,Sneha,7,2600.05
ORD-202606-01798,2026-06-22,CUST-3835,Study Table,Furniture,West ,Rahul,7,5869.51
ORD-202606-01799,2026-06-11,CUST-3713,Keyboard,Electronics,West,Priya,4,1368.56
ORD-202606-01800,2026-06-24,CUST-3578,Office Chair,Furniture,East ,Amit,4,7666.41
ORD-202606-01801,2026-06-15,CUST-2609,Monitor Stand,Furniture,Central,Sneha,4,1812.44
ORD-202606-01802,2026-06-25,CUST-3478,Wireless Mouse,Electronics,West,Neha,1,727.61
ORD-202606-01803,2026-06-19,CUST-4178,Headphones,Electronics,East,Priya,3,2746.47
ORD-202606-01804,2026-06-22,CUST-2326,Office Chair,Furniture,East,Neha,5,6894.9
ORD-202606-01805,2026-06-24,CUST-3358,Webcam,Electronics,South,Neha,3,1985.07
ORD-202606-01806,2026-06-10,CUST-1101,Webcam,Electronics,South,Karan,4,1765.87
ORD-202606-01807,2026-06-12,CUST-1245,Study Table,Furniture,Central,Karan,6,5359.38
ORD-202606-01808,2026-06-05,CUST-4549,Wireless Mouse,Electronics,West,Priya,2,878.21
ORD-202606-01809,2026-06-18,CUST-0027,Mouse Pad,Accessories,North,Neha,4,420.91
ORD-202606-01810,2026-06-22,CUST-4379,Mouse Pad,Accessories,North,Priya,6,424.9
ORD-202606-01811,2026-06-24,,Notebook,Office,West,Neha,1,197.77
ORD-202606-01812,2026-06-14,CUST-4580,Monitor Stand,Furniture,Central,Vikram,1,1862.43
ORD-202606-01813,2026-06-15,CUST-4219,Pen Set,Office,West,Vikram,4,326.24
ORD-202606-01814,2026-06-23,CUST-0380,Headphones,Electronics,North,Priya,2,2249.37
ORD-202606-01815,2026-06-07,CUST-2810,Webcam,Electronics,West,Vikram,1,2049.24
ORD-202606-01816,2026-06-29,CUST-0693,Laptop Stand,Accessories,Central,Rahul,6,1414.06
ORD-202606-01817,2026-06-07,CUST-3795,Headphones,Electronics,South,Neha,5,2743.22
ORD-202606-01818,2026-06-24,CUST-4973,Pen Set,Office,North,Neha,3,275.21
ORD-202606-01819,2026-06-01,CUST-0931,USB Hub,Accessories,East,Amit,3,813.37
ORD-202606-01820,2026-06-10,CUST-0450,Monitor Stand,Furniture,West,Sneha,7,1820.76
ORD-202606-01821,2026-06-23,CUST-2678,Monitor Stand,Furniture,North,Karan,1,1922.97
ORD-202606-01822,2026-07-01,CUST-1660,Mouse Pad,Accessories,West,,5,426.16
ORD-202606-01823,2026-06-06,CUST-4197,Headphones,Electronics,South,Neha,3,2512.13
ORD-202606-01824,2026-06-05,CUST-1542,Notebook,Office,South,Ananya,5,190.59
ORD-202606-01825,2026-06-11,CUST-3598,Monitor Stand,Furniture,South,Sneha,7,1893.89
ORD-202606-01826,2026-06-05,CUST-0226,Study Table,Furniture,West,Vikram,4,5011.9
ORD-202606-01827,2026-06-10,CUST-1255,USB Hub,Accessories,North,Vikram,5,974.72
ORD-202606-01828,2026-06-06,CUST-2621,Study Table,Furniture,North,Amit,1,5530.26
ORD-202606-01829,2026-06-03,CUST-0941,Laptop Stand,Accessories,Central,Priya,5,1590.07
ORD-202606-01830,2026-06-10,CUST-3951,Mouse Pad,Accessories,Central,Ananya,1,373.39
ORD-202606-01831,2026-06-28,CUST-3102,Keyboard,Electronics,South,Karan,6,1411.57
ORD-202606-01832,2026-06-02,CUST-1556,Headphones,Electronics,North,Priya,1,2365.51
ORD-202606-01833,2026-06-08,CUST-0240,Wireless Mouse,Electronics,North,Neha,5,745.48
ORD-202606-01834,2026-06-03,CUST-2297,Monitor Stand,Furniture,West,Neha,5,2028.02
ORD-202606-01835,2026-06-04,CUST-0446,Wireless Mouse,Electronics ,North,Ananya,4,735.5
ORD-202606-01836,2026-06-13,CUST-0535,Study Table,Furniture,Central,Amit,5,5743.97
ORD-202606-01837,2026-06-22,CUST-2719,Office Chair,Furniture ,Central,Karan,7,7605.67
ORD-202606-01838,2026-06-09,CUST-4223,Wireless Mouse,Electronics,South,Karan,6,813.43
ORD-202606-01839,2026-06-09,CUST-0176,Study Table,Furniture,East,Rahul,1,5746.1
ORD-202606-01840,2026-06-02,CUST-3736,USB Hub,Accessories,East,Rahul,4,882.35
ORD-202606-01841,,CUST-0180,Desk Organizer,Office,Central,Karan,6,598.11
ORD-202606-01842,2026-06-07,CUST-1302,Webcam,Electronics,South,Karan,3,1778.45
ORD-202606-01843,2026-06-19,CUST-0590,Desk Organizer,Office,Central,Priya,7,586.68
ORD-202606-01844,2026-06-10,,Mouse Pad,Accessories,West,Vikram,4,404.46
ORD-202606-01845,2026-06-22,CUST-0836,USB Hub,Accessories,West,Sneha,1,869.74
ORD-202606-01846,2026-06-14,CUST-1724,Pen Set,Office,North,Neha,2,308.16
ORD-202606-01847,2026-06-05,CUST-2052,Webcam,Electronics,North,Neha,7,1879.97
ORD-202606-01848,2026-06-05,CUST-1366,Keyboard,Electronics,South,Ananya,2,1313.21
ORD-202606-01849,2026-06-04,CUST-3298,USB Hub,Accessories,East,Priya,1,813.47
ORD-202606-01850,2026-06-28,CUST-2829,Webcam,Electronics,West,Karan,5,2041.56
ORD-202606-01851,2026-06-18,CUST-0140,Laptop Stand,Accessories,East,Karan,2,1393.87
ORD-202606-01852,2026-06-23,CUST-4829,Mouse Pad,Accessories,West,Ananya,3,421.89
ORD-202606-01853,2026-06-02,CUST-1141,Wireless Mouse,Electronics,Central,Neha,7,835.94
ORD-202606-01854,2026-06-10,CUST-0284,Webcam,Electronics,South,Amit,3,1887.91
ORD-202606-01855,2026-06-04,CUST-3466,Headphones,Electronics,South,Ananya,1,2281.86
ORD-202606-01856,2026-06-30,CUST-4563,Pen Set,Office,Central,Ananya,5,302.75
ORD-202606-01857,2026-06-06,CUST-2290,Wireless Mouse,Electronics,East,Neha,1,745.95
ORD-202606-01858,2026-06-12,CUST-3052,USB Hub,Accessories,North,Amit,5,958.63
ORD-202606-01859,2026-06-05,CUST-0022,Notebook,Office,Central,Rahul,6,200.54
ORD-202606-01860,2026-06-06,CUST-0443,Office Chair,Furniture,South,Rahul,7,6891.64
ORD-202606-01861,2026-06-14,CUST-1625,Desk Organizer,Office,North,Neha,7,-100.0
ORD-202606-01862,2026-06-27,CUST-0777,Pen Set,Office,West,Vikram,7,328.84
ORD-202606-01863,2026-06-20,CUST-4416,Mouse Pad,Accessories,West,Karan,7,400.96
ORD-202606-01864,2026-06-08,CUST-0198,USB Hub,Accessories,South,Amit,6,970.97
ORD-202606-01865,2026-06-14,CUST-0248,Notebook,Office,South,Amit,1,180.17
ORD-202606-01866,2026-06-30,CUST-2949,Mouse Pad,Accessories,North,Rahul,5,400.61
ORD-202606-01867,2026-06-27,CUST-2392,Study Table,Furniture,West,Neha,5,5146.43
ORD-202606-01868,2026-06-02,CUST-2330,USB Hub,Accessories,West,Vikram,6,960.93
ORD-202606-01869,2026-06-18,CUST-0035,Desk Organizer,Office,Central,Vikram,1,582.18
ORD-202606-01870,2026-06-14,CUST-3303,USB Hub,Accessories,South,Karan,7,899.01
ORD-202606-01871,2026-06-25,CUST-2318,Desk Organizer,Office,South,Sneha,5,639.66
ORD-202606-01872,2026-06-21,CUST-4309,Monitor Stand,Furniture,East,Rahul,2,2175.16
ORD-202606-01873,2026-06-21,CUST-1537,Notebook,Office,West,Karan,7,185.41
ORD-202606-01874,2026-06-14,CUST-3018,Wireless Mouse,Electronics,East,Priya,5,751.64
ORD-202606-01875,2026-06-04,CUST-1317,USB Hub,Accessories,North,Rahul,2,924.75
ORD-202606-01876,2026-06-11,CUST-4319,Pen Set,Office,South,Ananya,3,324.24
ORD-202606-01877,2026-07-01,CUST-2969,Wireless Mouse,Electronics,North,Vikram,3,765.62
ORD-202606-01878,2026-06-05,CUST-3991,Notebook,Office,West,Priya,1,195.41
ORD-202606-01879,2026-06-13,CUST-1036,Monitor Stand,Furniture,South,Ananya,2,1868.88
ORD-202606-01880,2026-06-20,CUST-2043,Wireless Mouse,Electronics,Central,Vikram,7,863.99
ORD-202606-01881,2026-06-15,CUST-4616,Notebook,Office,West,Amit,2,212.85
ORD-202606-01882,2026-06-01,CUST-4858,Pen Set,Office,West,Vikram,2,304.27
ORD-202606-01883,2026-06-29,CUST-3421,Keyboard,Electronics,East,Amit,7,1204.78
ORD-202606-01884,2026-06-19,CUST-1812,Mouse Pad,Accessories,Central,Ananya,1,407.69
ORD-202606-01885,2026-06-14,CUST-1416,Keyboard,Electronics,South,Neha,2,1316.18
ORD-202606-01886,2026-06-24,CUST-1884,Wireless Mouse,Electronics,South,Ananya,5,782.11
ORD-202606-01887,2026-06-07,CUST-2698,Desk Organizer,Office ,West,Priya,5,560.69
ORD-202606-01888,2026-06-28,CUST-1868,USB Hub,Accessories,North,Ananya,3,984.8
ORD-202606-01889,2026-06-11,CUST-2246,Wireless Mouse,Electronics,West,Priya,1,809.9
ORD-202606-01890,2026-06-01,CUST-3117,Mouse Pad,Accessories,North,Neha,5,398.29
ORD-202606-01891,2026-06-04,CUST-0191,Wireless Mouse,Electronics,West,Vikram,4,750.33
ORD-202606-01892,2026-06-23,CUST-1870,Monitor Stand,Furniture,Central,Priya,6,2110.56
ORD-202606-01893,2026-06-07,CUST-0761,Pen Set,Office,Central,Sneha,6,326.59
ORD-202606-01894,2026-06-25,CUST-3522,Keyboard,Electronics,West,Vikram,7,1398.35
ORD-202606-01895,2026-06-20,CUST-3271,Pen Set,Office,Central,Priya,1,322.5
ORD-202606-01896,2026-06-16,CUST-0943,Laptop Stand,Accessories,Central,Sneha,3,1438.2
ORD-202606-01897,2026-06-29,CUST-1489,Mouse Pad,Accessories,South,Ananya,3,375.72
ORD-202606-01898,2026-06-01,CUST-4013,Laptop Stand,Accessories,South,Sneha,5,1601.83
ORD-202606-01899,2026-06-21,CUST-2240,Notebook,Office,East,Priya,1,186.4
ORD-202606-01900,2026-06-07,CUST-1881,USB Hub,Accessories,West,Ananya,7,833.86
ORD-202606-01901,2026-06-27,CUST-1485,Study Table,Furniture,South,Karan,4,5402.16
ORD-202606-01902,2026-07-01,CUST-3202,Office Chair,Furniture,West,Sneha,2,7619.58
ORD-202606-01903,2026-06-11,CUST-1154,Webcam,Electronics,Central,Amit,7,2045.44
ORD-202606-01904,2026-06-03,CUST-4054,Laptop Stand,Accessories,North,Rahul,6,1449.19
ORD-202606-01905,2026-06-19,CUST-0075,Keyboard,Electronics,Central,Karan,2,1308.57
ORD-202606-01906,2026-06-10,CUST-2943,Wireless Mouse,Electronics,West,Karan,4,766.42
ORD-202606-01907,2026-06-01,CUST-3475,Office Chair,Furniture,Central,Amit,1,7172.86
ORD-202606-01908,2026-06-10,CUST-0225,Headphones,Electronics,South,Vikram,4,2428.36
ORD-202606-01909,2026-06-10,CUST-4590,Laptop Stand,Accessories,East,Sneha,2,1489.15
ORD-202606-01910,2026-06-08,CUST-1260,Wireless Mouse,Electronics,Central,Neha,2,864.86
ORD-202606-01911,2026-06-01,CUST-1181,Keyboard,Electronics,,Vikram,1,1398.75
ORD-202606-01912,2026-06-28,CUST-1550,Office Chair,Furniture,West,Sneha,3,6871.19
ORD-202606-01913,2026-06-23,CUST-0935,Office Chair,Furniture,Central,Priya,2,6902.18
ORD-202606-01914,2026-06-21,CUST-2224,Monitor Stand,Furniture,North,Ananya,1,1929.45
ORD-202606-01915,2026-06-27,CUST-4617,Pen Set,Office,north,Rahul,3,305.49
ORD-202606-01916,2026-06-18,CUST-3948,Desk Organizer,Office,Central,Ananya,6,648.42
ORD-202606-01917,2026-06-18,CUST-3750,Office Chair,Furniture,West,Amit,2,6365.43
ORD-202606-01918,2026-06-15,CUST-1932,Webcam,Electronics,Central,Amit,1,1845.59
ORD-202606-01919,2026-06-07,CUST-1335,Mouse Pad,Accessories,Central,Vikram,1,438.33
ORD-202606-01920,2026-06-05,CUST-3455,Wireless Mouse,Electronics,West,Vikram,4,749.0
ORD-202606-01921,2026-06-05,CUST-3984,Notebook,Office,East,Priya,4,205.54
ORD-202606-01922,2026-06-19,CUST-4326,Desk Organizer,Office,Central,Amit,1,554.26
ORD-202606-01923,2026-06-01,CUST-0742,Mouse Pad,Accessories,Central,Karan,3,376.73
ORD-202606-01924,2026-06-20,CUST-4015,Mouse Pad,Accessories,East,Ananya,1,430.03
ORD-202606-01925,2026-06-21,CUST-1121,Monitor Stand,Furniture,North,Neha,6,2100.1
ORD-202606-01926,2026-06-29,CUST-4305,Webcam,Electronics,South,Ananya,5,2080.03
ORD-202606-01927,2026-06-10,,Laptop Stand,Accessories,North,Neha,4,1421.4
ORD-202606-01928,2026-06-25,CUST-2816,Webcam,Electronics,East,Rahul,4,1861.77
ORD-202606-01929,2026-07-01,CUST-1153,Wireless Mouse,Electronics,Central,Vikram,4,773.85
ORD-202606-01930,2026-06-25,CUST-0656,Wireless Mouse,Electronics,West,Amit,7,764.47
ORD-202606-01931,2026-06-23,CUST-0185,Keyboard,electronics,Central,Karan,7,1404.72
ORD-202606-01932,2026-07-01,CUST-0732,Wireless Mouse,Electronics,Central,Vikram,5,737.16
ORD-202606-01933,2026-06-23,CUST-0077,Headphones,Electronics,Central,Rahul,3,2735.85
ORD-202606-01934,2026-06-10,CUST-0748,Headphones,Electronics,North,Sneha,3,2294.07
ORD-202606-01935,2026-06-06,CUST-1399,Wireless Mouse,Electronics,North,Vikram,4,843.83
ORD-202606-01936,2026-06-03,CUST-1744,Office Chair,Furniture,West,Priya,5,6357.18
ORD-202606-01937,2026-06-11,CUST-3110,Wireless Mouse,Electronics,West,Karan,4,769.26
ORD-202606-01938,2026-07-01,CUST-0735,Office Chair,Furniture,Central,Ananya,6,6949.07
ORD-202606-01939,2026-06-21,CUST-4814,Keyboard,Electronics,Central,Ananya,1,1189.71
ORD-202606-01940,2026-06-05,CUST-4542,Webcam,Electronics,East,Sneha,3,1756.01
ORD-202606-01941,2026-06-12,CUST-3979,Study Table,Furniture,South,Priya,3,5645.69
ORD-202606-01942,2026-06-26,CUST-3538,Monitor Stand,Furniture,Central,Sneha,4,1843.6
ORD-202606-01943,2026-06-15,CUST-4084,Webcam,Electronics,Central,Priya,5,2062.4
ORD-202606-01944,2026-06-22,CUST-0970,Office Chair,Furniture,Central,Priya,4,6525.9
ORD-202606-01945,2026-06-20,CUST-2877,Study Table,Furniture,West,Priya,7,5746.13
ORD-202606-01946,2026-06-10,CUST-2652,Office Chair,Furniture,West,Sneha,3,7427.28
ORD-202606-01947,2026-06-13,CUST-0834,Headphones,Electronics,North,Ananya,5,2435.2
ORD-202606-01948,2026-06-28,CUST-2363,Monitor Stand,Furniture,Central,Karan,5,2172.7
ORD-202606-01949,2026-06-11,CUST-2814,Monitor Stand,Furniture,Central,Priya,1,1966.71
ORD-202606-01950,2026-06-13,CUST-0616,Headphones,Electronics,West,Ananya,1,2403.35
ORD-202606-01951,2026-06-21,CUST-0984,Study Table,Furniture,Central,Priya,4,5734.53
ORD-202606-01952,2026-06-18,CUST-2153,USB Hub,Accessories,West,Amit,6,871.12
ORD-202606-01953,2026-06-16,CUST-3301,Study Table,Furniture,East,Amit,2,5758.46
ORD-202606-01954,2026-06-23,CUST-3343,Webcam,Electronics,West,Sneha,5,1798.67
ORD-202606-01955,2026-06-05,CUST-2865,Notebook,Office,West,Neha,4,188.59
ORD-202606-01956,2026-06-09,CUST-2574,Office Chair,Furniture ,West,Vikram,4,6801.74
ORD-202606-01957,2026-06-25,CUST-2136,Laptop Stand,Accessories,East,Vikram,7,1550.55
ORD-202606-01958,2026-06-05,CUST-2953,Desk Organizer,Office,South,Amit,6,650.04
ORD-202606-01959,2026-06-17,CUST-3305,Pen Set,Office,Central,Priya,7,315.05
ORD-202606-01960,2026-06-05,CUST-1117,Webcam,Electronics,South,Sneha,2,1843.63
ORD-202606-01961,2026-06-30,CUST-3660,Headphones,Electronics,North,Vikram,3,2462.15
ORD-202606-01962,2026-06-20,CUST-3811,USB Hub,Accessories,South,Neha,7,901.26
ORD-202606-01963,2026-06-10,CUST-0185,Keyboard,Electronics,East,Ananya,7,1187.94
ORD-202606-01964,2026-06-01,CUST-3998,Pen Set,Office,West,Priya,3,298.8
ORD-202606-01965,2026-06-17,CUST-4734,Study Table,Furniture,East,Vikram,1,5467.97
ORD-202606-01966,2026-06-03,CUST-2229,Study Table,Furniture,East,Rahul,1,5608.38
ORD-202606-01967,2026-06-20,CUST-1111,Keyboard,Electronics,North,Priya,7,1385.62
ORD-202606-01968,2026-06-26,,Desk Organizer,Office,Central,Neha,6,650.21
ORD-202606-01969,2026-06-25,CUST-1387,Webcam,Electronics,South,Karan,5,2045.7
ORD-202606-01970,2026-06-24,CUST-2810,Keyboard,Electronics,South,Amit,7,1310.73
ORD-202606-01971,2026-07-01,CUST-3759,Study Table,Furniture,Central,Neha,7,5986.03
ORD-202606-01972,2026-06-29,CUST-1129,Notebook,Office,West,Rahul,6,218.19
ORD-202606-01973,2026-06-15,CUST-2119,Office Chair,Furniture,East,Sneha,3,6449.65
ORD-202606-01974,2026-06-02,CUST-4143,Keyboard,Electronics,West,Ananya,5,1203.96
ORD-202606-01975,2026-06-16,CUST-3429,Pen Set,Office,Central,Karan,5,305.47
ORD-202606-01976,2026-06-13,CUST-3714,Monitor Stand,Furniture,North,Neha,4,2118.26
ORD-202606-01977,2026-06-15,,Laptop Stand,Accessories,North,Ananya,6,1532.91
ORD-202606-01978,2026-06-02,CUST-1074,Study Table,Furniture,Central,Vikram,5,5486.05
ORD-202606-01979,2026-06-05,CUST-3001,Wireless Mouse,Electronics,East,Vikram,5,818.85
ORD-202606-01980,2026-06-16,CUST-4333,Webcam,Electronics,East,Karan,2,1823.89
ORD-202606-01981,2026-06-27,CUST-3053,Office Chair,Furniture,Central,Karan,2,7279.85
ORD-202606-01982,2026-06-07,CUST-1031,Keyboard,Electronics,South,Neha,6,1410.31
ORD-202606-01983,2026-06-03,CUST-0013,Keyboard,Electronics,North,Vikram,5,1410.26
ORD-202606-01984,2026-07-01,CUST-2476,Wireless Mouse,Electronics,West,Neha,7,849.61
ORD-202606-01985,,CUST-4838,USB Hub,Accessories,South,Vikram,2,916.56
ORD-202606-01986,2026-06-16,CUST-1734,Desk Organizer,Office,South,Vikram,1,584.73
ORD-202606-01987,2026-06-25,CUST-0815,Monitor Stand,Furniture,North,Rahul,2,2001.4
ORD-202606-01988,2026-06-21,CUST-3301,Pen Set,Office, South,Sneha,6,285.19
ORD-202606-01989,2026-06-29,CUST-2443,Pen Set,Office,North,Karan,2,302.92
ORD-202606-01990,2026-06-08,CUST-0979,Keyboard,Electronics,North,Amit,6,1409.3
ORD-202606-01991,2026-06-14,CUST-3315,Wireless Mouse,Electronics,East,Karan,1,813.27
ORD-202606-01992,2026-06-21,CUST-4004,Study Table,Furniture,West,Karan,7,5504.07
ORD-202606-01993,2026-06-16,CUST-0650,Wireless Mouse,Electronics,Central,Vikram,3,800.45
ORD-202606-01994,2026-06-23,CUST-4933,Headphones,Electronics,West,Ananya,4,2271.55
ORD-202606-01995,2026-07-01,CUST-2388,Office Chair,Furniture,Central,Vikram,6,7168.1
ORD-202606-01996,2026-06-18,CUST-4814,Desk Organizer,Office,West,Rahul,1,600.57
ORD-202606-01997,2026-06-13,CUST-0044,USB Hub,Accessories,West,Ananya,6,939.63
ORD-202606-01998,2026-06-05,CUST-2747,Desk Organizer,Office,South,Priya,5,568.94
ORD-202606-01999,2026-06-07,CUST-0424,Webcam,Electronics,North,Ananya,4,1869.65
ORD-202606-02000,2026-06-02,CUST-2844,Study Table,Furniture,Central,Ananya,5,5822.33
ORD-202606-02001,2026-06-07,CUST-2043,Mouse Pad,Accessories,West,Ananya,7,394.98
ORD-202606-02002,2026-06-18,CUST-1508,Pen Set,Office,Central,Karan,4,325.3
ORD-202606-02003,2026-06-04,CUST-4321,Laptop Stand,Accessories,South,Neha,2,1506.76
ORD-202606-02004,2026-06-25,CUST-0307,Keyboard,Electronics,East,Rahul,5,1339.77
ORD-202606-02005,2026-06-09,CUST-3969,Desk Organizer,Office,West,Rahul,2,551.71
ORD-202606-02006,2026-06-14,,USB Hub,Accessories,,Priya,1,885.42
ORD-202606-02007,2026-06-23,CUST-0661,Pen Set,Office,East,Rahul,6,286.07
ORD-202606-02008,2026-06-10,CUST-2184,Office Chair,Furniture,South,Karan,7,6453.2
ORD-202606-02009,2026-06-11,CUST-3870,Webcam,Electronics,North,Ananya,6,2010.14
ORD-202606-02010,2026-06-16,CUST-1795,Pen Set,Office,East,Karan,6,320.52
ORD-202606-02011,2026-06-21,CUST-0003,Monitor Stand,Furniture,East,Karan,3,2133.67
ORD-202606-02012,2026-06-18,CUST-4261,Wireless Mouse,Electronics,West,Rahul,1,769.71
ORD-202606-02013,2026-06-04,CUST-0519,Monitor Stand,Furniture,East,Rahul,7,1830.08
ORD-202606-02014,2026-06-17,CUST-0029,Keyboard,Electronics,West,,2,1316.1
ORD-202606-02015,2026-06-13,CUST-3791,Notebook,Office,South,Ananya,6,215.85
ORD-202606-02016,2026-06-24,CUST-4519,Office Chair,Furniture,West,Sneha,5,6990.8
ORD-202606-02017,2026-06-06,CUST-4431,Webcam,Electronics,,Vikram,2,1977.74
ORD-202606-02018,2026-06-09,CUST-3928,Headphones,Electronics,West,Ananya,2,2616.65
ORD-202606-02019,2026-06-22,CUST-2096,Notebook,Office,East,Vikram,4,198.4
ORD-202606-02020,2026-06-19,CUST-1432,USB Hub,Accessories,East,Amit,5,928.79
ORD-202606-02021,2026-06-24,CUST-1032,Desk Organizer,Office,South,Rahul,2,637.68
ORD-202606-02022,2026-06-03,CUST-4497,Notebook,Office,East,Neha,4,184.21
ORD-202606-02023,2026-06-22,CUST-0805,Office Chair,Furniture,West,Sneha,2,6700.75
ORD-202606-02024,2026-06-02,CUST-3904,Monitor Stand,Furniture,North,Priya,6,2036.24
ORD-202606-02025,2026-06-02,CUST-1424,Study Table,Furniture,Central,Amit,7,5544.82
ORD-202606-02026,2026-06-02,CUST-1471,Headphones,Electronics,North,Priya,4,2464.8
ORD-202606-02027,2026-06-26,CUST-1305,Desk Organizer,Office,North,Priya,5,583.1
ORD-202606-02028,2026-06-25,CUST-4093,Wireless Mouse,Electronics,South,,2,840.67
ORD-202606-02029,2026-06-22,CUST-4905,Office Chair,Furniture,South,Karan,1,7295.43
ORD-202606-02030,2026-06-04,CUST-2849,Office Chair,Furniture,West,Karan,4,6616.63
ORD-202606-02031,2026-06-27,CUST-2627,Laptop Stand,Accessories,South,Ananya,1,1614.6
ORD-202606-02032,2026-06-05,CUST-1926,Mouse Pad,Accessories,South,Ananya,7,436.58
ORD-202606-02033,2026-06-28,CUST-1895,Laptop Stand,Accessories,North,Priya,3,1499.59
ORD-202606-02034,2026-06-10,CUST-0672,USB Hub,Accessories,Central,Rahul,6,943.79
ORD-202606-02035,2026-06-22,CUST-3766,Mouse Pad,Accessories,West,Rahul,3,415.07
ORD-202606-02036,2026-06-01,CUST-2700,Headphones,Electronics,North,Ananya,7,2294.75
ORD-202606-02037,2026-06-22,CUST-3880,Study Table,Furniture,North,Amit,7,5825.86
ORD-202606-02038,2026-06-16,CUST-2307,Laptop Stand,Accessories,South,Karan,1,1419.6
ORD-202606-02039,2026-06-20,CUST-0872,Mouse Pad,Accessories,North,Rahul,6,373.77
ORD-202606-02040,2026-06-26,CUST-1502,Mouse Pad,Accessories,West,Ananya,2,360.33
ORD-202606-02041,2026-06-22,CUST-2088,Notebook,Office,,Ananya,7,190.04
ORD-202606-02042,2026-06-21,CUST-4048,Study Table,Furniture,South,Ananya,2,5336.79
ORD-202606-02043,2026-06-09,CUST-1937,Laptop Stand,Accessories,West ,Vikram,7,1465.94
ORD-202606-02044,2026-06-16,CUST-2123,Wireless Mouse,Electronics,West,Amit,3,800.49
ORD-202606-02045,2026-06-22,CUST-0617,Headphones,Electronics,North,Vikram,6,2495.91
ORD-202606-02046,2026-06-25,CUST-1209,Wireless Mouse,Electronics,south,Neha,4,780.62
ORD-202606-02047,2026-06-28,CUST-0650,Study Table,Furniture,South,Karan,5,5624.84
ORD-202606-02048,2026-06-25,CUST-2149,Wireless Mouse,Electronics,South,Ananya,3,854.12
ORD-202606-02049,2026-06-09,CUST-4821,Webcam,Electronics,West,Sneha,3,1730.77
ORD-202606-02050,2026-06-24,CUST-2175,Notebook,Office,North,Neha,7,198.45
ORD-202606-02051,2026-06-13,CUST-0811,Mouse Pad,Accessories,Central,Priya,6,360.71
ORD-202606-02052,2026-06-15,CUST-4416,Pen Set,Office,Central,Karan,5,298.42
ORD-202606-02053,2026-06-13,CUST-3175,Monitor Stand,Furniture,Central,Sneha,2,1819.85
ORD-202606-02054,2026-06-18,CUST-4018,Office Chair,Furniture,East,Neha,5,6662.05
ORD-202606-02055,2026-06-21,CUST-3321,Mouse Pad,Accessories,West,Sneha,6,383.24
ORD-202606-02056,2026-06-03,CUST-3420,Study Table,Furniture,Central,Ananya,6,5394.42
ORD-202606-02057,2026-06-21,CUST-2321,USB Hub,Accessories,West,Sneha,3,987.2
ORD-202606-02058,2026-06-11,CUST-4780,USB Hub,Accessories,Central,Rahul,3,942.9
ORD-202606-02059,2026-06-21,CUST-1440,Webcam,Electronics,North,Vikram,6,2033.09
ORD-202606-02060,2026-06-30,CUST-2352,Desk Organizer,Office,East,Sneha,5,648.44
ORD-202606-02061,2026-06-04,CUST-4437,Webcam,Electronics,East,Vikram,4,1819.6
ORD-202606-02062,2026-06-09,CUST-0072,Mouse Pad,Accessories,East,Rahul,5,364.78
ORD-202606-02063,2026-06-29,CUST-1699,Office Chair,Furniture,South,Rahul,4,6638.44
ORD-202606-02064,2026-06-20,CUST-3203,USB Hub,Accessories,North,Neha,3,979.15
ORD-202606-02065,2026-06-05,CUST-0891,Mouse Pad,Accessories,West,Sneha,7,417.45
ORD-202606-02066,2026-06-27,CUST-2568,Monitor Stand,Furniture,East,Karan,7,2039.9
ORD-202606-02067,2026-06-10,CUST-3954,Webcam,Electronics,Central,Karan,2,2079.28
ORD-202606-02068,2026-06-21,CUST-4324,Desk Organizer,Office,Central,Priya,3,590.89
ORD-202606-02069,2026-06-20,CUST-3176,Office Chair,Furniture,Central,Ananya,1,7426.67
ORD-202606-02070,2026-06-21,CUST-1872,Pen Set,Office,North,Amit,4,300.38
ORD-202606-02071,2026-06-19,CUST-0933,Pen Set,Office,East,Amit,4,319.01
ORD-202606-02072,2026-06-21,CUST-0910,Headphones,Electronics,West,Neha,3,2679.17
ORD-202606-02073,,CUST-3682,Notebook,Office,South,Sneha,1,183.57
ORD-202606-02074,2026-06-20,CUST-3347,Desk Organizer,Office,West,Neha,7,590.03
ORD-202606-02075,2026-06-11,CUST-0869,Webcam,Electronics,South,Vikram,4,1844.46
ORD-202606-02076,2026-06-18,CUST-4168,Headphones,Electronics,Central,Vikram,4,2574.61
ORD-202606-02077,2026-06-25,CUST-1948,Wireless Mouse,Electronics,,Sneha,1,783.26
ORD-202606-02078,2026-06-05,CUST-4155,Keyboard,Electronics,Central,Neha,6,1367.25
ORD-202606-02079,2026-06-17,CUST-4809,Mouse Pad,Accessories,North,Karan,5,389.7
ORD-202606-02080,2026-06-21,CUST-4145,Wireless Mouse,Electronics,East,Rahul,3,777.27
ORD-202606-02081,2026-06-29,CUST-0533,Pen Set,Office,North,Rahul,4,284.87
ORD-202606-02082,2026-06-01,CUST-3348,Desk Organizer,Office,South,Amit,1,596.52
ORD-202606-02083,2026-06-15,CUST-3898,Laptop Stand,Accessories,South,Karan,1,1536.82
ORD-202606-02084,2026-06-08,CUST-3900,Headphones,Electronics,West,Sneha,7,2562.97
ORD-202606-02085,2026-06-12,CUST-1819,Mouse Pad,Accessories,North,Priya,4,397.62
ORD-202606-02086,2026-06-07,CUST-1577,Wireless Mouse,Electronics,North,Rahul,1,859.32
ORD-202606-02087,2026-06-22,CUST-4792,Desk Organizer,Office,West,Ananya,3,567.39
ORD-202606-02088,2026-06-06,CUST-2042,Wireless Mouse,Electronics,East,,5,769.55
ORD-202606-02089,2026-06-18,CUST-3442,Headphones,Electronics,South,Vikram,6,2490.01
ORD-202606-02090,2026-06-14,CUST-4653,Laptop Stand,Accessories,South,Neha,1,1483.99
ORD-202606-02091,2026-06-18,CUST-1320,Laptop Stand,Accessories,Central,Karan,3,1530.19
ORD-202606-02092,2026-07-01,CUST-4508,Mouse Pad,Accessories,North,Neha,4,375.9
ORD-202606-02093,2026-06-11,CUST-3475,Office Chair,Furniture,West ,Neha,2,6636.35
ORD-202606-02094,2026-06-29,CUST-3505,Pen Set,Office,South,Amit,7,307.93
ORD-202606-02095,2026-06-14,CUST-3959,USB Hub,Accessories,North,Priya,2,980.11
ORD-202606-02096,2026-06-02,CUST-2203,Pen Set,Office,East,Ananya,4,313.19
ORD-202606-02097,2026-06-01,CUST-1995,Desk Organizer,Office,North,Rahul,6,623.87
ORD-202606-02098,2026-06-19,CUST-2309,Webcam,Electronics,West,Neha,4,1873.11
ORD-202606-02099,2026-06-08,CUST-0301,Office Chair,Furniture,Central,Amit,2,6598.67
ORD-202606-02100,2026-06-22,CUST-2634,Mouse Pad,Accessories,East,Neha,3,412.76
ORD-202606-02101,2026-06-02,CUST-3369,Keyboard,Electronics,North,Vikram,7,1372.63
ORD-202606-02102,2026-06-26,CUST-1105,Study Table,Furniture,North,Ananya,1,5261.94
ORD-202606-02103,2026-06-28,CUST-1819,Pen Set,Office,West,Amit,3,273.95
ORD-202606-02104,2026-06-17,CUST-1481,Headphones,Electronics,North,Neha,2,2729.53
ORD-202606-02105,2026-06-13,CUST-4152,Laptop Stand,Accessories,West,Ananya,3,-100.0
ORD-202606-02106,2026-06-30,CUST-0500,Mouse Pad,Accessories,East,Karan,6,430.4
ORD-202606-02107,2026-07-01,CUST-4638,Office Chair,Furniture,East,Amit,5,6811.36
ORD-202606-02108,2026-06-08,CUST-4020,Keyboard,Electronics,South,Sneha,4,1290.39
ORD-202606-02109,2026-06-15,CUST-1337,Headphones,Electronics,East,Amit,1,2367.58
ORD-202606-02110,2026-06-14,CUST-2543,Laptop Stand,Accessories,West,Sneha,2,1557.39
ORD-202606-02111,2026-06-03,CUST-1463,Study Table,Furniture,West,Vikram,3,6009.2
ORD-202606-02112,2026-06-21,CUST-4135,Mouse Pad,Accessories,North,Vikram,7,369.6
ORD-202606-02113,2026-06-23,CUST-1344,Keyboard,Electronics,East,Neha,6,1328.09
ORD-202606-02114,2026-06-23,CUST-2876,Monitor Stand,Furniture,Central,Ananya,7,1993.17
ORD-202606-02115,2026-06-20,CUST-2769,Office Chair,Furniture,West,Ananya,7,6336.04
ORD-202606-02116,2026-06-27,CUST-3482,Keyboard,Electronics,East,Neha,5,1260.3
ORD-202606-02117,2026-06-20,CUST-3300,Webcam,Electronics,South,Amit,5,2031.59
ORD-202606-02118,2026-06-25,CUST-1172,Mouse Pad,Accessories,South,Neha,6,380.39
ORD-202606-02119,2026-06-30,CUST-1755,Wireless Mouse,Electronics,East,,1,876.96
ORD-202606-02120,2026-06-12,,Notebook,Office,East,Amit,6,210.68
ORD-202606-02121,2026-06-27,CUST-0606,Headphones,Electronics,South,Karan,7,2379.89
ORD-202606-02122,2026-06-24,CUST-1481,Notebook,Office,South,Neha,4,184.75
ORD-202606-02123,2026-06-22,CUST-2447,Webcam,Electronics,,Priya,7,1793.64
ORD-202606-02124,2026-06-18,CUST-2266,Desk Organizer,Office,East,Rahul,3,634.77
ORD-202606-02125,2026-06-12,CUST-1593,USB Hub,Accessories,South,Sneha,6,853.13
ORD-202606-02126,2026-06-22,CUST-4103,Laptop Stand,Accessories,South,Karan,7,1442.54
ORD-202606-02127,2026-06-27,CUST-3524,Laptop Stand,Accessories,South,Sneha,3,1386.38
ORD-202606-02128,2026-06-25,CUST-2164,Monitor Stand,Furniture,South,Neha,2,2079.18
ORD-202606-02129,2026-06-16,CUST-3236,Webcam,Electronics,East,Amit,4,1888.4
ORD-202606-02130,2026-06-06,CUST-4281,Office Chair,Furniture,South,Amit,7,7334.27
ORD-202606-02131,2026-06-29,CUST-2942,Study Table,Furniture,North,Priya,3,5327.21
ORD-202606-02132,2026-06-30,CUST-3848,Desk Organizer,Office,West,Ananya,7,644.65
ORD-202606-02133,2026-06-01,CUST-4877,Desk Organizer,Office,West,Vikram,2,592.29
ORD-202606-02134,2026-06-14,CUST-0517,Pen Set,Office,Central,Ananya,5,304.2
ORD-202606-02135,2026-06-28,CUST-0039,Webcam,Electronics,South,Neha,5,1890.75
ORD-202606-02136,2026-06-21,CUST-2455,Office Chair,Furniture,North,Neha,5,6355.27
ORD-202606-02137,2026-06-06,CUST-1032,Webcam,Electronics,East,Vikram,3,1755.75
ORD-202606-02138,2026-06-18,CUST-3425,Study Table,Furniture,South,Sneha,2,5386.99
ORD-202606-02139,2026-06-17,CUST-0164,Office Chair,Furniture,North,Sneha,1,6323.87
ORD-202606-02140,2026-06-08,CUST-3447,Notebook, Office,North,Neha,4,218.22
ORD-202606-02141,2026-06-22,CUST-4936,Wireless Mouse,Electronics,Central,Priya,1,832.79
ORD-202606-02142,2026-06-05,CUST-4122,Monitor Stand,Furniture,North,Amit,1,2083.93
ORD-202606-02143,2026-06-23,CUST-0437,Desk Organizer,Office,South,Rahul,5,546.66
ORD-202606-02144,2026-06-25,CUST-0720,Webcam,Electronics,East,Karan,3,1990.91
ORD-202606-02145,2026-06-21,CUST-0935,Mouse Pad,Accessories,Central,Priya,5,387.28
ORD-202606-02146,2026-06-14,CUST-4186,Wireless Mouse,Electronics,West,Ananya,4,823.0
ORD-202606-02147,2026-06-14,CUST-0205,Study Table,Furniture,North,Ananya,1,5535.89
ORD-202606-02148,2026-06-21,CUST-2996,Laptop Stand,Accessories,Central,Neha,3,1467.16
ORD-202606-02149,2026-06-14,CUST-1477,Monitor Stand,Furniture,North,Ananya,7,2191.36
ORD-202606-02150,2026-06-10,CUST-2522,Headphones,Electronics,South,Sneha,1,2651.12
ORD-202606-02151,2026-06-27,CUST-3741,Wireless Mouse,Electronics,South,Priya,2,786.4
ORD-202606-02152,2026-06-15,CUST-3149,Wireless Mouse,Electronics,Central,Priya,4,861.0
ORD-202606-02153,2026-06-19,CUST-0323,Laptop Stand,Accessories,East,Karan,3,1461.88
ORD-202606-02154,2026-06-11,CUST-0314,USB Hub,Accessories,West,,5,835.62
ORD-202606-02155,2026-06-15,CUST-4838,Laptop Stand,Accessories,South,Ananya,-1,1401.67
ORD-202606-02156,2026-06-10,CUST-0531,Notebook,Office,West,Vikram,2,198.91
ORD-202606-02157,2026-06-05,CUST-2338,Office Chair,Furniture,West,Rahul,3,6622.56
ORD-202606-02158,2026-06-03,CUST-1251,Mouse Pad,Accessories,East,Neha,6,382.68
ORD-202606-02159,2026-06-12,CUST-2621,Pen Set,Office,,Amit,2,297.19
ORD-202606-02160,2026-06-24,CUST-2055,Desk Organizer,Office,North,Amit,1,547.36
ORD-202606-02161,2026-06-15,CUST-1139,Study Table,Furniture,West,Ananya,6,5552.94
ORD-202606-02162,2026-06-25,CUST-0168,Notebook,Office,South,Amit,1,194.92
ORD-202606-02163,2026-06-30,CUST-0480,Laptop Stand,Accessories,Central,Ananya,6,1454.73
ORD-202606-02164,2026-06-05,CUST-0784,Office Chair,Furniture,East,Sneha,7,6541.83
ORD-202606-02165,2026-06-13,CUST-1882,Keyboard,Electronics,East,Karan,3,1413.24
ORD-202606-02166,2026-06-16,CUST-4314,Wireless Mouse,Electronics,Central,Karan,4,729.42
ORD-202606-02167,2026-06-01,CUST-0016,Pen Set,Office,West,Neha,6,315.59
ORD-202606-02168,2026-06-11,CUST-4169,Study Table,Furniture,South,Karan,6,5789.29
ORD-202606-02169,2026-06-05,CUST-1202,Webcam,Electronics,West,Neha,6,1998.15
ORD-202606-02170,2026-06-25,CUST-0645,Laptop Stand,Accessories,West,Neha,1,1457.76
ORD-202606-02171,2026-06-07,CUST-4309,Office Chair,Furniture,West,Vikram,1,7413.24
ORD-202606-02172,2026-06-20,CUST-0325,Mouse Pad,Accessories,North,Sneha,3,406.11
ORD-202606-02173,2026-06-05,CUST-3296,Desk Organizer,Office,East,Karan,6,561.33
ORD-202606-02174,2026-06-30,CUST-1958,Monitor Stand,Furniture,South,Rahul,3,2028.32
ORD-202606-02175,2026-06-10,CUST-4342,USB Hub,Accessories,North,Neha,6,883.96
ORD-202606-02176,2026-06-30,CUST-3284,USB Hub,Accessories,North,Vikram,5,923.25
ORD-202606-02177,2026-06-12,CUST-2345,Headphones,Electronics,East,Amit,6,2575.8
ORD-202606-02178,2026-06-01,CUST-1082,Wireless Mouse,Electronics,East,Rahul,2,813.98
ORD-202606-02179,2026-06-19,CUST-0585,Laptop Stand,Accessories,North,Priya,6,1548.39
ORD-202606-02180,2026-06-16,CUST-2610,Study Table,Furniture,South,Ananya,4,5171.54
ORD-202606-02181,2026-06-06,CUST-4417,Notebook,Office,,Amit,1,204.49
ORD-202606-02182,2026-06-25,CUST-3876,Keyboard,Electronics,East,Ananya,3,1356.12
ORD-202606-02183,2026-06-02,CUST-4845,Mouse Pad,Accessories,Central,Amit,2,428.17
ORD-202606-02184,2026-06-14,CUST-2038,Office Chair,Furniture,Central,Amit,3,7563.09
ORD-202606-02185,2026-07-01,CUST-3124,Notebook,Office,South,Priya,2,218.31
ORD-202606-02186,2026-06-01,CUST-1480,Pen Set,Office,South,Priya,2,300.13
ORD-202606-02187,2026-06-25,CUST-3180,Monitor Stand,Furniture,South,Neha,5,2096.99
ORD-202606-02188,2026-06-13,CUST-3277,Office Chair,Furniture,Central,Karan,7,7570.84
ORD-202606-02189,2026-06-09,CUST-4889,Monitor Stand,Furniture,South,Karan,6,2186.12
ORD-202606-02190,2026-06-30,CUST-3393,Headphones,Electronics,East,Rahul,6,2517.49
ORD-202606-02191,2026-06-20,CUST-4243,Notebook,Office,South,Vikram,4,195.32
ORD-202606-02192,2026-06-05,CUST-0676,Desk Organizer,Office,North,Vikram,5,571.31
ORD-202606-02193,2026-07-01,CUST-2142,Webcam,Electronics,North,Neha,3,1966.23
ORD-202606-02194,2026-06-19,CUST-0967,Laptop Stand,Accessories,Central,Ananya,4,1445.4
ORD-202606-02195,2026-06-04,CUST-2953,Keyboard,Electronics,West,Amit,7,1346.49
ORD-202606-02196,2026-06-13,,Wireless Mouse,Electronics,South,Vikram,1,840.67
ORD-202606-02197,2026-06-29,CUST-0113,Wireless Mouse,Electronics,East,Neha,7,845.1
ORD-202606-02198,2026-06-04,,Wireless Mouse,Electronics,West,Rahul,3,824.85
ORD-202606-02199,2026-06-21,CUST-1328,Headphones,Electronics,Central,Neha,2,2396.21
ORD-202606-02200,2026-06-19,CUST-3970,Study Table,Furniture,West,Ananya,6,4970.81
ORD-202606-02201,2026-06-10,CUST-0569,Mouse Pad,Accessories,East,Vikram,3,362.12
ORD-202606-02202,2026-06-06,CUST-4296,Study Table,Furniture,South,Rahul,6,5264.29
ORD-202606-02203,2026-06-28,CUST-1320,Keyboard,Electronics,West,Ananya,-1,1200.41
ORD-202606-02204,2026-06-11,CUST-4241,Pen Set,Office ,West,Amit,6,281.47
ORD-202606-02205,2026-06-24,CUST-2911,Keyboard,Electronics,South,Vikram,2,1202.38
ORD-202606-02206,2026-06-03,CUST-0479,Notebook,Office,East,Priya,4,181.13
ORD-202606-02207,2026-06-05,CUST-1531,Pen Set,Office,South,Ananya,5,-100.0
ORD-202606-02208,2026-06-30,CUST-3974,Study Table,Furniture,East,Neha,5,5306.4
ORD-202606-02209,2026-06-05,CUST-2347,Headphones,electronics,West,Amit,2,2499.26
ORD-202606-02210,2026-06-05,,Pen Set,Office,North,Amit,5,288.62
ORD-202606-02211,2026-06-10,CUST-3820,USB Hub,Accessories,North,,7,880.48
ORD-202606-02212,2026-06-05,CUST-0854,Office Chair,Furniture,Central,Vikram,2,6325.96
ORD-202606-02213,2026-06-20,CUST-3240,Webcam,Electronics,Central,Rahul,6,2049.29
ORD-202606-02214,2026-06-08,CUST-1979,Laptop Stand,Accessories,North,Karan,5,1459.64
ORD-202606-02215,2026-06-15,CUST-1288,USB Hub,Accessories,West,Ananya,4,931.09
ORD-202606-02216,2026-06-12,CUST-4000,Office Chair,Furniture,North,Vikram,2,6891.25
ORD-202606-02217,2026-06-22,CUST-2391,Office Chair,Furniture,East,Rahul,5,6929.6
ORD-202606-02218,2026-07-01,CUST-1221,Webcam,Electronics,Central,Karan,5,1886.29
ORD-202606-02219,2026-06-24,CUST-0168,Office Chair,Furniture,Central,Neha,2,6452.58
ORD-202606-02220,2026-06-19,CUST-1260,Wireless Mouse,Electronics,South,Karan,5,820.41
ORD-202606-02221,2026-06-05,CUST-3872,Wireless Mouse,Electronics,West,Ananya,7,795.76
ORD-202606-02222,2026-06-07,CUST-0489,USB Hub,Accessories,North,Amit,6,878.08
ORD-202606-02223,2026-06-10,CUST-3684,Webcam,Electronics,South,Neha,6,2015.97
ORD-202606-02224,2026-06-04,CUST-1483,Headphones,Electronics,East,Vikram,4,2361.23
ORD-202606-02225,2026-06-12,CUST-2517,Pen Set,Office,Central,Neha,5,282.65
ORD-202606-02226,2026-06-13,CUST-4104,Notebook,Office,North,Sneha,3,215.62
ORD-202606-02227,2026-06-06,CUST-2166,Mouse Pad,Accessories,East,Vikram,1,366.27
ORD-202606-02228,2026-06-18,CUST-4156,Monitor Stand,Furniture,North,Priya,5,2180.01
ORD-202606-02229,2026-07-01,CUST-4046,Monitor Stand,Furniture,Central,Vikram,7,2074.7
ORD-202606-02230,2026-06-16,CUST-3389,Desk Organizer,Office,Central,Priya,6,627.94
ORD-202606-02231,2026-06-18,CUST-4803,Laptop Stand,Accessories,North,Neha,6,1365.12
ORD-202606-02232,2026-06-06,CUST-2936,Office Chair,Furniture,Central,Amit,1,7676.94
ORD-202606-02233,2026-06-09,CUST-0802,Pen Set,Office,South,Sneha,1,295.91
ORD-202606-02234,2026-06-18,CUST-4697,Keyboard,Electronics,South,Amit,1,1185.57
ORD-202606-02235,2026-06-12,CUST-2895,USB Hub,Accessories,South,Vikram,5,912.4
ORD-202606-02236,2026-06-04,CUST-2338,Laptop Stand,Accessories,Central,,3,1460.81
ORD-202606-02237,2026-06-08,CUST-2165,Notebook,Office,North,Karan,1,206.61
ORD-202606-02238,2026-06-25,CUST-3444,Mouse Pad,Accessories,South,Amit,4,375.34
ORD-202606-02239,2026-07-01,CUST-0065,Keyboard,Electronics,East,Neha,1,1172.68
ORD-202606-02240,2026-06-19,CUST-2970,USB Hub,Accessories,South,Ananya,2,820.22
ORD-202606-02241,2026-06-28,CUST-1743,Mouse Pad,Accessories,West,Priya,4,390.97
ORD-202606-02242,2026-06-28,CUST-4883,Laptop Stand,Accessories,Central,Vikram,6,1409.39
ORD-202606-02243,2026-06-11,CUST-4119,Laptop Stand,Accessories,North,Rahul,6,1597.68
ORD-202606-02244,2026-06-17,CUST-0026,Mouse Pad,accessories,Central,Neha,1,373.66
ORD-202606-02245,2026-06-25,CUST-4919,Headphones,Electronics,Central,Neha,5,2314.6
ORD-202606-02246,2026-06-19,CUST-2132,Study Table,Furniture,South,Priya,7,5236.48
ORD-202606-02247,2026-06-23,CUST-0679,USB Hub,Accessories,East,Karan,2,968.97
ORD-202606-02248,2026-06-20,CUST-1800,Office Chair,Furniture,West,Sneha,3,7262.84
ORD-202606-02249,2026-06-30,CUST-0736,Desk Organizer,Office,Central,Sneha,2,567.04
ORD-202606-02250,2026-06-10,CUST-0119,Webcam,Electronics,South,Sneha,2,1869.1
ORD-202606-02251,2026-06-07,CUST-2829,Monitor Stand,Furniture,West,Neha,3,1870.64
ORD-202606-02252,2026-06-06,CUST-2823,Desk Organizer,Office,East,Priya,7,544.95
ORD-202606-02253,2026-06-03,CUST-0899,Study Table,Furniture,,Rahul,4,5043.53
ORD-202606-02254,2026-06-24,CUST-2728,Mouse Pad,Accessories,East,Amit,1,392.02
ORD-202606-02255,2026-06-20,CUST-4590,Monitor Stand,Furniture,West,Amit,7,1822.6
ORD-202606-02256,2026-06-05,CUST-0051,Office Chair,Furniture,,Sneha,5,6731.7
ORD-202606-02257,2026-06-24,CUST-0760,Webcam,Electronics,North,Sneha,6,1941.67
ORD-202606-02258,2026-06-10,CUST-1681,Study Table,Furniture,West,Priya,3,5645.87
ORD-202606-02259,2026-06-03,CUST-4564,Desk Organizer,Office,North,Neha,3,561.7
ORD-202606-02260,2026-06-03,CUST-3260,Keyboard,Electronics,South,Priya,1,1395.07
ORD-202606-02261,2026-06-22,CUST-0422,Office Chair,Furniture,West,Vikram,6,6486.31
ORD-202606-02262,2026-06-07,CUST-1387,Webcam,Electronics,East,Rahul,3,1998.39
ORD-202606-02263,2026-06-27,CUST-0775,Webcam,Electronics,East,Vikram,7,2014.28
ORD-202606-02264,2026-06-23,CUST-4180,Notebook,Office,West,Sneha,4,185.7
ORD-202606-02265,2026-06-20,CUST-3560,Pen Set,Office,West,Rahul,4,306.3
ORD-202606-02266,2026-06-23,CUST-4500,Monitor Stand,Furniture,East,Vikram,1,2148.76
ORD-202606-02267,2026-06-21,CUST-3612,Keyboard,Electronics,Central,Karan,6,1222.01
ORD-202606-02268,2026-06-15,CUST-4084,Wireless Mouse,Electronics,East,Karan,7,733.3
ORD-202606-02269,2026-06-21,CUST-4756,Monitor Stand,Furniture,North,Karan,3,1885.24
ORD-202606-02270,2026-06-16,CUST-0818,Wireless Mouse,Electronics,West,Neha,7,848.74
ORD-202606-02271,2026-06-22,CUST-4259,Monitor Stand,Furniture,West,Vikram,1,1919.64
ORD-202606-02272,2026-06-30,CUST-0415,Keyboard,Electronics,North,Amit,4,1369.94
ORD-202606-02273,2026-06-24,CUST-4593,Headphones,Electronics,East,Ananya,6,2426.26
ORD-202606-02274,2026-06-12,CUST-1570,Webcam,Electronics,Central,Amit,2,2032.94
ORD-202606-02275,2026-06-20,CUST-0849,Desk Organizer,Office,North,Sneha,7,586.16
ORD-202606-02276,2026-06-11,CUST-4409,Study Table,Furniture,Central,Karan,3,5729.83
ORD-202606-02277,2026-06-13,CUST-3224,Monitor Stand,Furniture,East,Karan,1,2077.14
ORD-202606-02278,2026-07-01,CUST-2888,Headphones,Electronics,Central,Rahul,1,2263.13
ORD-202606-02279,2026-06-10,CUST-0816,Wireless Mouse,Electronics,South,Amit,5,752.01
ORD-202606-02280,2026-06-01,CUST-1862,Laptop Stand,Accessories,East,Neha,1,1349.22
ORD-202606-02281,2026-06-13,CUST-1309,Office Chair,Furniture,North,Neha,4,7510.82
ORD-202606-02282,2026-06-30,CUST-3892,USB Hub,Accessories,East,Vikram,3,973.11
ORD-202606-02283,2026-06-09,CUST-4269,Mouse Pad,Accessories,East,Neha,-1,383.06
ORD-202606-02284,2026-06-13,CUST-1635,Keyboard,Electronics,South,Rahul,1,1239.5
ORD-202606-02285,2026-06-23,CUST-0559,Laptop Stand,Accessories,West,Sneha,2,1441.88
ORD-202606-02286,2026-06-05,CUST-2453,Keyboard,Electronics,Central,Vikram,2,1174.36
ORD-202606-02287,2026-06-05,CUST-1304,Laptop Stand,Accessories,East,Sneha,7,1450.5
ORD-202606-02288,2026-06-22,CUST-2032,Keyboard,Electronics,Central,Sneha,6,1284.84
ORD-202606-02289,2026-06-30,CUST-4923,Laptop Stand,Accessories,East,Sneha,4,1374.55
ORD-202606-02290,2026-06-07,CUST-3913,Keyboard,Electronics,West,Sneha,6,1198.99
ORD-202606-02291,2026-06-11,CUST-4770,Headphones,Electronics,South,Neha,1,2413.57
ORD-202606-02292,2026-06-21,CUST-1557,Office Chair,Furniture,Central,Ananya,4,6857.92
ORD-202606-02293,2026-06-08,CUST-3166,Wireless Mouse,Electronics,Central,Priya,1,850.94
ORD-202606-02294,2026-06-26,CUST-2061,Notebook,Office,South,Sneha,2,212.71
ORD-202606-02295,2026-06-30,CUST-0683,Notebook,Office,West,Vikram,7,211.58
ORD-202606-02296,2026-06-22,CUST-1082,Headphones,Electronics,North,Priya,4,2567.15
ORD-202606-02297,2026-06-05,CUST-0092,Mouse Pad,Accessories,East,Amit,6,435.48
ORD-202606-02298,2026-06-19,CUST-4228,Keyboard,electronics,East,Vikram,6,1280.38
ORD-202606-02299,2026-06-25,CUST-1774,Desk Organizer,Office,East,Neha,1,624.32
ORD-202606-02300,2026-06-07,CUST-2109,Desk Organizer,Office,Central,Rahul,-1,622.36
ORD-202606-02301,2026-06-07,CUST-4882,USB Hub,Accessories,North,Vikram,3,822.36
ORD-202606-02302,,CUST-2402,Webcam,Electronics,South,Neha,5,2001.03
ORD-202606-02303,2026-06-23,CUST-0152,Study Table,Furniture,South,,7,5517.69
ORD-202606-02304,2026-06-21,CUST-0741,Notebook,Office,North,Priya,2,208.41
ORD-202606-02305,2026-06-17,CUST-3043,Desk Organizer,Office,South,Neha,3,613.72
ORD-202606-02306,2026-06-03,CUST-1971,Wireless Mouse,Electronics,South,Priya,3,818.25
ORD-202606-02307,2026-06-13,CUST-2778,Pen Set,Office,East,Karan,4,324.24
ORD-202606-02308,2026-06-13,CUST-2936,Wireless Mouse,Electronics,East,Rahul,3,805.32
ORD-202606-02309,2026-06-22,CUST-1504,Mouse Pad,Accessories,West,Vikram,1,378.06
ORD-202606-02310,2026-06-17,CUST-1884,Pen Set,Office,Central,Sneha,4,270.41
ORD-202606-02311,2026-06-13,CUST-2711,Keyboard,Electronics,South,Ananya,6,1263.28
ORD-202606-02312,2026-06-10,CUST-4723,Keyboard,Electronics,West,Sneha,6,1255.62
ORD-202606-02313,2026-06-12,CUST-2986,Wireless Mouse,Electronics,South,Priya,3,859.7
ORD-202606-02314,2026-06-27,CUST-2861,Laptop Stand,Accessories,West,Karan,4,1384.56
ORD-202606-02315,2026-06-17,CUST-4230,Desk Organizer,Office,East,Neha,7,548.02
ORD-202606-02316,2026-06-13,CUST-4875,Keyboard,Electronics,East,Vikram,2,1210.7
ORD-202606-02317,2026-06-22,CUST-1079,Keyboard,Electronics,North,Vikram,1,1277.07
ORD-202606-02318,2026-06-08,CUST-3086,Office Chair,Furniture,West,Neha,3,6824.19
ORD-202606-02319,2026-07-01,CUST-3702,Keyboard,Electronics,Central,Vikram,1,1371.51
ORD-202606-02320,2026-06-27,CUST-1893,Notebook,Office,East,Vikram,2,216.64
ORD-202606-02321,2026-06-29,CUST-3353,Webcam,Electronics,East,Ananya,4,1736.02
ORD-202606-02322,2026-06-12,CUST-1401,Monitor Stand,Furniture,South,Karan,7,1893.21
ORD-202606-02323,2026-06-29,CUST-0775,Study Table,Furniture,East,Neha,1,5620.23
ORD-202606-02324,2026-06-23,CUST-3510,Office Chair,Furniture,Central,Sneha,6,7251.9
ORD-202606-02325,2026-06-28,CUST-3153,Pen Set,Office,East,Rahul,5,274.04
ORD-202606-02326,2026-06-28,CUST-0152,Headphones,Electronics,South,Sneha,4,2717.99
ORD-202606-02327,2026-06-17,CUST-0858,Desk Organizer,Office,West,Neha,1,564.74
ORD-202606-02328,2026-06-10,CUST-3185,Wireless Mouse,Electronics,Central,Neha,2,836.43
ORD-202606-02329,2026-06-16,CUST-2646,Desk Organizer,Office,North,Priya,1,552.65
ORD-202606-02330,2026-06-12,CUST-3518,Study Table,Furniture,West,Neha,5,5841.13
ORD-202606-02331,2026-06-22,CUST-1974,Office Chair,Furniture,East,Sneha,5,6918.56
ORD-202606-02332,2026-06-10,CUST-3509,Webcam,Electronics,East,Neha,5,-100.0
ORD-202606-02333,2026-06-28,CUST-1945,Monitor Stand, Furniture,South,Rahul,1,1847.21
ORD-202606-02334,2026-06-30,CUST-4327,Desk Organizer,Office,West,Neha,2,-100.0
ORD-202606-02335,2026-06-28,CUST-1965,Keyboard,Electronics, West,Karan,2,1375.78
ORD-202606-02336,2026-06-23,CUST-1700,Study Table,Furniture,Central,Amit,2,5928.72
ORD-202606-02337,2026-06-15,CUST-0177,Keyboard,Electronics,South,Priya,5,1245.25
ORD-202606-02338,2026-07-01,CUST-4568,Notebook,Office,West,Ananya,4,181.64
ORD-202606-02339,2026-06-26,CUST-4305,Monitor Stand,Furniture,North,Vikram,3,1949.81
ORD-202606-02340,2026-06-24,CUST-2909,Desk Organizer,Office,West,Priya,4,567.93
ORD-202606-02341,2026-06-28,CUST-3958,Mouse Pad,Accessories,North,Amit,2,372.34
ORD-202606-02342,2026-06-27,CUST-1417,Wireless Mouse,Electronics,West,Priya,4,872.51
ORD-202606-02343,2026-06-18,CUST-3431,Study Table,Furniture,South,Neha,-1,5646.89
ORD-202606-02344,2026-06-02,CUST-0385,Pen Set,Office,East,Ananya,3,295.82
ORD-202606-02345,2026-06-30,CUST-2144,Notebook,Office,Central,Rahul,4,216.89
ORD-202606-02346,2026-06-15,CUST-4272,Mouse Pad,Accessories,West,Neha,3,395.72
ORD-202606-02347,2026-06-21,CUST-3438,Desk Organizer,Office,South,Neha,5,631.27
ORD-202606-02348,2026-06-29,CUST-4804,Study Table,Furniture,East,Vikram,6,5572.78
ORD-202606-02349,2026-06-19,CUST-3184,Mouse Pad,Accessories,East,Ananya,2,366.23
ORD-202606-02350,2026-06-07,CUST-2618,Laptop Stand,Accessories,West,Rahul,2,1613.51
ORD-202606-02351,2026-07-01,CUST-2716,Monitor Stand,Furniture,East,Priya,4,1876.77
ORD-202606-02352,2026-06-14,CUST-2587,Monitor Stand,Furniture,South,Rahul,3,1888.71
ORD-202606-02353,2026-06-11,CUST-1807,Keyboard,Electronics,East,Sneha,7,1279.86
ORD-202606-02354,2026-06-23,CUST-3598,Office Chair,Furniture,West,Karan,1,6984.82
ORD-202606-02355,2026-06-07,CUST-0675,Keyboard,Electronics,South,Neha,7,1266.75
ORD-202606-02356,2026-06-06,CUST-1545,Laptop Stand,Accessories,west,Vikram,2,1434.49
ORD-202606-02357,2026-06-16,CUST-3546,Study Table,Furniture,Central,Priya,2,5725.79
ORD-202606-02358,2026-07-01,CUST-1274,Keyboard,Electronics,South,Rahul,6,1270.22
ORD-202606-02359,2026-06-08,CUST-3231,Headphones,Electronics,Central,Amit,2,2282.72
ORD-202606-02360,2026-06-27,CUST-4559,Headphones,Electronics,North,Rahul,5,2615.83
ORD-202606-02361,2026-06-25,CUST-4972,Study Table,Furniture,West,Vikram,6,5936.99
ORD-202606-02362,2026-06-10,CUST-1323,Wireless Mouse,Electronics,North,Priya,6,760.35
ORD-202606-02363,2026-06-24,CUST-3728,Wireless Mouse,Electronics,South,Vikram,5,763.77
ORD-202606-02364,2026-06-25,CUST-4817,Keyboard,Electronics,South,Priya,1,1221.34
ORD-202606-02365,2026-06-22,CUST-4071,Monitor Stand,Furniture,Central,Rahul,2,2147.71
ORD-202606-02366,2026-06-17,CUST-1862,Headphones,Electronics,East,Neha,1,2275.12
ORD-202606-02367,2026-06-14,CUST-3806,Keyboard,Electronics,West,Neha,7,-100.0
ORD-202606-02368,2026-06-14,CUST-0641,Notebook,Office,East,Priya,3,202.67
ORD-202606-02369,2026-06-10,CUST-1730,Headphones,Electronics,North,Sneha,7,2492.15
ORD-202606-02370,2026-06-02,CUST-4161,Desk Organizer,Office,North,Rahul,3,624.62
ORD-202606-02371,2026-07-01,,Headphones,Electronics,Central,Priya,4,2289.49
ORD-202606-02372,2026-06-09,CUST-0651,Headphones,Electronics,West,Priya,6,2374.68
ORD-202606-02373,2026-06-14,CUST-0135,Office Chair,Furniture,South,Ananya,6,6497.31
ORD-202606-02374,2026-06-17,CUST-2650,Study Table,Furniture,North,Amit,6,5093.01
ORD-202606-02375,2026-06-24,CUST-0283,Laptop Stand,Accessories,North,Sneha,2,1577.67
ORD-202606-02376,2026-06-17,CUST-4581,Keyboard,Electronics,North,Sneha,3,1417.14
ORD-202606-02377,2026-06-12,CUST-3291,USB Hub,Accessories,East,Sneha,5,813.29
ORD-202606-02378,2026-06-19,CUST-0663,Headphones,Electronics,East,Ananya,3,2413.07
ORD-202606-02379,2026-06-18,CUST-2988,Laptop Stand,Accessories,East,Sneha,4,1603.54
ORD-202606-02380,2026-06-15,CUST-4157,Mouse Pad,Accessories,East,Priya,1,397.01
ORD-202606-02381,2026-06-13,CUST-4900,Laptop Stand,Accessories,North,Neha,6,1399.19
ORD-202606-02382,2026-06-28,CUST-0790,Headphones,Electronics,South,Vikram,3,2260.72
ORD-202606-02383,2026-06-15,CUST-0077,USB Hub,Accessories,North,Rahul,7,846.42
ORD-202606-02384,2026-06-25,CUST-3107,USB Hub,Accessories,South,Vikram,3,872.51
ORD-202606-02385,2026-07-01,CUST-0338,Desk Organizer,Office,South,Vikram,6,539.57
ORD-202606-02386,2026-06-26,CUST-4554,Laptop Stand,Accessories,West,Karan,3,1488.06
ORD-202606-02387,2026-06-27,CUST-3956,Notebook,Office,North,Vikram,2,214.23
ORD-202606-02388,2026-06-13,CUST-2523,Keyboard,Electronics, West,Vikram,7,1199.59
ORD-202606-02389,2026-06-11,CUST-4847,Office Chair,Furniture,West,Rahul,1,6533.38
ORD-202606-02390,2026-06-25,CUST-4447,USB Hub,Accessories,West,Priya,5,835.51
ORD-202606-02391,2026-06-01,CUST-3518,Notebook,Office,North,Neha,7,217.79
ORD-202606-02392,2026-06-26,CUST-4033,USB Hub,Accessories,West,,5,967.71
ORD-202606-02393,2026-06-14,CUST-1402,Wireless Mouse,Electronics,West,Sneha,4,739.36
ORD-202606-02394,2026-06-01,CUST-1403,Study Table,Furniture,West,Ananya,3,5450.61
ORD-202606-02395,2026-06-03,CUST-2221,Study Table,Furniture,East,Priya,2,5643.69
ORD-202606-02396,2026-06-29,CUST-4365,Office Chair,Furniture,South,Vikram,2,7663.44
ORD-202606-02397,2026-06-17,CUST-3751,Headphones,Electronics,North,Sneha,6,2321.15
ORD-202606-02398,2026-06-28,CUST-2297,Mouse Pad,Accessories,North,Vikram,5,422.87
ORD-202606-02399,2026-06-03,CUST-0199,Webcam,Electronics,Central,Priya,6,2015.59
ORD-202606-02400,2026-06-07,,Wireless Mouse,Electronics,North,Amit,6,829.28
ORD-202606-02401,2026-06-17,CUST-4036,USB Hub,Accessories,Central,Priya,4,884.35
ORD-202606-02402,2026-06-12,CUST-3617,Monitor Stand,Furniture,South,,6,2196.55
ORD-202606-02403,2026-06-26,CUST-0866,Office Chair,Furniture,South,Ananya,6,7566.91
ORD-202606-02404,2026-06-11,CUST-3569,Headphones,Electronics,North,Rahul,5,2440.01
ORD-202606-02405,2026-06-08,CUST-3527,Webcam,Electronics,East,Rahul,6,1910.83
ORD-202606-02406,2026-06-25,CUST-3766,Headphones,Electronics,South,Vikram,6,2274.02
ORD-202606-02407,2026-06-05,CUST-4910,Wireless Mouse,Electronics,West,Neha,3,725.63
ORD-202606-02408,2026-06-07,CUST-2206,Webcam,Electronics,West,Vikram,7,2006.28
ORD-202606-02409,2026-06-04,CUST-1335,Office Chair,Furniture ,West ,Priya,1,6797.58
ORD-202606-02410,2026-06-13,CUST-0507,Webcam,Electronics,East,Priya,6,1961.59
ORD-202606-02411,2026-06-13,CUST-0588,Notebook,Office,West,Rahul,3,201.91
ORD-202606-02412,2026-06-03,CUST-0992,USB Hub,Accessories,North,Rahul,4,965.69
ORD-202606-02413,2026-06-16,CUST-0699,Headphones,Electronics,North,Rahul,7,2537.82
ORD-202606-02414,2026-06-19,CUST-1438,Study Table,Furniture,East,Rahul,2,5489.03
ORD-202606-02415,2026-06-06,CUST-0917,Office Chair,Furniture,East,Karan,4,7201.64
ORD-202606-02416,2026-06-03,CUST-2106,Study Table,Furniture,East,Vikram,3,5052.8
ORD-202606-02417,2026-06-22,CUST-0723,Study Table,Furniture ,East,Priya,4,5120.1
ORD-202606-02418,2026-06-20,CUST-2821,Study Table,Furniture,Central,Vikram,1,5704.38
ORD-202606-02419,2026-06-16,CUST-4039,Mouse Pad,Accessories,south,Rahul,2,404.96
ORD-202606-02420,2026-06-21,CUST-2245,Keyboard,Electronics,East,,4,1273.51
ORD-202606-02421,2026-06-08,CUST-1939,Study Table,Furniture,South,Vikram,3,5039.89
ORD-202606-02422,2026-06-08,CUST-4368,Mouse Pad,Accessories,West,Amit,4,369.29
ORD-202606-02423,2026-06-01,CUST-0927,Laptop Stand,Accessories,,Ananya,3,1395.1
ORD-202606-02424,2026-06-15,CUST-2932,Mouse Pad,Accessories,West,Neha,6,366.91
ORD-202606-02425,2026-06-21,CUST-1156,Study Table,Furniture,South,Neha,6,5857.34
ORD-202606-02426,2026-06-27,CUST-2495,Monitor Stand,Furniture,East,Priya,5,2137.9
ORD-202606-02427,2026-06-14,CUST-3717,Laptop Stand,Accessories,North,Vikram,1,1433.47
ORD-202606-02428,2026-06-15,CUST-0770,Mouse Pad,Accessories,North,Sneha,6,-100.0
ORD-202606-02429,2026-06-15,CUST-0700,Monitor Stand,Furniture,North,Priya,7,1970.74
ORD-202606-02430,2026-06-13,CUST-4436,Desk Organizer,Office,South,Sneha,5,658.77
ORD-202606-02431,2026-06-21,CUST-1367,Desk Organizer,Office,Central,Vikram,6,546.39
ORD-202606-02432,2026-06-16,CUST-3653,Laptop Stand,Accessories,North,Ananya,4,1622.07
ORD-202606-02433,2026-06-27,CUST-3663,Office Chair,Furniture,East,Ananya,2,6980.47
ORD-202606-02434,2026-06-02,,Mouse Pad,Accessories,East,Sneha,5,396.28
ORD-202606-02435,2026-06-12,CUST-2474,Monitor Stand,Furniture,South,Rahul,5,1842.79
ORD-202606-02436,2026-06-17,CUST-3973,Webcam,Electronics,South,Rahul,1,1833.77
ORD-202606-02437,2026-06-22,CUST-4543,Desk Organizer,Office,North,Karan,7,559.9
ORD-202606-02438,2026-06-27,CUST-4727,Mouse Pad,Accessories,West,Rahul,3,427.13
ORD-202606-02439,2026-06-22,CUST-2405,Headphones,Electronics,Central,Neha,7,2558.54
ORD-202606-02440,2026-06-09,CUST-3653,Monitor Stand,Furniture,South,Priya,3,2115.78
ORD-202606-02441,2026-06-09,CUST-2554,Study Table,Furniture,Central,Amit,6,5834.77
ORD-202606-02442,2026-06-11,CUST-1897,Wireless Mouse,Electronics,East,Neha,7,817.9
ORD-202606-02443,2026-06-07,CUST-0832,Notebook,Office,West,Sneha,7,206.03
ORD-202606-02444,2026-06-28,CUST-2913,Desk Organizer,Office,Central,Priya,-1,627.71
ORD-202606-02445,,CUST-4897,Study Table,Furniture,Central,Amit,4,5707.81
ORD-202606-02446,2026-06-05,CUST-3526,Wireless Mouse, Electronics,East,Sneha,5,792.33
ORD-202606-02447,2026-06-07,CUST-2473,Webcam,Electronics,North,Neha,5,1905.87
ORD-202606-02448,2026-07-01,CUST-1573,Desk Organizer,Office,East,Neha,1,658.19
ORD-202606-02449,2026-06-03,CUST-0971,Headphones,Electronics,South,Sneha,4,2747.19
ORD-202606-02450,2026-06-30,CUST-2054,Headphones,Electronics,South,Rahul,1,2551.24
ORD-202606-02451,2026-06-06,CUST-3062,Wireless Mouse,Electronics,North,,6,746.22
ORD-202606-02452,2026-06-09,CUST-4462,Study Table,Furniture,West,Rahul,2,5071.96
ORD-202606-02453,2026-06-27,CUST-3263,Notebook,Office,East,Karan,3,193.1
ORD-202606-02454,2026-06-09,CUST-3056,Mouse Pad,Accessories,North,Priya,6,422.21
ORD-202606-02455,2026-06-28,CUST-1666,Keyboard,Electronics,South,Rahul,2,1250.84
ORD-202606-02456,2026-06-25,CUST-1326,USB Hub,Accessories,North,Rahul,6,856.92
ORD-202606-02457,2026-06-27,CUST-0839,Notebook,Office,,Priya,4,205.47
ORD-202606-02458,2026-06-07,CUST-4480,Study Table,Furniture,West,Priya,3,5386.63
ORD-202606-02459,2026-06-12,CUST-1101,USB Hub,Accessories,East,Karan,3,908.55
ORD-202606-02460,2026-06-13,CUST-2670,Keyboard,Electronics,Central,Rahul,6,1368.43
ORD-202606-02461,2026-06-29,CUST-0941,Monitor Stand,furniture,Central,Karan,6,2111.69
ORD-202606-02462,2026-06-09,CUST-2064,Wireless Mouse,Electronics,Central,Amit,6,805.94
ORD-202606-02463,2026-06-30,CUST-0025,Headphones,Electronics,West,Sneha,4,2699.94
ORD-202606-02464,2026-06-14,CUST-4276,Monitor Stand,Furniture,West,Priya,1,2140.7
ORD-202606-02465,2026-06-15,CUST-3770,USB Hub,Accessories,South,Neha,1,827.71
ORD-202606-02466,2026-06-26,CUST-0591,Wireless Mouse,Electronics,South,Rahul,5,827.23
ORD-202606-02467,2026-06-23,CUST-0332,Monitor Stand,Furniture,East,Rahul,5,2070.42
ORD-202606-02468,2026-06-26,CUST-0575,Keyboard,Electronics,South,Neha,2,1232.92
ORD-202606-02469,2026-06-06,CUST-3038,Office Chair,Furniture,South,Sneha,2,6695.73
ORD-202606-02470,2026-06-16,CUST-2289,Study Table,Furniture,West,Sneha,7,5585.38
ORD-202606-02471,2026-06-15,,Webcam,Electronics,West,Neha,3,2071.03
ORD-202606-02472,2026-06-30,CUST-2743,Monitor Stand,Furniture,East,Vikram,6,1883.48
ORD-202606-02473,2026-06-04,CUST-0479,Monitor Stand,Furniture,North,Karan,2,2144.9
ORD-202606-02474,2026-06-10,CUST-2204,Study Table,Furniture,East,Ananya,5,5251.77
ORD-202606-02475,2026-06-28,CUST-0051,Office Chair,Furniture,Central,Vikram,4,7193.37
ORD-202606-02476,2026-06-07,CUST-3572,Monitor Stand,Furniture,East,Priya,2,1930.92
ORD-202606-02477,2026-06-11,CUST-0092,Wireless Mouse,Electronics,South,Karan,7,846.42
ORD-202606-02478,2026-06-22,CUST-3235,Laptop Stand,Accessories,South,Karan,6,1572.96
ORD-202606-02479,2026-06-02,CUST-4480,Keyboard,Electronics,East,Amit,4,1390.02
ORD-202606-02480,2026-06-11,CUST-1789,Headphones,Electronics,Central,Amit,1,2714.34
ORD-202606-02481,2026-06-17,CUST-0480,Office Chair,Furniture,West,Amit,2,6459.71
ORD-202606-02482,2026-06-06,CUST-0637,Keyboard,Electronics,Central,Neha,4,1245.66
ORD-202606-02483,2026-06-07,CUST-3073,Study Table, Furniture,West,Rahul,5,5054.66
ORD-202606-02484,2026-06-29,,Study Table,Furniture,North,Vikram,7,5822.07
ORD-202606-02485,2026-06-21,CUST-1715,Study Table,Furniture,East,Karan,6,5301.52
ORD-202606-02486,2026-06-01,CUST-3158,Monitor Stand,Furniture,West,Priya,6,2107.0
ORD-202606-02487,2026-06-24,CUST-3791,Pen Set,Office,Central,Neha,7,326.09
ORD-202606-02488,2026-06-12,CUST-0415,Study Table,Furniture,Central,Vikram,5,5606.82
ORD-202606-02489,2026-06-11,CUST-0482,Notebook,Office,West,Priya,2,197.64
ORD-202606-02490,2026-06-09,CUST-0104,Office Chair,Furniture,West,Amit,1,6516.17
ORD-202606-02491,2026-06-16,CUST-0024,Notebook,Office,North,Rahul,3,200.48
ORD-202606-02492,2026-06-09,CUST-3562,Mouse Pad,accessories,West,Rahul,5,382.2
ORD-202606-02493,2026-06-05,CUST-4216,Laptop Stand,Accessories,South,Rahul,5,1622.67
ORD-202606-02494,2026-06-08,CUST-4893,Webcam,Electronics,West,Sneha,1,2006.35
ORD-202606-02495,2026-06-21,CUST-3228,Monitor Stand,Furniture,West,Vikram,6,2174.94
ORD-202606-02496,2026-06-11,CUST-0098,Keyboard,Electronics,East,Vikram,1,1417.4
ORD-202606-02497,2026-06-17,CUST-3316,Desk Organizer,Office,West,Karan,5,625.79
ORD-202606-02498,2026-06-08,CUST-4204,Office Chair,Furniture,North,Ananya,6,6730.42
ORD-202606-02499,2026-06-04,CUST-4943,Webcam,Electronics,South,Rahul,5,1821.78
ORD-202606-02500,2026-06-25,CUST-4463,Mouse Pad,Accessories,west,Priya,2,376.26
ORD-202606-02501,2026-06-30,CUST-4186,Office Chair,Furniture,,Vikram,3,7558.93
ORD-202606-02502,2026-06-09,CUST-0166,Headphones,Electronics,North,Sneha,5,2557.39
ORD-202606-02503,2026-06-28,CUST-1318,Webcam,Electronics,South,Vikram,7,1866.71
ORD-202606-02504,2026-06-22,CUST-3671,Monitor Stand,Furniture,North,Neha,7,1923.69
ORD-202606-02505,2026-06-10,CUST-4244,Monitor Stand,Furniture,South,,6,2107.93
ORD-202606-02506,2026-06-13,CUST-1027,Monitor Stand,Furniture,North,Rahul,4,2110.46
ORD-202606-02507,2026-06-21,CUST-3304,Pen Set,Office,East,,5,309.82
ORD-202606-02508,2026-06-20,CUST-1316,Office Chair,Furniture,Central,Vikram,4,6497.45
ORD-202606-02509,2026-06-28,CUST-4507,Laptop Stand,Accessories,South,Karan,1,1415.39
ORD-202606-02510,2026-06-16,CUST-1930,Notebook,Office,East,Amit,4,217.94
ORD-202606-02511,2026-06-05,CUST-4297,Mouse Pad,Accessories,East,Rahul,7,422.86
ORD-202606-02512,2026-06-01,CUST-2085,Mouse Pad,Accessories,East,Neha,4,383.07
ORD-202606-02513,2026-06-15,CUST-1420,USB Hub,Accessories,West,Neha,1,848.76
ORD-202606-02514,2026-06-12,CUST-0053,Laptop Stand,Accessories,West,Amit,7,1628.85
ORD-202606-02515,2026-06-21,CUST-4062,Office Chair,Furniture,North,Sneha,7,6779.65
ORD-202606-02516,2026-06-29,CUST-1242,Wireless Mouse,Electronics,South,Rahul,6,799.86
ORD-202606-02517,2026-06-27,CUST-2430,USB Hub,Accessories,South,Vikram,5,971.22
ORD-202606-02518,2026-06-08,CUST-2366,Monitor Stand,Furniture,South,Priya,5,2079.02
ORD-202606-02519,2026-06-29,CUST-0732,Office Chair,Furniture,West,Neha,-1,7264.33
ORD-202606-02520,2026-06-04,CUST-4455,Keyboard,Electronics,East,Karan,4,1232.7
ORD-202606-02521,2026-06-08,CUST-3961,Mouse Pad,Accessories,West,Rahul,1,420.84
ORD-202606-02522,2026-06-17,CUST-1453,Keyboard,Electronics,Central,Karan,5,1362.34
ORD-202606-02523,2026-07-01,CUST-2348,Monitor Stand,Furniture,North,Karan,-1,1975.02
ORD-202606-02524,2026-06-10,CUST-0880,Wireless Mouse,Electronics,North,Karan,3,786.72
ORD-202606-02525,2026-06-12,CUST-2444,Pen Set,Office,South,Karan,4,301.75
ORD-202606-02526,2026-06-06,CUST-2288,Mouse Pad,Accessories,West,Karan,7,431.91
ORD-202606-02527,2026-06-20,CUST-3375,USB Hub,Accessories,Central,Priya,4,886.63
ORD-202606-02528,2026-06-07,CUST-0615,Wireless Mouse,Electronics,North,Priya,3,864.93
ORD-202606-02529,2026-06-08,CUST-0031,Mouse Pad,Accessories,East,Amit,2,414.01
ORD-202606-02530,2026-06-13,CUST-2608,Webcam,Electronics,South,Vikram,6,1777.61
ORD-202606-02531,2026-06-20,CUST-4744,Pen Set,Office,North,Karan,2,300.71
ORD-202606-02532,2026-06-12,CUST-4140,Monitor Stand,Furniture,West,Neha,2,1841.86
ORD-202606-02533,2026-06-17,,Office Chair,Furniture,East,Ananya,1,7326.22
ORD-202606-02534,2026-06-16,CUST-2309,Monitor Stand,Furniture,South,Sneha,2,1827.61
ORD-202606-02535,2026-06-02,CUST-3397,Webcam,Electronics,North,Neha,3,1767.4
ORD-202606-02536,2026-06-20,CUST-3489,Office Chair,Furniture,Central,Ananya,3,7083.47
ORD-202606-02537,2026-06-06,CUST-0600,Headphones,Electronics,West,Vikram,5,2658.09
ORD-202606-02538,2026-06-11,CUST-0150,Study Table,Furniture,South,Vikram,7,5514.91
ORD-202606-02539,2026-06-11,CUST-4113,Webcam,Electronics,West,Ananya,5,2042.7
ORD-202606-02540,2026-06-10,CUST-1390,Office Chair,Furniture,East,Karan,1,7623.21
ORD-202606-02541,2026-06-06,CUST-0614,USB Hub,Accessories,East,Vikram,6,984.76
ORD-202606-02542,2026-06-05,CUST-1151,Laptop Stand,Accessories,Central,Karan,7,1503.28
ORD-202606-02543,2026-06-04,CUST-0412,Keyboard,Electronics,West,Sneha,5,1327.81
ORD-202606-02544,2026-06-18,CUST-2270,Keyboard,Electronics,North,Rahul,1,1326.46
ORD-202606-02545,2026-06-12,CUST-3776,Monitor Stand,Furniture,South,Neha,4,2138.14
ORD-202606-02546,2026-06-25,CUST-3643,Office Chair,Furniture,North,Vikram,2,6848.9
ORD-202606-02547,2026-06-21,CUST-0575,Laptop Stand,Accessories,West,Vikram,7,1516.9
ORD-202606-02548,2026-06-26,CUST-3154,Mouse Pad,Accessories,Central,Sneha,2,412.43
ORD-202606-02549,2026-06-25,CUST-1718,Monitor Stand,Furniture,Central,Sneha,1,1964.4
ORD-202606-02550,2026-06-11,CUST-1864,Office Chair,Furniture,West,Neha,2,7602.96
ORD-202606-02551,2026-06-14,CUST-0569,Desk Organizer,Office,Central,Priya,4,589.18
ORD-202606-02552,2026-06-26,CUST-1174,Office Chair,Furniture,South,Amit,1,7118.62
ORD-202606-02553,2026-06-07,CUST-0894,Keyboard,Electronics,North,Amit,6,1319.29
ORD-202606-02554,2026-06-06,CUST-3884,Notebook,Office,South,Ananya,3,203.65
ORD-202606-02555,2026-06-26,CUST-1419,Headphones,Electronics,South,Rahul,3,2486.26
ORD-202606-02556,2026-06-25,CUST-4898,Mouse Pad,Accessories,North,Ananya,2,362.63
ORD-202606-02557,2026-06-16,CUST-1316,Mouse Pad,Accessories,West,Rahul,4,365.05
ORD-202606-02558,2026-06-25,CUST-4458,Keyboard,Electronics,South,Rahul,2,1358.82
ORD-202606-02559,2026-06-25,CUST-4812,Desk Organizer,Office,West,Ananya,5,549.9
ORD-202606-02560,2026-06-11,CUST-0452,USB Hub,Accessories,South,Sneha,3,843.85
ORD-202606-02561,2026-06-23,CUST-2632,Notebook,Office,North,Karan,6,192.82
ORD-202606-02562,2026-06-11,CUST-3569,Webcam,Electronics,East,Vikram,2,1837.83
ORD-202606-02563,2026-06-04,CUST-1767,Notebook,Office,Central,Rahul,2,193.7
ORD-202606-02564,2026-06-15,CUST-2565,Pen Set,Office,East,Rahul,5,293.95
ORD-202606-02565,2026-06-09,CUST-4008,Desk Organizer,Office,North,Neha,3,555.25
ORD-202606-02566,2026-06-27,CUST-1965,Notebook,Office,North,Vikram,2,182.41
ORD-202606-02567,2026-06-28,CUST-0902,Laptop Stand,Accessories,Central,Ananya,1,1568.59
ORD-202606-02568,2026-06-04,CUST-1155,USB Hub,Accessories,North,Priya,2,838.53
ORD-202606-02569,2026-06-25,CUST-3096,Pen Set,Office ,East,Priya,6,321.85
ORD-202606-02570,2026-06-25,CUST-4473,Notebook,Office,West,Amit,4,184.74
ORD-202606-02571,2026-06-01,CUST-3908,Monitor Stand,Furniture,East,Vikram,2,2016.22
ORD-202606-02572,2026-06-10,CUST-0412,Webcam,Electronics,Central,Rahul,3,2050.79
ORD-202606-02573,2026-06-15,CUST-3245,Wireless Mouse,Electronics,West,Vikram,3,774.02
ORD-202606-02574,2026-06-30,CUST-1608,Notebook,Office,North,Vikram,3,212.6
ORD-202606-02575,2026-06-21,CUST-3925,Desk Organizer,Office,South,Priya,1,561.66
ORD-202606-02576,2026-06-25,CUST-2066,Mouse Pad,Accessories,West,Rahul,5,396.97
ORD-202606-02577,2026-06-18,CUST-4130,Laptop Stand,Accessories,East,Rahul,4,1403.93
ORD-202606-02578,2026-06-03,CUST-3160,Office Chair,Furniture,west,Ananya,3,7497.05
ORD-202606-02579,2026-06-14,CUST-3194,Study Table,Furniture,South,Sneha,7,5453.55
ORD-202606-02580,2026-06-17,CUST-3636,Study Table,Furniture,West,Karan,1,5670.79
ORD-202606-02581,2026-06-24,CUST-0753,Study Table,Furniture,North,Rahul,2,5669.64
ORD-202606-02582,2026-06-30,CUST-0453,USB Hub,Accessories,East,Ananya,6,905.44
ORD-202606-02583,2026-06-05,CUST-3789,Wireless Mouse,Electronics,East,Neha,6,847.02
ORD-202606-02584,2026-06-23,CUST-4936,Keyboard,Electronics,South,Rahul,2,1253.18
ORD-202606-02585,2026-06-29,CUST-4737,Monitor Stand,Furniture,North,Priya,3,2038.69
ORD-202606-02586,2026-06-30,CUST-2223,Laptop Stand,Accessories,Central,Amit,2,1636.62
ORD-202606-02587,2026-06-20,CUST-4025,Wireless Mouse,Electronics,East,Karan,1,841.16
ORD-202606-02588,2026-06-24,CUST-2716,Webcam,Electronics,South,Vikram,1,1983.93
ORD-202606-02589,2026-06-28,CUST-2735,Mouse Pad,Accessories,West,Vikram,7,371.57
ORD-202606-02590,2026-06-12,CUST-1374,Pen Set,Office,East,Amit,7,273.44
ORD-202606-02591,2026-06-30,CUST-1486,Headphones,Electronics,North,Neha,6,2420.58
ORD-202606-02592,2026-06-20,CUST-1506,Notebook,Office,South,Neha,1,189.11
ORD-202606-02593,2026-06-19,CUST-0088,Notebook,Office,Central,Neha,4,201.46
ORD-202606-02594,2026-06-22,CUST-1676,Keyboard,Electronics,South,Vikram,1,1325.56
ORD-202606-02595,2026-06-01,CUST-2206,Mouse Pad,Accessories,West,Sneha,6,408.73
ORD-202606-02596,2026-06-04,CUST-2235,Office Chair,Furniture,South,Rahul,1,7260.51
ORD-202606-02597,2026-06-03,CUST-3882,Laptop Stand,Accessories,North,Rahul,2,1374.8
ORD-202606-02598,2026-06-12,CUST-3856,Pen Set,Office,West,Karan,1,295.69
ORD-202606-02599,2026-06-26,CUST-2341,Study Table,Furniture,West,Vikram,2,5990.43
ORD-202606-02600,2026-06-29,,Headphones,Electronics,North,Karan,7,2516.67
ORD-202606-02601,2026-06-21,CUST-1337,Mouse Pad,Accessories,North,Amit,6,410.4
ORD-202606-02602,2026-06-03,CUST-4156,Study Table,Furniture,South,Neha,2,5743.84
ORD-202606-02603,2026-06-16,CUST-4116,Headphones,Electronics,Central,Rahul,1,2619.12
ORD-202606-02604,2026-06-04,CUST-0753,Keyboard,Electronics,East,Rahul,5,1402.44
ORD-202606-02605,2026-06-16,CUST-3754,Pen Set,Office,South,Karan,1,316.89
ORD-202606-02606,2026-06-28,CUST-2018,Wireless Mouse,Electronics,North,Karan,5,751.08
ORD-202606-02607,2026-06-11,CUST-3823,Mouse Pad,Accessories ,North,Sneha,5,362.0
ORD-202606-02608,2026-06-03,CUST-4118,USB Hub,Accessories,Central,Sneha,4,955.19
ORD-202606-02609,2026-06-04,CUST-4969,Headphones,Electronics,South,Vikram,6,2481.52
ORD-202606-02610,2026-06-08,CUST-0690,Webcam,Electronics,South,Vikram,6,1943.18
ORD-202606-02611,2026-06-17,CUST-4108,Headphones,Electronics,East,Vikram,2,2516.87
ORD-202606-02612,2026-06-22,CUST-2284,Notebook,Office,North,Sneha,7,218.05
ORD-202606-02613,2026-06-17,CUST-3742,Office Chair,Furniture,West,Sneha,1,7512.31
ORD-202606-02614,2026-06-28,CUST-0758,Desk Organizer,Office,West,Amit,6,613.96
ORD-202606-02615,2026-06-08,CUST-0332,Monitor Stand,Furniture,Central,Sneha,1,1881.97
ORD-202606-02616,2026-06-01,CUST-3094,USB Hub,Accessories,West,Priya,5,919.85
ORD-202606-02617,2026-06-10,CUST-4697,Mouse Pad,Accessories,East,Priya,4,434.24
ORD-202606-02618,2026-06-20,CUST-2453,Wireless Mouse,Electronics,South,Ananya,3,741.46
ORD-202606-02619,2026-06-11,CUST-2567,Pen Set,Office,West,Ananya,1,306.37
ORD-202606-02620,2026-06-17,CUST-3795,Mouse Pad,Accessories,North,Ananya,3,432.31
ORD-202606-02621,2026-06-04,CUST-4312,Keyboard,Electronics,Central,Sneha,7,1181.33
ORD-202606-02622,2026-06-27,CUST-1541,Pen Set,Office,West,Priya,3,292.7
ORD-202606-02623,2026-06-09,CUST-4324,USB Hub,Accessories,East,Rahul,2,866.4
ORD-202606-02624,2026-06-22,CUST-0667,Notebook,Office,East,Ananya,3,191.8
ORD-202606-02625,2026-07-01,CUST-0957,USB Hub,Accessories,East,Neha,7,821.0
ORD-202606-02626,2026-06-13,CUST-2531,Notebook,Office,West,Rahul,7,207.93
ORD-202606-02627,2026-06-01,CUST-0641,Keyboard,Electronics,South,Priya,3,1257.35
ORD-202606-02628,2026-06-04,CUST-2958,Pen Set,Office,Central,Karan,6,277.59
ORD-202606-02629,2026-06-07,CUST-3425,Wireless Mouse,Electronics,Central,Ananya,2,877.7
ORD-202606-02630,2026-06-27,CUST-4627,Pen Set,Office,South,Karan,1,314.62
ORD-202606-02631,2026-06-26,CUST-1880,Pen Set,Office,North,Vikram,2,287.64
ORD-202606-02632,2026-06-30,CUST-4632,Notebook,Office,South,Sneha,5,185.3
ORD-202606-02633,2026-06-13,CUST-4184,Laptop Stand,Accessories,East,,7,1621.26
ORD-202606-02634,2026-06-19,CUST-0330,Desk Organizer,Office,East,Karan,7,635.36
ORD-202606-02635,2026-06-02,CUST-1782,Laptop Stand,Accessories,West,Vikram,5,1468.78
ORD-202606-02636,2026-06-16,CUST-1306,Keyboard,Electronics,South,Priya,2,1387.21
ORD-202606-02637,2026-06-24,CUST-2139,Monitor Stand,Furniture,South,Amit,5,2090.59
ORD-202606-02638,2026-06-15,CUST-4245,Desk Organizer,Office,South,Neha,2,541.83
ORD-202606-02639,2026-06-29,CUST-3585,Headphones,Electronics,North,Karan,2,2571.34
ORD-202606-02640,2026-06-27,CUST-2648,Pen Set,Office,North,Karan,1,317.13
ORD-202606-02641,2026-06-04,CUST-3740,Office Chair,Furniture,East,Rahul,5,7219.15
ORD-202606-02642,2026-06-25,CUST-2660,Laptop Stand,Accessories,South,Neha,4,1528.75
ORD-202606-02643,2026-06-06,CUST-1693,Study Table,Furniture,West,Neha,1,5556.18
ORD-202606-02644,2026-06-02,CUST-1357,Webcam,Electronics,West,Rahul,4,1789.14
ORD-202606-02645,2026-06-30,CUST-3032,Desk Organizer,Office,East,Rahul,1,614.6
ORD-202606-02646,2026-06-27,CUST-2019,Headphones,Electronics,North,Karan,3,2378.1
ORD-202606-02647,2026-06-19,CUST-3066,Laptop Stand,Accessories,North,Rahul,1,1423.54
ORD-202606-02648,2026-06-17,CUST-2636,Office Chair,Furniture,North,Karan,1,6624.17
ORD-202606-02649,2026-06-05,CUST-1528,Laptop Stand,Accessories,North,Karan,5,1489.67
ORD-202606-02650,2026-06-15,CUST-0288,Monitor Stand,Furniture,East,Sneha,3,1983.49
ORD-202606-02651,2026-06-22,CUST-0287,Keyboard,Electronics,West,Amit,7,1349.81
ORD-202606-02652,2026-06-24,CUST-1846,Mouse Pad,Accessories,Central,Rahul,3,391.09
ORD-202606-02653,2026-06-23,CUST-2263,Wireless Mouse,Electronics,South,Neha,6,797.97
ORD-202606-02654,2026-07-01,CUST-3189,Notebook,Office,South,Priya,1,189.28
ORD-202606-02655,2026-06-05,CUST-1469,Webcam,Electronics,North,Sneha,1,1999.49
ORD-202606-02656,2026-06-02,CUST-4621,Office Chair,Furniture,South,Ananya,4,6371.23
ORD-202606-02657,2026-06-12,CUST-0992,Laptop Stand,Accessories,Central,Neha,1,1385.92
ORD-202606-02658,2026-06-12,CUST-4088,Desk Organizer,Office,East,Neha,7,587.16
ORD-202606-02659,2026-06-27,CUST-0912,Headphones,Electronics,East,Neha,2,2423.68
ORD-202606-02660,2026-06-18,CUST-4211,Mouse Pad,Accessories,South,Neha,3,399.87
ORD-202606-02661,2026-06-08,CUST-1635,Office Chair,Furniture,East,Rahul,4,6401.2
ORD-202606-02662,2026-07-01,CUST-3066,USB Hub,Accessories,north,Vikram,6,880.03
ORD-202606-02663,,CUST-1552,Notebook,Office,North,Amit,2,210.38
ORD-202606-02664,2026-06-06,CUST-2230,USB Hub,Accessories,West,Amit,3,902.53
ORD-202606-02665,2026-06-25,CUST-1923,Headphones,Electronics,Central,Amit,1,2290.12
ORD-202606-02666,2026-06-22,CUST-3554,Wireless Mouse,Electronics,East,Sneha,7,773.1
ORD-202606-02667,2026-06-03,CUST-4272,Wireless Mouse,Electronics,West,Karan,6,808.16
ORD-202606-02668,2026-06-22,CUST-4703,USB Hub,Accessories,West,Amit,3,875.86
ORD-202606-02669,2026-06-24,CUST-3292,Monitor Stand,Furniture,West,Neha,6,1892.22
ORD-202606-02670,2026-06-19,CUST-4889,Pen Set,Office,North,Vikram,4,285.27
ORD-202606-02671,2026-06-22,CUST-3335,Pen Set,Office,South,Priya,3,278.01
ORD-202606-02672,2026-06-13,CUST-4031,Keyboard,Electronics,East,Vikram,2,1284.77
ORD-202606-02673,2026-06-26,CUST-3726,Wireless Mouse,Electronics,South,Ananya,5,720.65
ORD-202606-02674,2026-06-23,CUST-3275,Notebook,Office,North,Priya,2,210.66
ORD-202606-02675,2026-06-15,CUST-3087,Webcam,Electronics,Central,Karan,1,1821.65
ORD-202606-02676,2026-06-01,CUST-1643,Keyboard,Electronics,North,Neha,5,1412.18
ORD-202606-02677,2026-06-21,CUST-1182,Pen Set,Office,North,Priya,2,273.04
ORD-202606-02678,2026-06-18,CUST-3545,Desk Organizer,Office,South,Karan,5,644.41
ORD-202606-02679,2026-06-17,CUST-2779,Study Table,Furniture,East,Vikram,2,5027.71
ORD-202606-02680,2026-06-25,CUST-2898,Webcam,Electronics,North,Karan,3,1998.02
ORD-202606-02681,2026-06-24,CUST-4029,Study Table,Furniture,,Priya,1,5621.5
ORD-202606-02682,2026-06-02,CUST-3994,Headphones,Electronics,West,Vikram,4,2580.36
ORD-202606-02683,2026-06-24,CUST-3996,Pen Set,Office,Central,Amit,6,290.27
ORD-202606-02684,2026-06-03,CUST-2405,Webcam,Electronics,West,Amit,2,1720.21
ORD-202606-02685,2026-06-21,CUST-3786,Wireless Mouse,Electronics,South,Ananya,4,805.78
ORD-202606-02686,2026-06-26,CUST-2766,USB Hub,Accessories,South,,2,886.27
ORD-202606-02687,2026-06-05,CUST-2908,Keyboard,Electronics,North,Ananya,4,1253.08
ORD-202606-02688,2026-06-04,CUST-3656,Study Table,Furniture,Central,Vikram,6,5349.67
ORD-202606-02689,2026-06-28,CUST-1649,Headphones,Electronics,East,Ananya,1,2674.51
ORD-202606-02690,2026-06-09,CUST-0164,Mouse Pad,Accessories,West,Neha,1,371.82
ORD-202606-02691,,CUST-4493,Laptop Stand,Accessories,South,Neha,5,1601.19
ORD-202606-02692,2026-06-02,CUST-0809,USB Hub,Accessories,Central,Priya,1,820.68
ORD-202606-02693,2026-06-11,CUST-4786,Study Table,Furniture,South,Amit,4,5758.96
ORD-202606-02694,2026-06-22,CUST-4608,Office Chair,Furniture, South,Priya,4,6814.88
ORD-202606-02695,2026-06-21,CUST-4899,Study Table,Furniture,,Neha,5,5120.8
ORD-202606-02696,2026-06-13,CUST-1871,Laptop Stand,Accessories,South,Amit,5,1426.57
ORD-202606-02697,2026-06-10,CUST-0113,Laptop Stand,Accessories,Central,Rahul,3,1526.13
ORD-202606-02698,2026-06-20,CUST-0441,Keyboard,Electronics,Central,Neha,1,1375.07
ORD-202606-02699,2026-06-11,CUST-3472,Laptop Stand,Accessories,Central,Vikram,3,1555.27
ORD-202606-02700,2026-06-25,CUST-4666,Notebook,Office,Central,Ananya,3,195.19
ORD-202606-02701,2026-06-05,CUST-1852,Mouse Pad,Accessories,West,Priya,1,421.43
ORD-202606-02702,2026-07-01,CUST-2111,USB Hub,Accessories ,West,Rahul,7,848.25
ORD-202606-02703,2026-06-10,CUST-2392,Webcam,Electronics,Central,Priya,6,1991.32
ORD-202606-02704,2026-06-17,CUST-2731,Monitor Stand,Furniture,West,Sneha,6,2032.17
ORD-202606-02705,2026-06-06,CUST-0221,Monitor Stand,Furniture,South,Sneha,4,2167.04
ORD-202606-02706,2026-06-16,CUST-2627,Mouse Pad,Accessories,West,Priya,6,419.36
ORD-202606-02707,2026-06-07,CUST-3277,USB Hub,Accessories,North,Vikram,2,924.53
ORD-202606-02708,2026-06-04,CUST-0720,Laptop Stand,Accessories,West,Amit,3,1430.13
ORD-202606-02709,2026-06-27,CUST-4684,Study Table,Furniture,East,Priya,2,5184.02
ORD-202606-02710,2026-06-01,CUST-4100,Notebook,Office,South,Amit,4,181.91
ORD-202606-02711,2026-07-01,CUST-0197,Wireless Mouse,Electronics,South,Priya,3,765.92
ORD-202606-02712,2026-06-19,CUST-2727,Notebook,Office,East,Amit,2,191.81
ORD-202606-02713,2026-06-18,CUST-2059,Webcam,Electronics,North,Ananya,7,2021.29
ORD-202606-02714,2026-06-02,,Study Table,Furniture,North,Karan,1,5025.15
ORD-202606-02715,2026-06-29,CUST-0266,Pen Set,Office,West,Karan,4,273.53
ORD-202606-02716,2026-06-28,CUST-0091,USB Hub,Accessories,West,Amit,5,887.82
ORD-202606-02717,2026-06-27,CUST-4448,Office Chair,Furniture,Central,Ananya,4,7035.91
ORD-202606-02718,2026-06-14,CUST-4345,Keyboard,Electronics,,Karan,4,1249.7
ORD-202606-02719,2026-06-08,CUST-3765,Laptop Stand,Accessories,Central,Rahul,2,1353.45
ORD-202606-02720,2026-06-26,CUST-0742,Notebook,Office,Central ,Sneha,4,197.41
ORD-202606-02721,2026-06-21,CUST-1734,Laptop Stand,Accessories,South,Sneha,7,1570.78
ORD-202606-02722,2026-06-19,CUST-2070,USB Hub,Accessories,Central,Karan,1,913.03
ORD-202606-02723,2026-06-27,CUST-2825,Desk Organizer,Office,North,Amit,3,544.36
ORD-202606-02724,2026-06-12,CUST-1745,Keyboard,Electronics,North,Ananya,4,1175.78
ORD-202606-02725,2026-06-06,CUST-2018,Headphones,Electronics,East,Rahul,1,2720.6
ORD-202606-02726,2026-06-10,CUST-2223,Keyboard,Electronics,North,Ananya,3,1417.62
ORD-202606-02727,2026-06-22,CUST-4795,Wireless Mouse,Electronics,West,Neha,1,720.96
ORD-202606-02728,2026-06-24,CUST-1714,Pen Set,Office,East,Karan,2,308.81
ORD-202606-02729,2026-06-22,CUST-0837,Keyboard,Electronics,East,Karan,3,1305.77
ORD-202606-02730,2026-06-04,CUST-0869,Keyboard,Electronics,South,Vikram,3,1358.49
ORD-202606-02731,2026-06-24,CUST-2376,Desk Organizer,Office,North,,2,566.05
ORD-202606-02732,2026-07-01,CUST-3295,Laptop Stand,Accessories,South,Rahul,4,1391.95
ORD-202606-02733,2026-06-07,CUST-2947,Desk Organizer,Office,West,Sneha,4,632.77
ORD-202606-02734,2026-06-24,CUST-3558,Study Table,Furniture,Central,Sneha,5,5461.69
ORD-202606-02735,2026-06-26,CUST-0560,Keyboard,Electronics,East,Vikram,4,1231.25
ORD-202606-02736,2026-06-20,CUST-0793,Keyboard,Electronics,West,Amit,6,1274.46
ORD-202606-02737,2026-06-02,CUST-3988,Headphones,Electronics,West,Ananya,6,2331.04
ORD-202606-02738,2026-06-20,CUST-4725,Headphones,Electronics,South,Amit,5,2717.7
ORD-202606-02739,2026-06-11,CUST-0277,Study Table,Furniture,West,Rahul,3,5555.21
ORD-202606-02740,2026-06-30,CUST-3046,Pen Set,Office,West,Ananya,2,298.05
ORD-202606-02741,2026-06-01,CUST-0383,Desk Organizer,Office,South,Vikram,3,622.55
ORD-202606-02742,2026-06-02,CUST-4693,Pen Set,Office,Central,Karan,3,271.98
ORD-202606-02743,2026-06-23,CUST-2566,USB Hub,Accessories,South,Amit,3,833.59
ORD-202606-02744,2026-06-10,CUST-3908,Wireless Mouse,Electronics,East,Rahul,7,866.06
ORD-202606-02745,2026-06-13,CUST-1409,Notebook,Office,West,Neha,7,197.59
ORD-202606-02746,2026-06-27,CUST-3453,Headphones,Electronics,East,Ananya,2,2738.14
ORD-202606-02747,2026-06-10,CUST-0331,Study Table,Furniture,east,Rahul,7,5501.97
ORD-202606-02748,2026-06-11,CUST-3663,Mouse Pad,Accessories,East,,4,394.42
ORD-202606-02749,2026-06-11,CUST-0728,Webcam,Electronics,West,Rahul,2,1788.13
ORD-202606-02750,2026-06-23,CUST-3696,Notebook,Office,West,Priya,7,198.75
ORD-202606-02751,2026-06-04,CUST-4298,Webcam,Electronics,North,Karan,5,1850.26
ORD-202606-02752,2026-06-16,CUST-4008,Wireless Mouse,Electronics,west,Karan,3,741.51
ORD-202606-02753,2026-06-07,CUST-4258,Pen Set,Office,Central,Vikram,1,271.34
ORD-202606-02754,2026-06-03,CUST-2481,Desk Organizer,Office,North,Neha,3,628.52
ORD-202606-02755,2026-06-25,CUST-3306,USB Hub,Accessories,North,Sneha,6,816.68
ORD-202606-02756,2026-06-24,CUST-2662,Desk Organizer,Office,South,Sneha,1,544.99
ORD-202606-02757,2026-06-30,CUST-2947,Laptop Stand,Accessories,East,Rahul,6,1529.17
ORD-202606-02758,2026-06-19,CUST-1732,Webcam,Electronics,West,Rahul,4,1870.73
ORD-202606-02759,2026-06-29,CUST-0097,Desk Organizer,Office,Central,Amit,2,636.61
ORD-202606-02760,2026-06-13,CUST-2592,Notebook,Office,West,Priya,1,202.64
ORD-202606-02761,2026-06-05,CUST-2241,Wireless Mouse,Electronics,West,Amit,7,736.67
ORD-202606-02762,2026-06-28,CUST-1138,Laptop Stand,Accessories,Central,Neha,7,1511.81
ORD-202606-02763,2026-06-12,CUST-4676,USB Hub,Accessories,North,Neha,6,950.6
ORD-202606-02764,2026-06-12,CUST-3672,USB Hub,Accessories,West,Ananya,6,931.64
ORD-202606-02765,2026-06-01,CUST-4329,Webcam,Electronics,South,Neha,4,1956.03
ORD-202606-02766,2026-06-14,CUST-0020,Wireless Mouse,Electronics,East,Ananya,5,870.15
ORD-202606-02767,2026-06-11,CUST-3754,Monitor Stand,Furniture,East,Sneha,1,2044.76
ORD-202606-02768,2026-06-15,CUST-0110,USB Hub,Accessories,West,Vikram,5,856.12
ORD-202606-02769,2026-06-09,CUST-2416,Mouse Pad,Accessories,South,Vikram,3,360.7
ORD-202606-02770,2026-06-01,CUST-1538,USB Hub,Accessories,East,Ananya,3,887.87
ORD-202606-02771,2026-06-21,CUST-2890,Office Chair,Furniture,North,Amit,4,6937.09
ORD-202606-02772,2026-06-24,CUST-1811,Webcam,Electronics,East,Neha,6,1735.08
ORD-202606-02773,2026-06-24,CUST-3162,Desk Organizer,Office,West,Ananya,6,622.8
ORD-202606-02774,2026-06-29,CUST-0650,Pen Set,Office,East,Karan,2,291.99
ORD-202606-02775,2026-06-15,CUST-4418,Office Chair,Furniture,Central,Rahul,4,6919.7
ORD-202606-02776,2026-06-14,CUST-2698,Monitor Stand,Furniture,West,Sneha,3,1822.01
ORD-202606-02777,2026-06-15,CUST-3483,Keyboard,Electronics,East,Rahul,1,1204.4
ORD-202606-02778,2026-06-20,CUST-0769,Desk Organizer,Office,West,Ananya,3,599.48
ORD-202606-02779,2026-06-21,CUST-3025,Monitor Stand,Furniture,West,Karan,3,1868.65
ORD-202606-02780,2026-06-27,CUST-1779,Webcam,Electronics,West,Neha,7,2052.09
ORD-202606-02781,2026-06-18,CUST-4754,USB Hub,Accessories,Central,Sneha,3,870.73
ORD-202606-02782,2026-06-09,CUST-4023,Keyboard,Electronics,North,Sneha,4,1369.24
ORD-202606-02783,2026-06-29,CUST-1812,Headphones,Electronics,North,Vikram,5,2577.85
ORD-202606-02784,2026-06-09,CUST-0265,Headphones,Electronics,Central,Karan,7,2314.95
ORD-202606-02785,2026-06-01,CUST-1776,USB Hub,Accessories,South,Priya,2,911.42
ORD-202606-02786,2026-06-28,,Notebook,Office,West,Neha,6,202.93
ORD-202606-02787,2026-06-20,CUST-4371,Office Chair,Furniture,West,Vikram,2,7487.37
ORD-202606-02788,2026-06-09,CUST-4498,Mouse Pad,Accessories,East,Priya,3,399.74
ORD-202606-02789,2026-06-08,CUST-3963,Notebook,Office,North,Ananya,3,190.53
ORD-202606-02790,2026-06-13,CUST-3793,Keyboard,Electronics,east,Vikram,5,1307.9
ORD-202606-02791,2026-06-18,CUST-1197,Pen Set,Office,East,Vikram,5,319.11
ORD-202606-02792,2026-06-05,CUST-4719,Mouse Pad,Accessories,West,Karan,7,371.12
ORD-202606-02793,2026-06-12,CUST-3088,Webcam,Electronics,West,Sneha,2,1848.56
ORD-202606-02794,2026-06-26,CUST-3181,Headphones,Electronics,East,Rahul,5,2514.56
ORD-202606-02795,2026-06-20,CUST-4403,Study Table,Furniture,South,Priya,4,5556.92
ORD-202606-02796,2026-06-11,CUST-4687,Headphones,Electronics,East,Ananya,1,2728.21
ORD-202606-02797,2026-06-20,CUST-3159,Notebook,Office,Central,Amit,5,216.96
ORD-202606-02798,2026-06-14,CUST-1232,Study Table,Furniture,Central,Vikram,5,5380.27
ORD-202606-02799,2026-06-27,CUST-2323,Mouse Pad,Accessories,South,Amit,5,423.48
ORD-202606-02800,2026-06-30,CUST-4102,Wireless Mouse,Electronics,North,Priya,1,729.25
ORD-202606-02801,2026-06-05,CUST-1807,Office Chair,Furniture,East,Priya,1,7068.35
ORD-202606-02802,2026-07-01,CUST-3222,Notebook,Office,Central,Amit,1,186.44
ORD-202606-02803,2026-07-01,CUST-3251,Mouse Pad,Accessories,East,Neha,1,361.76
ORD-202606-02804,2026-06-20,CUST-4079,Desk Organizer,Office,North,Amit,1,649.06
ORD-202606-02805,2026-06-24,CUST-4272,Laptop Stand,Accessories ,East,Priya,4,1638.7
ORD-202606-02806,2026-06-19,CUST-2272,Wireless Mouse,Electronics,East,Amit,6,873.61
ORD-202606-02807,2026-06-19,CUST-2435,Monitor Stand,Furniture,East ,Neha,1,2143.71
ORD-202606-02808,2026-06-03,CUST-4026,Keyboard,Electronics,Central,Sneha,4,1213.66
ORD-202606-02809,2026-06-13,CUST-1649,Webcam,Electronics,North,Priya,6,1755.37
ORD-202606-02810,2026-06-28,CUST-0313,Webcam,Electronics,Central,Sneha,2,1735.46
ORD-202606-02811,2026-06-18,CUST-0750,Headphones,Electronics,West,Karan,5,2494.78
ORD-202606-02812,2026-06-18,CUST-3865,USB Hub,Accessories,East,Amit,4,981.2
ORD-202606-02813,2026-06-02,CUST-0796,Pen Set,Office,West,Amit,1,322.67
ORD-202606-02814,2026-06-17,CUST-1340,Laptop Stand,Accessories,South,Neha,3,1561.68
ORD-202606-02815,2026-06-03,CUST-1872,USB Hub,Accessories,East,Rahul,4,963.91
ORD-202606-02816,2026-06-12,CUST-1287,Office Chair,Furniture,South,Rahul,2,7607.69
ORD-202606-02817,2026-06-10,CUST-3561,Keyboard,Electronics,North,Ananya,3,1372.86
ORD-202606-02818,2026-06-17,CUST-3782,Mouse Pad,Accessories,East,Karan,6,434.45
ORD-202606-02819,2026-07-01,CUST-3773,Headphones,Electronics,Central,Neha,1,2721.52
ORD-202606-02820,2026-06-28,CUST-2502,Headphones,Electronics,Central,Rahul,5,2448.61
ORD-202606-02821,2026-06-09,CUST-1736,Notebook,Office,Central,Vikram,7,180.82
ORD-202606-02822,2026-06-27,CUST-4777,Pen Set,Office,West,Vikram,7,283.23
ORD-202606-02823,2026-06-29,CUST-1223,Study Table,Furniture,,Sneha,1,6003.3
ORD-202606-02824,2026-06-20,CUST-1097,Mouse Pad,Accessories,South,Ananya,1,379.28
ORD-202606-02825,2026-06-27,CUST-3806,Monitor Stand,Furniture,North,Sneha,7,1878.68
ORD-202606-02826,2026-06-15,CUST-2484,Office Chair,Furniture,South,Vikram,2,7202.24
ORD-202606-02827,2026-06-24,CUST-4779,Office Chair,Furniture,East,Neha,5,6422.09
ORD-202606-02828,2026-06-25,CUST-3748,Webcam,Electronics,West,Karan,1,2042.31
ORD-202606-02829,2026-06-23,CUST-2414,Headphones,Electronics,East,Neha,5,2400.14
ORD-202606-02830,2026-06-17,CUST-2404,Wireless Mouse,Electronics,Central,Vikram,6,857.65
ORD-202606-02831,2026-06-14,CUST-1689,Pen Set,Office,North,Karan,5,297.79
ORD-202606-02832,2026-06-05,CUST-1196,Wireless Mouse,Electronics,South,Vikram,1,796.9
ORD-202606-02833,2026-06-09,CUST-2101,Headphones,Electronics,East,Amit,6,2516.5
ORD-202606-02834,2026-06-21,CUST-1624,USB Hub,Accessories, South,Vikram,1,889.26
ORD-202606-02835,2026-06-07,CUST-4277,Headphones,Electronics,South,Sneha,3,2251.97
ORD-202606-02836,2026-06-02,CUST-1242,Webcam,Electronics,West,Vikram,6,2023.77
ORD-202606-02837,2026-06-23,CUST-0109,Headphones,Electronics,Central,Priya,1,2579.35
ORD-202606-02838,2026-06-10,CUST-1251,Headphones,Electronics,South,Vikram,1,2368.12
ORD-202606-02839,2026-06-26,CUST-0569,Headphones,Electronics,South,Sneha,6,2478.11
ORD-202606-02840,2026-06-18,CUST-3206,Notebook,Office,South,Rahul,5,211.15
ORD-202606-02841,2026-07-01,CUST-0842,Wireless Mouse,Electronics,South,Sneha,1,876.53
ORD-202606-02842,2026-06-22,CUST-3227,Keyboard,Electronics,North,Priya,1,1265.71
ORD-202606-02843,2026-06-12,CUST-4689,USB Hub,Accessories,West,Amit,1,924.65
ORD-202606-02844,2026-06-18,CUST-4465,Laptop Stand,Accessories,Central,Ananya,1,1561.66
ORD-202606-02845,2026-06-07,CUST-2777,Webcam,Electronics,South,Ananya,3,1749.8
ORD-202606-02846,2026-06-05,CUST-4438,Webcam,Electronics,Central,Rahul,7,1816.55
ORD-202606-02847,2026-06-17,CUST-1070,Study Table,Furniture,North,Priya,7,5961.4
ORD-202606-02848,2026-06-12,CUST-2007,Office Chair,Furniture,Central,Karan,4,6922.28
ORD-202606-02849,2026-06-12,CUST-2802,Study Table,Furniture,East,Priya,1,5238.92
ORD-202606-02850,2026-06-15,CUST-0187,Desk Organizer,Office,South,Rahul,4,607.56
ORD-202606-02851,2026-06-06,CUST-2500,Webcam,Electronics,East,Amit,1,1799.31
ORD-202606-02852,2026-06-30,CUST-1217,USB Hub,Accessories,North,Vikram,5,952.83
ORD-202606-02853,2026-06-18,CUST-2330,Mouse Pad,Accessories,South,Karan,5,432.9
ORD-202606-02854,2026-07-01,CUST-3451,Webcam,Electronics,West,Ananya,6,1957.55
ORD-202606-02855,2026-06-29,CUST-2615,Mouse Pad,Accessories,Central,Rahul,2,411.51
ORD-202606-02856,2026-06-21,CUST-3982,Study Table,Furniture,West,Vikram,4,5316.07
ORD-202606-02857,2026-06-02,CUST-4787,USB Hub,Accessories,East,Ananya,2,900.89
ORD-202606-02858,2026-06-08,CUST-3563,Mouse Pad,Accessories,North,Vikram,4,424.48
ORD-202606-02859,2026-06-12,CUST-0443,USB Hub,Accessories,North,Sneha,5,908.64
ORD-202606-02860,2026-06-04,,Keyboard,Electronics,North,Karan,4,1195.09
ORD-202606-02861,2026-06-04,CUST-2188,Keyboard,Electronics,Central,Neha,2,1309.29
ORD-202606-02862,2026-06-06,CUST-0100,USB Hub,Accessories,South,Ananya,4,824.7
ORD-202606-02863,2026-06-09,CUST-1808,Notebook,Office,East,Vikram,5,193.04
ORD-202606-02864,2026-06-18,CUST-0800,Office Chair,Furniture,South,Amit,6,7627.0
ORD-202606-02865,2026-06-22,CUST-2132,Mouse Pad,Accessories,North,Sneha,5,394.4
ORD-202606-02866,2026-06-01,CUST-0729,Webcam,Electronics,East,Karan,1,2052.11
ORD-202606-02867,2026-06-11,CUST-2709,Mouse Pad,Accessories,Central,Rahul,4,396.8
ORD-202606-02868,2026-06-05,CUST-4724,Pen Set,Office,South,Amit,6,292.69
ORD-202606-02869,2026-06-07,CUST-2499,Monitor Stand,Furniture,North,Priya,4,2021.91
ORD-202606-02870,2026-07-01,CUST-4064,Office Chair,Furniture,South,Priya,3,7166.99
ORD-202606-02871,2026-07-01,CUST-3633,Study Table,Furniture,Central,Neha,6,5734.55
ORD-202606-02872,2026-07-01,CUST-3090,Wireless Mouse,Electronics,Central,Sneha,1,763.29
ORD-202606-02873,2026-06-14,CUST-3916,Laptop Stand,Accessories,Central,Neha,3,1383.6
ORD-202606-02874,2026-06-13,CUST-0880,USB Hub,Accessories,North,Neha,7,894.65
ORD-202606-02875,2026-06-07,CUST-3910,Mouse Pad,Accessories,Central,Ananya,4,410.16
ORD-202606-02876,2026-06-29,CUST-4088,USB Hub,Accessories,North,Priya,1,836.61
ORD-202606-02877,2026-06-08,CUST-2412,Laptop Stand,Accessories,West,Rahul,2,1358.51
ORD-202606-02878,2026-06-07,CUST-1760,Notebook,Office,East,Sneha,2,209.33
ORD-202606-02879,2026-06-05,CUST-0351,Notebook,Office,West,Neha,3,196.07
ORD-202606-02880,2026-06-12,CUST-1896,Headphones,Electronics,South,Priya,2,2587.75
ORD-202606-02881,2026-06-21,CUST-4548,Study Table,Furniture,South,Ananya,6,4958.88
ORD-202606-02882,2026-06-18,CUST-2407,Headphones,Electronics,South,Sneha,3,2664.99
ORD-202606-02883,2026-06-25,CUST-4902,Notebook,Office,Central,Karan,5,215.3
ORD-202606-02884,2026-06-30,CUST-4204,Notebook,Office,West,Rahul,6,183.73
ORD-202606-02885,2026-06-22,CUST-1980,Monitor Stand,Furniture,North ,Karan,7,1858.25
ORD-202606-02886,2026-06-09,CUST-0512,Headphones,Electronics,East,Priya,2,2521.18
ORD-202606-02887,2026-06-26,CUST-3087,Office Chair,Furniture,East,Vikram,1,6528.75
ORD-202606-02888,2026-06-01,CUST-4590,Webcam,Electronics,South,Rahul,5,1808.49
ORD-202606-02889,2026-06-25,CUST-3702,Webcam,Electronics,South,Neha,6,2018.29
ORD-202606-02890,2026-06-03,CUST-0640,Notebook,Office,North,Neha,2,208.95
ORD-202606-02891,2026-06-11,CUST-0795,Mouse Pad,Accessories,North,Neha,7,435.14
ORD-202606-02892,2026-06-02,CUST-0485,Webcam,Electronics,South,Amit,6,2047.47
ORD-202606-02893,2026-06-12,CUST-2414,USB Hub,Accessories,West,Vikram,4,863.4
ORD-202606-02894,2026-06-09,CUST-0537,Laptop Stand,Accessories,South,Rahul,4,1644.55
ORD-202606-02895,2026-06-12,CUST-4543,Keyboard,Electronics,Central,Rahul,-1,1281.27
ORD-202606-02896,2026-06-16,CUST-1119,Monitor Stand,Furniture,East,Priya,2,2019.11
ORD-202606-02897,2026-06-03,CUST-0716,Webcam,Electronics,North,Vikram,5,1846.93
ORD-202606-02898,2026-06-01,CUST-4508,Office Chair,Furniture,East,Vikram,2,7108.92
ORD-202606-02899,2026-06-28,CUST-2830,USB Hub,Accessories,West,Sneha,1,899.31
ORD-202606-02900,2026-06-05,CUST-2515,Wireless Mouse,Electronics,East,Rahul,5,766.45
ORD-202606-02901,2026-06-29,CUST-1316,Office Chair,Furniture ,Central,Karan,1,7028.5
ORD-202606-02902,2026-06-12,CUST-1053,USB Hub,Accessories,East,Neha,2,936.89
ORD-202606-02903,2026-07-01,CUST-3295,Study Table,Furniture,North,Amit,7,5508.24
ORD-202606-02904,2026-06-27,CUST-2090,Mouse Pad,Accessories,East,Amit,3,425.66
ORD-202606-02905,2026-06-19,CUST-1842,USB Hub,Accessories,West,Rahul,6,967.29
ORD-202606-02906,2026-06-21,CUST-0025,Study Table,Furniture,Central,,6,5403.77
ORD-202606-02907,2026-06-30,CUST-0874,Wireless Mouse,Electronics,West,Amit,4,840.14
ORD-202606-02908,2026-06-14,CUST-2218,Wireless Mouse,Electronics,North,Rahul,3,865.95
ORD-202606-02909,2026-06-08,,Study Table,Furniture,Central,Vikram,7,5783.53
ORD-202606-02910,2026-06-05,CUST-2270,Headphones,Electronics,North,Rahul,-1,2485.01
ORD-202606-02911,2026-06-21,CUST-2986,Notebook,Office,South,Neha,3,207.23
ORD-202606-02912,2026-06-19,CUST-4307,Keyboard,Electronics,West,Vikram,2,1278.17
ORD-202606-02913,2026-06-16,CUST-0944,Study Table,Furniture,West,Sneha,7,5306.32
ORD-202606-02914,2026-06-19,CUST-0848,Study Table,Furniture,Central,Sneha,3,5638.54
ORD-202606-02915,2026-06-11,CUST-1100,Keyboard,Electronics,North,Amit,1,1185.3
ORD-202606-02916,2026-06-16,CUST-1452,Pen Set,Office,Central,Ananya,4,279.05
ORD-202606-02917,2026-06-18,CUST-1202,Office Chair,Furniture,South,Rahul,5,7085.35
ORD-202606-02918,2026-06-04,CUST-4630,Mouse Pad,Accessories,South,Neha,7,391.66
ORD-202606-02919,2026-06-17,CUST-3287,Wireless Mouse,Electronics,East,Priya,1,748.4
ORD-202606-02920,2026-06-02,CUST-0065,Notebook,Office,South,Amit,3,216.45
ORD-202606-02921,2026-06-27,CUST-1520,Study Table,Furniture,West,Priya,5,6045.66
ORD-202606-02922,2026-06-16,CUST-2286,Wireless Mouse,electronics,West,,2,781.28
ORD-202606-02923,2026-06-19,CUST-3159,Monitor Stand,Furniture,South,Sneha,6,2081.84
ORD-202606-02924,2026-06-06,CUST-4922,Wireless Mouse,Electronics,North,Sneha,2,849.07
ORD-202606-02925,2026-06-25,CUST-2020,Pen Set,Office,North,Neha,7,284.25
ORD-202606-02926,2026-06-27,CUST-0485,Mouse Pad,Accessories,East,Rahul,5,377.42
ORD-202606-02927,2026-06-23,CUST-2321,Mouse Pad,Accessories,North,,7,411.18
ORD-202606-02928,2026-06-19,CUST-3202,Study Table,Furniture,South,Sneha,1,5349.98
ORD-202606-02929,2026-06-20,CUST-3597,Notebook,Office,West,Ananya,6,191.12
ORD-202606-02930,2026-06-09,CUST-0393,Mouse Pad,Accessories,East,Amit,4,419.82
ORD-202606-02931,2026-06-05,CUST-2353,Desk Organizer,Office,East,Priya,6,642.12
ORD-202606-02932,2026-06-06,CUST-0166,Wireless Mouse,Electronics,South,Neha,4,729.91
ORD-202606-02933,2026-06-03,CUST-0398,Office Chair,Furniture,East,Neha,2,6839.64
ORD-202606-02934,2026-06-13,CUST-4380,Pen Set,Office,North,Priya,4,319.69
ORD-202606-02935,2026-06-26,CUST-4289,Webcam,Electronics,West,Neha,5,1987.55
ORD-202606-02936,2026-07-01,CUST-4772,USB Hub,Accessories,Central,Karan,5,978.48
ORD-202606-02937,2026-06-08,CUST-0757,Webcam,Electronics,East,Vikram,7,1921.89
ORD-202606-02938,2026-06-15,CUST-3165,Headphones,Electronics,Central,Rahul,1,2636.15
ORD-202606-02939,2026-06-17,CUST-2798,USB Hub,Accessories,Central,Neha,3,851.74
ORD-202606-02940,2026-06-24,CUST-0330,Laptop Stand,Accessories,Central,Amit,3,1392.19
ORD-202606-02941,2026-06-07,CUST-4030,USB Hub,Accessories,North,Amit,2,826.07
ORD-202606-02942,2026-06-07,CUST-2387,USB Hub,Accessories,North,Vikram,2,967.28
ORD-202606-02943,2026-06-09,CUST-1382,Webcam,Electronics,West,Priya,6,1967.81
ORD-202606-02944,2026-06-07,CUST-4490,USB Hub,accessories,East,Karan,3,881.75
ORD-202606-02945,2026-06-02,CUST-4801,Laptop Stand,Accessories,West,Sneha,7,1573.09
ORD-202606-02946,2026-06-03,CUST-1055,Webcam,Electronics,East,Amit,7,2036.63
ORD-202606-02947,2026-06-15,CUST-1653,Monitor Stand,Furniture,Central,Ananya,1,2081.19
ORD-202606-02948,2026-06-02,CUST-2687,Notebook,Office,North,Neha,3,180.48
ORD-202606-02949,2026-06-21,CUST-3233,Notebook,Office,West,Amit,4,190.35
ORD-202606-02950,2026-06-23,CUST-3308,Laptop Stand,Accessories,North,Ananya,5,1373.32
ORD-202606-02951,2026-06-26,CUST-4149,Mouse Pad,Accessories,West,Amit,1,417.51
ORD-202606-02952,2026-06-04,CUST-0808,Study Table,Furniture,West,Vikram,5,5948.62
ORD-202606-02953,2026-07-01,CUST-0468,Mouse Pad,Accessories,Central,Amit,5,397.04
ORD-202606-02954,2026-06-24,CUST-0958,Webcam,Electronics,Central,Ananya,4,1930.33
ORD-202606-02955,2026-06-21,CUST-2929,USB Hub,Accessories,North,Priya,1,942.89
ORD-202606-02956,2026-06-08,CUST-4542,Mouse Pad,Accessories,North,Ananya,2,359.3
ORD-202606-02957,2026-06-12,CUST-2694,Wireless Mouse,Electronics,Central,Priya,5,778.46
ORD-202606-02958,2026-06-25,CUST-4874,Headphones,Electronics,West,Amit,6,2310.41
ORD-202606-02959,2026-06-17,CUST-4344,Keyboard,Electronics,Central,Karan,2,1305.89
ORD-202606-02960,2026-06-25,CUST-0729,Pen Set,Office,East,Neha,3,276.33
ORD-202606-02961,2026-06-22,CUST-0622,Desk Organizer,Office,East,Karan,6,651.06
ORD-202606-02962,2026-06-02,CUST-0338,Headphones,Electronics,North,Karan,3,2507.04
ORD-202606-02963,2026-06-07,CUST-2407,Study Table,Furniture,West,Vikram,6,5930.14
ORD-202606-02964,2026-06-27,CUST-4384,Wireless Mouse,Electronics,South,Ananya,4,806.85
ORD-202606-02965,2026-06-20,CUST-0319,Mouse Pad,Accessories,West,Amit,7,424.6
ORD-202606-02966,2026-06-16,CUST-1039,Webcam,Electronics,,Neha,7,1764.7
ORD-202606-02967,2026-06-17,CUST-3983,Monitor Stand,Furniture,Central,Sneha,5,1909.19
ORD-202606-02968,2026-06-17,CUST-4010,Laptop Stand,Accessories,East,Amit,6,1360.73
ORD-202606-02969,2026-06-14,CUST-4539,Keyboard,Electronics,South,Ananya,2,1428.18
ORD-202606-02970,2026-06-30,CUST-1363,Mouse Pad,Accessories,,Vikram,4,362.23
ORD-202606-02971,2026-06-22,CUST-0089,Wireless Mouse,Electronics,Central,Vikram,3,719.91
ORD-202606-02972,2026-06-18,CUST-4869,Wireless Mouse,Electronics,South,Amit,5,799.41
ORD-202606-02973,2026-06-30,CUST-1124,Notebook,Office,South,Ananya,6,215.71
ORD-202606-02974,2026-06-04,CUST-2179,Monitor Stand,Furniture,West,Vikram,5,2064.26
ORD-202606-02975,2026-06-23,CUST-3399,Headphones,Electronics,South,Sneha,4,2324.95
ORD-202606-02976,2026-06-08,CUST-3685,Notebook,Office,Central,Neha,5,195.69
ORD-202606-02977,2026-06-01,CUST-2470,Webcam,Electronics,South,Amit,6,1858.57
ORD-202606-02978,2026-06-28,CUST-3912,Desk Organizer,Office,South,Ananya,6,645.74
ORD-202606-02979,2026-06-25,CUST-2082,Mouse Pad,Accessories,North,Priya,7,391.49
ORD-202606-02980,2026-06-15,CUST-1759,Notebook,Office,West,Ananya,3,188.36
ORD-202606-02981,2026-06-05,CUST-1416,Headphones,Electronics,South,Rahul,5,2390.64
ORD-202606-02982,2026-06-09,CUST-2848,Office Chair,Furniture,,Amit,1,7485.39
ORD-202606-02983,2026-06-13,CUST-1323,Keyboard,Electronics,West,Sneha,1,1311.91
ORD-202606-02984,2026-06-26,CUST-0642,Laptop Stand,Accessories,North,Priya,6,1369.48
ORD-202606-02985,2026-07-01,,Wireless Mouse,Electronics,South,Karan,5,837.01
ORD-202606-02986,2026-06-28,CUST-0535,Office Chair,Furniture,East,Priya,5,7585.47
ORD-202606-02987,2026-06-01,CUST-0137,Mouse Pad,Accessories,East,Amit,5,431.57
ORD-202606-02988,2026-06-03,CUST-4834,Monitor Stand,Furniture,North,Neha,7,1913.67
ORD-202606-02989,2026-06-18,CUST-0502,Study Table,Furniture,West,Karan,2,5267.66
ORD-202606-02990,2026-06-16,CUST-1553,Mouse Pad,Accessories,East,Vikram,1,401.38
ORD-202606-02991,2026-06-09,CUST-0798,Desk Organizer,Office,West,Priya,4,571.17
ORD-202606-02992,2026-06-14,CUST-4358,Desk Organizer,Office,North,Priya,2,623.49
ORD-202606-02993,2026-07-01,CUST-4071,Notebook,Office,West,Amit,3,210.22
ORD-202606-02994,2026-06-19,CUST-1549,Study Table,Furniture,East,Priya,5,5867.09
ORD-202606-02995,2026-06-09,CUST-4169,Keyboard,Electronics,West,Neha,6,1348.85
ORD-202606-02996,2026-06-07,CUST-0176,Webcam,Electronics,South,Vikram,2,2031.16
ORD-202606-02997,2026-06-26,CUST-1113,Notebook,Office,North,Amit,1,211.94
ORD-202606-02998,2026-06-30,CUST-0152,Keyboard,Electronics,South,Neha,4,1212.39
ORD-202606-02999,2026-06-17,CUST-1242,Pen Set,Office,North,Neha,1,318.94
ORD-202606-03000,2026-06-20,CUST-4717,Office Chair,Furniture,North,Priya,2,6846.94
ORD-202606-03001,2026-06-20,CUST-0109,Wireless Mouse,Electronics,South,Neha,4,742.56
ORD-202606-03002,2026-06-25,CUST-1284,USB Hub,Accessories,West,Priya,2,939.8
ORD-202606-03003,2026-06-12,CUST-1305,Desk Organizer,Office,South,Sneha,6,619.62
ORD-202606-03004,2026-06-10,CUST-3293,Study Table,Furniture,North,Vikram,4,5854.66
ORD-202606-03005,2026-06-04,CUST-2917,Mouse Pad,Accessories,Central,Amit,5,366.69
ORD-202606-03006,2026-06-19,CUST-1336,Laptop Stand,Accessories,South,Karan,6,1624.03
ORD-202606-03007,2026-06-19,CUST-2777,Monitor Stand,Furniture,North,Rahul,6,1894.99
ORD-202606-03008,2026-06-18,CUST-1279,Desk Organizer,Office,South,Ananya,7,549.3
ORD-202606-03009,2026-06-04,CUST-4674,Keyboard,Electronics,Central,Rahul,2,1302.84
ORD-202606-03010,2026-06-14,CUST-0232,Laptop Stand,Accessories,North,Amit,5,1474.54
ORD-202606-03011,2026-06-22,CUST-4123,Keyboard,Electronics,South,Sneha,4,1242.31
ORD-202606-03012,2026-06-24,CUST-3704,Mouse Pad,Accessories,East,Rahul,1,430.85
ORD-202606-03013,2026-06-09,CUST-2244,Pen Set,Office,East,Vikram,6,270.94
ORD-202606-03014,2026-06-11,CUST-0850,Monitor Stand,Furniture,North,Sneha,2,2133.84
ORD-202606-03015,2026-06-05,CUST-3021,Notebook,Office,East,Rahul,2,183.0
ORD-202606-03016,2026-06-04,CUST-0604,Office Chair,Furniture,Central,Ananya,5,7447.6
ORD-202606-03017,2026-06-08,CUST-0455,Webcam,Electronics,Central,Sneha,3,1804.51
ORD-202606-03018,2026-07-01,CUST-1119,Notebook,Office,South,Karan,6,188.01
ORD-202606-03019,2026-06-10,CUST-4835,Notebook,Office,North,Priya,4,193.81
ORD-202606-03020,2026-06-23,CUST-4854,Keyboard,Electronics,West,Amit,3,1293.41
ORD-202606-03021,2026-06-03,CUST-4397,Monitor Stand,Furniture,Central,Ananya,7,1874.98
ORD-202606-03022,2026-06-10,CUST-0203,Notebook,Office,South,Sneha,4,215.83
ORD-202606-03023,2026-06-16,CUST-2079,Headphones,Electronics,South,Vikram,7,2399.71
ORD-202606-03024,2026-06-01,CUST-2473,Study Table,Furniture,East,Sneha,2,5159.78
ORD-202606-03025,2026-07-01,CUST-3745,Notebook,Office,north,Amit,1,211.72
ORD-202606-03026,2026-06-03,CUST-1877,USB Hub,Accessories,East,Sneha,2,860.55
ORD-202606-03027,2026-06-23,,Keyboard,Electronics,Central,Rahul,3,1404.95
ORD-202606-03028,2026-06-29,CUST-3971,Monitor Stand,Furniture,South,Ananya,3,2133.62
ORD-202606-03029,2026-06-24,CUST-4026,Office Chair,Furniture,East,Neha,5,6773.16
ORD-202606-03030,2026-06-22,CUST-1789,Office Chair,Furniture,North,Rahul,7,7469.37
ORD-202606-03031,2026-06-11,CUST-0661,Mouse Pad,Accessories,West,Amit,6,395.22
ORD-202606-03032,2026-07-01,CUST-3425,Mouse Pad,Accessories,North,Amit,4,376.79
ORD-202606-03033,2026-06-12,CUST-2989,Keyboard,Electronics,West,Vikram,7,1224.13
ORD-202606-03034,2026-06-12,CUST-1432,Office Chair,Furniture,West,Vikram,7,6760.03
ORD-202606-03035,2026-06-01,CUST-4217,Webcam,Electronics,North,Ananya,1,2039.06
ORD-202606-03036,2026-06-09,CUST-0556,USB Hub,Accessories,North,Sneha,1,937.79
ORD-202606-03037,2026-06-08,CUST-2289,Office Chair,Furniture,West,Vikram,7,7214.76
ORD-202606-03038,2026-06-07,CUST-1793,Notebook,Office,North,Rahul,7,197.84
ORD-202606-03039,2026-06-24,CUST-2899,USB Hub,Accessories,East,Neha,5,951.92
ORD-202606-03040,2026-06-29,CUST-2123,USB Hub,Accessories,North,Rahul,6,872.4
ORD-202606-03041,2026-06-27,CUST-3480,Monitor Stand,Furniture,Central,Sneha,2,1867.05
ORD-202606-03042,2026-06-18,CUST-0801,Office Chair,Furniture,Central ,Neha,6,6403.99
ORD-202606-03043,2026-06-24,CUST-1384,Mouse Pad,Accessories,North,Ananya,6,429.17
ORD-202606-03044,2026-06-12,CUST-3159,USB Hub,Accessories,North,Ananya,4,810.52
ORD-202606-03045,2026-06-22,CUST-4297,Mouse Pad,Accessories,North,Karan,1,437.64
ORD-202606-03046,2026-06-24,CUST-3243,Headphones,Electronics, West,Vikram,4,2748.73
ORD-202606-03047,2026-06-30,CUST-2450,Headphones,Electronics,North,Karan,5,2373.08
ORD-202606-03048,2026-06-25,CUST-0050,Wireless Mouse,Electronics,West,Sneha,4,855.96
ORD-202606-03049,2026-06-12,CUST-3464,Study Table,Furniture,East,Sneha,7,5436.11
ORD-202606-03050,2026-06-29,CUST-0369,Mouse Pad,Accessories,East,Neha,1,431.5
ORD-202606-03051,2026-06-05,CUST-3174,Desk Organizer,Office,South,Vikram,7,584.83
ORD-202606-03052,2026-06-10,CUST-0640,Pen Set,Office,West,Ananya,4,300.0
ORD-202606-03053,2026-06-22,CUST-4668,Keyboard,Electronics,South,Priya,1,1361.94
ORD-202606-03054,2026-06-12,CUST-1517,Mouse Pad,Accessories,South,,5,408.68
ORD-202606-03055,2026-06-16,CUST-0700,Headphones,Electronics,West,Sneha,4,2353.73
ORD-202606-03056,2026-06-30,CUST-3230,Headphones,Electronics,East,Priya,4,2446.88
ORD-202606-03057,2026-06-02,CUST-1940,Mouse Pad,Accessories,North,,2,397.44
ORD-202606-03058,2026-06-28,CUST-2942,Desk Organizer,Office,Central,Neha,3,626.96
ORD-202606-03059,2026-06-16,CUST-3203,Office Chair,Furniture,North,Neha,6,6353.3
ORD-202606-03060,2026-06-01,CUST-2198,Wireless Mouse,Electronics,North,Rahul,4,874.75
ORD-202606-03061,2026-06-02,CUST-2660,Desk Organizer,Office,North ,Neha,7,589.98
ORD-202606-03062,2026-06-04,CUST-0929,Mouse Pad,Accessories,West,Vikram,2,391.39
ORD-202606-03063,2026-06-15,CUST-1487,Wireless Mouse,Electronics,East,Ananya,4,858.15
ORD-202606-03064,2026-06-26,CUST-2157,Laptop Stand,Accessories,South,Rahul,2,1495.08
ORD-202606-03065,2026-06-02,CUST-4230,Pen Set,Office,South,,1,304.54
ORD-202606-03066,2026-06-27,,USB Hub,Accessories,South,Sneha,3,937.28
ORD-202606-03067,2026-06-30,CUST-0843,Monitor Stand,Furniture,West,Neha,6,1917.95
ORD-202606-03068,2026-06-01,CUST-1807,Notebook,Office,East,Amit,5,218.12
ORD-202606-03069,2026-06-26,CUST-3216,Notebook,Office,North,Neha,3,211.91
ORD-202606-03070,2026-06-03,CUST-3120,Mouse Pad,Accessories,,Rahul,1,423.2
ORD-202606-03071,2026-06-30,CUST-0037,Notebook,Office,West,Rahul,6,182.67
ORD-202606-03072,2026-06-29,CUST-2289,Pen Set,Office,Central,Amit,5,297.42
ORD-202606-03073,2026-06-22,CUST-3994,Pen Set,Office,Central,Sneha,1,298.59
ORD-202606-03074,2026-06-23,CUST-3276,Keyboard,Electronics,South,Vikram,6,1186.86
ORD-202606-03075,2026-06-07,CUST-2760,Notebook,Office,Central,Neha,3,207.75
ORD-202606-03076,2026-06-10,CUST-4713,Pen Set,Office,West,Sneha,1,290.25
ORD-202606-03077,2026-06-18,CUST-0579,Headphones,Electronics,North,Rahul,7,2445.85
ORD-202606-03078,2026-06-16,CUST-4039,Headphones,Electronics,Central,Priya,1,2566.44
ORD-202606-03079,2026-06-10,CUST-3154,Notebook,Office,South,Neha,1,203.85
ORD-202606-03080,2026-06-30,CUST-0397,Pen Set,Office ,South,Priya,6,319.57
ORD-202606-03081,2026-06-20,CUST-2764,Desk Organizer,Office,West,Rahul,7,645.65
ORD-202606-03082,2026-06-16,CUST-4336,Keyboard,Electronics,South,Neha,2,1299.91
ORD-202606-03083,2026-06-30,CUST-0049,Notebook,Office,North,Vikram,7,210.81
ORD-202606-03084,2026-06-25,CUST-2957,Laptop Stand,Accessories,West,Amit,3,1537.74
ORD-202606-03085,2026-06-29,CUST-4189,Mouse Pad,Accessories,Central,Amit,2,375.25
ORD-202606-03086,2026-06-04,CUST-0588,Desk Organizer,Office,West,Vikram,7,541.17
ORD-202606-03087,2026-06-02,CUST-4460,Pen Set,Office,West,Sneha,3,275.4
ORD-202606-03088,2026-06-29,CUST-1121,Laptop Stand,Accessories,East,Ananya,3,1442.93
ORD-202606-03089,2026-06-19,CUST-1710,Study Table,Furniture,West,Karan,2,5407.94
ORD-202606-03090,2026-06-08,CUST-2912,Desk Organizer,Office,West,Karan,4,616.66
ORD-202606-03091,2026-06-26,CUST-4656,Wireless Mouse,Electronics,North,Rahul,7,794.8
ORD-202606-03092,2026-06-16,CUST-2471,Wireless Mouse,Electronics,North,Rahul,6,865.85
ORD-202606-03093,2026-06-07,CUST-2759,Study Table,Furniture,West,Vikram,7,5103.94
ORD-202606-03094,2026-06-12,CUST-1091,USB Hub,Accessories,West,Ananya,5,824.91
ORD-202606-03095,2026-06-22,CUST-2980,Mouse Pad,Accessories,West,Priya,1,433.86
ORD-202606-03096,2026-06-06,CUST-0055,Pen Set,Office,West,Vikram,5,279.52
ORD-202606-03097,2026-06-18,CUST-2495,USB Hub,Accessories,Central,Neha,6,948.78
ORD-202606-03098,2026-06-02,CUST-3680,Mouse Pad,Accessories,North,Karan,1,393.81
ORD-202606-03099,2026-06-02,CUST-2826,Desk Organizer,Office,North,Priya,6,568.1
ORD-202606-03100,2026-06-17,CUST-0911,Webcam,Electronics,Central,Vikram,2,1796.09
ORD-202606-03101,2026-06-25,CUST-1697,Monitor Stand,Furniture,Central,Priya,3,2155.05
ORD-202606-03102,2026-06-17,CUST-1687,Mouse Pad,Accessories,Central,Vikram,4,404.48
ORD-202606-03103,2026-06-20,CUST-1145,Webcam,Electronics,West,Ananya,7,2001.95
ORD-202606-03104,2026-06-23,CUST-3721,Headphones,Electronics,West,Neha,6,2521.4
ORD-202606-03105,2026-06-27,CUST-3830,Office Chair,Furniture,West,Amit,4,6414.19
ORD-202606-03106,2026-06-12,CUST-2359,Study Table,Furniture,West,Rahul,2,5329.01
ORD-202606-03107,2026-06-15,CUST-4001,Study Table, Furniture,North,Priya,4,5539.63
ORD-202606-03108,2026-06-08,CUST-0634,Study Table,Furniture,North,Amit,3,5500.54
ORD-202606-03109,2026-06-24,CUST-2100,Headphones,Electronics,Central,Karan,2,2641.24
ORD-202606-03110,2026-06-03,CUST-1960,Keyboard,Electronics,South,Rahul,3,1362.12
ORD-202606-03111,2026-06-09,CUST-1576,Study Table,Furniture,South,Sneha,1,5661.95
ORD-202606-03112,2026-06-07,CUST-2899,Monitor Stand,Furniture,South,Karan,5,2162.92
ORD-202606-03113,2026-06-21,CUST-3481,Monitor Stand,Furniture,East,Amit,7,2190.4
ORD-202606-03114,2026-06-03,CUST-1071,Study Table,Furniture,South,Ananya,1,5005.77
ORD-202606-03115,2026-06-28,CUST-1200,Notebook,Office,,Vikram,3,216.68
ORD-202606-03116,2026-06-10,CUST-1701,Pen Set,Office,Central,Neha,7,290.9
ORD-202606-03117,2026-06-29,CUST-1600,Headphones,Electronics,north,Ananya,4,2634.32
ORD-202606-03118,2026-06-09,CUST-4518,Study Table,Furniture,South,Neha,4,5674.17
ORD-202606-03119,2026-06-02,CUST-3517,Keyboard,Electronics,North,Amit,2,1261.35
ORD-202606-03120,2026-06-10,CUST-2003,Office Chair,Furniture,North,Neha,1,7468.33
ORD-202606-03121,2026-06-01,CUST-2670,Notebook,Office,Central,Rahul,1,182.57
ORD-202606-03122,2026-06-26,CUST-1624,Laptop Stand,Accessories,Central,Neha,1,1418.56
ORD-202606-03123,2026-07-01,CUST-4820,Headphones,Electronics,East,Sneha,2,2640.58
ORD-202606-03124,2026-06-21,CUST-3086,Monitor Stand,Furniture,East,Ananya,2,2005.89
ORD-202606-03125,2026-06-14,CUST-3365,Headphones,Electronics,North,Neha,6,2299.33
ORD-202606-03126,2026-06-30,CUST-0208,Keyboard,Electronics,West,Ananya,3,1335.49
ORD-202606-03127,2026-06-06,CUST-4511,Mouse Pad,Accessories,Central,Sneha,4,391.53
ORD-202606-03128,2026-06-20,CUST-3665,Desk Organizer,Office,Central,Karan,7,547.13
ORD-202606-03129,2026-06-15,CUST-2476,USB Hub,Accessories,Central,Neha,7,817.99
ORD-202606-03130,2026-06-30,CUST-2003,Desk Organizer,Office,East,Neha,7,552.02
ORD-202606-03131,2026-06-13,,Webcam,Electronics,Central,Karan,5,1841.03
ORD-202606-03132,2026-06-26,CUST-2836,Webcam,Electronics,West,Neha,1,1932.06
ORD-202606-03133,2026-06-25,CUST-2464,Desk Organizer,Office,West,Neha,6,622.28
ORD-202606-03134,2026-06-18,CUST-1259,Keyboard,Electronics,East,Rahul,2,1339.95
ORD-202606-03135,2026-06-05,CUST-2111,USB Hub,Accessories,East,Priya,6,828.74
ORD-202606-03136,2026-06-22,CUST-1138,Wireless Mouse,electronics,West,Rahul,6,846.71
ORD-202606-03137,2026-06-20,CUST-3910,Mouse Pad,Accessories,North,Neha,1,422.92
ORD-202606-03138,2026-06-13,CUST-2008,Mouse Pad,Accessories,East,Vikram,4,385.6
ORD-202606-03139,2026-06-07,CUST-2539,Keyboard,Electronics,Central,Karan,-1,1367.51
ORD-202606-03140,2026-06-10,CUST-2531,Headphones,Electronics,Central,Rahul,7,2347.81
ORD-202606-03141,2026-06-24,CUST-3855,Study Table,Furniture,North,Sneha,4,5119.87
ORD-202606-03142,2026-06-17,CUST-1031,USB Hub,Accessories,South,Vikram,5,898.97
ORD-202606-03143,2026-07-01,CUST-4633,Wireless Mouse,Electronics,South,Rahul,5,734.57
ORD-202606-03144,2026-06-09,CUST-0794,Laptop Stand,Accessories,West,,6,1520.13
ORD-202606-03145,2026-06-28,CUST-2871,Office Chair,Furniture ,East,Neha,6,7052.29
ORD-202606-03146,2026-06-27,CUST-0225,Laptop Stand,Accessories,North,Ananya,5,1386.03
ORD-202606-03147,2026-06-15,CUST-2629,Keyboard,Electronics,West,Sneha,4,1343.92
ORD-202606-03148,2026-06-20,CUST-1766,Desk Organizer,Office,Central,Amit,1,599.19
ORD-202606-03149,2026-06-13,CUST-3966,Pen Set,Office,West,Rahul,5,274.16
ORD-202606-03150,2026-07-01,CUST-2941,Desk Organizer,Office,East,,3,610.87
ORD-202606-03151,2026-06-24,CUST-2791,Wireless Mouse,Electronics,South,Neha,7,787.25
ORD-202606-03152,2026-06-04,CUST-0838,Office Chair,Furniture,Central,Amit,1,7122.22
ORD-202606-03153,2026-06-07,CUST-3336,Wireless Mouse,Electronics,Central,Amit,1,816.73
ORD-202606-03154,2026-06-07,CUST-2899,Wireless Mouse,Electronics,Central,Sneha,6,782.97
ORD-202606-03155,2026-06-04,CUST-2885,Headphones,Electronics ,North,Karan,2,2312.92
ORD-202606-03156,,CUST-0223,Headphones,Electronics,East,,5,2563.77
ORD-202606-03157,2026-06-24,CUST-1860,Notebook,Office,South,Neha,5,218.5
ORD-202606-03158,2026-06-24,CUST-4272,Study Table,Furniture,South,Priya,3,5481.06
ORD-202606-03159,2026-06-17,CUST-2780,Wireless Mouse,Electronics,East,Sneha,4,845.49
ORD-202606-03160,2026-06-07,CUST-4439,Mouse Pad,Accessories,Central ,Amit,2,432.4
ORD-202606-03161,2026-06-19,CUST-4349,Webcam,Electronics,East,Ananya,6,1951.48
ORD-202606-03162,2026-06-18,CUST-0944,Headphones,Electronics,East,Vikram,4,2350.18
ORD-202606-03163,2026-06-20,CUST-1445,Monitor Stand,Furniture,Central,Priya,4,2066.03
ORD-202606-03164,2026-06-06,CUST-3551,Monitor Stand,Furniture,Central,Priya,7,1924.61
ORD-202606-03165,2026-06-23,CUST-3906,Notebook,Office,Central,Vikram,7,186.41
ORD-202606-03166,2026-06-08,CUST-3087,Laptop Stand,Accessories,East,Ananya,2,1545.79
ORD-202606-03167,2026-06-29,CUST-2156,Laptop Stand,Accessories,East,Priya,4,1559.21
ORD-202606-03168,2026-06-05,CUST-3711,Webcam,Electronics,East,Priya,1,2056.94
ORD-202606-03169,2026-06-02,CUST-4400,Wireless Mouse,Electronics,East,Vikram,1,832.18
ORD-202606-03170,2026-06-06,CUST-3658,Wireless Mouse,Electronics,East,Neha,2,802.11
ORD-202606-03171,2026-06-16,CUST-1022,Wireless Mouse,Electronics,North,Priya,4,821.38
ORD-202606-03172,2026-06-20,CUST-1497,Mouse Pad,Accessories,Central,Ananya,4,437.13
ORD-202606-03173,2026-06-20,CUST-4059,Notebook,Office,South,Amit,6,203.23
ORD-202606-03174,2026-06-16,CUST-3083,USB Hub,Accessories,West,Karan,4,889.87
ORD-202606-03175,2026-06-30,CUST-1884,Monitor Stand,Furniture,West,Amit,1,2044.4
ORD-202606-03176,2026-06-08,CUST-0563,USB Hub,Accessories,West ,Rahul,2,940.25
ORD-202606-03177,2026-06-23,CUST-2861,Keyboard,Electronics,North,Sneha,3,1395.92
ORD-202606-03178,2026-06-27,CUST-3698,Headphones,Electronics,South,Ananya,5,2348.44
ORD-202606-03179,2026-06-22,CUST-0605,Webcam,Electronics,West,Ananya,4,1753.06
ORD-202606-03180,2026-06-13,CUST-2779,Webcam,Electronics,West,Amit,4,1888.41
ORD-202606-03181,2026-06-10,CUST-0969,Monitor Stand,Furniture,East,Ananya,7,2100.32
ORD-202606-03182,2026-06-16,CUST-1931,Wireless Mouse,Electronics,East,Rahul,4,733.97
ORD-202606-03183,2026-06-27,CUST-4623,Monitor Stand,Furniture,East,Sneha,1,2159.71
ORD-202606-03184,2026-06-22,CUST-0582,Mouse Pad,Accessories,North,Priya,6,435.25
ORD-202606-03185,2026-06-09,CUST-2216,Mouse Pad,Accessories,East,Sneha,2,438.17
ORD-202606-03186,2026-06-04,CUST-0374,Office Chair,Furniture,West,Karan,7,7187.94
ORD-202606-03187,2026-06-28,CUST-1975,Notebook,Office,South,Rahul,4,208.4
ORD-202606-03188,2026-06-12,CUST-1898,Pen Set,Office,Central,Rahul,1,291.04
ORD-202606-03189,2026-06-19,CUST-1383,Pen Set,Office,East,Ananya,7,323.85
ORD-202606-03190,2026-06-25,CUST-3022,Headphones,Electronics,Central,Karan,6,2304.63
ORD-202606-03191,2026-06-07,CUST-2193,Keyboard,Electronics,West,Ananya,4,1256.25
ORD-202606-03192,2026-06-23,CUST-4655,Mouse Pad,Accessories,South,Rahul,1,434.45
ORD-202606-03193,2026-06-07,CUST-3279,Laptop Stand,Accessories,South,Priya,6,1505.37
ORD-202606-03194,2026-06-15,CUST-4325,Wireless Mouse,Electronics,Central,Karan,3,833.66
ORD-202606-03195,2026-06-16,CUST-2032,Wireless Mouse,Electronics,North,Amit,2,802.23
ORD-202606-03196,2026-06-23,CUST-3283,Pen Set,Office,South,Amit,5,269.36
ORD-202606-03197,2026-06-13,CUST-0941,Webcam,Electronics,East,Amit,2,1804.34
ORD-202606-03198,2026-06-11,CUST-2813,Pen Set,Office,West,,6,281.74
ORD-202606-03199,2026-06-09,CUST-3996,USB Hub,Accessories,East,Vikram,7,841.7
ORD-202606-03200,2026-06-22,CUST-0043,Wireless Mouse,Electronics,West,Ananya,5,789.66
ORD-202606-03201,2026-06-05,CUST-1978,Wireless Mouse,Electronics,Central,Karan,3,841.92
ORD-202606-03202,2026-06-26,CUST-0864,Mouse Pad,Accessories,East,Ananya,2,397.04
ORD-202606-03203,2026-06-01,CUST-4694,Laptop Stand,Accessories,Central,Vikram,6,1598.05
ORD-202606-03204,2026-06-20,CUST-2316,Notebook,Office,East,Sneha,1,190.41
ORD-202606-03205,2026-06-13,CUST-2343,Webcam,Electronics,Central,Priya,7,1842.3
ORD-202606-03206,2026-06-15,CUST-4889,Desk Organizer,Office,West,Karan,6,637.69
ORD-202606-03207,2026-06-08,CUST-4390,Study Table,Furniture,Central,Karan,3,5751.09
ORD-202606-03208,2026-06-17,CUST-3824,Study Table,Furniture,Central,Sneha,2,4989.96
ORD-202606-03209,2026-06-04,CUST-0536,Keyboard,Electronics,East,Karan,1,1298.1
ORD-202606-03210,2026-07-01,CUST-1691,Keyboard,Electronics,North,Priya,4,1182.73
ORD-202606-03211,2026-06-09,CUST-2861,Webcam,Electronics,Central,Vikram,6,2003.2
ORD-202606-03212,2026-06-07,CUST-3651,Keyboard,Electronics,North,Priya,2,1292.83
ORD-202606-03213,2026-06-18,CUST-0362,Study Table,Furniture,North,Sneha,3,5658.64
ORD-202606-03214,2026-06-25,CUST-4877,Headphones,Electronics,north,Karan,7,2446.69
ORD-202606-03215,2026-06-20,CUST-1344,Mouse Pad,Accessories,Central,Amit,6,361.68
ORD-202606-03216,2026-06-19,CUST-4569,Keyboard,Electronics,North,Amit,6,1207.97
ORD-202606-03217,2026-06-13,CUST-2940,Webcam,Electronics,East,Vikram,4,1796.58
ORD-202606-03218,2026-06-22,CUST-4290,Webcam,Electronics,North,Neha,6,1726.15
ORD-202606-03219,2026-06-27,,Desk Organizer,Office,South ,Amit,5,577.39
ORD-202606-03220,2026-06-03,CUST-1915,Keyboard,Electronics,Central,Rahul,5,1248.34
ORD-202606-03221,2026-06-01,CUST-1638,USB Hub,Accessories,West,Priya,4,950.07
ORD-202606-03222,2026-06-11,CUST-2480,Pen Set,Office,East,Amit,1,285.77
ORD-202606-03223,2026-06-12,CUST-4021,Wireless Mouse,Electronics,North,Rahul,3,860.49
ORD-202606-03224,2026-06-22,CUST-3963,Laptop Stand,Accessories,South,Karan,7,1426.44
ORD-202606-03225,2026-06-27,CUST-4623,Notebook,Office,West,Vikram,4,194.61
ORD-202606-03226,2026-06-02,CUST-4059,Laptop Stand,Accessories,West,Karan,6,1410.36
ORD-202606-03227,2026-06-22,CUST-2237,Wireless Mouse,Electronics,South,Sneha,6,830.75
ORD-202606-03228,2026-06-21,CUST-3854,Desk Organizer,Office,West,Vikram,2,564.37
ORD-202606-03229,2026-06-18,CUST-1827,Keyboard,Electronics,East,Ananya,3,1249.61
ORD-202606-03230,2026-06-03,CUST-3669,Pen Set,Office,Central,Neha,1,314.6
ORD-202606-03231,2026-06-04,CUST-2327,Desk Organizer,Office,South,Rahul,7,607.1
ORD-202606-03232,2026-06-23,CUST-4494,Keyboard,Electronics,East,Sneha,4,1277.9
ORD-202606-03233,2026-06-27,CUST-3618,Desk Organizer,Office,North,Rahul,3,651.57
ORD-202606-03234,2026-06-04,CUST-3232,Headphones,Electronics,Central,Priya,1,2438.04
ORD-202606-03235,2026-06-06,CUST-2811,USB Hub,Accessories,North,Sneha,6,929.85
ORD-202606-03236,2026-06-05,CUST-1450,Keyboard,Electronics,Central,Ananya,2,1360.52
ORD-202606-03237,2026-07-01,CUST-1964,Headphones,Electronics,east,Neha,2,2701.95
ORD-202606-03238,2026-06-14,CUST-1980,Pen Set,Office,East,Vikram,4,290.91
ORD-202606-03239,2026-06-28,CUST-3296,Wireless Mouse,Electronics,East,Neha,1,772.85
ORD-202606-03240,2026-06-29,CUST-3254,Pen Set,Office,South,Vikram,5,273.26
ORD-202606-03241,2026-06-07,CUST-3751,Desk Organizer,Office, South,Ananya,1,559.97
ORD-202606-03242,2026-06-11,CUST-2518,Notebook,Office,North,,7,192.14
ORD-202606-03243,2026-06-05,CUST-0700,Desk Organizer,Office,East,Priya,4,576.54
ORD-202606-03244,2026-06-29,CUST-4522,Laptop Stand,Accessories,North,Vikram,3,1368.15
ORD-202606-03245,2026-06-13,CUST-3687,Desk Organizer,Office,North,Sneha,7,551.71
ORD-202606-03246,2026-06-25,CUST-0502,Mouse Pad,Accessories,East,Ananya,3,381.22
ORD-202606-03247,2026-07-01,CUST-1640,Keyboard,Electronics,East,Karan,7,1248.38
ORD-202606-03248,2026-06-23,CUST-3449,Notebook,Office,Central,Sneha,4,180.28
ORD-202606-03249,2026-06-08,CUST-2344,Wireless Mouse,Electronics,North,Priya,6,814.59
ORD-202606-03250,2026-06-19,CUST-3924,Desk Organizer,Office,North,Rahul,5,568.06
ORD-202606-03251,2026-06-24,CUST-3531,Headphones,Electronics,South ,Amit,1,2459.63
ORD-202606-03252,2026-06-11,CUST-0773,Mouse Pad,Accessories,Central,Ananya,3,417.11
ORD-202606-03253,2026-06-17,CUST-1126,Office Chair,Furniture,North,Vikram,7,6625.91
ORD-202606-03254,2026-07-01,CUST-0365,Laptop Stand,Accessories,South,Ananya,2,1552.36
ORD-202606-03255,2026-06-09,CUST-3705,Headphones,Electronics,West,Karan,5,2667.97
ORD-202606-03256,2026-06-28,CUST-1582,Wireless Mouse,Electronics,East,Vikram,4,874.44
ORD-202606-03257,2026-06-27,CUST-2724,Notebook,Office,Central,Sneha,3,201.51
ORD-202606-03258,2026-06-08,CUST-0972,Monitor Stand,Furniture,West,Priya,3,1955.07
ORD-202606-03259,2026-06-18,CUST-0528,Pen Set,Office,South,Karan,5,290.03
ORD-202606-03260,2026-06-09,CUST-1158,Keyboard,Electronics,north,Karan,1,1262.44
ORD-202606-03261,2026-06-26,CUST-4283,Office Chair,Furniture,East,Rahul,3,6696.59
ORD-202606-03262,2026-06-12,CUST-4680,Monitor Stand,Furniture,West,Priya,4,2016.64
ORD-202606-03263,2026-06-01,CUST-3109,Wireless Mouse,Electronics,North,Priya,5,753.34
ORD-202606-03264,2026-06-06,CUST-4826,Desk Organizer,Office,Central,Rahul,7,560.77
ORD-202606-03265,2026-06-14,CUST-0426,Pen Set,Office,South,Neha,1,273.68
ORD-202606-03266,2026-06-27,CUST-0642,Study Table,Furniture,North,Sneha,7,5736.23
ORD-202606-03267,2026-06-06,CUST-3766,Monitor Stand,Furniture,West,Karan,4,2021.91
ORD-202606-03268,2026-06-29,CUST-4166,Mouse Pad,Accessories,Central,Ananya,2,409.83
ORD-202606-03269,2026-06-03,CUST-0867,USB Hub,Accessories,East,Priya,6,958.59
ORD-202606-03270,2026-06-26,CUST-4550,Webcam,Electronics,Central ,Ananya,5,1987.37
ORD-202606-03271,2026-06-27,CUST-2218,Desk Organizer,Office,South,,2,594.47
ORD-202606-03272,2026-06-16,CUST-4598,Webcam,Electronics,Central,Vikram,7,1783.91
ORD-202606-03273,2026-06-01,CUST-2773,USB Hub,Accessories,North,Rahul,2,820.36
ORD-202606-03274,2026-06-11,CUST-3362,Monitor Stand,Furniture,Central,Ananya,1,2006.32
ORD-202606-03275,2026-06-19,CUST-1345,Keyboard,Electronics,South,Priya,2,1213.63
ORD-202606-03276,2026-06-17,CUST-4870,Wireless Mouse,Electronics,East,Karan,7,818.39
ORD-202606-03277,2026-06-22,CUST-3396,Laptop Stand,Accessories,North,Sneha,3,1472.91
ORD-202606-03278,2026-07-01,CUST-2704,Office Chair,Furniture,North,Ananya,3,6615.52
ORD-202606-03279,2026-06-15,CUST-0277,Desk Organizer,Office,West,Amit,6,613.43
ORD-202606-03280,2026-06-14,CUST-3225,Desk Organizer,Office,West,Sneha,7,623.1
ORD-202606-03281,2026-06-25,CUST-0263,Keyboard,Electronics,Central,Karan,2,1270.39
ORD-202606-03282,2026-06-23,CUST-1024,Desk Organizer,Office,North,Karan,1,583.37
ORD-202606-03283,2026-06-20,CUST-3633,USB Hub,Accessories,Central,Karan,4,868.62
ORD-202606-03284,2026-06-12,CUST-0169,Wireless Mouse,Electronics,Central,Karan,6,737.63
ORD-202606-03285,2026-06-19,,Wireless Mouse,Electronics,East,Neha,4,849.56
ORD-202606-03286,2026-06-21,CUST-1706,Office Chair,Furniture,,Neha,4,6588.84
ORD-202606-03287,2026-06-09,CUST-4769,Study Table,Furniture,East,Rahul,4,5213.87
ORD-202606-03288,2026-06-13,CUST-2826,USB Hub,Accessories,South,Ananya,6,840.63
ORD-202606-03289,2026-06-08,CUST-1331,Study Table,Furniture,Central,Sneha,4,5815.89
ORD-202606-03290,2026-06-19,CUST-3716,Webcam,Electronics,Central,Ananya,1,1883.95
ORD-202606-03291,2026-06-29,CUST-4499,USB Hub,Accessories,North,Vikram,1,809.45
ORD-202606-03292,2026-06-24,CUST-0999,Wireless Mouse,Electronics,South,Vikram,2,755.0
ORD-202606-03293,2026-06-10,CUST-0566,Laptop Stand,Accessories,West,Sneha,4,1428.11
ORD-202606-03294,2026-06-18,CUST-3784,Keyboard,Electronics,Central,Priya,3,1214.97
ORD-202606-03295,2026-06-23,CUST-1184,Office Chair,Furniture,West,Amit,3,6882.67
ORD-202606-03296,2026-06-21,CUST-2507,Study Table,Furniture,West,Ananya,4,5924.24
ORD-202606-03297,2026-07-01,CUST-2477,Study Table,Furniture,South,Neha,6,4957.0
ORD-202606-03298,2026-06-07,CUST-0332,Study Table,Furniture,East,Priya,1,5119.97
ORD-202606-03299,2026-06-29,CUST-3323,Pen Set,Office,North,Vikram,1,289.21
ORD-202606-03300,2026-06-18,CUST-3171,Mouse Pad,Accessories,South,Vikram,6,393.72
ORD-202606-03301,2026-06-29,CUST-0699,Study Table,Furniture,East,Amit,3,5145.17
ORD-202606-03302,2026-06-28,CUST-1085,Pen Set,Office,Central,Sneha,7,298.85
ORD-202606-03303,2026-06-28,CUST-2400,Mouse Pad,Accessories,East,Rahul,2,389.85
ORD-202606-03304,2026-06-26,CUST-0559,Wireless Mouse,Electronics,East,Rahul,4,866.19
ORD-202606-03305,2026-06-05,CUST-1413,Keyboard,Electronics,North,Rahul,4,1175.14
ORD-202606-03306,2026-06-19,CUST-3807,Pen Set,Office,South,Priya,1,323.81
ORD-202606-03307,2026-06-12,CUST-1117,Monitor Stand,Furniture,north,Vikram,2,2085.11
ORD-202606-03308,2026-06-18,CUST-0638,USB Hub,Accessories,North,Ananya,7,837.95
ORD-202606-03309,,CUST-1896,Study Table,Furniture,North,Rahul,3,5479.82
ORD-202606-03310,2026-06-11,CUST-3151,Headphones,Electronics,East,Sneha,2,2694.74
ORD-202606-03311,2026-06-07,CUST-0275,Office Chair,Furniture,South,Ananya,1,6623.12
ORD-202606-03312,2026-06-23,CUST-3778,Study Table,Furniture,South,Neha,7,5522.79
ORD-202606-03313,2026-06-09,CUST-3367,Study Table,Furniture,East,Amit,1,5890.27
ORD-202606-03314,2026-06-15,CUST-0767,USB Hub,Accessories,East,Sneha,1,826.91
ORD-202606-03315,2026-06-28,CUST-0800,Wireless Mouse,Electronics,East,Amit,2,821.86
ORD-202606-03316,2026-06-26,CUST-4338,Desk Organizer,Office,East,Karan,1,560.62
ORD-202606-03317,2026-06-06,CUST-1033,Monitor Stand,Furniture,Central,Sneha,5,1821.26
ORD-202606-03318,2026-06-22,CUST-2867,Desk Organizer,Office,East,Priya,7,634.61
ORD-202606-03319,2026-06-04,CUST-4580,USB Hub,Accessories,East,Rahul,3,922.9
ORD-202606-03320,2026-06-19,CUST-4122,Wireless Mouse,Electronics,South,Karan,4,856.69
ORD-202606-03321,2026-06-03,CUST-4135,Wireless Mouse,Electronics,North,Vikram,4,874.77
ORD-202606-03322,2026-06-02,CUST-3000,Headphones,Electronics,North,Neha,2,2333.64
ORD-202606-03323,2026-06-09,CUST-0501,Pen Set,Office,West,,1,284.11
ORD-202606-03324,2026-06-15,CUST-4147,Laptop Stand,Accessories,South,Amit,6,1356.94
ORD-202606-03325,2026-07-01,CUST-3175,Keyboard,Electronics,South,Rahul,6,1323.76
ORD-202606-03326,2026-06-09,CUST-1466,Office Chair,Furniture,East,Rahul,2,6813.1
ORD-202606-03327,2026-06-22,CUST-4184,Webcam,Electronics,West,Sneha,5,1755.29
ORD-202606-03328,2026-06-30,CUST-0040,Webcam,Electronics,East,Karan,1,1806.24
ORD-202606-03329,2026-06-03,CUST-1130,Laptop Stand,Accessories,East,Amit,6,1536.83
ORD-202606-03330,2026-06-26,CUST-3116,Wireless Mouse,Electronics,South,Priya,7,764.76
ORD-202606-03331,2026-06-16,CUST-4542,Study Table,Furniture,Central,Neha,1,5366.16
ORD-202606-03332,2026-06-08,CUST-0092,Desk Organizer,Office,East,Ananya,3,546.78
ORD-202606-03333,2026-06-04,CUST-3096,Pen Set,Office,North,Sneha,5,281.09
ORD-202606-03334,2026-06-26,CUST-4424,Monitor Stand,Furniture,East,Karan,5,1991.22
ORD-202606-03335,2026-06-08,CUST-1180,Monitor Stand,Furniture,South,Rahul,5,2004.75
ORD-202606-03336,2026-06-10,CUST-0932,Webcam,Electronics,West,Neha,2,1800.29
ORD-202606-03337,2026-06-05,CUST-3009,Wireless Mouse,Electronics,West,Sneha,3,853.63
ORD-202606-03338,2026-06-11,CUST-2334,Webcam,Electronics,East,Rahul,2,2076.13
ORD-202606-03339,2026-06-23,CUST-3817,Office Chair,Furniture,West,Ananya,6,7374.31
ORD-202606-03340,2026-06-18,CUST-1073,Notebook,Office,Central,Sneha,1,179.18
ORD-202606-03341,2026-06-05,CUST-1886,Headphones,Electronics,East,Rahul,7,2481.22
ORD-202606-03342,2026-06-16,CUST-0071,USB Hub,Accessories,Central,Amit,5,840.21
ORD-202606-03343,2026-06-14,CUST-2056,Laptop Stand,Accessories,East,Karan,2,1560.29
ORD-202606-03344,2026-06-17,CUST-2550,Study Table,Furniture,Central,Neha,1,5050.52
ORD-202606-03345,2026-06-19,CUST-3132,Study Table,Furniture,Central,Neha,3,5107.69
ORD-202606-03346,2026-06-18,CUST-0810,Wireless Mouse,Electronics,North,Rahul,1,731.06
ORD-202606-03347,2026-06-19,CUST-3089,Wireless Mouse,Electronics,Central,Priya,1,803.28
ORD-202606-03348,2026-06-24,CUST-0918,Pen Set,Office,South,Amit,3,276.4
ORD-202606-03349,2026-06-18,CUST-1410,Monitor Stand,Furniture,Central,Vikram,6,2073.04
ORD-202606-03350,2026-06-18,CUST-4118,Office Chair,Furniture,West,Neha,7,6435.91
ORD-202606-03351,2026-06-04,CUST-1084,Pen Set,Office,West,Rahul,6,292.13
ORD-202606-03352,2026-06-25,CUST-1998,Desk Organizer,Office,West,Karan,3,643.01
ORD-202606-03353,2026-06-17,CUST-4668,Mouse Pad,Accessories,Central,Rahul,2,384.59
ORD-202606-03354,2026-06-19,CUST-2556,Webcam,Electronics,East,Rahul,7,1912.44
ORD-202606-03355,2026-06-01,CUST-3293,Monitor Stand,Furniture,North,Vikram,6,2021.54
ORD-202606-03356,2026-06-24,CUST-2900,Notebook,Office,,Priya,5,202.71
ORD-202606-03357,2026-06-05,CUST-0760,Notebook,Office,West,Amit,6,190.32
ORD-202606-03358,2026-06-01,CUST-2928,Desk Organizer,Office,East,Karan,1,560.28
ORD-202606-03359,2026-06-15,CUST-2080,Webcam,Electronics,Central,Ananya,4,2028.96
ORD-202606-03360,2026-06-19,CUST-2647,Wireless Mouse,electronics,Central,Amit,2,871.75
ORD-202606-03361,2026-06-16,CUST-0313,Pen Set,Office,South,Neha,7,323.99
ORD-202606-03362,2026-06-23,CUST-2852,Mouse Pad,accessories,Central,Amit,2,363.97
ORD-202606-03363,2026-06-28,CUST-4180,Keyboard,Electronics,East,Sneha,4,1223.73
ORD-202606-03364,2026-06-06,,Study Table,Furniture,South,Vikram,2,5684.05
ORD-202606-03365,2026-06-20,CUST-1542,Study Table,Furniture,West,Neha,3,5135.12
ORD-202606-03366,2026-06-29,CUST-4045,Headphones,Electronics,West,Neha,1,2675.24
ORD-202606-03367,2026-06-07,CUST-1796,Pen Set,Office,East,Amit,4,319.56
ORD-202606-03368,2026-06-03,CUST-2575,Monitor Stand,Furniture,South,Karan,5,1873.94
ORD-202606-03369,2026-06-07,CUST-0795,Pen Set,Office,south,Sneha,4,313.56
ORD-202606-03370,2026-06-02,CUST-1992,Mouse Pad,Accessories,Central,Neha,6,386.56
ORD-202606-03371,2026-06-23,CUST-4743,USB Hub,Accessories,South,Rahul,2,940.25
ORD-202606-03372,2026-06-01,CUST-3901,Headphones,Electronics,South,Amit,3,2557.48
ORD-202606-03373,,CUST-1469,Office Chair,Furniture,Central,Vikram,6,6588.02
ORD-202606-03374,2026-06-23,CUST-3214,Pen Set,Office,East,Priya,1,310.68
ORD-202606-03375,2026-06-22,CUST-0368,Desk Organizer,Office,West,Sneha,3,579.77
ORD-202606-03376,2026-07-01,CUST-4602,Study Table,Furniture,South,Vikram,1,5482.62
ORD-202606-03377,2026-06-05,CUST-0148,Notebook,Office,West,Vikram,1,189.83
ORD-202606-03378,2026-06-03,CUST-1554,Study Table,Furniture,West,Priya,5,4969.71
ORD-202606-03379,2026-06-27,CUST-2632,Mouse Pad,Accessories,Central,Amit,5,391.59
ORD-202606-03380,2026-06-03,CUST-4939,USB Hub,Accessories,East,Rahul,7,813.61
ORD-202606-03381,2026-06-14,CUST-0090,USB Hub,Accessories,South,Sneha,7,844.32
ORD-202606-03382,2026-07-01,CUST-1641,Mouse Pad,Accessories,South,Priya,3,431.37
ORD-202606-03383,2026-06-19,CUST-4513,Study Table,Furniture,West,Neha,7,5915.54
ORD-202606-03384,2026-06-08,CUST-0898,Monitor Stand,Furniture,West,Ananya,7,2002.15
ORD-202606-03385,2026-06-28,CUST-1899,Monitor Stand,Furniture,South,Ananya,1,2020.93
ORD-202606-03386,2026-06-01,CUST-2832,Laptop Stand,Accessories,North,Karan,6,1513.64
ORD-202606-03387,2026-06-11,CUST-1238,Pen Set,Office,West,Neha,6,317.35
ORD-202606-03388,2026-06-29,CUST-1350,Office Chair,Furniture,East,Priya,1,7070.85
ORD-202606-03389,2026-06-16,CUST-4935,Monitor Stand,Furniture,North,Vikram,3,2024.81
ORD-202606-03390,2026-06-30,CUST-1882,Notebook,Office,Central,Vikram,2,201.01
ORD-202606-03391,2026-06-07,CUST-1695,Monitor Stand,Furniture,West,Sneha,2,1993.55
ORD-202606-03392,2026-06-03,CUST-1630,Mouse Pad,Accessories,South,Priya,7,403.5
ORD-202606-03393,2026-06-13,CUST-2374,Notebook,Office,East,Priya,6,216.04
ORD-202606-03394,2026-06-12,CUST-0350,Pen Set,Office,East,Rahul,4,287.3
ORD-202606-03395,2026-06-23,CUST-1214,Mouse Pad,Accessories,South,Vikram,1,434.0
ORD-202606-03396,2026-06-29,CUST-4365,Notebook,Office,North,Vikram,1,201.16
ORD-202606-03397,2026-06-12,CUST-2973,Mouse Pad,Accessories,West,Priya,4,388.24
ORD-202606-03398,2026-06-04,CUST-4641,Pen Set,Office,South,Amit,5,276.32
ORD-202606-03399,2026-06-02,CUST-1025,USB Hub,Accessories,Central,Vikram,1,984.66
ORD-202606-03400,2026-06-12,CUST-2697,Headphones,Electronics,East,Priya,3,2472.42
ORD-202606-03401,2026-06-09,CUST-2526,Office Chair,Furniture,Central,Vikram,5,7398.02
ORD-202606-03402,2026-06-14,CUST-0646,Wireless Mouse,Electronics,Central,Amit,3,821.61
ORD-202606-03403,2026-06-18,CUST-3012,Desk Organizer,Office,Central,Vikram,1,553.31
ORD-202606-03404,2026-06-27,CUST-2984,Desk Organizer,Office,Central,Priya,1,557.1
ORD-202606-03405,2026-06-01,CUST-0766,Notebook,Office,Central,Rahul,1,208.61
ORD-202606-03406,2026-06-11,CUST-1863,Desk Organizer,Office,Central,Vikram,2,604.03
ORD-202606-03407,2026-06-20,CUST-0520,Office Chair,Furniture,West,Neha,6,6739.3
ORD-202606-03408,2026-06-28,CUST-1754,Webcam,Electronics,North,Ananya,3,1792.44
ORD-202606-03409,2026-06-27,CUST-4075,Notebook,Office,East,Vikram,6,215.09
ORD-202606-03410,2026-06-19,CUST-2397,Laptop Stand,Accessories,South,Sneha,6,1406.83
ORD-202606-03411,2026-06-10,CUST-2095,Study Table,Furniture,North,Sneha,5,5967.94
ORD-202606-03412,2026-06-08,CUST-3300,Office Chair,Furniture,West,Karan,6,7272.56
ORD-202606-03413,2026-06-21,CUST-3134,Wireless Mouse,Electronics,Central,Vikram,3,765.98
ORD-202606-03414,2026-06-05,CUST-1304,Office Chair,Furniture,North,Amit,5,7123.73
ORD-202606-03415,2026-06-17,CUST-1960,Notebook,Office,Central,Amit,7,206.08
ORD-202606-03416,2026-06-16,CUST-0632,Keyboard,Electronics,South,Priya,3,1260.86
ORD-202606-03417,2026-06-19,CUST-1928,Desk Organizer,Office,North,Amit,4,619.6
ORD-202606-03418,2026-06-20,CUST-0913,USB Hub,Accessories,West,Ananya,1,891.23
ORD-202606-03419,2026-06-19,CUST-4668,Office Chair,Furniture,South,Karan,3,6601.12
ORD-202606-03420,2026-06-01,CUST-3954,Webcam,Electronics,East,Sneha,7,2046.5
ORD-202606-03421,2026-06-16,CUST-4297,Mouse Pad,Accessories,East,Amit,6,374.89
ORD-202606-03422,2026-06-11,CUST-2635,Notebook,Office,North,,2,208.69
ORD-202606-03423,2026-06-21,CUST-4057,Webcam,Electronics,West,Priya,5,1873.61
ORD-202606-03424,2026-06-17,CUST-0026,Study Table,Furniture,West,Neha,7,5337.58
ORD-202606-03425,2026-06-19,CUST-2880,Headphones,Electronics,North,Vikram,7,2302.02
ORD-202606-03426,2026-06-04,CUST-1176,Keyboard,Electronics,North,Karan,2,1324.55
ORD-202606-03427,2026-06-17,,Laptop Stand,Accessories,North,Sneha,6,1531.09
ORD-202606-03428,2026-06-22,CUST-4945,USB Hub,Accessories,Central,Neha,6,955.99
ORD-202606-03429,2026-06-07,CUST-2172,Study Table,Furniture,West,Vikram,6,6026.94
ORD-202606-03430,2026-06-22,CUST-1809,Office Chair,Furniture,Central,Sneha,5,6307.2
ORD-202606-03431,2026-06-29,CUST-3406,Notebook,Office,South,Rahul,5,204.38
ORD-202606-03432,2026-06-28,CUST-2089,Office Chair,Furniture,West,Vikram,7,6561.45
ORD-202606-03433,,,Desk Organizer,Office ,Central,Vikram,6,629.03
ORD-202606-03434,2026-06-13,CUST-3939,Wireless Mouse,Electronics,East,Rahul,6,832.38
ORD-202606-03435,2026-06-04,CUST-2560,USB Hub,Accessories,West,Sneha,6,818.67
ORD-202606-03436,2026-06-07,CUST-3332,Desk Organizer,Office,North,Priya,2,543.87
ORD-202606-03437,2026-06-23,CUST-0527,Desk Organizer,Office,South,Sneha,4,655.21
ORD-202606-03438,2026-06-28,CUST-0823,Office Chair,Furniture,North,Priya,4,6313.48
ORD-202606-03439,2026-06-04,CUST-2411,Monitor Stand,Furniture,Central,Karan,4,1913.71
ORD-202606-03440,,CUST-1120,Study Table,Furniture,Central,Vikram,3,5810.86
ORD-202606-03441,2026-06-07,CUST-3565,Notebook,Office,West,Sneha,5,199.9
ORD-202606-03442,,CUST-1504,Pen Set,Office,North,Karan,2,283.45
ORD-202606-03443,2026-06-27,CUST-1244,Monitor Stand,Furniture,South,Ananya,2,2192.63
ORD-202606-03444,2026-06-21,CUST-2085,Webcam,Electronics,Central,Sneha,2,1971.45
ORD-202606-03445,2026-06-14,CUST-3868,Office Chair,Furniture,West,Neha,7,6909.32
ORD-202606-03446,2026-06-20,CUST-3563,USB Hub,Accessories,South,Amit,3,965.48
ORD-202606-03447,2026-06-21,CUST-4091,Webcam,Electronics,East,Sneha,5,2025.23
ORD-202606-03448,2026-06-17,CUST-2664,Laptop Stand,Accessories,North,Rahul,7,1495.86
ORD-202606-03449,2026-06-13,CUST-2620,Headphones,Electronics,Central,Neha,1,2618.47
ORD-202606-03450,2026-06-14,CUST-1995,Headphones,Electronics,East,Vikram,1,2383.47
ORD-202606-03451,2026-06-21,CUST-3425,Study Table,Furniture,East,Vikram,7,5083.72
ORD-202606-03452,2026-06-06,CUST-1750,Webcam,Electronics,West,Priya,6,1795.25
ORD-202606-03453,2026-06-26,CUST-3493,Webcam,Electronics,North,Priya,3,2028.91
ORD-202606-03454,2026-06-22,CUST-3161,Wireless Mouse,Electronics,West,Neha,5,751.59
ORD-202606-03455,2026-06-16,CUST-3160,Webcam,Electronics,East,Sneha,6,1721.69
ORD-202606-03456,2026-06-08,CUST-4575,USB Hub,Accessories,North,Rahul,2,906.71
ORD-202606-03457,2026-06-20,,USB Hub,Accessories,North,Amit,2,845.39
ORD-202606-03458,2026-06-13,,Wireless Mouse,Electronics,West,Vikram,5,787.61
ORD-202606-03459,2026-06-03,CUST-3753,Pen Set,Office,North,Rahul,7,325.33
ORD-202606-03460,2026-06-14,CUST-0689,Notebook,Office,Central,Amit,6,208.85
ORD-202606-03461,2026-06-08,CUST-4363,Webcam,Electronics,North,Neha,1,1752.78
ORD-202606-03462,2026-06-23,CUST-2289,Webcam,Electronics,South,Rahul,5,2046.52
ORD-202606-03463,2026-06-20,CUST-1261,Desk Organizer,Office,West,Priya,2,542.29
ORD-202606-03464,2026-06-09,CUST-2888,Wireless Mouse,Electronics,Central,Ananya,6,777.66
ORD-202606-03465,2026-06-02,CUST-1668,Headphones,Electronics,East,Ananya,3,2533.75
ORD-202606-03466,2026-06-14,CUST-0303,Headphones,Electronics,West,Amit,3,2574.19
ORD-202606-03467,2026-06-17,CUST-2114,Study Table,Furniture,East,Vikram,7,5968.82
ORD-202606-03468,2026-06-20,CUST-1172,Keyboard,Electronics,Central,Vikram,4,1280.59
ORD-202606-03469,2026-06-24,CUST-1051,Webcam,Electronics,West,Karan,5,1872.01
ORD-202606-03470,2026-06-07,CUST-3109,Desk Organizer,Office,South,Neha,6,616.5
ORD-202606-03471,2026-06-29,CUST-2822,Webcam,Electronics,Central,Amit,2,1716.52
ORD-202606-03472,2026-06-11,CUST-1465,Laptop Stand,Accessories,West,Amit,7,1551.19
ORD-202606-03473,2026-06-21,CUST-0805,Webcam,Electronics,South,Amit,7,1852.83
ORD-202606-03474,2026-06-01,CUST-1329,Office Chair,Furniture,North,Karan,6,6587.08
ORD-202606-03475,2026-06-30,CUST-2106,Study Table,Furniture,North,Karan,2,5204.17
ORD-202606-03476,2026-06-26,CUST-4971,Webcam,Electronics,North,Vikram,1,1750.63
ORD-202606-03477,2026-06-29,,Keyboard,Electronics,West,Karan,5,1258.01
ORD-202606-03478,2026-06-19,CUST-1602,Pen Set,Office,East,Sneha,4,308.37
ORD-202606-03479,2026-06-14,CUST-0540,USB Hub,Accessories,North,Ananya,1,956.07
ORD-202606-03480,2026-06-28,CUST-4892,Laptop Stand,Accessories,Central,Ananya,2,1434.82
ORD-202606-03481,2026-06-23,CUST-1064,Office Chair,Furniture,North,Karan,6,6990.63
ORD-202606-03482,2026-06-02,CUST-4995,Notebook,Office,North,Neha,1,202.31
ORD-202606-03483,2026-06-12,CUST-3151,Wireless Mouse,Electronics,East,Rahul,6,801.09
ORD-202606-03484,2026-06-06,CUST-3566,Pen Set,Office,North,Karan,2,323.65
ORD-202606-03485,2026-06-04,CUST-4948,Mouse Pad,Accessories,Central,Karan,4,408.52
ORD-202606-03486,2026-06-18,CUST-4512,Keyboard,Electronics,South,Ananya,5,1411.8
ORD-202606-03487,2026-06-08,CUST-4390,Wireless Mouse,Electronics,South,Karan,4,839.08
ORD-202606-03488,2026-06-10,CUST-4160,Keyboard,Electronics,West,Rahul,6,1205.86
ORD-202606-03489,2026-06-20,CUST-1323,Mouse Pad,Accessories,West,Vikram,6,370.36
ORD-202606-03490,2026-06-03,CUST-4299,Monitor Stand,Furniture,East,Karan,6,2118.12
ORD-202606-03491,2026-06-14,CUST-4038,Office Chair,Furniture,South,Amit,2,7537.84
ORD-202606-03492,2026-06-16,CUST-1486,Office Chair,Furniture,East,Neha,7,7339.65
ORD-202606-03493,2026-06-17,CUST-0574,Pen Set,Office,Central,Priya,6,284.24
ORD-202606-03494,2026-06-22,CUST-1575,Monitor Stand,Furniture,East,Priya,-1,1988.83
ORD-202606-03495,2026-06-12,CUST-1685,Wireless Mouse,Electronics,South,Vikram,7,759.43
ORD-202606-03496,2026-06-29,CUST-3571,Wireless Mouse,Electronics,,Vikram,5,760.15
ORD-202606-03497,2026-06-11,CUST-1274,Headphones,Electronics,North,Priya,5,2674.42
ORD-202606-03498,2026-06-01,CUST-1764,Office Chair,Furniture,North,Sneha,6,7642.07
ORD-202606-03499,2026-06-04,CUST-1519,Keyboard,Electronics,Central,Ananya,2,1256.02
ORD-202606-03500,2026-06-01,CUST-0964,Wireless Mouse,Electronics,West,Priya,3,746.44
ORD-202606-03501,2026-06-08,CUST-1743,USB Hub,Accessories,East,Priya,2,827.69
ORD-202606-03502,2026-06-02,CUST-2759,Laptop Stand,Accessories,Central,Neha,5,1440.53
ORD-202606-03503,2026-06-15,CUST-3891,Mouse Pad,Accessories,Central,Rahul,4,409.34
ORD-202606-03504,2026-06-28,CUST-3417,Mouse Pad,Accessories,North,Rahul,5,386.6
ORD-202606-03505,2026-06-05,CUST-3012,Webcam,Electronics,South,Neha,6,2068.0
ORD-202606-03506,2026-06-23,CUST-1432,Notebook,Office,North,Karan,2,183.71
ORD-202606-03507,2026-06-20,CUST-2737,Pen Set,Office,East,Amit,2,296.0
ORD-202606-03508,2026-06-27,CUST-4885,Headphones,Electronics,North,Sneha,5,2587.43
ORD-202606-03509,2026-06-18,CUST-1979,Wireless Mouse,Electronics,,,1,782.62
ORD-202606-03510,2026-06-14,CUST-3623,Wireless Mouse,Electronics,South,Amit,6,832.69
ORD-202606-03511,2026-06-10,CUST-0448,Keyboard,Electronics,North,Amit,7,1286.46
ORD-202606-03512,2026-06-03,CUST-0761,USB Hub,Accessories,South,Neha,6,947.85
ORD-202606-03513,2026-06-23,CUST-1385,Keyboard,Electronics,West,,3,1240.57
ORD-202606-03514,2026-06-18,CUST-2322,Wireless Mouse,Electronics,South,Ananya,6,858.09
ORD-202606-03515,2026-06-06,CUST-0109,Notebook,Office,Central,Priya,6,186.14
ORD-202606-03516,2026-06-19,CUST-3832,Office Chair,Furniture,South,Priya,7,6630.86
ORD-202606-03517,2026-06-03,CUST-2099,Wireless Mouse,Electronics,Central,Vikram,5,758.35
ORD-202606-03518,2026-06-12,CUST-1712,Wireless Mouse,Electronics,East,Ananya,2,731.15
ORD-202606-03519,2026-06-25,CUST-0385,Webcam,Electronics,Central,Neha,6,1844.51
ORD-202606-03520,2026-06-21,CUST-2751,Office Chair,Furniture,Central,Karan,5,7423.93
ORD-202606-03521,2026-06-20,CUST-2382,Monitor Stand,Furniture,North,Ananya,1,2077.57
ORD-202606-03522,2026-06-25,CUST-0914,USB Hub,Accessories,Central,Vikram,6,980.98
ORD-202606-03523,2026-06-04,CUST-2949,Webcam,Electronics,Central,Rahul,6,1881.68
ORD-202606-03524,2026-06-07,CUST-4954,Wireless Mouse,Electronics,South,Sneha,7,800.41
ORD-202606-03525,2026-06-14,CUST-4056,Webcam,Electronics,East,,7,1765.16
ORD-202606-03526,2026-06-20,CUST-4743,Laptop Stand,Accessories,Central,Sneha,2,-100.0
ORD-202606-03527,2026-06-06,CUST-1355,Notebook,Office,South,Karan,1,215.5
ORD-202606-03528,2026-06-25,CUST-4132,Wireless Mouse,Electronics,East,Rahul,7,878.58
ORD-202606-03529,2026-06-16,CUST-2201,Wireless Mouse,Electronics,South,Priya,4,829.56
ORD-202606-03530,2026-06-30,CUST-1015,Keyboard,Electronics,South,Rahul,7,1251.43
ORD-202606-03531,2026-06-05,CUST-2902,Keyboard,Electronics,North,Ananya,6,1394.45
ORD-202606-03532,2026-06-06,CUST-0312,Mouse Pad,Accessories,Central,Priya,4,412.35
ORD-202606-03533,2026-07-01,CUST-1426,Office Chair,Furniture,South,Vikram,5,6641.58
ORD-202606-03534,2026-06-04,CUST-0144,Laptop Stand,Accessories,Central,Sneha,2,1490.79
ORD-202606-03535,2026-06-14,CUST-2664,Headphones,Electronics,North,Vikram,2,2491.65
ORD-202606-03536,,CUST-1977,Study Table,Furniture,North,Sneha,3,5997.84
ORD-202606-03537,2026-06-02,CUST-2802,Keyboard,Electronics,South,Sneha,2,1169.67
ORD-202606-03538,2026-06-18,CUST-3192,Notebook,Office,South,Rahul,1,180.66
ORD-202606-03539,2026-06-26,CUST-2216,Keyboard,Electronics,South,Rahul,2,1193.11
ORD-202606-03540,2026-06-22,CUST-3926,Pen Set,Office,South,Ananya,1,319.48
ORD-202606-03541,2026-06-30,CUST-4958,USB Hub,Accessories,Central,Vikram,5,837.25
ORD-202606-03542,2026-06-08,CUST-4043,Desk Organizer,Office,East,Karan,4,565.23
ORD-202606-03543,2026-06-23,CUST-4959,Study Table,Furniture,South,Sneha,6,5288.88
ORD-202606-03544,2026-06-24,CUST-4435,Study Table,Furniture,Central,Vikram,7,5215.86
ORD-202606-03545,2026-06-03,CUST-0898,Webcam,Electronics,Central,Sneha,5,2053.54
ORD-202606-03546,2026-06-08,CUST-4581,Wireless Mouse,Electronics,North,Rahul,1,874.35
ORD-202606-03547,2026-06-30,CUST-2113,Mouse Pad,Accessories,East,Sneha,4,387.86
ORD-202606-03548,2026-06-20,CUST-4033,Headphones,Electronics,East,Neha,4,2533.42
ORD-202606-03549,2026-06-14,CUST-4503,Desk Organizer,Office,East,Sneha,3,574.35
ORD-202606-03550,2026-07-01,CUST-4289,Office Chair,Furniture,Central,,3,7639.22
ORD-202606-03551,2026-06-27,CUST-4783,Keyboard,Electronics,Central,Ananya,1,1260.87
ORD-202606-03552,2026-07-01,CUST-2295,Wireless Mouse,Electronics,West,Vikram,3,869.38
ORD-202606-03553,2026-06-12,CUST-1230,Pen Set,Office,East,Priya,7,278.42
ORD-202606-03554,2026-06-05,CUST-4797,Wireless Mouse,Electronics,East,Karan,3,769.13
ORD-202606-03555,2026-06-03,CUST-2848,Wireless Mouse,Electronics,East,Priya,2,725.67
ORD-202606-03556,2026-06-17,CUST-3745,Office Chair,Furniture,North,Amit,1,6956.76
ORD-202606-03557,2026-06-11,CUST-1828,Webcam,Electronics,North,Vikram,4,1717.54
ORD-202606-03558,2026-06-16,CUST-1027,Office Chair,Furniture,East,Priya,4,6518.27
ORD-202606-03559,2026-07-01,CUST-1983,Desk Organizer,Office,West,,7,584.12
ORD-202606-03560,2026-06-09,CUST-4087,Mouse Pad,Accessories,East,Karan,1,433.55
ORD-202606-03561,2026-06-02,CUST-0012,Headphones,Electronics,Central,Priya,1,2354.01
ORD-202606-03562,2026-06-05,CUST-3212,Wireless Mouse,Electronics,North,Vikram,1,730.05
ORD-202606-03563,2026-06-18,CUST-3652,Monitor Stand,Furniture,Central,Karan,3,2100.66
ORD-202606-03564,2026-06-16,CUST-4778,Mouse Pad,Accessories,Central,Vikram,4,412.65
ORD-202606-03565,2026-06-24,CUST-0739,USB Hub,Accessories,North,Vikram,1,975.47
ORD-202606-03566,2026-06-28,CUST-4282,Pen Set,Office,North,Vikram,6,319.78
ORD-202606-03567,2026-06-08,CUST-3468,Laptop Stand,Accessories,East,Amit,6,1626.39
ORD-202606-03568,2026-07-01,CUST-3552,Wireless Mouse,Electronics,Central,Amit,3,838.17
ORD-202606-03569,2026-06-13,CUST-0363,USB Hub,Accessories,South,Ananya,5,966.06
ORD-202606-03570,2026-06-03,CUST-1630,USB Hub,Accessories,West,Karan,4,940.77
ORD-202606-03571,2026-06-27,CUST-1716,Keyboard,Electronics,Central,Amit,3,1313.27
ORD-202606-03572,2026-06-23,CUST-0157,Laptop Stand,Accessories,East,Priya,7,1370.91
ORD-202606-03573,2026-06-11,CUST-4335,Keyboard,Electronics,Central,Amit,6,1293.18
ORD-202606-03574,2026-06-18,CUST-0055,Desk Organizer,Office,Central,Vikram,3,626.52
ORD-202606-03575,2026-06-16,CUST-4156,Laptop Stand,Accessories,North,Karan,7,1484.87
ORD-202606-03576,2026-06-15,CUST-4257,Headphones,Electronics,West,Priya,4,2702.27
ORD-202606-03577,2026-06-28,CUST-0763,Desk Organizer,Office,Central,Priya,5,650.22
ORD-202606-03578,2026-06-15,CUST-0255,Webcam,Electronics,West,Neha,2,1852.97
ORD-202606-03579,2026-06-17,CUST-3915,Wireless Mouse,Electronics,East,Vikram,7,810.46
ORD-202606-03580,2026-06-13,CUST-1691,Webcam,Electronics,South,Priya,3,1817.1
ORD-202606-03581,2026-06-17,,Keyboard,Electronics,Central,Priya,4,1316.25
ORD-202606-03582,2026-06-10,CUST-3388,Desk Organizer,Office,East,Priya,1,557.23
ORD-202606-03583,2026-06-12,,Keyboard,Electronics,North,Vikram,3,1345.63
ORD-202606-03584,2026-06-06,CUST-2761,Headphones,Electronics,East,Ananya,1,2748.31
ORD-202606-03585,2026-06-22,CUST-0575,USB Hub,Accessories,East,Vikram,2,865.8
ORD-202606-03586,2026-06-21,CUST-4320,Pen Set,Office,Central,Amit,3,274.68
ORD-202606-03587,2026-06-30,CUST-2180,USB Hub,Accessories,North,Priya,6,811.55
ORD-202606-03588,2026-06-15,CUST-1176,Study Table,Furniture,North,Karan,7,5606.07
ORD-202606-03589,2026-06-10,CUST-2349,Pen Set,Office,North,Amit,7,316.44
ORD-202606-03590,2026-06-20,CUST-4213,Monitor Stand,Furniture,South,Vikram,5,1836.45
ORD-202606-03591,2026-06-12,CUST-0308,Laptop Stand,Accessories,East,Priya,3,1502.51
ORD-202606-03592,2026-06-09,CUST-2209,Mouse Pad,Accessories,West,Vikram,2,407.51
ORD-202606-03593,2026-06-08,CUST-3623,Headphones,Electronics,Central,Amit,3,2627.26
ORD-202606-03594,2026-06-06,CUST-4606,Monitor Stand,Furniture,North,Neha,2,2070.56
ORD-202606-03595,2026-06-10,CUST-0966,Pen Set,Office,North,Ananya,1,320.26
ORD-202606-03596,2026-06-26,CUST-3341,Notebook,Office,Central,Vikram,1,214.39
ORD-202606-03597,2026-06-05,CUST-0884,Pen Set,Office,Central,Neha,6,284.72
ORD-202606-03598,2026-06-29,CUST-3631,Monitor Stand,Furniture,North,Amit,2,1918.17
ORD-202606-03599,2026-06-08,CUST-4938,Notebook,Office,South,Karan,2,181.68
ORD-202606-03600,,CUST-0368,Office Chair,Furniture,South,Neha,5,7664.68
ORD-202606-03601,2026-07-01,CUST-0335,Pen Set,Office,,Rahul,1,310.55
ORD-202606-03602,2026-06-01,CUST-4906,USB Hub,Accessories,North,Rahul,4,982.32
ORD-202606-03603,2026-06-29,CUST-4824,USB Hub,Accessories,North,Amit,4,812.23
ORD-202606-03604,2026-06-29,CUST-2125,Desk Organizer,Office,Central,Sneha,6,588.16
ORD-202606-03605,2026-06-24,CUST-3971,Keyboard,Electronics,West,Neha,4,1426.64
ORD-202606-03606,2026-06-16,CUST-0126,Headphones,Electronics,Central,Vikram,1,2534.29
ORD-202606-03607,2026-06-15,CUST-2032,Monitor Stand,Furniture,West,Amit,6,2087.69
ORD-202606-03608,2026-06-21,CUST-0221,Keyboard,Electronics,Central,Rahul,3,1403.99
ORD-202606-03609,2026-06-29,CUST-3873,Keyboard,Electronics,East,Sneha,6,1256.12
ORD-202606-03610,2026-06-02,CUST-0979,Study Table,Furniture,Central,Vikram,4,5312.76
ORD-202606-03611,2026-06-12,CUST-2467,Office Chair,Furniture,,Ananya,6,7545.71
ORD-202606-03612,2026-06-07,CUST-2095,Study Table,Furniture,West,Priya,6,5686.91
ORD-202606-03613,2026-06-08,CUST-1303,Mouse Pad,Accessories,East,Vikram,6,390.76
ORD-202606-03614,2026-06-15,CUST-4566,Desk Organizer,Office,Central,Rahul,2,548.55
ORD-202606-03615,2026-06-26,CUST-2969,Mouse Pad,Accessories,West,Rahul,1,414.66
ORD-202606-03616,2026-06-16,CUST-4221,Study Table,Furniture,Central,Ananya,7,5794.25
ORD-202606-03617,2026-06-02,CUST-4996,Webcam,Electronics,East,Neha,6,1735.11
ORD-202606-03618,2026-06-10,CUST-0194,Study Table,Furniture,South,Vikram,1,5441.41
ORD-202606-03619,2026-06-23,CUST-2402,Office Chair,Furniture,East,Amit,5,6698.99
ORD-202606-03620,2026-06-28,CUST-0404,Study Table,Furniture,South,Neha,6,5734.16
ORD-202606-03621,2026-06-04,CUST-3728,Office Chair,Furniture,South,Ananya,5,7651.75
ORD-202606-03622,2026-06-14,CUST-3421,Keyboard,Electronics,Central,Rahul,4,1225.36
ORD-202606-03623,2026-06-18,CUST-0868,Pen Set,Office,Central,Rahul,5,280.48
ORD-202606-03624,2026-06-14,CUST-4828,Desk Organizer,Office,Central,Priya,2,553.36
ORD-202606-03625,2026-06-24,CUST-1467,Webcam,Electronics,West,Priya,4,2049.01
ORD-202606-03626,2026-06-01,CUST-1588,Mouse Pad,Accessories,West,Priya,1,408.36
ORD-202606-03627,2026-06-14,CUST-2656,Laptop Stand,Accessories,South,Ananya,6,1505.37
ORD-202606-03628,2026-06-15,CUST-0658,Headphones,Electronics,East,Neha,6,2520.74
ORD-202606-03629,2026-06-05,CUST-0027,Desk Organizer,Office,North,Amit,2,596.3
ORD-202606-03630,2026-06-19,CUST-4127,Desk Organizer,Office,East,Neha,7,650.52
ORD-202606-03631,2026-06-14,CUST-3571,Wireless Mouse,Electronics,Central,Sneha,3,833.39
ORD-202606-03632,2026-06-03,CUST-1796,Laptop Stand,Accessories,North ,Karan,4,1562.57
ORD-202606-03633,2026-06-15,CUST-0193,Monitor Stand,Furniture,Central,Amit,1,1830.2
ORD-202606-03634,2026-06-12,CUST-0778,Wireless Mouse,Electronics,Central,Priya,3,877.24
ORD-202606-03635,2026-06-19,CUST-4731,Wireless Mouse,Electronics,West,Neha,7,798.88
ORD-202606-03636,2026-06-12,CUST-1791,USB Hub,Accessories,North,,7,812.46
ORD-202606-03637,2026-06-08,CUST-3291,Mouse Pad,Accessories,East,Vikram,2,422.48
ORD-202606-03638,2026-06-24,CUST-2659,Laptop Stand,Accessories,South,Sneha,3,1563.25
ORD-202606-03639,2026-06-12,CUST-1341,Office Chair,Furniture,South,Ananya,7,7269.14
ORD-202606-03640,2026-06-01,CUST-0391,Laptop Stand,Accessories,North,Neha,3,1466.42
ORD-202606-03641,2026-06-13,CUST-4805,Notebook,Office,East,Neha,6,199.76
ORD-202606-03642,2026-06-11,CUST-2779,Keyboard,Electronics,South,Priya,7,-100.0
ORD-202606-03643,2026-06-06,CUST-4689,USB Hub,Accessories,Central,Vikram,6,809.58
ORD-202606-03644,2026-06-01,CUST-3061,Keyboard,Electronics,West,Karan,1,1246.7
ORD-202606-03645,2026-06-17,CUST-2836,Laptop Stand,Accessories,North,Sneha,1,1608.37
ORD-202606-03646,2026-06-30,CUST-4614,Laptop Stand,Accessories,North,Amit,7,1401.32
ORD-202606-03647,2026-06-08,CUST-4972,Headphones,Electronics,East,Ananya,5,2425.87
ORD-202606-03648,2026-06-27,CUST-1425,Pen Set,Office,South,Priya,1,274.12
ORD-202606-03649,2026-06-30,CUST-0892,Desk Organizer,Office,East,Sneha,1,570.7
ORD-202606-03650,2026-06-29,CUST-1270,Pen Set,Office,North,Karan,4,296.42
ORD-202606-03651,2026-06-21,CUST-3665,Desk Organizer,Office,Central,Vikram,2,644.55
ORD-202606-03652,2026-06-29,CUST-3002,Desk Organizer,Office,West,,7,620.92
ORD-202606-03653,2026-06-18,CUST-4593,Office Chair,Furniture,North,Priya,7,7100.03
ORD-202606-03654,2026-06-17,CUST-4346,Keyboard,Electronics,North,Rahul,2,1364.36
ORD-202606-03655,2026-06-21,CUST-1046,Desk Organizer,Office,West,Karan,2,608.83
ORD-202606-03656,2026-06-15,CUST-3466,Keyboard,Electronics,East,Amit,1,1191.94
ORD-202606-03657,2026-06-05,CUST-3057,Keyboard,Electronics,East,Sneha,5,1321.92
ORD-202606-03658,2026-06-20,CUST-4064,Pen Set,Office,North,Karan,3,316.1
ORD-202606-03659,2026-06-07,CUST-2801,Wireless Mouse,Electronics,North,Amit,4,846.29
ORD-202606-03660,2026-06-17,CUST-3936,Headphones,Electronics,South,Amit,2,2341.68
ORD-202606-03661,2026-06-09,CUST-3974,Headphones,Electronics,Central,Priya,3,2565.84
ORD-202606-03662,2026-07-01,CUST-1847,Monitor Stand,Furniture,South,Karan,4,1875.11
ORD-202606-03663,2026-06-15,CUST-0118,Wireless Mouse,Electronics,Central,Rahul,7,733.9
ORD-202606-03664,2026-06-10,CUST-2580,Notebook,Office,Central,Karan,5,181.91
ORD-202606-03665,2026-06-30,CUST-3747,Study Table,Furniture,South,Amit,6,5533.18
ORD-202606-03666,2026-07-01,CUST-1427,Monitor Stand,Furniture,Central,Neha,2,1826.3
ORD-202606-03667,2026-06-18,CUST-3983,Laptop Stand,Accessories,West,Priya,6,1352.0
ORD-202606-03668,2026-06-01,CUST-2206,Keyboard,Electronics,Central,Priya,4,1297.75
ORD-202606-03669,2026-06-23,CUST-1993,Monitor Stand,Furniture,West,Amit,7,2148.07
ORD-202606-03670,2026-06-01,CUST-3860,Webcam,Electronics,North,Ananya,2,2028.64
ORD-202606-03671,2026-06-11,CUST-0642,Keyboard,Electronics,Central,Ananya,3,1287.53
ORD-202606-03672,2026-06-23,CUST-1474,Webcam,Electronics,Central,Neha,4,-100.0
ORD-202606-03673,2026-06-17,CUST-1327,Pen Set,Office,North,Karan,3,300.93
ORD-202606-03674,2026-06-21,CUST-4228,Laptop Stand,Accessories,West,Ananya,1,1394.8
ORD-202606-03675,2026-06-04,CUST-3376,Keyboard,Electronics, Central,Sneha,6,1202.14
ORD-202606-03676,2026-06-09,CUST-2410,Office Chair,Furniture, East,Sneha,1,6492.15
ORD-202606-03677,2026-06-15,,Desk Organizer,Office,West,Neha,4,604.8
ORD-202606-03678,2026-06-18,CUST-3268,USB Hub,Accessories,East,Priya,3,848.26
ORD-202606-03679,2026-06-05,CUST-2678,Wireless Mouse,Electronics,South,Amit,7,786.42
ORD-202606-03680,2026-06-01,CUST-1328,Pen Set,Office,West,Karan,6,299.48
ORD-202606-03681,2026-06-23,CUST-2012,Keyboard,Electronics,Central,Vikram,1,1420.91
ORD-202606-03682,2026-07-01,CUST-1303,Keyboard,Electronics,West,Neha,5,1192.63
ORD-202606-03683,2026-06-05,CUST-3105,Webcam,Electronics ,North,Rahul,4,1844.21
ORD-202606-03684,2026-06-28,CUST-2970,Keyboard,Electronics,South,Vikram,2,1405.42
ORD-202606-03685,2026-06-10,CUST-3047,Notebook,Office,West,Rahul,1,194.9
ORD-202606-03686,2026-06-22,CUST-3101,Monitor Stand,Furniture,West,Priya,3,2027.61
ORD-202606-03687,2026-06-30,CUST-1260,Mouse Pad,Accessories,South,Ananya,7,423.8
ORD-202606-03688,2026-06-17,CUST-2173,Laptop Stand,Accessories,Central,Sneha,4,1570.56
ORD-202606-03689,2026-06-30,CUST-4726,Pen Set,Office,North,Sneha,3,309.64
ORD-202606-03690,2026-06-05,CUST-0339,Laptop Stand,Accessories,West,Neha,4,1410.5
ORD-202606-03691,2026-06-20,CUST-1993,Office Chair,Furniture,South,Vikram,7,7228.32
ORD-202606-03692,2026-06-16,CUST-1663,Wireless Mouse,Electronics,South,Neha,7,844.26
ORD-202606-03693,2026-06-23,CUST-3871,Keyboard,Electronics,South,Vikram,4,1275.3
ORD-202606-03694,2026-06-20,CUST-3492,USB Hub,Accessories,North,Priya,6,970.78
ORD-202606-03695,2026-06-30,CUST-4845,Mouse Pad,Accessories,West,Karan,6,404.24
ORD-202606-03696,2026-06-09,CUST-2996,Mouse Pad,Accessories,North,Ananya,3,421.84
ORD-202606-03697,2026-06-30,CUST-4497,Webcam,Electronics,North,Vikram,3,1750.45
ORD-202606-03698,2026-06-24,CUST-1514,Desk Organizer,Office,North,Priya,5,561.11
ORD-202606-03699,2026-06-01,CUST-3131,Mouse Pad,Accessories,North,Ananya,3,427.98
ORD-202606-03700,2026-06-12,CUST-1540,Monitor Stand,Furniture,East,Priya,2,1817.56
ORD-202606-03701,2026-06-01,CUST-3389,Keyboard,Electronics,West,Ananya,6,1185.24
ORD-202606-03702,2026-06-01,CUST-2886,Desk Organizer,Office,Central,Amit,2,652.55
ORD-202606-03703,2026-06-26,CUST-2048,USB Hub,Accessories,West,Rahul,1,816.08
ORD-202606-03704,2026-06-07,CUST-2481,Webcam,Electronics,West,Ananya,7,1934.68
ORD-202606-03705,2026-06-06,CUST-1877,Laptop Stand,Accessories,East,Sneha,2,1509.26
ORD-202606-03706,2026-06-13,CUST-0481,Pen Set,Office,East,Sneha,5,302.59
ORD-202606-03707,2026-06-18,CUST-3827,Study Table,Furniture, Central,Sneha,2,5657.18
ORD-202606-03708,2026-06-27,CUST-3410,Office Chair,Furniture,North,Priya,6,6408.19
ORD-202606-03709,2026-06-29,CUST-4336,Keyboard,Electronics,Central,Priya,5,1382.54
ORD-202606-03710,2026-06-03,CUST-1461,USB Hub,Accessories,West,Priya,5,920.42
ORD-202606-03711,2026-06-02,CUST-4909,Keyboard,Electronics,North,Ananya,4,1352.39
ORD-202606-03712,2026-06-07,CUST-2167,Laptop Stand,Accessories,South,Rahul,2,1555.72
ORD-202606-03713,2026-06-04,CUST-2967,USB Hub,Accessories,North,Amit,7,893.6
ORD-202606-03714,2026-06-16,CUST-2350,USB Hub,Accessories,North,Karan,2,823.11
ORD-202606-03715,2026-06-10,CUST-3858,Monitor Stand,Furniture,West,Priya,3,1984.17
ORD-202606-03716,2026-06-13,CUST-1633,Monitor Stand,Furniture,South,Ananya,4,2059.98
ORD-202606-03717,2026-06-06,CUST-3240,Office Chair,Furniture,West,Amit,6,6992.37
ORD-202606-03718,2026-06-06,CUST-1592,Wireless Mouse,Electronics,North,Rahul,7,719.95
ORD-202606-03719,2026-06-02,CUST-3808,Laptop Stand,Accessories,North,Rahul,2,1631.5
ORD-202606-03720,2026-06-15,CUST-2383,Wireless Mouse,Electronics,South,Amit,6,720.29
ORD-202606-03721,2026-06-07,CUST-4037,Desk Organizer,Office,,Vikram,4,564.04
ORD-202606-03722,2026-06-09,CUST-1429,Webcam,Electronics,West,Vikram,6,2049.56
ORD-202606-03723,2026-06-15,CUST-1678,Keyboard,Electronics,Central,Neha,4,1192.95
ORD-202606-03724,2026-06-24,CUST-0766,USB Hub,Accessories,East,Ananya,3,931.57
ORD-202606-03725,2026-07-01,CUST-1603,Monitor Stand,Furniture,Central,Amit,6,2028.41
ORD-202606-03726,2026-06-16,CUST-0860,Webcam,Electronics,Central,Rahul,6,1734.12
ORD-202606-03727,2026-06-04,CUST-0073,Headphones,Electronics,Central,Rahul,6,2512.13
ORD-202606-03728,2026-06-20,CUST-3113,Pen Set,Office,North,Priya,4,298.58
ORD-202606-03729,2026-06-29,CUST-2200,Headphones,Electronics,East,Neha,3,2657.85
ORD-202606-03730,2026-06-04,CUST-2705,Laptop Stand,Accessories,North,Ananya,2,1366.71
ORD-202606-03731,2026-06-18,CUST-2857,Wireless Mouse,Electronics,South,Sneha,5,774.71
ORD-202606-03732,2026-06-16,CUST-2586,Pen Set,Office,North,Amit,1,314.8
ORD-202606-03733,2026-07-01,CUST-3529,Webcam,Electronics,East,Ananya,4,1988.59
ORD-202606-03734,2026-06-01,CUST-0946,Desk Organizer,Office,East,Neha,6,604.34
ORD-202606-03735,2026-06-21,CUST-0947,Wireless Mouse,Electronics,South,Vikram,6,863.97
ORD-202606-03736,2026-06-05,CUST-2510,Mouse Pad,Accessories,,Sneha,3,437.68
ORD-202606-03737,2026-06-21,CUST-0703,Monitor Stand,Furniture,North,Vikram,7,1914.77
ORD-202606-03738,2026-06-18,CUST-4916,Desk Organizer,Office,Central,Amit,4,564.79
ORD-202606-03739,2026-06-07,CUST-3598,Laptop Stand,Accessories,West,Priya,2,1450.54
ORD-202606-03740,2026-06-24,CUST-4488,Pen Set,Office,South,Priya,2,328.61
ORD-202606-03741,2026-06-13,CUST-0248,Mouse Pad,Accessories,East,Priya,5,366.82
ORD-202606-03742,2026-06-12,CUST-2369,Wireless Mouse,Electronics,,Sneha,4,806.76
ORD-202606-03743,2026-06-08,CUST-4825,Webcam,Electronics,West,Neha,7,1725.31
ORD-202606-03744,2026-06-16,CUST-0377,Headphones,Electronics,North,Rahul,7,2304.9
ORD-202606-03745,2026-06-10,CUST-4336,Keyboard,Electronics,North,Rahul,5,1318.12
ORD-202606-03746,2026-06-19,CUST-4606,Webcam,Electronics,North,Vikram,7,1976.5
ORD-202606-03747,2026-06-15,CUST-1164,Wireless Mouse,Electronics,North,Neha,1,862.1
ORD-202606-03748,2026-06-20,CUST-2926,Notebook,Office,Central,Karan,5,198.8
ORD-202606-03749,2026-06-15,CUST-2351,Mouse Pad,Accessories,Central,Karan,3,409.2
ORD-202606-03750,2026-06-02,CUST-0678,Office Chair,Furniture,South,Karan,1,7512.66
ORD-202606-03751,2026-06-20,CUST-0814,Laptop Stand,Accessories,East,Vikram,3,1379.97
ORD-202606-03752,2026-06-29,CUST-3858,Keyboard,Electronics,West,Amit,3,1373.15
ORD-202606-03753,2026-06-16,CUST-0139,Notebook,Office,Central,Priya,7,180.82
ORD-202606-03754,2026-06-19,CUST-0858,Study Table,Furniture,East,Rahul,1,5080.18
ORD-202606-03755,2026-06-20,CUST-1968,Study Table,Furniture,West,Neha,4,5076.62
ORD-202606-03756,2026-06-25,CUST-1947,Study Table,Furniture,North,Amit,7,5542.67
ORD-202606-03757,2026-06-10,CUST-0365,Monitor Stand,Furniture,South,Neha,2,2155.39
ORD-202606-03758,2026-06-07,CUST-1904,Office Chair,Furniture,North,Karan,4,6443.48
ORD-202606-03759,2026-06-24,CUST-4821,Monitor Stand,Furniture,Central,Amit,4,2064.58
ORD-202606-03760,2026-06-16,CUST-1948,Webcam,Electronics,North,Ananya,3,2028.98
ORD-202606-03761,2026-06-05,CUST-4716,Webcam,Electronics,North,Neha,5,1853.95
ORD-202606-03762,2026-06-09,CUST-2924,Desk Organizer,Office,North,Vikram,4,549.21
ORD-202606-03763,2026-06-23,CUST-3444,Wireless Mouse,Electronics,North,Amit,3,792.05
ORD-202606-03764,2026-06-04,CUST-2926,Laptop Stand,Accessories,North,Ananya,5,1384.43
ORD-202606-03765,2026-06-12,CUST-2787,Mouse Pad,Accessories,North,Ananya,2,396.66
ORD-202606-03766,2026-06-09,CUST-0229,Webcam,Electronics,South,Amit,2,2018.81
ORD-202606-03767,2026-06-13,CUST-2268,Pen Set,Office,East,Neha,3,322.73
ORD-202606-03768,2026-06-06,CUST-3380,USB Hub,Accessories,East,Vikram,1,920.09
ORD-202606-03769,2026-06-25,CUST-3384,Keyboard,Electronics,Central,Sneha,1,1266.5
ORD-202606-03770,2026-06-20,CUST-4712,Desk Organizer,Office,East ,Neha,4,593.4
ORD-202606-03771,2026-06-09,CUST-0607,Desk Organizer,Office,Central,Priya,7,572.62
ORD-202606-03772,2026-06-20,,Headphones, Electronics,Central,Ananya,2,2263.4
ORD-202606-03773,,CUST-4880,Wireless Mouse,Electronics,Central,Karan,5,841.29
ORD-202606-03774,2026-06-18,CUST-3262,Pen Set,Office,West,Amit,4,286.76
ORD-202606-03775,2026-06-12,CUST-1331,Webcam,Electronics,West,Priya,1,1838.88
ORD-202606-03776,2026-06-17,CUST-3083,USB Hub,Accessories,Central,Vikram,1,917.46
ORD-202606-03777,2026-06-19,CUST-2210,Monitor Stand,Furniture,Central,Priya,5,2047.98
ORD-202606-03778,2026-06-03,CUST-2971,Laptop Stand,Accessories,Central,Sneha,2,1449.29
ORD-202606-03779,2026-06-29,CUST-0278,Desk Organizer,Office,North,Neha,4,562.68
ORD-202606-03780,2026-06-21,CUST-4955,Monitor Stand,Furniture,Central,Amit,7,1841.72
ORD-202606-03781,2026-06-30,CUST-2543,Office Chair,Furniture,Central,Vikram,2,7557.23
ORD-202606-03782,2026-06-30,CUST-0157,Study Table,Furniture,East,Rahul,3,4984.33
ORD-202606-03783,2026-06-21,CUST-3682,Study Table,Furniture,South,Sneha,2,6008.88
ORD-202606-03784,2026-07-01,CUST-1479,Study Table,Furniture,East,Priya,2,5235.97
ORD-202606-03785,2026-06-09,CUST-3344,Laptop Stand,Accessories,North,Karan,1,1450.63
ORD-202606-03786,2026-06-29,CUST-3717,Headphones,Electronics,West,Karan,7,2495.88
ORD-202606-03787,2026-06-14,CUST-0234,Notebook,Office,East,Ananya,3,206.46
ORD-202606-03788,2026-06-10,CUST-3277,Wireless Mouse,Electronics,South,Rahul,7,733.65
ORD-202606-03789,2026-06-06,CUST-3622,Pen Set,Office,North,Sneha,7,317.78
ORD-202606-03790,2026-06-09,,USB Hub,Accessories,South,Vikram,1,939.89
ORD-202606-03791,2026-06-19,CUST-0677,Pen Set,Office,North,Amit,3,300.11
ORD-202606-03792,2026-06-06,CUST-1384,Laptop Stand,Accessories,Central,Amit,6,1508.76
ORD-202606-03793,2026-06-14,CUST-4016,Headphones,Electronics,East,Ananya,6,2257.86
ORD-202606-03794,2026-06-23,CUST-2333,Headphones,Electronics,Central,Sneha,5,2476.73
ORD-202606-03795,2026-06-16,CUST-4799,Wireless Mouse,Electronics,South,Vikram,1,771.82
ORD-202606-03796,2026-06-18,CUST-4489,Pen Set,Office,West,Sneha,3,292.71
ORD-202606-03797,2026-06-24,CUST-1892,Laptop Stand,Accessories,Central,Ananya,4,1636.7
ORD-202606-03798,2026-06-03,CUST-0579,Study Table,Furniture,West,Sneha,6,5903.57
ORD-202606-03799,2026-06-26,CUST-3564,Study Table,Furniture,South,Rahul,6,5553.45
ORD-202606-03800,2026-06-26,CUST-1817,Webcam,Electronics,North,Sneha,5,1808.8
ORD-202606-03801,2026-06-04,CUST-4542,Pen Set,Office,Central,Neha,7,285.98
ORD-202606-03802,2026-06-17,CUST-3742,Wireless Mouse,Electronics,East,Amit,2,834.48
ORD-202606-03803,2026-06-21,CUST-2357,Laptop Stand,Accessories,South,Rahul,3,1624.03
ORD-202606-03804,2026-06-03,CUST-3475,Laptop Stand,Accessories,North,Ananya,4,1376.46
ORD-202606-03805,2026-06-14,CUST-3876,Laptop Stand,Accessories,South,Sneha,2,1621.22
ORD-202606-03806,2026-06-15,CUST-2963,Headphones,Electronics,Central,Sneha,5,2512.91
ORD-202606-03807,2026-06-15,CUST-2257,Notebook,Office,South,Sneha,3,179.89
ORD-202606-03808,2026-06-07,CUST-4340,Wireless Mouse,Electronics,,Vikram,6,729.33
ORD-202606-03809,2026-06-20,CUST-4737,Monitor Stand,Furniture,South,Amit,2,2108.09
ORD-202606-03810,2026-06-16,CUST-4327,Study Table,Furniture,North ,Ananya,3,5586.22
ORD-202606-03811,2026-06-30,CUST-0751,Webcam,Electronics,East,Neha,4,1829.26
ORD-202606-03812,2026-06-29,CUST-1210,Wireless Mouse,Electronics,East,Sneha,4,826.84
ORD-202606-03813,2026-07-01,CUST-0012,USB Hub,Accessories,East,Priya,1,935.93
ORD-202606-03814,2026-06-17,CUST-4675,Laptop Stand,Accessories,,Rahul,3,1641.96
ORD-202606-03815,2026-06-12,CUST-3909,Monitor Stand,Furniture,South,Rahul,4,1935.27
ORD-202606-03816,2026-06-21,CUST-0248,Monitor Stand,Furniture,East,Priya,4,2079.73
ORD-202606-03817,2026-06-24,CUST-1657,Notebook,Office,South,Rahul,3,201.77
ORD-202606-03818,2026-06-22,CUST-4381,Desk Organizer,Office,West,Ananya,3,630.77
ORD-202606-03819,2026-06-01,CUST-4919,Mouse Pad,Accessories,north,Vikram,7,435.13
ORD-202606-03820,2026-06-03,CUST-0252,Headphones,Electronics,North,Priya,2,2265.46
ORD-202606-03821,2026-06-20,CUST-4048,Pen Set,Office,West,Priya,6,294.56
ORD-202606-03822,2026-06-30,CUST-1073,Mouse Pad,Accessories,South,Karan,1,375.47
ORD-202606-03823,2026-06-16,CUST-3773,Desk Organizer,Office,Central,Priya,1,611.77
ORD-202606-03824,2026-06-28,CUST-4843,Headphones,Electronics,South,Vikram,1,2647.29
ORD-202606-03825,2026-06-24,CUST-2241,Laptop Stand,Accessories,East,Ananya,7,1617.17
ORD-202606-03826,2026-06-17,CUST-1690,Wireless Mouse,Electronics,North,Sneha,5,845.66
ORD-202606-03827,2026-06-18,CUST-3135,Office Chair,Furniture,East,Vikram,6,7254.43
ORD-202606-03828,2026-07-01,CUST-2382,USB Hub,Accessories,East,Sneha,4,852.66
ORD-202606-03829,2026-06-19,CUST-1654,Webcam,Electronics,South,Karan,6,1989.08
ORD-202606-03830,2026-06-05,CUST-2067,Monitor Stand,Furniture,North,Neha,2,1942.77
ORD-202606-03831,2026-06-24,CUST-4624,Keyboard,Electronics,North,Rahul,3,1287.74
ORD-202606-03832,2026-06-19,CUST-0318,Mouse Pad,Accessories,West,Ananya,3,426.07
ORD-202606-03833,2026-06-01,CUST-0303,Notebook,Office,Central,Priya,5,201.83
ORD-202606-03834,2026-06-05,CUST-2785,Mouse Pad,Accessories,Central,Ananya,4,412.18
ORD-202606-03835,2026-06-24,CUST-2374,Notebook,Office,South,Priya,4,214.88
ORD-202606-03836,2026-06-15,CUST-4270,Pen Set,Office,Central,Rahul,2,289.1
ORD-202606-03837,2026-06-18,CUST-0625,Laptop Stand,Accessories,East,Sneha,1,1410.73
ORD-202606-03838,2026-06-26,,Office Chair,Furniture,Central,Amit,7,7333.84
ORD-202606-03839,2026-06-05,CUST-2899,Webcam,Electronics,West,Karan,6,1922.3
ORD-202606-03840,2026-06-04,CUST-0522,Mouse Pad,Accessories,North,Sneha,6,411.65
ORD-202606-03841,2026-06-08,CUST-0273,Mouse Pad,Accessories,South,Karan,7,436.75
ORD-202606-03842,2026-06-25,CUST-0772,Webcam,Electronics,Central,Ananya,4,2068.94
ORD-202606-03843,2026-06-09,CUST-0566,Mouse Pad,Accessories,North,Karan,3,378.83
ORD-202606-03844,2026-07-01,CUST-4719,Monitor Stand,Furniture,West,Neha,6,1988.35
ORD-202606-03845,2026-06-28,CUST-3633,Office Chair,Furniture,Central,Priya,4,6901.23
ORD-202606-03846,2026-06-12,CUST-4248,Keyboard,Electronics,North,Rahul,4,1387.64
ORD-202606-03847,2026-06-27,CUST-1917,Pen Set,Office,South,Karan,6,283.38
ORD-202606-03848,2026-06-28,CUST-0549,Webcam, Electronics,West,Rahul,5,1736.53
ORD-202606-03849,2026-06-28,CUST-2339,Office Chair,Furniture,North,Karan,7,7363.64
ORD-202606-03850,2026-06-25,CUST-0164,Pen Set,Office,North,Ananya,5,325.76
ORD-202606-03851,2026-06-25,CUST-2439,Pen Set,Office,Central,Sneha,1,275.61
ORD-202606-03852,2026-06-06,CUST-0416,Study Table,Furniture,East,Vikram,3,4966.31
ORD-202606-03853,2026-06-28,CUST-4706,Headphones,Electronics,East,Priya,5,2645.93
ORD-202606-03854,2026-06-25,CUST-3011,Office Chair,Furniture,South,Neha,5,7534.05
ORD-202606-03855,,CUST-2126,Office Chair,Furniture,West,Rahul,5,6944.16
ORD-202606-03856,2026-06-03,CUST-4628,Monitor Stand,furniture,North,Sneha,2,2024.58
ORD-202606-03857,2026-06-25,CUST-0554,Webcam,Electronics,South,Rahul,5,1899.32
ORD-202606-03858,2026-06-02,CUST-0023,Notebook,Office,Central,Priya,5,207.15
ORD-202606-03859,2026-06-17,CUST-3071,Notebook,Office,North,Ananya,3,206.38
ORD-202606-03860,2026-06-02,CUST-1758,USB Hub,Accessories,South,Neha,5,819.5
ORD-202606-03861,2026-06-24,CUST-1761,Webcam,Electronics,East,Rahul,4,1887.68
ORD-202606-03862,2026-06-16,CUST-1835,Mouse Pad,Accessories,West,Ananya,7,378.74
ORD-202606-03863,2026-06-13,CUST-1222,Mouse Pad,Accessories,East,Amit,3,385.35
ORD-202606-03864,2026-06-06,CUST-3120,Webcam,Electronics,North,Ananya,1,1891.21
ORD-202606-03865,2026-06-19,CUST-2476,USB Hub,Accessories,West,Priya,7,867.83
ORD-202606-03866,2026-06-06,CUST-1600,Pen Set,Office,Central,Rahul,3,278.21
ORD-202606-03867,2026-06-27,CUST-1957,Mouse Pad,Accessories,South,Vikram,6,385.86
ORD-202606-03868,2026-06-16,CUST-1498,Monitor Stand,Furniture,South,Sneha,6,2109.57
ORD-202606-03869,2026-06-06,CUST-3306,Mouse Pad,Accessories,West,Vikram,5,408.81
ORD-202606-03870,2026-06-06,CUST-0756,Desk Organizer,Office,,Amit,2,571.23
ORD-202606-03871,2026-06-06,CUST-1677,USB Hub,Accessories,Central,Neha,3,959.98
ORD-202606-03872,2026-06-22,CUST-3059,USB Hub,Accessories,Central,Vikram,4,974.48
ORD-202606-03873,2026-06-27,CUST-4719,Office Chair,Furniture,North,Ananya,2,6664.4
ORD-202606-03874,2026-06-22,CUST-1674,Keyboard,electronics,Central,Neha,1,1367.86
ORD-202606-03875,2026-06-11,CUST-0335,Office Chair,Furniture,Central,Priya,2,6346.95
ORD-202606-03876,2026-06-15,CUST-3472,Office Chair,Furniture,South,Vikram,5,7632.95
ORD-202606-03877,2026-06-06,CUST-1921,USB Hub,Accessories,North,Vikram,3,820.9
ORD-202606-03878,2026-06-08,CUST-2597,Notebook,Office,East,Vikram,4,214.31
ORD-202606-03879,2026-06-03,CUST-1829,Study Table,Furniture,North ,Rahul,3,5541.22
ORD-202606-03880,2026-07-01,CUST-0497,Study Table,Furniture,West,Rahul,7,5310.55
ORD-202606-03881,2026-06-13,CUST-1209,Laptop Stand,Accessories,West,Neha,2,1643.81
ORD-202606-03882,2026-06-12,CUST-3049,Monitor Stand,Furniture,West,Sneha,3,2108.34
ORD-202606-03883,2026-06-18,CUST-0645,Notebook,Office,North,Sneha,2,208.34
ORD-202606-03884,2026-06-25,CUST-0614,Keyboard,Electronics,East,Neha,7,1347.69
ORD-202606-03885,2026-06-12,CUST-2414,Keyboard,Electronics,East,Neha,4,1339.66
ORD-202606-03886,2026-06-13,CUST-1232,Keyboard,Electronics,North,,7,1333.14
ORD-202606-03887,2026-06-19,CUST-2968,Office Chair,Furniture,South,Priya,6,7437.09
ORD-202606-03888,2026-06-01,CUST-1750,Pen Set,Office,East,Karan,5,282.2
ORD-202606-03889,2026-06-23,CUST-3250,Headphones,Electronics,East,Priya,2,2307.41
ORD-202606-03890,2026-06-06,CUST-4211,Webcam,Electronics,West,Neha,3,1911.27
ORD-202606-03891,2026-06-07,CUST-0984,Pen Set,Office,East,Karan,6,322.81
ORD-202606-03892,2026-06-09,CUST-3345,USB Hub,Accessories,Central,Sneha,3,917.14
ORD-202606-03893,2026-06-05,CUST-1141,Monitor Stand,Furniture,South,Sneha,5,2043.54
ORD-202606-03894,2026-06-21,CUST-3907,Laptop Stand,Accessories,West,Sneha,1,1581.59
ORD-202606-03895,2026-06-22,CUST-3078,Laptop Stand,Accessories,East,Neha,4,1554.54
ORD-202606-03896,2026-06-12,CUST-4839,Keyboard,Electronics,South,Neha,5,1208.77
ORD-202606-03897,2026-06-20,CUST-3569,Headphones,Electronics, Central,Ananya,6,2362.73
ORD-202606-03898,2026-06-17,CUST-4991,Mouse Pad,Accessories,Central,Karan,7,386.63
ORD-202606-03899,2026-06-24,CUST-1905,Notebook,Office,North,Sneha,2,212.92
ORD-202606-03900,2026-06-07,CUST-4954,Pen Set,Office,North,Priya,1,310.25
ORD-202606-03901,2026-06-05,CUST-3879,Study Table,Furniture,Central,Priya,5,5728.28
ORD-202606-03902,2026-06-13,CUST-3098,Webcam,Electronics,South,Sneha,1,1810.18
ORD-202606-03903,2026-06-09,CUST-2788,Study Table,Furniture ,South,Rahul,5,5679.17
ORD-202606-03904,2026-06-28,CUST-1527,Notebook,Office,South,Karan,7,205.53
ORD-202606-03905,2026-06-27,CUST-3039,Headphones,Electronics,North,Priya,7,2637.27
ORD-202606-03906,2026-06-18,CUST-1606,Study Table,Furniture,East,Rahul,2,6008.71
ORD-202606-03907,2026-06-07,CUST-2275,Monitor Stand,Furniture,East,Sneha,4,2151.26
ORD-202606-03908,2026-06-10,CUST-3500,Pen Set,Office,West,Neha,3,308.56
ORD-202606-03909,2026-06-03,CUST-2816,Notebook,Office,Central,,5,202.09
ORD-202606-03910,2026-06-10,CUST-3108,USB Hub,Accessories,,Neha,4,979.89
ORD-202606-03911,2026-06-06,CUST-1488,Pen Set,Office,South,Karan,5,291.85
ORD-202606-03912,2026-06-04,CUST-3450,Study Table,Furniture,North,Ananya,5,5446.52
ORD-202606-03913,2026-06-18,CUST-3707,Webcam,Electronics,North,Ananya,1,1798.2
ORD-202606-03914,2026-06-22,CUST-4490,Desk Organizer,Office,North,Rahul,2,628.81
ORD-202606-03915,2026-06-07,CUST-3819,Laptop Stand,Accessories,South,Amit,7,1512.42
ORD-202606-03916,2026-06-04,CUST-2741,Monitor Stand,Furniture,East,Priya,7,1972.23
ORD-202606-03917,2026-06-27,CUST-4318,Keyboard,Electronics,South,Sneha,5,1228.66
ORD-202606-03918,2026-06-13,CUST-3952,Wireless Mouse,Electronics,North,Ananya,4,792.51
ORD-202606-03919,2026-06-17,CUST-3993,Desk Organizer,Office,East,Neha,3,612.91
ORD-202606-03920,2026-06-29,CUST-2911,Webcam,Electronics,South,Karan,4,1975.08
ORD-202606-03921,2026-06-12,CUST-1096,Laptop Stand,Accessories,West,Neha,1,1620.57
ORD-202606-03922,2026-06-03,CUST-1117,Webcam,Electronics,West,Neha,7,1862.92
ORD-202606-03923,2026-06-12,CUST-1335,Notebook,Office,West,Vikram,4,191.33
ORD-202606-03924,2026-06-29,CUST-4829,USB Hub,Accessories,Central,Sneha,6,944.05
ORD-202606-03925,2026-06-09,CUST-0349,Office Chair,Furniture,North,Vikram,5,6871.9
ORD-202606-03926,2026-06-22,CUST-1528,Desk Organizer,Office,South,Priya,4,612.89
ORD-202606-03927,2026-06-29,CUST-3102,Notebook,Office,East,Sneha,3,205.35
ORD-202606-03928,2026-06-06,CUST-0641,Laptop Stand,Accessories,South,Rahul,5,1359.8
ORD-202606-03929,2026-06-21,CUST-3358,Headphones,Electronics,Central,Vikram,5,2624.87
ORD-202606-03930,2026-06-04,CUST-2822,Study Table,Furniture,Central,Neha,1,5958.61
ORD-202606-03931,2026-06-28,CUST-2582,Keyboard,Electronics,East,Karan,2,1214.8
ORD-202606-03932,2026-06-27,CUST-1877,Monitor Stand,Furniture,East,Priya,3,2068.33
ORD-202606-03933,2026-06-30,CUST-2066,USB Hub,Accessories,East,Rahul,1,914.29
ORD-202606-03934,2026-06-15,CUST-1072,Keyboard,Electronics,North,Karan,5,1232.31
ORD-202606-03935,2026-06-24,CUST-4647,USB Hub,Accessories,West,Sneha,7,836.37
ORD-202606-03936,2026-06-16,CUST-3490,Keyboard,Electronics,East,Amit,2,1205.97
ORD-202606-03937,2026-06-19,CUST-4567,Laptop Stand,Accessories,South,Sneha,2,1350.8
ORD-202606-03938,2026-06-22,CUST-0514,Monitor Stand,Furniture,East,Rahul,7,1953.77
ORD-202606-03939,2026-06-30,CUST-2386,Wireless Mouse,Electronics,Central,Priya,5,788.94
ORD-202606-03940,2026-06-13,CUST-2072,Office Chair,Furniture,Central,Priya,6,7023.79
ORD-202606-03941,2026-06-27,CUST-1594,Headphones,Electronics,south,Ananya,5,2746.25
ORD-202606-03942,2026-06-21,CUST-1440,Study Table,Furniture,Central,Karan,7,5116.96
ORD-202606-03943,2026-06-15,,Mouse Pad,Accessories,East,Amit,6,419.31
ORD-202606-03944,2026-06-28,CUST-0864,Keyboard,Electronics,Central,Ananya,4,1416.15
ORD-202606-03945,2026-06-16,CUST-4951,Monitor Stand,Furniture,North,Neha,3,2127.36
ORD-202606-03946,2026-06-05,CUST-4103,Laptop Stand,Accessories,,Amit,5,1450.98
ORD-202606-03947,2026-06-21,CUST-0293,Headphones,Electronics,East,Vikram,2,2461.7
ORD-202606-03948,2026-06-01,CUST-2623,Pen Set,Office,North,Sneha,1,300.23
ORD-202606-03949,2026-06-23,CUST-2642,Wireless Mouse,Electronics,East,Vikram,1,845.49
ORD-202606-03950,2026-06-03,CUST-1284,Monitor Stand,Furniture,North,Vikram,7,1875.43
ORD-202606-03951,2026-06-07,CUST-4149,Headphones,Electronics,Central,Priya,6,2435.34
ORD-202606-03952,2026-06-23,CUST-0457,Keyboard,Electronics,South,Vikram,2,1284.68
ORD-202606-03953,2026-06-10,CUST-0511,Notebook,Office,East,Rahul,7,203.34
ORD-202606-03954,2026-06-27,CUST-3464,Monitor Stand,Furniture,South,Karan,2,2078.48
ORD-202606-03955,2026-06-27,CUST-0496,Headphones,Electronics,South,Priya,3,2479.26
ORD-202606-03956,2026-06-06,CUST-0485,Mouse Pad,Accessories,East,Vikram,4,415.05
ORD-202606-03957,2026-06-29,,Keyboard,Electronics,South,Sneha,3,1181.83
ORD-202606-03958,2026-06-22,CUST-0553,Notebook,Office,East,Vikram,1,199.55
ORD-202606-03959,2026-06-22,CUST-4016,Office Chair,Furniture,Central,Sneha,2,7293.76
ORD-202606-03960,2026-06-25,CUST-2322,Mouse Pad,Accessories,Central,Amit,5,367.16
ORD-202606-03961,2026-06-18,CUST-3693,Notebook,Office,West,Karan,7,207.03
ORD-202606-03962,2026-06-27,CUST-0830,Mouse Pad,Accessories,South,Neha,4,416.09
ORD-202606-03963,2026-06-04,CUST-4094,Monitor Stand,Furniture,West,Rahul,3,2075.7
ORD-202606-03964,2026-06-19,CUST-1103,Laptop Stand,Accessories,Central,Sneha,7,1641.78
ORD-202606-03965,2026-06-24,CUST-1516,Desk Organizer,Office,North,Ananya,6,647.27
ORD-202606-03966,2026-06-23,CUST-0233,Office Chair,Furniture,North,Rahul,7,7496.7
ORD-202606-03967,2026-06-17,CUST-0329,Laptop Stand,Accessories,Central,Karan,5,1372.18
ORD-202606-03968,2026-06-11,CUST-2063,Webcam,Electronics,Central,Priya,4,2074.79
ORD-202606-03969,2026-06-26,CUST-2392,Notebook,Office,North,Amit,4,214.19
ORD-202606-03970,2026-06-16,CUST-4545,Pen Set,Office,East,Priya,1,303.42
ORD-202606-03971,2026-06-07,CUST-1096,Laptop Stand,Accessories,West,Vikram,2,1584.33
ORD-202606-03972,2026-06-30,CUST-3529,Keyboard,Electronics,South,Neha,3,1373.36
ORD-202606-03973,2026-06-20,CUST-3650,Wireless Mouse,Electronics,Central,Vikram,6,847.09
ORD-202606-03974,2026-06-24,CUST-0397,Laptop Stand,Accessories,Central,Rahul,5,1556.68
ORD-202606-03975,2026-06-07,CUST-0399,USB Hub,Accessories,North,Amit,4,920.57
ORD-202606-03976,2026-06-02,CUST-1095,Webcam,Electronics,West,Rahul,5,1923.15
ORD-202606-03977,2026-06-06,CUST-3753,Monitor Stand,Furniture,Central,Rahul,1,2096.43
ORD-202606-03978,2026-06-04,CUST-3561,Laptop Stand,Accessories,South,Vikram,2,1598.45
ORD-202606-03979,2026-06-15,CUST-3856,Office Chair,Furniture,South,Karan,4,7000.69
ORD-202606-03980,2026-06-22,CUST-2494,Office Chair,Furniture,East,Sneha,2,6953.74
ORD-202606-03981,2026-06-18,CUST-4405,Wireless Mouse,Electronics,South,Sneha,7,860.36
ORD-202606-03982,2026-06-02,CUST-4197,Wireless Mouse,Electronics,North,Sneha,2,766.37
ORD-202606-03983,2026-06-29,CUST-4945,Laptop Stand,Accessories,South,Priya,4,1356.97
ORD-202606-03984,2026-06-13,CUST-3633,Laptop Stand,Accessories,Central,Rahul,5,1379.44
ORD-202606-03985,2026-06-29,CUST-0181,Pen Set,Office,East,Sneha,6,296.61
ORD-202606-03986,2026-06-30,CUST-4348,Headphones,Electronics,Central,Sneha,1,2302.04
ORD-202606-03987,2026-06-23,CUST-1899,Pen Set,Office,North,Sneha,4,328.63
ORD-202606-03988,2026-06-25,CUST-4905,Headphones,Electronics,North,Neha,1,2643.11
ORD-202606-03989,2026-06-09,CUST-2926,Webcam,Electronics,East,Neha,1,1817.54
ORD-202606-03990,2026-06-12,CUST-1858,Desk Organizer,Office,East,Neha,3,579.2
ORD-202606-03991,2026-06-26,CUST-2423,USB Hub,Accessories,Central,Amit,4,883.03
ORD-202606-03992,2026-06-07,CUST-0224,Monitor Stand,Furniture,South,Priya,2,1830.68
ORD-202606-03993,2026-06-02,CUST-0817,Desk Organizer,Office,West,Vikram,1,566.5
ORD-202606-03994,,CUST-3614,Headphones,Electronics,East,Amit,3,2250.08
ORD-202606-03995,2026-06-17,CUST-4367,Monitor Stand,Furniture,East,Neha,2,2082.61
ORD-202606-03996,2026-06-12,CUST-3714,Monitor Stand,Furniture,East,Priya,2,1818.73
ORD-202606-03997,2026-06-17,CUST-4004,Laptop Stand,Accessories,South,Ananya,2,1411.19
ORD-202606-03998,2026-06-08,CUST-2079,Study Table,Furniture,North,Neha,6,5815.52
ORD-202606-03999,2026-06-23,CUST-4717,Keyboard,Electronics,West,Amit,2,1289.3
ORD-202606-04000,2026-06-13,CUST-4277,Study Table,Furniture,North,Karan,6,5573.1
ORD-202606-04001,2026-06-07,CUST-2891,Pen Set,Office,West,Rahul,2,310.66
ORD-202606-04002,2026-06-09,CUST-1008,Notebook,Office,South,Vikram,5,218.87
ORD-202606-04003,2026-06-28,CUST-0334,USB Hub,Accessories,North,Amit,7,855.4
ORD-202606-04004,2026-06-21,CUST-3697,Study Table,Furniture,South,Vikram,3,5426.88
ORD-202606-04005,2026-06-05,CUST-2213,Notebook,Office,West,Amit,3,203.91
ORD-202606-04006,2026-06-01,CUST-2029,USB Hub,Accessories,West,Rahul,2,915.55
ORD-202606-04007,2026-06-04,CUST-0095,Webcam,Electronics,West,Rahul,6,1712.79
ORD-202606-04008,2026-06-05,CUST-2232,Headphones,Electronics,South,Karan,1,2249.6
ORD-202606-04009,2026-06-13,CUST-3900,Notebook,Office,Central,Vikram,1,205.58
ORD-202606-04010,2026-06-22,CUST-3682,Headphones,Electronics,Central,Ananya,3,2298.17
ORD-202606-04011,2026-06-22,CUST-2570,Headphones,Electronics,,Sneha,1,2570.62
ORD-202606-04012,2026-06-01,CUST-2585,Desk Organizer,Office,North,Vikram,6,619.62
ORD-202606-04013,2026-06-15,CUST-2989,Wireless Mouse,Electronics,East,Amit,2,859.75
ORD-202606-04014,2026-06-11,CUST-0055,USB Hub,Accessories,South,Amit,7,894.36
ORD-202606-04015,2026-06-03,CUST-2792,Study Table,Furniture,South,Vikram,3,5853.29
ORD-202606-04016,2026-06-03,CUST-0999,Pen Set,Office,West,Priya,2,292.47
ORD-202606-04017,2026-06-16,CUST-4578,Wireless Mouse,Electronics,South,Sneha,1,866.54
ORD-202606-04018,2026-06-28,CUST-0710,Wireless Mouse,Electronics,South,Vikram,1,733.49
ORD-202606-04019,2026-06-07,CUST-4596,USB Hub,Accessories,,Sneha,1,902.53
ORD-202606-04020,2026-06-29,CUST-4072,Notebook,Office,Central,Priya,1,214.68
ORD-202606-04021,2026-07-01,CUST-2730,USB Hub,Accessories,West,Rahul,5,900.25
ORD-202606-04022,2026-06-23,CUST-0695,Mouse Pad,Accessories,South,Priya,7,423.6
ORD-202606-04023,2026-06-21,CUST-1461,Mouse Pad,Accessories,South,Ananya,7,395.77
ORD-202606-04024,2026-06-25,CUST-0864,Pen Set,Office,Central,Neha,7,293.3
ORD-202606-04025,2026-06-09,CUST-1099,Monitor Stand,Furniture,East,Amit,5,2037.88
ORD-202606-04026,2026-06-15,CUST-0366,Desk Organizer,Office,North,Karan,7,647.79
ORD-202606-04027,2026-06-25,CUST-2272,USB Hub,Accessories,Central,Karan,5,970.83
ORD-202606-04028,2026-06-17,CUST-0742,Monitor Stand,Furniture,East,Vikram,1,2088.06
ORD-202606-04029,2026-06-04,CUST-1453,Pen Set,Office,Central,Sneha,1,301.01
ORD-202606-04030,2026-06-07,CUST-3479,Study Table,Furniture,West,Rahul,5,5491.89
ORD-202606-04031,2026-06-19,CUST-3096,Mouse Pad,Accessories,East,Neha,5,392.79
ORD-202606-04032,2026-06-03,CUST-4091,Laptop Stand,Accessories,Central,Amit,7,1630.02
ORD-202606-04033,2026-06-01,CUST-1157,Pen Set,Office,West,Priya,6,314.44
ORD-202606-04034,2026-06-21,CUST-2369,USB Hub,Accessories,north,Vikram,4,856.98
ORD-202606-04035,2026-06-06,CUST-0700,Monitor Stand,Furniture,Central,Rahul,3,2161.11
ORD-202606-04036,2026-06-05,CUST-2733,Keyboard,Electronics,North,Amit,2,1189.02
ORD-202606-04037,2026-07-01,CUST-3964,Study Table,Furniture,Central,Amit,6,5080.03
ORD-202606-04038,2026-06-30,CUST-3483,Pen Set,Office,Central,Ananya,4,307.8
ORD-202606-04039,2026-06-13,CUST-3992,Study Table, Furniture,North,Amit,4,5497.09
ORD-202606-04040,2026-07-01,CUST-4472,Study Table,Furniture,North,Amit,5,5308.09
ORD-202606-04041,2026-06-05,CUST-4501,Office Chair,Furniture,Central,Neha,1,6953.74
ORD-202606-04042,2026-06-21,CUST-2714,Laptop Stand,Accessories,North,Ananya,6,1492.25
ORD-202606-04043,2026-06-11,CUST-2378,Pen Set,Office,East,Vikram,1,310.22
ORD-202606-04044,2026-06-14,CUST-1912,Study Table,Furniture,South,Priya,5,5175.08
ORD-202606-04045,2026-06-24,CUST-0468,Pen Set,Office,South,Rahul,1,312.47
ORD-202606-04046,2026-06-07,CUST-2203,Headphones,Electronics,South,Neha,6,2551.76
ORD-202606-04047,2026-06-20,CUST-4223,Notebook,Office,,Ananya,1,179.43
ORD-202606-04048,2026-06-25,CUST-3909,Desk Organizer,Office,North,Sneha,7,599.88
ORD-202606-04049,2026-06-02,CUST-1586,Headphones,Electronics,Central,Neha,6,2288.83
ORD-202606-04050,2026-06-06,CUST-1594,Notebook,Office, West,Priya,1,198.71
ORD-202606-04051,2026-06-20,CUST-2559,Office Chair, Furniture,South,Priya,7,6713.19
ORD-202606-04052,2026-06-18,CUST-2553,Mouse Pad,Accessories,East,Sneha,3,400.77
ORD-202606-04053,2026-06-30,CUST-1206,Desk Organizer,Office,North,Rahul,1,586.28
ORD-202606-04054,2026-06-21,CUST-4295,Keyboard,Electronics,Central,Amit,2,1276.92
ORD-202606-04055,2026-06-16,CUST-3069,Pen Set,Office,North,Amit,5,291.51
ORD-202606-04056,2026-06-15,CUST-3544,Laptop Stand,Accessories,South,Amit,4,1582.44
ORD-202606-04057,2026-06-01,CUST-4773,Desk Organizer, Office,West,Sneha,5,585.76
ORD-202606-04058,2026-06-29,CUST-3598,Laptop Stand,Accessories,East,Ananya,7,1484.21
ORD-202606-04059,2026-06-04,CUST-2597,Desk Organizer,Office,Central,Rahul,1,630.34
ORD-202606-04060,2026-06-14,CUST-0949,Desk Organizer,Office,South,Karan,6,616.67
ORD-202606-04061,2026-06-23,CUST-4099,Headphones,Electronics,West,Vikram,3,2339.28
ORD-202606-04062,2026-06-19,CUST-0410,Study Table,Furniture,North,Karan,6,5823.97
ORD-202606-04063,2026-06-22,CUST-1984,Study Table,Furniture,East,Ananya,5,5667.92
ORD-202606-04064,2026-06-11,CUST-2452,Webcam,Electronics,West,Ananya,1,1904.88
ORD-202606-04065,2026-06-12,CUST-4105,Headphones,Electronics,East,Priya,1,2537.6
ORD-202606-04066,2026-06-26,CUST-3396,Office Chair,Furniture,North,Karan,1,7116.4
ORD-202606-04067,2026-06-14,CUST-1363,Pen Set,Office,North,Vikram,2,297.58
ORD-202606-04068,2026-06-05,CUST-4286,USB Hub,Accessories,East,Ananya,4,839.39
ORD-202606-04069,2026-06-17,CUST-1255,Mouse Pad,Accessories,South,Rahul,3,393.46
ORD-202606-04070,2026-06-30,CUST-1339,USB Hub,Accessories,East,Vikram,2,839.71
ORD-202606-04071,2026-06-03,CUST-2136,Headphones,Electronics,South,Ananya,1,2688.62
ORD-202606-04072,2026-06-12,CUST-2645,Notebook,Office,North,Sneha,2,218.33
ORD-202606-04073,2026-06-25,,Study Table,Furniture,South,Priya,5,5851.02
ORD-202606-04074,2026-06-30,,Laptop Stand,Accessories,East,Priya,2,1592.85
ORD-202606-04075,2026-06-07,CUST-2262,USB Hub,Accessories,East,Neha,3,839.63
ORD-202606-04076,2026-07-01,CUST-1837,Headphones,Electronics,West,Priya,3,2392.83
ORD-202606-04077,2026-06-05,CUST-1383,Office Chair,Furniture,Central,Neha,1,6815.92
ORD-202606-04078,2026-06-05,CUST-1786,Keyboard,Electronics,Central,Rahul,2,1306.43
ORD-202606-04079,2026-06-08,CUST-2514,USB Hub,Accessories,East,Priya,1,923.39
ORD-202606-04080,2026-06-18,CUST-2140,Notebook,Office,South,Ananya,7,189.11
ORD-202606-04081,2026-06-02,CUST-2149,Monitor Stand,Furniture,East,Amit,2,2022.17
ORD-202606-04082,2026-06-09,CUST-2028,Notebook,Office,West,Neha,4,207.97
ORD-202606-04083,2026-06-29,CUST-2302,Wireless Mouse,Electronics,North,Neha,3,754.24
ORD-202606-04084,2026-06-20,CUST-1774,Webcam,Electronics,South,Sneha,4,2051.93
ORD-202606-04085,2026-06-24,CUST-4068,Study Table,Furniture,East,Rahul,5,5469.87
ORD-202606-04086,2026-06-17,CUST-2208,Headphones,Electronics,Central,Neha,3,2652.35
ORD-202606-04087,2026-06-15,CUST-4526,Monitor Stand,Furniture,West,Vikram,7,1960.51
ORD-202606-04088,2026-06-02,CUST-3204,Keyboard,Electronics,South,Priya,1,1289.71
ORD-202606-04089,2026-06-21,CUST-0244,Office Chair,Furniture,East,Karan,7,7456.12
ORD-202606-04090,2026-06-15,CUST-4699,Wireless Mouse,Electronics,North,Neha,4,763.26
ORD-202606-04091,2026-06-30,CUST-4277,Notebook,Office,South,Rahul,5,184.54
ORD-202606-04092,2026-06-21,CUST-0331,Mouse Pad,Accessories,South,Rahul,3,434.52
ORD-202606-04093,2026-06-17,CUST-2831,Monitor Stand,Furniture,East,Rahul,5,2023.37
ORD-202606-04094,2026-06-15,CUST-4645,USB Hub,Accessories,Central,Vikram,3,869.5
ORD-202606-04095,2026-06-18,CUST-1450,Laptop Stand, Accessories,East,Amit,1,1499.59
ORD-202606-04096,2026-06-08,CUST-0443,Laptop Stand,Accessories,Central,Priya,3,1510.79
ORD-202606-04097,2026-06-01,CUST-4520,Pen Set,Office,West,Ananya,1,312.51
ORD-202606-04098,2026-06-11,CUST-3985,Headphones,Electronics,West,Ananya,5,2680.87
ORD-202606-04099,2026-06-13,CUST-1188,Notebook,Office,Central,Karan,2,191.76
ORD-202606-04100,2026-06-22,CUST-3236,Laptop Stand,Accessories,Central,Neha,6,1491.15
ORD-202606-04101,2026-06-21,CUST-2501,Headphones,Electronics,East,Amit,1,2300.11
ORD-202606-04102,2026-06-06,CUST-3961,Headphones,Electronics,North,Sneha,2,2647.52
ORD-202606-04103,2026-06-09,CUST-4560,Notebook,Office,Central,Ananya,4,194.41
ORD-202606-04104,2026-06-24,CUST-1927,Pen Set,Office,,Sneha,5,285.23
ORD-202606-04105,2026-06-28,CUST-0188,USB Hub,Accessories,East,Ananya,4,934.69
ORD-202606-04106,2026-06-24,CUST-1401,Desk Organizer,Office,North,Vikram,5,618.94
ORD-202606-04107,2026-06-19,CUST-3539,Keyboard,Electronics, Central,Neha,7,1170.24
ORD-202606-04108,2026-07-01,CUST-3720,Pen Set,Office,East,Vikram,3,318.12
ORD-202606-04109,2026-06-17,CUST-1534,Webcam,Electronics,East,Ananya,7,1824.76
ORD-202606-04110,2026-06-11,CUST-0432,Pen Set,Office,West,Amit,4,314.96
ORD-202606-04111,2026-06-07,CUST-1893,Wireless Mouse,Electronics,North,Karan,2,792.22
ORD-202606-04112,2026-06-24,CUST-0160,Desk Organizer,Office,South,Amit,3,569.88
ORD-202606-04113,2026-06-15,CUST-2464,Monitor Stand,Furniture,West,Vikram,7,2168.52
ORD-202606-04114,2026-06-14,CUST-4998,Mouse Pad,Accessories,South,Vikram,4,387.91
ORD-202606-04115,2026-06-08,CUST-2909,Wireless Mouse,Electronics,Central,Sneha,6,869.64
ORD-202606-04116,2026-06-27,CUST-3339,Desk Organizer,Office,Central,Priya,3,640.29
ORD-202606-04117,2026-06-26,CUST-1053,USB Hub,Accessories,South,Rahul,6,881.81
ORD-202606-04118,2026-06-02,CUST-0962,Laptop Stand,Accessories,Central,Ananya,4,1574.01
ORD-202606-04119,2026-06-15,CUST-3350,Wireless Mouse,Electronics,South,Neha,4,-100.0
ORD-202606-04120,2026-06-07,CUST-2245,Study Table,Furniture,South,Rahul,5,5117.51
ORD-202606-04121,2026-06-28,CUST-1509,USB Hub,Accessories,West,Amit,7,901.39
ORD-202606-04122,2026-06-05,CUST-0044,Headphones,Electronics,West,Vikram,6,2499.46
ORD-202606-04123,2026-06-18,CUST-1267,Pen Set,Office,Central,Priya,2,280.98
ORD-202606-04124,2026-06-30,CUST-2221,Monitor Stand,Furniture,West,Ananya,5,2133.84
ORD-202606-04125,2026-06-21,CUST-2972,Notebook,Office,East,Sneha,1,191.89
ORD-202606-04126,2026-06-12,CUST-3708,Keyboard,Electronics,East,Amit,6,1422.04
ORD-202606-04127,2026-06-08,CUST-1694,Mouse Pad,Accessories,West,Sneha,6,389.99
ORD-202606-04128,2026-07-01,CUST-0136,Pen Set,Office,West,Ananya,2,272.34
ORD-202606-04129,2026-06-11,CUST-1533,Keyboard,Electronics,North,Vikram,4,1322.39
ORD-202606-04130,2026-06-07,,Office Chair,Furniture,North,Karan,3,7402.73
ORD-202606-04131,2026-06-21,CUST-2491,Mouse Pad,Accessories,East,Rahul,4,408.02
ORD-202606-04132,2026-06-28,CUST-0254,USB Hub,Accessories,East,Ananya,4,819.72
ORD-202606-04133,2026-06-26,CUST-4793,Headphones,Electronics,East,Vikram,3,2648.66
ORD-202606-04134,2026-06-21,CUST-0923,USB Hub,Accessories,Central,Rahul,1,942.42
ORD-202606-04135,2026-06-22,CUST-3752,Mouse Pad,Accessories,north,Ananya,7,375.18
ORD-202606-04136,2026-06-15,CUST-2191,Study Table,Furniture,North,Ananya,3,5775.93
ORD-202606-04137,2026-06-30,CUST-0607,Laptop Stand,Accessories,West,Neha,3,1363.97
ORD-202606-04138,2026-06-23,CUST-0544,Notebook,Office, South,Amit,2,208.19
ORD-202606-04139,2026-06-05,CUST-2215,Mouse Pad,Accessories,West,Rahul,2,388.58
ORD-202606-04140,2026-06-03,CUST-3199,Desk Organizer,Office,North,Vikram,5,604.3
ORD-202606-04141,2026-06-05,CUST-3332,Headphones,Electronics,South,Amit,4,2418.35
ORD-202606-04142,2026-06-28,CUST-1216,Monitor Stand,Furniture,East,Rahul,3,1995.94
ORD-202606-04143,2026-06-13,CUST-2910,Webcam,Electronics,Central,Rahul,5,1988.04
ORD-202606-04144,2026-06-27,CUST-1619,Mouse Pad,Accessories,South,Priya,3,361.43
ORD-202606-04145,2026-06-10,CUST-2256,Notebook,Office,South,Amit,1,214.92
ORD-202606-04146,2026-07-01,CUST-3833,Laptop Stand,Accessories,North,Priya,7,1487.5
ORD-202606-04147,2026-06-03,CUST-4967,Webcam,Electronics,East,Amit,3,1880.11
ORD-202606-04148,2026-06-19,CUST-2762,Monitor Stand,Furniture,East,Rahul,5,1966.03
ORD-202606-04149,2026-06-21,CUST-4630,Mouse Pad,Accessories,South,Ananya,3,436.6
ORD-202606-04150,2026-06-14,CUST-3755,Headphones,Electronics,North,Karan,1,2624.14
ORD-202606-04151,2026-06-20,CUST-1607,Study Table,Furniture,South,Karan,5,5874.58
ORD-202606-04152,2026-06-18,CUST-1345,Desk Organizer,Office,South,Neha,3,576.7
ORD-202606-04153,2026-06-06,CUST-2525,Wireless Mouse,Electronics,South,Rahul,5,866.31
ORD-202606-04154,2026-06-30,CUST-2159,Monitor Stand,Furniture,West,Priya,4,2009.89
ORD-202606-04155,2026-06-19,CUST-2188,Desk Organizer,Office,Central,Sneha,3,652.87
ORD-202606-04156,2026-06-02,CUST-1003,Office Chair,Furniture,South,Ananya,6,6567.23
ORD-202606-04157,2026-07-01,CUST-2952,Notebook,Office,East,Neha,6,215.84
ORD-202606-04158,2026-06-28,CUST-4059,Office Chair,Furniture,East,Sneha,5,6424.51
ORD-202606-04159,2026-06-16,CUST-0139,Monitor Stand,Furniture,North,Amit,5,1984.03
ORD-202606-04160,2026-06-12,CUST-3919,Mouse Pad,Accessories,North,Priya,3,369.78
ORD-202606-04161,2026-06-22,CUST-0949,Monitor Stand,Furniture,East,Ananya,7,2114.48
ORD-202606-04162,2026-06-07,CUST-1219,Wireless Mouse,Electronics,North,Sneha,6,755.71
ORD-202606-04163,2026-06-20,CUST-2136,Office Chair,Furniture,Central,Karan,5,6830.63
ORD-202606-04164,2026-06-22,CUST-2674,Webcam,Electronics,East,Priya,7,1803.97
ORD-202606-04165,2026-06-09,CUST-3536,Study Table,Furniture,South,Ananya,7,5935.14
ORD-202606-04166,2026-06-29,CUST-2307,Notebook,Office,East,Priya,5,211.26
ORD-202606-04167,2026-06-18,CUST-0504,Notebook,Office,North,Ananya,-1,201.53
ORD-202606-04168,2026-06-01,CUST-2748,Study Table,Furniture,West,Rahul,1,5791.02
ORD-202606-04169,2026-06-19,CUST-2336,USB Hub,Accessories,North,Vikram,7,849.39
ORD-202606-04170,2026-06-10,CUST-3765,Office Chair,Furniture,South,Ananya,7,7117.17
ORD-202606-04171,2026-06-29,CUST-3483,Desk Organizer,Office,South,Neha,6,591.79
ORD-202606-04172,2026-06-01,CUST-2331,Laptop Stand,accessories,East,Vikram,2,1465.45
ORD-202606-04173,2026-06-27,CUST-2153,Headphones,Electronics,Central,Amit,3,2496.19
ORD-202606-04174,2026-06-01,CUST-1295,Keyboard,Electronics,East,Karan,6,1213.13
ORD-202606-04175,2026-06-13,CUST-4541,Desk Organizer,Office,Central,Neha,5,555.46
ORD-202606-04176,2026-06-21,CUST-3817,Headphones,Electronics,East,Ananya,2,2590.99
ORD-202606-04177,2026-06-28,CUST-4597,Notebook,Office,South,Karan,7,192.33
ORD-202606-04178,2026-06-08,CUST-1182,Headphones,Electronics,Central,Vikram,6,2267.71
ORD-202606-04179,2026-06-08,CUST-4103,Headphones,Electronics,North,Priya,6,2545.75
ORD-202606-04180,2026-06-26,CUST-3688,Keyboard,Electronics,East,Amit,2,1267.9
ORD-202606-04181,2026-06-15,CUST-1390,Laptop Stand,Accessories,Central,Amit,5,1407.37
ORD-202606-04182,2026-06-09,CUST-2735,Desk Organizer,Office,,Ananya,5,646.86
ORD-202606-04183,2026-06-26,CUST-4481,Headphones,Electronics,West,Rahul,6,2592.53
ORD-202606-04184,2026-06-13,CUST-0182,Laptop Stand,Accessories,North,Priya,5,1638.85
ORD-202606-04185,2026-06-19,CUST-1479,Keyboard,Electronics,South,Ananya,2,1422.65
ORD-202606-04186,2026-06-01,CUST-4885,Notebook,Office,South,Amit,5,180.52
ORD-202606-04187,2026-06-20,CUST-0317,USB Hub,Accessories,South,Sneha,7,969.51
ORD-202606-04188,2026-06-24,,Office Chair,Furniture,West,Sneha,7,7071.2
ORD-202606-04189,2026-06-23,CUST-3567,Study Table,Furniture,East,Priya,1,5307.79
ORD-202606-04190,2026-06-19,CUST-3070,Wireless Mouse,Electronics,Central,Priya,1,875.16
ORD-202606-04191,2026-07-01,CUST-3826,Headphones,Electronics,East,Priya,7,2746.95
ORD-202606-04192,2026-06-14,CUST-1862,Mouse Pad,Accessories,North,Amit,5,402.11
ORD-202606-04193,2026-06-09,CUST-0636,Keyboard,Electronics,East,Sneha,4,1257.03
ORD-202606-04194,2026-06-24,CUST-4442,Monitor Stand,Furniture,West,Karan,5,1923.63
ORD-202606-04195,2026-06-27,CUST-4620,Monitor Stand,Furniture,South,Sneha,7,2014.8
ORD-202606-04196,2026-06-10,CUST-0075,Keyboard,Electronics,East,Priya,7,1319.9
ORD-202606-04197,2026-06-11,,USB Hub, Accessories,North,Vikram,-1,890.18
ORD-202606-04198,2026-06-21,CUST-0862,Laptop Stand,Accessories,South,Amit,1,1512.69
ORD-202606-04199,2026-06-15,CUST-2248,Webcam,Electronics,North,Ananya,7,1839.66
ORD-202606-04200,2026-06-17,CUST-1644,Laptop Stand,Accessories,West,,1,1602.64
ORD-202606-04201,2026-06-24,CUST-0575,Pen Set,Office,South,Vikram,5,302.33
ORD-202606-04202,2026-06-24,CUST-4068,Mouse Pad,Accessories,East,Priya,3,388.34
ORD-202606-04203,2026-06-11,CUST-0896,Study Table,Furniture,East,Amit,7,5882.19
ORD-202606-04204,2026-06-15,CUST-1770,Mouse Pad,Accessories,South,Priya,2,419.15
ORD-202606-04205,2026-06-20,CUST-4428,Office Chair,Furniture,Central,Ananya,1,7320.18
ORD-202606-04206,2026-06-16,CUST-0370,Keyboard,Electronics,Central,Amit,3,1188.87
ORD-202606-04207,2026-06-27,CUST-0874,Headphones,Electronics,East,Ananya,5,2387.13
ORD-202606-04208,2026-06-09,CUST-2349,Laptop Stand,Accessories,Central,Priya,6,1482.19
ORD-202606-04209,2026-06-21,CUST-2460,Notebook,Office,South,Sneha,6,183.57
ORD-202606-04210,2026-06-27,CUST-0381,Mouse Pad,Accessories,South,Ananya,7,361.36
ORD-202606-04211,2026-06-22,CUST-4869,USB Hub,Accessories,South,Vikram,5,856.11
ORD-202606-04212,2026-06-25,CUST-0125,Mouse Pad,Accessories,North,Priya,1,395.57
ORD-202606-04213,2026-06-10,CUST-4111,Pen Set,Office,North,Karan,7,291.07
ORD-202606-04214,2026-06-14,CUST-2889,Keyboard,Electronics,West,Vikram,6,1392.73
ORD-202606-04215,2026-06-27,CUST-3210,Keyboard,Electronics,Central,Sneha,2,1370.32
ORD-202606-04216,2026-06-12,CUST-1080,Office Chair,Furniture,West,Rahul,6,7411.35
ORD-202606-04217,2026-06-07,CUST-3328,Office Chair,Furniture,North,Amit,4,6523.47
ORD-202606-04218,2026-06-12,CUST-2390,Pen Set,Office,West,Rahul,1,320.71
ORD-202606-04219,2026-06-06,CUST-1819,Office Chair,Furniture,West,Priya,5,7668.55
ORD-202606-04220,2026-06-08,CUST-2159,USB Hub,Accessories,Central,Sneha,7,883.78
ORD-202606-04221,2026-06-04,CUST-4055,Notebook,Office,North,Rahul,4,199.65
ORD-202606-04222,2026-06-20,CUST-2676,Pen Set,Office,West,Amit,5,294.72
ORD-202606-04223,2026-06-14,CUST-2873,Keyboard,Electronics,north,Vikram,3,1223.8
ORD-202606-04224,2026-06-21,CUST-1325,Notebook,Office,East,Karan,5,187.13
ORD-202606-04225,2026-06-27,CUST-0383,Study Table,Furniture,East,Neha,4,5308.43
ORD-202606-04226,2026-06-25,CUST-2686,Notebook,Office,South,Sneha,1,193.33
ORD-202606-04227,2026-06-18,CUST-0655,Desk Organizer,Office,Central,Ananya,5,550.72
ORD-202606-04228,2026-06-24,CUST-0492,Mouse Pad,Accessories,Central,Neha,5,367.85
ORD-202606-04229,2026-06-17,CUST-3972,Webcam,Electronics,South,,6,1945.5
ORD-202606-04230,2026-06-27,CUST-1911,Laptop Stand,Accessories,West,Neha,2,1535.35
ORD-202606-04231,2026-06-14,CUST-2488,Pen Set,Office,West,Ananya,3,279.48
ORD-202606-04232,2026-06-17,CUST-4338,Desk Organizer,Office,North,Neha,7,568.57
ORD-202606-04233,2026-06-25,CUST-4743,Mouse Pad,Accessories,East,Sneha,4,401.26
ORD-202606-04234,2026-06-20,CUST-0075,Mouse Pad,Accessories,South,Ananya,6,412.41
ORD-202606-04235,2026-06-05,CUST-4317,Pen Set,Office,West,Sneha,2,325.63
ORD-202606-04236,2026-06-15,CUST-0070,Office Chair,Furniture,South,Amit,6,7576.34
ORD-202606-04237,2026-06-18,CUST-2998,Notebook,Office,East,Priya,5,191.3
ORD-202606-04238,2026-06-16,CUST-1636,Mouse Pad,Accessories,West,Ananya,2,382.54
ORD-202606-04239,2026-06-03,CUST-4918,Headphones,Electronics,North,Ananya,5,2439.14
ORD-202606-04240,2026-06-26,CUST-1422,Desk Organizer,Office,East,Vikram,6,644.44
ORD-202606-04241,2026-06-24,CUST-0011,USB Hub,Accessories,North,Ananya,5,846.0
ORD-202606-04242,2026-06-25,CUST-4284,Study Table,Furniture,North,Karan,3,5783.51
ORD-202606-04243,2026-06-25,CUST-2026,Notebook,Office,North,Sneha,1,190.68
ORD-202606-04244,2026-06-01,CUST-1421,Headphones,Electronics,North,Sneha,4,2509.88
ORD-202606-04245,2026-06-04,CUST-0503,Mouse Pad,Accessories,South,Ananya,4,395.81
ORD-202606-04246,2026-06-07,CUST-3413,Webcam,Electronics,West,Amit,4,1988.04
ORD-202606-04247,2026-06-25,CUST-1120,Notebook,Office,West,Vikram,6,205.93
ORD-202606-04248,2026-06-09,CUST-4483,Study Table,Furniture,South,Amit,6,5528.34
ORD-202606-04249,2026-06-07,CUST-2406,Wireless Mouse,Electronics,Central,Neha,2,812.78
ORD-202606-04250,2026-06-16,CUST-4339,Desk Organizer,Office,West,Vikram,2,613.47
ORD-202606-04251,2026-06-28,CUST-4068,Study Table,Furniture,South,Karan,2,5856.6
ORD-202606-04252,2026-06-01,CUST-3453,Monitor Stand,Furniture,Central,Ananya,5,1915.3
ORD-202606-04253,2026-06-16,CUST-2928,USB Hub,Accessories,West,Priya,6,887.97
ORD-202606-04254,2026-06-04,CUST-1472,Monitor Stand,Furniture,North,Karan,2,2051.08
ORD-202606-04255,2026-06-11,CUST-1366,Pen Set,Office,West,Karan,7,327.16
ORD-202606-04256,2026-06-12,CUST-4193,Desk Organizer,Office,North,Neha,7,631.1
ORD-202606-04257,2026-06-22,CUST-4938,Notebook,Office,South,Ananya,6,210.13
ORD-202606-04258,2026-06-25,CUST-2409,Laptop Stand,Accessories,Central,Karan,7,1396.79
ORD-202606-04259,2026-06-05,CUST-2603,Study Table,Furniture,East,Karan,3,5725.63
ORD-202606-04260,2026-06-28,CUST-0598,Wireless Mouse,Electronics,East,Karan,2,734.65
ORD-202606-04261,2026-06-21,CUST-1786,Study Table,Furniture,West,Priya,4,4999.3
ORD-202606-04262,2026-06-25,CUST-0356,Pen Set,Office,South,Neha,4,295.67
ORD-202606-04263,2026-06-15,CUST-3057,Office Chair,Furniture,Central,Neha,4,7384.89
ORD-202606-04264,2026-06-19,CUST-0250,Notebook,Office,North,Vikram,2,209.42
ORD-202606-04265,2026-06-14,CUST-0098,Notebook,Office,Central,Karan,3,187.1
ORD-202606-04266,2026-06-03,CUST-4874,Notebook,Office,South,Neha,1,188.44
ORD-202606-04267,2026-06-05,CUST-2480,Mouse Pad,Accessories,West,Rahul,1,426.07
ORD-202606-04268,2026-06-23,CUST-1711,Keyboard,Electronics,Central,Neha,5,1354.1
ORD-202606-04269,2026-06-24,CUST-1310,Laptop Stand,Accessories,North,Rahul,3,1562.03
ORD-202606-04270,2026-06-08,CUST-2196,Laptop Stand,Accessories,South,Priya,1,1399.38
ORD-202606-04271,2026-06-16,CUST-3899,Laptop Stand,Accessories,East,Neha,6,1624.55
ORD-202606-04272,2026-06-16,CUST-3299,Headphones,Electronics,East,Vikram,4,2693.59
ORD-202606-04273,2026-06-01,,Headphones,Electronics,West,Karan,2,2419.85
ORD-202606-04274,2026-06-28,CUST-4194,Office Chair,Furniture,Central,Ananya,7,7248.59
ORD-202606-04275,2026-06-12,CUST-4392,Laptop Stand,Accessories,Central,Neha,6,1611.19
ORD-202606-04276,2026-06-30,CUST-3871,Wireless Mouse,Electronics,South,Karan,7,841.16
ORD-202606-04277,2026-06-29,CUST-0642,Office Chair,Furniture,Central,Amit,6,7028.82
ORD-202606-04278,2026-06-12,CUST-3284,Laptop Stand,Accessories,East,Karan,-1,1397.65
ORD-202606-04279,2026-06-12,CUST-0618,Notebook,Office,West,Neha,5,187.53
ORD-202606-04280,2026-06-12,CUST-2917,Study Table,Furniture,West,Karan,7,5239.18
ORD-202606-04281,2026-06-12,CUST-1211,Mouse Pad,Accessories,North,Vikram,4,373.18
ORD-202606-04282,2026-06-21,CUST-3226,Monitor Stand,Furniture,East,Priya,1,2079.23
ORD-202606-04283,2026-06-06,CUST-4440,Office Chair,Furniture,East,Neha,4,6588.81
ORD-202606-04284,2026-06-24,CUST-4446,Notebook,Office,North,Amit,2,186.34
ORD-202606-04285,2026-06-14,CUST-4753,Pen Set,Office,Central,Ananya,3,291.38
ORD-202606-04286,2026-06-01,CUST-2665,Notebook,Office,West,Priya,5,181.37
ORD-202606-04287,2026-06-05,CUST-3701,USB Hub,Accessories,Central,Amit,4,949.67
ORD-202606-04288,2026-06-05,CUST-3732,Monitor Stand,Furniture,East,Amit,3,2117.68
ORD-202606-04289,2026-06-24,CUST-2204,Headphones,Electronics,North,Neha,3,2582.59
ORD-202606-04290,2026-06-30,CUST-4262,Monitor Stand,Furniture,Central,Neha,7,1800.87
ORD-202606-04291,2026-06-20,CUST-2506,Monitor Stand,Furniture,East,Vikram,5,1865.53
ORD-202606-04292,2026-06-21,CUST-2141,Webcam,Electronics,Central,Sneha,4,2074.57
ORD-202606-04293,2026-06-09,CUST-1217,Headphones,Electronics,West,Karan,4,2551.94
ORD-202606-04294,2026-06-08,CUST-2194,Laptop Stand,Accessories,West,Karan,1,1467.71
ORD-202606-04295,2026-06-04,CUST-3224,Desk Organizer,Office,East,Neha,5,618.49
ORD-202606-04296,2026-06-16,CUST-0677,Office Chair,Furniture,North,Sneha,3,6389.25
ORD-202606-04297,2026-06-22,CUST-4886,Wireless Mouse,Electronics,North,Sneha,6,823.66
ORD-202606-04298,2026-06-27,CUST-2010,Monitor Stand,Furniture,West,Ananya,2,2192.79
ORD-202606-04299,2026-06-01,CUST-0853,Office Chair,Furniture,North,Ananya,5,6531.88
ORD-202606-04300,2026-06-17,CUST-2480,Keyboard,Electronics,East,Rahul,6,1276.67
ORD-202606-04301,2026-07-01,CUST-1092,Desk Organizer,Office,Central,Neha,2,578.0
ORD-202606-04302,2026-06-29,CUST-4173,Headphones,Electronics,Central,Amit,5,2354.23
ORD-202606-04303,2026-06-07,CUST-2060,Pen Set,Office,East,Neha,4,300.11
ORD-202606-04304,2026-06-17,CUST-1271,Wireless Mouse,Electronics,West,Priya,2,871.62
ORD-202606-04305,2026-06-05,CUST-4137,Headphones,Electronics,West,Vikram,6,2507.95
ORD-202606-04306,2026-06-12,CUST-1672,Webcam,Electronics,North,Priya,5,1717.24
ORD-202606-04307,2026-06-04,CUST-2984,Study Table,Furniture,Central,Karan,4,5810.65
ORD-202606-04308,2026-06-06,CUST-0750,Monitor Stand,Furniture,West,Neha,1,2093.04
ORD-202606-04309,2026-06-24,CUST-3487,Laptop Stand,Accessories,East,Sneha,1,1571.58
ORD-202606-04310,2026-06-28,CUST-0625,Laptop Stand,Accessories,North,Ananya,2,1639.85
ORD-202606-04311,2026-07-01,CUST-3294,Webcam,Electronics,West,Amit,3,2041.07
ORD-202606-04312,2026-06-16,CUST-1405,Study Table,Furniture,West,Amit,1,5488.96
ORD-202606-04313,2026-06-22,CUST-0437,Keyboard,Electronics,Central,Rahul,6,1294.47
ORD-202606-04314,2026-06-16,CUST-4030,Monitor Stand,Furniture,East,Priya,2,1822.16
ORD-202606-04315,2026-06-28,CUST-3319,Notebook,Office,Central,Vikram,1,204.75
ORD-202606-04316,2026-06-21,CUST-0318,USB Hub,Accessories,South,Neha,1,875.26
ORD-202606-04317,2026-06-11,CUST-4769,Office Chair,Furniture,Central,Vikram,5,7336.95
ORD-202606-04318,2026-06-24,CUST-3354,Mouse Pad,Accessories,West,Priya,5,405.45
ORD-202606-04319,2026-06-05,CUST-0249,Headphones,Electronics,East,Rahul,2,2469.96
ORD-202606-04320,2026-06-22,CUST-2596,Office Chair,Furniture,Central,Rahul,4,7107.85
ORD-202606-04321,2026-06-20,CUST-2376,Mouse Pad,Accessories,West,Rahul,5,381.74
ORD-202606-04322,2026-06-24,CUST-0492,Office Chair,Furniture,South,Karan,5,6870.16
ORD-202606-04323,2026-06-10,CUST-4053,Study Table,Furniture,Central,Vikram,4,5290.57
ORD-202606-04324,2026-06-24,CUST-1905,Keyboard,Electronics,South,Karan,3,1383.05
ORD-202606-04325,2026-06-13,CUST-1506,Desk Organizer,Office,North,Karan,7,554.43
ORD-202606-04326,2026-06-19,CUST-2152,Desk Organizer,Office,East,Rahul,1,619.15
ORD-202606-04327,2026-06-27,CUST-0406,Webcam,Electronics,South,Karan,1,1757.56
ORD-202606-04328,2026-06-22,CUST-2756,Wireless Mouse,Electronics,West,Amit,6,789.65
ORD-202606-04329,2026-06-13,CUST-2452,USB Hub,Accessories,South,Neha,3,858.46
ORD-202606-04330,2026-06-13,CUST-2093,Laptop Stand,Accessories,East,Rahul,3,1625.24
ORD-202606-04331,2026-06-01,CUST-0424,Keyboard,Electronics,West,Rahul,3,1322.24
ORD-202606-04332,2026-06-15,CUST-0130,Keyboard,Electronics,South,Priya,7,1318.29
ORD-202606-04333,2026-06-17,CUST-3046,Wireless Mouse,Electronics,South,Rahul,5,831.43
ORD-202606-04334,2026-06-27,CUST-0645,Study Table,Furniture,North,,3,5637.78
ORD-202606-04335,2026-06-10,CUST-3888,Desk Organizer,Office,East,Vikram,7,549.23
ORD-202606-04336,2026-06-21,CUST-1772,Wireless Mouse,Electronics,West,Amit,5,814.27
ORD-202606-04337,2026-06-10,CUST-2088,Keyboard,Electronics,North,Rahul,6,1377.01
ORD-202606-04338,2026-06-25,CUST-4687,Pen Set,Office,South,Vikram,7,325.73
ORD-202606-04339,2026-06-28,CUST-2414,Pen Set,Office,West,Priya,6,277.04
ORD-202606-04340,2026-06-09,CUST-2945,Laptop Stand,Accessories,West,Ananya,7,1380.73
ORD-202606-04341,2026-06-13,CUST-2719,Study Table,Furniture,East,Priya,2,5880.64
ORD-202606-04342,2026-06-15,CUST-3455,Laptop Stand,Accessories,South,Ananya,4,1400.82
ORD-202606-04343,2026-07-01,CUST-2768,Keyboard,Electronics,Central,Vikram,2,1184.91
ORD-202606-04344,2026-06-06,CUST-3062,USB Hub,Accessories,West,Amit,1,920.27
ORD-202606-04345,2026-06-03,CUST-3777,Headphones,Electronics,South,Ananya,3,2415.89
ORD-202606-04346,2026-06-22,CUST-0106,Headphones,Electronics,North,Karan,2,2713.39
ORD-202606-04347,2026-06-23,CUST-3345,Wireless Mouse,Electronics,Central,Ananya,3,722.43
ORD-202606-04348,2026-06-06,CUST-2638,Study Table,furniture, East,Amit,6,5464.65
ORD-202606-04349,2026-06-26,CUST-3738,Pen Set,Office,Central,Amit,6,275.09
ORD-202606-04350,2026-06-12,CUST-1457,Laptop Stand,Accessories,East,Neha,3,1573.45
ORD-202606-04351,2026-06-20,CUST-2676,Webcam,Electronics,West,Amit,4,2084.79
ORD-202606-04352,2026-06-18,CUST-0369,Keyboard,Electronics,North,Vikram,5,1362.37
ORD-202606-04353,2026-06-03,CUST-1288,Notebook,Office,West,Ananya,6,189.27
ORD-202606-04354,2026-07-01,CUST-3885,Desk Organizer,Office,Central,Priya,6,545.63
ORD-202606-04355,2026-06-01,CUST-1329,Desk Organizer,Office,South,Karan,1,543.1
ORD-202606-04356,2026-06-10,CUST-3708,Pen Set,Office,South,Sneha,7,310.77
ORD-202606-04357,2026-06-26,CUST-3936,Laptop Stand,Accessories,Central,Vikram,7,1543.83
ORD-202606-04358,2026-06-18,CUST-3107,Mouse Pad,Accessories,East,Karan,4,413.08
ORD-202606-04359,2026-06-29,CUST-4202,Headphones,Electronics ,West,Neha,4,2701.4
ORD-202606-04360,2026-06-26,CUST-1603,Keyboard,Electronics,Central,Priya,7,1200.18
ORD-202606-04361,2026-06-28,CUST-1237,Wireless Mouse,Electronics,East,Amit,7,848.32
ORD-202606-04362,2026-06-07,CUST-2091,Wireless Mouse,Electronics,East,Neha,2,826.37
ORD-202606-04363,2026-06-19,CUST-0588,Notebook,Office,West,Priya,4,197.26
ORD-202606-04364,2026-06-29,CUST-4095,Headphones,Electronics,West,Karan,3,2282.43
ORD-202606-04365,2026-06-10,CUST-2111,Wireless Mouse,Electronics,North,Karan,2,786.8
ORD-202606-04366,2026-06-24,CUST-1716,Office Chair,Furniture,South,Vikram,2,6629.86
ORD-202606-04367,2026-06-09,CUST-4189,Pen Set,Office,West,Rahul,2,317.54
ORD-202606-04368,2026-06-18,CUST-0901,Notebook,Office,West,Rahul,4,206.43
ORD-202606-04369,2026-06-25,CUST-3993,Wireless Mouse, Electronics,East,Karan,5,790.05
ORD-202606-04370,2026-06-29,CUST-3580,Study Table,Furniture,South,Neha,4,5765.27
ORD-202606-04371,2026-06-26,CUST-0589,Webcam,Electronics,East,Neha,6,1850.11
ORD-202606-04372,2026-06-12,CUST-0349,USB Hub,Accessories,Central,Priya,4,902.57
ORD-202606-04373,2026-06-20,CUST-0882,Office Chair,Furniture,South ,Sneha,7,6503.63
ORD-202606-04374,2026-06-15,CUST-1564,Wireless Mouse,Electronics,West,Amit,3,804.7
ORD-202606-04375,2026-07-01,CUST-0650,Office Chair,Furniture,East,Vikram,2,7632.22
ORD-202606-04376,2026-06-12,CUST-0236,Headphones,Electronics,,Priya,3,2706.77
ORD-202606-04377,2026-06-30,CUST-3689,Webcam,Electronics,Central,Priya,2,1886.01
ORD-202606-04378,2026-06-24,CUST-1248,Study Table,Furniture,West,Sneha,6,5475.99
ORD-202606-04379,2026-06-01,CUST-2447,Mouse Pad,Accessories,South,Amit,4,378.64
ORD-202606-04380,2026-06-04,CUST-0478,Notebook,Office,West,Ananya,1,211.86
ORD-202606-04381,2026-06-18,CUST-4904,Notebook,Office,East,Ananya,2,182.78
ORD-202606-04382,2026-06-02,CUST-0183,Desk Organizer,Office,Central,Priya,2,658.49
ORD-202606-04383,2026-06-26,CUST-1952,Notebook,Office,East,Neha,6,205.56
ORD-202606-04384,2026-06-18,CUST-4775,Study Table,Furniture,Central,Neha,3,5334.02
ORD-202606-04385,2026-06-27,CUST-4187,Study Table,Furniture, East,Ananya,3,5661.75
ORD-202606-04386,2026-06-19,CUST-3618,Desk Organizer,Office,North,Amit,6,644.63
ORD-202606-04387,2026-06-07,CUST-4197,Mouse Pad,Accessories,Central,Vikram,3,420.54
ORD-202606-04388,2026-06-12,CUST-3574,USB Hub,Accessories,West,Priya,2,837.86
ORD-202606-04389,2026-06-21,CUST-4798,Pen Set,Office,North,Neha,1,299.3
ORD-202606-04390,2026-06-20,CUST-2271,Desk Organizer,Office,South,Ananya,2,603.77
ORD-202606-04391,2026-06-13,CUST-2557,Pen Set,Office,East,Neha,1,299.65
ORD-202606-04392,2026-06-23,CUST-0871,Desk Organizer,Office,North,Rahul,6,548.71
ORD-202606-04393,2026-07-01,CUST-0406,USB Hub,Accessories,South,Amit,5,822.54
ORD-202606-04394,2026-06-08,CUST-0279,Monitor Stand,Furniture,South,Vikram,5,2145.37
ORD-202606-04395,2026-06-06,CUST-4545,Office Chair,Furniture,West,Amit,7,-100.0
ORD-202606-04396,2026-06-30,CUST-2556,Study Table,Furniture,Central,Priya,4,5183.92
ORD-202606-04397,2026-06-16,CUST-1840,Headphones,Electronics,North,Rahul,4,2439.44
ORD-202606-04398,2026-06-08,CUST-4791,Study Table,Furniture,North,Ananya,7,5848.66
ORD-202606-04399,2026-06-20,CUST-4634,Desk Organizer,Office,North,Sneha,7,578.07
ORD-202606-04400,2026-06-29,CUST-3502,Office Chair,Furniture,South,Amit,4,6623.59
ORD-202606-04401,2026-06-18,CUST-2568,Headphones,Electronics,North,Vikram,1,2746.51
ORD-202606-04402,2026-06-16,CUST-1505,Office Chair,Furniture,West,Rahul,5,7526.15
ORD-202606-04403,2026-06-24,CUST-1993,Headphones,Electronics,Central,Karan,7,2254.06
ORD-202606-04404,2026-06-17,CUST-4939,Desk Organizer,Office,South,Neha,3,601.18
ORD-202606-04405,2026-06-18,CUST-0317,Office Chair,Furniture ,Central,Vikram,5,7051.88
ORD-202606-04406,2026-06-11,CUST-1051,Wireless Mouse,Electronics,East,Amit,4,794.47
ORD-202606-04407,2026-06-19,CUST-3817,Pen Set,Office,South,Rahul,3,288.37
ORD-202606-04408,2026-06-26,CUST-4225,Office Chair,Furniture,East,Karan,1,7292.56
ORD-202606-04409,2026-06-26,CUST-3433,Pen Set,Office,Central,Vikram,1,291.73
ORD-202606-04410,2026-06-15,CUST-3603,Monitor Stand,Furniture,West,Neha,2,2105.89
ORD-202606-04411,2026-06-04,CUST-4898,Laptop Stand,Accessories,North,Amit,2,1362.77
ORD-202606-04412,2026-06-12,CUST-0102,Pen Set,Office,West,Neha,7,284.74
ORD-202606-04413,2026-06-25,CUST-2346,Monitor Stand,Furniture,West,Amit,6,1931.08
ORD-202606-04414,2026-06-25,CUST-4171,Laptop Stand,Accessories,East,Neha,1,1355.88
ORD-202606-04415,2026-06-16,CUST-4163,Laptop Stand,Accessories,North,Vikram,7,1419.48
ORD-202606-04416,2026-06-28,CUST-4857,Pen Set,Office,West,Neha,7,309.67
ORD-202606-04417,2026-06-22,CUST-3857,Headphones,Electronics,North,Rahul,1,2335.14
ORD-202606-04418,2026-06-08,CUST-4046,Monitor Stand,Furniture,East,Karan,3,2098.5
ORD-202606-04419,2026-06-20,CUST-2988,Laptop Stand,Accessories,Central,Sneha,2,1643.39
ORD-202606-04420,2026-06-26,CUST-2107,Wireless Mouse,Electronics,West,Sneha,5,799.67
ORD-202606-04421,2026-06-11,CUST-3634,Keyboard,Electronics,West,Priya,3,1216.13
ORD-202606-04422,2026-06-28,CUST-2093,Office Chair,Furniture,South,Vikram,2,7127.37
ORD-202606-04423,2026-06-10,CUST-2076,Monitor Stand,Furniture,West,Neha,7,1935.35
ORD-202606-04424,2026-06-09,CUST-3647,Laptop Stand,Accessories,,Vikram,3,1357.7
ORD-202606-04425,2026-06-05,CUST-4323,Monitor Stand,Furniture,South,Sneha,1,2001.31
ORD-202606-04426,2026-06-16,CUST-0360,Notebook,Office,North,Amit,3,203.54
ORD-202606-04427,2026-06-06,CUST-4746,Office Chair,Furniture,Central,,7,6433.44
ORD-202606-04428,2026-06-08,CUST-0610,Mouse Pad,Accessories,East,Priya,2,390.43
ORD-202606-04429,2026-06-08,CUST-0117,Desk Organizer,Office,West,Priya,3,606.91
ORD-202606-04430,2026-06-06,CUST-4715,Office Chair,Furniture,East,Vikram,2,6764.72
ORD-202606-04431,2026-06-04,CUST-2213,Keyboard,Electronics,North,Karan,4,1361.36
ORD-202606-04432,2026-06-07,CUST-0536,Headphones,Electronics,Central,Priya,2,2258.39
ORD-202606-04433,2026-06-19,CUST-0676,Laptop Stand,Accessories,Central,Amit,3,1491.53
ORD-202606-04434,2026-06-10,CUST-0046,Wireless Mouse,Electronics,South,Vikram,6,870.61
ORD-202606-04435,2026-06-11,CUST-1280,Webcam,Electronics,North,Sneha,5,2025.73
ORD-202606-04436,2026-06-06,CUST-4659,Office Chair,Furniture,East,Amit,6,7465.68
ORD-202606-04437,2026-06-23,,Keyboard,Electronics,,Rahul,1,1202.59
ORD-202606-04438,2026-06-09,CUST-4096,Desk Organizer,Office,South,Neha,6,554.61
ORD-202606-04439,2026-07-01,CUST-2007,Office Chair,Furniture,Central,Amit,6,7302.86
ORD-202606-04440,2026-06-20,CUST-4342,Study Table,Furniture,North,Amit,5,5777.69
ORD-202606-04441,2026-06-18,CUST-0708,Monitor Stand,Furniture,West,Neha,4,1883.6
ORD-202606-04442,2026-06-12,CUST-1669,Notebook,Office,West,Neha,7,190.38
ORD-202606-04443,2026-06-13,CUST-3622,Pen Set,Office ,South,Rahul,1,315.05
ORD-202606-04444,2026-06-02,CUST-1731,Mouse Pad,accessories,West,Neha,4,-100.0
ORD-202606-04445,2026-06-09,CUST-4567,Headphones,Electronics,West,Priya,2,2596.84
ORD-202606-04446,2026-06-02,CUST-3604,Study Table,Furniture,West,Neha,4,5452.32
ORD-202606-04447,2026-06-09,CUST-0099,Study Table,Furniture,North,Priya,1,5969.92
ORD-202606-04448,2026-06-02,CUST-2638,Pen Set,Office,North,Karan,2,314.41
ORD-202606-04449,2026-06-08,CUST-1722,Desk Organizer,Office,,Vikram,4,616.13
ORD-202606-04450,2026-06-19,CUST-2476,Pen Set,Office,East,Neha,4,270.16
ORD-202606-04451,2026-06-14,CUST-0639,Keyboard,Electronics,South,Ananya,7,1410.25
ORD-202606-04452,2026-06-04,CUST-2361,Headphones,Electronics,North,Priya,6,2532.86
ORD-202606-04453,2026-06-06,CUST-1788,Pen Set,Office,South,Sneha,2,278.45
ORD-202606-04454,2026-06-01,CUST-4553,Headphones,Electronics,Central,Neha,7,2552.78
ORD-202606-04455,,CUST-3425,Keyboard,Electronics,West,Karan,7,1360.71
ORD-202606-04456,2026-06-06,CUST-4800,Mouse Pad,Accessories,Central,Ananya,1,434.61
ORD-202606-04457,2026-06-01,,Laptop Stand,Accessories,East,Karan,2,1442.39
ORD-202606-04458,2026-06-01,CUST-0879,Mouse Pad,Accessories,West,Vikram,6,387.12
ORD-202606-04459,2026-06-11,CUST-0048,Wireless Mouse,Electronics,Central,Priya,2,838.14
ORD-202606-04460,2026-06-08,CUST-0548,Pen Set,Office,West,Ananya,6,325.29
ORD-202606-04461,2026-06-01,CUST-4156,Desk Organizer,Office,Central,Amit,7,656.04
ORD-202606-04462,2026-06-11,CUST-2566,Webcam,Electronics,South,Vikram,4,1917.22
ORD-202606-04463,2026-06-07,CUST-4157,Notebook,Office,South,Vikram,4,190.54
ORD-202606-04464,2026-06-19,CUST-0515,Keyboard,Electronics,East,Ananya,5,1218.45
ORD-202606-04465,2026-06-15,CUST-1786,USB Hub,Accessories,North,Vikram,3,810.41
ORD-202606-04466,2026-06-23,CUST-3385,Monitor Stand,Furniture,West,Priya,5,2146.16
ORD-202606-04467,,CUST-4524,Office Chair,Furniture,South,Karan,5,7646.97
ORD-202606-04468,2026-06-18,,Keyboard,Electronics,South,Neha,2,1366.23
ORD-202606-04469,2026-06-13,CUST-0036,Office Chair,Furniture,North,Karan,4,7391.33
ORD-202606-04470,2026-07-01,CUST-0601,Pen Set,Office,North,,3,306.66
ORD-202606-04471,2026-06-23,CUST-2114,Notebook,Office,Central,Ananya,1,214.4
ORD-202606-04472,2026-07-01,CUST-2196,Monitor Stand,Furniture,West,Karan,4,1935.36
ORD-202606-04473,2026-06-08,CUST-2064,Wireless Mouse,Electronics,South,Priya,5,801.22
ORD-202606-04474,2026-06-23,CUST-1540,Headphones,Electronics,Central,Amit,4,2310.74
ORD-202606-04475,2026-06-01,CUST-1696,Monitor Stand,Furniture,Central,Priya,5,2100.87
ORD-202606-04476,2026-06-12,CUST-0517,Mouse Pad,Accessories,West,Amit,3,430.18
ORD-202606-04477,2026-06-01,CUST-1400,Study Table,Furniture,North,Vikram,4,5033.42
ORD-202606-04478,2026-06-23,CUST-0776,Wireless Mouse,Electronics,East,Vikram,1,757.97
ORD-202606-04479,2026-06-24,CUST-1376,Mouse Pad,Accessories,South,Priya,-1,418.12
ORD-202606-04480,2026-06-02,CUST-0756,Monitor Stand,Furniture,East,Karan,4,1860.6
ORD-202606-04481,2026-06-22,CUST-1262,Study Table,Furniture,South,Karan,1,5304.35
ORD-202606-04482,2026-06-17,CUST-3507,Monitor Stand,Furniture,East,Amit,3,1813.35
ORD-202606-04483,2026-07-01,CUST-3562,Laptop Stand,Accessories,North,Sneha,2,1462.24
ORD-202606-04484,2026-06-05,CUST-3524,Notebook,Office,East,Rahul,7,217.48
ORD-202606-04485,2026-06-14,CUST-4435,Headphones,Electronics,West,Amit,2,2462.07
ORD-202606-04486,2026-06-25,CUST-4760,Wireless Mouse,Electronics,Central,Ananya,6,784.09
ORD-202606-04487,2026-06-21,CUST-4939,Laptop Stand,Accessories,North,Amit,6,1641.21
ORD-202606-04488,2026-06-19,CUST-3586,Desk Organizer,Office,East,Priya,2,613.04
ORD-202606-04489,2026-06-21,CUST-2508,Office Chair,Furniture,Central,Sneha,2,6428.03
ORD-202606-04490,2026-06-13,CUST-2052,Headphones,Electronics,North,Neha,6,2722.89
ORD-202606-04491,2026-06-06,CUST-2019,Wireless Mouse,Electronics,North,Karan,6,826.34
ORD-202606-04492,2026-06-06,CUST-2335,Study Table,Furniture,East,Rahul,5,5695.89
ORD-202606-04493,2026-06-07,CUST-4608,Study Table,Furniture,North,Amit,5,5746.08
ORD-202606-04494,2026-06-05,CUST-1906,Keyboard,Electronics,East,Amit,5,1244.61
ORD-202606-04495,2026-06-23,CUST-3881,Study Table,Furniture,West,Amit,3,6030.59
ORD-202606-04496,2026-06-20,CUST-3210,Study Table,Furniture,South,Amit,4,5816.92
ORD-202606-04497,2026-06-03,CUST-2205,Keyboard,Electronics,North,Priya,6,1209.22
ORD-202606-04498,2026-07-01,CUST-0489,Pen Set,Office,West,Vikram,7,299.58
ORD-202606-04499,2026-06-02,CUST-1750,USB Hub,Accessories,West,Priya,4,818.81
ORD-202606-04500,2026-06-12,CUST-4660,Laptop Stand,Accessories,West ,Vikram,3,1351.45
ORD-202606-04501,2026-07-01,CUST-0486,Office Chair,Furniture,East,Rahul,6,7241.79
ORD-202606-04502,2026-06-30,CUST-3724,USB Hub,Accessories,Central,Ananya,7,864.96
ORD-202606-04503,2026-06-19,CUST-1080,Monitor Stand,Furniture,South,Sneha,6,1942.99
ORD-202606-04504,2026-06-09,CUST-2271,Keyboard,Electronics,South,Vikram,6,1369.11
ORD-202606-04505,2026-06-09,CUST-4883,Office Chair,Furniture,West,Rahul,2,6864.32
ORD-202606-04506,2026-06-13,CUST-1634,Mouse Pad,Accessories,North,Neha,1,415.88
ORD-202606-04507,2026-06-20,CUST-3991,Headphones,Electronics,West,Priya,6,2609.18
ORD-202606-04508,2026-06-08,CUST-4331,Wireless Mouse,Electronics,South,,4,832.79
ORD-202606-04509,2026-06-27,CUST-2136,Webcam,Electronics,North,Priya,4,1863.41
ORD-202606-04510,2026-06-29,CUST-2189,Office Chair,Furniture,South,Vikram,5,6967.82
ORD-202606-04511,2026-06-13,CUST-3309,Laptop Stand,Accessories,East,Ananya,6,1474.75
ORD-202606-04512,2026-06-28,CUST-1515,USB Hub,Accessories,South,,7,861.61
ORD-202606-04513,2026-06-26,CUST-0521,Webcam,Electronics,Central,Vikram,7,1713.71
ORD-202606-04514,2026-06-26,CUST-2749,Headphones,Electronics,West,Neha,6,2296.91
ORD-202606-04515,2026-06-22,CUST-4778,Mouse Pad,Accessories,East,Ananya,2,363.64
ORD-202606-04516,2026-06-23,CUST-1776,Office Chair,Furniture,Central,Priya,5,6714.13
ORD-202606-04517,2026-06-09,CUST-2754,Notebook,Office,West,Neha,5,200.57
ORD-202606-04518,2026-06-01,CUST-4412,Keyboard,Electronics,East,Amit,4,1336.37
ORD-202606-04519,2026-06-13,CUST-3816,Pen Set,Office,East,Priya,7,282.65
ORD-202606-04520,2026-06-05,CUST-0231,Notebook,Office,Central,Vikram,6,191.46
ORD-202606-04521,2026-06-23,,Keyboard,Electronics,North,Vikram,1,1414.66
ORD-202606-04522,2026-06-09,CUST-3081,Pen Set,Office,Central,Priya,3,296.81
ORD-202606-04523,2026-06-28,CUST-3009,Keyboard,Electronics,West,Ananya,3,1284.2
ORD-202606-04524,2026-06-12,CUST-3348,Desk Organizer,Office,South,Sneha,2,621.27
ORD-202606-04525,2026-06-01,CUST-2671,Desk Organizer,Office,North,Sneha,2,630.0
ORD-202606-04526,2026-06-17,CUST-2794,Keyboard,Electronics,East,Neha,7,1254.18
ORD-202606-04527,2026-06-15,CUST-0849,Monitor Stand,Furniture,Central,Priya,5,1972.4
ORD-202606-04528,2026-06-20,CUST-1838,Webcam,Electronics,East,Amit,4,1814.52
ORD-202606-04529,2026-06-12,CUST-2524,Mouse Pad,Accessories,South,Vikram,1,409.69
ORD-202606-04530,2026-06-12,,USB Hub,Accessories,East,Ananya,7,980.76
ORD-202606-04531,2026-06-26,CUST-4887,Office Chair,Furniture,North,Neha,7,6585.56
ORD-202606-04532,2026-06-01,CUST-2295,Webcam,Electronics,North,Priya,5,2082.53
ORD-202606-04533,2026-06-25,CUST-0281,Keyboard,Electronics,West,Ananya,2,1357.61
ORD-202606-04534,2026-06-27,CUST-0890,Desk Organizer,Office,North,,6,648.82
ORD-202606-04535,2026-06-29,CUST-1728,Headphones,Electronics,West,Ananya,6,2539.1
ORD-202606-04536,2026-06-22,CUST-2763,Notebook,Office,North,Vikram,2,204.76
ORD-202606-04537,2026-06-22,CUST-4139,Monitor Stand,Furniture,Central,Vikram,7,2102.9
ORD-202606-04538,2026-06-02,CUST-1054,Keyboard,Electronics,West,Neha,7,1290.33
ORD-202606-04539,2026-06-30,CUST-3371,Study Table,Furniture,East,Vikram,3,5826.44
ORD-202606-04540,2026-06-07,CUST-4775,Webcam,Electronics,North,Priya,4,1963.49
ORD-202606-04541,2026-07-01,CUST-0888,USB Hub,Accessories,North,Ananya,5,936.58
ORD-202606-04542,2026-06-19,CUST-3457,Mouse Pad,Accessories,North,Neha,6,404.64
ORD-202606-04543,2026-06-20,CUST-0785,Monitor Stand,Furniture,North,Vikram,6,1919.16
ORD-202606-04544,2026-06-03,CUST-4516,USB Hub,Accessories,South,Karan,7,971.86
ORD-202606-04545,2026-06-02,CUST-2378,Office Chair,Furniture,South,Amit,2,7632.71
ORD-202606-04546,2026-06-18,CUST-1300,Wireless Mouse,Electronics,North,Sneha,3,732.14
ORD-202606-04547,2026-06-09,CUST-1377,Mouse Pad,Accessories,South,Neha,5,382.64
ORD-202606-04548,2026-06-16,CUST-0786,Mouse Pad,Accessories,Central,Vikram,7,366.29
ORD-202606-04549,2026-06-09,CUST-0858,Headphones,Electronics,North,Neha,7,2355.22
ORD-202606-04550,2026-06-18,CUST-3205,Study Table,Furniture,West,Priya,1,4977.54
ORD-202606-04551,2026-06-25,CUST-4146,USB Hub,Accessories,North,Amit,2,856.94
ORD-202606-04552,2026-06-10,CUST-1240,Pen Set,Office,Central,Sneha,6,315.27
ORD-202606-04553,2026-06-22,CUST-3616,Notebook,Office,North,Vikram,5,182.29
ORD-202606-04554,2026-06-03,CUST-1240,Mouse Pad,Accessories,Central,Rahul,1,424.79
ORD-202606-04555,2026-06-08,CUST-2146,Headphones,Electronics,North,Amit,7,2517.85
ORD-202606-04556,2026-06-18,CUST-3215,Mouse Pad,Accessories,West,Priya,2,404.02
ORD-202606-04557,2026-06-06,CUST-0851,Headphones,Electronics,Central,Priya,7,2262.26
ORD-202606-04558,2026-06-25,CUST-1389,Office Chair,Furniture,West,Neha,3,6885.31
ORD-202606-04559,2026-06-10,CUST-0041,USB Hub,Accessories,West,Sneha,4,943.86
ORD-202606-04560,2026-06-24,CUST-4485,Headphones,Electronics,North,,4,2496.16
ORD-202606-04561,2026-06-06,CUST-0723,Webcam,Electronics,West,Rahul,4,1940.27
ORD-202606-04562,2026-06-19,CUST-3516,Laptop Stand,Accessories,South,Vikram,4,1433.88
ORD-202606-04563,2026-07-01,CUST-1595,Laptop Stand,Accessories,West,Karan,2,1431.46
ORD-202606-04564,2026-06-07,CUST-1905,Notebook,office,Central,Sneha,5,187.42
ORD-202606-04565,2026-06-05,CUST-1308,Study Table,Furniture,,Karan,3,4992.22
ORD-202606-04566,2026-06-06,CUST-1752,Webcam,Electronics,North,Ananya,3,1861.9
ORD-202606-04567,2026-06-16,CUST-1373,Pen Set,Office,South,Ananya,6,318.49
ORD-202606-04568,2026-06-27,CUST-0089,Monitor Stand,Furniture,Central,Karan,4,2158.43
ORD-202606-04569,2026-06-18,CUST-1091,Pen Set,Office,South,Neha,5,300.73
ORD-202606-04570,2026-06-07,CUST-0982,Laptop Stand,Accessories ,,Rahul,4,1513.76
ORD-202606-04571,2026-06-24,CUST-0387,Office Chair,Furniture,South,Karan,6,6589.6
ORD-202606-04572,2026-06-19,CUST-1074,USB Hub,Accessories,South,Rahul,2,914.66
ORD-202606-04573,2026-06-15,CUST-0400,Notebook,Office,North,Karan,3,199.54
ORD-202606-04574,2026-06-20,CUST-4111,Pen Set,Office,Central,Amit,4,302.59
ORD-202606-04575,2026-06-15,CUST-4887,Mouse Pad,Accessories,West,Priya,5,408.78
ORD-202606-04576,2026-06-15,CUST-1299,Monitor Stand,furniture,South,Neha,4,2192.04
ORD-202606-04577,2026-06-28,CUST-0732,Headphones,Electronics,South,Rahul,2,2473.64
ORD-202606-04578,2026-06-15,CUST-0681,Notebook,Office,Central,Vikram,7,199.67
ORD-202606-04579,2026-06-18,CUST-0686,Monitor Stand,Furniture,East,Neha,1,1996.67
ORD-202606-04580,2026-06-16,CUST-3583,Headphones,Electronics,North,Karan,5,2493.12
ORD-202606-04581,2026-06-15,CUST-0645,Desk Organizer,Office,East,Sneha,1,639.79
ORD-202606-04582,2026-06-04,CUST-2119,Keyboard,Electronics,West,Amit,3,1224.85
ORD-202606-04583,2026-06-29,CUST-1741,Pen Set,Office,Central,Priya,6,325.84
ORD-202606-04584,2026-06-03,CUST-2844,Desk Organizer,Office,North,Vikram,2,565.44
ORD-202606-04585,2026-06-24,CUST-4753,Laptop Stand,Accessories,East,Neha,7,1623.42
ORD-202606-04586,2026-06-24,CUST-4306,Headphones,Electronics,West,Sneha,6,2447.96
ORD-202606-04587,2026-06-04,CUST-3175,Headphones,Electronics,Central,Rahul,7,2278.78
ORD-202606-04588,2026-06-22,CUST-4542,Study Table,Furniture,South,Vikram,2,5696.88
ORD-202606-04589,2026-06-02,CUST-4837,Desk Organizer,Office,East,Ananya,6,646.2
ORD-202606-04590,2026-06-13,CUST-4929,Monitor Stand,Furniture,East,Neha,3,2080.16
ORD-202606-04591,2026-06-24,CUST-0915,USB Hub,Accessories,West,Vikram,7,829.88
ORD-202606-04592,2026-06-08,CUST-4591,Laptop Stand,Accessories,West,Vikram,2,1452.54
ORD-202606-04593,2026-06-14,CUST-3648,Notebook,Office,East,Ananya,5,182.14
ORD-202606-04594,2026-06-04,CUST-3739,Monitor Stand,Furniture,West,Priya,1,2197.97
ORD-202606-04595,2026-06-25,CUST-0401,Keyboard,Electronics,East,Priya,4,1217.52
ORD-202606-04596,2026-07-01,CUST-0654,Mouse Pad,Accessories,West,Rahul,3,427.83
ORD-202606-04597,2026-06-27,CUST-2875,Study Table,Furniture,West,Vikram,7,5052.55
ORD-202606-04598,2026-06-17,CUST-3230,Headphones,Electronics,South,Karan,5,2268.25
ORD-202606-04599,2026-06-23,CUST-3855,Office Chair,Furniture,North,Priya,1,7463.24
ORD-202606-04600,2026-06-15,CUST-4624,Mouse Pad,Accessories,South,Vikram,7,394.3
ORD-202606-04601,2026-06-19,CUST-0592,Office Chair,Furniture,North,Neha,2,7044.19
ORD-202606-04602,2026-06-24,,Pen Set,Office,South,Ananya,1,308.43
ORD-202606-04603,2026-06-30,CUST-2138,Desk Organizer,Office,North,Sneha,4,558.73
ORD-202606-04604,2026-06-28,CUST-1935,Mouse Pad,Accessories,,Ananya,7,393.65
ORD-202606-04605,2026-06-19,CUST-0951,Headphones,Electronics, South,Vikram,5,2318.32
ORD-202606-04606,2026-06-17,CUST-2504,Desk Organizer,Office,North,Vikram,7,568.8
ORD-202606-04607,2026-07-01,CUST-2061,Wireless Mouse,Electronics,North,Neha,6,837.24
ORD-202606-04608,2026-06-09,CUST-0038,Pen Set,Office,Central,Neha,7,304.56
ORD-202606-04609,2026-06-29,CUST-0634,Notebook,Office,North,Ananya,5,184.71
ORD-202606-04610,2026-06-12,CUST-1203,Office Chair,Furniture,West,Ananya,6,6945.77
ORD-202606-04611,2026-06-15,CUST-3893,Notebook,Office,Central,Neha,5,183.89
ORD-202606-04612,2026-06-10,CUST-4824,Wireless Mouse,Electronics,West,Sneha,1,800.29
ORD-202606-04613,2026-06-03,CUST-0248,Mouse Pad,Accessories,West,Ananya,4,391.62
ORD-202606-04614,2026-06-22,CUST-1144,Desk Organizer,Office,West,Vikram,2,545.24
ORD-202606-04615,2026-06-13,CUST-0866,USB Hub,Accessories,West,Karan,4,912.14
ORD-202606-04616,2026-06-18,CUST-4793,Study Table,Furniture,West,Rahul,4,5025.75
ORD-202606-04617,2026-06-23,CUST-0079,Notebook,Office,Central,Ananya,2,185.43
ORD-202606-04618,2026-06-26,CUST-2521,Keyboard,Electronics,West,Ananya,3,1295.9
ORD-202606-04619,2026-06-11,CUST-4038,Notebook,Office,West,Neha,6,179.22
ORD-202606-04620,2026-06-28,CUST-3045,Pen Set,Office,Central,Ananya,1,324.42
ORD-202606-04621,2026-06-16,,Desk Organizer,Office,South,Rahul,1,571.28
ORD-202606-04622,2026-06-27,CUST-1926,Webcam,Electronics,North,Sneha,3,1785.86
ORD-202606-04623,2026-06-15,CUST-3748,Study Table,Furniture,North,Ananya,7,5977.27
ORD-202606-04624,2026-06-30,CUST-4868,Office Chair,furniture,West,Rahul,6,6543.79
ORD-202606-04625,2026-06-01,CUST-2782,Headphones,Electronics,West,Amit,3,2319.88
ORD-202606-04626,2026-06-11,CUST-2588,Monitor Stand,Furniture,South,Priya,7,2129.17
ORD-202606-04627,2026-06-20,CUST-0434,Notebook,Office,East,Karan,4,180.21
ORD-202606-04628,2026-06-23,CUST-3075,Monitor Stand,Furniture,North,Rahul,5,1802.23
ORD-202606-04629,2026-06-12,CUST-3380,Mouse Pad,Accessories,West,Karan,4,417.11
ORD-202606-04630,2026-06-30,CUST-0490,Webcam,Electronics,East,Neha,1,2037.76
ORD-202606-04631,2026-06-29,CUST-4711,Notebook,Office,North,Neha,2,190.99
ORD-202606-04632,2026-06-13,CUST-1538,Mouse Pad,Accessories,South,Rahul,1,407.55
ORD-202606-04633,2026-06-04,CUST-4112,Headphones, Electronics,Central,Rahul,5,2685.59
ORD-202606-04634,2026-06-30,CUST-4058,Monitor Stand,Furniture,South,Neha,3,2002.61
ORD-202606-04635,2026-06-23,CUST-0273,Headphones,Electronics,South,Priya,7,2719.64
ORD-202606-04636,2026-06-20,CUST-4449,Laptop Stand,Accessories,West,Vikram,3,1370.53
ORD-202606-04637,2026-06-18,CUST-1261,Laptop Stand,Accessories,,Karan,2,1418.57
ORD-202606-04638,2026-06-24,CUST-4297,Headphones,Electronics,East,Vikram,1,2550.21
ORD-202606-04639,2026-06-26,CUST-4528,Mouse Pad,Accessories,South,Amit,7,366.74
ORD-202606-04640,2026-06-05,CUST-4300,Wireless Mouse,Electronics,Central,Priya,1,723.44
ORD-202606-04641,2026-06-13,CUST-1460,Laptop Stand,Accessories,North,Neha,4,1353.9
ORD-202606-04642,2026-06-01,CUST-0473,Mouse Pad,Accessories,West,Neha,5,428.33
ORD-202606-04643,2026-06-05,CUST-2566,USB Hub,Accessories,North,Vikram,1,897.76
ORD-202606-04644,2026-06-09,CUST-3484,Laptop Stand,Accessories,West,Ananya,2,1638.43
ORD-202606-04645,2026-06-08,CUST-4918,Keyboard,Electronics,,Neha,2,1221.71
ORD-202606-04646,2026-06-24,CUST-4871,Webcam,Electronics,West,Vikram,4,1877.9
ORD-202606-04647,2026-06-17,CUST-1971,Mouse Pad,Accessories,Central,Karan,4,359.81
ORD-202606-04648,2026-06-26,CUST-4352,Study Table,Furniture,Central,Karan,4,5321.2
ORD-202606-04649,2026-06-15,CUST-4766,Headphones,Electronics,South,Priya,3,2651.78
ORD-202606-04650,2026-06-02,CUST-0290,Desk Organizer,Office,Central,Amit,3,625.87
ORD-202606-04651,2026-06-02,CUST-1284,Office Chair,Furniture,North,Rahul,5,7419.1
ORD-202606-04652,2026-06-21,CUST-1995,USB Hub,Accessories,East,Rahul,1,977.26
ORD-202606-04653,2026-06-16,CUST-0522,Mouse Pad,Accessories,North,Karan,6,406.35
ORD-202606-04654,2026-06-02,CUST-4778,Notebook,Office,Central,Neha,1,215.19
ORD-202606-04655,2026-06-08,CUST-0042,Laptop Stand,Accessories,North,Priya,2,1421.92
ORD-202606-04656,2026-06-25,CUST-4961,Office Chair,Furniture,West,Neha,7,7049.71
ORD-202606-04657,2026-06-19,CUST-2507,Laptop Stand,Accessories,Central,Rahul,7,1541.49
ORD-202606-04658,2026-06-27,CUST-2652,Mouse Pad,Accessories,South,Neha,3,398.67
ORD-202606-04659,2026-06-21,CUST-0335,Headphones,Electronics,Central,Karan,3,2564.37
ORD-202606-04660,2026-06-25,CUST-2240,Webcam,Electronics,,Ananya,5,1902.66
ORD-202606-04661,2026-06-05,CUST-3674,USB Hub, Accessories,Central,Priya,7,980.23
ORD-202606-04662,2026-06-27,CUST-2231,Study Table,Furniture,West,Neha,7,5798.22
ORD-202606-04663,2026-06-14,CUST-4286,Study Table,Furniture,Central,Amit,4,5618.25
ORD-202606-04664,2026-06-20,CUST-3949,Wireless Mouse,Electronics,Central,Sneha,1,776.56
ORD-202606-04665,2026-06-01,CUST-3285,Mouse Pad,Accessories,,Priya,2,377.37
ORD-202606-04666,2026-06-05,CUST-0581,Office Chair,Furniture,West,Ananya,4,7059.37
ORD-202606-04667,2026-06-25,CUST-1597,Pen Set,Office, Central,Vikram,2,292.04
ORD-202606-04668,2026-06-08,CUST-1291,Pen Set,Office,West,Vikram,3,325.91
ORD-202606-04669,2026-06-04,CUST-1947,Study Table,Furniture,South,Amit,1,5472.0
ORD-202606-04670,2026-06-02,CUST-0634,Headphones,Electronics,North,Priya,1,2645.18
ORD-202606-04671,2026-06-16,CUST-4543,Pen Set,Office,West,Sneha,7,294.64
ORD-202606-04672,2026-06-12,CUST-3084,Desk Organizer,Office,Central,Ananya,6,593.43
ORD-202606-04673,2026-06-20,CUST-2181,Wireless Mouse,Electronics,East,Rahul,3,720.66
ORD-202606-04674,2026-06-12,CUST-3046,Office Chair,Furniture,West,Vikram,4,7693.74
ORD-202606-04675,2026-06-17,CUST-0944,USB Hub,Accessories,North,Vikram,3,857.01
ORD-202606-04676,2026-06-26,CUST-3482,USB Hub,Accessories,North,Amit,4,899.53
ORD-202606-04677,2026-06-28,CUST-0943,Headphones,Electronics,West,Vikram,1,2736.37
ORD-202606-04678,2026-06-21,CUST-2173,Desk Organizer,Office,West,Neha,1,576.07
ORD-202606-04679,2026-06-23,CUST-1050,Laptop Stand,Accessories,West,Vikram,2,1355.82
ORD-202606-04680,2026-06-01,CUST-3550,Pen Set,Office,Central,Ananya,4,277.1
ORD-202606-04681,2026-06-02,CUST-1487,Pen Set,Office,North,Sneha,3,310.16
ORD-202606-04682,2026-06-02,CUST-0474,Study Table,Furniture,,Karan,7,5584.47
ORD-202606-04683,2026-06-18,CUST-2150,Headphones,Electronics,Central,Karan,5,2456.09
ORD-202606-04684,2026-06-11,CUST-1356,Keyboard,Electronics,South,,4,1423.59
ORD-202606-04685,2026-06-11,CUST-3724,USB Hub,Accessories,North,Ananya,6,983.51
ORD-202606-04686,2026-06-15,CUST-1071,Webcam,Electronics,South,Rahul,5,1781.42
ORD-202606-04687,2026-06-12,CUST-2420,Pen Set,Office,West,Amit,2,303.13
ORD-202606-04688,2026-06-28,CUST-3601,Keyboard,Electronics,East,Priya,4,1339.65
ORD-202606-04689,2026-06-08,CUST-0732,Mouse Pad,Accessories,East,Amit,7,366.18
ORD-202606-04690,2026-06-19,CUST-4884,USB Hub,Accessories,Central,Ananya,5,860.86
ORD-202606-04691,2026-06-19,CUST-1363,Pen Set,Office,South,Ananya,3,279.02
ORD-202606-04692,2026-06-06,CUST-1193,Headphones,Electronics,North,Sneha,2,2530.74
ORD-202606-04693,2026-06-28,CUST-4369,Monitor Stand,Furniture,South,Vikram,6,2093.18
ORD-202606-04694,2026-06-01,CUST-1939,Webcam,Electronics,East,Neha,6,1984.79
ORD-202606-04695,2026-06-19,CUST-2853,Webcam,Electronics,West,Sneha,1,1738.69
ORD-202606-04696,2026-06-03,CUST-0072,Laptop Stand,Accessories,South,Karan,7,1412.14
ORD-202606-04697,2026-06-07,CUST-2578,Study Table,Furniture,Central,Amit,4,5721.38
ORD-202606-04698,2026-06-28,CUST-1953,Mouse Pad,Accessories,West,Neha,5,378.26
ORD-202606-04699,2026-06-02,CUST-4290,USB Hub,Accessories,North,Ananya,7,960.06
ORD-202606-04700,2026-06-07,CUST-1355,Notebook,Office,East,Ananya,6,201.39
ORD-202606-04701,2026-06-08,CUST-3834,Monitor Stand,Furniture,East,Neha,4,1830.71
ORD-202606-04702,2026-06-20,CUST-2962,Headphones,Electronics,North,Karan,7,2461.83
ORD-202606-04703,2026-06-21,CUST-3469,Study Table,Furniture,Central,Priya,4,5846.29
ORD-202606-04704,2026-06-07,CUST-0059,Notebook,Office,East,Ananya,7,208.66
ORD-202606-04705,2026-06-27,CUST-1227,Desk Organizer,Office,East,Neha,4,612.17
ORD-202606-04706,2026-06-28,,Laptop Stand,Accessories,East,Karan,1,1428.65
ORD-202606-04707,2026-06-29,CUST-1309,Notebook,Office,North,Amit,3,215.27
ORD-202606-04708,2026-06-07,CUST-2904,Desk Organizer,Office,North,Karan,6,545.71
ORD-202606-04709,2026-06-29,CUST-0442,Laptop Stand,Accessories,Central ,Amit,2,1440.66
ORD-202606-04710,2026-06-21,CUST-3836,USB Hub,Accessories,Central,Karan,4,907.97
ORD-202606-04711,2026-06-30,CUST-1892,Laptop Stand,Accessories,North,Ananya,5,1452.78
ORD-202606-04712,2026-06-17,CUST-2702,Pen Set,Office,East,Vikram,3,317.36
ORD-202606-04713,2026-06-20,,Office Chair,Furniture,Central,Neha,5,7183.19
ORD-202606-04714,2026-06-26,CUST-2962,Notebook,Office,South,Rahul,4,190.15
ORD-202606-04715,2026-06-04,CUST-0765,Laptop Stand,Accessories,South,Ananya,1,1493.89
ORD-202606-04716,2026-06-23,CUST-2919,Monitor Stand,Furniture,East,Ananya,7,1887.48
ORD-202606-04717,2026-06-05,CUST-2317,Monitor Stand,Furniture,,Ananya,4,1940.02
ORD-202606-04718,2026-06-25,CUST-1818,USB Hub,Accessories,Central,Rahul,1,947.35
ORD-202606-04719,2026-06-18,CUST-0009,Wireless Mouse,Electronics,East,Sneha,1,782.04
ORD-202606-04720,2026-06-19,CUST-1934,Headphones,Electronics,,Karan,3,2545.09
ORD-202606-04721,2026-06-03,CUST-4531,Office Chair,Furniture,Central,Amit,6,7128.28
ORD-202606-04722,2026-06-20,CUST-3617,Desk Organizer,Office,West,Karan,5,637.2
ORD-202606-04723,2026-06-20,CUST-2566,Desk Organizer,Office,Central,Rahul,5,576.31
ORD-202606-04724,2026-06-05,CUST-2945,Monitor Stand,Furniture,West,Karan,7,1876.11
ORD-202606-04725,2026-06-22,CUST-3046,Mouse Pad,Accessories,North,Ananya,7,-100.0
ORD-202606-04726,2026-06-08,CUST-1805,Webcam,Electronics,,Karan,1,1872.72
ORD-202606-04727,2026-06-05,CUST-4107,Study Table,Furniture,North,Ananya,6,5000.57
ORD-202606-04728,2026-06-03,CUST-1755,Pen Set,Office,North,Amit,4,318.05
ORD-202606-04729,2026-06-24,CUST-1614,Wireless Mouse,Electronics,South,Amit,5,724.44
ORD-202606-04730,2026-06-10,CUST-1436,Keyboard,Electronics,Central,Priya,6,1330.04
ORD-202606-04731,2026-06-14,CUST-1300,Mouse Pad,Accessories,West,Rahul,5,391.02
ORD-202606-04732,2026-06-20,CUST-2386,Wireless Mouse,Electronics,West,Rahul,5,850.27
ORD-202606-04733,2026-06-02,CUST-0219,Wireless Mouse,Electronics,East,Vikram,4,869.33
ORD-202606-04734,2026-06-11,CUST-2854,Keyboard,Electronics,East,Amit,3,1191.03
ORD-202606-04735,2026-06-11,CUST-3642,Webcam,Electronics,Central,Vikram,6,1776.68
ORD-202606-04736,2026-06-27,CUST-4612,Wireless Mouse, Electronics,North,Priya,1,832.46
ORD-202606-04737,2026-07-01,CUST-2112,Office Chair,Furniture,East,Sneha,4,7205.16
ORD-202606-04738,2026-06-19,,Keyboard,Electronics,South,Priya,5,1180.02
ORD-202606-04739,2026-06-27,CUST-0764,USB Hub,Accessories,North,Sneha,4,866.43
ORD-202606-04740,2026-06-02,CUST-0954,Pen Set,Office,West,Neha,5,292.79
ORD-202606-04741,2026-06-25,CUST-0225,Laptop Stand,Accessories,North,Vikram,6,1409.26
ORD-202606-04742,2026-06-06,CUST-1876,Keyboard,Electronics,West,Karan,3,1321.53
ORD-202606-04743,2026-06-26,CUST-0579,USB Hub,Accessories,West,Priya,6,876.55
ORD-202606-04744,2026-06-08,CUST-2547,Notebook,Office,Central,Vikram,5,184.78
ORD-202606-04745,2026-06-16,CUST-3283,Pen Set,Office,West,Neha,4,323.29
ORD-202606-04746,2026-06-11,CUST-1565,Study Table,Furniture,West,Rahul,2,5288.32
ORD-202606-04747,2026-06-17,CUST-4117,Pen Set,Office,North,Sneha,6,271.03
ORD-202606-04748,2026-06-04,CUST-1581,Wireless Mouse,Electronics,West,Karan,5,848.78
ORD-202606-04749,2026-06-28,CUST-3254,Office Chair,Furniture,South,Neha,4,7450.77
ORD-202606-04750,2026-06-15,CUST-3315,Keyboard,Electronics,Central,Ananya,6,1425.65
ORD-202606-04751,2026-06-02,CUST-0104,Pen Set,Office,Central,Rahul,3,278.46
ORD-202606-04752,2026-06-21,CUST-0366,Pen Set,Office,West,Vikram,4,319.82
ORD-202606-04753,2026-06-12,CUST-2352,Monitor Stand,Furniture,North,Rahul,7,1976.75
ORD-202606-04754,2026-06-05,CUST-1728,Desk Organizer,Office,West,Ananya,7,576.02
ORD-202606-04755,2026-06-02,CUST-0978,Office Chair,Furniture,West,Amit,5,6685.77
ORD-202606-04756,2026-06-07,CUST-4603,Desk Organizer,Office,West,Sneha,7,545.67
ORD-202606-04757,2026-06-11,CUST-4970,Headphones,Electronics,South,Neha,3,2373.45
ORD-202606-04758,2026-06-30,CUST-0162,Study Table,Furniture,North,Vikram,6,5650.88
ORD-202606-04759,2026-06-07,CUST-0625,Headphones,Electronics,South,Ananya,3,2263.69
ORD-202606-04760,2026-06-25,CUST-1988,Pen Set,Office,West,Karan,3,285.87
ORD-202606-04761,2026-06-17,CUST-2231,Wireless Mouse,Electronics,North,Amit,7,725.35
ORD-202606-04762,2026-06-17,CUST-3136,Mouse Pad,Accessories,North,Neha,7,397.17
ORD-202606-04763,2026-06-22,CUST-1301,Office Chair,Furniture,North,Amit,3,7565.92
ORD-202606-04764,2026-06-11,CUST-0067,Study Table,Furniture,Central,Karan,5,5669.21
ORD-202606-04765,2026-06-17,CUST-1028,Laptop Stand,Accessories,Central,Rahul,4,1384.43
ORD-202606-04766,2026-06-24,CUST-1874,Study Table,Furniture, North,Priya,7,5793.65
ORD-202606-04767,2026-06-26,CUST-4007,Office Chair,Furniture,North,Rahul,2,7091.02
ORD-202606-04768,2026-06-08,CUST-2122,Office Chair,Furniture,North,Priya,5,6981.05
ORD-202606-04769,2026-06-08,CUST-1379,Desk Organizer,Office,West,Sneha,5,651.82
ORD-202606-04770,2026-06-11,CUST-1455,Notebook,Office,North,Neha,6,180.83
ORD-202606-04771,2026-06-26,CUST-2479,Office Chair,Furniture,North,Neha,4,6395.52
ORD-202606-04772,2026-06-25,CUST-0670,Headphones,Electronics,East,Ananya,7,2631.6
ORD-202606-04773,2026-06-24,CUST-0056,Mouse Pad,Accessories,South,Vikram,3,426.2
ORD-202606-04774,2026-06-23,CUST-2003,Study Table, Furniture,Central,Sneha,7,5615.04
ORD-202606-04775,2026-06-01,CUST-1329,Office Chair,Furniture,Central,Sneha,6,6717.32
ORD-202606-04776,2026-06-18,CUST-4123,Wireless Mouse,Electronics,North,Vikram,5,786.5
ORD-202606-04777,2026-06-27,CUST-0596,Monitor Stand,Furniture,West,,2,2079.46
ORD-202606-04778,2026-06-08,CUST-1061,Wireless Mouse,Electronics,central,Priya,4,851.67
ORD-202606-04779,2026-06-28,CUST-1867,Office Chair,Furniture,Central,Ananya,6,7627.73
ORD-202606-04780,2026-06-22,CUST-4279,Webcam,Electronics,,Vikram,4,-100.0
ORD-202606-04781,2026-06-13,CUST-2240,Headphones,Electronics,North,Neha,1,2627.11
ORD-202606-04782,2026-06-19,CUST-0085,Study Table,Furniture,South,Karan,5,-100.0
ORD-202606-04783,2026-06-12,CUST-0723,Headphones,Electronics,West,Rahul,1,2538.48
ORD-202606-04784,2026-06-20,CUST-3051,Study Table,Furniture,East,Ananya,2,6044.34
ORD-202606-04785,2026-06-16,CUST-0921,Mouse Pad,Accessories,East,Sneha,4,369.33
ORD-202606-04786,2026-06-30,CUST-1796,Webcam,Electronics,West,Ananya,1,1830.6
ORD-202606-04787,2026-06-08,CUST-3858,Mouse Pad,Accessories,East,,4,419.84
ORD-202606-04788,2026-07-01,CUST-3339,Headphones,Electronics,North,Vikram,3,2381.44
ORD-202606-04789,2026-06-23,CUST-1474,Pen Set,Office,West,Amit,4,275.7
ORD-202606-04790,2026-06-07,CUST-3560,Webcam,Electronics,East,Vikram,1,1968.89
ORD-202606-04791,2026-06-18,CUST-0541,Webcam,Electronics,West,Amit,7,1740.98
ORD-202606-04792,2026-06-12,CUST-2679,USB Hub,Accessories,North,Rahul,1,901.21
ORD-202606-04793,2026-06-03,,Desk Organizer,Office,East,Sneha,2,555.22
ORD-202606-04794,2026-06-14,CUST-0592,Office Chair,Furniture,East,Sneha,6,7159.72
ORD-202606-04795,2026-06-27,CUST-2898,Desk Organizer,Office,East,Karan,5,544.83
ORD-202606-04796,2026-06-26,CUST-0563,Wireless Mouse,Electronics,South,Sneha,3,739.68
ORD-202606-04797,2026-06-10,CUST-2167,Desk Organizer,Office,West,Vikram,5,629.51
ORD-202606-04798,2026-06-10,CUST-4958,Mouse Pad,Accessories,Central,Ananya,4,374.28
ORD-202606-04799,2026-06-08,CUST-0741,Notebook,Office,East,Ananya,2,202.26
ORD-202606-04800,2026-06-10,CUST-1273,USB Hub,Accessories,North,Priya,4,903.26
ORD-202606-04801,2026-06-24,CUST-0521,Office Chair,Furniture,East,Priya,4,6978.87
ORD-202606-04802,2026-06-10,CUST-3720,Study Table,Furniture,West,Sneha,3,5512.18
ORD-202606-04803,2026-06-16,CUST-1620,Office Chair,Furniture,West,Ananya,7,6423.56
ORD-202606-04804,2026-07-01,CUST-1231,Study Table,Furniture,North,Amit,2,5679.55
ORD-202606-04805,2026-06-30,CUST-4332,Wireless Mouse,Electronics,,Karan,2,761.65
ORD-202606-04806,2026-06-17,CUST-3298,Wireless Mouse,Electronics,East,Vikram,3,845.13
ORD-202606-04807,2026-06-08,CUST-1736,Mouse Pad,Accessories,West,Amit,2,394.73
ORD-202606-04808,2026-06-18,CUST-3279,Office Chair,Furniture,South,Vikram,2,7059.35
ORD-202606-04809,2026-06-19,CUST-2783,Headphones,Electronics,Central,Priya,2,2688.61
ORD-202606-04810,2026-06-29,CUST-4991,Headphones,Electronics,North,Rahul,2,2374.9
ORD-202606-04811,2026-06-02,CUST-3906,Monitor Stand,Furniture,East,Sneha,4,1815.92
ORD-202606-04812,2026-06-05,CUST-2718,Keyboard,Electronics,West ,Ananya,7,1416.25
ORD-202606-04813,2026-07-01,CUST-2496,Webcam,Electronics,North,Sneha,4,1810.3
ORD-202606-04814,2026-06-16,CUST-1362,Headphones,Electronics,Central,Amit,3,2579.91
ORD-202606-04815,2026-06-01,CUST-4788,Keyboard,Electronics,East,Karan,6,1401.99
ORD-202606-04816,2026-06-17,CUST-1705,Notebook,Office,East,Vikram,5,218.12
ORD-202606-04817,2026-06-09,CUST-1503,Pen Set,Office,North,Amit,7,290.04
ORD-202606-04818,2026-06-22,CUST-2989,Study Table,Furniture,North,Karan,5,5827.87
ORD-202606-04819,2026-06-01,CUST-0117,Laptop Stand,Accessories ,East,Karan,5,1514.94
ORD-202606-04820,2026-06-13,CUST-0752,Study Table,Furniture,South,Ananya,6,5629.96
ORD-202606-04821,2026-06-09,CUST-1375,Keyboard,Electronics,East,Priya,4,1301.38
ORD-202606-04822,2026-06-24,CUST-0820,Wireless Mouse,Electronics,North,Neha,3,869.47
ORD-202606-04823,2026-06-30,CUST-3404,Notebook,Office,Central,Ananya,1,216.83
ORD-202606-04824,2026-06-16,CUST-2029,USB Hub,Accessories,West,Rahul,1,935.0
ORD-202606-04825,2026-06-12,CUST-2504,Headphones,Electronics,South,Amit,2,2561.51
ORD-202606-04826,2026-07-01,CUST-3341,Webcam,Electronics,North,Neha,2,1723.59
ORD-202606-04827,2026-06-15,CUST-3688,Keyboard,Electronics,Central,Priya,6,1201.95
ORD-202606-04828,2026-06-18,CUST-4530,Monitor Stand,Furniture,South,Amit,6,1968.98
ORD-202606-04829,2026-06-28,CUST-3806,Webcam,Electronics,Central,Karan,5,1712.6
ORD-202606-04830,2026-06-02,CUST-3944,Mouse Pad,Accessories,South,Ananya,1,369.31
ORD-202606-04831,2026-06-01,CUST-3796,Laptop Stand,Accessories,Central,Vikram,1,1428.35
ORD-202606-04832,2026-06-21,CUST-2979,Desk Organizer,Office,West,Rahul,7,572.09
ORD-202606-04833,2026-06-29,CUST-0858,Monitor Stand,Furniture,North,Priya,5,1965.14
ORD-202606-04834,2026-06-13,CUST-3958,Pen Set,Office,North,Amit,5,277.72
ORD-202606-04835,2026-07-01,CUST-0966,Keyboard,Electronics,East,Neha,4,1368.19
ORD-202606-04836,2026-06-14,CUST-3258,Desk Organizer,Office,West,Sneha,6,640.63
ORD-202606-04837,2026-06-14,CUST-3995,Wireless Mouse,Electronics,South,Vikram,6,860.98
ORD-202606-04838,2026-06-05,CUST-3742,Monitor Stand,Furniture,Central,Neha,3,1911.64
ORD-202606-04839,2026-06-06,CUST-2874,Desk Organizer,Office,North,Amit,3,543.67
ORD-202606-04840,2026-06-18,CUST-2747,Mouse Pad,Accessories,East,Ananya,5,382.01
ORD-202606-04841,2026-06-22,CUST-3927,Desk Organizer,Office,Central,Priya,4,602.37
ORD-202606-04842,2026-06-15,CUST-4313,Office Chair,Furniture,East,Amit,3,7460.51
ORD-202606-04843,2026-06-24,CUST-4085,Wireless Mouse,Electronics,East,Ananya,5,859.73
ORD-202606-04844,2026-06-11,CUST-3400,Keyboard,Electronics,East,Karan,-1,1395.07
ORD-202606-04845,2026-06-13,CUST-0033,Pen Set,Office,South,Karan,5,275.59
ORD-202606-04846,2026-06-03,CUST-1626,Mouse Pad,Accessories,West,Rahul,5,379.06
ORD-202606-04847,2026-06-26,CUST-1491,Study Table,Furniture,South,Neha,7,5811.26
ORD-202606-04848,2026-06-10,CUST-1172,Office Chair,Furniture,South,Karan,7,7222.63
ORD-202606-04849,2026-06-08,CUST-4646,Wireless Mouse,Electronics,West,Sneha,4,782.61
ORD-202606-04850,2026-06-17,CUST-1012,Laptop Stand,Accessories,South,Karan,2,1648.81
ORD-202606-04851,2026-06-02,CUST-4729,Desk Organizer,Office,Central,Rahul,6,580.03
ORD-202606-04852,2026-06-20,CUST-1013,Laptop Stand,Accessories,Central,Vikram,4,1597.75
ORD-202606-04853,2026-06-20,CUST-3230,Monitor Stand,Furniture,South,Sneha,6,2012.41
ORD-202606-04854,2026-06-22,CUST-4274,Laptop Stand,Accessories,West,Rahul,5,1488.02
ORD-202606-04855,2026-06-17,CUST-2205,Study Table,Furniture,North,Rahul,6,5109.98
ORD-202606-04856,2026-06-06,CUST-2287,Webcam,Electronics,North,Sneha,6,2071.57
ORD-202606-04857,2026-06-02,CUST-2675,Webcam,Electronics,West,Neha,1,1917.63
ORD-202606-04858,2026-06-07,CUST-0610,Keyboard,Electronics,South,Amit,3,1324.98
ORD-202606-04859,2026-06-07,CUST-4073,Pen Set,Office,North,Amit,4,315.43
ORD-202606-04860,2026-06-09,CUST-1649,Keyboard,Electronics,,Ananya,2,1240.92
ORD-202606-04861,2026-06-19,CUST-1206,Webcam,Electronics,East,Vikram,6,1742.77
ORD-202606-04862,2026-06-05,,Monitor Stand,Furniture,South,Sneha,7,1848.29
ORD-202606-04863,2026-06-21,CUST-4597,Office Chair,Furniture,West,Sneha,4,7222.9
ORD-202606-04864,2026-06-18,CUST-2860,Webcam,Electronics,East,Neha,4,1972.14
ORD-202606-04865,2026-06-21,CUST-0640,Mouse Pad,Accessories,North,Rahul,4,385.65
ORD-202606-04866,2026-06-20,,Keyboard,Electronics,North,Vikram,2,1186.7
ORD-202606-04867,2026-06-13,CUST-4977,Pen Set,Office,East,Ananya,7,279.42
ORD-202606-04868,2026-06-30,CUST-4091,Webcam,Electronics,East,Amit,3,2071.45
ORD-202606-04869,2026-06-23,CUST-2984,Laptop Stand,Accessories,North,Sneha,5,1613.78
ORD-202606-04870,2026-06-28,CUST-3842,Notebook,Office,West,Ananya,7,198.97
ORD-202606-04871,2026-06-22,CUST-1660,Office Chair,Furniture,Central,Ananya,7,6487.58
ORD-202606-04872,2026-06-02,CUST-1242,Study Table,Furniture,South,Sneha,2,5845.83
ORD-202606-04873,2026-06-05,CUST-0059,Keyboard,Electronics,Central,Vikram,4,1300.73
ORD-202606-04874,2026-06-26,CUST-4994,Monitor Stand,Furniture,East,Neha,4,1975.54
ORD-202606-04875,2026-06-19,CUST-3143,Desk Organizer,Office,West,Sneha,1,612.64
ORD-202606-04876,2026-06-09,CUST-3315,Webcam,Electronics,North,Ananya,5,1964.53
ORD-202606-04877,2026-06-06,CUST-4770,Desk Organizer,Office,Central,Priya,5,571.81
ORD-202606-04878,2026-06-15,CUST-1339,Webcam,Electronics,East,Amit,4,1936.81
ORD-202606-04879,2026-06-21,CUST-3891,Headphones,Electronics,West,Amit,4,2327.48
ORD-202606-04880,2026-06-18,CUST-2984,Keyboard,Electronics,South,Amit,4,1428.49
ORD-202606-04881,2026-06-20,CUST-1251,USB Hub,Accessories,West,Vikram,5,904.21
ORD-202606-04882,2026-06-18,CUST-3356,Monitor Stand,Furniture,,Amit,3,2020.38
ORD-202606-04883,2026-06-29,CUST-3801,Office Chair,Furniture,East,Rahul,5,7674.44
ORD-202606-04884,2026-07-01,CUST-0449,Headphones,Electronics,Central,Vikram,3,2517.45
ORD-202606-04885,2026-06-06,CUST-3586,Office Chair,Furniture,North,Ananya,5,7043.46
ORD-202606-04886,2026-06-15,CUST-4213,Laptop Stand, Accessories,South,Vikram,7,1547.94
ORD-202606-04887,2026-06-14,CUST-0014,Study Table,Furniture,Central,Amit,6,5593.39
ORD-202606-04888,2026-06-22,,Desk Organizer,Office,Central,Priya,6,608.63
ORD-202606-04889,2026-06-04,CUST-0846,Monitor Stand,Furniture,Central,Rahul,7,1804.3
ORD-202606-04890,2026-06-18,CUST-0139,Laptop Stand,Accessories,Central,Vikram,2,1557.91
ORD-202606-04891,2026-06-10,CUST-3634,Study Table,Furniture,South,Ananya,5,5479.27
ORD-202606-04892,2026-06-24,CUST-4929,Mouse Pad,Accessories,West,Sneha,1,364.49
ORD-202606-04893,2026-06-22,CUST-4369,Desk Organizer,Office,South,Sneha,4,558.57
ORD-202606-04894,2026-06-30,CUST-3037,USB Hub,Accessories,East,Rahul,7,819.11
ORD-202606-04895,2026-06-06,CUST-2307,Headphones,Electronics,Central,Rahul,5,2407.77
ORD-202606-04896,2026-06-05,CUST-3312,Laptop Stand,Accessories,North,Ananya,7,1422.43
ORD-202606-04897,2026-06-26,CUST-3972,Wireless Mouse,Electronics,South,Priya,5,873.42
ORD-202606-04898,2026-06-17,CUST-0063,Monitor Stand,Furniture,Central,Ananya,3,2114.83
ORD-202606-04899,2026-06-14,CUST-2989,Desk Organizer,Office,West,Vikram,2,572.97
ORD-202606-04900,2026-06-27,CUST-0823,Monitor Stand,Furniture,North,Vikram,6,2127.99
ORD-202606-04901,2026-06-12,CUST-1237,Wireless Mouse,Electronics,East,Rahul,4,828.42
ORD-202606-04902,2026-06-20,CUST-3870,Office Chair,Furniture,South,Neha,5,6909.14
ORD-202606-04903,2026-06-25,CUST-1326,Headphones,Electronics,South,Ananya,6,2698.78
ORD-202606-04904,2026-06-04,CUST-4908,Notebook,Office,South,,4,180.47
ORD-202606-04905,2026-06-26,CUST-1436,Pen Set,Office,South,Amit,2,303.7
ORD-202606-04906,2026-06-22,CUST-4910,Notebook,Office,East,Amit,3,206.07
ORD-202606-04907,2026-06-03,,Notebook,Office,West,Priya,2,211.73
ORD-202606-04908,2026-06-25,CUST-0950,Desk Organizer,Office,North,Amit,4,612.39
ORD-202606-04909,2026-07-01,CUST-1455,Pen Set,Office,East,Vikram,6,300.82
ORD-202606-04910,2026-06-13,CUST-4954,Pen Set,Office,East,Priya,6,298.75
ORD-202606-04911,2026-06-25,CUST-4113,Desk Organizer,Office,West,Priya,7,591.06
ORD-202606-04912,2026-06-02,CUST-2096,Mouse Pad,Accessories,West,Rahul,2,407.45
ORD-202606-04913,2026-06-12,CUST-2452,Study Table,Furniture,Central,Rahul,5,5185.6
ORD-202606-04914,2026-06-09,CUST-2232,Pen Set,Office,Central,Rahul,5,303.44
ORD-202606-04915,2026-06-02,CUST-2595,Mouse Pad,Accessories,East,Ananya,3,393.57
ORD-202606-04916,2026-06-12,CUST-2339,USB Hub,Accessories,West,Karan,7,936.2
ORD-202606-04917,2026-06-07,CUST-2650,Laptop Stand,Accessories,North,Neha,6,1558.0
ORD-202606-04918,2026-06-28,CUST-4279,Office Chair,Furniture,West,Ananya,3,7539.31
ORD-202606-04919,2026-06-05,CUST-0641,Desk Organizer,Office,Central,Rahul,6,569.49
ORD-202606-04920,2026-06-20,CUST-2157,Webcam,Electronics,North,Karan,3,1825.71
ORD-202606-04921,2026-06-02,CUST-0044,USB Hub,Accessories,South,Amit,1,922.44
ORD-202606-04922,2026-06-10,CUST-0847,Monitor Stand,Furniture,West,Ananya,5,1860.65
ORD-202606-04923,2026-06-12,CUST-3897,Wireless Mouse,Electronics,West,Ananya,4,826.86
ORD-202606-04924,2026-06-25,CUST-1194,Office Chair,Furniture,South,Priya,6,7031.52
ORD-202606-04925,2026-06-05,CUST-3699,Headphones,Electronics,West,Karan,6,2292.63
ORD-202606-04926,2026-06-16,CUST-0826,Pen Set,Office,South,Neha,1,306.85
ORD-202606-04927,2026-06-17,CUST-4895,Notebook,Office,Central,Amit,5,199.51
ORD-202606-04928,2026-06-15,CUST-2467,Laptop Stand,Accessories,South,Neha,4,1430.71
ORD-202606-04929,2026-06-22,CUST-2394,Desk Organizer,Office,East,Amit,7,583.82
ORD-202606-04930,2026-06-22,CUST-3168,Webcam,Electronics,North,Neha,2,1864.79
ORD-202606-04931,2026-06-10,CUST-0900,Mouse Pad,Accessories,South,Neha,2,434.8
ORD-202606-04932,2026-06-14,CUST-1105,Keyboard,Electronics,North,Sneha,1,1408.14
ORD-202606-04933,2026-06-07,CUST-2169,Keyboard,Electronics,Central,Rahul,7,1201.29
ORD-202606-04934,2026-06-15,CUST-0306,Pen Set,Office,West,Priya,7,297.4
ORD-202606-04935,2026-06-18,CUST-0120,Pen Set,Office,North,Sneha,5,281.95
ORD-202606-04936,2026-06-02,CUST-4375,Office Chair,Furniture,West,Vikram,3,6680.47
ORD-202606-04937,2026-07-01,CUST-1421,USB Hub,Accessories,Central,Karan,2,918.35
ORD-202606-04938,2026-06-12,CUST-2868,Office Chair,Furniture,East,Priya,3,6333.78
ORD-202606-04939,,CUST-0891,Headphones,Electronics,South,Neha,6,2671.55
ORD-202606-04940,2026-06-28,CUST-3447,Keyboard,electronics,East,Neha,4,1306.0
ORD-202606-04941,2026-06-14,CUST-0063,Laptop Stand,Accessories,West,Karan,6,1582.88
ORD-202606-04942,2026-06-05,CUST-3814,Study Table,Furniture,Central,Sneha,6,5120.92
ORD-202606-04943,2026-06-08,CUST-3213,Pen Set,Office, East,Rahul,3,312.11
ORD-202606-04944,2026-06-15,CUST-2071,Pen Set,Office,North,Ananya,7,327.78
ORD-202606-04945,2026-06-13,CUST-4264,Notebook,Office,West,Sneha,4,201.56
ORD-202606-04946,2026-06-08,CUST-4237,Monitor Stand,Furniture,East,Amit,5,2108.75
ORD-202606-04947,2026-06-04,CUST-2972,Webcam,Electronics,South,Priya,5,1994.08
ORD-202606-04948,2026-07-01,CUST-3172,Pen Set,Office,Central,Rahul,4,302.56
ORD-202606-04949,2026-06-19,CUST-3040,Study Table,Furniture,Central,Karan,7,5759.37
ORD-202606-04950,2026-06-14,CUST-1615,Keyboard,Electronics,Central,Ananya,6,1291.57
ORD-202606-04951,2026-06-08,CUST-3472,Office Chair,Furniture,North,Neha,5,7283.83
ORD-202606-04952,2026-06-22,CUST-1895,Notebook,Office,Central ,Ananya,2,183.39
ORD-202606-04953,2026-06-05,CUST-4359,Wireless Mouse,Electronics,South,Rahul,2,805.91
ORD-202606-04954,2026-07-01,CUST-1823,Webcam,Electronics,South,Neha,3,1924.19
ORD-202606-04955,2026-06-24,CUST-3594,Office Chair,Furniture,West,Ananya,7,6937.78
ORD-202606-04956,2026-06-24,CUST-0586,Laptop Stand,Accessories,West,Neha,2,1387.61
ORD-202606-04957,2026-06-13,CUST-1838,Notebook,Office,West,Amit,7,196.13
ORD-202606-04958,2026-06-21,CUST-2682,Monitor Stand,Furniture,West,Ananya,4,2194.08
ORD-202606-04959,2026-06-24,CUST-4107,Wireless Mouse,Electronics,Central,Sneha,3,769.88
ORD-202606-04960,2026-06-25,CUST-4389,USB Hub,Accessories,North,Amit,2,988.08
ORD-202606-04961,2026-06-08,CUST-2800,Mouse Pad,Accessories,North,Neha,1,420.1
ORD-202606-04962,2026-06-06,CUST-0084,Study Table,Furniture,South,Neha,1,5314.64
ORD-202606-04963,2026-06-17,CUST-4396,Wireless Mouse,Electronics,East,Vikram,6,820.53
ORD-202606-04964,2026-06-02,CUST-3089,Laptop Stand,Accessories,North,Neha,7,1408.29
ORD-202606-04965,2026-06-02,CUST-3435,Monitor Stand,Furniture,East,Rahul,1,1844.06
ORD-202606-04966,2026-06-15,CUST-2638,Headphones,Electronics,East,Neha,2,2646.0
ORD-202606-04967,2026-06-17,CUST-2604,Desk Organizer,Office,South,Karan,3,630.62
ORD-202606-04968,2026-06-01,CUST-2663,Monitor Stand,Furniture,South,Vikram,5,1986.83
ORD-202606-04969,2026-06-19,CUST-3219,Study Table,Furniture,West,Priya,7,5726.78
ORD-202606-04970,2026-06-28,CUST-4025,Mouse Pad,Accessories,North,Rahul,2,397.61
ORD-202606-04971,2026-06-29,CUST-3567,Mouse Pad,Accessories,Central,Priya,2,410.4
ORD-202606-04972,,CUST-4062,USB Hub,Accessories,North,Rahul,1,825.06
ORD-202606-04973,2026-06-30,CUST-0710,Study Table,Furniture,East,Karan,5,5613.21
ORD-202606-04974,2026-06-30,CUST-2302,Mouse Pad,Accessories,South,Rahul,1,435.07
ORD-202606-04975,2026-06-14,CUST-3669,Headphones,Electronics,South,Sneha,3,2274.96
ORD-202606-04976,2026-06-03,CUST-1782,Office Chair, Furniture,East,Amit,4,7548.52
ORD-202606-04977,2026-06-02,CUST-2019,Pen Set,Office,East,Ananya,5,290.84
ORD-202606-04978,2026-06-10,CUST-1337,Headphones,Electronics,West,Rahul,2,2424.67
ORD-202606-04979,2026-06-19,CUST-3844,Keyboard,Electronics,,Priya,3,1349.55
ORD-202606-04980,2026-06-08,CUST-0336,Laptop Stand,Accessories,West,Vikram,4,1618.39
ORD-202606-04981,2026-06-23,CUST-3666,Study Table,Furniture,West,Amit,7,5123.09
ORD-202606-04982,2026-06-21,CUST-2156,Laptop Stand,Accessories,South,Priya,3,1478.68
ORD-202606-04983,2026-06-06,CUST-0062,Keyboard,Electronics,Central,Karan,7,1198.09
ORD-202606-04984,2026-06-20,CUST-0989,Study Table,Furniture,South,Rahul,1,5215.44
ORD-202606-04985,2026-06-08,CUST-2764,Notebook,Office,East,Rahul,2,201.19
ORD-202606-04986,2026-06-28,CUST-2891,Pen Set,Office,East,Amit,4,327.19
ORD-202606-04987,2026-06-25,CUST-1811,Notebook,Office,Central,Karan,7,192.64
ORD-202606-04988,2026-06-18,CUST-4462,Mouse Pad,Accessories,North,Sneha,6,361.43
ORD-202606-04989,2026-06-15,CUST-0176,Headphones,Electronics,South,Vikram,5,2624.41
ORD-202606-04990,2026-06-02,CUST-3222,Study Table,Furniture,North,Vikram,1,4962.65
ORD-202606-04991,2026-06-10,CUST-1255,Notebook,Office,West,Neha,4,190.63
ORD-202606-04992,2026-07-01,CUST-4346,Desk Organizer,Office,Central,Priya,7,608.53
ORD-202606-04993,2026-06-27,CUST-4854,USB Hub,Accessories,South,Vikram,1,817.29
ORD-202606-04994,2026-06-24,CUST-0496,Office Chair,Furniture,North,Sneha,4,7264.85
ORD-202606-04995,2026-06-06,CUST-2744,Wireless Mouse,Electronics,Central,Neha,5,770.72
ORD-202606-04996,2026-06-25,CUST-3554,Notebook,Office,West,Sneha,2,186.73
ORD-202606-04997,2026-06-02,,Desk Organizer,Office,South,Karan,4,547.36
ORD-202606-04998,2026-06-17,CUST-2285,Study Table,Furniture,South,Neha,3,5835.54
ORD-202606-04999,2026-06-07,CUST-0293,Laptop Stand,Accessories,West,Rahul,6,1397.21
ORD-202606-05000,2026-06-27,CUST-1448,Office Chair,Furniture,South,Karan,3,7579.96
ORD-202606-05001,,CUST-4350,Headphones,Electronics,East,Amit,5,2287.96
ORD-202606-05002,2026-06-17,CUST-4863,Webcam,Electronics,West,Rahul,3,1828.52
ORD-202606-05003,2026-06-21,CUST-0815,Keyboard,Electronics,West,Amit,4,1408.65
ORD-202606-05004,2026-06-12,,Monitor Stand,Furniture,West,Neha,5,1981.23
ORD-202606-05005,2026-06-02,CUST-1085,Pen Set,Office,East,Karan,7,269.62
ORD-202606-05006,2026-06-12,CUST-1202,USB Hub,Accessories,North,Vikram,6,828.11
ORD-202606-05007,2026-06-06,CUST-1493,USB Hub,Accessories,West,Ananya,1,882.09
ORD-202606-05008,2026-06-30,CUST-2173,Mouse Pad,Accessories,West,Rahul,2,434.42
ORD-202606-05009,2026-06-05,CUST-3819,Monitor Stand,Furniture,North,Amit,3,1815.86
ORD-202606-05010,2026-06-12,CUST-4082,Desk Organizer,Office,South,Amit,5,647.67
ORD-202606-05011,2026-06-10,CUST-2706,Monitor Stand,Furniture,North,Karan,4,1970.45
ORD-202606-05012,2026-06-07,CUST-1331,Monitor Stand,Furniture,East,Sneha,2,2023.33
ORD-202606-05013,2026-06-06,CUST-0865,Headphones,Electronics,North,Karan,3,2458.05
ORD-202606-05014,2026-06-05,CUST-1544,Wireless Mouse,Electronics,South,Vikram,4,788.71
ORD-202606-05015,2026-06-22,CUST-4128,Keyboard,Electronics,Central,Neha,4,1333.62
ORD-202606-05016,2026-06-28,CUST-3375,Pen Set,Office,West,Priya,3,304.68
ORD-202606-05017,2026-06-27,CUST-2918,Mouse Pad,Accessories,West,Neha,3,413.14
ORD-202606-05018,,CUST-0720,Laptop Stand,Accessories,East,Neha,5,1412.52
ORD-202606-05019,2026-06-28,CUST-0149,Headphones,Electronics,West,Amit,3,2679.61
ORD-202606-05020,2026-06-03,CUST-4887,Desk Organizer,Office,West,Priya,5,633.96
ORD-202606-05021,2026-06-15,CUST-0822,USB Hub,Accessories,North,Sneha,5,822.28
ORD-202606-05022,2026-06-30,CUST-2949,Keyboard,Electronics,North,Vikram,4,1268.25
ORD-202606-05023,2026-06-05,CUST-4303,Keyboard,Electronics,Central,Rahul,4,1240.83
ORD-202606-05024,2026-06-29,CUST-3953,Laptop Stand,Accessories,East,Rahul,-1,1386.43
ORD-202606-05025,2026-06-02,CUST-4513,USB Hub,Accessories,West,Sneha,2,933.59
ORD-202606-05026,2026-06-21,CUST-3628,Webcam,Electronics,West,Vikram,6,2073.76
ORD-202606-05027,2026-06-13,CUST-2918,Keyboard,Electronics,West,Karan,6,1199.29
ORD-202606-05028,2026-06-28,CUST-3998,Keyboard,Electronics,South,Neha,5,1215.7
ORD-202606-05029,2026-06-16,CUST-4576,Monitor Stand,Furniture,West,Ananya,7,2017.0
ORD-202606-05030,2026-06-21,CUST-1134,Headphones,Electronics,East,Priya,5,2683.98
ORD-202606-05031,2026-06-05,CUST-1165,Keyboard,Electronics,West,Priya,1,1406.64
ORD-202606-05032,2026-06-02,CUST-2433,Wireless Mouse,Electronics,East,Priya,6,788.89
ORD-202606-05033,2026-06-01,CUST-3310,Keyboard,Electronics,North,Ananya,7,1237.37
ORD-202606-05034,2026-06-07,CUST-1304,Office Chair,Furniture,Central,Rahul,6,6959.92
ORD-202606-05035,2026-06-04,CUST-4605,Headphones,Electronics ,West,Priya,6,2637.74
ORD-202606-05036,2026-06-23,CUST-0931,Keyboard,Electronics,South,Priya,7,1183.0
ORD-202606-05037,2026-06-23,CUST-4557,Laptop Stand,Accessories,East,Priya,4,1589.36
ORD-202606-05038,2026-06-23,CUST-4839,Wireless Mouse,Electronics,North,Rahul,1,725.44
ORD-202606-05039,2026-06-07,CUST-3751,Headphones,Electronics,North,Karan,6,2463.03
ORD-202606-05040,2026-06-05,CUST-1802,Notebook,Office,Central,Rahul,4,218.2
ORD-202606-05041,2026-06-26,CUST-2439,USB Hub,Accessories,Central,Amit,2,968.52
ORD-202606-05042,2026-06-06,CUST-3330,Pen Set,Office,South,Vikram,5,275.89
ORD-202606-05043,2026-06-29,CUST-3057,USB Hub,Accessories,Central,Vikram,2,947.59
ORD-202606-05044,2026-06-08,CUST-0384,Mouse Pad,Accessories,Central,Priya,7,363.08
ORD-202606-05045,2026-06-11,CUST-0486,Desk Organizer,Office,Central,Rahul,1,649.18
ORD-202606-05046,2026-06-22,CUST-0884,Mouse Pad,Accessories,Central,,4,392.25
ORD-202606-05047,2026-06-21,CUST-1774,Desk Organizer,Office,West,Rahul,6,644.55
ORD-202606-05048,2026-06-20,CUST-2887,Headphones,Electronics,North,Neha,2,2330.75
ORD-202606-05049,2026-06-09,CUST-2422,Study Table,Furniture,South,Rahul,6,5785.41
ORD-202606-05050,2026-06-16,CUST-1469,Pen Set,Office,North,Ananya,1,273.08
ORD-202606-05051,2026-06-23,CUST-1121,Monitor Stand,Furniture,Central,Vikram,1,2063.19
ORD-202606-05052,2026-06-17,CUST-4515,Study Table,Furniture,North,Karan,4,5830.31
ORD-202606-05053,2026-06-07,CUST-1324,Webcam,Electronics,South,Rahul,3,1880.77
ORD-202606-05054,2026-06-07,CUST-0797,Notebook,Office,North,Ananya,3,214.01
ORD-202606-05055,2026-06-13,CUST-2569,Headphones,Electronics,South,Priya,6,2714.6
ORD-202606-05056,2026-06-10,CUST-2522,Wireless Mouse,Electronics,South,Neha,6,782.26
ORD-202606-05057,2026-06-27,CUST-3438,Office Chair,Furniture,Central,Neha,2,7502.91
ORD-202606-05058,2026-06-05,CUST-2019,Pen Set,Office,West,Vikram,5,293.11
ORD-202606-05059,2026-06-20,CUST-3617,Laptop Stand,Accessories,South,Vikram,4,1569.88
ORD-202606-05060,2026-06-08,CUST-2691,Laptop Stand,Accessories,West,Neha,2,1618.61
ORD-202606-05061,2026-06-03,CUST-3716,Office Chair,Furniture,Central,Ananya,1,7224.67
ORD-202606-05062,2026-06-12,CUST-3463,Headphones,Electronics,Central,Neha,5,2363.64
ORD-202606-05063,2026-06-03,CUST-2525,Monitor Stand,Furniture,East,Priya,3,1833.55
ORD-202606-05064,2026-06-15,CUST-1585,Keyboard,Electronics,South,Neha,4,1222.28
ORD-202606-05065,2026-07-01,CUST-1950,USB Hub,Accessories,North,Amit,2,855.78
ORD-202606-05066,2026-06-22,CUST-3943,Pen Set,Office,,Neha,2,311.48
ORD-202606-05067,2026-06-12,CUST-3222,Study Table, Furniture,West,Sneha,7,5883.11
ORD-202606-05068,2026-06-25,CUST-4900,Mouse Pad,Accessories,Central,Amit,6,366.05
ORD-202606-05069,2026-06-07,CUST-4152,USB Hub,Accessories,West,Rahul,6,986.39
ORD-202606-05070,2026-06-26,CUST-1702,Headphones,Electronics,North,Ananya,2,2290.68
ORD-202606-05071,2026-06-15,CUST-2899,Mouse Pad,Accessories,East,Neha,4,405.45
ORD-202606-05072,2026-06-08,CUST-0534,Desk Organizer,Office, East,,7,608.58
ORD-202606-05073,2026-06-12,CUST-2343,Office Chair,Furniture,East,Sneha,1,7454.76
ORD-202606-05074,2026-06-16,CUST-0364,Keyboard,Electronics,Central,Ananya,2,1171.13
ORD-202606-05075,2026-06-21,CUST-1151,Study Table,Furniture,East,Vikram,4,5433.16
ORD-202606-05076,2026-07-01,CUST-3142,Wireless Mouse,Electronics,South,Amit,6,726.63
ORD-202606-05077,2026-06-16,CUST-3050,Wireless Mouse,Electronics,Central,Sneha,5,793.36
ORD-202606-05078,2026-06-05,CUST-0652,Monitor Stand,Furniture,South,Neha,2,1989.24
ORD-202606-05079,2026-06-20,CUST-1503,Wireless Mouse,Electronics,West,Karan,1,723.65
ORD-202606-05080,2026-07-01,CUST-4897,Headphones,Electronics,West,Neha,7,2434.04
ORD-202606-05081,2026-06-27,CUST-1304,Desk Organizer,Office ,East,Neha,5,596.35
ORD-202606-05082,2026-06-09,CUST-2392,Office Chair,Furniture,East,Sneha,5,7335.69
ORD-202606-05083,2026-06-15,CUST-4134,USB Hub,Accessories,Central,Karan,6,913.24
ORD-202606-05084,2026-06-02,CUST-1540,Notebook,Office,West,Ananya,4,205.07
ORD-202606-05085,2026-06-22,CUST-4923,Pen Set,Office,South,Priya,4,313.79
ORD-202606-05086,2026-06-30,CUST-1361,Laptop Stand,Accessories,East,Sneha,6,1631.58
ORD-202606-05087,2026-06-15,CUST-1620,Laptop Stand,Accessories,North,Neha,4,1470.11
ORD-202606-05088,2026-06-13,CUST-4169,Desk Organizer,Office,North,Ananya,6,596.76
ORD-202606-05089,2026-06-26,CUST-3762,Study Table,Furniture,South,Neha,3,6045.46
ORD-202606-05090,2026-06-15,CUST-3960,Monitor Stand,Furniture,,Ananya,1,1937.04
ORD-202606-05091,2026-06-14,CUST-0628,Notebook,Office,Central,Priya,3,206.97
ORD-202606-05092,2026-06-09,CUST-4858,Headphones,Electronics,Central,Ananya,1,2697.31
ORD-202606-05093,2026-06-09,CUST-0723,USB Hub,Accessories,Central,Vikram,6,844.25
ORD-202606-05094,2026-06-12,CUST-3785,Desk Organizer,Office,East,Ananya,5,562.93
ORD-202606-05095,2026-06-29,CUST-3679,Study Table,Furniture,,Sneha,2,5544.68
ORD-202606-05096,2026-06-17,CUST-0554,Webcam,Electronics,Central,Vikram,5,2006.91
ORD-202606-05097,2026-06-16,CUST-0785,Wireless Mouse,Electronics,South,Priya,6,809.64
ORD-202606-05098,2026-06-13,CUST-2644,Notebook,Office,South,Priya,1,180.08
ORD-202606-05099,2026-06-23,CUST-4894,Pen Set,Office,Central,Vikram,3,298.72
ORD-202606-05100,2026-06-27,CUST-0561,Mouse Pad,Accessories,West,Karan,4,386.04
ORD-202606-05101,2026-06-21,CUST-1648,Webcam,Electronics,South,Ananya,6,1837.36
ORD-202606-05102,2026-06-21,CUST-1786,Webcam,Electronics,West,Sneha,7,1733.58
ORD-202606-05103,2026-06-22,CUST-4718,Headphones,Electronics,Central,Ananya,6,2718.79
ORD-202606-05104,2026-06-22,CUST-4838,Pen Set,Office,South,Sneha,1,316.51
ORD-202606-05105,2026-06-04,CUST-3515,Mouse Pad,Accessories,North,Priya,7,362.25
ORD-202606-05106,2026-06-28,CUST-2408,Study Table,Furniture,North,Neha,4,5398.12
ORD-202606-05107,2026-06-13,CUST-1877,Office Chair,Furniture,North,Amit,3,6454.09
ORD-202606-05108,2026-06-17,CUST-1016,Keyboard,Electronics,North,Ananya,1,1297.23
ORD-202606-05109,2026-06-30,CUST-4041,USB Hub,Accessories,North,Vikram,1,847.61
ORD-202606-05110,2026-06-25,CUST-3138,Keyboard,Electronics,East,Karan,6,1182.8
ORD-202606-05111,2026-06-16,CUST-1281,Wireless Mouse,Electronics,Central,Priya,3,852.33
ORD-202606-05112,2026-06-20,CUST-3112,Wireless Mouse, Electronics,North,Rahul,2,764.95
ORD-202606-05113,2026-06-04,CUST-3928,Mouse Pad,Accessories,West,Amit,2,424.38
ORD-202606-05114,2026-06-08,CUST-1274,Pen Set,Office,South,Karan,2,287.87
ORD-202606-05115,2026-06-10,CUST-1533,Laptop Stand,Accessories,Central,Priya,2,1603.44
ORD-202606-05116,2026-06-09,CUST-3586,Headphones,Electronics,East,Sneha,7,2309.99
ORD-202606-05117,2026-06-04,CUST-0263,Notebook,Office,North,Neha,5,196.27
ORD-202606-05118,2026-06-27,CUST-1349,Mouse Pad,Accessories,East,Karan,1,431.67
ORD-202606-05119,2026-06-13,CUST-2586,USB Hub,Accessories,East,Neha,1,864.85
ORD-202606-05120,2026-06-04,CUST-2804,Wireless Mouse,Electronics,North,Karan,7,741.96
ORD-202606-05121,2026-06-05,CUST-4069,Laptop Stand,Accessories,Central,Neha,3,1520.94
ORD-202606-05122,2026-06-16,CUST-3934,Laptop Stand,Accessories,East,Vikram,4,1467.28
ORD-202606-05123,2026-06-26,CUST-0357,Monitor Stand,Furniture,East,Priya,2,1841.52
ORD-202606-05124,2026-06-01,CUST-0606,Keyboard,Electronics,East,Amit,7,1181.01
ORD-202606-05125,2026-06-14,CUST-4169,Pen Set,Office,East,Vikram,7,319.89
ORD-202606-05126,2026-06-05,CUST-3056,Study Table,Furniture,Central,Vikram,2,5833.36
ORD-202606-05127,2026-06-28,CUST-0969,Desk Organizer,Office,Central,Rahul,-1,554.99
ORD-202606-05128,2026-06-05,CUST-3850,Monitor Stand,Furniture,West,,3,2185.58
ORD-202606-05129,2026-06-21,CUST-4331,Webcam,Electronics,East,Neha,7,1753.54
ORD-202606-05130,2026-06-11,CUST-2969,Desk Organizer,Office,West,Vikram,4,559.53
ORD-202606-05131,2026-06-16,CUST-3818,Mouse Pad,Accessories,South,Karan,5,422.71
ORD-202606-05132,2026-06-24,CUST-4522,Mouse Pad,Accessories,North,Vikram,4,396.75
ORD-202606-05133,2026-06-04,CUST-1919,Webcam,electronics,North,Neha,5,1847.04
ORD-202606-05134,2026-06-27,CUST-0446,Wireless Mouse,Electronics,North,Amit,1,729.77
ORD-202606-05135,2026-06-07,CUST-2323,Notebook,Office,North,Priya,1,209.24
ORD-202606-05136,2026-06-12,CUST-0340,Headphones,Electronics,West,Karan,6,2379.33
ORD-202606-05137,2026-06-16,CUST-2745,Keyboard,Electronics,Central,Sneha,5,1403.82
ORD-202606-05138,2026-06-26,CUST-2988,Laptop Stand,Accessories,East,Sneha,4,1362.89
ORD-202606-05139,2026-06-11,CUST-2141,Monitor Stand,Furniture,North,Ananya,3,1888.18
ORD-202606-05140,2026-06-04,CUST-0624,Pen Set,Office,North,Priya,5,304.68
ORD-202606-05141,2026-06-25,CUST-3533,Keyboard,Electronics,Central,Amit,5,1306.11
ORD-202606-05142,2026-06-01,,Notebook,Office,West,Neha,4,206.12
ORD-202606-05143,2026-06-19,CUST-4603,Laptop Stand,Accessories,East,Karan,2,1506.69
ORD-202606-05144,2026-07-01,CUST-0697,Monitor Stand,Furniture,Central,Amit,7,1985.93
ORD-202606-05145,2026-06-11,CUST-4363,Keyboard,Electronics,North,Priya,2,1264.27
ORD-202606-05146,2026-06-16,CUST-4245,Notebook,Office,Central,Amit,3,186.46
ORD-202606-05147,2026-06-15,CUST-1511,Webcam,Electronics,East,Karan,2,1996.87
ORD-202606-05148,2026-06-25,CUST-1485,Wireless Mouse,Electronics,Central,Neha,4,824.26
ORD-202606-05149,2026-06-12,CUST-3515,Keyboard,Electronics,South ,Sneha,4,1261.42
ORD-202606-05150,2026-06-21,CUST-2523,Webcam,Electronics,Central,Neha,4,1731.11
ORD-202606-05151,2026-06-17,CUST-2852,Study Table,Furniture,East,Karan,2,5609.31
ORD-202606-05152,2026-06-08,CUST-0645,Notebook,Office,North,Ananya,4,204.81
ORD-202606-05153,2026-06-03,CUST-4808,Laptop Stand,Accessories,Central,Sneha,2,1644.75
ORD-202606-05154,2026-06-07,CUST-3174,Notebook,Office,West,Rahul,4,181.7
ORD-202606-05155,2026-06-15,CUST-4699,Notebook,Office,West,Ananya,4,181.2
ORD-202606-05156,2026-06-06,CUST-4980,Office Chair,Furniture,West,Vikram,4,7322.55
ORD-202606-05157,2026-06-11,CUST-2428,Notebook,Office,Central,Priya,7,218.78
ORD-202606-05158,2026-06-28,CUST-3428,Headphones,Electronics,West,Sneha,5,2679.0
ORD-202606-05159,2026-06-25,CUST-0235,Headphones,Electronics,East,Priya,7,2647.32
ORD-202606-05160,2026-06-22,CUST-3439,Laptop Stand,Accessories,North,Karan,7,1620.68
ORD-202606-05161,2026-06-11,CUST-1939,Monitor Stand,Furniture,West,Ananya,7,1966.55
ORD-202606-05162,2026-06-01,CUST-1788,Webcam,Electronics,Central,Priya,6,1758.25
ORD-202606-05163,2026-06-24,CUST-0041,Study Table,Furniture,South,Priya,5,5201.98
ORD-202606-05164,2026-06-12,CUST-0505,Study Table,Furniture,Central,Vikram,3,5574.42
ORD-202606-05165,2026-06-03,CUST-4282,Headphones,Electronics,South,Rahul,4,2276.43
ORD-202606-05166,2026-06-18,CUST-0636,USB Hub,Accessories,North,Amit,4,919.04
ORD-202606-05167,2026-06-29,CUST-2112,Monitor Stand,Furniture,North,Neha,6,2079.43
ORD-202606-05168,2026-06-07,CUST-2550,Keyboard,Electronics,Central,Vikram,5,1250.48
ORD-202606-05169,2026-06-15,CUST-2265,Monitor Stand,Furniture,Central,Vikram,4,2061.89
ORD-202606-05170,2026-07-01,CUST-3950,Office Chair,Furniture,North,Amit,4,7527.33
ORD-202606-05171,2026-06-13,,Notebook,Office,West,Vikram,6,199.1
ORD-202606-05172,2026-06-19,CUST-2927,Monitor Stand,Furniture,West,Sneha,3,1988.78
ORD-202606-05173,2026-06-18,CUST-3888,Keyboard,Electronics,East,Rahul,3,1383.26
ORD-202606-05174,2026-06-10,CUST-4799,USB Hub,Accessories,West,Karan,7,880.31
ORD-202606-05175,2026-06-13,,Wireless Mouse,Electronics,North,Ananya,7,846.15
ORD-202606-05176,2026-06-19,CUST-0119,Webcam,Electronics,Central,Sneha,6,2031.21
ORD-202606-05177,2026-06-10,CUST-2414,Notebook,Office,North,Sneha,1,187.36
ORD-202606-05178,2026-06-12,CUST-1809,Notebook,Office,South,Rahul,7,209.04
ORD-202606-05179,2026-06-02,CUST-4486,Notebook,Office,East,Sneha,5,187.05
ORD-202606-05180,2026-06-13,CUST-3476,Wireless Mouse,Electronics,Central,Rahul,2,839.27
ORD-202606-05181,2026-06-14,CUST-0284,Study Table,Furniture,,Priya,4,5322.56
ORD-202606-05182,2026-06-18,CUST-0404,Monitor Stand,Furniture,North,Vikram,6,1989.22
ORD-202606-05183,2026-06-10,CUST-2082,Desk Organizer,Office,Central,Sneha,7,557.87
ORD-202606-05184,2026-06-20,CUST-0657,Desk Organizer,Office,East,,1,619.06
ORD-202606-05185,2026-06-24,CUST-4723,USB Hub,Accessories,South,Priya,3,977.42
ORD-202606-05186,2026-06-03,CUST-0994,Monitor Stand,Furniture,south,Ananya,6,2021.07
ORD-202606-05187,2026-06-03,CUST-4952,Desk Organizer,Office,North,Priya,1,615.23
ORD-202606-05188,2026-06-14,CUST-4777,Pen Set,Office,North,Vikram,1,307.6
ORD-202606-05189,2026-06-02,CUST-3836,Desk Organizer,Office,South,Priya,1,594.14
ORD-202606-05190,2026-06-17,CUST-2047,Monitor Stand,Furniture,North,Vikram,3,2086.59
ORD-202606-05191,2026-06-15,CUST-0174,Laptop Stand,Accessories,West,Amit,6,1589.72
ORD-202606-05192,2026-06-01,CUST-1075,Keyboard,Electronics,West,Neha,6,1251.18
ORD-202606-05193,2026-06-20,CUST-0248,Mouse Pad,Accessories,North,Ananya,1,434.08
ORD-202606-05194,2026-06-17,CUST-3766,Headphones,Electronics,East,Karan,6,2517.65
ORD-202606-05195,2026-06-11,CUST-2981,Pen Set,Office,South,Priya,6,311.06
ORD-202606-05196,2026-06-17,CUST-1129,Study Table,Furniture,West,Neha,1,5833.49
ORD-202606-05197,2026-06-28,CUST-0723,Webcam,Electronics,South,Rahul,5,1719.94
ORD-202606-05198,2026-06-26,CUST-3129,USB Hub,Accessories,South,Amit,7,975.17
ORD-202606-05199,2026-06-11,CUST-4819,Webcam,Electronics,Central,Neha,3,2021.03
ORD-202606-05200,2026-06-04,CUST-0976,Monitor Stand,Furniture,West,Vikram,7,1835.05
ORD-202606-05201,2026-06-13,CUST-2368,Mouse Pad,Accessories,South,,2,364.47
ORD-202606-05202,2026-06-05,CUST-2935,Wireless Mouse,Electronics,East,Ananya,2,732.79
ORD-202606-05203,2026-06-12,CUST-3364,Study Table,Furniture,South,Priya,5,5932.49
ORD-202606-05204,2026-06-15,CUST-4380,Laptop Stand,Accessories,North,Karan,7,1534.74
ORD-202606-05205,2026-06-09,CUST-4447,Desk Organizer,Office,North,Amit,7,545.75
ORD-202606-05206,2026-06-07,CUST-0418,Desk Organizer,Office,Central,Ananya,1,650.79
ORD-202606-05207,2026-06-22,CUST-3559,Headphones,Electronics,West,Priya,7,2585.78
ORD-202606-05208,2026-06-21,CUST-4467,Desk Organizer,Office,South,Rahul,4,577.77
ORD-202606-05209,2026-06-30,CUST-3342,Wireless Mouse,Electronics,East,Vikram,6,829.9
ORD-202606-05210,2026-07-01,CUST-2943,Headphones,Electronics,South,Rahul,7,2721.98
ORD-202606-05211,2026-06-26,CUST-1227,Monitor Stand,Furniture,South,Amit,1,1837.07
ORD-202606-05212,2026-06-20,CUST-4554,Webcam,Electronics,West,Sneha,2,2029.75
ORD-202606-05213,2026-06-14,CUST-1203,Laptop Stand,Accessories,South,Sneha,3,1519.47
ORD-202606-05214,2026-06-09,CUST-2870,Mouse Pad,Accessories,North,Neha,7,386.83
ORD-202606-05215,2026-06-10,CUST-1450,Mouse Pad,Accessories,North,Sneha,7,409.41
ORD-202606-05216,2026-06-09,CUST-3680,Laptop Stand,Accessories,West,Karan,4,1565.88
ORD-202606-05217,2026-06-26,CUST-1369,Wireless Mouse,Electronics,West,Neha,6,860.87
ORD-202606-05218,2026-06-16,CUST-4321,Webcam,Electronics,East,Neha,7,1887.0
ORD-202606-05219,2026-06-22,CUST-0011,USB Hub,Accessories,West,Rahul,3,948.46
ORD-202606-05220,2026-06-04,CUST-1426,Study Table,Furniture,West,Karan,6,5693.52
ORD-202606-05221,2026-06-21,CUST-3345,Webcam,Electronics,North,Amit,4,1736.62
ORD-202606-05222,2026-06-14,CUST-2995,USB Hub,Accessories,West,Rahul,4,933.04
ORD-202606-05223,2026-06-29,CUST-3605,Monitor Stand,Furniture,North,Vikram,2,2049.97
ORD-202606-05224,2026-06-25,CUST-1724,Laptop Stand,Accessories,North,Priya,7,1454.91
ORD-202606-05225,2026-06-07,CUST-2285,Laptop Stand,Accessories,West,Sneha,5,1355.29
ORD-202606-05226,2026-06-21,CUST-2418,Keyboard,Electronics,North,Rahul,4,1252.22
ORD-202606-05227,2026-06-20,CUST-0792,Headphones,Electronics,West,Amit,5,2647.38
ORD-202606-05228,2026-06-21,CUST-4638,Mouse Pad,accessories,East,Rahul,1,423.01
ORD-202606-05229,2026-06-18,CUST-1998,Desk Organizer,Office,North,Amit,7,591.7
ORD-202606-05230,2026-06-05,CUST-2759,Keyboard,Electronics,Central,Amit,3,1400.38
ORD-202606-05231,2026-06-29,CUST-1428,USB Hub,Accessories,West,Priya,1,951.94
ORD-202606-05232,2026-06-16,CUST-2916,Wireless Mouse,Electronics,Central,Vikram,7,817.81
ORD-202606-05233,2026-06-06,CUST-2269,Office Chair,Furniture,West,Neha,2,7465.3
ORD-202606-05234,2026-06-22,CUST-4599,Study Table,Furniture ,East,Sneha,6,5650.88
ORD-202606-05235,2026-06-15,CUST-2694,Wireless Mouse,Electronics,East,Rahul,4,808.64
ORD-202606-05236,2026-06-19,CUST-0706,Headphones,Electronics,South,Ananya,3,2450.48
ORD-202606-05237,2026-06-01,CUST-4327,Laptop Stand,Accessories,North,Amit,5,1432.96
ORD-202606-05238,2026-06-12,CUST-1189,Desk Organizer,Office,,Rahul,3,554.16
ORD-202606-05239,2026-06-02,CUST-3551,Wireless Mouse,Electronics,North,Sneha,6,812.76
ORD-202606-05240,2026-06-11,CUST-3691,USB Hub,Accessories,Central,Ananya,4,885.65
ORD-202606-05241,2026-06-06,CUST-0394,Wireless Mouse,Electronics,East,Karan,1,775.04
ORD-202606-05242,2026-06-27,,Desk Organizer,Office,South,Amit,2,570.33
ORD-202606-05243,2026-07-01,CUST-1321,Laptop Stand,Accessories,East,Rahul,4,1552.02
ORD-202606-05244,2026-06-28,CUST-1752,Notebook,Office,East,Vikram,4,216.34
ORD-202606-05245,2026-06-13,CUST-1063,Keyboard,Electronics,South,Sneha,6,1245.05
ORD-202606-05246,2026-06-07,CUST-2789,Webcam,Electronics, North,Neha,3,1785.0
ORD-202606-05247,2026-06-08,CUST-2161,Mouse Pad,Accessories,West,Priya,1,395.45
ORD-202606-05248,,CUST-2447,Headphones,Electronics,East,Karan,2,2451.57
ORD-202606-05249,2026-06-17,CUST-2418,Monitor Stand,Furniture,South,Amit,4,2099.23
ORD-202606-05250,,CUST-2826,Headphones,Electronics,West,Priya,7,2274.05
ORD-202606-05251,2026-06-25,CUST-2348,Study Table,Furniture,North,Vikram,3,5535.34
ORD-202606-05252,2026-06-21,CUST-0996,Pen Set,Office,West,Karan,2,324.58
ORD-202606-05253,2026-06-05,CUST-0895,Mouse Pad,Accessories,West,Sneha,2,437.5
ORD-202606-05254,2026-06-23,CUST-1702,Office Chair,Furniture,Central,Vikram,6,6826.99
ORD-202606-05255,2026-06-20,CUST-1540,USB Hub,Accessories,West,Neha,2,809.25
ORD-202606-05256,2026-06-17,CUST-0432,Keyboard,Electronics,East,Neha,4,1358.44
ORD-202606-05257,2026-06-15,CUST-0375,Study Table,Furniture,North,Sneha,1,5218.44
ORD-202606-05258,2026-06-06,CUST-0252,Laptop Stand,Accessories,South,Karan,6,1538.48
ORD-202606-05259,2026-06-23,CUST-1170,Pen Set,Office,West,Karan,1,297.36
ORD-202606-05260,2026-06-01,CUST-1883,USB Hub,Accessories,Central,Sneha,5,920.21
ORD-202606-05261,2026-06-13,CUST-4549,Desk Organizer,Office,East,Ananya,7,580.91
ORD-202606-05262,2026-06-09,CUST-1463,Study Table,Furniture,Central,Ananya,6,5034.97
ORD-202606-05263,2026-06-10,CUST-1098,Notebook,Office,East,Sneha,6,217.09
ORD-202606-05264,2026-06-21,CUST-4150,USB Hub,Accessories,North,Vikram,7,966.16
ORD-202606-05265,2026-06-23,CUST-2575,Headphones,Electronics,North,Karan,2,2615.05
ORD-202606-05266,2026-06-15,CUST-2554,Pen Set,Office,East,Neha,5,281.93
ORD-202606-05267,2026-06-30,CUST-4668,Laptop Stand,Accessories,West,Priya,4,1620.82
ORD-202606-05268,2026-06-09,CUST-0469,Study Table,Furniture,North,Vikram,6,5144.35
ORD-202606-05269,2026-06-11,CUST-2409,Monitor Stand,Furniture,South,Ananya,6,1948.37
ORD-202606-05270,2026-06-15,CUST-1079,Office Chair,Furniture,North,Karan,2,7593.62
ORD-202606-05271,2026-06-23,CUST-0018,Mouse Pad,Accessories,Central,Ananya,3,387.17
ORD-202606-05272,2026-06-18,CUST-4576,Webcam,Electronics,North,Neha,4,1722.66
ORD-202606-05273,2026-06-23,CUST-3725,Laptop Stand,Accessories,East,Neha,1,1546.45
ORD-202606-05274,2026-06-01,CUST-3630,Wireless Mouse,Electronics,North,Karan,7,842.84
ORD-202606-05275,2026-06-07,CUST-2195,Wireless Mouse,Electronics,West,Rahul,4,789.26
ORD-202606-05276,2026-06-17,CUST-0283,Headphones,Electronics,West,Neha,4,2626.33
ORD-202606-05277,2026-07-01,CUST-2795,USB Hub,Accessories,East,Rahul,7,929.74
ORD-202606-05278,2026-06-28,CUST-0288,Desk Organizer,Office,Central,Vikram,7,574.46
ORD-202606-05279,2026-06-10,CUST-1243,Webcam,Electronics,Central,Priya,3,1787.76
ORD-202606-05280,2026-06-07,CUST-3412,Mouse Pad,Accessories,North,Priya,5,400.65
ORD-202606-05281,2026-06-04,CUST-1491,USB Hub,Accessories,South,Karan,4,863.32
ORD-202606-05282,2026-06-01,CUST-0883,Desk Organizer,Office,,Rahul,5,610.3
ORD-202606-05283,2026-07-01,CUST-0287,Mouse Pad,accessories,West,Karan,2,437.82
ORD-202606-05284,2026-06-16,CUST-1897,Pen Set,Office,West,Amit,2,279.72
ORD-202606-05285,2026-06-19,CUST-2316,Pen Set,Office,Central,Vikram,2,303.3
ORD-202606-05286,2026-06-27,CUST-3744,Webcam,Electronics,Central,Ananya,1,1777.58
ORD-202606-05287,2026-06-21,CUST-4894,Study Table,Furniture,South,Rahul,6,4955.8
ORD-202606-05288,2026-06-07,CUST-0169,Laptop Stand,Accessories,Central,Amit,5,1643.91
ORD-202606-05289,2026-06-19,CUST-1859,Notebook,Office,,Priya,2,209.65
ORD-202606-05290,2026-06-13,CUST-2938,Pen Set,Office,East,Karan,4,280.99
ORD-202606-05291,2026-07-01,CUST-3914,Study Table,Furniture,Central,Vikram,3,5193.16
ORD-202606-05292,2026-06-08,CUST-1664,Headphones,Electronics,South,Amit,5,2272.47
ORD-202606-05293,2026-06-23,CUST-3550,Monitor Stand,Furniture,East,Priya,7,2029.7
ORD-202606-05294,2026-06-29,CUST-4947,Keyboard,Electronics,Central,Ananya,4,1413.84
ORD-202606-05295,2026-06-23,CUST-0695,Wireless Mouse,Electronics,Central,Vikram,5,764.5
ORD-202606-05296,2026-06-01,CUST-1237,Keyboard,Electronics ,North,Priya,4,1283.07
ORD-202606-05297,2026-06-17,CUST-4058,Wireless Mouse,Electronics,East,Amit,4,754.53
ORD-202606-05298,2026-06-03,CUST-0400,Desk Organizer,Office,West,Ananya,5,650.53
ORD-202606-05299,2026-06-01,CUST-4468,Monitor Stand,Furniture,West,Ananya,4,2187.62
ORD-202606-05300,2026-06-07,CUST-4261,Mouse Pad,Accessories,,Neha,1,395.79
ORD-202606-05301,2026-06-02,CUST-4763,Wireless Mouse,Electronics,North,Rahul,2,747.58
ORD-202606-05302,2026-06-01,CUST-0702,Headphones,Electronics,West,Sneha,4,2636.44
ORD-202606-05303,2026-06-27,CUST-1134,Headphones,Electronics,East,Karan,4,2600.73
ORD-202606-05304,2026-06-30,CUST-0006,Mouse Pad,Accessories,South,Sneha,2,369.24
ORD-202606-05305,2026-06-08,CUST-0630,Keyboard,Electronics,South,Neha,6,1405.74
ORD-202606-05306,2026-06-18,CUST-3545,Desk Organizer,Office,Central,Rahul,2,652.19
ORD-202606-05307,2026-06-07,CUST-0709,Notebook,Office,West,Priya,4,182.3
ORD-202606-05308,2026-06-09,CUST-3526,Desk Organizer,Office,Central,Ananya,3,547.72
ORD-202606-05309,2026-06-04,CUST-4058,Mouse Pad,Accessories,South,Rahul,5,429.05
ORD-202606-05310,2026-06-26,CUST-2997,Mouse Pad,Accessories,Central,Ananya,3,378.3
ORD-202606-05311,2026-06-13,CUST-2441,Keyboard,Electronics,West,Sneha,6,1290.61
ORD-202606-05312,2026-06-03,CUST-1349,Mouse Pad,Accessories,Central,Sneha,5,396.58
ORD-202606-05313,2026-06-30,CUST-2829,Pen Set,Office,North,Ananya,3,281.67
ORD-202606-05314,2026-06-07,CUST-4252,Laptop Stand,Accessories,East,Priya,7,1508.2
ORD-202606-05315,2026-06-04,CUST-0504,Wireless Mouse,Electronics,East,Karan,5,750.24
ORD-202606-05316,2026-06-09,CUST-4967,Pen Set,Office,Central,Rahul,1,326.29
ORD-202606-05317,2026-06-20,CUST-2491,Study Table,Furniture,East,Rahul,4,4979.55
ORD-202606-05318,2026-07-01,CUST-3154,Wireless Mouse,Electronics,South,Karan,6,825.44
ORD-202606-05319,2026-06-07,CUST-0975,Headphones,Electronics,South,Karan,3,2712.61
ORD-202606-05320,2026-06-08,CUST-0124,Notebook,Office,East,Priya,6,200.3
ORD-202606-05321,2026-06-07,CUST-2353,Headphones,Electronics,East,Karan,3,2703.31
ORD-202606-05322,2026-06-22,CUST-2673,Monitor Stand,Furniture,North,Karan,4,2132.8
ORD-202606-05323,2026-06-20,CUST-3173,Pen Set,Office,Central,Amit,7,279.56
ORD-202606-05324,2026-06-29,CUST-1189,Keyboard,Electronics,East,Karan,1,1201.82
ORD-202606-05325,2026-06-28,CUST-4694,Notebook,Office,East,Neha,6,196.42
ORD-202606-05326,2026-06-22,CUST-1715,Study Table,furniture,East,,2,5411.7
ORD-202606-05327,2026-06-20,CUST-4306,Pen Set,Office ,Central,Vikram,5,326.78
ORD-202606-05328,2026-06-28,CUST-1837,Notebook,Office,North,Sneha,1,199.36
ORD-202606-05329,2026-06-29,CUST-3085,Headphones,Electronics,West,Rahul,5,2627.97
ORD-202606-05330,2026-06-18,CUST-0875,Laptop Stand,Accessories,West,Amit,5,1359.91
ORD-202606-05331,2026-07-01,CUST-0913,Laptop Stand,Accessories,West,Ananya,7,1567.34
ORD-202606-05332,2026-06-22,CUST-2593,Headphones,Electronics,North,Sneha,2,2671.15
ORD-202606-05333,2026-06-29,CUST-0490,Laptop Stand,Accessories,South,Rahul,1,1463.99
ORD-202606-05334,2026-06-29,CUST-1265,Office Chair,Furniture,Central,Ananya,3,6966.15
ORD-202606-05335,2026-06-09,CUST-1820,Monitor Stand,Furniture,North,Karan,2,2010.81
ORD-202606-05336,2026-06-28,CUST-4516,Office Chair,Furniture,Central,Neha,7,6589.67
ORD-202606-05337,2026-06-03,CUST-2488,Desk Organizer,Office,Central,Karan,6,585.16
ORD-202606-05338,2026-06-06,CUST-0217,Study Table,Furniture,East,Sneha,1,5467.62
ORD-202606-05339,2026-06-22,CUST-2495,Monitor Stand,Furniture,West,Priya,6,1873.04
ORD-202606-05340,2026-06-30,CUST-1478,USB Hub,Accessories,East,Karan,7,986.56
ORD-202606-05341,2026-06-20,CUST-3313,Notebook,Office,Central,Karan,7,192.44
ORD-202606-05342,2026-06-04,CUST-0178,Webcam,Electronics,North,Sneha,6,1889.58
ORD-202606-05343,2026-06-03,CUST-3857,Pen Set, Office,East,Neha,7,279.75
ORD-202606-05344,2026-06-19,CUST-4561,USB Hub,Accessories,East,Priya,5,980.09
ORD-202606-05345,2026-06-20,CUST-3309,Webcam,Electronics,East,Rahul,2,1991.23
ORD-202606-05346,2026-06-13,CUST-3999,USB Hub,Accessories,North,Sneha,1,822.37
ORD-202606-05347,2026-06-06,CUST-4463,Keyboard,Electronics,West,Rahul,2,1303.27
ORD-202606-05348,2026-06-24,CUST-2626,Study Table,Furniture,Central,Vikram,5,5397.17
ORD-202606-05349,2026-06-20,CUST-0372,Notebook,Office,North,Priya,2,210.79
ORD-202606-05350,2026-06-27,CUST-0117,Keyboard,Electronics,East,Amit,6,1204.83
ORD-202606-05351,2026-06-10,CUST-4803,Desk Organizer,Office,Central,Sneha,3,571.57
ORD-202606-05352,2026-06-27,CUST-2030,Wireless Mouse,Electronics,North,Priya,2,839.32
ORD-202606-05353,2026-06-28,CUST-1732,Pen Set,Office,Central,Karan,2,275.16
ORD-202606-05354,2026-06-28,CUST-0050,Office Chair,Furniture,Central,Sneha,7,7434.95
ORD-202606-05355,2026-06-07,CUST-3240,Study Table,Furniture,Central,Amit,3,5880.68
ORD-202606-05356,2026-06-19,CUST-2383,Wireless Mouse,Electronics,West,Ananya,3,769.69
ORD-202606-05357,2026-06-14,CUST-1903,Laptop Stand,Accessories,Central,Amit,6,1589.45
ORD-202606-05358,2026-06-25,CUST-2495,Notebook,Office,North,Vikram,1,187.35
ORD-202606-05359,2026-06-02,CUST-3997,Headphones,Electronics,East,Amit,5,2525.6
ORD-202606-05360,2026-06-18,CUST-4603,Wireless Mouse,Electronics,North,Sneha,6,744.27
ORD-202606-05361,2026-06-23,CUST-0921,Keyboard,Electronics,North,Amit,6,1266.98
ORD-202606-05362,2026-06-22,CUST-1624,Headphones,Electronics,North,Priya,7,2335.72
ORD-202606-05363,2026-06-29,,Wireless Mouse,Electronics,,Sneha,1,837.37
ORD-202606-05364,2026-06-12,CUST-2745,Webcam,Electronics,South,Priya,2,1919.45
ORD-202606-05365,2026-06-29,CUST-2711,Notebook,Office,,Amit,1,180.82
ORD-202606-05366,2026-06-16,CUST-1482,Webcam,Electronics,North,Rahul,1,2044.3
ORD-202606-05367,2026-06-07,CUST-0714,Laptop Stand,Accessories,West,Karan,7,1556.27
ORD-202606-05368,2026-06-16,CUST-4621,Headphones,Electronics,South,Neha,4,2257.26
ORD-202606-05369,2026-06-20,CUST-3835,USB Hub,Accessories,East,Priya,3,957.11
ORD-202606-05370,2026-06-09,CUST-3932,Headphones,Electronics,East,Neha,3,2401.89
ORD-202606-05371,2026-06-24,CUST-1599,USB Hub,Accessories,West,Amit,2,821.08
ORD-202606-05372,2026-06-08,CUST-3166,Webcam,Electronics,East,Rahul,1,1759.79
ORD-202606-05373,2026-06-13,CUST-4787,Mouse Pad,Accessories,North,Vikram,2,435.13
ORD-202606-05374,2026-06-21,CUST-2705,Laptop Stand,Accessories,West,Rahul,1,1539.59
ORD-202606-05375,2026-06-14,CUST-0705,USB Hub,Accessories,West,Sneha,3,986.25
ORD-202606-05376,2026-06-05,CUST-1477,Laptop Stand,Accessories,West,Rahul,1,1635.71
ORD-202606-05377,2026-06-10,CUST-2945,Office Chair,Furniture,Central,Priya,5,6625.98
ORD-202606-05378,2026-06-13,CUST-3564,Laptop Stand,Accessories,East,Vikram,5,1424.83
ORD-202606-05379,2026-06-19,CUST-0044,USB Hub,Accessories,West,Ananya,3,939.28
ORD-202606-05380,2026-06-01,CUST-2605,Office Chair,Furniture,East,Vikram,4,6913.85
ORD-202606-05381,2026-06-01,CUST-3406,Monitor Stand,Furniture,North,Neha,5,1850.16
ORD-202606-05382,2026-06-12,CUST-0738,Keyboard,Electronics,Central,Vikram,4,1257.49
ORD-202606-05383,2026-06-25,CUST-0195,Mouse Pad,Accessories,West,Neha,1,359.97
ORD-202606-05384,2026-06-02,CUST-3875,Notebook,Office,West,Priya,5,191.43
ORD-202606-05385,2026-06-30,CUST-4696,Webcam,Electronics,north,Amit,5,1840.78
ORD-202606-05386,2026-06-18,CUST-2228,USB Hub,Accessories,West,Priya,3,830.69
ORD-202606-05387,2026-06-27,CUST-0587,Office Chair,Furniture,East,Rahul,3,7141.43
ORD-202606-05388,2026-06-14,CUST-3273,Headphones,Electronics,East,Amit,4,2380.77
ORD-202606-05389,2026-06-27,CUST-3000,Laptop Stand,Accessories,Central,Rahul,3,1614.88
ORD-202606-05390,2026-06-23,CUST-0357,Wireless Mouse,Electronics,West,Sneha,6,877.46
ORD-202606-05391,2026-06-30,CUST-1048,Mouse Pad,Accessories,Central,Vikram,5,375.99
ORD-202606-05392,2026-06-03,CUST-4918,Headphones,Electronics,Central,Priya,4,2737.26
ORD-202606-05393,2026-06-09,CUST-2810,Webcam,Electronics,East,Vikram,4,1805.08
ORD-202606-05394,2026-06-14,CUST-3553,Headphones,Electronics,West,Sneha,7,2334.93
ORD-202606-05395,2026-06-15,CUST-0393,Office Chair,Furniture,south,Karan,6,6970.46
ORD-202606-05396,2026-07-01,CUST-4096,Laptop Stand,Accessories,Central,Amit,6,1429.83
ORD-202606-05397,2026-06-11,CUST-3874,Notebook,Office,South,Rahul,4,196.85
ORD-202606-05398,2026-06-15,,Notebook,Office,Central,Rahul,6,186.83
ORD-202606-05399,2026-06-17,CUST-3382,Laptop Stand,Accessories,South,Karan,6,1558.66
ORD-202606-05400,2026-07-01,CUST-4695,Desk Organizer,Office,North,Rahul,5,650.84
ORD-202606-05401,2026-06-28,CUST-2784,Desk Organizer,Office,South,Ananya,3,647.0
ORD-202606-05402,2026-06-19,CUST-2055,Laptop Stand,Accessories,West,Ananya,6,1573.32
ORD-202606-05403,2026-06-15,CUST-3299,Headphones,Electronics,East,Amit,7,2594.63
ORD-202606-05404,2026-06-28,CUST-2673,Webcam,Electronics,East,Priya,5,2050.21
ORD-202606-05405,2026-06-16,CUST-1675,USB Hub,Accessories,North,Priya,-1,845.9
ORD-202606-05406,2026-06-03,CUST-3663,Laptop Stand,Accessories,,Neha,3,1543.72
ORD-202606-05407,2026-06-29,CUST-4204,Laptop Stand,Accessories,South,Neha,1,1414.72
ORD-202606-05408,2026-06-08,CUST-0748,Keyboard,Electronics,North,Priya,3,1360.84
ORD-202606-05409,2026-06-16,CUST-2196,Office Chair,Furniture,Central,Sneha,7,7542.69
ORD-202606-05410,2026-06-12,CUST-0672,Desk Organizer,Office,North,Amit,2,584.32
ORD-202606-05411,2026-06-01,CUST-4579,Desk Organizer,Office,West,Vikram,6,582.21
ORD-202606-05412,2026-06-02,CUST-2560,Wireless Mouse,Electronics,East,Sneha,6,849.42
ORD-202606-05413,2026-06-26,CUST-3827,Desk Organizer,Office,North,Sneha,6,609.08
ORD-202606-05414,2026-06-01,CUST-2885,USB Hub,Accessories,Central,Neha,5,957.25
ORD-202606-05415,2026-06-14,CUST-2315,Wireless Mouse,Electronics,East,Sneha,5,779.61
ORD-202606-05416,2026-06-06,CUST-1807,Headphones,Electronics,West,Vikram,4,2361.11
ORD-202606-05417,2026-06-23,CUST-2784,Pen Set,Office,Central,Neha,3,296.44
ORD-202606-05418,2026-06-06,CUST-0493,Study Table,Furniture,Central,Neha,3,5720.54
ORD-202606-05419,2026-06-24,CUST-0593,Webcam,Electronics,Central,Amit,2,1955.73
ORD-202606-05420,2026-06-21,CUST-4648,USB Hub,Accessories,South,Rahul,6,848.14
ORD-202606-05421,2026-06-11,CUST-3133,Monitor Stand,Furniture,South,Ananya,5,2091.33
ORD-202606-05422,2026-06-20,,Webcam,Electronics,North,Rahul,2,1736.1
ORD-202606-05423,2026-06-29,CUST-2782,Notebook,Office,Central,Neha,7,213.13
ORD-202606-05424,2026-06-07,CUST-2313,Office Chair,Furniture,West,,4,6633.68
ORD-202606-05425,2026-06-22,CUST-2903,Study Table,Furniture,East,Rahul,3,5011.01
ORD-202606-05426,2026-06-27,CUST-3115,Study Table,Furniture,West,Amit,7,5978.21
ORD-202606-05427,2026-06-06,CUST-0636,Notebook,Office,West,Neha,6,211.23
ORD-202606-05428,2026-06-12,CUST-4330,Webcam,Electronics,North,Neha,6,1872.62
ORD-202606-05429,2026-06-03,CUST-1859,Laptop Stand,Accessories,North,Karan,7,1564.17
ORD-202606-05430,2026-06-02,CUST-3452,Pen Set, Office,South,Karan,6,312.1
ORD-202606-05431,2026-06-06,CUST-1268,Study Table,Furniture,,Ananya,3,5634.05
ORD-202606-05432,2026-06-30,CUST-1627,Monitor Stand,Furniture,South,Ananya,4,1944.43
ORD-202606-05433,2026-06-19,CUST-1469,Mouse Pad,accessories,South,Vikram,4,384.85
ORD-202606-05434,2026-06-14,CUST-0254,Desk Organizer,office,West,Amit,5,638.12
ORD-202606-05435,2026-06-05,CUST-2276,Wireless Mouse,Electronics,East,Sneha,2,773.31
ORD-202606-05436,2026-06-21,CUST-4568,Pen Set,Office,North,Amit,4,328.61
ORD-202606-05437,2026-06-14,CUST-0409,Laptop Stand,Accessories,Central,Priya,1,1605.43
ORD-202606-05438,2026-06-09,CUST-3866,Office Chair,Furniture,East,Neha,2,6731.65
ORD-202606-05439,2026-06-07,CUST-1075,Monitor Stand,Furniture,West,,5,1967.9
ORD-202606-05440,2026-06-18,CUST-1202,Desk Organizer,Office,West,Ananya,6,561.42
ORD-202606-05441,2026-06-01,,Wireless Mouse,Electronics,North,Priya,7,808.2
ORD-202606-05442,2026-06-23,CUST-0965,Office Chair,Furniture,North,,6,6660.16
ORD-202606-05443,2026-06-13,CUST-3355,Headphones,Electronics,Central,Neha,1,2607.17
ORD-202606-05444,2026-06-05,CUST-4585,Laptop Stand,Accessories,South,Karan,4,1546.56
ORD-202606-05445,2026-06-08,CUST-2764,Keyboard,Electronics,South,Neha,2,1232.25
ORD-202606-05446,2026-06-02,CUST-4413,Pen Set,Office,South,Vikram,7,289.61
ORD-202606-05447,2026-06-14,CUST-3477,Notebook,Office,East,Neha,7,217.9
ORD-202606-05448,2026-06-14,CUST-3513,Wireless Mouse,Electronics,East,Rahul,3,830.49
ORD-202606-05449,2026-06-17,CUST-3829,Office Chair,Furniture,North,Neha,4,6957.98
ORD-202606-05450,2026-07-01,,Office Chair,Furniture,North,Sneha,4,6899.08
ORD-202606-05451,2026-06-13,CUST-3773,Wireless Mouse,Electronics,West,Karan,1,841.91
ORD-202606-05452,2026-06-29,CUST-1573,Mouse Pad,Accessories,West,Vikram,7,426.74
ORD-202606-05453,2026-06-11,CUST-0481,Office Chair,Furniture,Central,Ananya,3,7304.49
ORD-202606-05454,2026-06-02,CUST-1050,Monitor Stand,Furniture,Central,Priya,2,2086.15
ORD-202606-05455,2026-06-12,CUST-0384,Keyboard,Electronics,West,Sneha,6,1189.49
ORD-202606-05456,2026-06-05,CUST-4917,Laptop Stand,Accessories,East,Sneha,7,1607.56
ORD-202606-05457,2026-06-04,CUST-1745,Laptop Stand,Accessories,East,Karan,3,1548.79
ORD-202606-05458,2026-06-19,CUST-4570,Mouse Pad,Accessories,North,Ananya,2,394.1
ORD-202606-05459,2026-06-19,CUST-3125,Desk Organizer,Office,Central,Karan,5,590.84
ORD-202606-05460,2026-06-20,CUST-1100,Study Table,Furniture,South,Amit,4,5554.29
ORD-202606-05461,2026-06-07,CUST-0592,Monitor Stand,Furniture,Central,Amit,3,1846.14
ORD-202606-05462,2026-06-01,CUST-2517,Keyboard,Electronics,Central,Amit,5,1181.94
ORD-202606-05463,2026-06-13,CUST-0516,Monitor Stand,Furniture,Central,Neha,1,1837.25
ORD-202606-05464,2026-06-12,CUST-1125,Office Chair,Furniture,Central,Neha,7,6618.05
ORD-202606-05465,2026-06-22,CUST-4428,Webcam,Electronics,North,Sneha,3,1868.83
ORD-202606-05466,2026-06-15,CUST-3314,Wireless Mouse,Electronics,,Rahul,5,797.85
ORD-202606-05467,2026-06-20,CUST-4535,Monitor Stand,Furniture,East,Ananya,1,2190.48
ORD-202606-05468,2026-06-15,CUST-1584,USB Hub,Accessories,North,Ananya,5,882.78
ORD-202606-05469,2026-07-01,CUST-4048,Office Chair,Furniture,South,Rahul,1,7644.51
ORD-202606-05470,2026-06-08,CUST-3409,Desk Organizer,Office,West,Priya,5,587.36
ORD-202606-05471,2026-06-23,CUST-1801,Mouse Pad,Accessories,North,Amit,5,427.71
ORD-202606-05472,2026-06-16,CUST-0908,Webcam,Electronics,West,Neha,3,2075.05
ORD-202606-05473,2026-06-06,CUST-2587,Pen Set,Office,South,Neha,6,306.38
ORD-202606-05474,2026-06-06,CUST-3029,Pen Set,Office,South,Rahul,7,277.0
ORD-202606-05475,2026-06-01,CUST-1652,Pen Set,Office,East,Ananya,1,301.75
ORD-202606-05476,2026-06-28,CUST-3182,Pen Set,Office,Central,Sneha,1,298.11
ORD-202606-05477,2026-06-02,CUST-0652,Study Table,Furniture,East,Amit,3,5919.59
ORD-202606-05478,2026-06-03,,Webcam,Electronics,South,Priya,3,1718.93
ORD-202606-05479,2026-06-01,CUST-2453,USB Hub,Accessories,West,Neha,3,982.81
ORD-202606-05480,2026-06-30,CUST-0762,Webcam,Electronics, West,Rahul,7,2013.15
ORD-202606-05481,2026-06-24,CUST-4007,Study Table,Furniture,East,Neha,3,5800.24
ORD-202606-05482,2026-06-27,CUST-4430,Office Chair,Furniture,Central,Amit,2,7325.64
ORD-202606-05483,2026-06-17,CUST-2082,Office Chair,Furniture,south,Vikram,2,6788.25
ORD-202606-05484,2026-06-07,CUST-2383,Desk Organizer,Office,North,Ananya,4,549.13
ORD-202606-05485,2026-06-15,CUST-2380,Keyboard,Electronics,East,Karan,7,-100.0
ORD-202606-05486,2026-06-08,CUST-4231,Monitor Stand,Furniture,West,Vikram,4,2113.41
ORD-202606-05487,2026-06-19,CUST-2169,Mouse Pad,Accessories,West,Sneha,4,389.3
ORD-202606-05488,2026-06-26,CUST-4641,Office Chair,Furniture,South,Ananya,6,7292.25
ORD-202606-05489,2026-06-06,CUST-2651,Office Chair,Furniture,North,Rahul,5,6440.51
ORD-202606-05490,2026-06-18,CUST-3984,USB Hub,Accessories,East,Amit,1,898.01
ORD-202606-05491,2026-06-08,CUST-3016,Monitor Stand,Furniture,North,Priya,1,2043.75
ORD-202606-05492,2026-06-22,CUST-0178,Office Chair,Furniture,Central,Neha,1,7546.95
ORD-202606-05493,2026-06-30,CUST-1251,Keyboard,Electronics,East,Neha,5,1179.13
ORD-202606-05494,2026-06-23,CUST-1112,Pen Set,Office,West,Rahul,1,272.55
ORD-202606-05495,2026-06-05,CUST-2889,Monitor Stand,Furniture,North,Neha,1,2024.65
ORD-202606-05496,2026-06-15,CUST-1009,Pen Set,Office,North,Neha,3,314.53
ORD-202606-05497,2026-06-03,CUST-0871,Study Table,Furniture,Central,Rahul,6,5221.33
ORD-202606-05498,2026-06-24,CUST-0104,Study Table,Furniture,Central,Amit,7,5399.91
ORD-202606-05499,2026-06-27,CUST-0773,Pen Set,Office,South,Priya,5,292.28
ORD-202606-05500,2026-06-12,CUST-0676,Laptop Stand,Accessories,Central,Amit,3,1565.0
ORD-202606-01602,2026-06-03,CUST-3197,Mouse Pad,Accessories,North,Rahul,6,434.63
ORD-202606-00190,2026-06-18,CUST-2909,Headphones,Electronics,Central,Karan,5,2283.5
ORD-202606-02830,2026-06-17,CUST-2404,Wireless Mouse,Electronics,Central,Vikram,6,857.65
ORD-202606-01298,2026-06-21,CUST-0966,Keyboard,Electronics,North,Sneha,2,1384.47
ORD-202606-04856,2026-06-06,CUST-2287,Webcam,Electronics,North,Sneha,6,2071.57
ORD-202606-01439,2026-06-28,CUST-2419,Desk Organizer,Office,,Amit,6,614.4
ORD-202606-02207,2026-06-05,CUST-1531,Pen Set,Office,South,Ananya,5,327.24
ORD-202606-03741,2026-06-13,CUST-0248,Mouse Pad,Accessories,East,Priya,5,366.82
ORD-202606-02237,2026-06-08,CUST-2165,Notebook,Office,North,Karan,1,206.61
ORD-202606-00774,2026-06-21,CUST-2550,Monitor Stand,Furniture,Central,Ananya,4,1934.75
ORD-202606-02232,2026-06-06,CUST-2936,Office Chair,Furniture,Central,,1,7676.94
ORD-202606-00887,2026-06-29,CUST-0042,Headphones,Electronics,Central,Neha,4,2675.0
ORD-202606-04809,2026-06-19,CUST-2783,Headphones,Electronics,Central,Priya,2,2688.61
ORD-202606-01958,2026-06-05,CUST-2953,Desk Organizer,Office,South,Amit,6,650.04
ORD-202606-01981,2026-06-27,CUST-3053,Office Chair,Furniture,Central,Karan,2,7279.85
ORD-202606-02161,2026-06-15,CUST-1139,Study Table,Furniture,,Ananya,6,5552.94
ORD-202606-00412,2026-06-14,CUST-2295,Mouse Pad,Accessories,West,Sneha,5,387.1
ORD-202606-03519,2026-06-25,CUST-0385,Webcam,Electronics,Central,Neha,6,1844.51
ORD-202606-01172,2026-06-29,CUST-3054,Laptop Stand,Accessories,Central,Sneha,6,1588.48
ORD-202606-00647,2026-06-02,CUST-1926,Desk Organizer,Office,West,Vikram,5,547.1
ORD-202606-03738,2026-06-18,CUST-4916,Desk Organizer,Office,Central,Amit,4,564.79
ORD-202606-03392,2026-06-03,CUST-1630,Mouse Pad,Accessories,South,Priya,7,403.5
ORD-202606-05215,2026-06-10,CUST-1450,Mouse Pad,Accessories,North ,Sneha,7,409.41
ORD-202606-03900,2026-06-07,CUST-4954,Pen Set,Office,North,Priya,1,310.25
ORD-202606-03411,2026-06-10,CUST-2095,Study Table,Furniture,North,Sneha,5,5967.94
ORD-202606-01394,2026-06-19,CUST-2412,Desk Organizer,Office,South,Amit,6,552.47
ORD-202606-00312,2026-06-29,CUST-2824,Notebook,Office,Central,Sneha,1,205.41
ORD-202606-04971,2026-06-29,CUST-3567,Mouse Pad,Accessories,Central,Priya,2,410.4
ORD-202606-01409,2026-06-26,CUST-2652,USB Hub,Accessories,East,Ananya,6,940.36
ORD-202606-02025,2026-06-02,CUST-1424,Study Table,Furniture,Central,Amit,7,5544.82
ORD-202606-00257,2026-06-22,CUST-3690,Keyboard,Electronics,North,Sneha,7,1278.65
ORD-202606-01528,2026-06-27,CUST-0642,Mouse Pad,Accessories,South,Sneha,3,389.41
ORD-202606-01755,2026-06-26,CUST-0738,Mouse Pad,Accessories,west,Ananya,3,362.37
ORD-202606-01784,2026-06-17,CUST-1445,Webcam,Electronics,South,Ananya,5,1982.56
ORD-202606-02448,2026-07-01,CUST-1573,Desk Organizer,Office,East,Neha,1,658.19
ORD-202606-01822,2026-07-01,CUST-1660,Mouse Pad,Accessories,West,Karan,5,426.16
ORD-202606-00368,2026-06-25,CUST-3363,Desk Organizer,Office,South,Neha,3,655.43
ORD-202606-03140,2026-06-10,CUST-2531,Headphones,Electronics,Central,Rahul,7,2347.81
ORD-202606-00271,2026-06-10,CUST-3226,Mouse Pad,Accessories,East,Amit,1,366.51
ORD-202606-00414,2026-06-02,CUST-0530,Keyboard,Electronics,North,Neha,7,1259.72
ORD-202606-00672,2026-06-22,CUST-0652,Monitor Stand,Furniture,Central,Vikram,3,2138.78
ORD-202606-04998,2026-06-17,CUST-2285,Study Table,Furniture,South,,3,5835.54
ORD-202606-04262,2026-06-25,CUST-0356,Pen Set,Office,South,Neha,4,295.67
ORD-202606-03567,2026-06-08,CUST-3468,Laptop Stand,Accessories,East,Amit,6,1626.39
ORD-202606-03747,2026-06-15,CUST-1164,Wireless Mouse,Electronics,North,Neha,1,862.1
ORD-202606-00879,2026-06-03,CUST-2572,Pen Set,Office,central,Neha,3,273.99
ORD-202606-04631,2026-06-29,CUST-4711,Notebook,Office,North,Neha,2,190.99
ORD-202606-00114,2026-06-27,CUST-1320,Wireless Mouse,Electronics,South,Amit,6,857.9
ORD-202606-01305,2026-06-19,,Office Chair,Furniture,East,Karan,6,6491.57
ORD-202606-04789,2026-06-23,CUST-1474,Pen Set,Office,West,Amit,4,275.7
ORD-202606-03906,2026-06-18,CUST-1606,Study Table,Furniture,East,Rahul,2,6008.71
ORD-202606-04780,2026-06-22,CUST-4279,Webcam,Electronics,North,Vikram,4,2053.64
ORD-202606-01310,2026-06-28,CUST-4173,Desk Organizer,Office,South,Karan,5,634.5
ORD-202606-01691,2026-06-04,CUST-3973,Webcam,Electronics,West,Vikram,1,1848.66
ORD-202606-03521,2026-06-20,CUST-2382,Monitor Stand,Furniture,North,Ananya,1,2077.57
ORD-202606-02295,2026-06-30,CUST-0683,Notebook,Office,West,Vikram,7,211.58
ORD-202606-05322,2026-06-22,CUST-2673,Monitor Stand,Furniture,North,Karan,4,2132.8
ORD-202606-01742,2026-06-29,CUST-0565,Keyboard,Electronics,West,Vikram,7,1204.28
ORD-202606-01971,2026-07-01,CUST-3759,Study Table,Furniture,Central,Neha,7,5986.03
ORD-202606-02875,2026-06-07,,Mouse Pad,Accessories,Central,Ananya,4,410.16
ORD-202606-03921,2026-06-12,CUST-1096,Laptop Stand,Accessories,West,Neha,1,1620.57
ORD-202606-00022,2026-06-25,CUST-1727,Office Chair,Furniture,East,Ananya,6,7354.93
ORD-202606-01201,2026-06-03,CUST-1686,Keyboard,Electronics,East,Vikram,1,1408.64
ORD-202606-01214,2026-06-06,CUST-1119,Notebook,Office,North,Sneha,5,191.44
ORD-202606-01577,2026-06-30,CUST-1985,Pen Set,Office,East,Ananya,1,273.01
ORD-202606-02188,2026-06-13,CUST-3277,Office Chair,Furniture,Central,Karan,7,7570.84
ORD-202606-04941,2026-06-14,CUST-0063,Laptop Stand,Accessories,West,Karan,6,1582.88
ORD-202606-03955,2026-06-27,CUST-0496,Headphones,Electronics,South,Priya,3,2479.26
ORD-202606-04675,2026-06-17,CUST-0944,USB Hub,Accessories,North,Vikram,3,857.01
ORD-202606-02680,2026-06-25,CUST-2898,Webcam,Electronics,North,Karan,3,1998.02
ORD-202606-00557,2026-06-21,CUST-3258,Study Table,Furniture,Central,Amit,2,-100.0
ORD-202606-02770,2026-06-01,CUST-1538,USB Hub,Accessories,East,Ananya,3,887.87
ORD-202606-04092,2026-06-21,CUST-0331,Mouse Pad,Accessories,South,Rahul,3,434.52
ORD-202606-02214,2026-06-08,CUST-1979,Laptop Stand,Accessories,North,Karan,5,1459.64
ORD-202606-02529,2026-06-08,CUST-0031,Mouse Pad,Accessories,East,Amit,2,414.01
ORD-202606-03909,,CUST-2816,Notebook,Office,Central,Priya,5,202.09
ORD-202606-04535,2026-06-29,CUST-1728,Headphones,Electronics,West,Ananya,6,2539.1
ORD-202606-01601,2026-06-24,CUST-0687,Pen Set,Office,West,Amit,7,292.79
ORD-202606-03299,2026-06-29,CUST-3323,Pen Set,Office,North,Vikram,1,289.21
ORD-202606-05248,2026-06-12,CUST-2447,Headphones,Electronics,East,Karan,2,2451.57
ORD-202606-02042,2026-06-21,CUST-4048,Study Table,Furniture,South,Ananya,2,5336.79
ORD-202606-04976,2026-06-03,,Office Chair,Furniture,East,Amit,4,7548.52
