Order_ID,Order_Date,Customer_ID,Product,Category,Region,Salesperson,Quantity,Unit_Price
ORD-202603-00001,2026-03-26 00:00:00+00:00,CUST-2413,Keyboard,Electronics,Central,Vikram,2,1235.17
ORD-202603-00002,2026-03-24 00:00:00+00:00,CUST-1730,USB Hub,Accessories,East,Sneha,2,986.8
ORD-202603-00003,2026-03-31 00:00:00+00:00,CUST-0353,Keyboard,Electronics,West,Ananya,1,1297.64
ORD-202603-00004,2026-03-14 00:00:00+00:00,CUST-0875,Wireless Mouse,Electronics,East,Karan,4,833.35
ORD-202603-00005,2026-03-18 00:00:00+00:00,CUST-0831,Laptop Stand,Accessories,North,Priya,3,1471.54
ORD-202603-00006,2026-03-07 00:00:00+00:00,CUST-1351,Study Table,Furniture,East,Sneha,3,5701.83
ORD-202603-00007,2026-03-22 00:00:00+00:00,CUST-0316,Monitor Stand,Furniture,North,Ananya,7,2192.26
ORD-202603-00008,2026-03-20 00:00:00+00:00,CUST-4505,Study Table,Furniture,East,Sneha,7,5118.01
ORD-202603-00009,2026-03-03 00:00:00+00:00,CUST-3934,Monitor Stand,Furniture,East,Amit,7,1973.38
ORD-202603-00010,2026-03-13 00:00:00+00:00,CUST-4148,Study Table,Furniture,East,Neha,4,5715.69
ORD-202603-00011,2026-03-29 00:00:00+00:00,CUST-2747,Pen Set,Office,West,Karan,7,320.34
ORD-202603-00012,2026-03-16 00:00:00+00:00,CUST-0023,Headphones,Electronics,South,Amit,2,2567.57
ORD-202603-00013,2026-03-14 00:00:00+00:00,CUST-0808,Office Chair,Furniture,Central,Priya,6,6622.85
ORD-202603-00014,2026-03-04 00:00:00+00:00,CUST-1121,Monitor Stand,Furniture,East,Karan,5,2057.03
ORD-202603-00015,2026-03-25 00:00:00+00:00,CUST-3674,Mouse Pad,Accessories,West,Sneha,5,408.79
ORD-202603-00016,2026-03-29 00:00:00+00:00,CUST-4037,Pen Set,Office,East,Rahul,-1,271.71
ORD-202603-00017,,CUST-3406,Laptop Stand,Accessories,South,Priya,2,1531.05
ORD-202603-00018,2026-03-29 00:00:00+00:00,CUST-2928,Notebook,Office,East,Amit,7,200.3
ORD-202603-00019,2026-03-30 00:00:00+00:00,CUST-1829,Wireless Mouse,Electronics,Central,Karan,2,765.36
ORD-202603-00020,2026-03-10 00:00:00+00:00,CUST-0357,Desk Organizer,Office,,Karan,3,567.72
ORD-202603-00021,2026-03-24 00:00:00+00:00,CUST-1168,Mouse Pad,Accessories,North,Ananya,5,420.38
ORD-202603-00022,2026-03-10 00:00:00+00:00,CUST-4038,Desk Organizer,Office,West,Amit,7,546.88
ORD-202603-00023,2026-03-12 00:00:00+00:00,CUST-3059,Laptop Stand,Accessories,South,Rahul,3,1434.39
ORD-202603-00024,2026-03-06 00:00:00+00:00,CUST-3767,USB Hub,Accessories,West,Priya,6,935.15
ORD-202603-00025,2026-03-02 00:00:00+00:00,CUST-4562,Keyboard,Electronics,Central,Vikram,5,1223.45
ORD-202603-00026,2026-03-19 00:00:00+00:00,CUST-1409,Notebook,Office,East,Ananya,2,183.78
ORD-202603-00027,2026-03-03 00:00:00+00:00,CUST-3018,Study Table,Furniture,Central,Karan,4,6030.09
ORD-202603-00028,2026-03-07 00:00:00+00:00,CUST-3720,Notebook,Office,West,Priya,7,201.61
ORD-202603-00029,2026-03-06 00:00:00+00:00,CUST-3822,Study Table,Furniture,West,Vikram,7,5244.69
ORD-202603-00030,2026-03-20 00:00:00+00:00,CUST-4434,Wireless Mouse,Electronics,Central,Amit,7,743.7
ORD-202603-00031,2026-03-16 00:00:00+00:00,CUST-4639,Desk Organizer,Office,Central,Priya,1,539.95
ORD-202603-00032,2026-03-30 00:00:00+00:00,CUST-3237,Wireless Mouse,Electronics,West,Ananya,6,838.91
ORD-202603-00033,2026-03-21 00:00:00+00:00,CUST-4235,USB Hub,Accessories,Central,Vikram,4,873.38
ORD-202603-00034,2026-03-06 00:00:00+00:00,CUST-3719,Mouse Pad,Accessories,West,Rahul,4,374.63
ORD-202603-00035,2026-03-08 00:00:00+00:00,CUST-1532,Mouse Pad,Accessories,Central,Neha,3,431.2
ORD-202603-00036,2026-03-08 00:00:00+00:00,CUST-0245,Notebook,Office,West,Sneha,5,206.81
ORD-202603-00037,2026-03-15 00:00:00+00:00,CUST-4548,Desk Organizer,Office,East,Rahul,4,636.19
ORD-202603-00038,2026-03-03 00:00:00+00:00,CUST-2826,Desk Organizer,Office ,South,Amit,1,617.66
ORD-202603-00039,2026-03-14 00:00:00+00:00,,Wireless Mouse,Electronics,Central,Amit,3,865.59
ORD-202603-00040,2026-03-10 00:00:00+00:00,CUST-3769,Desk Organizer,Office,Central,Rahul,7,580.37
ORD-202603-00041,2026-03-04 00:00:00+00:00,CUST-0653,USB Hub,Accessories,East,Vikram,1,837.22
ORD-202603-00042,2026-03-28 00:00:00+00:00,CUST-2313,Notebook,Office,North,Sneha,2,179.37
ORD-202603-00043,2026-03-11 00:00:00+00:00,CUST-3676,Study Table,Furniture,Central,Vikram,1,4986.29
ORD-202603-00044,2026-03-01 00:00:00+00:00,CUST-2023,Webcam,Electronics,South,Amit,6,2033.4
ORD-202603-00045,2026-03-23 00:00:00+00:00,CUST-3448,Notebook,Office,West,Priya,6,203.57
ORD-202603-00046,2026-03-20 00:00:00+00:00,CUST-2815,Pen Set,Office,South,Sneha,6,271.82
ORD-202603-00047,2026-03-11 00:00:00+00:00,CUST-1833,Mouse Pad,Accessories,Central,Priya,1,367.62
ORD-202603-00048,2026-03-12 00:00:00+00:00,CUST-3375,Webcam,Electronics,East,Karan,7,1973.63
ORD-202603-00049,,CUST-2271,Desk Organizer,Office,South,Karan,7,585.21
ORD-202603-00050,2026-03-10 00:00:00+00:00,CUST-4084,Office Chair,Furniture,West,,6,7383.11
ORD-202603-00051,2026-03-06 00:00:00+00:00,CUST-0302,Monitor Stand,Furniture,West,Vikram,7,2173.54
ORD-202603-00052,2026-03-06 00:00:00+00:00,CUST-4082,USB Hub,Accessories,South,Vikram,6,945.03
ORD-202603-00053,2026-03-13 00:00:00+00:00,CUST-3828,Keyboard,Electronics,North,Amit,1,1216.27
ORD-202603-00054,2026-03-26 00:00:00+00:00,CUST-3516,Study Table,Furniture,Central,Amit,5,5663.61
ORD-202603-00055,2026-03-06 00:00:00+00:00,CUST-1318,Notebook,Office,Central,Priya,7,202.79
ORD-202603-00056,2026-03-26 00:00:00+00:00,CUST-4919,Keyboard,Electronics,West,Sneha,5,1389.39
ORD-202603-00057,2026-03-26 00:00:00+00:00,CUST-3263,Office Chair,Furniture,North,Amit,7,6579.46
ORD-202603-00058,2026-03-02 00:00:00+00:00,CUST-2691,Desk Organizer,Office ,Central,Sneha,1,625.23
ORD-202603-00059,2026-03-09 00:00:00+00:00,CUST-1183,Office Chair,Furniture,East,Vikram,5,7138.68
ORD-202603-00060,2026-03-18 00:00:00+00:00,CUST-2217,USB Hub,Accessories,West,Rahul,7,894.97
ORD-202603-00061,2026-03-06 00:00:00+00:00,CUST-2244,Mouse Pad,Accessories,West,Rahul,4,382.33
ORD-202603-00062,2026-03-13 00:00:00+00:00,CUST-1654,Keyboard,Electronics,East,Sneha,4,1175.86
ORD-202603-00063,2026-03-22 00:00:00+00:00,CUST-1566,USB Hub,Accessories,South,Neha,3,953.95
ORD-202603-00064,2026-03-01 00:00:00+00:00,CUST-0622,Notebook,Office,Central,Rahul,6,183.38
ORD-202603-00065,2026-03-20 00:00:00+00:00,CUST-3614,Study Table,Furniture,East,Sneha,-1,5364.13
ORD-202603-00066,2026-03-10 00:00:00+00:00,CUST-1113,Headphones,Electronics,Central,Vikram,3,2497.08
ORD-202603-00067,2026-03-25 00:00:00+00:00,CUST-2360,Wireless Mouse,electronics,North,Ananya,4,771.79
ORD-202603-00068,2026-03-06 00:00:00+00:00,CUST-1531,Webcam,Electronics,West,Priya,4,1960.7
ORD-202603-00069,2026-03-22 00:00:00+00:00,CUST-4896,Headphones,Electronics,North,Sneha,5,2413.28
ORD-202603-00070,2026-03-24 00:00:00+00:00,CUST-2533,USB Hub,Accessories,North,Amit,4,901.93
ORD-202603-00071,2026-03-14 00:00:00+00:00,CUST-1440,Desk Organizer,Office,Central,Sneha,6,550.5
ORD-202603-00072,2026-03-14 00:00:00+00:00,CUST-4989,Laptop Stand,Accessories,North,Rahul,7,1479.36
ORD-202603-00073,2026-03-13 00:00:00+00:00,CUST-4133,Laptop Stand,Accessories,North,Amit,3,1523.88
ORD-202603-00074,2026-03-25 00:00:00+00:00,CUST-3878,USB Hub,Accessories,North,Neha,2,964.06
ORD-202603-00075,2026-03-13 00:00:00+00:00,CUST-0711,Monitor Stand,Furniture,South,Neha,4,1871.7
ORD-202603-00076,2026-03-31 00:00:00+00:00,CUST-4439,USB Hub,Accessories,,Priya,4,869.99
ORD-202603-00077,2026-03-05 00:00:00+00:00,CUST-0863,Desk Organizer,Office,North,Karan,3,570.16
ORD-202603-00078,2026-03-13 00:00:00+00:00,,Wireless Mouse,Electronics,East,Vikram,2,743.5
ORD-202603-00079,2026-03-17 00:00:00+00:00,CUST-1795,Keyboard,Electronics,South,Amit,1,1269.28
ORD-202603-00080,2026-03-18 00:00:00+00:00,CUST-0121,Laptop Stand,Accessories,East,Sneha,4,1621.42
ORD-202603-00081,2026-03-15 00:00:00+00:00,CUST-0146,Mouse Pad,Accessories,North,Neha,6,388.86
ORD-202603-00082,2026-03-31 00:00:00+00:00,CUST-0014,USB Hub,Accessories,West,Karan,4,858.04
ORD-202603-00083,2026-03-16 00:00:00+00:00,CUST-1579,Webcam,Electronics,East,Amit,6,2072.96
ORD-202603-00084,2026-03-06 00:00:00+00:00,CUST-2514,Notebook,Office,Central,Neha,1,207.58
ORD-202603-00085,2026-03-12 00:00:00+00:00,CUST-0517,Webcam,Electronics,Central,Ananya,7,1849.5
ORD-202603-00086,2026-03-02 00:00:00+00:00,CUST-0588,Mouse Pad,Accessories,South,Neha,5,418.9
ORD-202603-00087,2026-03-10 00:00:00+00:00,CUST-2586,Keyboard,Electronics,South,Amit,5,1334.99
ORD-202603-00088,2026-03-15 00:00:00+00:00,CUST-0947,Headphones,Electronics,Central,Karan,6,2676.35
ORD-202603-00089,2026-03-03 00:00:00+00:00,CUST-2421,Study Table,Furniture,South,Vikram,7,5071.19
ORD-202603-00090,2026-03-16 00:00:00+00:00,CUST-0889,Notebook,Office,Central,Vikram,6,200.59
ORD-202603-00091,2026-03-07 00:00:00+00:00,CUST-3641,Webcam,Electronics,North,Priya,4,1975.77
ORD-202603-00092,2026-03-29 00:00:00+00:00,CUST-3569,Wireless Mouse,Electronics,West,Neha,6,878.53
ORD-202603-00093,2026-03-05 00:00:00+00:00,CUST-4657,Office Chair,Furniture,East,Karan,3,7141.41
ORD-202603-00094,2026-03-15 00:00:00+00:00,CUST-4767,Laptop Stand,Accessories,Central,Rahul,1,1391.28
ORD-202603-00095,2026-03-06 00:00:00+00:00,CUST-3663,USB Hub,Accessories,North,Priya,7,983.78
ORD-202603-00096,2026-03-14 00:00:00+00:00,CUST-0606,Pen Set,Office,Central,Sneha,5,296.53
ORD-202603-00097,2026-03-15 00:00:00+00:00,CUST-2718,Wireless Mouse,Electronics,Central,Rahul,6,797.11
ORD-202603-00098,2026-03-16 00:00:00+00:00,CUST-0535,Pen Set,Office,East,Neha,-1,284.24
ORD-202603-00099,2026-03-15 00:00:00+00:00,CUST-3379,Monitor Stand,Furniture,West,Amit,3,2124.39
ORD-202603-00100,2026-03-14 00:00:00+00:00,CUST-1649,Headphones,Electronics,East,Rahul,6,2513.64
ORD-202603-00101,2026-03-09 00:00:00+00:00,CUST-2418,Monitor Stand,Furniture,West,Sneha,3,2188.47
ORD-202603-00102,2026-03-28 00:00:00+00:00,CUST-3189,Laptop Stand,Accessories,East,Sneha,5,1504.7
ORD-202603-00103,2026-03-21 00:00:00+00:00,CUST-2025,Wireless Mouse,Electronics,,Sneha,6,747.95
ORD-202603-00104,2026-03-20 00:00:00+00:00,CUST-1847,USB Hub,Accessories,East,Ananya,5,947.6
ORD-202603-00105,2026-03-13 00:00:00+00:00,CUST-2234,Headphones,Electronics,Central,Ananya,4,2322.92
ORD-202603-00106,2026-03-25 00:00:00+00:00,CUST-1393,USB Hub,Accessories,Central,Sneha,6,860.05
ORD-202603-00107,2026-03-22 00:00:00+00:00,CUST-1131,Headphones,Electronics,West,Amit,1,2718.66
ORD-202603-00108,,CUST-0576,Pen Set,Office,North,Rahul,6,327.49
ORD-202603-00109,2026-03-14 00:00:00+00:00,CUST-0302,Laptop Stand,Accessories,South,Amit,4,1581.94
ORD-202603-00110,2026-03-28 00:00:00+00:00,CUST-2290,Desk Organizer,Office,South,Sneha,4,563.89
ORD-202603-00111,2026-03-28 00:00:00+00:00,CUST-3249,Headphones,Electronics,North,Vikram,2,2619.91
ORD-202603-00112,2026-03-31 00:00:00+00:00,CUST-0177,Wireless Mouse,Electronics,Central,Karan,2,814.03
ORD-202603-00113,2026-03-24 00:00:00+00:00,CUST-2402,Laptop Stand,Accessories,South,Vikram,3,1483.03
ORD-202603-00114,2026-03-30 00:00:00+00:00,CUST-3141,Desk Organizer,Office,West,Ananya,6,592.55
ORD-202603-00115,2026-03-08 00:00:00+00:00,CUST-4283,Monitor Stand,Furniture,Central,Ananya,1,1980.23
ORD-202603-00116,2026-03-31 00:00:00+00:00,CUST-4118,Study Table,Furniture,South,Sneha,5,5303.63
ORD-202603-00117,2026-03-30 00:00:00+00:00,CUST-2734,Wireless Mouse,Electronics,West,Karan,7,805.08
ORD-202603-00118,2026-03-22 00:00:00+00:00,CUST-4843,Study Table,Furniture,West,Neha,5,4989.28
ORD-202603-00119,2026-03-22 00:00:00+00:00,CUST-4442,USB Hub,Accessories,West,Ananya,3,961.66
ORD-202603-00120,2026-03-21 00:00:00+00:00,CUST-1612,Wireless Mouse,Electronics,,Vikram,3,862.45
ORD-202603-00121,2026-03-04 00:00:00+00:00,CUST-2233,Webcam,Electronics,East,Priya,3,1857.53
ORD-202603-00122,2026-03-03 00:00:00+00:00,CUST-4126,Study Table,Furniture,East,Vikram,2,5992.34
ORD-202603-00123,2026-03-08 00:00:00+00:00,CUST-3563,Notebook,Office,North,Rahul,5,209.99
ORD-202603-00124,2026-03-09 00:00:00+00:00,CUST-2535,Headphones,Electronics,Central,Karan,6,2672.87
ORD-202603-00125,2026-03-02 00:00:00+00:00,CUST-2468,Office Chair,Furniture,West,Sneha,4,7546.71
ORD-202603-00126,2026-03-25 00:00:00+00:00,CUST-1339,Laptop Stand,Accessories,West,Ananya,1,1451.13
ORD-202603-00127,2026-03-02 00:00:00+00:00,CUST-2585,Keyboard,Electronics,South,Priya,7,1380.24
ORD-202603-00128,2026-03-12 00:00:00+00:00,CUST-0483,Laptop Stand,Accessories,Central,Sneha,3,1392.61
ORD-202603-00129,2026-03-04 00:00:00+00:00,CUST-4028,Desk Organizer,Office,East,Rahul,4,656.15
ORD-202603-00130,2026-03-20 00:00:00+00:00,CUST-2235,Webcam,Electronics,North,Neha,4,1935.19
ORD-202603-00131,2026-03-30 00:00:00+00:00,CUST-1985,Headphones,Electronics,Central,Ananya,5,2596.03
ORD-202603-00132,2026-03-19 00:00:00+00:00,CUST-4337,Webcam,Electronics,East,Vikram,1,1825.47
ORD-202603-00133,2026-03-18 00:00:00+00:00,CUST-4986,Office Chair,Furniture,East,Karan,2,6343.71
ORD-202603-00134,2026-03-19 00:00:00+00:00,CUST-4738,Headphones,Electronics,West,Neha,5,2330.61
ORD-202603-00135,2026-03-09 00:00:00+00:00,CUST-4284,USB Hub,Accessories,North,Ananya,3,834.64
ORD-202603-00136,2026-03-12 00:00:00+00:00,CUST-2311,Pen Set,Office,North,Karan,1,295.56
ORD-202603-00137,2026-03-10 00:00:00+00:00,CUST-3794,Wireless Mouse,Electronics,East,Vikram,7,765.85
ORD-202603-00138,2026-03-28 00:00:00+00:00,CUST-3866,Notebook,Office,Central,Ananya,2,216.69
ORD-202603-00139,2026-03-12 00:00:00+00:00,CUST-3264,Office Chair,Furniture,Central,Karan,2,7477.07
ORD-202603-00140,2026-03-08 00:00:00+00:00,CUST-1065,Notebook,Office,South,Sneha,7,200.59
ORD-202603-00141,2026-03-16 00:00:00+00:00,CUST-1241,Headphones,Electronics,Central,Vikram,2,2675.12
ORD-202603-00142,2026-03-24 00:00:00+00:00,CUST-3721,Mouse Pad,Accessories, Central,Sneha,4,405.79
ORD-202603-00143,2026-03-12 00:00:00+00:00,CUST-0061,Study Table, Furniture,Central,Neha,4,5960.94
ORD-202603-00144,2026-03-01 00:00:00+00:00,CUST-0108,Headphones,Electronics,South,Vikram,7,2621.52
ORD-202603-00145,2026-03-13 00:00:00+00:00,CUST-3421,Headphones,Electronics ,West,Priya,7,2616.55
ORD-202603-00146,2026-03-26 00:00:00+00:00,CUST-2091,Notebook,Office,Central,Amit,4,190.04
ORD-202603-00147,2026-03-27 00:00:00+00:00,CUST-4560,USB Hub,Accessories,East,Neha,1,951.94
ORD-202603-00148,2026-03-24 00:00:00+00:00,CUST-3848,Pen Set,office,Central,Vikram,6,315.29
ORD-202603-00149,2026-03-17 00:00:00+00:00,CUST-1258,Notebook,Office,South,Neha,5,182.32
ORD-202603-00150,2026-03-31 00:00:00+00:00,CUST-1834,Wireless Mouse,Electronics,Central,Ananya,1,728.35
ORD-202603-00151,2026-03-04 00:00:00+00:00,CUST-1289,Desk Organizer,office,North,Rahul,1,-100.0
ORD-202603-00152,2026-03-04 00:00:00+00:00,CUST-0517,Monitor Stand,Furniture,West,Amit,3,2190.45
ORD-202603-00153,2026-03-23 00:00:00+00:00,CUST-1485,Keyboard,Electronics,South,Ananya,6,1326.18
ORD-202603-00154,2026-03-25 00:00:00+00:00,CUST-4856,Notebook,Office,East,Priya,2,185.9
ORD-202603-00155,2026-03-07 00:00:00+00:00,CUST-4975,Laptop Stand,Accessories,West,Rahul,7,1475.37
ORD-202603-00156,2026-03-10 00:00:00+00:00,CUST-1495,Pen Set,Office,East,Karan,1,270.36
ORD-202603-00157,2026-03-08 00:00:00+00:00,CUST-2606,Notebook,Office,Central,Amit,4,211.8
ORD-202603-00158,2026-03-08 00:00:00+00:00,CUST-0212,Notebook,Office,East,Neha,7,183.21
ORD-202603-00159,2026-03-01 00:00:00+00:00,CUST-0892,Keyboard,Electronics,East,Ananya,5,1256.17
ORD-202603-00160,2026-03-07 00:00:00+00:00,CUST-2041,Pen Set,Office,South,Sneha,4,302.75
ORD-202603-00161,2026-03-22 00:00:00+00:00,CUST-2208,Pen Set,Office,West,Rahul,3,310.84
ORD-202603-00162,2026-03-23 00:00:00+00:00,CUST-3485,Pen Set,Office,South,Rahul,5,323.34
ORD-202603-00163,2026-03-28 00:00:00+00:00,CUST-1720,Headphones,Electronics,West,Priya,2,2459.92
ORD-202603-00164,2026-03-30 00:00:00+00:00,CUST-1919,Office Chair,Furniture,East,Sneha,4,6566.5
ORD-202603-00165,2026-03-07 00:00:00+00:00,CUST-3819,Headphones,Electronics,East,Priya,1,2303.53
ORD-202603-00166,2026-03-21 00:00:00+00:00,CUST-4504,Headphones,Electronics,East,Ananya,2,2578.24
ORD-202603-00167,2026-03-13 00:00:00+00:00,CUST-3295,Laptop Stand,Accessories,North,Karan,6,1387.72
ORD-202603-00168,2026-03-09 00:00:00+00:00,CUST-1066,Headphones,Electronics,West,Ananya,7,2578.08
ORD-202603-00169,2026-03-22 00:00:00+00:00,CUST-2211,Laptop Stand,Accessories,Central,Vikram,3,1485.88
ORD-202603-00170,2026-03-13 00:00:00+00:00,CUST-2894,Headphones,Electronics,West,Vikram,5,2457.28
ORD-202603-00171,2026-03-19 00:00:00+00:00,CUST-1356,Keyboard,Electronics,North,Rahul,4,1236.89
ORD-202603-00172,2026-03-08 00:00:00+00:00,CUST-0535,Monitor Stand,Furniture,West,Vikram,1,2159.62
ORD-202603-00173,2026-03-14 00:00:00+00:00,CUST-4205,Pen Set,Office,North,Karan,7,311.93
ORD-202603-00174,2026-03-03 00:00:00+00:00,CUST-0591,Laptop Stand,Accessories,,Ananya,4,1506.4
ORD-202603-00175,2026-03-02 00:00:00+00:00,CUST-0578,Laptop Stand,Accessories,East,Priya,1,1476.15
ORD-202603-00176,2026-03-24 00:00:00+00:00,CUST-0977,Laptop Stand,Accessories,Central,Priya,1,1457.16
ORD-202603-00177,2026-03-28 00:00:00+00:00,CUST-0002,Desk Organizer,Office,East,Ananya,2,586.92
ORD-202603-00178,2026-03-04 00:00:00+00:00,CUST-1089,Headphones,Electronics,North,Neha,5,2675.75
ORD-202603-00179,2026-03-21 00:00:00+00:00,CUST-0541,Keyboard,Electronics,Central,Neha,3,1278.58
ORD-202603-00180,2026-03-21 00:00:00+00:00,CUST-3298,Mouse Pad,Accessories,East,Sneha,4,359.45
ORD-202603-00181,2026-03-09 00:00:00+00:00,CUST-4475,Headphones,Electronics,Central,Priya,2,2710.54
ORD-202603-00182,2026-03-14 00:00:00+00:00,CUST-4243,Study Table,Furniture,North,Sneha,7,5601.12
ORD-202603-00183,2026-03-10 00:00:00+00:00,CUST-2851,Laptop Stand,Accessories,South,Vikram,7,1398.77
ORD-202603-00184,2026-03-03 00:00:00+00:00,CUST-4328,Pen Set,Office,North,Sneha,7,276.67
ORD-202603-00185,2026-03-26 00:00:00+00:00,CUST-2005,USB Hub,Accessories,South,Neha,5,876.81
ORD-202603-00186,2026-03-10 00:00:00+00:00,CUST-3142,Headphones,Electronics,East,Karan,1,2555.09
ORD-202603-00187,2026-03-17 00:00:00+00:00,CUST-1635,Laptop Stand,Accessories,West,Priya,1,1630.66
ORD-202603-00188,2026-03-03 00:00:00+00:00,CUST-2035,Office Chair,Furniture,South,Karan,1,6375.32
ORD-202603-00189,2026-03-02 00:00:00+00:00,CUST-0592,Keyboard,Electronics,East,Priya,4,1260.75
ORD-202603-00190,2026-03-20 00:00:00+00:00,CUST-1324,Monitor Stand,Furniture,West,Sneha,7,1901.92
ORD-202603-00191,2026-03-13 00:00:00+00:00,CUST-0461,Wireless Mouse,Electronics,East,Vikram,6,786.41
ORD-202603-00192,2026-03-21 00:00:00+00:00,CUST-1466,Desk Organizer,Office,Central,Karan,4,633.99
ORD-202603-00193,2026-03-28 00:00:00+00:00,CUST-3481,Pen Set,Office,North,Sneha,6,278.58
ORD-202603-00194,2026-03-28 00:00:00+00:00,CUST-2265,Notebook,Office,West,Amit,4,216.31
ORD-202603-00195,2026-03-03 00:00:00+00:00,CUST-4349,Wireless Mouse,Electronics,Central,Rahul,5,760.08
ORD-202603-00196,2026-03-09 00:00:00+00:00,CUST-3145,Pen Set, Office,East,Vikram,4,314.11
ORD-202603-00197,2026-03-07 00:00:00+00:00,CUST-4911,Wireless Mouse,Electronics,South,Amit,5,821.29
ORD-202603-00198,2026-03-06 00:00:00+00:00,CUST-2777,Desk Organizer,Office,North,Amit,4,604.72
ORD-202603-00199,2026-03-15 00:00:00+00:00,CUST-3348,Office Chair,Furniture,Central,Ananya,6,7480.37
ORD-202603-00200,2026-03-15 00:00:00+00:00,CUST-3809,Study Table,Furniture,North,Priya,5,5616.85
ORD-202603-00201,2026-03-31 00:00:00+00:00,CUST-0925,USB Hub,Accessories,North,Neha,2,949.79
ORD-202603-00202,2026-03-26 00:00:00+00:00,CUST-0642,Pen Set,Office,North,Ananya,7,304.33
ORD-202603-00203,2026-03-02 00:00:00+00:00,CUST-2304,Headphones,Electronics,North,Karan,4,2609.19
ORD-202603-00204,2026-03-18 00:00:00+00:00,CUST-0565,Mouse Pad,Accessories,South,Sneha,5,362.89
ORD-202603-00205,2026-03-07 00:00:00+00:00,CUST-4815,Desk Organizer,office,South,Amit,4,616.38
ORD-202603-00206,2026-03-30 00:00:00+00:00,CUST-4954,Headphones,Electronics,East,Amit,3,2693.42
ORD-202603-00207,2026-03-08 00:00:00+00:00,CUST-0948,Office Chair,Furniture,Central,Amit,1,7209.44
ORD-202603-00208,2026-03-03 00:00:00+00:00,CUST-1580,Laptop Stand,Accessories,South,Karan,2,1594.37
ORD-202603-00209,2026-03-30 00:00:00+00:00,CUST-1129,Monitor Stand,Furniture,North,Amit,7,2195.29
ORD-202603-00210,2026-03-23 00:00:00+00:00,CUST-4857,Keyboard,Electronics,North,Neha,7,1209.69
ORD-202603-00211,2026-03-22 00:00:00+00:00,CUST-4059,Headphones,Electronics,Central,Amit,2,2593.52
ORD-202603-00212,2026-03-21 00:00:00+00:00,CUST-1448,Desk Organizer,Office,North,Karan,5,646.59
ORD-202603-00213,2026-03-23 00:00:00+00:00,CUST-3714,Headphones,Electronics,Central,Karan,2,2263.47
ORD-202603-00214,2026-03-08 00:00:00+00:00,CUST-0324,Monitor Stand,Furniture,North,Ananya,4,1868.53
ORD-202603-00215,2026-03-21 00:00:00+00:00,CUST-0752,Monitor Stand,Furniture,North,Sneha,5,1898.91
ORD-202603-00216,2026-03-07 00:00:00+00:00,CUST-2538,Keyboard,Electronics,North,Vikram,1,1397.8
ORD-202603-00217,2026-03-29 00:00:00+00:00,CUST-1593,Office Chair,Furniture,Central,Ananya,7,7667.03
ORD-202603-00218,2026-03-12 00:00:00+00:00,CUST-0987,USB Hub,Accessories,North,Neha,7,973.35
ORD-202603-00219,2026-03-29 00:00:00+00:00,CUST-2575,Office Chair,Furniture,Central,Sneha,7,6962.61
ORD-202603-00220,2026-03-10 00:00:00+00:00,CUST-4498,Desk Organizer,Office,North,Rahul,4,619.09
ORD-202603-00221,2026-03-06 00:00:00+00:00,CUST-2599,Laptop Stand,Accessories,West,Priya,6,1380.27
ORD-202603-00222,2026-03-11 00:00:00+00:00,CUST-2163,Wireless Mouse,Electronics,East,Vikram,7,875.56
ORD-202603-00223,2026-03-18 00:00:00+00:00,CUST-0572,Laptop Stand,Accessories,South,Priya,2,1632.12
ORD-202603-00224,2026-03-23 00:00:00+00:00,CUST-2205,USB Hub,Accessories,West,Ananya,2,916.32
ORD-202603-00225,2026-03-01 00:00:00+00:00,CUST-4254,Mouse Pad,Accessories,West,Vikram,6,370.52
ORD-202603-00226,2026-03-03 00:00:00+00:00,CUST-1949,Office Chair,Furniture,East,Neha,3,7625.33
ORD-202603-00227,2026-03-09 00:00:00+00:00,CUST-4284,Office Chair,Furniture,North,Amit,2,7553.03
ORD-202603-00228,2026-03-24 00:00:00+00:00,CUST-0556,Webcam,Electronics,South,Neha,2,2085.36
ORD-202603-00229,2026-03-09 00:00:00+00:00,CUST-3134,Headphones,Electronics,North,Vikram,5,2502.93
ORD-202603-00230,2026-03-16 00:00:00+00:00,CUST-3117,Pen Set,Office,West,Vikram,3,289.92
ORD-202603-00231,2026-03-31 00:00:00+00:00,CUST-1435,Desk Organizer,Office,South,Amit,3,584.28
ORD-202603-00232,2026-03-06 00:00:00+00:00,,Notebook,Office,West,Amit,7,198.88
ORD-202603-00233,2026-03-07 00:00:00+00:00,CUST-3499,Pen Set,Office,East,Karan,7,323.65
ORD-202603-00234,2026-03-21 00:00:00+00:00,CUST-3199,Desk Organizer,Office,West,Priya,3,554.52
ORD-202603-00235,2026-03-25 00:00:00+00:00,CUST-1981,USB Hub,Accessories,East,Sneha,2,925.71
ORD-202603-00236,2026-03-12 00:00:00+00:00,CUST-2001,Webcam,Electronics,South,Priya,6,2056.68
ORD-202603-00237,2026-03-07 00:00:00+00:00,CUST-4563,Office Chair,Furniture,West,Rahul,6,6682.33
ORD-202603-00238,2026-03-05 00:00:00+00:00,CUST-4266,Headphones,Electronics,Central,Karan,6,2511.6
ORD-202603-00239,2026-03-31 00:00:00+00:00,CUST-1944,Wireless Mouse,Electronics,West,Amit,2,846.06
ORD-202603-00240,2026-03-19 00:00:00+00:00,CUST-2603,Wireless Mouse,Electronics,North,Sneha,3,801.36
ORD-202603-00241,2026-03-12 00:00:00+00:00,CUST-2075,USB Hub,Accessories,South,Amit,1,903.94
ORD-202603-00242,2026-03-10 00:00:00+00:00,CUST-4442,Mouse Pad,Accessories,Central,Priya,5,420.28
ORD-202603-00243,2026-03-05 00:00:00+00:00,CUST-2398,Notebook,Office,West,Rahul,1,185.66
ORD-202603-00244,2026-03-09 00:00:00+00:00,CUST-0127,Headphones,Electronics,West,Ananya,6,2606.41
ORD-202603-00245,2026-03-25 00:00:00+00:00,CUST-0537,USB Hub,Accessories,West,Vikram,3,973.41
ORD-202603-00246,2026-03-15 00:00:00+00:00,CUST-3628,Pen Set,Office,South,Neha,5,275.19
ORD-202603-00247,2026-03-29 00:00:00+00:00,CUST-0174,Webcam,Electronics,Central,,2,1731.96
ORD-202603-00248,2026-03-17 00:00:00+00:00,CUST-2795,Notebook,Office,North,Vikram,2,182.58
ORD-202603-00249,2026-03-19 00:00:00+00:00,CUST-2755,Webcam,Electronics,Central,Karan,2,1988.41
ORD-202603-00250,2026-03-22 00:00:00+00:00,CUST-0845,Office Chair, Furniture,South,Neha,7,6846.73
ORD-202603-00251,2026-03-06 00:00:00+00:00,CUST-3309,USB Hub,Accessories,South,Sneha,7,892.62
ORD-202603-00252,2026-03-16 00:00:00+00:00,CUST-0529,Office Chair,Furniture,West,Neha,4,7318.66
ORD-202603-00253,2026-03-27 00:00:00+00:00,CUST-4619,Laptop Stand,Accessories,East,Karan,1,1505.92
ORD-202603-00254,2026-03-17 00:00:00+00:00,CUST-3686,Laptop Stand,Accessories,Central,Ananya,7,1529.02
ORD-202603-00255,2026-03-08 00:00:00+00:00,CUST-0814,Desk Organizer,Office,Central,Neha,3,641.01
ORD-202603-00256,2026-03-18 00:00:00+00:00,CUST-1878,Webcam,Electronics,Central,Rahul,5,1880.49
ORD-202603-00257,2026-03-21 00:00:00+00:00,CUST-4483,Desk Organizer,Office,East,Vikram,2,643.9
ORD-202603-00258,2026-03-29 00:00:00+00:00,CUST-0382,Keyboard,Electronics,Central,Amit,4,1305.03
ORD-202603-00259,2026-03-24 00:00:00+00:00,CUST-1409,Office Chair,Furniture,West,Rahul,1,6861.63
ORD-202603-00260,2026-03-04 00:00:00+00:00,CUST-3476,Desk Organizer,Office,South,Vikram,4,570.37
ORD-202603-00261,2026-03-19 00:00:00+00:00,CUST-2529,Notebook,Office,East,Rahul,5,208.17
ORD-202603-00262,2026-03-21 00:00:00+00:00,CUST-1455,Mouse Pad,Accessories,South,Amit,7,408.73
ORD-202603-00263,2026-03-24 00:00:00+00:00,CUST-0814,Laptop Stand,Accessories,South,Vikram,7,1591.39
ORD-202603-00264,2026-03-02 00:00:00+00:00,CUST-1501,Laptop Stand,Accessories,West,Sneha,7,1513.0
ORD-202603-00265,2026-03-09 00:00:00+00:00,CUST-2277,Laptop Stand,Accessories,East,Neha,7,1608.98
ORD-202603-00266,2026-03-09 00:00:00+00:00,CUST-0411,Desk Organizer,Office,South,Rahul,3,573.54
ORD-202603-00267,2026-03-07 00:00:00+00:00,CUST-3002,Headphones,Electronics,Central,Ananya,2,2614.21
ORD-202603-00268,2026-03-25 00:00:00+00:00,CUST-2113,Webcam,Electronics,South,Amit,2,1858.48
ORD-202603-00269,2026-03-15 00:00:00+00:00,CUST-1297,USB Hub,Accessories,West,Sneha,2,829.58
ORD-202603-00270,2026-03-12 00:00:00+00:00,CUST-4566,Mouse Pad,Accessories,South,Neha,1,401.26
ORD-202603-00271,2026-03-17 00:00:00+00:00,CUST-4245,Webcam,Electronics,South,Karan,5,1796.96
ORD-202603-00272,2026-03-01 00:00:00+00:00,CUST-4302,USB Hub,Accessories,East,,3,820.2
ORD-202603-00273,2026-03-08 00:00:00+00:00,CUST-4700,Office Chair,Furniture,East,Priya,4,6807.52
ORD-202603-00274,2026-03-16 00:00:00+00:00,CUST-1656,Webcam,Electronics,West,Ananya,3,2080.37
ORD-202603-00275,2026-03-07 00:00:00+00:00,CUST-1752,Headphones,Electronics,South,Rahul,4,2695.97
ORD-202603-00276,2026-03-14 00:00:00+00:00,CUST-1535,Office Chair,Furniture ,north,Ananya,3,7670.63
ORD-202603-00277,2026-03-10 00:00:00+00:00,CUST-1190,Webcam,Electronics,North,Ananya,5,1719.95
ORD-202603-00278,2026-03-29 00:00:00+00:00,CUST-4332,Desk Organizer,Office,North,Ananya,2,557.41
ORD-202603-00279,2026-03-28 00:00:00+00:00,CUST-1677,Monitor Stand,Furniture,Central,Karan,7,1893.09
ORD-202603-00280,2026-03-30 00:00:00+00:00,CUST-3698,Mouse Pad,Accessories,North,Neha,4,417.89
ORD-202603-00281,2026-03-12 00:00:00+00:00,CUST-4837,Notebook,Office,Central,Sneha,5,218.03
ORD-202603-00282,2026-03-09 00:00:00+00:00,CUST-1019,Pen Set,Office,West,Karan,7,293.4
ORD-202603-00283,2026-03-16 00:00:00+00:00,CUST-1552,Keyboard,Electronics,North,Neha,1,1320.72
ORD-202603-00284,2026-03-26 00:00:00+00:00,,Keyboard,Electronics,,Amit,2,1192.08
ORD-202603-00285,2026-03-25 00:00:00+00:00,CUST-2010,Headphones,Electronics,West,Amit,4,2563.58
ORD-202603-00286,2026-03-16 00:00:00+00:00,CUST-4560,USB Hub,Accessories,East,Neha,5,970.92
ORD-202603-00287,2026-03-18 00:00:00+00:00,,Office Chair,Furniture,Central,Amit,4,7221.9
ORD-202603-00288,2026-03-17 00:00:00+00:00,CUST-1703,Notebook,Office,East,Sneha,1,205.1
ORD-202603-00289,,CUST-2264,Study Table,Furniture,South,Neha,5,5485.23
ORD-202603-00290,2026-03-04 00:00:00+00:00,CUST-4465,USB Hub,Accessories,South,Neha,5,890.01
ORD-202603-00291,2026-03-11 00:00:00+00:00,CUST-0218,Office Chair,Furniture,West,Vikram,1,6816.78
ORD-202603-00292,2026-03-26 00:00:00+00:00,CUST-3319,Desk Organizer,Office,West,Sneha,7,637.36
ORD-202603-00293,2026-03-27 00:00:00+00:00,CUST-4252,Keyboard,Electronics,West,Vikram,7,1336.6
ORD-202603-00294,2026-03-19 00:00:00+00:00,CUST-4379,Mouse Pad,Accessories,North,Ananya,2,383.01
ORD-202603-00295,2026-03-31 00:00:00+00:00,CUST-2729,Pen Set,Office,South,Vikram,5,300.07
ORD-202603-00296,2026-03-30 00:00:00+00:00,CUST-1928,Laptop Stand,Accessories,West,Neha,6,1383.79
ORD-202603-00297,2026-03-16 00:00:00+00:00,CUST-4917,Office Chair,Furniture,South,Amit,4,6363.16
ORD-202603-00298,2026-03-25 00:00:00+00:00,CUST-1991,USB Hub,Accessories,West,Ananya,1,833.6
ORD-202603-00299,2026-03-07 00:00:00+00:00,CUST-1967,Desk Organizer,Office,Central,Neha,3,643.03
ORD-202603-00300,2026-03-15 00:00:00+00:00,CUST-2515,Desk Organizer,Office,South,Sneha,3,569.92
ORD-202603-00301,2026-03-13 00:00:00+00:00,CUST-2426,Headphones,Electronics,South,Priya,6,2730.45
ORD-202603-00302,2026-03-27 00:00:00+00:00,CUST-1318,Wireless Mouse,Electronics,,Karan,1,773.16
ORD-202603-00303,2026-03-13 00:00:00+00:00,CUST-1989,Study Table,Furniture,West,Ananya,7,5399.69
ORD-202603-00304,2026-03-10 00:00:00+00:00,CUST-2687,Office Chair,Furniture,South,Priya,3,7435.8
ORD-202603-00305,2026-03-12 00:00:00+00:00,CUST-0618,Monitor Stand,Furniture,East,Vikram,3,1888.63
ORD-202603-00306,2026-03-27 00:00:00+00:00,CUST-2546,Wireless Mouse,Electronics,East,Karan,3,864.42
ORD-202603-00307,2026-03-20 00:00:00+00:00,CUST-3643,Desk Organizer,Office,Central,Ananya,1,617.38
ORD-202603-00308,2026-03-04 00:00:00+00:00,CUST-0941,Keyboard,Electronics,West,Priya,5,1185.24
ORD-202603-00309,2026-03-01 00:00:00+00:00,CUST-1181,Mouse Pad,Accessories,North,Ananya,6,435.44
ORD-202603-00310,2026-03-11 00:00:00+00:00,CUST-4478,Office Chair,Furniture,North,Amit,3,6701.52
ORD-202603-00311,2026-03-26 00:00:00+00:00,CUST-4504,Webcam,Electronics,Central,,1,1797.2
ORD-202603-00312,2026-03-27 00:00:00+00:00,CUST-0524,Laptop Stand,Accessories,West,Neha,6,1618.39
ORD-202603-00313,2026-03-05 00:00:00+00:00,,Mouse Pad,Accessories,Central,Amit,5,385.07
ORD-202603-00314,2026-03-01 00:00:00+00:00,CUST-4412,USB Hub,Accessories,North,Vikram,3,939.04
ORD-202603-00315,2026-03-09 00:00:00+00:00,CUST-4894,Wireless Mouse,Electronics,East,Priya,5,724.56
ORD-202603-00316,2026-03-27 00:00:00+00:00,CUST-2690,Laptop Stand,Accessories,North,Rahul,2,1625.23
ORD-202603-00317,2026-03-14 00:00:00+00:00,CUST-4256,Office Chair,Furniture,East,Vikram,5,6871.92
ORD-202603-00318,2026-03-02 00:00:00+00:00,CUST-2411,Keyboard,Electronics,South,Karan,4,1215.5
ORD-202603-00319,2026-03-16 00:00:00+00:00,CUST-1514,Laptop Stand,Accessories,South,Priya,2,1643.28
ORD-202603-00320,2026-03-21 00:00:00+00:00,CUST-4293,Notebook,Office,South,Rahul,5,208.62
ORD-202603-00321,2026-03-04 00:00:00+00:00,CUST-2455,Laptop Stand,Accessories,North,Neha,2,1586.98
ORD-202603-00322,2026-03-20 00:00:00+00:00,CUST-2267,Pen Set,Office,North,Amit,7,299.05
ORD-202603-00323,2026-03-25 00:00:00+00:00,CUST-2923,Webcam,Electronics ,East,Priya,1,1970.59
ORD-202603-00324,2026-03-02 00:00:00+00:00,CUST-1515,Headphones,Electronics,South,Neha,6,2394.48
ORD-202603-00325,2026-03-02 00:00:00+00:00,CUST-1395,Monitor Stand,Furniture,South,Neha,3,2006.23
ORD-202603-00326,2026-03-26 00:00:00+00:00,CUST-0790,Desk Organizer,Office,West,Ananya,4,584.7
ORD-202603-00327,2026-03-15 00:00:00+00:00,CUST-0469,Webcam,Electronics,East,Karan,6,1870.56
ORD-202603-00328,2026-03-03 00:00:00+00:00,CUST-3440,Keyboard,Electronics,Central,Rahul,7,1170.21
ORD-202603-00329,2026-03-05 00:00:00+00:00,CUST-2265,USB Hub,Accessories,,Priya,4,954.89
ORD-202603-00330,,CUST-4166,Office Chair,Furniture,,Sneha,3,6604.18
ORD-202603-00331,2026-03-27 00:00:00+00:00,CUST-2904,Notebook,Office,West,Rahul,6,197.95
ORD-202603-00332,2026-03-31 00:00:00+00:00,CUST-2552,Desk Organizer,Office,Central,Amit,7,618.04
ORD-202603-00333,2026-03-22 00:00:00+00:00,CUST-4867,Mouse Pad,Accessories,West,Sneha,3,361.85
ORD-202603-00334,2026-03-21 00:00:00+00:00,CUST-1413,Study Table,Furniture,West,Vikram,3,5325.7
ORD-202603-00335,2026-03-28 00:00:00+00:00,CUST-4249,Keyboard,Electronics,South,Sneha,6,1237.64
ORD-202603-00336,2026-03-29 00:00:00+00:00,CUST-4705,Office Chair,Furniture,West,Karan,2,6485.07
ORD-202603-00337,2026-03-01 00:00:00+00:00,CUST-2896,Monitor Stand,Furniture,East,Ananya,4,2124.3
ORD-202603-00338,2026-03-20 00:00:00+00:00,CUST-3233,Office Chair,Furniture,South,Karan,3,7057.27
ORD-202603-00339,2026-03-24 00:00:00+00:00,CUST-4280,Webcam,Electronics,North,Priya,4,1882.39
ORD-202603-00340,2026-03-31 00:00:00+00:00,CUST-2725,Monitor Stand,Furniture,Central,Ananya,5,1852.07
ORD-202603-00341,2026-03-02 00:00:00+00:00,CUST-2228,Monitor Stand,Furniture,South,Priya,4,2004.64
ORD-202603-00342,2026-03-25 00:00:00+00:00,CUST-3961,Office Chair,Furniture,,Amit,4,6673.4
ORD-202603-00343,2026-03-18 00:00:00+00:00,CUST-4431,Laptop Stand,Accessories,West,Karan,3,1387.05
ORD-202603-00344,2026-03-22 00:00:00+00:00,CUST-1671,Office Chair,Furniture,West,Amit,1,7036.55
ORD-202603-00345,2026-03-31 00:00:00+00:00,CUST-2313,Study Table,Furniture,West,Amit,6,5698.93
ORD-202603-00346,2026-03-31 00:00:00+00:00,CUST-3682,Headphones,Electronics,West,Neha,3,2277.48
ORD-202603-00347,2026-03-06 00:00:00+00:00,CUST-3390,Webcam,Electronics,Central,Rahul,1,1730.45
ORD-202603-00348,2026-03-15 00:00:00+00:00,CUST-1754,Desk Organizer,Office,Central,Sneha,4,627.58
ORD-202603-00349,2026-03-13 00:00:00+00:00,CUST-3609,Office Chair,Furniture,East,Ananya,6,6588.52
ORD-202603-00350,2026-03-15 00:00:00+00:00,CUST-1291,Pen Set,Office,North,Amit,5,278.29
ORD-202603-00351,2026-03-14 00:00:00+00:00,CUST-0676,Notebook,Office,North,Priya,5,217.39
ORD-202603-00352,2026-03-27 00:00:00+00:00,CUST-1164,Monitor Stand,Furniture,South,Karan,7,1871.06
ORD-202603-00353,2026-03-28 00:00:00+00:00,CUST-4876,Laptop Stand,Accessories,East,Karan,5,1554.35
ORD-202603-00354,2026-03-21 00:00:00+00:00,CUST-4418,Desk Organizer,Office,East,Karan,7,636.74
ORD-202603-00355,2026-03-21 00:00:00+00:00,CUST-0657,Monitor Stand,Furniture,West,Rahul,7,1930.56
ORD-202603-00356,2026-03-05 00:00:00+00:00,CUST-4028,Webcam,Electronics,West,Sneha,4,1884.98
ORD-202603-00357,2026-03-11 00:00:00+00:00,CUST-1842,Wireless Mouse,Electronics,West,Neha,1,807.66
ORD-202603-00358,2026-03-10 00:00:00+00:00,CUST-1042,Headphones,Electronics,West,Priya,4,2349.35
ORD-202603-00359,2026-03-04 00:00:00+00:00,CUST-1376,Pen Set,Office,Central,Sneha,7,286.8
ORD-202603-00360,2026-03-19 00:00:00+00:00,CUST-0351,Webcam,Electronics ,North,Amit,5,2074.88
ORD-202603-00361,2026-03-20 00:00:00+00:00,CUST-1028,Desk Organizer,Office,South,Amit,2,571.87
ORD-202603-00362,2026-03-01 00:00:00+00:00,CUST-0773,Mouse Pad,Accessories,Central,Neha,6,423.92
ORD-202603-00363,2026-03-15 00:00:00+00:00,CUST-0804,Study Table,Furniture,North,Karan,6,5537.64
ORD-202603-00364,2026-03-16 00:00:00+00:00,CUST-1538,Pen Set, Office,East,Vikram,6,307.71
ORD-202603-00365,2026-03-15 00:00:00+00:00,CUST-4532,Notebook,Office,West,Priya,2,197.3
ORD-202603-00366,2026-03-08 00:00:00+00:00,CUST-3050,Headphones,Electronics,Central,Karan,6,2543.13
ORD-202603-00367,2026-03-01 00:00:00+00:00,CUST-0926,Laptop Stand,Accessories,Central,Vikram,7,1511.02
ORD-202603-00368,2026-03-08 00:00:00+00:00,CUST-3328,Webcam,Electronics,Central,Sneha,4,1892.13
ORD-202603-00369,2026-03-31 00:00:00+00:00,CUST-4665,Wireless Mouse,Electronics,North,Vikram,5,847.39
ORD-202603-00370,2026-03-28 00:00:00+00:00,CUST-0570,Webcam,Electronics,Central,Rahul,7,2043.4
ORD-202603-00371,2026-03-22 00:00:00+00:00,CUST-1239,Monitor Stand,Furniture,East,Priya,6,1901.27
ORD-202603-00372,2026-03-09 00:00:00+00:00,CUST-2274,Office Chair,Furniture,West,Karan,5,6489.27
ORD-202603-00373,2026-03-01 00:00:00+00:00,CUST-0723,Webcam,Electronics,South,Amit,3,2017.2
ORD-202603-00374,2026-03-28 00:00:00+00:00,CUST-2605,Laptop Stand,Accessories,West,Karan,2,1412.63
ORD-202603-00375,2026-03-14 00:00:00+00:00,CUST-3099,Desk Organizer,Office, North,Karan,2,642.87
ORD-202603-00376,2026-03-17 00:00:00+00:00,CUST-1297,Keyboard,Electronics,East,Neha,5,1195.76
ORD-202603-00377,2026-03-30 00:00:00+00:00,CUST-1270,Desk Organizer,Office,North,Vikram,6,550.0
ORD-202603-00378,2026-03-29 00:00:00+00:00,CUST-3650,Notebook,Office,East,Neha,3,186.33
ORD-202603-00379,2026-03-18 00:00:00+00:00,CUST-2766,Desk Organizer,Office,Central,Amit,3,540.52
ORD-202603-00380,2026-03-23 00:00:00+00:00,CUST-2977,Wireless Mouse,Electronics,East,Sneha,2,838.57
ORD-202603-00381,2026-03-18 00:00:00+00:00,CUST-0317,Monitor Stand, Furniture,North,Karan,-1,1957.88
ORD-202603-00382,2026-03-13 00:00:00+00:00,CUST-3655,Pen Set,Office,East,Sneha,5,325.63
ORD-202603-00383,2026-03-08 00:00:00+00:00,CUST-2818,Headphones,Electronics,South,Vikram,1,2431.69
ORD-202603-00384,2026-03-02 00:00:00+00:00,CUST-3493,Office Chair,Furniture,South,,5,7283.16
ORD-202603-00385,2026-03-30 00:00:00+00:00,CUST-1648,Wireless Mouse,Electronics,East,Amit,1,828.26
ORD-202603-00386,2026-03-28 00:00:00+00:00,CUST-4485,Headphones,Electronics,South,Vikram,7,2411.39
ORD-202603-00387,2026-03-13 00:00:00+00:00,CUST-0059,Office Chair,Furniture,South,Sneha,6,7548.63
ORD-202603-00388,2026-03-22 00:00:00+00:00,CUST-3366,Office Chair,Furniture, North,Neha,7,6856.05
ORD-202603-00389,2026-03-04 00:00:00+00:00,CUST-0298,Keyboard,Electronics,West,Neha,3,1312.35
ORD-202603-00390,2026-03-05 00:00:00+00:00,CUST-4001,Pen Set,Office,West,Karan,3,292.91
ORD-202603-00391,2026-03-27 00:00:00+00:00,,Office Chair,Furniture,Central,Rahul,4,6908.49
ORD-202603-00392,2026-03-29 00:00:00+00:00,CUST-2548,Keyboard,Electronics,East,Amit,2,1183.31
ORD-202603-00393,2026-03-19 00:00:00+00:00,CUST-2769,Wireless Mouse,Electronics,North,Rahul,6,768.67
ORD-202603-00394,2026-03-16 00:00:00+00:00,CUST-1187,Headphones,Electronics,South,Karan,1,2723.08
ORD-202603-00395,2026-03-21 00:00:00+00:00,CUST-0055,Headphones,Electronics,Central,Rahul,6,2664.65
ORD-202603-00396,2026-03-01 00:00:00+00:00,CUST-0455,Headphones,Electronics,West,Priya,7,2689.01
ORD-202603-00397,2026-03-10 00:00:00+00:00,CUST-1163,Office Chair,Furniture,East,Neha,2,7296.94
ORD-202603-00398,2026-03-10 00:00:00+00:00,CUST-2448,Headphones,Electronics,Central,Neha,3,2575.59
ORD-202603-00399,2026-03-17 00:00:00+00:00,CUST-0947,Mouse Pad,Accessories,South,Sneha,1,430.81
ORD-202603-00400,2026-03-27 00:00:00+00:00,CUST-3992,Laptop Stand,accessories,North,Ananya,3,1510.35
ORD-202603-00401,2026-03-03 00:00:00+00:00,CUST-3532,Laptop Stand,Accessories,West,Karan,2,1623.71
ORD-202603-00402,2026-03-13 00:00:00+00:00,CUST-2917,Study Table,Furniture,Central,Amit,5,5405.73
ORD-202603-00403,2026-03-24 00:00:00+00:00,CUST-3310,Laptop Stand,Accessories,North,Karan,6,1528.26
ORD-202603-00404,2026-03-26 00:00:00+00:00,CUST-0130,Headphones,Electronics,North,Neha,1,2484.84
ORD-202603-00405,2026-03-27 00:00:00+00:00,CUST-1293,Headphones,Electronics,West,Amit,2,2258.62
ORD-202603-00406,2026-03-13 00:00:00+00:00,CUST-1197,Monitor Stand,Furniture,West,Rahul,5,1878.64
ORD-202603-00407,2026-03-30 00:00:00+00:00,CUST-0111,Office Chair,Furniture,North,Ananya,4,7597.92
ORD-202603-00408,2026-03-05 00:00:00+00:00,CUST-2206,Notebook,Office,Central,Amit,7,202.9
ORD-202603-00409,2026-03-26 00:00:00+00:00,CUST-1942,Notebook,Office,Central,Karan,6,180.95
ORD-202603-00410,2026-03-07 00:00:00+00:00,CUST-2012,Mouse Pad,Accessories,South,Priya,6,436.28
ORD-202603-00411,2026-03-21 00:00:00+00:00,CUST-3361,Notebook,Office,Central,Karan,7,216.03
ORD-202603-00412,2026-03-28 00:00:00+00:00,CUST-3487,Pen Set,Office,Central,Priya,3,311.68
ORD-202603-00413,2026-03-22 00:00:00+00:00,CUST-1641,Wireless Mouse,Electronics,East,Sneha,5,764.35
ORD-202603-00414,2026-03-06 00:00:00+00:00,CUST-0879,Office Chair,Furniture,West,Karan,1,6712.01
ORD-202603-00415,2026-03-28 00:00:00+00:00,CUST-1878,Desk Organizer,Office,East,,1,642.76
ORD-202603-00416,2026-03-29 00:00:00+00:00,CUST-1850,Monitor Stand,Furniture,Central,Neha,2,1823.33
ORD-202603-00417,2026-03-16 00:00:00+00:00,CUST-0417,USB Hub,Accessories,North,Amit,3,851.78
ORD-202603-00418,2026-03-09 00:00:00+00:00,CUST-2680,Wireless Mouse,Electronics,North,Amit,2,745.69
ORD-202603-00419,2026-03-20 00:00:00+00:00,CUST-1913,Laptop Stand,Accessories,South,Rahul,5,1563.86
ORD-202603-00420,2026-03-31 00:00:00+00:00,CUST-4919,USB Hub,Accessories,North,Priya,3,877.74
ORD-202603-00421,2026-03-31 00:00:00+00:00,CUST-0676,Notebook,Office,North,Karan,5,215.55
ORD-202603-00422,2026-03-04 00:00:00+00:00,CUST-4627,Headphones,Electronics,West,Ananya,1,2650.4
ORD-202603-00423,2026-03-05 00:00:00+00:00,,Keyboard,Electronics,East,,3,1424.91
ORD-202603-00424,2026-03-18 00:00:00+00:00,CUST-1909,Keyboard,Electronics,East,Priya,5,1246.78
ORD-202603-00425,2026-03-27 00:00:00+00:00,CUST-1290,Pen Set,Office,West,Sneha,7,297.5
ORD-202603-00426,2026-03-02 00:00:00+00:00,CUST-1671,Keyboard,Electronics,Central,Neha,3,1340.52
ORD-202603-00427,2026-03-22 00:00:00+00:00,CUST-0237,Pen Set,Office,South,Ananya,4,327.39
ORD-202603-00428,2026-03-08 00:00:00+00:00,CUST-4749,Desk Organizer, Office,East,Ananya,4,580.39
ORD-202603-00429,,CUST-1675,Notebook,Office,West,Ananya,1,192.11
ORD-202603-00430,2026-03-27 00:00:00+00:00,CUST-4308,Wireless Mouse,Electronics,North,Sneha,2,819.26
ORD-202603-00431,2026-03-09 00:00:00+00:00,CUST-3842,Keyboard,Electronics,East,Ananya,3,1341.94
ORD-202603-00432,2026-03-06 00:00:00+00:00,CUST-3551,Office Chair,Furniture,East,Amit,4,6563.59
ORD-202603-00433,2026-03-30 00:00:00+00:00,CUST-1922,Pen Set,Office,South,Neha,2,296.28
ORD-202603-00434,2026-03-28 00:00:00+00:00,CUST-3109,Desk Organizer,Office,West,Priya,5,584.31
ORD-202603-00435,2026-03-29 00:00:00+00:00,CUST-1773,Monitor Stand,Furniture,South,Priya,4,1967.47
ORD-202603-00436,2026-03-19 00:00:00+00:00,CUST-3645,USB Hub,Accessories,South,Priya,1,834.36
ORD-202603-00437,2026-03-09 00:00:00+00:00,CUST-4131,Study Table,Furniture,West,Karan,3,5661.93
ORD-202603-00438,2026-03-23 00:00:00+00:00,CUST-3549,USB Hub,Accessories,East,Sneha,4,842.82
ORD-202603-00439,2026-03-24 00:00:00+00:00,CUST-2029,Study Table,Furniture,North,Priya,2,4977.05
ORD-202603-00440,2026-03-12 00:00:00+00:00,CUST-4184,Pen Set,Office,West,Vikram,5,298.76
ORD-202603-00441,2026-03-18 00:00:00+00:00,CUST-0043,Headphones,Electronics,South,Neha,6,2268.39
ORD-202603-00442,2026-03-31 00:00:00+00:00,CUST-3618,Wireless Mouse,Electronics,West,Karan,5,825.54
ORD-202603-00443,2026-03-18 00:00:00+00:00,CUST-4187,Study Table,Furniture,East,Karan,5,5602.78
ORD-202603-00444,2026-03-26 00:00:00+00:00,CUST-3252,USB Hub,Accessories,South,Neha,7,911.0
ORD-202603-00445,2026-03-01 00:00:00+00:00,CUST-2392,Study Table,Furniture,North,Neha,4,5053.81
ORD-202603-00446,2026-03-29 00:00:00+00:00,CUST-4685,Headphones,Electronics,South,Neha,6,2311.01
ORD-202603-00447,2026-03-30 00:00:00+00:00,CUST-0188,USB Hub,Accessories,West,Neha,3,928.74
ORD-202603-00448,2026-03-05 00:00:00+00:00,CUST-4704,Headphones,Electronics,West,Sneha,6,2265.2
ORD-202603-00449,2026-03-14 00:00:00+00:00,CUST-1351,Keyboard,Electronics,Central,Priya,5,1199.21
ORD-202603-00450,2026-03-09 00:00:00+00:00,CUST-2085,Notebook,Office,South,Priya,7,209.5
ORD-202603-00451,2026-03-18 00:00:00+00:00,CUST-1357,USB Hub,Accessories,Central,Neha,1,-100.0
ORD-202603-00452,2026-03-27 00:00:00+00:00,CUST-4993,Webcam,Electronics,West,Neha,7,1897.38
ORD-202603-00453,2026-03-06 00:00:00+00:00,CUST-1911,Laptop Stand,Accessories,South,Neha,2,1378.63
ORD-202603-00454,2026-03-21 00:00:00+00:00,CUST-1966,Laptop Stand,Accessories,South,Sneha,6,1419.58
ORD-202603-00455,2026-03-04 00:00:00+00:00,CUST-3044,Headphones,Electronics,East,Vikram,3,2688.61
ORD-202603-00456,2026-03-12 00:00:00+00:00,CUST-1245,Desk Organizer,Office,West,Rahul,5,629.33
ORD-202603-00457,2026-03-17 00:00:00+00:00,CUST-1688,Webcam,Electronics,East,Rahul,3,1780.7
ORD-202603-00458,2026-03-15 00:00:00+00:00,CUST-1037,Pen Set,Office,North,Amit,6,281.93
ORD-202603-00459,2026-03-04 00:00:00+00:00,CUST-3607,Desk Organizer,Office,West,Amit,6,595.86
ORD-202603-00460,2026-03-14 00:00:00+00:00,CUST-0595,Laptop Stand,Accessories,East,Rahul,3,1538.66
ORD-202603-00461,2026-03-11 00:00:00+00:00,CUST-3310,Wireless Mouse,Electronics,North,Ananya,1,812.15
ORD-202603-00462,2026-03-18 00:00:00+00:00,CUST-1825,Wireless Mouse,Electronics,North,Karan,7,764.59
ORD-202603-00463,2026-03-11 00:00:00+00:00,CUST-0536,Notebook,Office,East,Ananya,7,216.78
ORD-202603-00464,2026-03-16 00:00:00+00:00,CUST-4841,Wireless Mouse,Electronics,East,Sneha,2,852.56
ORD-202603-00465,2026-03-30 00:00:00+00:00,CUST-1711,Keyboard,Electronics,North ,Priya,3,1338.39
ORD-202603-00466,2026-03-15 00:00:00+00:00,CUST-1623,Mouse Pad,Accessories,West,Vikram,2,431.55
ORD-202603-00467,2026-03-23 00:00:00+00:00,CUST-0403,Webcam,Electronics,West,Karan,2,1820.77
ORD-202603-00468,2026-03-11 00:00:00+00:00,CUST-4598,USB Hub,Accessories,East,Sneha,2,863.0
ORD-202603-00469,2026-03-21 00:00:00+00:00,CUST-4540,Desk Organizer,Office,North,Rahul,6,576.12
ORD-202603-00470,2026-03-14 00:00:00+00:00,CUST-0536,Office Chair,Furniture,North,Priya,6,6523.63
ORD-202603-00471,2026-03-20 00:00:00+00:00,CUST-1429,USB Hub,Accessories,North,Sneha,5,834.26
ORD-202603-00472,2026-03-06 00:00:00+00:00,CUST-0733,Keyboard,Electronics,Central,Ananya,4,1405.33
ORD-202603-00473,2026-03-26 00:00:00+00:00,CUST-3518,Headphones,Electronics,South,Karan,7,2677.8
ORD-202603-00474,2026-03-06 00:00:00+00:00,CUST-0816,Study Table,Furniture,North,Vikram,6,5552.79
ORD-202603-00475,2026-03-06 00:00:00+00:00,CUST-1968,Wireless Mouse,Electronics,South,Priya,1,824.67
ORD-202603-00476,2026-03-22 00:00:00+00:00,CUST-2748,Headphones,Electronics,West,Priya,4,2368.31
ORD-202603-00477,2026-03-10 00:00:00+00:00,CUST-4779,Monitor Stand,Furniture,South,Rahul,2,1808.24
ORD-202603-00478,2026-03-30 00:00:00+00:00,CUST-4960,Laptop Stand,Accessories,West,Vikram,3,1481.49
ORD-202603-00479,2026-03-22 00:00:00+00:00,CUST-2123,Wireless Mouse,Electronics,North,Sneha,3,826.09
ORD-202603-00480,2026-03-07 00:00:00+00:00,CUST-1021,Study Table,Furniture,Central,Vikram,7,5696.81
ORD-202603-00481,2026-03-31 00:00:00+00:00,CUST-2873,Desk Organizer,Office,East,Vikram,6,611.49
ORD-202603-00482,2026-03-29 00:00:00+00:00,CUST-1670,Office Chair,Furniture ,Central,Karan,4,7594.44
ORD-202603-00483,2026-03-10 00:00:00+00:00,CUST-2239,Pen Set,Office,West,Ananya,6,281.62
ORD-202603-00484,2026-03-20 00:00:00+00:00,CUST-4267,Mouse Pad,Accessories,North,Karan,5,380.14
ORD-202603-00485,2026-03-14 00:00:00+00:00,CUST-2119,Desk Organizer,Office ,West,Rahul,4,548.64
ORD-202603-00486,2026-03-30 00:00:00+00:00,CUST-2657,Keyboard,Electronics,Central,Priya,7,1412.38
ORD-202603-00487,2026-03-30 00:00:00+00:00,CUST-2783,Keyboard,Electronics,East,Ananya,5,1287.22
ORD-202603-00488,2026-03-13 00:00:00+00:00,CUST-1725,Notebook,Office,North,Amit,2,195.09
ORD-202603-00489,2026-03-29 00:00:00+00:00,CUST-4482,Mouse Pad,Accessories,East,Karan,3,437.75
ORD-202603-00490,2026-03-22 00:00:00+00:00,CUST-2114,Desk Organizer,Office,East,Sneha,3,590.34
ORD-202603-00491,2026-03-03 00:00:00+00:00,CUST-3000,Monitor Stand,Furniture,West,Ananya,6,1932.97
ORD-202603-00492,2026-03-17 00:00:00+00:00,,Webcam,Electronics,North,Ananya,2,1788.36
ORD-202603-00493,2026-03-13 00:00:00+00:00,CUST-4118,Laptop Stand,Accessories,West,Vikram,4,1480.98
ORD-202603-00494,2026-03-31 00:00:00+00:00,CUST-1812,Headphones,Electronics,South,Rahul,4,2591.79
ORD-202603-00495,2026-03-07 00:00:00+00:00,CUST-0175,Office Chair,Furniture, South,Priya,7,7578.65
ORD-202603-00496,2026-03-02 00:00:00+00:00,CUST-3312,Mouse Pad,Accessories,West,Vikram,6,374.36
ORD-202603-00497,2026-03-05 00:00:00+00:00,CUST-0504,Laptop Stand,Accessories,East,Sneha,2,1556.66
ORD-202603-00498,2026-03-02 00:00:00+00:00,CUST-4005,Desk Organizer,Office,Central,Karan,1,539.89
ORD-202603-00499,2026-03-16 00:00:00+00:00,CUST-4979,Mouse Pad,Accessories,South,Rahul,1,423.01
ORD-202603-00500,2026-03-27 00:00:00+00:00,CUST-0285,Mouse Pad,Accessories,South,Priya,1,381.46
ORD-202603-00501,2026-03-16 00:00:00+00:00,CUST-0110,Office Chair,Furniture,Central,Sneha,3,6354.0
ORD-202603-00502,2026-03-02 00:00:00+00:00,CUST-3750,Webcam,Electronics,East,Amit,6,1858.83
ORD-202603-00503,2026-03-27 00:00:00+00:00,CUST-3535,Pen Set,Office,South,Priya,5,322.47
ORD-202603-00504,2026-03-29 00:00:00+00:00,CUST-4722,Study Table,Furniture,Central,Vikram,5,5205.17
ORD-202603-00505,2026-03-24 00:00:00+00:00,CUST-0643,Study Table,Furniture,North,Karan,4,5265.07
ORD-202603-00506,2026-03-03 00:00:00+00:00,CUST-0402,Study Table,Furniture,East,Amit,3,5133.61
ORD-202603-00507,2026-03-08 00:00:00+00:00,CUST-1843,Headphones,Electronics,South,Priya,6,2739.71
ORD-202603-00508,2026-03-04 00:00:00+00:00,CUST-0409,Pen Set,Office,Central,Sneha,3,294.98
ORD-202603-00509,2026-03-21 00:00:00+00:00,CUST-4516,Notebook,Office,North,Amit,5,216.82
ORD-202603-00510,2026-03-11 00:00:00+00:00,CUST-3078,Wireless Mouse,Electronics,,Priya,2,733.78
ORD-202603-00511,2026-03-02 00:00:00+00:00,CUST-3352,Mouse Pad,Accessories,North,Amit,3,394.9
ORD-202603-00512,2026-03-23 00:00:00+00:00,CUST-3383,Webcam,Electronics,North,Ananya,1,1889.24
ORD-202603-00513,2026-03-24 00:00:00+00:00,CUST-2589,Mouse Pad,Accessories,South,Rahul,5,379.52
ORD-202603-00514,2026-03-18 00:00:00+00:00,CUST-2312,Pen Set,Office,East,Ananya,4,298.84
ORD-202603-00515,2026-03-06 00:00:00+00:00,,Desk Organizer,Office,East,Amit,3,581.1
ORD-202603-00516,2026-03-29 00:00:00+00:00,CUST-4678,Office Chair,Furniture,East,Priya,5,6644.25
ORD-202603-00517,2026-03-13 00:00:00+00:00,CUST-2755,Notebook,Office,Central,Amit,1,193.64
ORD-202603-00518,2026-03-20 00:00:00+00:00,CUST-0634,Mouse Pad,Accessories,Central,,7,409.79
ORD-202603-00519,2026-03-01 00:00:00+00:00,CUST-0837,Monitor Stand,Furniture,South,Amit,1,1986.27
ORD-202603-00520,2026-03-19 00:00:00+00:00,CUST-0593,Webcam,Electronics,North,Priya,4,1864.54
ORD-202603-00521,2026-03-28 00:00:00+00:00,CUST-4484,Webcam,Electronics,West,Karan,2,2033.28
ORD-202603-00522,2026-03-18 00:00:00+00:00,CUST-0052,Study Table,Furniture,North,Vikram,2,5658.39
ORD-202603-00523,2026-03-09 00:00:00+00:00,CUST-4635,Monitor Stand,Furniture,West,Karan,2,2053.76
ORD-202603-00524,2026-03-13 00:00:00+00:00,CUST-4111,Laptop Stand,Accessories,North,Priya,3,1415.75
ORD-202603-00525,2026-03-09 00:00:00+00:00,CUST-0697,Study Table,Furniture,North,Sneha,5,5774.01
ORD-202603-00526,2026-03-20 00:00:00+00:00,CUST-0451,Study Table,Furniture,West,Sneha,6,4989.67
ORD-202603-00527,2026-03-17 00:00:00+00:00,CUST-4648,Study Table,Furniture,West,Vikram,7,5184.02
ORD-202603-00528,2026-03-31 00:00:00+00:00,CUST-3017,Mouse Pad,Accessories,South,Karan,5,392.04
ORD-202603-00529,2026-03-01 00:00:00+00:00,CUST-4599,Desk Organizer,Office,South,Neha,4,645.62
ORD-202603-00530,2026-03-31 00:00:00+00:00,CUST-4649,Notebook,Office,North,Priya,6,180.22
ORD-202603-00531,,CUST-0055,Wireless Mouse,Electronics,Central,Sneha,6,790.19
ORD-202603-00532,2026-03-04 00:00:00+00:00,CUST-0264,Keyboard,Electronics,Central,Amit,3,1200.23
ORD-202603-00533,2026-03-09 00:00:00+00:00,CUST-3966,Monitor Stand,Furniture,North,Neha,3,1891.07
ORD-202603-00534,2026-03-15 00:00:00+00:00,CUST-0587,Webcam,Electronics,West,Amit,1,1863.06
ORD-202603-00535,2026-03-24 00:00:00+00:00,CUST-4128,Headphones,Electronics,Central,Rahul,1,2298.32
ORD-202603-00536,2026-03-19 00:00:00+00:00,CUST-4356,Monitor Stand,Furniture,Central,Karan,7,2130.73
ORD-202603-00537,2026-03-08 00:00:00+00:00,CUST-2438,Laptop Stand,Accessories,East,Ananya,7,1373.96
ORD-202603-00538,2026-03-23 00:00:00+00:00,CUST-1388,Desk Organizer,Office,North,Sneha,3,609.22
ORD-202603-00539,2026-03-02 00:00:00+00:00,CUST-4956,Office Chair,Furniture,East,Karan,7,6527.64
ORD-202603-00540,2026-03-10 00:00:00+00:00,CUST-2112,Mouse Pad,Accessories,South,Vikram,1,367.6
ORD-202603-00541,2026-03-30 00:00:00+00:00,CUST-1203,Pen Set,Office,South,Sneha,7,296.77
ORD-202603-00542,2026-03-31 00:00:00+00:00,CUST-2902,Mouse Pad,Accessories,West,Vikram,5,386.66
ORD-202603-00543,2026-03-10 00:00:00+00:00,CUST-1685,USB Hub,Accessories,,Ananya,4,817.23
ORD-202603-00544,2026-03-13 00:00:00+00:00,CUST-3583,Keyboard,Electronics,North,Neha,6,1185.96
ORD-202603-00545,2026-03-11 00:00:00+00:00,CUST-4930,Keyboard,Electronics,West,Rahul,2,1246.83
ORD-202603-00546,2026-03-09 00:00:00+00:00,CUST-0920,Office Chair,Furniture,Central,Karan,4,7394.91
ORD-202603-00547,2026-03-06 00:00:00+00:00,CUST-1249,Study Table,Furniture,North,Sneha,2,5885.46
ORD-202603-00548,2026-03-25 00:00:00+00:00,CUST-4369,Wireless Mouse,Electronics,Central,Karan,5,729.7
ORD-202603-00549,2026-03-21 00:00:00+00:00,CUST-4189,Laptop Stand,Accessories,North,Ananya,3,1400.58
ORD-202603-00550,2026-03-19 00:00:00+00:00,CUST-3871,USB Hub,Accessories,East,Rahul,3,870.07
ORD-202603-00551,2026-03-25 00:00:00+00:00,CUST-0727,Wireless Mouse,Electronics,North,Karan,6,822.98
ORD-202603-00552,2026-03-29 00:00:00+00:00,CUST-0453,USB Hub,Accessories,Central,Sneha,6,860.37
ORD-202603-00553,2026-03-27 00:00:00+00:00,CUST-1498,Monitor Stand,Furniture,West,Neha,7,1887.8
ORD-202603-00554,2026-03-04 00:00:00+00:00,CUST-0542,Notebook,Office,Central,Priya,6,202.51
ORD-202603-00555,2026-03-24 00:00:00+00:00,CUST-2387,Study Table,Furniture,North,Ananya,2,5698.55
ORD-202603-00556,2026-03-02 00:00:00+00:00,CUST-3537,USB Hub,Accessories,West,Priya,6,896.75
ORD-202603-00557,2026-03-23 00:00:00+00:00,CUST-3605,Desk Organizer,Office,Central,Sneha,5,619.18
ORD-202603-00558,2026-03-30 00:00:00+00:00,CUST-2364,Monitor Stand,Furniture,North,Karan,1,1800.74
ORD-202603-00559,2026-03-29 00:00:00+00:00,CUST-1837,Notebook,Office,Central,Ananya,2,192.15
ORD-202603-00560,2026-03-14 00:00:00+00:00,CUST-2263,Office Chair,Furniture,North,Vikram,4,7152.26
ORD-202603-00561,2026-03-31 00:00:00+00:00,CUST-3543,Headphones,Electronics,North,Priya,3,2574.44
ORD-202603-00562,2026-03-07 00:00:00+00:00,CUST-1088,Monitor Stand,Furniture,South,Amit,6,1876.84
ORD-202603-00563,2026-03-29 00:00:00+00:00,CUST-0006,Monitor Stand,Furniture,Central,Amit,6,1931.86
ORD-202603-00564,2026-03-24 00:00:00+00:00,CUST-3562,Mouse Pad,Accessories,Central,Amit,2,377.16
ORD-202603-00565,2026-03-25 00:00:00+00:00,CUST-3175,Keyboard,Electronics,East,Neha,1,1402.54
ORD-202603-00566,2026-03-31 00:00:00+00:00,CUST-0571,Webcam,Electronics,East,Rahul,2,1821.54
ORD-202603-00567,2026-03-24 00:00:00+00:00,CUST-3004,Webcam,Electronics,North,Rahul,7,2044.08
ORD-202603-00568,2026-03-31 00:00:00+00:00,CUST-1867,Monitor Stand,Furniture,Central,Priya,7,2152.38
ORD-202603-00569,2026-03-14 00:00:00+00:00,CUST-4550,Wireless Mouse,Electronics,North,Ananya,4,803.11
ORD-202603-00570,2026-03-30 00:00:00+00:00,CUST-3611,Keyboard,Electronics,West,Sneha,6,1395.34
ORD-202603-00571,2026-03-26 00:00:00+00:00,CUST-2404,Office Chair,Furniture,South,Amit,4,6406.42
ORD-202603-00572,2026-03-05 00:00:00+00:00,CUST-4904,Monitor Stand,Furniture,Central,Ananya,7,1849.54
ORD-202603-00573,2026-03-12 00:00:00+00:00,CUST-3503,Webcam,Electronics,North,Sneha,2,1863.57
ORD-202603-00574,2026-03-27 00:00:00+00:00,CUST-1062,Keyboard,Electronics,South,Neha,4,1348.83
ORD-202603-00575,2026-03-20 00:00:00+00:00,CUST-3102,Monitor Stand,Furniture,West,Vikram,2,2187.13
ORD-202603-00576,2026-03-04 00:00:00+00:00,CUST-3180,Office Chair,Furniture,West,Karan,1,6952.61
ORD-202603-00577,2026-03-19 00:00:00+00:00,CUST-4011,Desk Organizer,Office,North,Ananya,2,539.98
ORD-202603-00578,2026-03-12 00:00:00+00:00,CUST-0321,Office Chair,Furniture,,Rahul,1,6553.17
ORD-202603-00579,2026-03-04 00:00:00+00:00,CUST-4517,Monitor Stand,Furniture,South,Rahul,7,1974.21
ORD-202603-00580,2026-03-06 00:00:00+00:00,CUST-1335,Pen Set,Office,West,Amit,5,310.36
ORD-202603-00581,2026-03-07 00:00:00+00:00,CUST-2553,Keyboard,Electronics,West,,4,1321.48
ORD-202603-00582,2026-03-12 00:00:00+00:00,CUST-0483,Office Chair,Furniture,East,Rahul,6,7525.47
ORD-202603-00583,2026-03-28 00:00:00+00:00,CUST-0821,Keyboard,Electronics,East,Karan,4,1238.1
ORD-202603-00584,2026-03-08 00:00:00+00:00,CUST-4154,Keyboard,Electronics,South,Rahul,3,1309.39
ORD-202603-00585,2026-03-06 00:00:00+00:00,CUST-3726,Mouse Pad,Accessories,East,Vikram,4,370.61
ORD-202603-00586,2026-03-28 00:00:00+00:00,CUST-2091,Laptop Stand,Accessories,West,Priya,3,1542.54
ORD-202603-00587,2026-03-16 00:00:00+00:00,CUST-0388,Notebook,Office,South,Amit,3,209.44
ORD-202603-00588,2026-03-31 00:00:00+00:00,CUST-4458,Laptop Stand,Accessories,North,Ananya,6,1503.02
ORD-202603-00589,2026-03-10 00:00:00+00:00,CUST-0858,Office Chair,Furniture,South,Ananya,7,6926.37
ORD-202603-00590,,CUST-0202,Monitor Stand,Furniture,West,Neha,2,1873.41
ORD-202603-00591,2026-03-27 00:00:00+00:00,CUST-1189,Monitor Stand,Furniture,Central,,6,2172.54
ORD-202603-00592,2026-03-05 00:00:00+00:00,CUST-3492,Mouse Pad,Accessories,East,Rahul,1,407.47
ORD-202603-00593,2026-03-23 00:00:00+00:00,CUST-1479,Mouse Pad,Accessories,Central,Ananya,6,424.15
ORD-202603-00594,2026-03-06 00:00:00+00:00,CUST-2573,Wireless Mouse,Electronics,,Vikram,7,722.98
ORD-202603-00595,2026-03-27 00:00:00+00:00,CUST-0592,Study Table,Furniture,west,Karan,6,5225.49
ORD-202603-00596,2026-03-18 00:00:00+00:00,CUST-3468,Webcam,Electronics,East,Ananya,4,1892.31
ORD-202603-00597,2026-03-05 00:00:00+00:00,CUST-4835,Webcam,Electronics,North,,7,1912.76
ORD-202603-00598,2026-03-28 00:00:00+00:00,CUST-4834,Office Chair, Furniture,South,Sneha,6,6865.98
ORD-202603-00599,2026-03-09 00:00:00+00:00,CUST-4526,Monitor Stand,Furniture,West,Rahul,6,1933.95
ORD-202603-00600,2026-03-24 00:00:00+00:00,CUST-4864,Study Table,Furniture,West,Sneha,7,5444.42
ORD-202603-00601,2026-03-06 00:00:00+00:00,CUST-4212,Wireless Mouse,Electronics,West,,4,777.58
ORD-202603-00602,2026-03-14 00:00:00+00:00,CUST-4154,Monitor Stand,Furniture,South ,Amit,6,1815.11
ORD-202603-00603,2026-03-08 00:00:00+00:00,CUST-3785,USB Hub,Accessories,North,Sneha,7,933.66
ORD-202603-00604,2026-03-30 00:00:00+00:00,CUST-1054,Keyboard,Electronics,Central,Priya,4,1369.48
ORD-202603-00605,2026-03-04 00:00:00+00:00,CUST-0911,Keyboard,Electronics,South,Amit,6,1249.96
ORD-202603-00606,2026-03-17 00:00:00+00:00,CUST-3797,Pen Set,Office,West,Vikram,5,326.86
ORD-202603-00607,2026-03-09 00:00:00+00:00,CUST-1412,Office Chair,Furniture,North,Ananya,7,7680.59
ORD-202603-00608,2026-03-25 00:00:00+00:00,CUST-4787,USB Hub,Accessories,Central,Neha,5,911.33
ORD-202603-00609,2026-03-18 00:00:00+00:00,CUST-3354,Notebook,Office,Central,Vikram,6,210.7
ORD-202603-00610,2026-03-16 00:00:00+00:00,CUST-1732,Desk Organizer,Office,West,Karan,7,604.45
ORD-202603-00611,2026-03-25 00:00:00+00:00,CUST-2627,USB Hub,Accessories,South,Vikram,1,856.05
ORD-202603-00612,2026-03-21 00:00:00+00:00,CUST-1747,Office Chair,Furniture,North,Karan,1,6397.12
ORD-202603-00613,2026-03-21 00:00:00+00:00,CUST-1137,Webcam,Electronics,South,Vikram,3,1839.92
ORD-202603-00614,2026-03-12 00:00:00+00:00,CUST-2390,Webcam,Electronics,East,Vikram,5,1779.5
ORD-202603-00615,2026-03-08 00:00:00+00:00,CUST-2985,Mouse Pad,Accessories,Central,Vikram,4,432.7
ORD-202603-00616,2026-03-02 00:00:00+00:00,CUST-3476,Mouse Pad,Accessories,West,Sneha,7,436.6
ORD-202603-00617,2026-03-18 00:00:00+00:00,CUST-1749,Laptop Stand,Accessories,East,Rahul,1,1508.51
ORD-202603-00618,2026-03-19 00:00:00+00:00,CUST-1239,Laptop Stand,Accessories,West,Rahul,3,1517.95
ORD-202603-00619,2026-03-08 00:00:00+00:00,CUST-0762,Webcam,Electronics,West,Karan,2,2062.5
ORD-202603-00620,2026-03-09 00:00:00+00:00,CUST-0791,USB Hub,Accessories,West,Ananya,5,943.49
ORD-202603-00621,2026-03-02 00:00:00+00:00,CUST-2899,Desk Organizer,Office,North,Priya,2,558.51
ORD-202603-00622,2026-03-18 00:00:00+00:00,CUST-1433,Webcam,Electronics,East,Ananya,2,2070.65
ORD-202603-00623,2026-03-30 00:00:00+00:00,CUST-3072,Pen Set,Office,Central,Amit,5,303.27
ORD-202603-00624,2026-03-21 00:00:00+00:00,CUST-3228,Laptop Stand,Accessories,West,Vikram,1,1355.29
ORD-202603-00625,2026-03-03 00:00:00+00:00,CUST-4163,Headphones,Electronics,South,Rahul,7,2347.17
ORD-202603-00626,2026-03-15 00:00:00+00:00,CUST-0211,Webcam,Electronics,East,Priya,1,2011.74
ORD-202603-00627,,CUST-4490,Office Chair,Furniture,West,Vikram,3,6477.95
ORD-202603-00628,2026-03-05 00:00:00+00:00,CUST-4638,Webcam,Electronics,North,,4,-100.0
ORD-202603-00629,2026-03-09 00:00:00+00:00,CUST-2268,Pen Set,Office,North,Rahul,1,316.12
ORD-202603-00630,2026-03-25 00:00:00+00:00,CUST-2788,Notebook,Office,East,Priya,-1,180.5
ORD-202603-00631,2026-03-21 00:00:00+00:00,CUST-4590,Pen Set,Office,North,Priya,7,288.9
ORD-202603-00632,2026-03-06 00:00:00+00:00,CUST-0531,Notebook,Office,East,Neha,5,199.27
ORD-202603-00633,2026-03-01 00:00:00+00:00,CUST-4808,Monitor Stand,Furniture,West,Vikram,1,1829.49
ORD-202603-00634,2026-03-05 00:00:00+00:00,CUST-3616,Study Table,Furniture,East,Ananya,3,5586.56
ORD-202603-00635,2026-03-18 00:00:00+00:00,CUST-3550,Laptop Stand,Accessories,Central,Sneha,3,1642.98
ORD-202603-00636,2026-03-10 00:00:00+00:00,CUST-1434,USB Hub,Accessories,North,Rahul,1,917.01
ORD-202603-00637,2026-03-06 00:00:00+00:00,CUST-5000,Laptop Stand,Accessories,East,Rahul,4,1497.12
ORD-202603-00638,2026-03-02 00:00:00+00:00,CUST-3834,Pen Set,Office,Central,Karan,2,320.94
ORD-202603-00639,2026-03-03 00:00:00+00:00,CUST-4710,Mouse Pad,Accessories,West,Priya,5,436.02
ORD-202603-00640,2026-03-11 00:00:00+00:00,CUST-4402,Monitor Stand,Furniture,Central,Vikram,6,2159.4
ORD-202603-00641,2026-03-08 00:00:00+00:00,CUST-3340,Desk Organizer,Office,East,Ananya,3,543.53
ORD-202603-00642,2026-03-24 00:00:00+00:00,CUST-2519,Mouse Pad,Accessories,North,Neha,3,367.05
ORD-202603-00643,2026-03-24 00:00:00+00:00,CUST-1910,Laptop Stand,Accessories,South,Karan,5,1533.61
ORD-202603-00644,2026-03-25 00:00:00+00:00,CUST-0923,Office Chair,Furniture,Central,Rahul,6,6616.43
ORD-202603-00645,2026-03-23 00:00:00+00:00,CUST-0203,Office Chair,Furniture,South,Amit,3,7028.47
ORD-202603-00646,2026-03-15 00:00:00+00:00,CUST-2363,Monitor Stand,Furniture,Central,Amit,6,2134.34
ORD-202603-00647,2026-03-06 00:00:00+00:00,CUST-2960,Notebook,Office,West,Vikram,3,216.45
ORD-202603-00648,2026-03-06 00:00:00+00:00,CUST-2856,Office Chair,furniture,West,Vikram,6,6766.08
ORD-202603-00649,2026-03-20 00:00:00+00:00,CUST-2365,Study Table,Furniture,Central,Vikram,3,5882.51
ORD-202603-00650,2026-03-31 00:00:00+00:00,CUST-1799,Keyboard,Electronics,Central,Neha,5,1300.04
ORD-202603-00651,2026-03-23 00:00:00+00:00,CUST-2039,Keyboard,Electronics,East,Neha,7,1340.2
ORD-202603-00652,2026-03-26 00:00:00+00:00,CUST-3847,Headphones,Electronics,West,Sneha,6,2311.79
ORD-202603-00653,2026-03-26 00:00:00+00:00,CUST-4665,Headphones,Electronics,North,Neha,3,2280.76
ORD-202603-00654,2026-03-01 00:00:00+00:00,CUST-1358,Webcam,Electronics,North,Ananya,4,2005.5
ORD-202603-00655,2026-03-29 00:00:00+00:00,CUST-3248,Wireless Mouse,Electronics,Central,Karan,2,814.73
ORD-202603-00656,2026-03-19 00:00:00+00:00,CUST-4208,Pen Set,Office,North,Priya,4,318.37
ORD-202603-00657,2026-03-27 00:00:00+00:00,CUST-2010,Notebook,Office,North,Priya,5,183.71
ORD-202603-00658,2026-03-30 00:00:00+00:00,CUST-2188,Pen Set,Office,North,Vikram,1,279.38
ORD-202603-00659,2026-03-05 00:00:00+00:00,CUST-2763,Office Chair,Furniture,North,Ananya,3,6387.27
ORD-202603-00660,2026-03-29 00:00:00+00:00,CUST-2933,Keyboard,Electronics,East,Karan,7,1338.0
ORD-202603-00661,2026-03-17 00:00:00+00:00,CUST-4596,Laptop Stand,Accessories,,Ananya,7,1533.65
ORD-202603-00662,2026-03-13 00:00:00+00:00,CUST-0281,USB Hub,Accessories,North,Sneha,6,885.61
ORD-202603-00663,2026-03-31 00:00:00+00:00,,Webcam,Electronics,Central,Sneha,6,1760.48
ORD-202603-00664,2026-03-19 00:00:00+00:00,CUST-1051,USB Hub,Accessories,North,Sneha,5,813.39
ORD-202603-00665,2026-03-21 00:00:00+00:00,CUST-1831,Mouse Pad,Accessories,North,Vikram,4,379.77
ORD-202603-00666,2026-03-20 00:00:00+00:00,CUST-2193,Pen Set,Office ,East,Karan,5,269.27
ORD-202603-00667,2026-03-20 00:00:00+00:00,CUST-2533,Headphones,Electronics,South,Sneha,2,2723.29
ORD-202603-00668,2026-03-23 00:00:00+00:00,CUST-3695,Webcam,Electronics,South,Rahul,5,1773.74
ORD-202603-00669,2026-03-11 00:00:00+00:00,CUST-0836,Webcam,Electronics,East,Vikram,4,1809.93
ORD-202603-00670,2026-03-30 00:00:00+00:00,CUST-4857,Webcam,Electronics,North,Ananya,1,2012.4
ORD-202603-00671,2026-03-21 00:00:00+00:00,CUST-4168,Office Chair,Furniture,West,Rahul,2,7691.84
ORD-202603-00672,2026-03-15 00:00:00+00:00,CUST-0363,Notebook,Office,West,Ananya,3,203.8
ORD-202603-00673,2026-03-17 00:00:00+00:00,CUST-2810,Office Chair,Furniture,North,Ananya,5,6653.7
ORD-202603-00674,2026-03-02 00:00:00+00:00,CUST-4685,Keyboard,Electronics, East,Karan,3,1286.77
ORD-202603-00675,2026-03-03 00:00:00+00:00,,Desk Organizer,Office,South,Priya,2,546.25
ORD-202603-00676,2026-03-23 00:00:00+00:00,CUST-1541,Pen Set,Office,East,Sneha,6,275.62
ORD-202603-00677,2026-03-12 00:00:00+00:00,CUST-2298,Office Chair,Furniture,West,Sneha,4,7292.39
ORD-202603-00678,2026-03-30 00:00:00+00:00,CUST-4914,USB Hub,Accessories,South,Vikram,5,958.24
ORD-202603-00679,2026-03-14 00:00:00+00:00,CUST-2787,Desk Organizer,Office,West,Neha,3,571.46
ORD-202603-00680,2026-03-27 00:00:00+00:00,CUST-0224,Mouse Pad,Accessories,West,Rahul,3,418.02
ORD-202603-00681,2026-03-23 00:00:00+00:00,CUST-3178,Office Chair,Furniture, Central,Ananya,5,7195.49
ORD-202603-00682,2026-03-01 00:00:00+00:00,CUST-2545,Office Chair,Furniture,North,,3,7012.54
ORD-202603-00683,2026-03-11 00:00:00+00:00,CUST-2956,Office Chair,Furniture,East,Ananya,7,6704.01
ORD-202603-00684,2026-03-28 00:00:00+00:00,CUST-3888,Headphones,Electronics,East,Sneha,6,2741.51
ORD-202603-00685,2026-03-25 00:00:00+00:00,CUST-0480,Desk Organizer,Office,Central,Ananya,7,568.81
ORD-202603-00686,2026-03-05 00:00:00+00:00,CUST-1753,Headphones,Electronics,South,Vikram,6,2353.4
ORD-202603-00687,2026-03-08 00:00:00+00:00,CUST-0663,Mouse Pad,Accessories,South,Priya,1,367.87
ORD-202603-00688,2026-03-31 00:00:00+00:00,CUST-4869,Study Table,Furniture,West,Priya,6,5673.86
ORD-202603-00689,2026-03-15 00:00:00+00:00,CUST-4632,Keyboard,Electronics,South,Ananya,2,1403.23
ORD-202603-00690,2026-03-23 00:00:00+00:00,CUST-4624,Desk Organizer,Office,North,Neha,3,555.17
ORD-202603-00691,2026-03-16 00:00:00+00:00,CUST-1309,Webcam,Electronics,East,Amit,3,1748.76
ORD-202603-00692,2026-03-04 00:00:00+00:00,CUST-1656,Webcam,Electronics,Central,Karan,4,2052.6
ORD-202603-00693,2026-03-18 00:00:00+00:00,CUST-2329,Wireless Mouse,Electronics,South,Ananya,6,824.66
ORD-202603-00694,2026-03-04 00:00:00+00:00,CUST-0021,Desk Organizer,Office,North,Sneha,5,655.19
ORD-202603-00695,2026-03-29 00:00:00+00:00,CUST-4308,Office Chair,Furniture,East,Rahul,4,7293.37
ORD-202603-00696,2026-03-09 00:00:00+00:00,CUST-0877,USB Hub,Accessories,East,Neha,2,947.85
ORD-202603-00697,2026-03-26 00:00:00+00:00,CUST-3422,Headphones,Electronics,South,Vikram,6,2479.87
ORD-202603-00698,2026-03-08 00:00:00+00:00,CUST-0163,Pen Set,Office,West,Karan,3,283.35
ORD-202603-00699,2026-03-03 00:00:00+00:00,CUST-0671,Monitor Stand,Furniture,North,Priya,5,2026.64
ORD-202603-00700,2026-03-01 00:00:00+00:00,CUST-3399,Office Chair,Furniture,East,Rahul,4,6800.53
ORD-202603-00701,2026-03-04 00:00:00+00:00,CUST-0299,Desk Organizer,Office,North,Ananya,5,595.37
ORD-202603-00702,2026-03-28 00:00:00+00:00,CUST-0706,Wireless Mouse,Electronics,Central,Rahul,5,801.51
ORD-202603-00703,2026-03-04 00:00:00+00:00,CUST-1026,Study Table,Furniture,East,Sneha,4,4978.32
ORD-202603-00704,2026-03-04 00:00:00+00:00,CUST-2399,Notebook,Office,West,Rahul,4,203.32
ORD-202603-00705,2026-03-07 00:00:00+00:00,CUST-1081,Pen Set,Office,West,Amit,5,290.54
ORD-202603-00706,2026-03-31 00:00:00+00:00,CUST-0938,Laptop Stand,Accessories,West,Ananya,2,1592.57
ORD-202603-00707,2026-03-26 00:00:00+00:00,CUST-0943,Study Table,Furniture,West,,7,5011.02
ORD-202603-00708,2026-03-09 00:00:00+00:00,CUST-4335,Mouse Pad,Accessories,Central,Sneha,3,403.48
ORD-202603-00709,2026-03-14 00:00:00+00:00,CUST-4075,Webcam,Electronics,West,Rahul,7,1845.84
ORD-202603-00710,2026-03-18 00:00:00+00:00,CUST-1473,Laptop Stand,Accessories,North,Karan,4,1377.07
ORD-202603-00711,2026-03-09 00:00:00+00:00,CUST-3232,Headphones,Electronics,South,Sneha,1,2455.86
ORD-202603-00712,2026-03-22 00:00:00+00:00,CUST-3490,Monitor Stand,Furniture,East,Vikram,5,1962.73
ORD-202603-00713,2026-03-09 00:00:00+00:00,CUST-1237,Office Chair,Furniture,Central,Rahul,4,7353.58
ORD-202603-00714,2026-03-10 00:00:00+00:00,CUST-2930,Notebook,Office,East,Vikram,6,185.15
ORD-202603-00715,2026-03-29 00:00:00+00:00,CUST-0297,Office Chair,Furniture,Central,Ananya,6,7461.47
ORD-202603-00716,2026-03-15 00:00:00+00:00,CUST-1878,Study Table,Furniture,West,Karan,2,5001.79
ORD-202603-00717,2026-03-29 00:00:00+00:00,CUST-2996,Laptop Stand,Accessories,South,Neha,6,1503.71
ORD-202603-00718,2026-03-24 00:00:00+00:00,CUST-3800,Webcam,Electronics,Central,Sneha,4,1955.59
ORD-202603-00719,2026-03-10 00:00:00+00:00,CUST-1861,Study Table,Furniture,,Rahul,4,4964.87
ORD-202603-00720,2026-03-03 00:00:00+00:00,CUST-0573,Laptop Stand,Accessories ,East,Karan,3,1369.83
ORD-202603-00721,2026-03-05 00:00:00+00:00,CUST-3547,Wireless Mouse,Electronics,North,Ananya,5,762.81
ORD-202603-00722,2026-03-12 00:00:00+00:00,CUST-3555,Office Chair,Furniture,North,Ananya,5,6833.06
ORD-202603-00723,2026-03-24 00:00:00+00:00,CUST-0508,Headphones,Electronics,East,Ananya,7,2422.29
ORD-202603-00724,2026-03-25 00:00:00+00:00,CUST-0898,Webcam,Electronics,West,Karan,7,2078.0
ORD-202603-00725,2026-03-13 00:00:00+00:00,CUST-1388,Desk Organizer,Office,Central,Amit,2,559.1
ORD-202603-00726,2026-03-11 00:00:00+00:00,CUST-0410,Monitor Stand,Furniture,West,Neha,4,2155.22
ORD-202603-00727,2026-03-23 00:00:00+00:00,CUST-3924,Keyboard,Electronics,East,Sneha,7,1414.5
ORD-202603-00728,2026-03-02 00:00:00+00:00,CUST-4840,Pen Set,Office,,Neha,6,279.6
ORD-202603-00729,2026-03-13 00:00:00+00:00,CUST-4213,Laptop Stand,Accessories,east,Priya,4,1576.52
ORD-202603-00730,2026-03-06 00:00:00+00:00,CUST-0861,Study Table,Furniture,North,Sneha,1,6046.91
ORD-202603-00731,2026-03-21 00:00:00+00:00,CUST-1349,Study Table,Furniture,East,Karan,2,5221.69
ORD-202603-00732,2026-03-21 00:00:00+00:00,CUST-1324,Keyboard,Electronics,,,7,1299.71
ORD-202603-00733,2026-03-27 00:00:00+00:00,CUST-2306,Wireless Mouse,Electronics,West,Sneha,5,840.36
ORD-202603-00734,2026-03-30 00:00:00+00:00,CUST-0051,USB Hub,Accessories,North,Vikram,6,941.21
ORD-202603-00735,2026-03-07 00:00:00+00:00,CUST-1120,Wireless Mouse,Electronics,East,Karan,6,852.24
ORD-202603-00736,2026-03-08 00:00:00+00:00,CUST-3385,Laptop Stand,Accessories,South,Amit,1,1453.5
ORD-202603-00737,2026-03-13 00:00:00+00:00,CUST-3296,Headphones,Electronics,West,Neha,5,2309.41
ORD-202603-00738,2026-03-17 00:00:00+00:00,CUST-3800,Monitor Stand,Furniture,West,Vikram,5,2069.53
ORD-202603-00739,2026-03-23 00:00:00+00:00,CUST-2115,Desk Organizer,Office,South,Vikram,1,579.78
ORD-202603-00740,2026-03-08 00:00:00+00:00,CUST-0104,Keyboard,Electronics,South,Neha,4,1336.95
ORD-202603-00741,2026-03-18 00:00:00+00:00,CUST-4895,Pen Set,Office,Central,Amit,2,297.41
ORD-202603-00742,2026-03-29 00:00:00+00:00,CUST-2586,Desk Organizer,Office,Central,Rahul,7,594.04
ORD-202603-00743,2026-03-03 00:00:00+00:00,CUST-4559,Office Chair,Furniture,Central,Karan,2,7533.04
ORD-202603-00744,2026-03-28 00:00:00+00:00,CUST-4241,Pen Set,Office,South,Sneha,3,307.4
ORD-202603-00745,2026-03-06 00:00:00+00:00,CUST-0614,Notebook,Office,North,Amit,7,203.96
ORD-202603-00746,2026-03-13 00:00:00+00:00,CUST-3936,Study Table,Furniture,West,Sneha,5,6016.84
ORD-202603-00747,2026-03-05 00:00:00+00:00,CUST-3239,Webcam,Electronics,South,Sneha,7,1811.55
ORD-202603-00748,2026-03-02 00:00:00+00:00,CUST-4020,Monitor Stand,Furniture,South,Sneha,4,2074.37
ORD-202603-00749,2026-03-09 00:00:00+00:00,CUST-3520,Headphones, Electronics,West,Rahul,2,2426.79
ORD-202603-00750,2026-03-19 00:00:00+00:00,CUST-0341,Office Chair,Furniture,North,Rahul,2,7137.47
ORD-202603-00751,2026-03-12 00:00:00+00:00,CUST-0523,Monitor Stand,Furniture,Central,Priya,2,2125.78
ORD-202603-00752,2026-03-20 00:00:00+00:00,CUST-1415,Webcam,Electronics,South,Ananya,6,2059.57
ORD-202603-00753,2026-03-23 00:00:00+00:00,CUST-1021,Pen Set,Office,South,Priya,1,294.64
ORD-202603-00754,2026-03-20 00:00:00+00:00,CUST-2606,Office Chair,Furniture,West,Rahul,6,7463.86
ORD-202603-00755,2026-03-21 00:00:00+00:00,CUST-4962,Webcam,Electronics,West,Vikram,4,1836.36
ORD-202603-00756,2026-03-10 00:00:00+00:00,CUST-2555,Mouse Pad,Accessories,West,Neha,4,411.85
ORD-202603-00757,2026-03-26 00:00:00+00:00,CUST-1691,Office Chair,Furniture,East,Neha,6,7527.61
ORD-202603-00758,2026-03-01 00:00:00+00:00,CUST-3788,Pen Set,Office,West,Rahul,7,310.09
ORD-202603-00759,2026-03-27 00:00:00+00:00,CUST-2430,Office Chair,Furniture,South,Priya,2,7286.99
ORD-202603-00760,2026-03-01 00:00:00+00:00,CUST-4599,Webcam,Electronics,East,Vikram,7,2027.23
ORD-202603-00761,2026-03-20 00:00:00+00:00,CUST-2166,Mouse Pad,Accessories ,North,Priya,7,379.25
ORD-202603-00762,2026-03-25 00:00:00+00:00,CUST-3584,Office Chair,Furniture,East,Rahul,6,7344.6
ORD-202603-00763,2026-03-28 00:00:00+00:00,CUST-0407,Headphones,Electronics,South,Amit,1,2567.79
ORD-202603-00764,2026-03-17 00:00:00+00:00,CUST-2409,USB Hub,Accessories,Central,Rahul,2,907.25
ORD-202603-00765,2026-03-26 00:00:00+00:00,CUST-2153,Mouse Pad,accessories,Central,Rahul,1,436.91
ORD-202603-00766,2026-03-09 00:00:00+00:00,CUST-2953,Office Chair,Furniture,North,Neha,7,6876.54
ORD-202603-00767,2026-03-09 00:00:00+00:00,CUST-3837,Desk Organizer,Office,West,Rahul,7,567.24
ORD-202603-00768,,,USB Hub,Accessories,North,Amit,3,960.0
ORD-202603-00769,2026-03-18 00:00:00+00:00,CUST-1526,Monitor Stand,Furniture,South,,4,1873.11
ORD-202603-00770,2026-03-28 00:00:00+00:00,CUST-2254,Pen Set,Office,East,Sneha,4,313.67
ORD-202603-00771,2026-03-16 00:00:00+00:00,CUST-3242,Pen Set,Office,South,Vikram,3,324.61
ORD-202603-00772,2026-03-26 00:00:00+00:00,CUST-0569,Keyboard,Electronics,Central,Priya,7,1382.55
ORD-202603-00773,2026-03-06 00:00:00+00:00,CUST-3512,Headphones,Electronics,North,Sneha,7,2565.55
ORD-202603-00774,2026-03-20 00:00:00+00:00,CUST-3658,Keyboard,Electronics,Central,Ananya,2,1408.94
ORD-202603-00775,2026-03-07 00:00:00+00:00,CUST-2690,Wireless Mouse,Electronics,Central,Ananya,4,797.23
ORD-202603-00776,2026-03-20 00:00:00+00:00,CUST-3907,Monitor Stand,Furniture,West,Amit,2,1829.35
ORD-202603-00777,2026-03-11 00:00:00+00:00,CUST-2572,Webcam,Electronics,Central,Rahul,1,1988.23
ORD-202603-00778,2026-03-17 00:00:00+00:00,CUST-4999,Desk Organizer,Office,South,Neha,6,624.98
ORD-202603-00779,2026-03-29 00:00:00+00:00,CUST-0253,Mouse Pad,Accessories,west,Ananya,7,428.16
ORD-202603-00780,2026-03-06 00:00:00+00:00,CUST-2315,Headphones,Electronics,,Amit,1,2452.07
ORD-202603-00781,2026-03-23 00:00:00+00:00,CUST-3614,Office Chair,Furniture,South,Priya,4,6502.13
ORD-202603-00782,2026-03-23 00:00:00+00:00,CUST-0436,Notebook,Office,South,Sneha,2,183.19
ORD-202603-00783,2026-03-10 00:00:00+00:00,CUST-3339,Desk Organizer,Office,South,Rahul,4,580.48
ORD-202603-00784,2026-03-17 00:00:00+00:00,CUST-0695,Office Chair,Furniture, North,Karan,3,7409.09
ORD-202603-00785,2026-03-28 00:00:00+00:00,CUST-3009,Office Chair,Furniture,East,Priya,4,7028.91
ORD-202603-00786,2026-03-17 00:00:00+00:00,CUST-4539,Notebook,Office,North,Karan,6,185.88
ORD-202603-00787,2026-03-05 00:00:00+00:00,CUST-1216,Headphones,Electronics,South,Neha,1,2369.96
ORD-202603-00788,2026-03-22 00:00:00+00:00,CUST-0980,USB Hub,Accessories,Central,Priya,4,-100.0
ORD-202603-00789,2026-03-04 00:00:00+00:00,CUST-3062,Desk Organizer,Office,North,Ananya,3,596.64
ORD-202603-00790,2026-03-12 00:00:00+00:00,CUST-1816,Office Chair,Furniture,West,Vikram,3,7474.15
ORD-202603-00791,2026-03-26 00:00:00+00:00,CUST-3962,Mouse Pad,Accessories,South,Priya,7,438.29
ORD-202603-00792,2026-03-22 00:00:00+00:00,CUST-0668,Wireless Mouse,Electronics,North,Karan,7,814.86
ORD-202603-00793,2026-03-21 00:00:00+00:00,CUST-3950,Monitor Stand,Furniture,East,Karan,5,1954.7
ORD-202603-00794,2026-03-08 00:00:00+00:00,CUST-4095,Pen Set,Office,South,Neha,6,280.07
ORD-202603-00795,2026-03-01 00:00:00+00:00,CUST-3747,Notebook,Office,West,Sneha,3,199.44
ORD-202603-00796,2026-03-27 00:00:00+00:00,CUST-1506,Mouse Pad,Accessories,Central,Amit,5,408.03
ORD-202603-00797,2026-03-08 00:00:00+00:00,CUST-3625,USB Hub,Accessories,West,Sneha,4,867.88
ORD-202603-00798,2026-03-31 00:00:00+00:00,CUST-1862,Pen Set,Office, West,Neha,3,288.47
ORD-202603-00799,2026-03-10 00:00:00+00:00,CUST-2140,Pen Set,Office,West,Karan,6,318.64
ORD-202603-00800,2026-03-19 00:00:00+00:00,CUST-3713,Webcam,Electronics,South,Sneha,7,1959.75
ORD-202603-00801,2026-03-23 00:00:00+00:00,CUST-4632,USB Hub,Accessories,East,Karan,3,890.06
ORD-202603-00802,2026-03-12 00:00:00+00:00,CUST-2988,Headphones,Electronics,Central,Amit,2,2527.85
ORD-202603-00803,2026-03-25 00:00:00+00:00,CUST-4882,Laptop Stand,Accessories,East,Neha,3,1500.42
ORD-202603-00804,2026-03-09 00:00:00+00:00,CUST-2978,Monitor Stand,Furniture,East,Amit,7,1868.82
ORD-202603-00805,2026-03-14 00:00:00+00:00,CUST-4181,Webcam,Electronics,West,Priya,6,2039.65
ORD-202603-00806,2026-03-28 00:00:00+00:00,CUST-0254,Study Table,Furniture,East,Vikram,2,5049.18
ORD-202603-00807,,CUST-0987,USB Hub,Accessories,North,Ananya,5,847.4
ORD-202603-00808,2026-03-11 00:00:00+00:00,CUST-1092,Study Table,Furniture,east,Priya,6,5566.88
ORD-202603-00809,2026-03-03 00:00:00+00:00,CUST-1599,Notebook,Office,North,Amit,3,197.45
ORD-202603-00810,2026-03-26 00:00:00+00:00,CUST-1378,Desk Organizer,Office,West,Neha,7,610.42
ORD-202603-00811,2026-03-03 00:00:00+00:00,CUST-3495,USB Hub,Accessories,Central,Vikram,7,974.46
ORD-202603-00812,2026-03-13 00:00:00+00:00,CUST-4975,Wireless Mouse,Electronics,South,Neha,2,764.8
ORD-202603-00813,2026-03-09 00:00:00+00:00,CUST-0867,Laptop Stand,Accessories,South,Sneha,5,1394.28
ORD-202603-00814,2026-03-28 00:00:00+00:00,CUST-1124,Pen Set,Office,North,Ananya,2,276.35
ORD-202603-00815,2026-03-15 00:00:00+00:00,CUST-4633,Webcam,Electronics,South,Ananya,5,1731.53
ORD-202603-00816,2026-03-14 00:00:00+00:00,CUST-1867,Laptop Stand,Accessories,West,Amit,1,1586.17
ORD-202603-00817,2026-03-17 00:00:00+00:00,CUST-3493,Wireless Mouse,Electronics,North,Sneha,5,792.2
ORD-202603-00818,2026-03-18 00:00:00+00:00,CUST-0963,Laptop Stand,Accessories,East,Ananya,3,1425.79
ORD-202603-00819,2026-03-07 00:00:00+00:00,CUST-4499,Keyboard,Electronics,Central,Sneha,4,1344.22
ORD-202603-00820,2026-03-04 00:00:00+00:00,CUST-2370,Webcam,Electronics,Central,Neha,4,2004.34
ORD-202603-00821,2026-03-06 00:00:00+00:00,CUST-4365,Laptop Stand,Accessories, North,Ananya,7,1630.05
ORD-202603-00822,2026-03-31 00:00:00+00:00,CUST-0001,Headphones,Electronics,Central,Vikram,1,2448.74
ORD-202603-00823,2026-03-02 00:00:00+00:00,CUST-2722,Keyboard,Electronics,Central,Karan,5,1348.21
ORD-202603-00824,2026-03-18 00:00:00+00:00,CUST-4018,Keyboard,Electronics,West,Ananya,2,1239.41
ORD-202603-00825,2026-03-24 00:00:00+00:00,CUST-0713,Pen Set,Office,Central,Neha,5,320.86
ORD-202603-00826,2026-03-20 00:00:00+00:00,CUST-4414,Keyboard,Electronics,East,Ananya,3,1405.18
ORD-202603-00827,2026-03-26 00:00:00+00:00,CUST-3914,Wireless Mouse,Electronics,East,Amit,2,819.81
ORD-202603-00828,2026-03-04 00:00:00+00:00,,Desk Organizer,Office,West,Ananya,2,618.04
ORD-202603-00829,2026-03-13 00:00:00+00:00,CUST-4565,Mouse Pad,Accessories,Central,Neha,1,411.74
ORD-202603-00830,2026-03-22 00:00:00+00:00,CUST-4226,Monitor Stand,Furniture,North,Rahul,6,2035.61
ORD-202603-00831,2026-03-02 00:00:00+00:00,CUST-0901,Laptop Stand,Accessories,West,Karan,7,1480.65
ORD-202603-00832,2026-03-14 00:00:00+00:00,CUST-0025,Laptop Stand,Accessories,South,Karan,3,1571.05
ORD-202603-00833,2026-03-25 00:00:00+00:00,CUST-1204,Wireless Mouse,Electronics ,Central,Amit,3,875.16
ORD-202603-00834,2026-03-14 00:00:00+00:00,CUST-2187,Keyboard,Electronics,West,Vikram,1,1362.86
ORD-202603-00835,2026-03-25 00:00:00+00:00,CUST-3418,Office Chair,Furniture,North,Amit,2,6732.43
ORD-202603-00836,2026-03-15 00:00:00+00:00,CUST-0852,Headphones,Electronics,East,Neha,2,2499.22
ORD-202603-00837,2026-03-04 00:00:00+00:00,CUST-1487,Wireless Mouse,Electronics,Central,Sneha,7,814.51
ORD-202603-00838,2026-03-17 00:00:00+00:00,CUST-1953,Desk Organizer,Office,West,Vikram,3,548.95
ORD-202603-00839,2026-03-13 00:00:00+00:00,CUST-2628,Monitor Stand,Furniture,West,Priya,6,1995.8
ORD-202603-00840,2026-03-25 00:00:00+00:00,,Laptop Stand,Accessories,North,Priya,2,1379.82
ORD-202603-00841,2026-03-26 00:00:00+00:00,CUST-2147,USB Hub,Accessories,Central,Amit,2,900.89
ORD-202603-00842,2026-03-11 00:00:00+00:00,CUST-3395,Pen Set,Office,West,Karan,2,274.3
ORD-202603-00843,2026-03-29 00:00:00+00:00,CUST-3334,Keyboard,Electronics,Central,Sneha,2,1262.98
ORD-202603-00844,2026-03-28 00:00:00+00:00,CUST-4011,Headphones,Electronics,Central,Rahul,2,2726.15
ORD-202603-00845,2026-03-16 00:00:00+00:00,CUST-4766,Study Table,Furniture,Central,Rahul,3,4957.31
ORD-202603-00846,2026-03-04 00:00:00+00:00,CUST-4709,Desk Organizer,Office,West,Vikram,3,571.96
ORD-202603-00847,2026-03-23 00:00:00+00:00,CUST-4289,Keyboard,Electronics,East,Karan,2,1265.68
ORD-202603-00848,2026-03-17 00:00:00+00:00,CUST-1499,Pen Set,Office,North,Sneha,4,304.38
ORD-202603-00849,,CUST-3384,Monitor Stand,Furniture,North,Sneha,3,2185.08
ORD-202603-00850,2026-03-22 00:00:00+00:00,CUST-3446,Headphones,Electronics,West,Vikram,5,2568.85
ORD-202603-00851,2026-03-24 00:00:00+00:00,CUST-3394,Headphones,Electronics,Central,Ananya,5,2695.81
ORD-202603-00852,2026-03-31 00:00:00+00:00,CUST-4188,Monitor Stand,Furniture,,Amit,7,1864.11
ORD-202603-00853,2026-03-10 00:00:00+00:00,CUST-3899,Monitor Stand,Furniture,Central,Amit,5,1914.48
ORD-202603-00854,2026-03-13 00:00:00+00:00,CUST-2001,Mouse Pad,Accessories,North,Sneha,5,429.89
ORD-202603-00855,2026-03-06 00:00:00+00:00,CUST-1108,Mouse Pad,Accessories,East,Priya,6,359.51
ORD-202603-00856,2026-03-22 00:00:00+00:00,CUST-2804,Headphones,Electronics,West,Vikram,2,2475.9
ORD-202603-00857,2026-03-22 00:00:00+00:00,CUST-2960,Wireless Mouse,Electronics,West,Rahul,7,791.47
ORD-202603-00858,2026-03-25 00:00:00+00:00,CUST-3434,Notebook,Office,East,Priya,4,216.76
ORD-202603-00859,2026-03-05 00:00:00+00:00,CUST-0275,Keyboard,Electronics,Central,Karan,5,1285.81
ORD-202603-00860,,CUST-0395,USB Hub,Accessories,South,Neha,6,972.06
ORD-202603-00861,2026-03-19 00:00:00+00:00,CUST-3641,Monitor Stand,Furniture,Central,Amit,2,2033.11
ORD-202603-00862,2026-03-29 00:00:00+00:00,CUST-3108,Study Table,Furniture,East,Rahul,4,5279.01
ORD-202603-00863,2026-03-01 00:00:00+00:00,CUST-3637,Mouse Pad,Accessories,West,Neha,2,370.93
ORD-202603-00864,,CUST-2714,Laptop Stand,Accessories,East,Neha,2,1496.06
ORD-202603-00865,2026-03-30 00:00:00+00:00,CUST-4116,Monitor Stand,Furniture,South,Karan,7,1806.15
ORD-202603-00866,2026-03-27 00:00:00+00:00,CUST-1544,Study Table,Furniture,East,Neha,6,5317.76
ORD-202603-00867,2026-03-20 00:00:00+00:00,CUST-2636,Notebook,Office,East,Vikram,2,199.92
ORD-202603-00868,2026-03-30 00:00:00+00:00,CUST-4975,Desk Organizer,Office,West,Karan,2,605.98
ORD-202603-00869,2026-03-20 00:00:00+00:00,CUST-4878,USB Hub,Accessories,North,Sneha,1,888.92
ORD-202603-00870,2026-03-15 00:00:00+00:00,CUST-0409,Pen Set,Office,North,Priya,3,326.75
ORD-202603-00871,2026-03-09 00:00:00+00:00,CUST-0633,Notebook,Office,South,Ananya,2,185.0
ORD-202603-00872,2026-03-22 00:00:00+00:00,CUST-4754,Headphones,Electronics,South,Ananya,6,2747.65
ORD-202603-00873,2026-03-17 00:00:00+00:00,CUST-2887,Wireless Mouse,Electronics,West,Ananya,3,829.58
ORD-202603-00874,2026-03-11 00:00:00+00:00,CUST-3189,Keyboard,Electronics,West,Ananya,7,1383.43
ORD-202603-00875,2026-03-05 00:00:00+00:00,CUST-0065,Office Chair,Furniture,North,Amit,4,7187.03
ORD-202603-00876,2026-03-08 00:00:00+00:00,CUST-0297,Study Table,Furniture,North,Sneha,7,5185.48
ORD-202603-00877,2026-03-16 00:00:00+00:00,CUST-3480,Mouse Pad,Accessories,Central,Ananya,1,419.0
ORD-202603-00878,2026-03-09 00:00:00+00:00,CUST-0905,Notebook,Office,West,Rahul,7,212.86
ORD-202603-00879,2026-03-19 00:00:00+00:00,CUST-3900,Study Table,Furniture,Central,Neha,3,5776.08
ORD-202603-00880,2026-03-02 00:00:00+00:00,CUST-3910,Monitor Stand,Furniture,West,Priya,3,2148.5
ORD-202603-00881,2026-03-11 00:00:00+00:00,CUST-4780,Desk Organizer,Office,East,Vikram,5,546.71
ORD-202603-00882,2026-03-18 00:00:00+00:00,CUST-0981,Mouse Pad,Accessories,South,Sneha,4,435.86
ORD-202603-00883,2026-03-23 00:00:00+00:00,CUST-1893,USB Hub,Accessories,Central,Neha,3,977.97
ORD-202603-00884,2026-03-27 00:00:00+00:00,CUST-0234,Notebook,Office,Central,Sneha,2,214.8
ORD-202603-00885,2026-03-05 00:00:00+00:00,CUST-2684,Desk Organizer,Office,East,Ananya,3,615.46
ORD-202603-00886,2026-03-09 00:00:00+00:00,CUST-2737,Monitor Stand,Furniture,East,Karan,4,2137.6
ORD-202603-00887,2026-03-20 00:00:00+00:00,CUST-0508,Pen Set,Office,South,Amit,1,305.27
ORD-202603-00888,2026-03-01 00:00:00+00:00,CUST-4993,Desk Organizer,Office,Central,Neha,6,598.07
ORD-202603-00889,2026-03-17 00:00:00+00:00,CUST-2898,Wireless Mouse,Electronics,North,Neha,2,867.88
ORD-202603-00890,2026-03-09 00:00:00+00:00,CUST-1897,Laptop Stand,Accessories,North,Sneha,1,1411.32
ORD-202603-00891,2026-03-17 00:00:00+00:00,CUST-3974,Webcam,Electronics,Central,Karan,3,2032.53
ORD-202603-00892,2026-03-24 00:00:00+00:00,CUST-2210,Office Chair,Furniture,Central,Vikram,3,6915.78
ORD-202603-00893,2026-03-06 00:00:00+00:00,CUST-3628,Webcam,Electronics,South,Karan,3,1819.98
ORD-202603-00894,2026-03-14 00:00:00+00:00,CUST-3870,Webcam,Electronics,East,Priya,7,1901.35
ORD-202603-00895,2026-03-23 00:00:00+00:00,CUST-4113,Pen Set,Office,South,Priya,5,307.21
ORD-202603-00896,2026-03-24 00:00:00+00:00,CUST-2994,Mouse Pad,Accessories,Central,Karan,2,373.68
ORD-202603-00897,2026-03-10 00:00:00+00:00,CUST-1481,USB Hub,Accessories,North,Karan,4,944.16
ORD-202603-00898,,,Webcam,Electronics,East,Neha,3,1858.98
ORD-202603-00899,2026-03-13 00:00:00+00:00,CUST-4937,Study Table,Furniture,East,Rahul,7,5723.04
ORD-202603-00900,2026-03-20 00:00:00+00:00,CUST-2739,Monitor Stand,Furniture,Central,Amit,7,1861.93
ORD-202603-00901,2026-03-22 00:00:00+00:00,CUST-2774,Wireless Mouse,Electronics,East,Priya,5,728.05
ORD-202603-00902,2026-03-23 00:00:00+00:00,CUST-2301,Monitor Stand,Furniture,South,Karan,3,1863.69
ORD-202603-00903,2026-03-10 00:00:00+00:00,CUST-2833,Office Chair,Furniture,East,Vikram,1,6551.82
ORD-202603-00904,2026-03-26 00:00:00+00:00,CUST-0082,Study Table,Furniture,West,Karan,6,5786.64
ORD-202603-00905,2026-03-25 00:00:00+00:00,CUST-3054,USB Hub,Accessories,Central,Amit,1,897.66
ORD-202603-00906,2026-03-22 00:00:00+00:00,CUST-0538,USB Hub,Accessories,North,Karan,3,946.47
ORD-202603-00907,2026-03-23 00:00:00+00:00,CUST-2768,Notebook,Office,West,Vikram,4,208.83
ORD-202603-00908,2026-03-29 00:00:00+00:00,CUST-3025,Desk Organizer,Office,,Priya,2,568.48
ORD-202603-00909,2026-03-26 00:00:00+00:00,CUST-4729,Monitor Stand,Furniture,North,Sneha,6,2163.28
ORD-202603-00910,2026-03-04 00:00:00+00:00,CUST-0745,Webcam,Electronics,South,Rahul,2,2001.19
ORD-202603-00911,2026-03-24 00:00:00+00:00,CUST-4387,Monitor Stand,Furniture,East,Rahul,6,1833.23
ORD-202603-00912,2026-03-18 00:00:00+00:00,CUST-3846,USB Hub,Accessories,Central,Karan,1,912.01
ORD-202603-00913,2026-03-14 00:00:00+00:00,CUST-3824,Pen Set,Office,Central,Neha,3,293.78
ORD-202603-00914,2026-03-14 00:00:00+00:00,CUST-2456,Office Chair,Furniture,East,Karan,3,6942.28
ORD-202603-00915,2026-03-05 00:00:00+00:00,CUST-4211,Pen Set,office,West,Vikram,7,291.05
ORD-202603-00916,2026-03-31 00:00:00+00:00,CUST-0430,Wireless Mouse,Electronics,East,Sneha,5,798.41
ORD-202603-00917,2026-03-02 00:00:00+00:00,CUST-2429,Study Table,Furniture,West,Rahul,7,5340.19
ORD-202603-00918,2026-03-18 00:00:00+00:00,CUST-4759,Wireless Mouse,Electronics,Central,Vikram,4,793.06
ORD-202603-00919,2026-03-29 00:00:00+00:00,CUST-2959,Mouse Pad,Accessories,North,Priya,7,402.57
ORD-202603-00920,2026-03-22 00:00:00+00:00,CUST-4192,Pen Set,Office,Central,Rahul,3,312.79
ORD-202603-00921,2026-03-30 00:00:00+00:00,,Webcam,Electronics,North,Sneha,1,1766.64
ORD-202603-00922,2026-03-29 00:00:00+00:00,CUST-3195,Office Chair,Furniture,Central,Neha,2,6486.0
ORD-202603-00923,2026-03-01 00:00:00+00:00,CUST-3563,Notebook,Office,East,Ananya,3,198.92
ORD-202603-00924,2026-03-05 00:00:00+00:00,CUST-3728,Laptop Stand,Accessories,North,Rahul,5,1491.5
ORD-202603-00925,2026-03-04 00:00:00+00:00,CUST-2172,Headphones,electronics,North,Amit,2,2530.92
ORD-202603-00926,2026-03-11 00:00:00+00:00,CUST-3327,Pen Set,Office,Central,Ananya,2,305.78
ORD-202603-00927,2026-03-13 00:00:00+00:00,CUST-1705,Keyboard,Electronics,West,Priya,5,1240.32
ORD-202603-00928,2026-03-11 00:00:00+00:00,CUST-0065,Study Table,Furniture,East,Neha,1,5661.48
ORD-202603-00929,2026-03-05 00:00:00+00:00,CUST-0512,Keyboard,Electronics,Central,Karan,7,1297.87
ORD-202603-00930,2026-03-04 00:00:00+00:00,CUST-3104,Keyboard,Electronics,Central,Vikram,7,1297.93
ORD-202603-00931,2026-03-16 00:00:00+00:00,CUST-2953,Headphones,Electronics,North,Amit,6,2545.93
ORD-202603-00932,2026-03-18 00:00:00+00:00,CUST-1224,Office Chair,Furniture,East,Ananya,7,7155.95
ORD-202603-00933,2026-03-10 00:00:00+00:00,CUST-2213,Office Chair,Furniture,West,Neha,2,7162.63
ORD-202603-00934,2026-03-10 00:00:00+00:00,CUST-4740,Notebook,Office,West,Priya,2,212.16
ORD-202603-00935,2026-03-16 00:00:00+00:00,CUST-4068,Office Chair,Furniture,East,Ananya,7,6998.3
ORD-202603-00936,2026-03-06 00:00:00+00:00,CUST-2046,USB Hub,Accessories,South,Sneha,2,978.3
ORD-202603-00937,2026-03-05 00:00:00+00:00,CUST-2724,Monitor Stand,Furniture,South,Priya,5,2177.48
ORD-202603-00938,2026-03-01 00:00:00+00:00,CUST-3524,Wireless Mouse,Electronics,North,Amit,5,772.69
ORD-202603-00939,2026-03-12 00:00:00+00:00,CUST-3576,Notebook,Office ,East,Karan,3,214.17
ORD-202603-00940,2026-03-01 00:00:00+00:00,CUST-0745,Laptop Stand,Accessories,,Priya,3,1475.3
ORD-202603-00941,2026-03-12 00:00:00+00:00,CUST-1402,Laptop Stand,Accessories,Central,Rahul,4,1641.2
ORD-202603-00942,2026-03-13 00:00:00+00:00,CUST-2366,Office Chair,Furniture,North,Amit,7,7597.28
ORD-202603-00943,2026-03-09 00:00:00+00:00,CUST-4515,Desk Organizer,Office,East,Amit,4,591.75
ORD-202603-00944,2026-03-19 00:00:00+00:00,CUST-0522,Notebook,Office,West,Neha,3,193.01
ORD-202603-00945,2026-03-05 00:00:00+00:00,CUST-3617,Study Table,Furniture,East,Vikram,5,5703.59
ORD-202603-00946,2026-03-07 00:00:00+00:00,CUST-2033,Headphones,Electronics,North,Sneha,1,2432.81
ORD-202603-00947,2026-03-30 00:00:00+00:00,CUST-2012,Wireless Mouse,Electronics,West,Neha,3,824.63
ORD-202603-00948,2026-03-29 00:00:00+00:00,CUST-2802,Webcam,Electronics,North,Karan,4,1869.12
ORD-202603-00949,2026-03-04 00:00:00+00:00,CUST-0990,Keyboard,Electronics,West,Sneha,5,1299.49
ORD-202603-00950,2026-03-07 00:00:00+00:00,CUST-3163,Study Table,Furniture,South,Neha,1,5365.61
ORD-202603-00951,2026-03-18 00:00:00+00:00,CUST-2464,Mouse Pad,Accessories,West,Vikram,3,422.68
ORD-202603-00952,2026-03-09 00:00:00+00:00,CUST-1978,USB Hub,Accessories,North,Neha,4,917.23
ORD-202603-00953,2026-03-06 00:00:00+00:00,CUST-0733,Mouse Pad,Accessories,West,Karan,1,413.62
ORD-202603-00954,2026-03-10 00:00:00+00:00,CUST-0795,Keyboard,Electronics,North,Amit,5,1382.38
ORD-202603-00955,2026-03-31 00:00:00+00:00,CUST-1019,Pen Set,Office,South,Sneha,6,316.71
ORD-202603-00956,2026-03-05 00:00:00+00:00,CUST-3299,Monitor Stand,Furniture,West,Neha,7,2002.81
ORD-202603-00957,2026-03-20 00:00:00+00:00,CUST-1959,Keyboard,Electronics,South,Priya,5,1235.14
ORD-202603-00958,2026-03-31 00:00:00+00:00,CUST-0060,Webcam,Electronics,East,Rahul,3,1847.12
ORD-202603-00959,2026-03-26 00:00:00+00:00,CUST-4370,Office Chair,Furniture,East,Vikram,5,7071.84
ORD-202603-00960,2026-03-23 00:00:00+00:00,CUST-4044,Office Chair,Furniture,South,Amit,5,6633.32
ORD-202603-00961,2026-03-10 00:00:00+00:00,CUST-3504,Webcam,Electronics,East,,1,2005.66
ORD-202603-00962,2026-03-10 00:00:00+00:00,CUST-3377,Wireless Mouse,Electronics,South,Karan,1,755.75
ORD-202603-00963,2026-03-19 00:00:00+00:00,CUST-3268,Desk Organizer,Office,East,Vikram,7,579.26
ORD-202603-00964,2026-03-31 00:00:00+00:00,CUST-3872,Webcam,Electronics,West,Ananya,7,1949.41
ORD-202603-00965,2026-03-11 00:00:00+00:00,CUST-4633,Office Chair,Furniture,West,,3,7275.73
ORD-202603-00966,2026-03-20 00:00:00+00:00,CUST-4869,Laptop Stand,Accessories,south,Sneha,3,1467.41
ORD-202603-00967,2026-03-31 00:00:00+00:00,CUST-1443,Monitor Stand,furniture,West,Neha,1,2101.23
ORD-202603-00968,2026-03-24 00:00:00+00:00,CUST-1636,Study Table,Furniture,West,Neha,2,5941.09
ORD-202603-00969,2026-03-30 00:00:00+00:00,CUST-0835,Wireless Mouse,Electronics,East,Rahul,1,745.37
ORD-202603-00970,2026-03-11 00:00:00+00:00,CUST-2664,Desk Organizer,Office,West,Neha,1,648.82
ORD-202603-00971,2026-03-22 00:00:00+00:00,CUST-2072,Desk Organizer,Office,East,Amit,6,603.56
ORD-202603-00972,2026-03-07 00:00:00+00:00,CUST-3164,Laptop Stand,Accessories,North,Vikram,6,1483.66
ORD-202603-00973,2026-03-02 00:00:00+00:00,CUST-3095,Study Table,Furniture,East,Rahul,6,5824.36
ORD-202603-00974,2026-03-14 00:00:00+00:00,CUST-2930,Office Chair,Furniture,Central,Sneha,1,7396.65
ORD-202603-00975,2026-03-25 00:00:00+00:00,CUST-0080,Webcam,Electronics,,Priya,3,1968.33
ORD-202603-00976,2026-03-13 00:00:00+00:00,CUST-3169,Office Chair,Furniture,East,Priya,5,6870.93
ORD-202603-00977,2026-03-09 00:00:00+00:00,CUST-0727,Desk Organizer,Office,West,Ananya,4,571.12
ORD-202603-00978,2026-03-31 00:00:00+00:00,CUST-4710,Mouse Pad,Accessories,Central,Amit,3,387.86
ORD-202603-00979,2026-03-13 00:00:00+00:00,CUST-0184,Study Table,Furniture,East,Ananya,3,5579.6
ORD-202603-00980,2026-03-05 00:00:00+00:00,CUST-2420,Mouse Pad,Accessories,South,Ananya,5,404.11
ORD-202603-00981,2026-03-06 00:00:00+00:00,CUST-1974,Webcam,Electronics ,West,Vikram,6,2060.02
ORD-202603-00982,2026-03-05 00:00:00+00:00,CUST-4309,Mouse Pad,Accessories,West,Vikram,7,395.54
ORD-202603-00983,2026-03-31 00:00:00+00:00,CUST-0048,Mouse Pad,Accessories,West,Karan,5,412.3
ORD-202603-00984,2026-03-20 00:00:00+00:00,CUST-3157,Headphones,Electronics,West,Vikram,2,2578.99
ORD-202603-00985,2026-03-01 00:00:00+00:00,CUST-4120,Notebook,Office,Central,Karan,7,208.22
ORD-202603-00986,2026-03-18 00:00:00+00:00,CUST-3913,Office Chair,Furniture,South,Sneha,5,7686.94
ORD-202603-00987,2026-03-13 00:00:00+00:00,CUST-1461,Study Table,Furniture,South,Rahul,6,5831.17
ORD-202603-00988,2026-03-17 00:00:00+00:00,CUST-1640,Desk Organizer,Office,Central,Sneha,3,543.85
ORD-202603-00989,2026-03-27 00:00:00+00:00,CUST-1061,Mouse Pad,Accessories,North,Vikram,4,423.87
ORD-202603-00990,2026-03-13 00:00:00+00:00,CUST-1646,Study Table,Furniture,Central,Neha,4,6048.78
ORD-202603-00991,2026-03-10 00:00:00+00:00,CUST-2127,Monitor Stand,Furniture,South,Karan,6,1814.26
ORD-202603-00992,2026-03-12 00:00:00+00:00,,Office Chair,Furniture,West,Ananya,1,7135.04
ORD-202603-00993,2026-03-22 00:00:00+00:00,CUST-4459,Office Chair,Furniture,Central,Ananya,4,7138.15
ORD-202603-00994,2026-03-03 00:00:00+00:00,CUST-4165,Office Chair,Furniture,Central,Neha,2,7033.87
ORD-202603-00995,2026-03-20 00:00:00+00:00,CUST-2020,Mouse Pad,Accessories,West,Amit,2,428.95
ORD-202603-00996,2026-03-25 00:00:00+00:00,CUST-2532,Office Chair,Furniture,South,Vikram,6,7438.99
ORD-202603-00997,2026-03-31 00:00:00+00:00,CUST-2526,Laptop Stand,Accessories,South,Karan,4,1400.68
ORD-202603-00998,2026-03-14 00:00:00+00:00,CUST-2304,Monitor Stand,Furniture,West,Karan,3,1840.28
ORD-202603-00999,2026-03-15 00:00:00+00:00,CUST-0990,Study Table,Furniture,West,Amit,5,5132.31
ORD-202603-01000,2026-03-28 00:00:00+00:00,CUST-1256,Notebook,Office,South,Rahul,1,214.39
ORD-202603-01001,2026-03-25 00:00:00+00:00,CUST-2902,Desk Organizer,Office,East,Ananya,7,550.89
ORD-202603-01002,2026-03-16 00:00:00+00:00,CUST-1038,Office Chair,Furniture,Central,Amit,3,7203.61
ORD-202603-01003,2026-03-12 00:00:00+00:00,CUST-0379,Notebook,Office,North,Sneha,1,206.29
ORD-202603-01004,2026-03-29 00:00:00+00:00,CUST-1129,Office Chair,Furniture,East,Ananya,5,6604.42
ORD-202603-01005,2026-03-13 00:00:00+00:00,CUST-4553,Desk Organizer,Office,East,Karan,6,566.63
ORD-202603-01006,2026-03-29 00:00:00+00:00,,Webcam,Electronics,Central,Rahul,7,2026.5
ORD-202603-01007,2026-03-14 00:00:00+00:00,CUST-0276,Keyboard,Electronics,South,Vikram,6,1278.24
ORD-202603-01008,2026-03-18 00:00:00+00:00,CUST-1333,Notebook,Office,North,Rahul,6,198.98
ORD-202603-01009,2026-03-17 00:00:00+00:00,CUST-4020,Wireless Mouse,Electronics,East,Amit,3,782.57
ORD-202603-01010,2026-03-25 00:00:00+00:00,CUST-2232,Desk Organizer,Office,South,Priya,6,561.05
ORD-202603-01011,2026-03-25 00:00:00+00:00,,Pen Set,Office,,Priya,1,295.37
ORD-202603-01012,2026-03-04 00:00:00+00:00,CUST-3410,Keyboard,Electronics,West,Sneha,7,1239.07
ORD-202603-01013,2026-03-26 00:00:00+00:00,CUST-3266,Laptop Stand,Accessories,South,Amit,6,1439.09
ORD-202603-01014,2026-03-04 00:00:00+00:00,CUST-3228,Mouse Pad,Accessories,South,Karan,-1,375.2
ORD-202603-01015,2026-03-26 00:00:00+00:00,CUST-1928,Desk Organizer,Office,North,Vikram,7,614.16
ORD-202603-01016,2026-03-22 00:00:00+00:00,CUST-3855,Wireless Mouse,Electronics,North,Ananya,4,764.94
ORD-202603-01017,2026-03-19 00:00:00+00:00,CUST-1208,Notebook,Office,East,Ananya,3,185.69
ORD-202603-01018,2026-03-02 00:00:00+00:00,CUST-1896,Webcam,Electronics,West,Vikram,4,2016.14
ORD-202603-01019,2026-03-27 00:00:00+00:00,CUST-4503,USB Hub,Accessories,West,Sneha,1,912.64
ORD-202603-01020,2026-03-23 00:00:00+00:00,CUST-1663,Mouse Pad,Accessories,North,Amit,7,427.64
ORD-202603-01021,2026-03-18 00:00:00+00:00,CUST-0607,Headphones,Electronics,North,Vikram,4,2639.66
ORD-202603-01022,2026-03-08 00:00:00+00:00,CUST-2514,Webcam,Electronics,East,Sneha,1,1850.32
ORD-202603-01023,2026-03-24 00:00:00+00:00,CUST-3378,USB Hub,Accessories,North,Vikram,5,910.09
ORD-202603-01024,2026-03-08 00:00:00+00:00,CUST-3174,Office Chair,Furniture,Central,Priya,4,7680.7
ORD-202603-01025,2026-03-14 00:00:00+00:00,CUST-1289,Webcam,Electronics,East,Priya,7,1845.08
ORD-202603-01026,2026-03-12 00:00:00+00:00,CUST-4974,Pen Set,Office,East,Ananya,6,283.42
ORD-202603-01027,2026-03-13 00:00:00+00:00,CUST-3700,Laptop Stand,Accessories,West,Ananya,2,1398.02
ORD-202603-01028,2026-03-29 00:00:00+00:00,CUST-2938,Webcam,Electronics,East,Vikram,1,2066.08
ORD-202603-01029,2026-03-24 00:00:00+00:00,CUST-3705,Keyboard,Electronics,North,Amit,4,1233.94
ORD-202603-01030,2026-03-23 00:00:00+00:00,CUST-3839,Wireless Mouse,Electronics,South,Rahul,6,867.33
ORD-202603-01031,2026-03-22 00:00:00+00:00,CUST-2878,Laptop Stand,Accessories,South,Neha,6,1526.53
ORD-202603-01032,2026-03-24 00:00:00+00:00,CUST-4623,Webcam,Electronics,North,Neha,6,1933.21
ORD-202603-01033,2026-03-23 00:00:00+00:00,CUST-1433,Desk Organizer,Office,East,Vikram,6,587.05
ORD-202603-01034,2026-03-25 00:00:00+00:00,CUST-0017,Mouse Pad,Accessories,North,Vikram,4,390.7
ORD-202603-01035,2026-03-02 00:00:00+00:00,CUST-2931,Wireless Mouse,Electronics,North,Neha,6,770.36
ORD-202603-01036,2026-03-26 00:00:00+00:00,CUST-1271,Desk Organizer,Office,Central,Ananya,6,626.48
ORD-202603-01037,2026-03-10 00:00:00+00:00,CUST-4120,USB Hub,Accessories,North,Ananya,1,941.93
ORD-202603-01038,2026-03-06 00:00:00+00:00,CUST-0017,Notebook,Office,North,Ananya,1,200.24
ORD-202603-01039,2026-03-07 00:00:00+00:00,CUST-3930,Keyboard,Electronics,East,Rahul,2,1285.73
ORD-202603-01040,2026-03-30 00:00:00+00:00,CUST-4518,Wireless Mouse,Electronics,Central,Amit,7,820.67
ORD-202603-01041,2026-03-26 00:00:00+00:00,CUST-4636,Keyboard,Electronics,South,Sneha,7,1296.77
ORD-202603-01042,2026-03-13 00:00:00+00:00,CUST-1938,Mouse Pad,Accessories,South,Karan,1,424.87
ORD-202603-01043,2026-03-29 00:00:00+00:00,,Study Table,Furniture,West,Rahul,7,5020.75
ORD-202603-01044,2026-03-18 00:00:00+00:00,CUST-2901,Monitor Stand,Furniture,Central,Ananya,1,2159.96
ORD-202603-01045,2026-03-27 00:00:00+00:00,CUST-0113,Office Chair,Furniture,South,Rahul,6,7033.29
ORD-202603-01046,2026-03-26 00:00:00+00:00,CUST-2417,Study Table,Furniture,North,Karan,4,5509.13
ORD-202603-01047,2026-03-08 00:00:00+00:00,CUST-3585,Desk Organizer,Office,South,Priya,5,585.94
ORD-202603-01048,2026-03-27 00:00:00+00:00,CUST-3767,Desk Organizer,Office,Central,Rahul,6,602.87
ORD-202603-01049,2026-03-30 00:00:00+00:00,CUST-1895,USB Hub,Accessories,South,Vikram,7,848.71
ORD-202603-01050,2026-03-16 00:00:00+00:00,CUST-1841,Webcam,Electronics,Central,Ananya,5,1897.98
ORD-202603-01051,2026-03-11 00:00:00+00:00,CUST-3235,Pen Set,Office,East,Rahul,4,292.91
ORD-202603-01052,2026-03-17 00:00:00+00:00,CUST-0062,Wireless Mouse,Electronics,East,Vikram,4,766.08
ORD-202603-01053,2026-03-27 00:00:00+00:00,CUST-4255,Headphones,Electronics,West,Neha,7,2355.15
ORD-202603-01054,2026-03-13 00:00:00+00:00,CUST-1795,USB Hub,Accessories,Central,,6,963.77
ORD-202603-01055,2026-03-02 00:00:00+00:00,CUST-2921,Pen Set,Office,West,Karan,5,319.94
ORD-202603-01056,2026-03-02 00:00:00+00:00,,Laptop Stand,Accessories,South,Priya,5,1494.54
ORD-202603-01057,2026-03-24 00:00:00+00:00,CUST-1999,Office Chair,Furniture,South,Ananya,3,6623.1
ORD-202603-01058,2026-03-21 00:00:00+00:00,CUST-2028,Pen Set,Office,North,Vikram,6,296.03
ORD-202603-01059,2026-03-07 00:00:00+00:00,CUST-3886,Webcam,Electronics,East,Ananya,6,2060.66
ORD-202603-01060,2026-03-21 00:00:00+00:00,CUST-1366,Wireless Mouse,Electronics,Central,Karan,1,843.65
ORD-202603-01061,2026-03-10 00:00:00+00:00,CUST-4753,Webcam,Electronics, South,Karan,6,2015.81
ORD-202603-01062,2026-03-15 00:00:00+00:00,CUST-0483,Monitor Stand,Furniture,South,Rahul,7,2080.06
ORD-202603-01063,2026-03-07 00:00:00+00:00,CUST-2099,Headphones,Electronics,Central,Neha,6,2610.96
ORD-202603-01064,2026-03-02 00:00:00+00:00,CUST-0141,Desk Organizer,Office,North,Karan,7,557.03
ORD-202603-01065,,CUST-1973,Pen Set,Office,South,,6,289.84
ORD-202603-01066,2026-03-18 00:00:00+00:00,CUST-4556,Monitor Stand,Furniture,,Karan,7,2131.72
ORD-202603-01067,2026-03-30 00:00:00+00:00,CUST-2803,Monitor Stand,Furniture,Central,Sneha,5,1869.97
ORD-202603-01068,2026-03-04 00:00:00+00:00,CUST-0330,Study Table,Furniture,Central,Karan,3,5031.76
ORD-202603-01069,2026-03-13 00:00:00+00:00,CUST-3409,Laptop Stand,Accessories,Central,Karan,4,1602.85
ORD-202603-01070,2026-03-15 00:00:00+00:00,CUST-1986,USB Hub,Accessories,Central,Priya,7,949.48
ORD-202603-01071,2026-03-02 00:00:00+00:00,CUST-0614,Mouse Pad,Accessories,North,Ananya,5,371.72
ORD-202603-01072,2026-03-25 00:00:00+00:00,CUST-0392,Pen Set,Office,North,Vikram,1,300.68
ORD-202603-01073,2026-03-31 00:00:00+00:00,CUST-2199,Keyboard,Electronics,Central,Vikram,3,1179.93
ORD-202603-01074,2026-03-08 00:00:00+00:00,CUST-0556,Office Chair,Furniture,South,Sneha,1,6507.0
ORD-202603-01075,2026-03-28 00:00:00+00:00,CUST-3251,Pen Set,Office,North,Rahul,7,284.48
ORD-202603-01076,2026-03-29 00:00:00+00:00,CUST-3238,Headphones,Electronics,East,Rahul,3,2600.96
ORD-202603-01077,2026-03-13 00:00:00+00:00,CUST-4403,Wireless Mouse,Electronics,Central,Priya,1,767.83
ORD-202603-01078,2026-03-22 00:00:00+00:00,CUST-4620,Wireless Mouse,Electronics,West,Amit,7,848.61
ORD-202603-01079,2026-03-14 00:00:00+00:00,CUST-4665,Laptop Stand,Accessories,East,Priya,6,1356.16
ORD-202603-01080,2026-03-08 00:00:00+00:00,CUST-1742,Webcam,Electronics,North,Vikram,7,1710.74
ORD-202603-01081,2026-03-09 00:00:00+00:00,CUST-1274,Keyboard,Electronics,West,Rahul,3,1246.99
ORD-202603-01082,2026-03-08 00:00:00+00:00,CUST-3729,USB Hub,Accessories,North,Rahul,4,940.52
ORD-202603-01083,2026-03-31 00:00:00+00:00,CUST-2123,Wireless Mouse,Electronics,North,Sneha,4,871.16
ORD-202603-01084,2026-03-03 00:00:00+00:00,CUST-3903,Pen Set,Office,West,Ananya,6,287.96
ORD-202603-01085,2026-03-14 00:00:00+00:00,CUST-4137,USB Hub,Accessories,North,Priya,6,909.23
ORD-202603-01086,2026-03-28 00:00:00+00:00,CUST-3202,Webcam,Electronics,North,Sneha,4,1724.8
ORD-202603-01087,2026-03-16 00:00:00+00:00,CUST-2357,USB Hub,Accessories,Central,Ananya,4,809.33
ORD-202603-01088,2026-03-02 00:00:00+00:00,CUST-4344,USB Hub,Accessories,East,Neha,1,811.93
ORD-202603-01089,2026-03-12 00:00:00+00:00,CUST-2543,Office Chair,Furniture,West,Rahul,2,6435.34
ORD-202603-01090,2026-03-20 00:00:00+00:00,CUST-0934,Pen Set,Office,West,Karan,5,321.39
ORD-202603-01091,2026-03-04 00:00:00+00:00,CUST-0552,Webcam,Electronics,Central,Neha,4,1952.7
ORD-202603-01092,2026-03-24 00:00:00+00:00,CUST-0376,Office Chair,Furniture,West,Ananya,2,7556.56
ORD-202603-01093,2026-03-21 00:00:00+00:00,CUST-0527,Laptop Stand,Accessories,West,,1,1599.4
ORD-202603-01094,2026-03-08 00:00:00+00:00,CUST-2281,Headphones,Electronics,East,Ananya,5,2631.49
ORD-202603-01095,2026-03-25 00:00:00+00:00,CUST-2950,Desk Organizer,Office,North,Karan,7,581.47
ORD-202603-01096,2026-03-12 00:00:00+00:00,CUST-2671,Office Chair,Furniture,West,,2,6486.69
ORD-202603-01097,2026-03-13 00:00:00+00:00,CUST-1827,Wireless Mouse,Electronics,east,Amit,4,735.62
ORD-202603-01098,2026-03-10 00:00:00+00:00,CUST-1861,Monitor Stand,Furniture,East,Ananya,2,1809.1
ORD-202603-01099,2026-03-12 00:00:00+00:00,CUST-2616,Pen Set,Office,South,Rahul,6,279.73
ORD-202603-01100,2026-03-25 00:00:00+00:00,CUST-4610,USB Hub,Accessories,Central,Karan,5,812.54
ORD-202603-01101,2026-03-01 00:00:00+00:00,CUST-3628,Desk Organizer,Office,West ,Neha,3,621.5
ORD-202603-01102,2026-03-31 00:00:00+00:00,CUST-0618,Notebook,Office,East,Amit,4,194.58
ORD-202603-01103,2026-03-24 00:00:00+00:00,CUST-1376,Monitor Stand,Furniture,North,,4,2010.26
ORD-202603-01104,2026-03-31 00:00:00+00:00,CUST-4665,Wireless Mouse,Electronics,East,Sneha,6,795.62
ORD-202603-01105,2026-03-21 00:00:00+00:00,CUST-4317,Mouse Pad,Accessories,South,Sneha,4,381.72
ORD-202603-01106,2026-03-03 00:00:00+00:00,CUST-2113,Desk Organizer,Office,East,Neha,5,552.82
ORD-202603-01107,2026-03-24 00:00:00+00:00,CUST-1281,Wireless Mouse,Electronics,North,Ananya,4,805.76
ORD-202603-01108,2026-03-22 00:00:00+00:00,CUST-4167,Study Table,Furniture,East,Karan,3,5899.05
ORD-202603-01109,2026-03-15 00:00:00+00:00,CUST-4154,Laptop Stand,Accessories,Central,Neha,5,1573.86
ORD-202603-01110,2026-03-19 00:00:00+00:00,CUST-1890,Wireless Mouse,Electronics,South,Ananya,6,867.95
ORD-202603-01111,2026-03-11 00:00:00+00:00,CUST-0458,USB Hub,Accessories,East,Karan,7,873.1
ORD-202603-01112,2026-03-29 00:00:00+00:00,CUST-2541,Office Chair,Furniture,East,Karan,1,7482.92
ORD-202603-01113,2026-03-28 00:00:00+00:00,CUST-3092,Monitor Stand,Furniture,Central,Vikram,7,2087.98
ORD-202603-01114,2026-03-18 00:00:00+00:00,CUST-3441,Keyboard,Electronics,Central,Amit,6,1414.09
ORD-202603-01115,2026-03-30 00:00:00+00:00,CUST-4535,USB Hub,Accessories,Central,Ananya,2,860.84
ORD-202603-01116,2026-03-15 00:00:00+00:00,CUST-2370,Office Chair,Furniture,East,Ananya,3,7424.02
ORD-202603-01117,2026-03-07 00:00:00+00:00,,Wireless Mouse,Electronics,East,Neha,5,800.3
ORD-202603-01118,2026-03-14 00:00:00+00:00,CUST-4371,Notebook,Office,West,Rahul,3,196.48
ORD-202603-01119,2026-03-29 00:00:00+00:00,,Notebook,Office,North,Neha,3,197.64
ORD-202603-01120,2026-03-27 00:00:00+00:00,CUST-2686,Laptop Stand,Accessories,West,Neha,4,1478.79
ORD-202603-01121,2026-03-01 00:00:00+00:00,CUST-0740,Laptop Stand,Accessories,South,Priya,5,1612.04
ORD-202603-01122,2026-03-21 00:00:00+00:00,CUST-0091,Monitor Stand,Furniture,East,Priya,7,2176.68
ORD-202603-01123,2026-03-25 00:00:00+00:00,CUST-0199,Laptop Stand,Accessories,West,Rahul,-1,1547.86
ORD-202603-01124,2026-03-03 00:00:00+00:00,CUST-3993,Notebook,Office,East,Vikram,2,186.77
ORD-202603-01125,2026-03-18 00:00:00+00:00,CUST-4322,Desk Organizer,Office,South,Amit,2,589.48
ORD-202603-01126,2026-03-29 00:00:00+00:00,CUST-2471,Wireless Mouse,Electronics,North,Ananya,7,775.92
ORD-202603-01127,2026-03-12 00:00:00+00:00,CUST-4920,Office Chair,Furniture,East,Amit,7,7238.35
ORD-202603-01128,2026-03-22 00:00:00+00:00,CUST-3367,Desk Organizer,Office ,North,Priya,5,547.53
ORD-202603-01129,2026-03-12 00:00:00+00:00,CUST-0233,Headphones,Electronics,Central,Sneha,5,2576.03
ORD-202603-01130,2026-03-05 00:00:00+00:00,CUST-1618,Headphones,Electronics, Central,Priya,2,2482.41
ORD-202603-01131,2026-03-13 00:00:00+00:00,CUST-3306,Notebook,Office,West,Priya,5,189.49
ORD-202603-01132,2026-03-15 00:00:00+00:00,CUST-3495,Monitor Stand,Furniture,South,Sneha,5,1824.5
ORD-202603-01133,2026-03-14 00:00:00+00:00,CUST-3567,Study Table,Furniture,West,Amit,3,5007.36
ORD-202603-01134,2026-03-08 00:00:00+00:00,CUST-3612,Headphones,Electronics,East,Priya,6,2695.01
ORD-202603-01135,2026-03-30 00:00:00+00:00,CUST-3107,Notebook,Office,South,Vikram,3,202.05
ORD-202603-01136,2026-03-19 00:00:00+00:00,,Mouse Pad,Accessories,East,Rahul,4,403.12
ORD-202603-01137,2026-03-20 00:00:00+00:00,CUST-2986,Pen Set,Office,North,Vikram,1,270.15
ORD-202603-01138,2026-03-18 00:00:00+00:00,CUST-1824,Mouse Pad,Accessories,North,Sneha,1,420.63
ORD-202603-01139,2026-03-11 00:00:00+00:00,CUST-0942,Notebook,Office,South,Neha,5,187.48
ORD-202603-01140,2026-03-31 00:00:00+00:00,CUST-1099,Notebook,Office,,Neha,6,194.36
ORD-202603-01141,2026-03-13 00:00:00+00:00,CUST-2167,Wireless Mouse,electronics,Central,Rahul,4,822.43
ORD-202603-01142,2026-03-02 00:00:00+00:00,CUST-2410,Mouse Pad,Accessories,Central,Rahul,6,369.84
ORD-202603-01143,2026-03-14 00:00:00+00:00,CUST-0495,Keyboard,Electronics,South,Vikram,6,1376.08
ORD-202603-01144,2026-03-14 00:00:00+00:00,CUST-3459,USB Hub,Accessories,South,Amit,6,959.28
ORD-202603-01145,2026-03-13 00:00:00+00:00,CUST-1976,Notebook,Office,West,Priya,6,199.78
ORD-202603-01146,2026-03-06 00:00:00+00:00,CUST-2409,Desk Organizer,Office,South,Karan,6,582.88
ORD-202603-01147,2026-03-15 00:00:00+00:00,CUST-3436,Study Table,Furniture,West,Neha,6,5226.13
ORD-202603-01148,2026-03-01 00:00:00+00:00,CUST-4309,Headphones,Electronics,North,Ananya,3,2610.94
ORD-202603-01149,2026-03-11 00:00:00+00:00,CUST-2830,Notebook,Office,East,Karan,3,-100.0
ORD-202603-01150,2026-03-25 00:00:00+00:00,,Office Chair,Furniture,North,Rahul,4,7432.27
ORD-202603-01151,2026-03-23 00:00:00+00:00,CUST-3541,Laptop Stand,Accessories,West,Neha,4,1568.69
ORD-202603-01152,2026-03-24 00:00:00+00:00,CUST-4900,Wireless Mouse,Electronics,West,Vikram,5,775.5
ORD-202603-01153,2026-03-05 00:00:00+00:00,CUST-2075,Monitor Stand,Furniture,East,Ananya,4,1890.61
ORD-202603-01154,2026-03-29 00:00:00+00:00,CUST-0630,Office Chair,Furniture,Central,Amit,2,6799.87
ORD-202603-01155,2026-03-06 00:00:00+00:00,CUST-1219,Desk Organizer,Office,West,Vikram,3,580.11
ORD-202603-01156,2026-03-19 00:00:00+00:00,CUST-1218,Desk Organizer,Office,South,Priya,5,653.71
ORD-202603-01157,2026-03-31 00:00:00+00:00,CUST-1678,Webcam,Electronics,East,Neha,1,1947.35
ORD-202603-01158,2026-03-08 00:00:00+00:00,CUST-1473,Office Chair,Furniture,East,Karan,1,7219.55
ORD-202603-01159,2026-03-03 00:00:00+00:00,CUST-2502,Monitor Stand,Furniture,West,Priya,7,1912.47
ORD-202603-01160,2026-03-12 00:00:00+00:00,CUST-4644,Webcam,Electronics,West,Sneha,6,1847.46
ORD-202603-01161,2026-03-01 00:00:00+00:00,CUST-0556,Mouse Pad,Accessories,West,Rahul,5,396.3
ORD-202603-01162,2026-03-19 00:00:00+00:00,CUST-3907,Study Table,Furniture,North,Karan,1,6023.29
ORD-202603-01163,2026-03-25 00:00:00+00:00,CUST-2839,Headphones,Electronics,North,Priya,2,2582.76
ORD-202603-01164,2026-03-20 00:00:00+00:00,CUST-0607,Pen Set,Office,South,Ananya,6,278.31
ORD-202603-01165,2026-03-08 00:00:00+00:00,CUST-3996,Wireless Mouse,Electronics,North,Karan,6,877.45
ORD-202603-01166,2026-03-02 00:00:00+00:00,CUST-2192,Monitor Stand,Furniture,East,Ananya,2,1906.76
ORD-202603-01167,2026-03-10 00:00:00+00:00,CUST-3330,Wireless Mouse,Electronics,South,Sneha,1,818.45
ORD-202603-01168,2026-03-29 00:00:00+00:00,CUST-4647,Wireless Mouse,Electronics,West,Amit,7,858.95
ORD-202603-01169,2026-03-12 00:00:00+00:00,CUST-0749,USB Hub,Accessories,West,Sneha,6,919.81
ORD-202603-01170,2026-03-29 00:00:00+00:00,CUST-1032,Office Chair,Furniture,Central,Vikram,5,7595.2
ORD-202603-01171,2026-03-31 00:00:00+00:00,CUST-0919,Headphones,Electronics,North,Priya,7,2672.98
ORD-202603-01172,2026-03-25 00:00:00+00:00,CUST-2768,Pen Set,Office,East,Ananya,4,271.19
ORD-202603-01173,2026-03-08 00:00:00+00:00,CUST-4892,Laptop Stand,Accessories,West,Neha,1,1555.01
ORD-202603-01174,2026-03-08 00:00:00+00:00,CUST-3447,Monitor Stand,Furniture,South,Karan,1,2087.3
ORD-202603-01175,2026-03-05 00:00:00+00:00,CUST-2928,Mouse Pad,Accessories,Central,Ananya,7,388.77
ORD-202603-01176,2026-03-11 00:00:00+00:00,CUST-0325,USB Hub,Accessories,West,Ananya,5,972.63
ORD-202603-01177,2026-03-15 00:00:00+00:00,CUST-1675,Wireless Mouse,Electronics,East,Karan,6,847.09
ORD-202603-01178,2026-03-22 00:00:00+00:00,CUST-2160,Webcam,Electronics,North,Rahul,3,1848.51
ORD-202603-01179,2026-03-02 00:00:00+00:00,,Wireless Mouse,Electronics,East,Priya,1,754.75
ORD-202603-01180,2026-03-10 00:00:00+00:00,CUST-4591,Study Table,Furniture,North,Vikram,6,5182.9
ORD-202603-01181,2026-03-11 00:00:00+00:00,CUST-1759,Mouse Pad,Accessories,South,Priya,6,376.7
ORD-202603-01182,2026-03-13 00:00:00+00:00,CUST-0059,Laptop Stand,Accessories,South,Karan,6,1525.75
ORD-202603-01183,2026-03-19 00:00:00+00:00,CUST-2111,Webcam,Electronics,North,Sneha,4,1953.22
ORD-202603-01184,2026-03-21 00:00:00+00:00,CUST-3167,Desk Organizer,Office,North,Neha,5,556.94
ORD-202603-01185,2026-03-30 00:00:00+00:00,CUST-1914,Pen Set,Office,Central,Karan,3,301.9
ORD-202603-01186,2026-03-02 00:00:00+00:00,CUST-4371,Laptop Stand,Accessories,East,Neha,2,1424.14
ORD-202603-01187,2026-03-06 00:00:00+00:00,CUST-3998,Webcam,Electronics,North,Sneha,1,2054.87
ORD-202603-01188,2026-03-05 00:00:00+00:00,CUST-2150,Monitor Stand,Furniture,South,Amit,2,2141.45
ORD-202603-01189,2026-03-09 00:00:00+00:00,CUST-4541,Wireless Mouse,Electronics,East,Sneha,4,737.58
ORD-202603-01190,2026-03-02 00:00:00+00:00,CUST-1295,Mouse Pad, Accessories,Central,Vikram,4,379.23
ORD-202603-01191,2026-03-12 00:00:00+00:00,CUST-4631,Monitor Stand,Furniture,East,Sneha,4,2176.72
ORD-202603-01192,2026-03-09 00:00:00+00:00,CUST-3634,Laptop Stand,Accessories,North,Ananya,4,1438.74
ORD-202603-01193,2026-03-17 00:00:00+00:00,CUST-0804,Wireless Mouse,Electronics,East,Ananya,2,849.47
ORD-202603-01194,2026-03-15 00:00:00+00:00,CUST-1835,Office Chair,Furniture,West,Rahul,5,6369.74
ORD-202603-01195,2026-03-21 00:00:00+00:00,CUST-3311,Study Table,Furniture,North,Ananya,4,5375.6
ORD-202603-01196,2026-03-27 00:00:00+00:00,CUST-1673,Wireless Mouse,Electronics,West,Karan,4,817.34
ORD-202603-01197,2026-03-04 00:00:00+00:00,CUST-4029,Laptop Stand,Accessories,South,Ananya,5,1468.88
ORD-202603-01198,2026-03-06 00:00:00+00:00,CUST-1303,Keyboard,Electronics,Central,Sneha,4,1374.51
ORD-202603-01199,2026-03-23 00:00:00+00:00,CUST-4579,Study Table,Furniture,East,Amit,4,6026.82
ORD-202603-01200,2026-03-12 00:00:00+00:00,CUST-4804,Office Chair,furniture,East,Priya,4,7017.94
ORD-202603-01201,2026-03-29 00:00:00+00:00,CUST-0510,Office Chair,Furniture,West,Neha,3,6948.09
ORD-202603-01202,2026-03-01 00:00:00+00:00,CUST-3727,Laptop Stand,Accessories,Central,Vikram,4,1560.31
ORD-202603-01203,2026-03-04 00:00:00+00:00,CUST-3340,Desk Organizer,Office,North,Vikram,5,629.39
ORD-202603-01204,2026-03-15 00:00:00+00:00,CUST-0694,Headphones,Electronics,South,Rahul,7,2278.99
ORD-202603-01205,2026-03-16 00:00:00+00:00,CUST-3284,Keyboard,Electronics,North,Priya,1,1282.79
ORD-202603-01206,2026-03-01 00:00:00+00:00,CUST-1488,Notebook,Office,North,Priya,2,198.99
ORD-202603-01207,2026-03-16 00:00:00+00:00,CUST-4053,Monitor Stand,Furniture,East,,1,1922.01
ORD-202603-01208,2026-03-10 00:00:00+00:00,,Webcam,Electronics,East,Vikram,1,1997.4
ORD-202603-01209,2026-03-20 00:00:00+00:00,CUST-0004,Mouse Pad,Accessories,West,Amit,6,429.88
ORD-202603-01210,,CUST-4149,Monitor Stand,Furniture,West,Neha,2,2137.07
ORD-202603-01211,2026-03-19 00:00:00+00:00,CUST-4907,USB Hub,Accessories,Central,Neha,3,923.05
ORD-202603-01212,2026-03-30 00:00:00+00:00,CUST-1761,Office Chair,Furniture,South,Vikram,3,7410.82
ORD-202603-01213,2026-03-18 00:00:00+00:00,CUST-4910,Pen Set,Office,East,Karan,7,283.01
ORD-202603-01214,2026-03-12 00:00:00+00:00,CUST-3546,Study Table,Furniture,North,Ananya,5,4977.34
ORD-202603-01215,2026-03-04 00:00:00+00:00,CUST-2836,Laptop Stand,Accessories,East,Sneha,1,1503.03
ORD-202603-01216,2026-03-09 00:00:00+00:00,CUST-0505,Office Chair,Furniture,North,Neha,6,6873.0
ORD-202603-01217,2026-03-11 00:00:00+00:00,CUST-2489,Office Chair,Furniture,Central,Karan,7,7533.32
ORD-202603-01218,2026-03-24 00:00:00+00:00,CUST-0745,Study Table,Furniture,East,Amit,5,5816.96
ORD-202603-01219,2026-03-15 00:00:00+00:00,CUST-1445,Study Table,Furniture,North,,4,5369.06
ORD-202603-01220,2026-03-22 00:00:00+00:00,CUST-4505,Laptop Stand,Accessories,South,Sneha,7,1354.33
ORD-202603-01221,2026-03-05 00:00:00+00:00,CUST-0560,Office Chair,Furniture,West,Amit,1,6683.87
ORD-202603-01222,2026-03-12 00:00:00+00:00,CUST-2717,Pen Set,Office,West,Sneha,1,290.65
ORD-202603-01223,2026-03-25 00:00:00+00:00,CUST-4898,Keyboard,Electronics,West,Vikram,6,1344.68
ORD-202603-01224,2026-03-29 00:00:00+00:00,CUST-0681,Study Table,Furniture,West,Rahul,2,5942.52
ORD-202603-01225,2026-03-12 00:00:00+00:00,CUST-0949,Desk Organizer,Office,Central,Amit,1,565.57
ORD-202603-01226,2026-03-15 00:00:00+00:00,CUST-2453,Pen Set,Office,Central,Karan,1,316.1
ORD-202603-01227,2026-03-09 00:00:00+00:00,CUST-2487,Wireless Mouse,Electronics,East,Priya,4,835.53
ORD-202603-01228,2026-03-30 00:00:00+00:00,CUST-2320,Monitor Stand,Furniture,Central,Sneha,5,1940.29
ORD-202603-01229,2026-03-04 00:00:00+00:00,CUST-1114,Monitor Stand,Furniture,West,Sneha,4,1805.56
ORD-202603-01230,2026-03-28 00:00:00+00:00,CUST-4985,Study Table,Furniture,North,Priya,3,4985.07
ORD-202603-01231,2026-03-21 00:00:00+00:00,CUST-0536,Laptop Stand,Accessories,West,Ananya,2,1534.75
ORD-202603-01232,2026-03-30 00:00:00+00:00,CUST-0074,Wireless Mouse,Electronics,South,Neha,3,854.47
ORD-202603-01233,2026-03-05 00:00:00+00:00,CUST-1223,Desk Organizer,Office,Central,Vikram,7,614.81
ORD-202603-01234,2026-03-04 00:00:00+00:00,CUST-3699,Mouse Pad,Accessories,South,Amit,3,420.84
ORD-202603-01235,2026-03-06 00:00:00+00:00,CUST-0644,Webcam,Electronics,East,Neha,3,1900.09
ORD-202603-01236,2026-03-09 00:00:00+00:00,CUST-3782,Webcam,Electronics,Central,Neha,7,1808.94
ORD-202603-01237,2026-03-08 00:00:00+00:00,CUST-1973,Pen Set,Office,West,,1,271.48
ORD-202603-01238,2026-03-12 00:00:00+00:00,CUST-3876,Study Table,Furniture,North,Rahul,1,5848.02
ORD-202603-01239,2026-03-09 00:00:00+00:00,CUST-1078,Notebook,Office,Central,Neha,7,197.97
ORD-202603-01240,2026-03-24 00:00:00+00:00,CUST-3888,Monitor Stand,Furniture,East,Priya,3,2149.51
ORD-202603-01241,2026-03-09 00:00:00+00:00,CUST-0010,Notebook,Office,East,Rahul,2,193.83
ORD-202603-01242,2026-03-10 00:00:00+00:00,CUST-3549,Notebook,Office,North,Vikram,4,190.08
ORD-202603-01243,2026-03-27 00:00:00+00:00,CUST-0118,Laptop Stand,Accessories,North,Vikram,1,1549.08
ORD-202603-01244,2026-03-07 00:00:00+00:00,CUST-2120,Wireless Mouse,Electronics,East,Priya,3,815.67
ORD-202603-01245,2026-03-11 00:00:00+00:00,CUST-3529,Webcam,Electronics,South,Vikram,1,1976.57
ORD-202603-01246,2026-03-11 00:00:00+00:00,CUST-0248,Laptop Stand,Accessories,North,Rahul,5,1376.41
ORD-202603-01247,2026-03-15 00:00:00+00:00,CUST-4617,Pen Set,Office,North,Priya,6,274.08
ORD-202603-01248,2026-03-10 00:00:00+00:00,CUST-4838,Headphones,Electronics,West,Karan,5,2534.45
ORD-202603-01249,2026-03-19 00:00:00+00:00,CUST-3453,Mouse Pad,Accessories,East,Karan,2,402.85
ORD-202603-01250,2026-03-26 00:00:00+00:00,CUST-1211,Mouse Pad,Accessories,East,Ananya,6,366.52
ORD-202603-01251,2026-03-15 00:00:00+00:00,CUST-3559,Mouse Pad,Accessories,East,Neha,5,393.43
ORD-202603-01252,2026-03-31 00:00:00+00:00,CUST-1527,Monitor Stand,Furniture,Central,Karan,6,2052.42
ORD-202603-01253,2026-03-20 00:00:00+00:00,CUST-3315,Headphones,Electronics,East,Neha,7,2520.01
ORD-202603-01254,2026-03-10 00:00:00+00:00,CUST-0764,Laptop Stand,Accessories,Central,Priya,3,1405.01
ORD-202603-01255,2026-03-09 00:00:00+00:00,CUST-3080,Laptop Stand,Accessories,South,Neha,7,1627.26
ORD-202603-01256,2026-03-02 00:00:00+00:00,CUST-1659,Desk Organizer,Office,West,Vikram,7,543.22
ORD-202603-01257,2026-03-01 00:00:00+00:00,CUST-2935,Pen Set,Office,West,Vikram,5,285.4
ORD-202603-01258,2026-03-23 00:00:00+00:00,CUST-1640,Office Chair,Furniture,South,Rahul,5,6393.65
ORD-202603-01259,2026-03-24 00:00:00+00:00,CUST-1361,Mouse Pad,Accessories,North,Vikram,4,381.71
ORD-202603-01260,2026-03-15 00:00:00+00:00,CUST-1799,Office Chair,Furniture,North,Neha,7,7258.38
ORD-202603-01261,2026-03-05 00:00:00+00:00,CUST-4378,Wireless Mouse,Electronics,West,Priya,1,722.9
ORD-202603-01262,2026-03-14 00:00:00+00:00,CUST-2018,Keyboard,Electronics,North,Vikram,4,1179.17
ORD-202603-01263,2026-03-18 00:00:00+00:00,CUST-3456,Notebook,Office,West,Rahul,1,187.29
ORD-202603-01264,2026-03-11 00:00:00+00:00,CUST-3340,Webcam,Electronics,West,Neha,1,1719.61
ORD-202603-01265,2026-03-16 00:00:00+00:00,CUST-3010,Webcam,Electronics ,West,Sneha,7,1857.24
ORD-202603-01266,2026-03-15 00:00:00+00:00,CUST-4855,Headphones,Electronics,North,Vikram,5,2364.13
ORD-202603-01267,2026-03-04 00:00:00+00:00,CUST-0221,Keyboard,Electronics,North,Vikram,4,1252.79
ORD-202603-01268,2026-03-05 00:00:00+00:00,CUST-2613,Webcam,Electronics,South,Vikram,7,2027.07
ORD-202603-01269,2026-03-02 00:00:00+00:00,CUST-4879,Study Table,Furniture,East,Priya,1,5424.43
ORD-202603-01270,2026-03-19 00:00:00+00:00,CUST-4971,Wireless Mouse,Electronics,,Priya,7,721.5
ORD-202603-01271,2026-03-28 00:00:00+00:00,CUST-2217,Monitor Stand,Furniture,East,Neha,4,2017.72
ORD-202603-01272,2026-03-29 00:00:00+00:00,CUST-0276,Notebook,Office,North,Amit,2,183.45
ORD-202603-01273,2026-03-21 00:00:00+00:00,CUST-1789,Office Chair,Furniture,North,Rahul,3,6382.17
ORD-202603-01274,2026-03-29 00:00:00+00:00,CUST-1879,Desk Organizer,Office,South,Amit,4,578.31
ORD-202603-01275,2026-03-12 00:00:00+00:00,CUST-1819,Wireless Mouse,Electronics,East,Ananya,6,762.58
ORD-202603-01276,2026-03-23 00:00:00+00:00,CUST-0151,Webcam,Electronics,East,Sneha,7,1751.52
ORD-202603-01277,2026-03-16 00:00:00+00:00,CUST-4620,Study Table,Furniture,west,Amit,1,5277.32
ORD-202603-01278,2026-03-13 00:00:00+00:00,CUST-2987,Pen Set,Office,North,,3,298.05
ORD-202603-01279,2026-03-22 00:00:00+00:00,CUST-1908,Laptop Stand,Accessories,North,Neha,3,1424.39
ORD-202603-01280,2026-03-29 00:00:00+00:00,CUST-4896,Notebook,Office,Central,Priya,4,180.39
ORD-202603-01281,2026-03-15 00:00:00+00:00,CUST-4246,USB Hub,Accessories,East,Rahul,4,969.59
ORD-202603-01282,2026-03-21 00:00:00+00:00,CUST-1062,Keyboard,Electronics,West,Rahul,7,1338.33
ORD-202603-01283,2026-03-07 00:00:00+00:00,CUST-0915,Monitor Stand,Furniture,West,Rahul,2,2081.62
ORD-202603-01284,2026-03-16 00:00:00+00:00,CUST-3589,Webcam,Electronics,South,Rahul,4,1864.09
ORD-202603-01285,2026-03-21 00:00:00+00:00,CUST-4382,Study Table,Furniture,North,Sneha,2,5579.66
ORD-202603-01286,2026-03-09 00:00:00+00:00,CUST-3816,Webcam,Electronics,Central,Vikram,2,1976.09
ORD-202603-01287,2026-03-25 00:00:00+00:00,CUST-4122,Notebook,Office,West,Priya,3,193.3
ORD-202603-01288,2026-03-24 00:00:00+00:00,CUST-0518,Mouse Pad,Accessories,east,Rahul,1,425.44
ORD-202603-01289,2026-03-27 00:00:00+00:00,CUST-0848,Study Table,Furniture,Central,Rahul,6,5798.55
ORD-202603-01290,2026-03-25 00:00:00+00:00,CUST-2164,Pen Set,Office,East,Sneha,4,286.27
ORD-202603-01291,2026-03-20 00:00:00+00:00,CUST-2954,Notebook,Office,North,Karan,4,192.35
ORD-202603-01292,2026-03-18 00:00:00+00:00,CUST-0699,Webcam,Electronics,West,Priya,4,1778.95
ORD-202603-01293,2026-03-30 00:00:00+00:00,CUST-0304,Study Table,Furniture,Central,Ananya,4,5501.88
ORD-202603-01294,2026-03-09 00:00:00+00:00,CUST-1761,Keyboard,Electronics,South,Neha,7,1379.88
ORD-202603-01295,2026-03-02 00:00:00+00:00,CUST-3548,Mouse Pad,Accessories,North,Priya,5,404.11
ORD-202603-01296,2026-03-13 00:00:00+00:00,CUST-4035,Webcam,Electronics,Central,Priya,6,1843.81
ORD-202603-01297,2026-03-14 00:00:00+00:00,CUST-4088,USB Hub,Accessories,North,Ananya,6,882.86
ORD-202603-01298,2026-03-20 00:00:00+00:00,,Wireless Mouse,Electronics,North,Neha,1,829.78
ORD-202603-01299,2026-03-05 00:00:00+00:00,CUST-1460,Pen Set,Office,Central,Amit,6,299.85
ORD-202603-01300,2026-03-07 00:00:00+00:00,CUST-4667,Desk Organizer,Office,South,Priya,6,605.32
ORD-202603-01301,2026-03-29 00:00:00+00:00,CUST-0784,Desk Organizer,Office,West,Amit,5,612.14
ORD-202603-01302,2026-03-15 00:00:00+00:00,CUST-3882,Desk Organizer,Office,East,Amit,1,627.58
ORD-202603-01303,2026-03-15 00:00:00+00:00,CUST-0021,Wireless Mouse,Electronics,Central,Priya,1,819.08
ORD-202603-01304,2026-03-02 00:00:00+00:00,CUST-1316,Pen Set,Office,Central,Sneha,1,310.02
ORD-202603-01305,2026-03-01 00:00:00+00:00,CUST-0959,Laptop Stand,Accessories,East,Rahul,5,1548.81
ORD-202603-01306,2026-03-25 00:00:00+00:00,CUST-2131,Pen Set,Office,West,Vikram,4,324.5
ORD-202603-01307,2026-03-20 00:00:00+00:00,CUST-0548,Pen Set,Office,North,Sneha,3,313.14
ORD-202603-01308,2026-03-12 00:00:00+00:00,CUST-3089,Webcam,Electronics,Central,Ananya,4,1916.68
ORD-202603-01309,2026-03-13 00:00:00+00:00,CUST-2203,Keyboard,Electronics,Central,Sneha,4,1402.39
ORD-202603-01310,2026-03-14 00:00:00+00:00,CUST-3034,Keyboard,Electronics,South,Neha,3,1403.02
ORD-202603-01311,2026-03-25 00:00:00+00:00,CUST-3634,USB Hub,Accessories,East,Amit,6,872.3
ORD-202603-01312,2026-03-28 00:00:00+00:00,CUST-2816,Notebook,Office,Central,Priya,4,211.15
ORD-202603-01313,2026-03-14 00:00:00+00:00,CUST-2614,Wireless Mouse,Electronics,South,Sneha,4,876.1
ORD-202603-01314,2026-03-13 00:00:00+00:00,CUST-1882,Desk Organizer,Office,North,Sneha,7,563.88
ORD-202603-01315,2026-03-13 00:00:00+00:00,CUST-3291,Webcam,Electronics,Central,Vikram,7,1859.87
ORD-202603-01316,2026-03-15 00:00:00+00:00,CUST-4721,Office Chair,Furniture,North,Rahul,5,6880.65
ORD-202603-01317,2026-03-10 00:00:00+00:00,CUST-0723,Desk Organizer,Office,North,Priya,7,612.25
ORD-202603-01318,2026-03-10 00:00:00+00:00,CUST-0440,Desk Organizer,Office,East,Ananya,3,654.43
ORD-202603-01319,2026-03-15 00:00:00+00:00,CUST-3994,Headphones,Electronics,East,Rahul,3,2401.84
ORD-202603-01320,2026-03-26 00:00:00+00:00,CUST-3166,Pen Set,Office,South,Sneha,7,314.17
ORD-202603-01321,2026-03-09 00:00:00+00:00,CUST-2897,Pen Set,Office,Central,Ananya,7,315.66
ORD-202603-01322,2026-03-14 00:00:00+00:00,CUST-0178,Office Chair, Furniture,North,Vikram,2,7273.59
ORD-202603-01323,2026-03-09 00:00:00+00:00,CUST-2182,Notebook,Office,Central,Karan,1,202.51
ORD-202603-01324,2026-03-15 00:00:00+00:00,CUST-2779,Desk Organizer,Office,West,Neha,2,607.59
ORD-202603-01325,2026-03-04 00:00:00+00:00,CUST-3765,Mouse Pad,Accessories,South,Ananya,6,381.61
ORD-202603-01326,2026-03-16 00:00:00+00:00,CUST-0922,Monitor Stand,Furniture,East,Rahul,2,1853.97
ORD-202603-01327,2026-03-22 00:00:00+00:00,CUST-2997,Desk Organizer,Office,North,Sneha,7,579.12
ORD-202603-01328,2026-03-21 00:00:00+00:00,CUST-0422,Wireless Mouse,Electronics,Central,Amit,2,755.79
ORD-202603-01329,2026-03-20 00:00:00+00:00,CUST-4050,Office Chair,Furniture ,West,Priya,2,7212.64
ORD-202603-01330,2026-03-17 00:00:00+00:00,CUST-0265,Keyboard,Electronics,Central,Amit,1,1390.75
ORD-202603-01331,2026-03-19 00:00:00+00:00,CUST-2844,Wireless Mouse,Electronics,North,Sneha,7,744.46
ORD-202603-01332,2026-03-14 00:00:00+00:00,CUST-4779,Notebook,Office,Central,Ananya,3,205.35
ORD-202603-01333,2026-03-30 00:00:00+00:00,CUST-1753,Mouse Pad,Accessories,Central,Rahul,6,368.83
ORD-202603-01334,2026-03-21 00:00:00+00:00,CUST-0643,USB Hub,Accessories,East,Sneha,4,877.44
ORD-202603-01335,2026-03-10 00:00:00+00:00,CUST-3250,USB Hub,Accessories,West,Ananya,2,840.24
ORD-202603-01336,2026-03-20 00:00:00+00:00,CUST-1798,Laptop Stand,Accessories,South,Karan,2,1438.9
ORD-202603-01337,2026-03-11 00:00:00+00:00,,Study Table,Furniture,East,Vikram,1,5893.36
ORD-202603-01338,2026-03-23 00:00:00+00:00,CUST-2352,Desk Organizer,Office,Central,Rahul,1,589.38
ORD-202603-01339,2026-03-12 00:00:00+00:00,CUST-1746,Office Chair,Furniture,Central,Sneha,6,6451.12
ORD-202603-01340,2026-03-15 00:00:00+00:00,CUST-0122,Mouse Pad,Accessories,South,Amit,5,374.98
ORD-202603-01341,2026-03-18 00:00:00+00:00,CUST-1847,Desk Organizer,Office,East,Priya,2,640.17
ORD-202603-01342,2026-03-31 00:00:00+00:00,CUST-4624,Mouse Pad,Accessories,South,Priya,3,391.83
ORD-202603-01343,2026-03-17 00:00:00+00:00,CUST-4950,Study Table,Furniture,South,Karan,2,5978.49
ORD-202603-01344,2026-03-18 00:00:00+00:00,CUST-0077,Wireless Mouse,Electronics,West,Karan,5,808.78
ORD-202603-01345,2026-03-29 00:00:00+00:00,CUST-0981,Office Chair,Furniture,East,Karan,1,7008.91
ORD-202603-01346,2026-03-25 00:00:00+00:00,CUST-4558,USB Hub,Accessories,West ,Rahul,2,891.12
ORD-202603-01347,2026-03-02 00:00:00+00:00,CUST-4153,Laptop Stand,Accessories,central,Vikram,5,1580.98
ORD-202603-01348,2026-03-15 00:00:00+00:00,CUST-0159,Notebook,Office,North,Vikram,6,212.36
ORD-202603-01349,2026-03-22 00:00:00+00:00,CUST-2129,Study Table,Furniture,East,Sneha,7,5088.83
ORD-202603-01350,2026-03-11 00:00:00+00:00,CUST-2052,Webcam,Electronics,North,Sneha,7,1864.22
ORD-202603-01351,2026-03-08 00:00:00+00:00,CUST-4923,Mouse Pad,Accessories,North,Rahul,5,381.66
ORD-202603-01352,2026-03-17 00:00:00+00:00,CUST-3915,Webcam,Electronics,North,Sneha,2,2050.69
ORD-202603-01353,2026-03-06 00:00:00+00:00,CUST-3858,Office Chair,Furniture,South,Sneha,6,7327.55
ORD-202603-01354,2026-03-18 00:00:00+00:00,CUST-0124,Notebook,Office,North,Priya,5,190.73
ORD-202603-01355,2026-03-21 00:00:00+00:00,CUST-3464,Webcam,Electronics,West,Ananya,7,1864.2
ORD-202603-01356,2026-03-10 00:00:00+00:00,CUST-4050,Study Table,Furniture,South,Sneha,6,5410.14
ORD-202603-01357,2026-03-20 00:00:00+00:00,CUST-2068,Headphones,Electronics,South,Rahul,6,2714.82
ORD-202603-01358,2026-03-24 00:00:00+00:00,CUST-2352,Keyboard,Electronics,Central,Rahul,4,1292.16
ORD-202603-01359,2026-03-09 00:00:00+00:00,CUST-1267,Webcam,Electronics,West,Sneha,6,1716.1
ORD-202603-01360,2026-03-14 00:00:00+00:00,CUST-2357,Laptop Stand,Accessories,West,Karan,3,1567.98
ORD-202603-01361,2026-03-19 00:00:00+00:00,CUST-1696,Webcam,Electronics,West,Karan,1,1745.77
ORD-202603-01362,2026-03-21 00:00:00+00:00,CUST-0931,Wireless Mouse,Electronics,South,Priya,2,819.89
ORD-202603-01363,2026-03-20 00:00:00+00:00,CUST-4963,Monitor Stand,Furniture,West,Rahul,4,2004.4
ORD-202603-01364,2026-03-09 00:00:00+00:00,CUST-1168,Laptop Stand,Accessories,North,Amit,5,1577.76
ORD-202603-01365,2026-03-05 00:00:00+00:00,CUST-0939,Monitor Stand,Furniture,East,Ananya,4,2019.05
ORD-202603-01366,2026-03-16 00:00:00+00:00,CUST-3994,Desk Organizer,Office,Central,Karan,4,560.09
ORD-202603-01367,2026-03-10 00:00:00+00:00,CUST-0787,Office Chair,Furniture ,South,Karan,2,7550.47
ORD-202603-01368,2026-03-11 00:00:00+00:00,CUST-0052,Laptop Stand,Accessories,West,Neha,6,1619.92
ORD-202603-01369,2026-03-25 00:00:00+00:00,CUST-2932,Pen Set,Office,North,Amit,2,294.26
ORD-202603-01370,2026-03-13 00:00:00+00:00,CUST-1594,USB Hub,Accessories,East,Sneha,1,918.67
ORD-202603-01371,2026-03-29 00:00:00+00:00,CUST-3475,Laptop Stand,Accessories,North,Karan,2,1514.72
ORD-202603-01372,2026-03-21 00:00:00+00:00,CUST-1602,Monitor Stand,Furniture,Central,Rahul,1,2012.69
ORD-202603-01373,2026-03-06 00:00:00+00:00,CUST-0469,Study Table,Furniture,East,Ananya,7,5048.3
ORD-202603-01374,2026-03-05 00:00:00+00:00,CUST-1355,Laptop Stand,Accessories,Central,Rahul,3,1497.2
ORD-202603-01375,2026-03-21 00:00:00+00:00,CUST-2000,Wireless Mouse,Electronics,Central,Karan,6,755.08
ORD-202603-01376,2026-03-08 00:00:00+00:00,CUST-1554,Notebook,Office,North,Vikram,4,210.85
ORD-202603-01377,2026-03-29 00:00:00+00:00,CUST-2984,Monitor Stand,Furniture,East,Sneha,7,2138.45
ORD-202603-01378,2026-03-12 00:00:00+00:00,CUST-0613,Monitor Stand,Furniture,West,Karan,5,1806.57
ORD-202603-01379,2026-03-02 00:00:00+00:00,CUST-3251,Mouse Pad,Accessories,East,Ananya,2,417.89
ORD-202603-01380,2026-03-09 00:00:00+00:00,CUST-0834,Mouse Pad,Accessories,West,Amit,1,368.26
ORD-202603-01381,2026-03-27 00:00:00+00:00,CUST-3010,Study Table,furniture,East,Neha,2,4959.93
ORD-202603-01382,2026-03-06 00:00:00+00:00,CUST-2786,Headphones,Electronics,Central,Ananya,5,2255.94
ORD-202603-01383,2026-03-15 00:00:00+00:00,CUST-0815,Webcam,Electronics,West,Vikram,1,1886.09
ORD-202603-01384,2026-03-26 00:00:00+00:00,CUST-2809,Keyboard,Electronics,East,Priya,6,1380.61
ORD-202603-01385,2026-03-27 00:00:00+00:00,CUST-4843,Notebook,Office,Central,Vikram,3,191.49
ORD-202603-01386,2026-03-06 00:00:00+00:00,CUST-4649,Study Table,Furniture,West,Priya,7,5966.01
ORD-202603-01387,2026-03-25 00:00:00+00:00,CUST-3779,Laptop Stand,Accessories,South,Sneha,1,1475.36
ORD-202603-01388,2026-03-20 00:00:00+00:00,,Study Table,Furniture,South,Amit,7,5156.58
ORD-202603-01389,2026-03-07 00:00:00+00:00,CUST-3857,Mouse Pad,Accessories,North,Rahul,7,395.73
ORD-202603-01390,2026-03-14 00:00:00+00:00,CUST-2190,Webcam,Electronics,East,Amit,4,1947.22
ORD-202603-01391,2026-03-04 00:00:00+00:00,CUST-1549,Monitor Stand,Furniture,East,Priya,4,2001.28
ORD-202603-01392,2026-03-06 00:00:00+00:00,CUST-0476,Pen Set,Office,East,Rahul,7,295.45
ORD-202603-01393,2026-03-28 00:00:00+00:00,CUST-2423,Notebook,Office,West,Sneha,6,186.6
ORD-202603-01394,2026-03-10 00:00:00+00:00,CUST-3681,Headphones,Electronics,South,Ananya,4,2598.63
ORD-202603-01395,2026-03-11 00:00:00+00:00,CUST-4298,Notebook,Office,South,Priya,3,193.05
ORD-202603-01396,2026-03-04 00:00:00+00:00,CUST-2231,Webcam,Electronics,West,Neha,1,2077.73
ORD-202603-01397,2026-03-12 00:00:00+00:00,CUST-3459,USB Hub,Accessories,West,Priya,7,881.13
ORD-202603-01398,2026-03-03 00:00:00+00:00,CUST-3796,Study Table,Furniture,East,Amit,7,5192.77
ORD-202603-01399,2026-03-25 00:00:00+00:00,CUST-1203,Monitor Stand,Furniture,West,Vikram,7,2142.79
ORD-202603-01400,2026-03-12 00:00:00+00:00,CUST-0968,USB Hub,Accessories,Central,Neha,1,846.62
ORD-202603-01401,2026-03-31 00:00:00+00:00,CUST-2813,Laptop Stand,Accessories,East,Priya,4,1399.5
ORD-202603-01402,2026-03-24 00:00:00+00:00,CUST-3077,Headphones,Electronics,West,Karan,3,2608.21
ORD-202603-01403,2026-03-26 00:00:00+00:00,CUST-0234,Headphones,Electronics,South,Sneha,4,2398.12
ORD-202603-01404,2026-03-13 00:00:00+00:00,CUST-3622,Mouse Pad, Accessories,East,Karan,1,392.4
ORD-202603-01405,2026-03-30 00:00:00+00:00,CUST-2408,Monitor Stand,Furniture,South,Sneha,4,1979.43
ORD-202603-01406,2026-03-18 00:00:00+00:00,CUST-1809,Study Table,Furniture,West,Vikram,4,5810.85
ORD-202603-01407,2026-03-05 00:00:00+00:00,CUST-2335,Webcam,Electronics,South,,2,1927.22
ORD-202603-01408,2026-03-04 00:00:00+00:00,CUST-2400,Office Chair,Furniture,Central,Vikram,4,7336.89
ORD-202603-01409,2026-03-29 00:00:00+00:00,CUST-3602,Mouse Pad,Accessories,Central,Priya,4,437.9
ORD-202603-01410,2026-03-28 00:00:00+00:00,CUST-0322,Pen Set,Office,South,,5,311.62
ORD-202603-01411,2026-03-20 00:00:00+00:00,CUST-4231,Webcam,Electronics, North,Neha,2,1815.01
ORD-202603-01412,2026-03-11 00:00:00+00:00,CUST-1352,Office Chair,Furniture,West,Neha,1,7372.68
ORD-202603-01413,2026-03-22 00:00:00+00:00,CUST-4301,Mouse Pad,Accessories,Central,Karan,3,426.92
ORD-202603-01414,2026-03-06 00:00:00+00:00,CUST-0823,Office Chair,Furniture,Central,,1,6902.13
ORD-202603-01415,2026-03-27 00:00:00+00:00,CUST-1799,Webcam,Electronics,South,Ananya,5,1959.59
ORD-202603-01416,2026-03-11 00:00:00+00:00,CUST-1874,Monitor Stand,Furniture,North,Neha,2,1995.16
ORD-202603-01417,2026-03-13 00:00:00+00:00,CUST-0882,USB Hub,Accessories,North,Amit,3,832.03
ORD-202603-01418,2026-03-31 00:00:00+00:00,CUST-0446,Pen Set,Office,East,Karan,1,312.68
ORD-202603-01419,2026-03-27 00:00:00+00:00,CUST-0008,Mouse Pad,Accessories,South,Priya,4,394.5
ORD-202603-01420,2026-03-20 00:00:00+00:00,CUST-4144,Notebook,Office,North,Vikram,1,192.89
ORD-202603-01421,2026-03-03 00:00:00+00:00,CUST-0585,Webcam,Electronics,North,Priya,4,1886.75
ORD-202603-01422,2026-03-04 00:00:00+00:00,CUST-3669,Study Table,Furniture,South,Neha,2,5589.24
ORD-202603-01423,2026-03-17 00:00:00+00:00,CUST-0086,Headphones,Electronics,North,Priya,5,2627.38
ORD-202603-01424,2026-03-06 00:00:00+00:00,CUST-4328,Laptop Stand,Accessories,Central,Sneha,7,1621.53
ORD-202603-01425,2026-03-09 00:00:00+00:00,CUST-1248,USB Hub,Accessories,Central,Neha,4,932.13
ORD-202603-01426,2026-03-24 00:00:00+00:00,CUST-4739,Mouse Pad,Accessories,North,Sneha,6,438.44
ORD-202603-01427,2026-03-10 00:00:00+00:00,CUST-2361,Headphones,Electronics,East,Neha,2,2327.81
ORD-202603-01428,2026-03-27 00:00:00+00:00,CUST-2821,Study Table,Furniture,North,Neha,3,5118.84
ORD-202603-01429,2026-03-22 00:00:00+00:00,CUST-2388,Pen Set,Office,North,Neha,6,316.37
ORD-202603-01430,2026-03-03 00:00:00+00:00,CUST-3726,Monitor Stand,Furniture,South,Ananya,3,2052.38
ORD-202603-01431,2026-03-02 00:00:00+00:00,CUST-1085,Laptop Stand,Accessories,Central,Karan,7,1607.56
ORD-202603-01432,2026-03-10 00:00:00+00:00,CUST-2451,USB Hub,Accessories,West,Sneha,7,931.17
ORD-202603-01433,2026-03-03 00:00:00+00:00,CUST-1237,Notebook,Office,West,Amit,6,179.6
ORD-202603-01434,2026-03-02 00:00:00+00:00,CUST-3930,Notebook,Office,North,Vikram,5,205.87
ORD-202603-01435,2026-03-16 00:00:00+00:00,CUST-4288,Headphones,Electronics,South,Priya,3,2354.88
ORD-202603-01436,2026-03-04 00:00:00+00:00,CUST-2684,Office Chair,Furniture,East,Sneha,6,6924.72
ORD-202603-01437,2026-03-31 00:00:00+00:00,CUST-3117,Monitor Stand,Furniture,South,Rahul,7,2075.57
ORD-202603-01438,2026-03-05 00:00:00+00:00,CUST-3682,Mouse Pad,Accessories,West,Amit,7,411.47
ORD-202603-01439,,CUST-2032,Laptop Stand,Accessories,East,Rahul,3,1463.79
ORD-202603-01440,2026-03-14 00:00:00+00:00,CUST-1376,USB Hub,Accessories,East,Sneha,2,937.31
ORD-202603-01441,2026-03-18 00:00:00+00:00,CUST-4739,Wireless Mouse,Electronics,East,Vikram,7,869.98
ORD-202603-01442,2026-03-01 00:00:00+00:00,CUST-3435,Wireless Mouse,Electronics,Central,Ananya,1,755.98
ORD-202603-01443,2026-03-25 00:00:00+00:00,CUST-0123,Laptop Stand,Accessories,East,Vikram,6,1384.91
ORD-202603-01444,2026-03-23 00:00:00+00:00,CUST-2893,Headphones,Electronics,West,Priya,2,2316.58
ORD-202603-01445,2026-03-16 00:00:00+00:00,CUST-2243,Webcam,Electronics,East,Sneha,6,1882.9
ORD-202603-01446,2026-03-13 00:00:00+00:00,CUST-1250,Laptop Stand,Accessories,North,Amit,5,1438.51
ORD-202603-01447,2026-03-17 00:00:00+00:00,CUST-3946,Headphones,Electronics,East,Rahul,1,2482.74
ORD-202603-01448,2026-03-13 00:00:00+00:00,CUST-3429,USB Hub,Accessories,Central,Ananya,7,824.26
ORD-202603-01449,2026-03-27 00:00:00+00:00,CUST-2318,Wireless Mouse,Electronics,West,Sneha,7,758.56
ORD-202603-01450,2026-03-30 00:00:00+00:00,CUST-1852,Office Chair,Furniture,East,Priya,3,6785.06
ORD-202603-01451,2026-03-15 00:00:00+00:00,CUST-1117,Desk Organizer,Office,Central,Sneha,2,650.97
ORD-202603-01452,2026-03-11 00:00:00+00:00,CUST-3146,Headphones,Electronics,Central,Amit,6,2397.56
ORD-202603-01453,2026-03-24 00:00:00+00:00,CUST-4277,Headphones,Electronics,Central,Vikram,4,2273.19
ORD-202603-01454,2026-03-02 00:00:00+00:00,,Wireless Mouse,Electronics,Central,Priya,5,768.8
ORD-202603-01455,2026-03-17 00:00:00+00:00,CUST-0056,Headphones,Electronics,South,Sneha,6,2717.35
ORD-202603-01456,2026-03-13 00:00:00+00:00,CUST-3357,Notebook,Office,North,Amit,5,196.1
ORD-202603-01457,2026-03-18 00:00:00+00:00,CUST-2189,Wireless Mouse,Electronics,East,Vikram,4,849.91
ORD-202603-01458,2026-03-15 00:00:00+00:00,CUST-3418,Wireless Mouse,Electronics,South,Priya,6,761.81
ORD-202603-01459,2026-03-24 00:00:00+00:00,CUST-1899,Notebook,Office,North,Amit,1,184.5
ORD-202603-01460,2026-03-15 00:00:00+00:00,,Monitor Stand,Furniture,West,Vikram,4,1997.66
ORD-202603-01461,2026-03-08 00:00:00+00:00,CUST-2254,Mouse Pad,Accessories,North,Rahul,5,415.1
ORD-202603-01462,2026-03-15 00:00:00+00:00,CUST-3124,Webcam,Electronics,North,Vikram,5,2030.11
ORD-202603-01463,2026-03-25 00:00:00+00:00,CUST-4206,Office Chair,Furniture,North,Rahul,2,6636.51
ORD-202603-01464,2026-03-11 00:00:00+00:00,CUST-4534,Office Chair,Furniture,East,Neha,6,7680.22
ORD-202603-01465,2026-03-14 00:00:00+00:00,CUST-0884,Office Chair,Furniture,West,Priya,3,6983.94
ORD-202603-01466,2026-03-17 00:00:00+00:00,CUST-0341,Laptop Stand,Accessories,Central,Ananya,5,1499.69
ORD-202603-01467,2026-03-17 00:00:00+00:00,CUST-4166,Wireless Mouse,Electronics,West,Sneha,5,856.3
ORD-202603-01468,2026-03-27 00:00:00+00:00,CUST-3916,Monitor Stand,Furniture,East,Amit,1,1961.94
ORD-202603-01469,2026-03-31 00:00:00+00:00,CUST-1391,Study Table,Furniture,South,Neha,7,5782.07
ORD-202603-01470,2026-03-12 00:00:00+00:00,CUST-0644,Mouse Pad,Accessories,South,Sneha,4,404.4
ORD-202603-01471,2026-03-21 00:00:00+00:00,CUST-0629,Office Chair,Furniture,West,Sneha,1,6488.64
ORD-202603-01472,2026-03-17 00:00:00+00:00,CUST-2328,Monitor Stand,Furniture,North,Sneha,5,1812.27
ORD-202603-01473,2026-03-22 00:00:00+00:00,CUST-1414,Wireless Mouse,Electronics,North,Amit,2,868.39
ORD-202603-01474,2026-03-27 00:00:00+00:00,CUST-0821,Mouse Pad,Accessories,West,Sneha,7,428.25
ORD-202603-01475,2026-03-27 00:00:00+00:00,CUST-4060,Study Table,Furniture,Central,Amit,2,6030.81
ORD-202603-01476,2026-03-13 00:00:00+00:00,CUST-3913,Desk Organizer,Office,Central,Rahul,1,619.87
ORD-202603-01477,2026-03-30 00:00:00+00:00,CUST-2647,Keyboard,Electronics,,Neha,6,1336.86
ORD-202603-01478,2026-03-05 00:00:00+00:00,CUST-0186,Wireless Mouse,Electronics,Central,Sneha,1,752.42
ORD-202603-01479,2026-03-22 00:00:00+00:00,CUST-0699,Laptop Stand,Accessories, West,Neha,2,1541.66
ORD-202603-01480,2026-03-14 00:00:00+00:00,CUST-3506,USB Hub,Accessories,North,Ananya,3,896.92
ORD-202603-01481,2026-03-14 00:00:00+00:00,CUST-1876,Keyboard,Electronics,South,Vikram,7,1267.13
ORD-202603-01482,2026-03-16 00:00:00+00:00,CUST-2008,Webcam,Electronics,North,Neha,6,1968.3
ORD-202603-01483,2026-03-21 00:00:00+00:00,CUST-4074,Mouse Pad,Accessories,South,Amit,5,365.88
ORD-202603-01484,2026-03-27 00:00:00+00:00,CUST-1326,Office Chair,Furniture,Central,Sneha,4,7004.44
ORD-202603-01485,2026-03-09 00:00:00+00:00,CUST-4891,Notebook,Office,Central,Amit,5,209.27
ORD-202603-01486,2026-03-27 00:00:00+00:00,CUST-4803,Mouse Pad,Accessories,Central,Priya,3,425.33
ORD-202603-01487,2026-03-27 00:00:00+00:00,CUST-2981,Desk Organizer,Office,East,Karan,7,597.8
ORD-202603-01488,2026-03-24 00:00:00+00:00,CUST-1461,Pen Set,Office,South,Vikram,5,290.18
ORD-202603-01489,2026-03-22 00:00:00+00:00,CUST-4943,Headphones,Electronics,South,Rahul,5,2535.17
ORD-202603-01490,2026-03-12 00:00:00+00:00,CUST-1059,Webcam,Electronics,North,Priya,4,1757.81
ORD-202603-01491,2026-03-08 00:00:00+00:00,CUST-4329,Keyboard,Electronics,Central,Priya,5,1192.87
ORD-202603-01492,2026-03-09 00:00:00+00:00,CUST-2158,Keyboard,Electronics,East,Rahul,5,1381.91
ORD-202603-01493,2026-03-13 00:00:00+00:00,CUST-4300,Office Chair,Furniture,North,Karan,5,6476.18
ORD-202603-01494,2026-03-14 00:00:00+00:00,CUST-1512,Pen Set,Office,South,Karan,3,294.05
ORD-202603-01495,2026-03-07 00:00:00+00:00,CUST-3579,Pen Set,Office,East,,3,293.72
ORD-202603-01496,2026-03-10 00:00:00+00:00,CUST-3640,USB Hub,Accessories,West,Ananya,6,985.85
ORD-202603-01497,2026-03-08 00:00:00+00:00,CUST-1865,Keyboard,Electronics,Central,Rahul,3,1352.31
ORD-202603-01498,2026-03-31 00:00:00+00:00,CUST-0151,USB Hub,Accessories,South,Ananya,1,946.92
ORD-202603-01499,2026-03-16 00:00:00+00:00,CUST-1493,Keyboard,Electronics,West,Sneha,1,1343.14
ORD-202603-01500,2026-03-03 00:00:00+00:00,CUST-3461,Monitor Stand,Furniture,Central,Rahul,1,1908.05
ORD-202603-01501,2026-03-16 00:00:00+00:00,CUST-3959,USB Hub,Accessories,West,Vikram,4,874.03
ORD-202603-01502,2026-03-16 00:00:00+00:00,CUST-2111,Keyboard,Electronics,South,Sneha,5,1216.71
ORD-202603-01503,2026-03-14 00:00:00+00:00,CUST-4465,Webcam,Electronics,South,Priya,3,1915.0
ORD-202603-01504,2026-03-12 00:00:00+00:00,CUST-3920,Pen Set,Office,North,Neha,1,273.76
ORD-202603-01505,2026-03-17 00:00:00+00:00,CUST-0509,USB Hub,Accessories,East,Ananya,5,971.62
ORD-202603-01506,2026-03-24 00:00:00+00:00,CUST-1670,Wireless Mouse, Electronics,South,,3,750.49
ORD-202603-01507,2026-03-23 00:00:00+00:00,CUST-2620,Laptop Stand,Accessories,East,Amit,6,1413.11
ORD-202603-01508,2026-03-19 00:00:00+00:00,CUST-0091,Pen Set,Office,North,Priya,3,298.08
ORD-202603-01509,,CUST-1372,Mouse Pad,Accessories,Central,Sneha,5,384.62
ORD-202603-01510,2026-03-02 00:00:00+00:00,CUST-3817,Notebook,Office,West,Rahul,5,185.73
ORD-202603-01511,2026-03-02 00:00:00+00:00,CUST-4271,Pen Set,Office,South,Karan,2,328.04
ORD-202603-01512,2026-03-21 00:00:00+00:00,CUST-0663,Desk Organizer,Office,North,Karan,6,572.6
ORD-202603-01513,2026-03-13 00:00:00+00:00,CUST-2985,USB Hub,Accessories,South,Ananya,6,942.07
ORD-202603-01514,2026-03-16 00:00:00+00:00,CUST-2389,Desk Organizer,Office,North,Rahul,6,626.08
ORD-202603-01515,2026-03-26 00:00:00+00:00,CUST-4269,Study Table,Furniture,North,Neha,3,5218.09
ORD-202603-01516,2026-03-20 00:00:00+00:00,CUST-4165,Keyboard,Electronics,West,Rahul,2,1241.24
ORD-202603-01517,2026-03-18 00:00:00+00:00,CUST-4763,Desk Organizer,Office,North,Neha,3,603.15
ORD-202603-01518,2026-03-03 00:00:00+00:00,CUST-4625,Webcam,Electronics,East,Neha,2,2036.12
ORD-202603-01519,2026-03-30 00:00:00+00:00,CUST-3695,Keyboard,Electronics,West,Neha,-1,1361.23
ORD-202603-01520,2026-03-16 00:00:00+00:00,CUST-1231,Webcam,Electronics,East,Rahul,7,1824.2
ORD-202603-01521,2026-03-12 00:00:00+00:00,CUST-1248,Monitor Stand,Furniture,North,Neha,6,1816.37
ORD-202603-01522,2026-03-17 00:00:00+00:00,CUST-4191,Notebook,Office,South,Vikram,1,203.27
ORD-202603-01523,2026-03-30 00:00:00+00:00,,USB Hub,Accessories,North,Vikram,7,894.64
ORD-202603-01524,2026-03-05 00:00:00+00:00,CUST-3881,Webcam,Electronics,Central,Sneha,6,1839.71
ORD-202603-01525,2026-03-04 00:00:00+00:00,CUST-1409,Mouse Pad,Accessories,West,Priya,1,410.67
ORD-202603-01526,2026-03-20 00:00:00+00:00,CUST-4618,Mouse Pad,accessories,Central,Sneha,1,435.04
ORD-202603-01527,2026-03-26 00:00:00+00:00,CUST-0852,USB Hub,Accessories,North,Karan,2,971.55
ORD-202603-01528,2026-03-29 00:00:00+00:00,CUST-4076,USB Hub,Accessories,South,Sneha,4,928.79
ORD-202603-01529,2026-03-27 00:00:00+00:00,CUST-1678,Desk Organizer,Office,South,Karan,3,654.02
ORD-202603-01530,2026-03-01 00:00:00+00:00,CUST-0448,Notebook,Office,West,Vikram,5,194.85
ORD-202603-01531,2026-03-18 00:00:00+00:00,,Wireless Mouse,Electronics,North,Neha,5,735.25
ORD-202603-01532,2026-03-08 00:00:00+00:00,CUST-4722,Laptop Stand,Accessories,Central,Sneha,4,1484.69
ORD-202603-01533,2026-03-05 00:00:00+00:00,CUST-4854,Wireless Mouse,Electronics,East,Karan,3,824.63
ORD-202603-01534,2026-03-11 00:00:00+00:00,CUST-0124,Monitor Stand,Furniture, Central,Rahul,4,2119.51
ORD-202603-01535,2026-03-30 00:00:00+00:00,CUST-2270,Laptop Stand,Accessories,South,Rahul,1,1630.31
ORD-202603-01536,2026-03-17 00:00:00+00:00,CUST-1718,Monitor Stand, Furniture,Central,Priya,1,2005.86
ORD-202603-01537,2026-03-07 00:00:00+00:00,CUST-1679,Webcam,Electronics,Central,Ananya,6,1850.79
ORD-202603-01538,2026-03-23 00:00:00+00:00,CUST-1947,Laptop Stand,Accessories,East,Sneha,2,1433.54
ORD-202603-01539,2026-03-31 00:00:00+00:00,CUST-0095,USB Hub,Accessories,Central,Sneha,7,918.21
ORD-202603-01540,2026-03-21 00:00:00+00:00,CUST-2427,Study Table,Furniture,South,Karan,4,5711.0
ORD-202603-01541,2026-03-14 00:00:00+00:00,CUST-0372,Keyboard,Electronics,West,Karan,4,1333.4
ORD-202603-01542,2026-03-15 00:00:00+00:00,CUST-1177,Office Chair,Furniture,Central,Neha,6,6572.25
ORD-202603-01543,2026-03-11 00:00:00+00:00,CUST-3597,Pen Set,Office,North,Karan,2,295.78
ORD-202603-01544,2026-03-30 00:00:00+00:00,CUST-0619,Headphones,Electronics,east,Priya,4,2286.22
ORD-202603-01545,2026-03-09 00:00:00+00:00,CUST-3371,Office Chair,Furniture,North,Vikram,4,7027.54
ORD-202603-01546,2026-03-11 00:00:00+00:00,CUST-4186,Notebook,Office,East,Rahul,4,187.63
ORD-202603-01547,2026-03-03 00:00:00+00:00,CUST-4890,Mouse Pad,Accessories,South,Rahul,7,430.06
ORD-202603-01548,2026-03-25 00:00:00+00:00,CUST-3210,Laptop Stand,Accessories,North,Neha,7,1591.4
ORD-202603-01549,2026-03-13 00:00:00+00:00,CUST-4410,USB Hub,Accessories,Central,Karan,3,940.62
ORD-202603-01550,2026-03-26 00:00:00+00:00,CUST-2375,Office Chair,Furniture,South,Karan,3,6456.45
ORD-202603-01551,2026-03-05 00:00:00+00:00,CUST-4516,Monitor Stand,Furniture,West,Vikram,2,1977.73
ORD-202603-01552,2026-03-04 00:00:00+00:00,CUST-3874,Study Table,Furniture,North,Neha,3,5147.29
ORD-202603-01553,2026-03-14 00:00:00+00:00,CUST-4588,Laptop Stand,Accessories,South,Ananya,4,1362.22
ORD-202603-01554,2026-03-02 00:00:00+00:00,CUST-4576,Pen Set,Office,North,Neha,1,293.17
ORD-202603-01555,2026-03-22 00:00:00+00:00,CUST-3446,Monitor Stand,Furniture,West,Rahul,2,1924.53
ORD-202603-01556,2026-03-31 00:00:00+00:00,CUST-1120,Pen Set,Office,South,Priya,6,324.01
ORD-202603-01557,2026-03-30 00:00:00+00:00,CUST-0236,Wireless Mouse,Electronics,Central,Neha,6,867.09
ORD-202603-01558,2026-03-12 00:00:00+00:00,CUST-1615,Desk Organizer,Office,East,Ananya,1,651.09
ORD-202603-01559,2026-03-08 00:00:00+00:00,CUST-1485,Notebook,Office,North,Vikram,7,179.67
ORD-202603-01560,2026-03-21 00:00:00+00:00,CUST-4672,Mouse Pad,Accessories,West,Ananya,1,400.51
ORD-202603-01561,2026-03-05 00:00:00+00:00,CUST-0189,Wireless Mouse,Electronics,Central,Karan,2,722.01
ORD-202603-01562,2026-03-01 00:00:00+00:00,CUST-2721,Mouse Pad,Accessories,West,Priya,1,407.34
ORD-202603-01563,2026-03-15 00:00:00+00:00,CUST-4940,Office Chair,Furniture,West,Karan,2,7010.79
ORD-202603-01564,2026-03-24 00:00:00+00:00,CUST-1407,Notebook,Office,Central,Rahul,2,196.23
ORD-202603-01565,2026-03-27 00:00:00+00:00,CUST-2897,Webcam,Electronics,North,Rahul,7,1729.08
ORD-202603-01566,2026-03-11 00:00:00+00:00,CUST-0792,Office Chair,Furniture,South,Rahul,4,6445.9
ORD-202603-01567,2026-03-03 00:00:00+00:00,CUST-2103,USB Hub,Accessories,,Karan,2,865.38
ORD-202603-01568,2026-03-19 00:00:00+00:00,CUST-4944,Pen Set,Office,West,Vikram,1,283.57
ORD-202603-01569,2026-03-25 00:00:00+00:00,CUST-3359,Wireless Mouse,Electronics,North,Amit,2,747.68
ORD-202603-01570,2026-03-02 00:00:00+00:00,CUST-2676,Keyboard,Electronics,North,Amit,3,1390.26
ORD-202603-01571,2026-03-14 00:00:00+00:00,CUST-4850,Headphones,Electronics,East,Ananya,4,2263.34
ORD-202603-01572,2026-03-04 00:00:00+00:00,CUST-4312,Keyboard,Electronics,South,Vikram,4,1225.7
ORD-202603-01573,2026-03-16 00:00:00+00:00,CUST-1387,USB Hub,Accessories,North,Rahul,2,973.98
ORD-202603-01574,2026-03-26 00:00:00+00:00,CUST-3180,USB Hub,Accessories,East,Rahul,1,965.83
ORD-202603-01575,2026-03-18 00:00:00+00:00,CUST-3249,Keyboard,Electronics,South,Ananya,4,1261.39
ORD-202603-01576,2026-03-18 00:00:00+00:00,CUST-2219,Pen Set,Office,Central,,1,317.2
ORD-202603-01577,2026-03-06 00:00:00+00:00,CUST-0914,Mouse Pad,Accessories,Central,Karan,7,371.25
ORD-202603-01578,2026-03-25 00:00:00+00:00,CUST-4292,USB Hub,Accessories,North,Karan,3,924.25
ORD-202603-01579,2026-03-25 00:00:00+00:00,CUST-0809,Webcam,Electronics,Central,Amit,5,2044.53
ORD-202603-01580,2026-03-06 00:00:00+00:00,CUST-1783,Laptop Stand,Accessories,South,Vikram,5,1490.6
ORD-202603-01581,2026-03-23 00:00:00+00:00,CUST-1241,Headphones,Electronics,North,Rahul,1,2332.51
ORD-202603-01582,2026-03-11 00:00:00+00:00,CUST-3843,Study Table,Furniture,North,,5,5585.67
ORD-202603-01583,2026-03-31 00:00:00+00:00,CUST-0491,Mouse Pad,Accessories,South,Sneha,5,418.8
ORD-202603-01584,2026-03-27 00:00:00+00:00,CUST-2268,Study Table,Furniture,East,Rahul,1,5901.11
ORD-202603-01585,2026-03-25 00:00:00+00:00,CUST-4218,Study Table,Furniture,Central,Ananya,5,5366.07
ORD-202603-01586,2026-03-19 00:00:00+00:00,CUST-4487,Mouse Pad,Accessories,South,Amit,1,381.77
ORD-202603-01587,2026-03-12 00:00:00+00:00,CUST-1036,USB Hub,Accessories,West,Ananya,4,932.37
ORD-202603-01588,2026-03-21 00:00:00+00:00,CUST-2517,Desk Organizer,Office,North,Neha,2,569.03
ORD-202603-01589,2026-03-19 00:00:00+00:00,CUST-2443,Laptop Stand,Accessories,Central,Amit,3,1421.88
ORD-202603-01590,2026-03-07 00:00:00+00:00,CUST-1630,USB Hub,Accessories,East,Priya,7,841.89
ORD-202603-01591,2026-03-17 00:00:00+00:00,CUST-4012,USB Hub,Accessories,East,Rahul,7,875.17
ORD-202603-01592,2026-03-18 00:00:00+00:00,CUST-3629,Notebook,Office,East,Ananya,7,196.58
ORD-202603-01593,2026-03-29 00:00:00+00:00,CUST-0414,Wireless Mouse,Electronics,West,Karan,7,834.93
ORD-202603-01594,2026-03-23 00:00:00+00:00,CUST-4301,Webcam,Electronics,West,Karan,4,1750.02
ORD-202603-01595,2026-03-27 00:00:00+00:00,CUST-1832,Pen Set,Office,South,Karan,7,294.57
ORD-202603-01596,2026-03-06 00:00:00+00:00,CUST-4256,Mouse Pad,Accessories,Central,Amit,7,411.6
ORD-202603-01597,2026-03-20 00:00:00+00:00,CUST-3826,Pen Set,Office,North,Karan,2,301.69
ORD-202603-01598,2026-03-10 00:00:00+00:00,CUST-2393,Pen Set,Office,Central,Sneha,1,316.22
ORD-202603-01599,2026-03-08 00:00:00+00:00,CUST-3373,Laptop Stand,Accessories,West,Vikram,3,1616.62
ORD-202603-01600,2026-03-01 00:00:00+00:00,CUST-2201,USB Hub,Accessories,North,Neha,5,847.35
ORD-202603-01601,2026-03-18 00:00:00+00:00,CUST-3895,Wireless Mouse,Electronics,East,Karan,1,864.3
ORD-202603-01602,2026-03-30 00:00:00+00:00,CUST-0747,Desk Organizer,Office,south,Amit,5,645.17
ORD-202603-01603,2026-03-20 00:00:00+00:00,CUST-3025,USB Hub,Accessories,North,Amit,3,874.52
ORD-202603-01604,2026-03-28 00:00:00+00:00,CUST-0197,Webcam,Electronics, Central,Amit,4,2018.0
ORD-202603-01605,2026-03-21 00:00:00+00:00,CUST-3610,Mouse Pad,Accessories,Central,Ananya,3,400.22
ORD-202603-01606,2026-03-03 00:00:00+00:00,CUST-4658,Wireless Mouse,Electronics,East,Amit,6,848.67
ORD-202603-01607,2026-03-23 00:00:00+00:00,CUST-3802,USB Hub,Accessories,North,Amit,3,943.59
ORD-202603-01608,2026-03-26 00:00:00+00:00,CUST-3627,Study Table,Furniture,South,Vikram,4,6007.55
ORD-202603-01609,2026-03-25 00:00:00+00:00,CUST-4094,Laptop Stand,Accessories,West,Vikram,5,1415.39
ORD-202603-01610,2026-03-17 00:00:00+00:00,CUST-2884,Laptop Stand,Accessories, East,Rahul,6,1569.77
ORD-202603-01611,2026-03-17 00:00:00+00:00,CUST-3071,USB Hub,Accessories,East,Karan,4,811.6
ORD-202603-01612,2026-03-30 00:00:00+00:00,CUST-2918,Webcam,Electronics ,Central,Neha,1,2059.18
ORD-202603-01613,2026-03-31 00:00:00+00:00,CUST-2361,Headphones,Electronics,North,Vikram,4,2348.52
ORD-202603-01614,2026-03-16 00:00:00+00:00,,Mouse Pad,Accessories,Central,Ananya,1,388.9
ORD-202603-01615,2026-03-24 00:00:00+00:00,CUST-0406,Pen Set,Office,Central,Ananya,5,319.52
ORD-202603-01616,2026-03-07 00:00:00+00:00,CUST-2269,Webcam,Electronics,South,Neha,3,1890.51
ORD-202603-01617,2026-03-21 00:00:00+00:00,CUST-1365,Headphones,Electronics,Central,Vikram,5,2580.86
ORD-202603-01618,2026-03-27 00:00:00+00:00,CUST-4607,Desk Organizer,Office,South,Priya,1,582.4
ORD-202603-01619,2026-03-29 00:00:00+00:00,CUST-4927,Mouse Pad,Accessories,West,Ananya,4,403.42
ORD-202603-01620,2026-03-30 00:00:00+00:00,CUST-2311,Webcam,Electronics,West,Karan,2,2030.2
ORD-202603-01621,2026-03-06 00:00:00+00:00,CUST-3485,Study Table,Furniture,Central,Ananya,4,5930.7
ORD-202603-01622,2026-03-17 00:00:00+00:00,CUST-2905,Monitor Stand,Furniture,North,Priya,1,1981.53
ORD-202603-01623,2026-03-18 00:00:00+00:00,CUST-1249,Study Table,Furniture,East,Sneha,4,5741.12
ORD-202603-01624,2026-03-13 00:00:00+00:00,CUST-1886,Webcam,Electronics,Central,Ananya,4,1886.55
ORD-202603-01625,2026-03-01 00:00:00+00:00,CUST-1923,Monitor Stand,Furniture,North,Sneha,1,2174.77
ORD-202603-01626,2026-03-25 00:00:00+00:00,CUST-0526,Laptop Stand,Accessories,North,Ananya,6,1567.22
ORD-202603-01627,2026-03-24 00:00:00+00:00,CUST-0093,Keyboard,Electronics,North,Ananya,6,1281.15
ORD-202603-01628,2026-03-03 00:00:00+00:00,CUST-1618,Mouse Pad,Accessories,East,Karan,4,398.85
ORD-202603-01629,2026-03-12 00:00:00+00:00,CUST-4512,Monitor Stand,Furniture,East,Karan,4,1872.32
ORD-202603-01630,2026-03-27 00:00:00+00:00,CUST-0426,Wireless Mouse,Electronics,West,Neha,3,869.47
ORD-202603-01631,2026-03-09 00:00:00+00:00,CUST-2602,Wireless Mouse,Electronics,East,Ananya,2,759.86
ORD-202603-01632,2026-03-27 00:00:00+00:00,CUST-2893,Wireless Mouse,Electronics,Central,Sneha,1,748.08
ORD-202603-01633,2026-03-01 00:00:00+00:00,CUST-3330,Office Chair,Furniture,North,Karan,4,6931.97
ORD-202603-01634,2026-03-10 00:00:00+00:00,CUST-4909,Webcam,Electronics,West,Amit,4,1984.9
ORD-202603-01635,2026-03-28 00:00:00+00:00,CUST-1954,Mouse Pad,Accessories,East,Sneha,1,413.58
ORD-202603-01636,2026-03-01 00:00:00+00:00,CUST-1814,Keyboard,Electronics,East,Vikram,3,1235.24
ORD-202603-01637,2026-03-17 00:00:00+00:00,CUST-2547,Monitor Stand,Furniture,East,Priya,4,1905.03
ORD-202603-01638,2026-03-01 00:00:00+00:00,CUST-4293,Desk Organizer,Office,West,Ananya,2,567.33
ORD-202603-01639,2026-03-06 00:00:00+00:00,CUST-2933,Notebook,Office,West,Sneha,5,203.11
ORD-202603-01640,2026-03-31 00:00:00+00:00,CUST-0214,Study Table,Furniture,Central,Karan,4,6001.72
ORD-202603-01641,2026-03-15 00:00:00+00:00,CUST-2242,Headphones,Electronics,South,Priya,7,2693.63
ORD-202603-01642,2026-03-25 00:00:00+00:00,CUST-2526,USB Hub,Accessories,North,Ananya,2,899.81
ORD-202603-01643,2026-03-28 00:00:00+00:00,CUST-4401,Monitor Stand,Furniture,North,Priya,1,1950.16
ORD-202603-01644,2026-03-12 00:00:00+00:00,CUST-3273,Mouse Pad,Accessories,West,Ananya,3,390.68
ORD-202603-01645,2026-03-21 00:00:00+00:00,CUST-3396,Webcam,Electronics,North,Neha,6,2015.3
ORD-202603-01646,2026-03-28 00:00:00+00:00,CUST-1597,Notebook,Office,West,Sneha,7,204.99
ORD-202603-01647,2026-03-14 00:00:00+00:00,CUST-3635,Monitor Stand,Furniture,,Amit,5,1815.6
ORD-202603-01648,2026-03-28 00:00:00+00:00,CUST-0492,Keyboard,Electronics,Central,Neha,5,1188.75
ORD-202603-01649,2026-03-03 00:00:00+00:00,CUST-0980,Monitor Stand,Furniture,Central,Karan,6,1991.55
ORD-202603-01650,2026-03-29 00:00:00+00:00,CUST-1090,Mouse Pad,Accessories,South,Vikram,7,401.58
ORD-202603-01651,2026-03-13 00:00:00+00:00,CUST-2343,Keyboard,Electronics,Central,Neha,7,1418.67
ORD-202603-01652,2026-03-16 00:00:00+00:00,CUST-0351,Monitor Stand,Furniture,Central,Ananya,5,1855.5
ORD-202603-01653,2026-03-07 00:00:00+00:00,CUST-2592,Notebook,Office,Central,Rahul,3,211.25
ORD-202603-01654,2026-03-26 00:00:00+00:00,CUST-4442,Headphones,Electronics,West,Rahul,1,2696.67
ORD-202603-01655,2026-03-09 00:00:00+00:00,CUST-1986,Headphones,Electronics,South,,2,2437.84
ORD-202603-01656,2026-03-02 00:00:00+00:00,CUST-0023,Keyboard,Electronics,South,Neha,5,1211.14
ORD-202603-01657,2026-03-04 00:00:00+00:00,CUST-1375,Mouse Pad,Accessories,South,Priya,1,378.76
ORD-202603-01658,2026-03-05 00:00:00+00:00,CUST-0347,Webcam,Electronics,Central,Ananya,7,1960.83
ORD-202603-01659,2026-03-20 00:00:00+00:00,CUST-3184,Laptop Stand,Accessories,West,Rahul,4,1370.02
ORD-202603-01660,2026-03-20 00:00:00+00:00,CUST-3979,Notebook,Office,North,Neha,7,214.35
ORD-202603-01661,2026-03-06 00:00:00+00:00,CUST-1443,Monitor Stand,Furniture,North,Priya,7,2101.59
ORD-202603-01662,2026-03-04 00:00:00+00:00,CUST-1499,Study Table,Furniture,Central,Sneha,4,5822.84
ORD-202603-01663,2026-03-08 00:00:00+00:00,CUST-1610,Keyboard,Electronics,East,Priya,3,1361.44
ORD-202603-01664,2026-03-02 00:00:00+00:00,CUST-1824,Laptop Stand,Accessories,East,Vikram,1,1387.68
ORD-202603-01665,2026-03-11 00:00:00+00:00,CUST-3483,Headphones,Electronics,Central,Sneha,7,2614.4
ORD-202603-01666,2026-03-04 00:00:00+00:00,CUST-1534,Laptop Stand,Accessories,East,Ananya,5,1528.74
ORD-202603-01667,2026-03-07 00:00:00+00:00,CUST-1914,Study Table,Furniture,East,Sneha,3,5005.15
ORD-202603-01668,2026-03-15 00:00:00+00:00,CUST-4454,Laptop Stand,Accessories,Central,Priya,2,1434.43
ORD-202603-01669,2026-03-10 00:00:00+00:00,CUST-3814,Pen Set,Office,South,Neha,6,294.4
ORD-202603-01670,2026-03-16 00:00:00+00:00,CUST-4644,Office Chair,Furniture,Central,Sneha,1,7059.06
ORD-202603-01671,2026-03-07 00:00:00+00:00,CUST-1786,Webcam,Electronics,North,Amit,5,1777.66
ORD-202603-01672,,CUST-4645,Mouse Pad,Accessories,Central,Sneha,2,401.17
ORD-202603-01673,2026-03-02 00:00:00+00:00,CUST-1493,Office Chair,Furniture,North,Amit,5,7639.55
ORD-202603-01674,2026-03-14 00:00:00+00:00,CUST-1537,Laptop Stand,Accessories,East,Ananya,1,1455.42
ORD-202603-01675,2026-03-06 00:00:00+00:00,CUST-4765,Pen Set,Office,,Karan,6,278.16
ORD-202603-01676,2026-03-16 00:00:00+00:00,CUST-1002,Headphones,Electronics,West,Priya,4,2483.37
ORD-202603-01677,2026-03-15 00:00:00+00:00,CUST-4093,Study Table,Furniture,East,Karan,4,5444.65
ORD-202603-01678,2026-03-26 00:00:00+00:00,CUST-4140,Keyboard,Electronics,West,Vikram,7,1407.39
ORD-202603-01679,2026-03-23 00:00:00+00:00,CUST-4631,Pen Set,Office,East,Ananya,2,296.75
ORD-202603-01680,2026-03-26 00:00:00+00:00,CUST-4245,Monitor Stand,Furniture,South,Amit,5,1896.38
ORD-202603-01681,2026-03-14 00:00:00+00:00,CUST-4118,Keyboard,Electronics,West,Amit,4,1227.42
ORD-202603-01682,2026-03-11 00:00:00+00:00,CUST-1772,Mouse Pad,Accessories,South,Amit,5,361.86
ORD-202603-01683,2026-03-21 00:00:00+00:00,CUST-2782,Monitor Stand,Furniture,South,Rahul,5,2095.51
ORD-202603-01684,2026-03-23 00:00:00+00:00,CUST-2891,Wireless Mouse,Electronics,Central,Rahul,6,761.9
ORD-202603-01685,2026-03-06 00:00:00+00:00,CUST-1463,Webcam,Electronics,Central,Ananya,3,2008.36
ORD-202603-01686,2026-03-28 00:00:00+00:00,CUST-1954,Study Table,Furniture,East,Priya,2,5554.35
ORD-202603-01687,2026-03-16 00:00:00+00:00,CUST-4254,Keyboard,Electronics,Central,Neha,5,1353.99
ORD-202603-01688,2026-03-26 00:00:00+00:00,CUST-0075,Monitor Stand,Furniture,South,Sneha,5,1880.33
ORD-202603-01689,2026-03-03 00:00:00+00:00,CUST-0388,Desk Organizer,Office,North,Sneha,7,557.67
ORD-202603-01690,2026-03-11 00:00:00+00:00,CUST-2054,Webcam,Electronics,Central,Ananya,5,1867.91
ORD-202603-01691,2026-03-12 00:00:00+00:00,CUST-3859,Headphones,Electronics,Central,Vikram,2,2427.42
ORD-202603-01692,2026-03-23 00:00:00+00:00,CUST-4475,Laptop Stand,Accessories,East,Ananya,3,1500.84
ORD-202603-01693,2026-03-08 00:00:00+00:00,CUST-3419,Mouse Pad,Accessories,,Ananya,5,418.81
ORD-202603-01694,2026-03-23 00:00:00+00:00,CUST-4290,Monitor Stand,Furniture,Central,Karan,3,2162.46
ORD-202603-01695,2026-03-26 00:00:00+00:00,CUST-0744,Office Chair,Furniture,South,Neha,7,7131.02
ORD-202603-01696,2026-03-08 00:00:00+00:00,CUST-0519,Wireless Mouse,Electronics,North,Rahul,5,-100.0
ORD-202603-01697,2026-03-31 00:00:00+00:00,CUST-2517,Notebook,Office,West,Vikram,3,190.86
ORD-202603-01698,2026-03-21 00:00:00+00:00,CUST-1535,Laptop Stand,Accessories ,Central,Sneha,6,1620.61
ORD-202603-01699,2026-03-16 00:00:00+00:00,CUST-4396,Mouse Pad,Accessories,East,Ananya,5,375.83
ORD-202603-01700,2026-03-03 00:00:00+00:00,CUST-0370,USB Hub,Accessories,,Vikram,3,826.17
ORD-202603-01701,2026-03-16 00:00:00+00:00,CUST-1826,Notebook,Office,South,Sneha,3,215.76
ORD-202603-01702,2026-03-09 00:00:00+00:00,CUST-1491,Office Chair,Furniture,South,Priya,5,6336.43
ORD-202603-01703,2026-03-13 00:00:00+00:00,CUST-2967,Webcam,Electronics,West,Karan,2,1993.53
ORD-202603-01704,2026-03-01 00:00:00+00:00,CUST-1489,Laptop Stand,Accessories,South,Ananya,5,1392.75
ORD-202603-01705,2026-03-25 00:00:00+00:00,CUST-4705,Wireless Mouse,Electronics,East,Rahul,3,825.59
ORD-202603-01706,2026-03-05 00:00:00+00:00,CUST-0266,Laptop Stand,Accessories,West,Vikram,7,1404.99
ORD-202603-01707,2026-03-16 00:00:00+00:00,CUST-0362,Monitor Stand,Furniture,South,Vikram,5,2157.78
ORD-202603-01708,2026-03-04 00:00:00+00:00,CUST-4477,Desk Organizer,Office,South,Vikram,6,545.07
ORD-202603-01709,2026-03-10 00:00:00+00:00,CUST-2633,Pen Set,Office,West,Sneha,4,287.31
ORD-202603-01710,2026-03-30 00:00:00+00:00,CUST-4200,Study Table,Furniture,West,Rahul,2,5810.28
ORD-202603-01711,2026-03-06 00:00:00+00:00,CUST-2300,Notebook,Office,West,Neha,5,201.68
ORD-202603-01712,2026-03-06 00:00:00+00:00,CUST-4643,Keyboard,Electronics,East,Vikram,5,1278.7
ORD-202603-01713,2026-03-29 00:00:00+00:00,CUST-2371,Pen Set,Office,North,Amit,2,295.15
ORD-202603-01714,2026-03-03 00:00:00+00:00,CUST-3722,Keyboard,Electronics,West,Amit,7,1299.6
ORD-202603-01715,2026-03-30 00:00:00+00:00,CUST-4978,Headphones,Electronics,North,Neha,1,2746.34
ORD-202603-01716,2026-03-24 00:00:00+00:00,CUST-3801,Pen Set,Office,South,Karan,3,309.38
ORD-202603-01717,2026-03-12 00:00:00+00:00,CUST-1305,Monitor Stand,Furniture,West,Rahul,1,1993.83
ORD-202603-01718,2026-03-21 00:00:00+00:00,CUST-3937,Laptop Stand,Accessories,South,Vikram,6,1445.59
ORD-202603-01719,2026-03-19 00:00:00+00:00,CUST-1923,Webcam,Electronics,Central,Karan,4,1900.44
ORD-202603-01720,2026-03-20 00:00:00+00:00,CUST-3377,Pen Set,Office,West,Ananya,4,324.27
ORD-202603-01721,2026-03-06 00:00:00+00:00,CUST-3279,Laptop Stand,Accessories,Central,Vikram,7,1414.75
ORD-202603-01722,2026-03-28 00:00:00+00:00,CUST-0880,Headphones,Electronics,East,Vikram,4,2421.77
ORD-202603-01723,2026-03-15 00:00:00+00:00,CUST-1436,Headphones,Electronics,East,Vikram,4,2281.58
ORD-202603-01724,2026-03-21 00:00:00+00:00,CUST-0889,Office Chair,Furniture,North,Sneha,4,7179.9
ORD-202603-01725,2026-03-23 00:00:00+00:00,CUST-0341,Notebook,Office,Central,Neha,7,209.63
ORD-202603-01726,2026-03-21 00:00:00+00:00,CUST-2502,Laptop Stand,Accessories,West,Amit,3,1538.58
ORD-202603-01727,2026-03-16 00:00:00+00:00,CUST-1002,Monitor Stand,Furniture,Central,Sneha,2,2123.67
ORD-202603-01728,2026-03-15 00:00:00+00:00,CUST-3454,Laptop Stand,Accessories,South,Neha,3,1580.17
ORD-202603-01729,2026-03-18 00:00:00+00:00,CUST-1183,Pen Set,Office,South,Sneha,4,327.25
ORD-202603-01730,2026-03-18 00:00:00+00:00,CUST-0149,Headphones,Electronics,South,Ananya,6,2475.23
ORD-202603-01731,2026-03-26 00:00:00+00:00,CUST-0739,Monitor Stand,Furniture,East,Vikram,7,1832.71
ORD-202603-01732,2026-03-24 00:00:00+00:00,CUST-2733,Headphones,Electronics,Central,Vikram,4,2516.69
ORD-202603-01733,2026-03-21 00:00:00+00:00,CUST-0632,USB Hub,Accessories,South,Rahul,4,947.73
ORD-202603-01734,2026-03-12 00:00:00+00:00,CUST-4436,Notebook,Office,South,Ananya,7,195.3
ORD-202603-01735,2026-03-16 00:00:00+00:00,CUST-3738,Mouse Pad,Accessories,North,Rahul,5,394.95
ORD-202603-01736,2026-03-02 00:00:00+00:00,CUST-0631,Notebook,Office,East,Sneha,1,208.45
ORD-202603-01737,2026-03-09 00:00:00+00:00,CUST-4294,Office Chair,Furniture,North,Vikram,5,6322.67
ORD-202603-01738,2026-03-14 00:00:00+00:00,CUST-1565,Office Chair,Furniture,North,Neha,6,7219.16
ORD-202603-01739,2026-03-19 00:00:00+00:00,CUST-4483,Laptop Stand,Accessories,South,Rahul,6,1561.12
ORD-202603-01740,2026-03-12 00:00:00+00:00,CUST-4934,Pen Set,Office,East,Karan,2,327.15
ORD-202603-01741,2026-03-02 00:00:00+00:00,CUST-1255,Notebook,Office,East,Neha,4,208.15
ORD-202603-01742,2026-03-06 00:00:00+00:00,CUST-1645,USB Hub,Accessories,Central,Neha,6,832.63
ORD-202603-01743,2026-03-06 00:00:00+00:00,CUST-0715,Mouse Pad,Accessories,Central,Priya,7,398.86
ORD-202603-01744,2026-03-22 00:00:00+00:00,CUST-0144,Office Chair,Furniture,East,,7,6867.34
ORD-202603-01745,2026-03-29 00:00:00+00:00,CUST-2574,Pen Set,Office,Central,Amit,6,293.08
ORD-202603-01746,2026-03-25 00:00:00+00:00,CUST-3419,Wireless Mouse,Electronics,Central,Neha,6,844.56
ORD-202603-01747,2026-03-16 00:00:00+00:00,CUST-2763,Wireless Mouse,Electronics,North,Karan,3,811.96
ORD-202603-01748,2026-03-05 00:00:00+00:00,CUST-4914,Desk Organizer,Office,East,Neha,5,626.66
ORD-202603-01749,2026-03-29 00:00:00+00:00,CUST-0575,Mouse Pad,Accessories,South,Priya,1,418.61
ORD-202603-01750,2026-03-15 00:00:00+00:00,,Notebook,Office,North,Sneha,1,206.5
ORD-202603-01751,2026-03-24 00:00:00+00:00,CUST-4451,Study Table,Furniture,West,Amit,2,5782.5
ORD-202603-01752,2026-03-11 00:00:00+00:00,CUST-1081,Headphones,Electronics,East,Ananya,7,2358.34
ORD-202603-01753,2026-03-11 00:00:00+00:00,CUST-1813,Webcam,Electronics,West,Amit,2,1746.59
ORD-202603-01754,2026-03-18 00:00:00+00:00,CUST-2160,Pen Set,Office,South,Ananya,3,278.74
ORD-202603-01755,2026-03-22 00:00:00+00:00,CUST-1065,Office Chair,Furniture,Central,Sneha,6,7431.19
ORD-202603-01756,2026-03-03 00:00:00+00:00,CUST-2680,Monitor Stand,Furniture,East,Vikram,1,2181.33
ORD-202603-01757,2026-03-13 00:00:00+00:00,CUST-3966,Monitor Stand,Furniture,South,Amit,2,2173.64
ORD-202603-01758,2026-03-29 00:00:00+00:00,CUST-4074,Laptop Stand,Accessories,South,,1,1352.95
ORD-202603-01759,2026-03-19 00:00:00+00:00,CUST-2297,Headphones,Electronics,South,Priya,5,2746.44
ORD-202603-01760,2026-03-02 00:00:00+00:00,CUST-4968,Pen Set,Office,North,Rahul,6,322.11
ORD-202603-01761,2026-03-21 00:00:00+00:00,CUST-1568,Headphones,Electronics,Central,Sneha,7,2348.48
ORD-202603-01762,2026-03-26 00:00:00+00:00,CUST-4066,USB Hub,Accessories,South,Amit,6,909.32
ORD-202603-01763,2026-03-27 00:00:00+00:00,CUST-4390,Webcam,Electronics,West,Vikram,6,2083.06
ORD-202603-01764,2026-03-07 00:00:00+00:00,CUST-1455,USB Hub,Accessories,East,Ananya,6,893.78
ORD-202603-01765,2026-03-06 00:00:00+00:00,CUST-0270,Study Table,Furniture,North,Ananya,7,5997.7
ORD-202603-01766,2026-03-24 00:00:00+00:00,CUST-3931,Webcam,Electronics,Central,Karan,4,1915.64
ORD-202603-01767,2026-03-28 00:00:00+00:00,CUST-0441,Study Table,Furniture,Central,Ananya,1,5327.83
ORD-202603-01768,2026-03-09 00:00:00+00:00,CUST-3155,Headphones,Electronics,West,Amit,5,2329.33
ORD-202603-01769,2026-03-06 00:00:00+00:00,CUST-2461,Webcam,Electronics,South,Sneha,3,1748.63
ORD-202603-01770,2026-03-25 00:00:00+00:00,CUST-2455,Webcam,Electronics,,Neha,7,1977.5
ORD-202603-01771,2026-03-24 00:00:00+00:00,CUST-3686,Desk Organizer,Office,West,Neha,4,578.34
ORD-202603-01772,2026-03-29 00:00:00+00:00,CUST-3174,Office Chair,Furniture,West,Sneha,5,6869.84
ORD-202603-01773,2026-03-22 00:00:00+00:00,CUST-3024,Wireless Mouse,Electronics,Central,Karan,4,868.87
ORD-202603-01774,2026-03-30 00:00:00+00:00,CUST-2199,Laptop Stand,Accessories,North,Amit,3,1409.01
ORD-202603-01775,2026-03-26 00:00:00+00:00,CUST-3485,Monitor Stand,Furniture,Central,Rahul,7,1948.34
ORD-202603-01776,2026-03-27 00:00:00+00:00,CUST-3162,Mouse Pad,Accessories,North,Rahul,7,431.68
ORD-202603-01777,2026-03-24 00:00:00+00:00,CUST-2892,Headphones,Electronics,North,Sneha,7,2719.21
ORD-202603-01778,2026-03-14 00:00:00+00:00,CUST-3685,Headphones,Electronics,West,Amit,7,2650.32
ORD-202603-01779,2026-03-04 00:00:00+00:00,CUST-0602,Mouse Pad,Accessories,West,,1,389.67
ORD-202603-01780,2026-03-14 00:00:00+00:00,CUST-0069,Headphones,Electronics,South,Neha,5,2311.8
ORD-202603-01781,2026-03-09 00:00:00+00:00,CUST-0178,USB Hub,Accessories,West,Priya,3,951.04
ORD-202603-01782,2026-03-30 00:00:00+00:00,CUST-3082,Notebook,Office,South,Vikram,4,212.49
ORD-202603-01783,2026-03-12 00:00:00+00:00,CUST-3761,Mouse Pad,Accessories,North,Priya,4,416.14
ORD-202603-01784,2026-03-28 00:00:00+00:00,CUST-0766,Notebook,Office,South,Neha,7,192.53
ORD-202603-01785,2026-03-12 00:00:00+00:00,CUST-0292,Wireless Mouse,Electronics,Central,Karan,6,823.36
ORD-202603-01786,2026-03-16 00:00:00+00:00,CUST-1684,Mouse Pad,Accessories,East,Karan,6,415.14
ORD-202603-01787,2026-03-22 00:00:00+00:00,CUST-3947,Wireless Mouse,Electronics,West,Amit,5,860.91
ORD-202603-01788,2026-03-13 00:00:00+00:00,CUST-2219,Desk Organizer,Office,,Neha,1,555.77
ORD-202603-01789,2026-03-22 00:00:00+00:00,CUST-3334,Mouse Pad,Accessories,West,Amit,2,380.15
ORD-202603-01790,2026-03-03 00:00:00+00:00,CUST-4862,Pen Set,Office,West,Amit,7,293.24
ORD-202603-01791,2026-03-19 00:00:00+00:00,CUST-2581,Laptop Stand,Accessories,North,Amit,1,1592.43
ORD-202603-01792,2026-03-12 00:00:00+00:00,CUST-1628,Headphones,Electronics,North,Karan,6,2695.77
ORD-202603-01793,2026-03-06 00:00:00+00:00,CUST-0163,Pen Set,Office,North,Vikram,5,285.75
ORD-202603-01794,2026-03-15 00:00:00+00:00,CUST-4097,Wireless Mouse,Electronics,North,Priya,6,799.66
ORD-202603-01795,2026-03-04 00:00:00+00:00,CUST-3748,Mouse Pad,Accessories,West,Neha,7,407.6
ORD-202603-01796,2026-03-26 00:00:00+00:00,CUST-1686,Webcam,Electronics,East,Ananya,3,1771.94
ORD-202603-01797,2026-03-28 00:00:00+00:00,CUST-3140,Laptop Stand,Accessories,South,Rahul,5,1586.65
ORD-202603-01798,2026-03-11 00:00:00+00:00,CUST-1147,USB Hub,Accessories,Central,Neha,1,893.77
ORD-202603-01799,2026-03-11 00:00:00+00:00,CUST-3343,USB Hub,Accessories,East,Priya,3,969.96
ORD-202603-01800,2026-03-10 00:00:00+00:00,CUST-2171,Headphones,Electronics,West,Priya,2,2523.16
ORD-202603-01801,2026-03-27 00:00:00+00:00,CUST-1014,Keyboard,Electronics,West,Priya,6,1385.53
ORD-202603-01802,2026-03-01 00:00:00+00:00,CUST-0450,Mouse Pad,Accessories,North,Amit,3,363.02
ORD-202603-01803,2026-03-05 00:00:00+00:00,CUST-0101,Webcam,Electronics,South,Karan,3,-100.0
ORD-202603-01804,2026-03-02 00:00:00+00:00,CUST-4097,Wireless Mouse,Electronics,South,Karan,4,786.08
ORD-202603-01805,2026-03-20 00:00:00+00:00,CUST-0352,Study Table,Furniture,West,Vikram,5,5162.39
ORD-202603-01806,2026-03-26 00:00:00+00:00,CUST-2492,Mouse Pad,Accessories,South,Priya,5,403.92
ORD-202603-01807,2026-03-21 00:00:00+00:00,CUST-0615,Keyboard,Electronics,East,Amit,7,1364.08
ORD-202603-01808,2026-03-06 00:00:00+00:00,CUST-3438,Laptop Stand,Accessories,Central,Sneha,4,1497.0
ORD-202603-01809,2026-03-13 00:00:00+00:00,CUST-1948,Keyboard,Electronics,South,Neha,5,1385.24
ORD-202603-01810,2026-03-30 00:00:00+00:00,CUST-3989,Monitor Stand,Furniture,Central,Vikram,3,1916.23
ORD-202603-01811,2026-03-26 00:00:00+00:00,CUST-0451,Mouse Pad,Accessories,South,Vikram,5,382.91
ORD-202603-01812,2026-03-02 00:00:00+00:00,CUST-2045,Study Table,Furniture,North,Ananya,2,5132.58
ORD-202603-01813,2026-03-05 00:00:00+00:00,CUST-2020,Laptop Stand,Accessories,North,Neha,2,1584.18
ORD-202603-01814,2026-03-25 00:00:00+00:00,CUST-2254,Monitor Stand,Furniture,East,Vikram,6,1858.27
ORD-202603-01815,2026-03-21 00:00:00+00:00,CUST-1436,Monitor Stand,Furniture,North,Karan,5,1858.98
ORD-202603-01816,2026-03-04 00:00:00+00:00,CUST-1268,Pen Set,Office,South,Sneha,6,269.52
ORD-202603-01817,2026-03-08 00:00:00+00:00,CUST-4764,USB Hub,Accessories,South,Ananya,6,878.91
ORD-202603-01818,2026-03-20 00:00:00+00:00,CUST-3572,Monitor Stand,Furniture,South,Priya,3,1973.77
ORD-202603-01819,2026-03-25 00:00:00+00:00,CUST-2282,Notebook,Office,North,Priya,6,197.05
ORD-202603-01820,2026-03-24 00:00:00+00:00,CUST-4162,Headphones,Electronics,East,Neha,2,2632.03
ORD-202603-01821,2026-03-03 00:00:00+00:00,CUST-0353,Wireless Mouse,Electronics,South,,1,785.37
ORD-202603-01822,2026-03-08 00:00:00+00:00,CUST-2871,Mouse Pad,Accessories,West,Sneha,2,359.44
ORD-202603-01823,2026-03-18 00:00:00+00:00,CUST-3401,Webcam,Electronics,East,Neha,5,1940.57
ORD-202603-01824,2026-03-18 00:00:00+00:00,CUST-0193,Desk Organizer,Office,East,Priya,5,559.61
ORD-202603-01825,2026-03-31 00:00:00+00:00,CUST-3538,Notebook,Office,West,Ananya,6,180.1
ORD-202603-01826,2026-03-25 00:00:00+00:00,CUST-3559,Mouse Pad,Accessories,East,Ananya,6,421.13
ORD-202603-01827,2026-03-09 00:00:00+00:00,CUST-2640,Webcam,Electronics,North,Priya,2,1802.47
ORD-202603-01828,2026-03-06 00:00:00+00:00,CUST-3335,Headphones,Electronics,West,Sneha,6,2626.59
ORD-202603-01829,2026-03-02 00:00:00+00:00,CUST-4727,Headphones,electronics,Central,Sneha,4,2569.83
ORD-202603-01830,2026-03-17 00:00:00+00:00,CUST-1713,Pen Set,Office, East,Sneha,7,321.92
ORD-202603-01831,2026-03-05 00:00:00+00:00,CUST-1094,Office Chair,Furniture,West,Vikram,1,6800.45
ORD-202603-01832,2026-03-17 00:00:00+00:00,CUST-2047,Monitor Stand,Furniture,West,,6,2059.0
ORD-202603-01833,2026-03-20 00:00:00+00:00,CUST-4752,Pen Set,Office,North,Amit,5,303.08
ORD-202603-01834,2026-03-24 00:00:00+00:00,CUST-2476,Mouse Pad,Accessories,North,Amit,4,421.57
ORD-202603-01835,2026-03-17 00:00:00+00:00,CUST-4642,Pen Set,Office,West ,Amit,7,288.79
ORD-202603-01836,2026-03-12 00:00:00+00:00,CUST-3954,Webcam,Electronics,South,Vikram,2,-100.0
ORD-202603-01837,2026-03-27 00:00:00+00:00,CUST-0585,Study Table,Furniture,South,Neha,3,5543.95
ORD-202603-01838,2026-03-21 00:00:00+00:00,CUST-3404,Wireless Mouse,Electronics,East,Ananya,3,726.06
ORD-202603-01839,2026-03-21 00:00:00+00:00,CUST-4393,Study Table,Furniture,East,Priya,4,4986.5
ORD-202603-01840,2026-03-30 00:00:00+00:00,CUST-2586,Keyboard,Electronics,Central,Rahul,2,1403.7
ORD-202603-01841,2026-03-30 00:00:00+00:00,CUST-1523,Monitor Stand,Furniture,Central,Rahul,5,2055.28
ORD-202603-01842,2026-03-22 00:00:00+00:00,CUST-4028,Office Chair,Furniture,North,Ananya,1,7157.36
ORD-202603-01843,2026-03-05 00:00:00+00:00,CUST-0288,USB Hub,Accessories,East,Rahul,1,942.71
ORD-202603-01844,2026-03-01 00:00:00+00:00,CUST-4296,Mouse Pad,Accessories,West,Sneha,2,360.35
ORD-202603-01845,2026-03-19 00:00:00+00:00,CUST-0405,Webcam,Electronics,South,Priya,4,1797.24
ORD-202603-01846,2026-03-05 00:00:00+00:00,CUST-0259,Headphones,Electronics,East,Ananya,1,2574.03
ORD-202603-01847,2026-03-29 00:00:00+00:00,CUST-2585,Laptop Stand,Accessories,West,Priya,5,1564.47
ORD-202603-01848,2026-03-13 00:00:00+00:00,CUST-0350,Study Table,Furniture,West,Neha,2,5641.55
ORD-202603-01849,2026-03-08 00:00:00+00:00,CUST-3601,Webcam,Electronics,Central,Vikram,6,1865.2
ORD-202603-01850,2026-03-13 00:00:00+00:00,CUST-2379,USB Hub,Accessories,North,Karan,6,914.98
ORD-202603-01851,2026-03-22 00:00:00+00:00,CUST-3697,Pen Set,Office,East,Sneha,6,310.95
ORD-202603-01852,2026-03-11 00:00:00+00:00,CUST-3909,Office Chair,Furniture,East,Rahul,4,6867.97
ORD-202603-01853,2026-03-05 00:00:00+00:00,CUST-3948,Webcam,electronics,Central,Karan,4,1923.31
ORD-202603-01854,2026-03-14 00:00:00+00:00,CUST-0549,Office Chair,Furniture,East,Ananya,3,6409.66
ORD-202603-01855,2026-03-15 00:00:00+00:00,CUST-4244,Headphones,Electronics,North,Karan,1,2333.84
ORD-202603-01856,2026-03-30 00:00:00+00:00,CUST-4317,Desk Organizer,Office,South,Vikram,2,631.65
ORD-202603-01857,2026-03-03 00:00:00+00:00,CUST-2540,Keyboard,Electronics,Central,Priya,2,1267.83
ORD-202603-01858,2026-03-25 00:00:00+00:00,CUST-0687,Monitor Stand,Furniture,North,Vikram,5,2110.16
ORD-202603-01859,2026-03-10 00:00:00+00:00,CUST-3661,Keyboard,Electronics,Central,Neha,1,1344.28
ORD-202603-01860,2026-03-05 00:00:00+00:00,CUST-3478,Study Table,Furniture,East,Neha,7,5347.9
ORD-202603-01861,2026-03-05 00:00:00+00:00,CUST-0670,Desk Organizer,Office,South,Priya,1,631.45
ORD-202603-01862,2026-03-14 00:00:00+00:00,CUST-4017,Keyboard,Electronics, South,Neha,3,1201.93
ORD-202603-01863,2026-03-20 00:00:00+00:00,CUST-3410,Office Chair,Furniture,South,Vikram,3,6523.89
ORD-202603-01864,2026-03-22 00:00:00+00:00,CUST-0228,Laptop Stand,Accessories,Central,Amit,6,1471.76
ORD-202603-01865,2026-03-24 00:00:00+00:00,CUST-3052,Monitor Stand,Furniture,Central,Rahul,5,2061.29
ORD-202603-01866,2026-03-06 00:00:00+00:00,CUST-4244,Monitor Stand,Furniture,West,Vikram,7,1918.15
ORD-202603-01867,2026-03-19 00:00:00+00:00,CUST-4775,Monitor Stand,Furniture,North,Neha,7,1928.32
ORD-202603-01868,2026-03-02 00:00:00+00:00,CUST-4208,Pen Set,Office,North,Sneha,6,320.63
ORD-202603-01869,,CUST-4300,Study Table,Furniture,Central,Sneha,2,5938.79
ORD-202603-01870,2026-03-30 00:00:00+00:00,CUST-0730,USB Hub,Accessories,South,Rahul,5,973.17
ORD-202603-01871,2026-03-19 00:00:00+00:00,CUST-0125,Wireless Mouse,Electronics,North,Sneha,5,722.61
ORD-202603-01872,2026-03-25 00:00:00+00:00,CUST-1046,Study Table,Furniture,South,Vikram,3,5827.19
ORD-202603-01873,2026-03-02 00:00:00+00:00,CUST-4408,Wireless Mouse,Electronics,West,Rahul,1,840.84
ORD-202603-01874,2026-03-28 00:00:00+00:00,CUST-4302,Pen Set,Office,West,Ananya,1,284.54
ORD-202603-01875,2026-03-12 00:00:00+00:00,CUST-0413,Notebook,Office,South,Amit,3,188.12
ORD-202603-01876,2026-03-25 00:00:00+00:00,,Laptop Stand,Accessories,East,Vikram,6,1359.55
ORD-202603-01877,2026-03-12 00:00:00+00:00,CUST-1075,Desk Organizer,Office,Central,Sneha,2,637.58
ORD-202603-01878,2026-03-22 00:00:00+00:00,CUST-2422,Webcam,Electronics,South,Sneha,7,1939.84
ORD-202603-01879,2026-03-17 00:00:00+00:00,CUST-3049,Monitor Stand,Furniture,North,Amit,3,1805.43
ORD-202603-01880,2026-03-24 00:00:00+00:00,CUST-0629,Study Table,Furniture,South,Sneha,5,5196.84
ORD-202603-01881,2026-03-30 00:00:00+00:00,CUST-1904,Study Table,Furniture,Central,Neha,1,5862.78
ORD-202603-01882,2026-03-17 00:00:00+00:00,CUST-1398,Study Table,Furniture,East,Karan,1,5611.31
ORD-202603-01883,2026-03-01 00:00:00+00:00,CUST-1792,Office Chair,Furniture,West,Vikram,4,7497.02
ORD-202603-01884,2026-03-08 00:00:00+00:00,CUST-1692,Study Table,Furniture,South,Neha,1,5110.45
ORD-202603-01885,2026-03-11 00:00:00+00:00,CUST-2260,Study Table,Furniture,Central,Neha,5,5996.76
ORD-202603-01886,2026-03-03 00:00:00+00:00,CUST-3156,Office Chair,Furniture,North,Priya,3,6589.46
ORD-202603-01887,2026-03-16 00:00:00+00:00,CUST-0588,Office Chair,Furniture,North,Ananya,2,6723.96
ORD-202603-01888,2026-03-19 00:00:00+00:00,CUST-3609,Headphones,Electronics,Central,Neha,7,2711.96
ORD-202603-01889,2026-03-16 00:00:00+00:00,CUST-0586,Headphones,Electronics,West,Rahul,3,2405.49
ORD-202603-01890,2026-03-07 00:00:00+00:00,CUST-3034,USB Hub,Accessories,Central,Vikram,1,916.12
ORD-202603-01891,2026-03-12 00:00:00+00:00,CUST-0986,Laptop Stand,Accessories,East,Rahul,1,1452.26
ORD-202603-01892,2026-03-26 00:00:00+00:00,CUST-4452,Laptop Stand,Accessories,West,Amit,3,1570.86
ORD-202603-01893,2026-03-05 00:00:00+00:00,CUST-1615,Webcam,Electronics,East,Karan,4,1827.36
ORD-202603-01894,2026-03-17 00:00:00+00:00,CUST-0053,Webcam,Electronics,North,Karan,4,1876.7
ORD-202603-01895,2026-03-25 00:00:00+00:00,CUST-0503,Notebook,Office,South,Karan,4,182.43
ORD-202603-01896,2026-03-31 00:00:00+00:00,CUST-1950,Office Chair,Furniture,Central,Sneha,1,7588.23
ORD-202603-01897,2026-03-16 00:00:00+00:00,CUST-4799,Office Chair,Furniture,Central,Amit,2,7567.36
ORD-202603-01898,2026-03-12 00:00:00+00:00,CUST-1460,Keyboard,Electronics,East,Ananya,1,1378.03
ORD-202603-01899,2026-03-20 00:00:00+00:00,CUST-2495,Notebook,Office,Central,Priya,4,213.85
ORD-202603-01900,2026-03-14 00:00:00+00:00,CUST-3759,Mouse Pad,Accessories,South,Vikram,1,407.2
ORD-202603-01901,2026-03-25 00:00:00+00:00,CUST-1160,Office Chair,Furniture,South,Sneha,6,6418.73
ORD-202603-01902,2026-03-09 00:00:00+00:00,CUST-3405,Study Table,Furniture,West,Neha,4,5026.74
ORD-202603-01903,2026-03-10 00:00:00+00:00,CUST-2071,Laptop Stand,Accessories,North,Vikram,2,1584.77
ORD-202603-01904,2026-03-09 00:00:00+00:00,CUST-4455,Office Chair,Furniture,North,Sneha,3,7022.91
ORD-202603-01905,2026-03-25 00:00:00+00:00,CUST-3408,Notebook,Office,South,Ananya,1,190.12
ORD-202603-01906,2026-03-15 00:00:00+00:00,CUST-1567,Webcam,Electronics,North,Neha,1,1723.33
ORD-202603-01907,2026-03-23 00:00:00+00:00,CUST-2263,Notebook,Office,East,Sneha,5,218.26
ORD-202603-01908,2026-03-03 00:00:00+00:00,CUST-4278,Wireless Mouse,Electronics,West,Priya,4,734.55
ORD-202603-01909,2026-03-24 00:00:00+00:00,CUST-1856,Wireless Mouse,Electronics,West,Neha,1,777.31
ORD-202603-01910,2026-03-26 00:00:00+00:00,CUST-2692,USB Hub,Accessories,North,Sneha,6,931.4
ORD-202603-01911,2026-03-04 00:00:00+00:00,CUST-4278,Monitor Stand,Furniture,Central,Ananya,7,2048.21
ORD-202603-01912,2026-03-04 00:00:00+00:00,CUST-0767,Notebook,Office,East,Karan,5,184.13
ORD-202603-01913,2026-03-18 00:00:00+00:00,CUST-4207,Pen Set,Office,South,,7,306.2
ORD-202603-01914,2026-03-29 00:00:00+00:00,CUST-4146,Study Table,Furniture,East,Rahul,5,5319.07
ORD-202603-01915,2026-03-27 00:00:00+00:00,CUST-2710,USB Hub,Accessories,North,Neha,7,839.77
ORD-202603-01916,2026-03-13 00:00:00+00:00,CUST-1168,Mouse Pad,Accessories,Central,Vikram,4,408.34
ORD-202603-01917,2026-03-29 00:00:00+00:00,CUST-0706,Webcam,Electronics,East,Vikram,6,2051.09
ORD-202603-01918,2026-03-15 00:00:00+00:00,CUST-3802,Webcam,Electronics,South,Vikram,6,1994.53
ORD-202603-01919,2026-03-21 00:00:00+00:00,CUST-1879,Study Table,Furniture,West,Priya,3,5127.78
ORD-202603-01920,2026-03-30 00:00:00+00:00,CUST-2685,Pen Set,Office,,Sneha,1,279.51
ORD-202603-01921,2026-03-06 00:00:00+00:00,CUST-0450,Keyboard,Electronics,West,Karan,3,1291.03
ORD-202603-01922,2026-03-23 00:00:00+00:00,CUST-2575,USB Hub,Accessories,East,Vikram,2,812.9
ORD-202603-01923,2026-03-14 00:00:00+00:00,CUST-0345,Office Chair,Furniture,Central,Priya,7,6328.14
ORD-202603-01924,2026-03-09 00:00:00+00:00,CUST-2675,Office Chair,Furniture,East,Neha,5,6651.73
ORD-202603-01925,2026-03-13 00:00:00+00:00,CUST-4209,Pen Set,Office,West,Rahul,7,275.48
ORD-202603-01926,2026-03-10 00:00:00+00:00,CUST-4878,Wireless Mouse,Electronics, East,Vikram,3,806.47
ORD-202603-01927,2026-03-19 00:00:00+00:00,CUST-4226,Laptop Stand,Accessories,Central,Neha,4,1362.12
ORD-202603-01928,2026-03-05 00:00:00+00:00,CUST-2924,USB Hub,Accessories,Central,Sneha,2,852.89
ORD-202603-01929,2026-03-19 00:00:00+00:00,CUST-3714,Headphones,Electronics,East,Vikram,4,2278.19
ORD-202603-01930,2026-03-20 00:00:00+00:00,CUST-0221,USB Hub,Accessories,West,Amit,1,904.48
ORD-202603-01931,2026-03-25 00:00:00+00:00,CUST-3416,Laptop Stand,Accessories,South,Rahul,3,1454.81
ORD-202603-01932,2026-03-21 00:00:00+00:00,CUST-4780,Notebook,Office,Central,Ananya,7,182.4
ORD-202603-01933,2026-03-22 00:00:00+00:00,CUST-0758,Laptop Stand,Accessories,West,Priya,5,1455.34
ORD-202603-01934,2026-03-28 00:00:00+00:00,CUST-1409,Laptop Stand,Accessories,South,Amit,6,1349.29
ORD-202603-01935,2026-03-19 00:00:00+00:00,CUST-4967,Study Table,Furniture,Central,Vikram,6,5856.93
ORD-202603-01936,2026-03-09 00:00:00+00:00,CUST-2351,USB Hub,Accessories,West,Rahul,1,874.5
ORD-202603-01937,2026-03-24 00:00:00+00:00,CUST-3618,Headphones,Electronics,North,Amit,4,2581.92
ORD-202603-01938,2026-03-03 00:00:00+00:00,CUST-4116,Desk Organizer,Office,Central,Ananya,3,624.01
ORD-202603-01939,2026-03-13 00:00:00+00:00,CUST-4781,Webcam,Electronics,South,Ananya,1,1919.86
ORD-202603-01940,2026-03-07 00:00:00+00:00,CUST-0423,Headphones,Electronics,North,Ananya,2,2543.4
ORD-202603-01941,2026-03-26 00:00:00+00:00,CUST-1792,Desk Organizer,Office,South,Amit,1,590.45
ORD-202603-01942,2026-03-30 00:00:00+00:00,CUST-1163,Webcam,Electronics,East,Karan,2,1863.85
ORD-202603-01943,2026-03-11 00:00:00+00:00,CUST-4070,Wireless Mouse,Electronics,North,Amit,5,767.99
ORD-202603-01944,2026-03-31 00:00:00+00:00,CUST-4385,Keyboard,Electronics,East,Vikram,2,1187.61
ORD-202603-01945,2026-03-30 00:00:00+00:00,CUST-4345,Desk Organizer,Office,East,Sneha,6,580.97
ORD-202603-01946,2026-03-11 00:00:00+00:00,CUST-0587,Webcam,Electronics,East,Karan,3,1884.76
ORD-202603-01947,2026-03-07 00:00:00+00:00,CUST-3355,USB Hub,Accessories,East,Sneha,1,833.15
ORD-202603-01948,2026-03-16 00:00:00+00:00,CUST-2584,Mouse Pad,Accessories,East,Vikram,5,431.56
ORD-202603-01949,2026-03-27 00:00:00+00:00,CUST-3627,Webcam,Electronics,North,Neha,2,1712.28
ORD-202603-01950,2026-03-27 00:00:00+00:00,CUST-0930,Headphones,Electronics,Central,Priya,7,2360.95
ORD-202603-01951,2026-03-23 00:00:00+00:00,CUST-0647,Wireless Mouse,Electronics,West,Sneha,4,827.73
ORD-202603-01952,2026-03-15 00:00:00+00:00,CUST-1771,Wireless Mouse,Electronics,South,Neha,1,850.69
ORD-202603-01953,2026-03-14 00:00:00+00:00,CUST-1767,Study Table,Furniture,North,Vikram,2,5470.12
ORD-202603-01954,2026-03-30 00:00:00+00:00,CUST-3953,Monitor Stand,Furniture,Central,Priya,3,2034.43
ORD-202603-01955,2026-03-18 00:00:00+00:00,CUST-0955,Pen Set,Office,East,Rahul,4,285.43
ORD-202603-01956,2026-03-26 00:00:00+00:00,CUST-4796,USB Hub,Accessories,Central,Vikram,5,980.69
ORD-202603-01957,2026-03-26 00:00:00+00:00,CUST-0086,Office Chair,Furniture,East,Karan,3,7200.8
ORD-202603-01958,2026-03-23 00:00:00+00:00,CUST-2870,Office Chair,Furniture,South,Vikram,3,6483.13
ORD-202603-01959,2026-03-28 00:00:00+00:00,CUST-2651,USB Hub,Accessories,South,Priya,7,941.51
ORD-202603-01960,2026-03-20 00:00:00+00:00,CUST-1810,Desk Organizer,Office,North,Rahul,2,554.41
ORD-202603-01961,2026-03-14 00:00:00+00:00,CUST-0558,Keyboard,Electronics,East,Vikram,6,1273.89
ORD-202603-01962,2026-03-07 00:00:00+00:00,CUST-0401,Headphones,Electronics,West,Neha,2,2494.61
ORD-202603-01963,2026-03-02 00:00:00+00:00,CUST-1383,Office Chair,Furniture,North,Priya,2,7310.33
ORD-202603-01964,2026-03-06 00:00:00+00:00,CUST-2008,Mouse Pad,Accessories,North,Vikram,5,438.61
ORD-202603-01965,2026-03-31 00:00:00+00:00,CUST-0952,Office Chair,Furniture,North,Ananya,1,6819.11
ORD-202603-01966,2026-03-27 00:00:00+00:00,CUST-4070,Notebook,Office,East,Neha,2,205.99
ORD-202603-01967,2026-03-15 00:00:00+00:00,CUST-4867,Keyboard,Electronics,East,Sneha,6,1343.79
ORD-202603-01968,2026-03-08 00:00:00+00:00,CUST-3784,Headphones,Electronics,East,Priya,1,2341.16
ORD-202603-01969,2026-03-04 00:00:00+00:00,CUST-4136,Mouse Pad,Accessories,Central,Rahul,2,410.4
ORD-202603-01970,2026-03-08 00:00:00+00:00,CUST-1782,Keyboard,Electronics,Central,Sneha,6,1397.57
ORD-202603-01971,2026-03-08 00:00:00+00:00,CUST-4307,Office Chair,Furniture,Central,Amit,4,7077.02
ORD-202603-01972,2026-03-27 00:00:00+00:00,CUST-0850,Webcam,Electronics,South,Karan,3,1891.32
ORD-202603-01973,2026-03-23 00:00:00+00:00,CUST-3009,Desk Organizer,Office,East,Priya,6,616.68
ORD-202603-01974,2026-03-02 00:00:00+00:00,CUST-2719,Webcam,Electronics,West,Priya,7,2015.54
ORD-202603-01975,2026-03-01 00:00:00+00:00,CUST-2392,Office Chair,Furniture,South,Priya,1,6614.44
ORD-202603-01976,2026-03-23 00:00:00+00:00,CUST-4161,Webcam,Electronics,Central,Neha,4,1771.05
ORD-202603-01977,2026-03-05 00:00:00+00:00,CUST-1688,Mouse Pad,Accessories,North,Priya,7,411.07
ORD-202603-01978,2026-03-20 00:00:00+00:00,CUST-2812,Webcam,Electronics,East,Neha,1,1722.23
ORD-202603-01979,2026-03-14 00:00:00+00:00,CUST-2314,Study Table,Furniture,West,Priya,3,5856.73
ORD-202603-01980,2026-03-02 00:00:00+00:00,CUST-2709,Notebook,Office,North,Sneha,2,191.12
ORD-202603-01981,2026-03-21 00:00:00+00:00,CUST-1717,Mouse Pad,Accessories,Central,Ananya,2,367.96
ORD-202603-01982,2026-03-06 00:00:00+00:00,CUST-3534,Webcam,Electronics,North,Ananya,7,1999.52
ORD-202603-01983,2026-03-08 00:00:00+00:00,CUST-2957,Headphones,Electronics,South,Amit,5,2360.5
ORD-202603-01984,2026-03-10 00:00:00+00:00,CUST-0647,Office Chair,Furniture,South,Ananya,1,6861.02
ORD-202603-01985,2026-03-30 00:00:00+00:00,CUST-2212,Wireless Mouse,Electronics,West,Karan,3,785.24
ORD-202603-01986,2026-03-08 00:00:00+00:00,CUST-3094,Wireless Mouse,Electronics,South,Priya,3,850.17
ORD-202603-01987,2026-03-09 00:00:00+00:00,CUST-0481,Pen Set,Office,East,Sneha,7,284.91
ORD-202603-01988,2026-03-06 00:00:00+00:00,CUST-0391,Pen Set,Office,South,Priya,3,306.97
ORD-202603-01989,2026-03-28 00:00:00+00:00,CUST-2718,Laptop Stand,Accessories,South,Sneha,1,1648.49
ORD-202603-01990,2026-03-27 00:00:00+00:00,CUST-0799,Office Chair,Furniture,East,Sneha,7,7138.08
ORD-202603-01991,2026-03-30 00:00:00+00:00,CUST-2853,Wireless Mouse,Electronics,South,,1,741.63
ORD-202603-01992,2026-03-29 00:00:00+00:00,CUST-0258,USB Hub,Accessories,East,Neha,7,860.03
ORD-202603-01993,2026-03-16 00:00:00+00:00,CUST-4273,Study Table,Furniture,East,Priya,3,5537.63
ORD-202603-01994,2026-03-06 00:00:00+00:00,CUST-3072,Laptop Stand,Accessories,South,Amit,5,1445.73
ORD-202603-01995,2026-03-14 00:00:00+00:00,CUST-3169,Office Chair,Furniture,East,Neha,4,7022.17
ORD-202603-01996,2026-03-18 00:00:00+00:00,CUST-4821,Webcam,Electronics,East,Neha,2,1915.42
ORD-202603-01997,2026-03-25 00:00:00+00:00,CUST-3124,Webcam,Electronics,,Priya,4,1988.45
ORD-202603-01998,2026-03-14 00:00:00+00:00,CUST-0742,Laptop Stand,Accessories,West,Vikram,2,1535.86
ORD-202603-01999,2026-03-02 00:00:00+00:00,CUST-4499,Webcam,Electronics,South,Sneha,4,1974.18
ORD-202603-02000,2026-03-12 00:00:00+00:00,CUST-2353,Keyboard,Electronics,East,Rahul,1,1225.82
ORD-202603-02001,2026-03-18 00:00:00+00:00,CUST-3355,Study Table,Furniture,East,Karan,2,5414.55
ORD-202603-02002,2026-03-30 00:00:00+00:00,CUST-4470,Notebook,Office,West,Neha,1,211.94
ORD-202603-02003,2026-03-19 00:00:00+00:00,CUST-2367,Monitor Stand,Furniture,West,Neha,5,2099.84
ORD-202603-02004,2026-03-02 00:00:00+00:00,CUST-4251,Pen Set,Office,South,Rahul,7,279.99
ORD-202603-02005,2026-03-17 00:00:00+00:00,CUST-4761,Study Table,Furniture,South,Sneha,1,5019.45
ORD-202603-02006,2026-03-31 00:00:00+00:00,CUST-2116,USB Hub,Accessories,South,Neha,5,926.54
ORD-202603-02007,2026-03-13 00:00:00+00:00,CUST-0129,Headphones,Electronics,South,Sneha,4,2471.05
ORD-202603-02008,2026-03-10 00:00:00+00:00,CUST-3724,Monitor Stand, Furniture,East,Sneha,2,1963.21
ORD-202603-02009,2026-03-01 00:00:00+00:00,CUST-4014,Office Chair,Furniture,South,Priya,5,6334.12
ORD-202603-02010,2026-03-18 00:00:00+00:00,CUST-0217,Study Table,Furniture,Central,Neha,6,5368.84
ORD-202603-02011,2026-03-09 00:00:00+00:00,CUST-4768,Monitor Stand,Furniture,Central,Amit,7,1870.55
ORD-202603-02012,2026-03-29 00:00:00+00:00,CUST-3783,Webcam,Electronics,West,Karan,1,1722.15
ORD-202603-02013,2026-03-08 00:00:00+00:00,CUST-0968,Notebook,Office,West,Rahul,2,194.98
ORD-202603-02014,2026-03-20 00:00:00+00:00,CUST-3628,Desk Organizer,Office,South,Priya,4,637.91
ORD-202603-02015,2026-03-20 00:00:00+00:00,CUST-3440,Study Table,Furniture,East,Priya,6,5929.43
ORD-202603-02016,2026-03-24 00:00:00+00:00,CUST-2915,Keyboard,Electronics,North,Karan,2,1230.98
ORD-202603-02017,2026-03-12 00:00:00+00:00,CUST-2849,Monitor Stand,Furniture,North,Amit,3,1909.03
ORD-202603-02018,2026-03-04 00:00:00+00:00,CUST-0572,Desk Organizer,Office,East,Vikram,4,550.91
ORD-202603-02019,2026-03-06 00:00:00+00:00,CUST-4693,Mouse Pad,Accessories,North,Sneha,5,431.66
ORD-202603-02020,2026-03-18 00:00:00+00:00,CUST-1482,Desk Organizer,Office,Central,Rahul,2,546.91
ORD-202603-02021,2026-03-10 00:00:00+00:00,CUST-1443,Webcam,Electronics,West,Priya,3,2065.08
ORD-202603-02022,2026-03-10 00:00:00+00:00,CUST-0859,Laptop Stand,Accessories,West,Vikram,1,1541.41
ORD-202603-02023,2026-03-04 00:00:00+00:00,CUST-1002,Headphones,Electronics,Central,Ananya,2,2642.19
ORD-202603-02024,2026-03-14 00:00:00+00:00,CUST-0295,USB Hub,Accessories,East,Rahul,7,848.65
ORD-202603-02025,2026-03-18 00:00:00+00:00,CUST-4145,Laptop Stand,Accessories,Central,Ananya,6,1531.23
ORD-202603-02026,2026-03-08 00:00:00+00:00,CUST-4496,Notebook,Office,North,Karan,7,183.43
ORD-202603-02027,2026-03-24 00:00:00+00:00,CUST-0266,USB Hub,Accessories,Central,Ananya,7,927.53
ORD-202603-02028,2026-03-20 00:00:00+00:00,CUST-0909,Webcam,Electronics,North,Karan,4,1937.12
ORD-202603-02029,2026-03-12 00:00:00+00:00,CUST-2220,USB Hub,Accessories,North,Rahul,2,957.24
ORD-202603-02030,2026-03-17 00:00:00+00:00,CUST-1034,Notebook,Office,,Priya,6,204.77
ORD-202603-02031,2026-03-25 00:00:00+00:00,CUST-1000,Office Chair,Furniture,West,Sneha,7,7659.04
ORD-202603-02032,2026-03-04 00:00:00+00:00,CUST-3504,Study Table,Furniture,South,Neha,2,5488.37
ORD-202603-02033,2026-03-10 00:00:00+00:00,CUST-4396,Webcam,Electronics,North,Amit,6,1918.72
ORD-202603-02034,2026-03-23 00:00:00+00:00,CUST-1611,USB Hub,Accessories,South,Priya,3,822.74
ORD-202603-02035,2026-03-23 00:00:00+00:00,CUST-2600,Desk Organizer,Office,East,Sneha,7,552.07
ORD-202603-02036,2026-03-09 00:00:00+00:00,CUST-2025,Headphones,electronics,South,Amit,2,2335.82
ORD-202603-02037,2026-03-20 00:00:00+00:00,CUST-1875,Desk Organizer,Office,Central,Karan,5,553.28
ORD-202603-02038,2026-03-19 00:00:00+00:00,CUST-0283,Notebook,Office,Central,Rahul,1,184.56
ORD-202603-02039,2026-03-19 00:00:00+00:00,CUST-3536,Keyboard,Electronics,,Sneha,7,1236.77
ORD-202603-02040,2026-03-27 00:00:00+00:00,CUST-4634,Pen Set,Office,South,Vikram,3,285.75
ORD-202603-02041,2026-03-08 00:00:00+00:00,CUST-3797,Headphones,Electronics,North,Karan,4,2596.74
ORD-202603-02042,2026-03-13 00:00:00+00:00,CUST-4983,Mouse Pad,Accessories,,Karan,6,397.92
ORD-202603-02043,2026-03-14 00:00:00+00:00,CUST-4102,Laptop Stand,Accessories,North,Neha,2,1627.03
ORD-202603-02044,2026-03-20 00:00:00+00:00,CUST-1842,Wireless Mouse,Electronics,South,Sneha,6,773.9
ORD-202603-02045,2026-03-22 00:00:00+00:00,CUST-4109,Pen Set,Office,Central,Ananya,1,272.89
ORD-202603-02046,2026-03-27 00:00:00+00:00,CUST-1079,Pen Set,Office,West,Neha,4,319.58
ORD-202603-02047,2026-03-05 00:00:00+00:00,CUST-1999,Webcam,Electronics,North,Rahul,3,2029.15
ORD-202603-02048,2026-03-20 00:00:00+00:00,CUST-3529,Wireless Mouse,Electronics,East,Amit,4,777.15
ORD-202603-02049,2026-03-06 00:00:00+00:00,CUST-1441,Study Table,Furniture,South,Priya,5,5026.53
ORD-202603-02050,2026-03-31 00:00:00+00:00,CUST-3789,USB Hub,Accessories,West,Ananya,5,967.48
ORD-202603-02051,2026-03-01 00:00:00+00:00,CUST-0930,Study Table,Furniture,East,Ananya,2,5975.81
ORD-202603-02052,2026-03-03 00:00:00+00:00,CUST-0769,USB Hub,Accessories,West,Priya,7,988.39
ORD-202603-02053,2026-03-28 00:00:00+00:00,CUST-3767,Desk Organizer,Office,North,Neha,5,585.95
ORD-202603-02054,2026-03-12 00:00:00+00:00,CUST-2435,Study Table,Furniture,South,Vikram,2,5088.92
ORD-202603-02055,2026-03-11 00:00:00+00:00,CUST-4670,Pen Set,Office,South,Priya,2,291.69
ORD-202603-02056,,CUST-0978,Study Table,Furniture, Central,Neha,3,5593.11
ORD-202603-02057,2026-03-05 00:00:00+00:00,CUST-3575,Wireless Mouse,Electronics,West,Karan,7,726.01
ORD-202603-02058,2026-03-16 00:00:00+00:00,CUST-1169,Office Chair,Furniture,North,,7,6682.95
ORD-202603-02059,2026-03-11 00:00:00+00:00,CUST-2365,Desk Organizer,Office,North,Karan,2,651.95
ORD-202603-02060,2026-03-09 00:00:00+00:00,CUST-2469,Office Chair,Furniture,West,Rahul,4,6360.95
ORD-202603-02061,2026-03-07 00:00:00+00:00,CUST-4244,Pen Set,Office,South,Amit,3,278.13
ORD-202603-02062,2026-03-11 00:00:00+00:00,CUST-1999,Headphones,Electronics,East,Rahul,6,2539.5
ORD-202603-02063,2026-03-16 00:00:00+00:00,CUST-1817,Notebook,Office,South,Neha,6,217.22
ORD-202603-02064,2026-03-23 00:00:00+00:00,CUST-2376,Desk Organizer,Office,South,Priya,4,651.75
ORD-202603-02065,2026-03-07 00:00:00+00:00,CUST-4890,Monitor Stand,Furniture,North,Ananya,3,1902.06
ORD-202603-02066,2026-03-25 00:00:00+00:00,CUST-1922,Desk Organizer,Office,East,Ananya,7,612.63
ORD-202603-02067,2026-03-06 00:00:00+00:00,CUST-2747,Office Chair,Furniture,West,Vikram,3,7649.92
ORD-202603-02068,2026-03-20 00:00:00+00:00,CUST-0366,Office Chair,Furniture,East,Neha,7,7180.53
ORD-202603-02069,2026-03-12 00:00:00+00:00,CUST-3018,Keyboard,Electronics,North,Amit,1,1226.66
ORD-202603-02070,2026-03-28 00:00:00+00:00,CUST-0382,Office Chair,Furniture,South,Ananya,4,7270.06
ORD-202603-02071,2026-03-22 00:00:00+00:00,CUST-0075,Desk Organizer,Office,West,Rahul,4,600.35
ORD-202603-02072,2026-03-17 00:00:00+00:00,CUST-1310,Headphones,Electronics,West,Vikram,1,2495.89
ORD-202603-02073,2026-03-02 00:00:00+00:00,CUST-0953,Headphones,Electronics,Central,Rahul,1,2493.19
ORD-202603-02074,2026-03-26 00:00:00+00:00,CUST-2615,Webcam,Electronics,East,Priya,4,1751.84
ORD-202603-02075,2026-03-31 00:00:00+00:00,CUST-1044,Notebook,Office,Central,Vikram,6,210.52
ORD-202603-02076,2026-03-04 00:00:00+00:00,CUST-1065,Office Chair,Furniture,West,Rahul,2,6784.77
ORD-202603-02077,2026-03-17 00:00:00+00:00,CUST-4444,Study Table,Furniture,Central,Neha,7,5152.29
ORD-202603-02078,2026-03-31 00:00:00+00:00,CUST-3128,Keyboard,Electronics,North,Sneha,2,1283.63
ORD-202603-02079,2026-03-20 00:00:00+00:00,CUST-0055,Monitor Stand,Furniture,South,Rahul,1,2056.19
ORD-202603-02080,2026-03-28 00:00:00+00:00,CUST-3809,Keyboard,Electronics,South,Neha,4,1312.88
ORD-202603-02081,2026-03-25 00:00:00+00:00,CUST-3619,Notebook,Office,North,Rahul,1,211.7
ORD-202603-02082,2026-03-28 00:00:00+00:00,CUST-4462,Monitor Stand,Furniture,East,Amit,4,2136.26
ORD-202603-02083,2026-03-10 00:00:00+00:00,CUST-2700,USB Hub,Accessories,North,Neha,1,920.68
ORD-202603-02084,2026-03-28 00:00:00+00:00,CUST-4719,Monitor Stand,Furniture,West,Ananya,7,2019.67
ORD-202603-02085,2026-03-06 00:00:00+00:00,CUST-4702,Pen Set,Office,South,Rahul,5,302.99
ORD-202603-02086,2026-03-27 00:00:00+00:00,CUST-1824,Laptop Stand,Accessories,South,Rahul,1,1466.95
ORD-202603-02087,2026-03-18 00:00:00+00:00,CUST-0400,Study Table,Furniture,South,,7,5465.2
ORD-202603-02088,2026-03-03 00:00:00+00:00,CUST-4716,Wireless Mouse,Electronics,South,Neha,3,803.27
ORD-202603-02089,2026-03-22 00:00:00+00:00,CUST-3274,Desk Organizer,Office,East,Vikram,4,635.04
ORD-202603-02090,2026-03-29 00:00:00+00:00,CUST-4377,USB Hub,Accessories,Central,Priya,5,943.21
ORD-202603-02091,2026-03-28 00:00:00+00:00,CUST-0375,Desk Organizer,Office,North,Neha,3,562.53
ORD-202603-02092,2026-03-06 00:00:00+00:00,CUST-1579,Wireless Mouse,Electronics,North,Amit,5,875.36
ORD-202603-02093,2026-03-27 00:00:00+00:00,CUST-0004,Study Table,Furniture,South,Vikram,2,6010.79
ORD-202603-02094,2026-03-27 00:00:00+00:00,CUST-1850,Keyboard,Electronics,West,Vikram,3,1241.64
ORD-202603-02095,2026-03-30 00:00:00+00:00,CUST-3763,Notebook,Office,,Priya,5,218.85
ORD-202603-02096,2026-03-18 00:00:00+00:00,CUST-0840,Headphones,Electronics,Central,Neha,2,2511.55
ORD-202603-02097,2026-03-29 00:00:00+00:00,CUST-1874,Monitor Stand,Furniture,West,Ananya,3,1889.75
ORD-202603-02098,2026-03-09 00:00:00+00:00,CUST-4346,Office Chair,Furniture,South,Neha,2,7307.65
ORD-202603-02099,2026-03-17 00:00:00+00:00,CUST-1525,Office Chair,Furniture,West,Sneha,1,6366.23
ORD-202603-02100,2026-03-10 00:00:00+00:00,CUST-2648,Laptop Stand,Accessories,East,Sneha,7,1555.25
ORD-202603-02101,2026-03-12 00:00:00+00:00,CUST-2180,Headphones,Electronics,West,Priya,7,2666.43
ORD-202603-02102,2026-03-09 00:00:00+00:00,CUST-1030,Wireless Mouse,Electronics,East,Rahul,2,775.12
ORD-202603-02103,2026-03-21 00:00:00+00:00,CUST-4646,Headphones,Electronics,Central,Rahul,6,2416.35
ORD-202603-02104,2026-03-23 00:00:00+00:00,CUST-4047,Pen Set,Office,West,Vikram,4,285.39
ORD-202603-02105,2026-03-26 00:00:00+00:00,CUST-1951,Laptop Stand,Accessories,Central,Vikram,2,1471.27
ORD-202603-02106,2026-03-23 00:00:00+00:00,CUST-4252,Wireless Mouse,Electronics,Central,Karan,7,810.74
ORD-202603-02107,2026-03-04 00:00:00+00:00,CUST-2487,Monitor Stand,Furniture,East,Rahul,1,2103.77
ORD-202603-02108,2026-03-14 00:00:00+00:00,CUST-3199,Study Table,Furniture,South,Neha,1,5924.2
ORD-202603-02109,2026-03-20 00:00:00+00:00,CUST-1467,USB Hub,Accessories,South,Neha,3,907.73
ORD-202603-02110,2026-03-14 00:00:00+00:00,CUST-1972,Webcam,Electronics,South,Karan,7,1889.5
ORD-202603-02111,2026-03-06 00:00:00+00:00,CUST-4632,USB Hub,Accessories,North,Neha,3,876.47
ORD-202603-02112,2026-03-07 00:00:00+00:00,CUST-1101,Webcam,Electronics,South,Vikram,6,1935.21
ORD-202603-02113,2026-03-17 00:00:00+00:00,CUST-2069,Wireless Mouse,Electronics,Central,Amit,7,742.25
ORD-202603-02114,2026-03-13 00:00:00+00:00,CUST-3832,USB Hub,Accessories,North,Rahul,4,893.06
ORD-202603-02115,2026-03-22 00:00:00+00:00,CUST-1648,Headphones,Electronics,Central,Neha,1,2503.39
ORD-202603-02116,2026-03-21 00:00:00+00:00,CUST-3853,Keyboard,Electronics,North,Sneha,7,1332.59
ORD-202603-02117,2026-03-08 00:00:00+00:00,CUST-1961,Monitor Stand,Furniture,North,Amit,6,1826.49
ORD-202603-02118,2026-03-20 00:00:00+00:00,CUST-2555,Wireless Mouse,Electronics,Central,Neha,1,787.76
ORD-202603-02119,2026-03-18 00:00:00+00:00,CUST-4958,Office Chair,Furniture,East,Ananya,5,7365.42
ORD-202603-02120,2026-03-05 00:00:00+00:00,CUST-3714,Study Table,Furniture,South,Neha,6,5811.39
ORD-202603-02121,2026-03-26 00:00:00+00:00,CUST-4592,USB Hub,Accessories,North,Rahul,4,906.77
ORD-202603-02122,2026-03-23 00:00:00+00:00,CUST-0999,Study Table,Furniture,North,Ananya,2,5908.0
ORD-202603-02123,2026-03-28 00:00:00+00:00,CUST-4174,Mouse Pad,Accessories,South,Amit,7,419.33
ORD-202603-02124,2026-03-31 00:00:00+00:00,CUST-2648,Study Table,Furniture,North,Vikram,3,5825.96
ORD-202603-02125,2026-03-09 00:00:00+00:00,CUST-3831,Office Chair,Furniture,West,Sneha,1,7409.1
ORD-202603-02126,2026-03-26 00:00:00+00:00,CUST-1626,Pen Set,Office,Central,Vikram,1,312.67
ORD-202603-02127,2026-03-30 00:00:00+00:00,CUST-3660,Notebook,Office,South,Karan,4,213.18
ORD-202603-02128,2026-03-01 00:00:00+00:00,,Wireless Mouse,Electronics,North,Ananya,4,734.58
ORD-202603-02129,2026-03-20 00:00:00+00:00,CUST-2487,Webcam,Electronics,Central,Vikram,5,1900.43
ORD-202603-02130,2026-03-26 00:00:00+00:00,CUST-2122,Monitor Stand,Furniture,West,Ananya,2,2129.11
ORD-202603-02131,2026-03-04 00:00:00+00:00,CUST-2636,Study Table,Furniture,South,Sneha,1,5069.31
ORD-202603-02132,2026-03-01 00:00:00+00:00,CUST-1029,Desk Organizer,Office,West,Vikram,2,557.69
ORD-202603-02133,2026-03-10 00:00:00+00:00,CUST-2808,Mouse Pad,Accessories,West,Rahul,1,391.15
ORD-202603-02134,2026-03-05 00:00:00+00:00,CUST-0981,USB Hub,Accessories,West,Vikram,1,910.52
ORD-202603-02135,2026-03-06 00:00:00+00:00,CUST-3460,USB Hub,Accessories,North,Neha,5,939.26
ORD-202603-02136,2026-03-08 00:00:00+00:00,CUST-4979,Desk Organizer,Office,South,Priya,3,606.29
ORD-202603-02137,2026-03-08 00:00:00+00:00,CUST-3813,Webcam,Electronics,East,Sneha,2,1791.38
ORD-202603-02138,2026-03-16 00:00:00+00:00,CUST-4997,Notebook,Office,West,Ananya,2,212.85
ORD-202603-02139,2026-03-29 00:00:00+00:00,CUST-2199,Pen Set,Office,East,Rahul,6,284.95
ORD-202603-02140,2026-03-27 00:00:00+00:00,CUST-3999,Pen Set,Office,South,Sneha,5,320.41
ORD-202603-02141,2026-03-04 00:00:00+00:00,CUST-2809,Headphones,Electronics,South,Rahul,1,2496.54
ORD-202603-02142,2026-03-26 00:00:00+00:00,CUST-2403,Office Chair,Furniture,East,Rahul,5,6355.76
ORD-202603-02143,2026-03-24 00:00:00+00:00,CUST-3162,USB Hub,Accessories,North,Priya,5,895.32
ORD-202603-02144,2026-03-12 00:00:00+00:00,,Monitor Stand,Furniture,Central,Priya,5,2060.59
ORD-202603-02145,2026-03-13 00:00:00+00:00,CUST-0250,USB Hub,Accessories,West,Vikram,6,967.32
ORD-202603-02146,2026-03-15 00:00:00+00:00,CUST-3510,Office Chair,Furniture,West,Sneha,5,7113.97
ORD-202603-02147,2026-03-28 00:00:00+00:00,CUST-2631,Keyboard,Electronics,West,Vikram,5,1426.68
ORD-202603-02148,2026-03-06 00:00:00+00:00,CUST-0652,Study Table,Furniture,East,Neha,1,5367.84
ORD-202603-02149,2026-03-16 00:00:00+00:00,CUST-0897,Wireless Mouse,Electronics,East,,7,758.36
ORD-202603-02150,2026-03-30 00:00:00+00:00,CUST-0720,Notebook,Office,West,Ananya,2,196.75
ORD-202603-02151,2026-03-21 00:00:00+00:00,CUST-4113,Desk Organizer,Office,West,Priya,6,617.98
ORD-202603-02152,2026-03-09 00:00:00+00:00,CUST-1971,Laptop Stand,Accessories,West,Neha,6,1377.58
ORD-202603-02153,2026-03-26 00:00:00+00:00,CUST-2157,Monitor Stand,Furniture,North,Ananya,4,1835.08
ORD-202603-02154,2026-03-07 00:00:00+00:00,CUST-1874,Pen Set,Office,Central,Vikram,4,306.43
ORD-202603-02155,2026-03-08 00:00:00+00:00,CUST-3634,Study Table,Furniture,East,Amit,7,5371.23
ORD-202603-02156,2026-03-31 00:00:00+00:00,CUST-2341,Notebook,Office,West,Rahul,5,210.27
ORD-202603-02157,2026-03-24 00:00:00+00:00,CUST-4954,Desk Organizer,Office,North,Sneha,2,570.69
ORD-202603-02158,2026-03-07 00:00:00+00:00,CUST-1514,Wireless Mouse,Electronics,East,Karan,1,788.36
ORD-202603-02159,2026-03-25 00:00:00+00:00,CUST-4758,Wireless Mouse,Electronics,east,Ananya,1,801.4
ORD-202603-02160,2026-03-06 00:00:00+00:00,CUST-3090,Notebook,Office,South,Vikram,3,216.61
ORD-202603-02161,2026-03-10 00:00:00+00:00,CUST-3200,Laptop Stand,Accessories,Central,Vikram,5,1351.3
ORD-202603-02162,2026-03-31 00:00:00+00:00,CUST-3775,USB Hub,Accessories,East,Neha,4,848.12
ORD-202603-02163,2026-03-12 00:00:00+00:00,CUST-4379,Notebook,Office,Central,Priya,6,-100.0
ORD-202603-02164,2026-03-03 00:00:00+00:00,CUST-4357,Laptop Stand,Accessories,East,Vikram,5,1646.3
ORD-202603-02165,2026-03-31 00:00:00+00:00,CUST-4466,Monitor Stand,Furniture,East,Karan,5,1851.96
ORD-202603-02166,2026-03-02 00:00:00+00:00,CUST-2047,Desk Organizer,Office,East,Sneha,7,637.72
ORD-202603-02167,2026-03-31 00:00:00+00:00,CUST-3900,Notebook,Office,West,Rahul,1,199.8
ORD-202603-02168,2026-03-15 00:00:00+00:00,CUST-1461,Study Table,Furniture,West,Karan,5,5809.62
ORD-202603-02169,2026-03-09 00:00:00+00:00,CUST-2454,Wireless Mouse,Electronics,Central,Rahul,3,767.31
ORD-202603-02170,2026-03-10 00:00:00+00:00,CUST-0751,Headphones,Electronics,South,Amit,6,2486.74
ORD-202603-02171,2026-03-04 00:00:00+00:00,CUST-2156,Office Chair,Furniture,West,Rahul,6,7667.94
ORD-202603-02172,2026-03-27 00:00:00+00:00,CUST-2802,Office Chair,Furniture,Central,Rahul,5,6432.36
ORD-202603-02173,2026-03-31 00:00:00+00:00,CUST-4174,Notebook,Office,Central,Sneha,6,203.8
ORD-202603-02174,2026-03-23 00:00:00+00:00,CUST-0191,Headphones,Electronics,East,Priya,7,2728.07
ORD-202603-02175,2026-03-07 00:00:00+00:00,CUST-2992,Webcam,Electronics,East,Neha,4,1757.21
ORD-202603-02176,2026-03-17 00:00:00+00:00,CUST-4288,Notebook,Office,West,Sneha,6,212.53
ORD-202603-02177,2026-03-22 00:00:00+00:00,CUST-3881,Keyboard,Electronics,East,Priya,1,1240.84
ORD-202603-02178,2026-03-01 00:00:00+00:00,CUST-2385,Study Table,Furniture,North,Priya,2,5169.79
ORD-202603-02179,2026-03-20 00:00:00+00:00,CUST-2050,Laptop Stand,Accessories,West,Vikram,7,1399.01
ORD-202603-02180,2026-03-09 00:00:00+00:00,CUST-3046,Study Table,Furniture,West,Karan,2,5758.14
ORD-202603-02181,2026-03-23 00:00:00+00:00,CUST-3519,Mouse Pad,Accessories,East,Rahul,1,361.96
ORD-202603-02182,2026-03-28 00:00:00+00:00,CUST-2001,Laptop Stand,Accessories,East,Vikram,7,1475.17
ORD-202603-02183,2026-03-11 00:00:00+00:00,CUST-2726,Wireless Mouse,Electronics,East,Ananya,3,830.47
ORD-202603-02184,2026-03-08 00:00:00+00:00,CUST-0019,Office Chair,Furniture,East,Karan,5,6494.55
ORD-202603-02185,2026-03-13 00:00:00+00:00,CUST-1588,Pen Set,Office,West,Vikram,6,282.5
ORD-202603-02186,2026-03-01 00:00:00+00:00,CUST-3945,Study Table,Furniture,North,Ananya,4,5116.79
ORD-202603-02187,2026-03-08 00:00:00+00:00,CUST-2074,Headphones,Electronics,South,Rahul,1,2262.15
ORD-202603-02188,2026-03-08 00:00:00+00:00,CUST-2369,Headphones,Electronics,Central,Rahul,5,2477.26
ORD-202603-02189,2026-03-01 00:00:00+00:00,CUST-4694,Webcam,Electronics,Central,Neha,5,1897.77
ORD-202603-02190,2026-03-24 00:00:00+00:00,CUST-2033,USB Hub,Accessories,North,Neha,2,979.14
ORD-202603-02191,2026-03-15 00:00:00+00:00,CUST-2183,Laptop Stand,Accessories,North,Vikram,5,1567.38
ORD-202603-02192,2026-03-27 00:00:00+00:00,CUST-3795,Office Chair,Furniture,North,Priya,6,7657.12
ORD-202603-02193,2026-03-09 00:00:00+00:00,CUST-4228,Monitor Stand,Furniture,Central,Karan,7,2101.71
ORD-202603-02194,2026-03-09 00:00:00+00:00,CUST-1738,Wireless Mouse,Electronics,Central,Priya,4,875.51
ORD-202603-02195,2026-03-14 00:00:00+00:00,CUST-0880,Mouse Pad,Accessories,East,Rahul,1,-100.0
ORD-202603-02196,2026-03-08 00:00:00+00:00,CUST-3238,Pen Set,Office,West,Amit,7,279.12
ORD-202603-02197,2026-03-24 00:00:00+00:00,CUST-0515,Webcam,Electronics,West,Rahul,4,1857.72
ORD-202603-02198,2026-03-26 00:00:00+00:00,CUST-3629,USB Hub,Accessories,Central,Sneha,5,897.52
ORD-202603-02199,2026-03-22 00:00:00+00:00,CUST-2411,Desk Organizer,Office,Central,Karan,7,637.89
ORD-202603-02200,2026-03-07 00:00:00+00:00,CUST-4913,Mouse Pad,Accessories,Central,,2,402.31
ORD-202603-02201,2026-03-25 00:00:00+00:00,CUST-1501,Wireless Mouse,Electronics,South,Priya,1,871.3
ORD-202603-02202,2026-03-12 00:00:00+00:00,CUST-3842,USB Hub,Accessories,South,Priya,7,860.98
ORD-202603-02203,2026-03-31 00:00:00+00:00,CUST-0016,Laptop Stand,Accessories,North,Rahul,2,1522.66
ORD-202603-02204,2026-03-12 00:00:00+00:00,CUST-0118,Headphones,Electronics,Central,Priya,3,2574.8
ORD-202603-02205,2026-03-19 00:00:00+00:00,CUST-2241,Keyboard,Electronics,East,Amit,6,1209.59
ORD-202603-02206,2026-03-13 00:00:00+00:00,CUST-3125,Laptop Stand,Accessories,North,Rahul,6,1584.6
ORD-202603-02207,2026-03-28 00:00:00+00:00,CUST-0834,Study Table,Furniture,Central,Priya,2,5652.31
ORD-202603-02208,2026-03-03 00:00:00+00:00,CUST-3082,Study Table,Furniture,Central,Priya,2,5160.16
ORD-202603-02209,2026-03-31 00:00:00+00:00,CUST-3323,Headphones,electronics,Central,Rahul,5,2455.77
ORD-202603-02210,2026-03-27 00:00:00+00:00,CUST-0617,Notebook,Office,West,Ananya,3,204.6
ORD-202603-02211,2026-03-02 00:00:00+00:00,CUST-4314,Desk Organizer, Office,Central,Sneha,4,626.96
ORD-202603-02212,2026-03-07 00:00:00+00:00,CUST-3752,Mouse Pad,Accessories,Central,Ananya,6,392.41
ORD-202603-02213,2026-03-11 00:00:00+00:00,CUST-1666,Wireless Mouse,Electronics,East,Ananya,7,834.55
ORD-202603-02214,2026-03-12 00:00:00+00:00,CUST-1875,Desk Organizer,Office,East,Vikram,5,570.33
ORD-202603-02215,2026-03-19 00:00:00+00:00,CUST-1360,Headphones,Electronics,South,Vikram,2,2401.54
ORD-202603-02216,2026-03-20 00:00:00+00:00,CUST-3119,Headphones,Electronics,West,Karan,7,2254.98
ORD-202603-02217,2026-03-06 00:00:00+00:00,CUST-3421,Webcam,Electronics,Central,Sneha,4,1894.27
ORD-202603-02218,2026-03-25 00:00:00+00:00,CUST-1343,Keyboard,Electronics,Central,Amit,6,1218.03
ORD-202603-02219,2026-03-01 00:00:00+00:00,CUST-2734,Monitor Stand,Furniture,Central,Vikram,5,2039.8
ORD-202603-02220,2026-03-19 00:00:00+00:00,CUST-0886,Notebook,Office,South,Vikram,3,217.53
ORD-202603-02221,2026-03-24 00:00:00+00:00,CUST-2060,Office Chair,Furniture,West,Sneha,5,7698.41
ORD-202603-02222,2026-03-12 00:00:00+00:00,CUST-1980,Wireless Mouse,Electronics,South,Vikram,7,778.93
ORD-202603-02223,2026-03-13 00:00:00+00:00,CUST-1893,Headphones,Electronics,North,Rahul,6,2615.77
ORD-202603-02224,2026-03-01 00:00:00+00:00,CUST-1033,Keyboard,Electronics,Central,Ananya,7,1418.69
ORD-202603-02225,2026-03-05 00:00:00+00:00,CUST-0118,Wireless Mouse,Electronics,South,Sneha,1,802.74
ORD-202603-02226,2026-03-16 00:00:00+00:00,CUST-4934,Desk Organizer,Office,Central,,7,579.1
ORD-202603-02227,2026-03-04 00:00:00+00:00,CUST-2020,Headphones,Electronics,East,Rahul,3,2326.96
ORD-202603-02228,2026-03-18 00:00:00+00:00,CUST-3635,Study Table,Furniture,West,Neha,7,5142.73
ORD-202603-02229,2026-03-29 00:00:00+00:00,CUST-4310,Desk Organizer,Office,East,Vikram,4,641.42
ORD-202603-02230,2026-03-12 00:00:00+00:00,CUST-0188,Webcam,Electronics,,Rahul,5,1807.47
ORD-202603-02231,2026-03-22 00:00:00+00:00,CUST-1992,Webcam,Electronics,Central,Ananya,6,1811.9
ORD-202603-02232,2026-03-20 00:00:00+00:00,CUST-1923,Laptop Stand,Accessories,North,Neha,6,1572.95
ORD-202603-02233,2026-03-23 00:00:00+00:00,CUST-3175,Notebook,Office,North,Neha,3,212.4
ORD-202603-02234,2026-03-25 00:00:00+00:00,CUST-4565,Pen Set,Office,West,Ananya,5,281.56
ORD-202603-02235,2026-03-22 00:00:00+00:00,CUST-3384,USB Hub,Accessories,Central,Priya,4,932.92
ORD-202603-02236,2026-03-02 00:00:00+00:00,CUST-2979,Office Chair,Furniture,Central,Rahul,3,6924.24
ORD-202603-02237,2026-03-25 00:00:00+00:00,CUST-1136,Desk Organizer,Office,West,Rahul,1,572.25
ORD-202603-02238,2026-03-26 00:00:00+00:00,CUST-2425,Webcam,Electronics,North,Karan,6,1906.69
ORD-202603-02239,2026-03-13 00:00:00+00:00,CUST-3707,USB Hub,Accessories,North,Vikram,3,948.89
ORD-202603-02240,2026-03-19 00:00:00+00:00,CUST-2685,Office Chair,Furniture,South,Sneha,2,6438.37
ORD-202603-02241,2026-03-26 00:00:00+00:00,CUST-3044,Desk Organizer,Office,West,Rahul,3,547.62
ORD-202603-02242,2026-03-11 00:00:00+00:00,CUST-1520,Monitor Stand,Furniture,North,Neha,4,2163.61
ORD-202603-02243,2026-03-06 00:00:00+00:00,CUST-2337,Keyboard,Electronics,South,Neha,7,1419.39
ORD-202603-02244,2026-03-22 00:00:00+00:00,CUST-1942,Keyboard,Electronics,South,Sneha,3,1306.42
ORD-202603-02245,2026-03-11 00:00:00+00:00,CUST-2473,Mouse Pad,Accessories,North,Ananya,1,370.56
ORD-202603-02246,2026-03-22 00:00:00+00:00,CUST-0986,Headphones,Electronics,East,Neha,2,2288.36
ORD-202603-02247,2026-03-13 00:00:00+00:00,CUST-3240,Desk Organizer,Office,South,Vikram,7,557.79
ORD-202603-02248,2026-03-24 00:00:00+00:00,CUST-3553,Desk Organizer,Office,North,Amit,6,572.96
ORD-202603-02249,2026-03-06 00:00:00+00:00,CUST-3797,USB Hub,Accessories,East,Rahul,1,932.06
ORD-202603-02250,2026-03-13 00:00:00+00:00,CUST-1183,Wireless Mouse,Electronics,East,Sneha,4,736.72
ORD-202603-02251,2026-03-17 00:00:00+00:00,CUST-2099,Laptop Stand,Accessories,South,Rahul,2,1390.15
ORD-202603-02252,2026-03-18 00:00:00+00:00,CUST-2124,Webcam,Electronics,North,Rahul,4,1979.91
ORD-202603-02253,2026-03-27 00:00:00+00:00,CUST-4405,USB Hub,Accessories,North,Neha,5,855.38
ORD-202603-02254,2026-03-15 00:00:00+00:00,CUST-4634,Office Chair,Furniture,Central,Amit,4,6601.54
ORD-202603-02255,2026-03-31 00:00:00+00:00,CUST-2394,Desk Organizer,Office,Central,Neha,4,608.9
ORD-202603-02256,2026-03-12 00:00:00+00:00,CUST-2030,Pen Set,Office,West,Priya,5,273.81
ORD-202603-02257,2026-03-26 00:00:00+00:00,CUST-0110,Wireless Mouse,Electronics,South,Ananya,5,819.63
ORD-202603-02258,2026-03-05 00:00:00+00:00,CUST-1686,Pen Set,Office,West,Ananya,2,270.25
ORD-202603-02259,2026-03-15 00:00:00+00:00,CUST-0352,Mouse Pad,Accessories,Central,Neha,5,377.7
ORD-202603-02260,2026-03-29 00:00:00+00:00,CUST-2114,Notebook,Office, Central,Priya,4,197.03
ORD-202603-02261,2026-03-29 00:00:00+00:00,CUST-1934,USB Hub,Accessories,West,Karan,3,922.54
ORD-202603-02262,2026-03-04 00:00:00+00:00,CUST-1246,Mouse Pad,Accessories,North,Ananya,2,375.37
ORD-202603-02263,2026-03-11 00:00:00+00:00,CUST-4881,Laptop Stand,Accessories,East,Rahul,4,1612.68
ORD-202603-02264,2026-03-21 00:00:00+00:00,CUST-3663,Desk Organizer,Office,Central,Karan,7,649.2
ORD-202603-02265,2026-03-02 00:00:00+00:00,CUST-3212,USB Hub,Accessories,West,Vikram,4,895.53
ORD-202603-02266,2026-03-13 00:00:00+00:00,CUST-3394,Study Table,Furniture,North,Sneha,1,5248.7
ORD-202603-02267,2026-03-29 00:00:00+00:00,CUST-1727,Monitor Stand,Furniture,Central,Ananya,2,1843.27
ORD-202603-02268,2026-03-26 00:00:00+00:00,CUST-1264,Office Chair,Furniture,East,Sneha,7,7613.08
ORD-202603-02269,2026-03-16 00:00:00+00:00,CUST-4251,Mouse Pad,Accessories,North,Rahul,6,369.76
ORD-202603-02270,2026-03-15 00:00:00+00:00,CUST-2102,Mouse Pad,Accessories,North,Priya,1,382.94
ORD-202603-02271,2026-03-11 00:00:00+00:00,CUST-3569,Mouse Pad,Accessories,East,Karan,6,385.35
ORD-202603-02272,2026-03-06 00:00:00+00:00,CUST-2660,Office Chair,Furniture,Central,Vikram,1,6674.75
ORD-202603-02273,2026-03-22 00:00:00+00:00,CUST-0105,Study Table,Furniture,West,Karan,3,4951.36
ORD-202603-02274,2026-03-05 00:00:00+00:00,CUST-4338,Desk Organizer,Office,East,Sneha,7,563.91
ORD-202603-02275,2026-03-24 00:00:00+00:00,CUST-0100,Desk Organizer,Office,East,Rahul,5,628.77
ORD-202603-02276,2026-03-13 00:00:00+00:00,CUST-1677,USB Hub,Accessories,South,Priya,5,846.03
ORD-202603-02277,2026-03-25 00:00:00+00:00,CUST-3765,Webcam,Electronics,North,Priya,2,1999.3
ORD-202603-02278,2026-03-17 00:00:00+00:00,CUST-2892,Laptop Stand,Accessories,East,Sneha,3,1473.78
ORD-202603-02279,2026-03-30 00:00:00+00:00,CUST-4122,Monitor Stand,Furniture,North,Vikram,1,1831.49
ORD-202603-02280,2026-03-20 00:00:00+00:00,CUST-4700,USB Hub,Accessories,Central,Ananya,5,957.79
ORD-202603-02281,2026-03-29 00:00:00+00:00,CUST-3555,Mouse Pad,Accessories,South,Sneha,4,409.79
ORD-202603-02282,2026-03-27 00:00:00+00:00,CUST-1306,Mouse Pad,Accessories,South,Sneha,2,407.95
ORD-202603-02283,2026-03-23 00:00:00+00:00,CUST-0018,Laptop Stand,Accessories,East,Sneha,3,1394.14
ORD-202603-02284,2026-03-12 00:00:00+00:00,CUST-3642,Keyboard,Electronics,South,Rahul,1,1331.05
ORD-202603-02285,2026-03-02 00:00:00+00:00,CUST-1594,Headphones,Electronics,West,Ananya,1,2647.22
ORD-202603-02286,2026-03-25 00:00:00+00:00,CUST-3277,Headphones,Electronics,North,Priya,1,2747.09
ORD-202603-02287,2026-03-19 00:00:00+00:00,CUST-2552,Headphones,Electronics,Central,Neha,3,2584.39
ORD-202603-02288,2026-03-07 00:00:00+00:00,CUST-0749,Keyboard,Electronics,South,Sneha,2,1281.38
ORD-202603-02289,2026-03-02 00:00:00+00:00,CUST-1825,Monitor Stand,Furniture,West,Rahul,2,2126.49
ORD-202603-02290,2026-03-28 00:00:00+00:00,CUST-4924,Wireless Mouse,Electronics,Central,Rahul,2,727.15
ORD-202603-02291,2026-03-18 00:00:00+00:00,CUST-1610,Keyboard,Electronics,North,Vikram,7,1278.03
ORD-202603-02292,2026-03-04 00:00:00+00:00,CUST-3912,Notebook,Office,East,Sneha,3,208.24
ORD-202603-02293,2026-03-27 00:00:00+00:00,CUST-3487,Study Table,Furniture,East,Ananya,4,5344.41
ORD-202603-02294,2026-03-25 00:00:00+00:00,CUST-2144,Desk Organizer,Office,North,Priya,7,546.16
ORD-202603-02295,2026-03-15 00:00:00+00:00,CUST-3797,Keyboard,Electronics,West,Sneha,7,1197.92
ORD-202603-02296,2026-03-09 00:00:00+00:00,CUST-2800,Notebook,Office,Central,Rahul,3,185.75
ORD-202603-02297,2026-03-07 00:00:00+00:00,CUST-3115,Notebook,Office,North,Neha,6,212.18
ORD-202603-02298,2026-03-21 00:00:00+00:00,CUST-1805,Desk Organizer,Office,Central,Ananya,3,625.46
ORD-202603-02299,2026-03-08 00:00:00+00:00,CUST-4709,Webcam,Electronics,East,Ananya,2,1999.22
ORD-202603-02300,2026-03-17 00:00:00+00:00,CUST-1309,USB Hub,Accessories,Central,Sneha,1,972.6
ORD-202603-02301,2026-03-01 00:00:00+00:00,CUST-2684,Monitor Stand,Furniture,,Priya,3,1920.08
ORD-202603-02302,2026-03-18 00:00:00+00:00,CUST-4481,Office Chair,Furniture,North,Neha,7,7339.26
ORD-202603-02303,2026-03-12 00:00:00+00:00,CUST-3551,Webcam,Electronics,West,,2,1847.57
ORD-202603-02304,2026-03-31 00:00:00+00:00,CUST-2926,Desk Organizer,Office,East,Vikram,2,633.23
ORD-202603-02305,2026-03-21 00:00:00+00:00,CUST-0405,Study Table,Furniture,West,Rahul,2,5714.44
ORD-202603-02306,2026-03-19 00:00:00+00:00,CUST-1848,Desk Organizer,Office,Central,Rahul,3,657.68
ORD-202603-02307,2026-03-14 00:00:00+00:00,CUST-2242,Pen Set,Office,Central,Ananya,3,314.37
ORD-202603-02308,2026-03-07 00:00:00+00:00,CUST-4257,Desk Organizer,Office,North,Priya,7,539.81
ORD-202603-02309,2026-03-23 00:00:00+00:00,CUST-4274,Notebook,Office,North,Neha,7,206.95
ORD-202603-02310,2026-03-13 00:00:00+00:00,CUST-2212,Webcam,Electronics,South,Ananya,4,1747.7
ORD-202603-02311,2026-03-05 00:00:00+00:00,CUST-1778,Mouse Pad,Accessories,North,Neha,7,402.68
ORD-202603-02312,2026-03-03 00:00:00+00:00,CUST-0925,Notebook,Office,Central,Ananya,3,185.36
ORD-202603-02313,2026-03-18 00:00:00+00:00,CUST-2392,Desk Organizer,Office,East,Neha,3,598.37
ORD-202603-02314,2026-03-11 00:00:00+00:00,CUST-0763,Office Chair,Furniture,North,Karan,6,7408.62
ORD-202603-02315,2026-03-02 00:00:00+00:00,CUST-0832,Keyboard,Electronics,East,Karan,7,1244.21
ORD-202603-02316,2026-03-10 00:00:00+00:00,CUST-4705,Keyboard,Electronics,West,Priya,1,1208.77
ORD-202603-02317,2026-03-31 00:00:00+00:00,CUST-2691,Headphones,Electronics,West,Sneha,5,2406.28
ORD-202603-02318,2026-03-20 00:00:00+00:00,CUST-1912,Webcam,Electronics,Central,Amit,3,1775.05
ORD-202603-02319,2026-03-04 00:00:00+00:00,CUST-2107,Webcam,Electronics,West,Sneha,3,1778.82
ORD-202603-02320,2026-03-29 00:00:00+00:00,CUST-1978,Mouse Pad,Accessories,West,Ananya,5,414.74
ORD-202603-02321,2026-03-31 00:00:00+00:00,CUST-4201,Desk Organizer,Office,North,Priya,4,623.48
ORD-202603-02322,2026-03-09 00:00:00+00:00,CUST-2689,USB Hub,Accessories,Central,Neha,7,904.24
ORD-202603-02323,2026-03-15 00:00:00+00:00,CUST-3225,USB Hub,Accessories,West,Sneha,4,854.45
ORD-202603-02324,2026-03-27 00:00:00+00:00,CUST-2882,Study Table,Furniture,West,,7,5531.61
ORD-202603-02325,2026-03-16 00:00:00+00:00,CUST-2819,Desk Organizer,Office,Central,Vikram,5,652.74
ORD-202603-02326,2026-03-28 00:00:00+00:00,CUST-2161,Desk Organizer,Office,Central,Priya,5,585.07
ORD-202603-02327,2026-03-18 00:00:00+00:00,CUST-3843,Desk Organizer,Office,East,Rahul,4,589.84
ORD-202603-02328,2026-03-20 00:00:00+00:00,CUST-4680,Wireless Mouse,Electronics,West,Karan,3,798.08
ORD-202603-02329,2026-03-26 00:00:00+00:00,CUST-1724,Desk Organizer,Office, Central,Karan,5,560.47
ORD-202603-02330,2026-03-22 00:00:00+00:00,CUST-1656,Mouse Pad,Accessories,North,Neha,4,378.63
ORD-202603-02331,2026-03-02 00:00:00+00:00,CUST-3806,Pen Set,Office,North,Vikram,1,310.42
ORD-202603-02332,2026-03-25 00:00:00+00:00,CUST-0566,Desk Organizer,Office,South,Ananya,7,558.46
ORD-202603-02333,2026-03-03 00:00:00+00:00,CUST-2271,Wireless Mouse,Electronics,West,Sneha,-1,815.7
ORD-202603-02334,2026-03-12 00:00:00+00:00,CUST-4977,Pen Set,Office,Central,Priya,5,292.18
ORD-202603-02335,2026-03-01 00:00:00+00:00,CUST-3488,Study Table,Furniture,South,,5,5285.95
ORD-202603-02336,2026-03-31 00:00:00+00:00,CUST-1099,Mouse Pad,Accessories,South,Amit,2,402.97
ORD-202603-02337,2026-03-20 00:00:00+00:00,CUST-2050,Pen Set,Office,North,Vikram,5,282.6
ORD-202603-02338,2026-03-12 00:00:00+00:00,CUST-4724,Keyboard,Electronics,South,,7,1249.55
ORD-202603-02339,2026-03-27 00:00:00+00:00,CUST-2637,Desk Organizer,Office,North,Amit,1,601.94
ORD-202603-02340,2026-03-03 00:00:00+00:00,CUST-4229,Study Table,Furniture,East,Neha,7,5671.99
ORD-202603-02341,2026-03-08 00:00:00+00:00,CUST-4061,Laptop Stand,Accessories,Central,Vikram,3,1599.84
ORD-202603-02342,2026-03-23 00:00:00+00:00,CUST-3888,USB Hub,Accessories,East,Neha,2,957.37
ORD-202603-02343,2026-03-29 00:00:00+00:00,CUST-3240,Mouse Pad,Accessories,East,Ananya,7,398.82
ORD-202603-02344,2026-03-11 00:00:00+00:00,CUST-0665,Keyboard,Electronics,Central,Priya,5,1188.38
ORD-202603-02345,2026-03-22 00:00:00+00:00,CUST-1467,Keyboard,Electronics,North,Sneha,6,1217.96
ORD-202603-02346,2026-03-01 00:00:00+00:00,CUST-0174,Keyboard,Electronics,Central,Neha,7,1169.22
ORD-202603-02347,2026-03-08 00:00:00+00:00,CUST-2176,Headphones,Electronics,South,Neha,1,2341.86
ORD-202603-02348,2026-03-06 00:00:00+00:00,CUST-0855,Office Chair,Furniture,North,Vikram,2,6342.12
ORD-202603-02349,2026-03-16 00:00:00+00:00,CUST-3014,Pen Set,Office,East,Sneha,2,311.84
ORD-202603-02350,2026-03-12 00:00:00+00:00,CUST-2009,Notebook,Office,North,Rahul,7,200.84
ORD-202603-02351,2026-03-03 00:00:00+00:00,CUST-4704,Wireless Mouse,Electronics,East,Neha,4,724.81
ORD-202603-02352,2026-03-07 00:00:00+00:00,CUST-3961,Webcam,Electronics,West,Rahul,2,1943.68
ORD-202603-02353,2026-03-03 00:00:00+00:00,CUST-1128,Monitor Stand,Furniture,West,Vikram,5,2124.6
ORD-202603-02354,2026-03-05 00:00:00+00:00,CUST-1964,Mouse Pad,Accessories,North,Vikram,3,361.38
ORD-202603-02355,2026-03-21 00:00:00+00:00,CUST-2085,Keyboard,Electronics ,West,Sneha,5,1202.11
ORD-202603-02356,2026-03-06 00:00:00+00:00,CUST-0157,Monitor Stand,Furniture,South,Amit,7,1987.49
ORD-202603-02357,2026-03-02 00:00:00+00:00,CUST-3634,Notebook,Office,North,Ananya,2,180.78
ORD-202603-02358,2026-03-20 00:00:00+00:00,CUST-0359,Mouse Pad,Accessories,South,Amit,7,360.8
ORD-202603-02359,2026-03-24 00:00:00+00:00,CUST-4100,Notebook,Office,East,Vikram,6,202.28
ORD-202603-02360,2026-03-04 00:00:00+00:00,CUST-2303,USB Hub,Accessories,South,Neha,1,910.25
ORD-202603-02361,2026-03-12 00:00:00+00:00,CUST-2273,Pen Set,Office,East,Amit,3,317.34
ORD-202603-02362,2026-03-25 00:00:00+00:00,CUST-0144,Laptop Stand,Accessories,West,Amit,7,1372.45
ORD-202603-02363,2026-03-05 00:00:00+00:00,CUST-3140,Laptop Stand,Accessories,North,Karan,6,1618.08
ORD-202603-02364,2026-03-27 00:00:00+00:00,CUST-3779,Headphones,Electronics,South,Ananya,5,2258.41
ORD-202603-02365,2026-03-19 00:00:00+00:00,CUST-2065,Headphones,Electronics,,Vikram,5,2399.72
ORD-202603-02366,2026-03-23 00:00:00+00:00,CUST-1226,Study Table,Furniture,West,Vikram,7,5002.63
ORD-202603-02367,2026-03-26 00:00:00+00:00,CUST-4994,Headphones,Electronics,South,Amit,1,2371.18
ORD-202603-02368,2026-03-08 00:00:00+00:00,CUST-2437,Headphones,Electronics,West,Amit,4,2656.52
ORD-202603-02369,2026-03-08 00:00:00+00:00,CUST-3301,Mouse Pad,Accessories,West,Karan,3,369.09
ORD-202603-02370,2026-03-18 00:00:00+00:00,CUST-3962,Wireless Mouse,Electronics,North,Rahul,7,751.36
ORD-202603-02371,2026-03-25 00:00:00+00:00,CUST-2946,USB Hub,Accessories,West,Karan,6,919.02
ORD-202603-02372,2026-03-02 00:00:00+00:00,CUST-2763,Keyboard,Electronics,South,Amit,6,1174.73
ORD-202603-02373,2026-03-19 00:00:00+00:00,CUST-3425,Webcam,Electronics,South,Ananya,1,1937.9
ORD-202603-02374,2026-03-30 00:00:00+00:00,CUST-4415,Headphones,Electronics,North,Sneha,6,2696.11
ORD-202603-02375,2026-03-20 00:00:00+00:00,CUST-3425,Study Table,Furniture,East,Neha,6,5025.6
ORD-202603-02376,2026-03-01 00:00:00+00:00,CUST-4236,USB Hub,Accessories,West,Rahul,3,810.16
ORD-202603-02377,2026-03-06 00:00:00+00:00,CUST-1405,Wireless Mouse,Electronics,North,Ananya,7,783.97
ORD-202603-02378,2026-03-07 00:00:00+00:00,CUST-0867,Study Table,Furniture,North,Neha,3,5882.9
ORD-202603-02379,2026-03-12 00:00:00+00:00,CUST-0505,Monitor Stand,Furniture,North,Rahul,5,2172.99
ORD-202603-02380,2026-03-03 00:00:00+00:00,CUST-0113,Keyboard,Electronics,Central,Karan,2,1377.24
ORD-202603-02381,2026-03-25 00:00:00+00:00,,Keyboard,Electronics,South,Ananya,4,1337.8
ORD-202603-02382,2026-03-31 00:00:00+00:00,CUST-4322,Keyboard,Electronics,Central,Priya,1,1279.92
ORD-202603-02383,2026-03-12 00:00:00+00:00,CUST-0328,Webcam, Electronics,North,Neha,1,2008.75
ORD-202603-02384,2026-03-02 00:00:00+00:00,CUST-3279,USB Hub,Accessories,East,Priya,7,945.15
ORD-202603-02385,2026-03-21 00:00:00+00:00,CUST-4001,Office Chair,Furniture,East,Neha,5,6556.14
ORD-202603-02386,2026-03-01 00:00:00+00:00,CUST-4595,Study Table,Furniture,Central,Karan,5,5736.31
ORD-202603-02387,2026-03-11 00:00:00+00:00,CUST-4053,Study Table,Furniture,South,Ananya,3,5820.78
ORD-202603-02388,2026-03-04 00:00:00+00:00,CUST-0416,Monitor Stand,Furniture,South,Vikram,4,2159.27
ORD-202603-02389,2026-03-20 00:00:00+00:00,CUST-0756,Wireless Mouse,Electronics,East,Rahul,5,835.69
ORD-202603-02390,2026-03-28 00:00:00+00:00,CUST-4935,Monitor Stand,Furniture,South ,Rahul,3,2091.91
ORD-202603-02391,2026-03-12 00:00:00+00:00,CUST-0470,Pen Set,Office,North,Ananya,3,323.02
ORD-202603-02392,2026-03-13 00:00:00+00:00,CUST-4923,Keyboard,Electronics,North,Priya,6,1219.57
ORD-202603-02393,2026-03-16 00:00:00+00:00,CUST-4717,Monitor Stand,Furniture,East,Sneha,4,2019.0
ORD-202603-02394,2026-03-30 00:00:00+00:00,CUST-1341,Desk Organizer,Office,West,Karan,3,646.14
ORD-202603-02395,2026-03-22 00:00:00+00:00,CUST-4035,Desk Organizer,Office,North,Karan,4,614.77
ORD-202603-02396,2026-03-30 00:00:00+00:00,CUST-0294,Pen Set,Office,East,Priya,6,324.79
ORD-202603-02397,2026-03-10 00:00:00+00:00,CUST-0638,Office Chair,Furniture,West,Rahul,4,6369.69
ORD-202603-02398,2026-03-23 00:00:00+00:00,CUST-1861,Wireless Mouse,Electronics,Central,Neha,1,753.29
ORD-202603-02399,2026-03-30 00:00:00+00:00,CUST-1140,Notebook,Office,North,Karan,6,187.91
ORD-202603-02400,2026-03-06 00:00:00+00:00,CUST-2172,Pen Set,Office,Central,Priya,2,273.8
ORD-202603-02401,2026-03-14 00:00:00+00:00,CUST-1353,Study Table,Furniture,South,Karan,1,5633.97
ORD-202603-02402,2026-03-31 00:00:00+00:00,CUST-1345,Desk Organizer,Office,East,Neha,2,587.19
ORD-202603-02403,2026-03-17 00:00:00+00:00,CUST-1777,Webcam,Electronics,North,Sneha,1,1801.19
ORD-202603-02404,2026-03-14 00:00:00+00:00,CUST-0271,Pen Set,Office,East,,1,312.62
ORD-202603-02405,2026-03-20 00:00:00+00:00,CUST-3463,Webcam,Electronics,South,,5,1965.91
ORD-202603-02406,2026-03-15 00:00:00+00:00,CUST-4335,Headphones,Electronics,South,Amit,5,2268.7
ORD-202603-02407,2026-03-16 00:00:00+00:00,CUST-2001,Pen Set,Office,Central,Rahul,3,295.38
ORD-202603-02408,2026-03-20 00:00:00+00:00,CUST-1057,Laptop Stand,Accessories,North,Vikram,5,1565.02
ORD-202603-02409,2026-03-06 00:00:00+00:00,CUST-4513,Laptop Stand,Accessories,South,Karan,1,1380.09
ORD-202603-02410,2026-03-23 00:00:00+00:00,CUST-4366,Notebook,Office,South,Vikram,3,210.74
ORD-202603-02411,2026-03-26 00:00:00+00:00,CUST-2308,Headphones,Electronics,West,Rahul,5,2557.0
ORD-202603-02412,2026-03-30 00:00:00+00:00,CUST-1294,Keyboard,Electronics,East,Priya,6,1355.67
ORD-202603-02413,2026-03-24 00:00:00+00:00,CUST-3741,USB Hub,Accessories,East,Rahul,2,854.12
ORD-202603-02414,2026-03-31 00:00:00+00:00,CUST-4250,Headphones,Electronics,North,Priya,7,2622.8
ORD-202603-02415,2026-03-17 00:00:00+00:00,CUST-0161,Desk Organizer,Office,South,Amit,3,559.91
ORD-202603-02416,2026-03-13 00:00:00+00:00,CUST-1414,Desk Organizer,Office,Central,Karan,6,642.17
ORD-202603-02417,2026-03-22 00:00:00+00:00,CUST-4313,Monitor Stand,Furniture,east,Sneha,2,1881.46
ORD-202603-02418,2026-03-05 00:00:00+00:00,CUST-0504,Headphones,Electronics,Central,Neha,5,2383.16
ORD-202603-02419,2026-03-14 00:00:00+00:00,CUST-1237,Desk Organizer,Office,North,Rahul,4,619.47
ORD-202603-02420,2026-03-29 00:00:00+00:00,CUST-4114,Wireless Mouse,Electronics,South,Vikram,4,772.4
ORD-202603-02421,2026-03-01 00:00:00+00:00,CUST-4074,Pen Set,Office,North,Amit,2,287.58
ORD-202603-02422,2026-03-04 00:00:00+00:00,CUST-1388,Headphones,Electronics,West,Rahul,4,2280.36
ORD-202603-02423,2026-03-21 00:00:00+00:00,CUST-4345,Desk Organizer,Office,North,Neha,3,637.35
ORD-202603-02424,2026-03-18 00:00:00+00:00,CUST-1545,Wireless Mouse,Electronics,East,,3,792.51
ORD-202603-02425,2026-03-24 00:00:00+00:00,CUST-1036,Wireless Mouse,Electronics,,Rahul,4,781.91
ORD-202603-02426,2026-03-06 00:00:00+00:00,,Webcam,Electronics,East,Neha,2,1802.35
ORD-202603-02427,2026-03-14 00:00:00+00:00,CUST-2977,Laptop Stand,Accessories,North,Priya,5,1515.56
ORD-202603-02428,2026-03-12 00:00:00+00:00,CUST-3030,Desk Organizer,Office,West,Rahul,1,606.14
ORD-202603-02429,2026-03-30 00:00:00+00:00,CUST-1302,Headphones,Electronics,East,Rahul,2,2250.28
ORD-202603-02430,2026-03-17 00:00:00+00:00,CUST-3181,Office Chair,Furniture,West,Vikram,4,6418.93
ORD-202603-02431,2026-03-04 00:00:00+00:00,CUST-0089,Mouse Pad,Accessories,North,Sneha,1,408.01
ORD-202603-02432,2026-03-22 00:00:00+00:00,CUST-0379,Wireless Mouse,Electronics,West,Amit,2,764.48
ORD-202603-02433,2026-03-20 00:00:00+00:00,CUST-1247,Monitor Stand,Furniture,North,Priya,3,2192.43
ORD-202603-02434,2026-03-31 00:00:00+00:00,CUST-4766,Notebook,Office,North,Priya,4,188.99
ORD-202603-02435,2026-03-13 00:00:00+00:00,CUST-3519,Study Table,Furniture,Central,Priya,3,5116.32
ORD-202603-02436,2026-03-29 00:00:00+00:00,CUST-0261,Keyboard,Electronics,South,Neha,6,1180.7
ORD-202603-02437,2026-03-10 00:00:00+00:00,CUST-0349,USB Hub,Accessories,West,Sneha,4,932.54
ORD-202603-02438,2026-03-17 00:00:00+00:00,CUST-4180,Headphones,Electronics,Central,Rahul,3,2394.35
ORD-202603-02439,2026-03-11 00:00:00+00:00,CUST-2529,Mouse Pad,Accessories,North,Ananya,4,380.96
ORD-202603-02440,2026-03-10 00:00:00+00:00,CUST-3578,Office Chair,Furniture, Central,Karan,3,6453.69
ORD-202603-02441,2026-03-19 00:00:00+00:00,CUST-1552,Study Table,Furniture,Central,Priya,1,5006.81
ORD-202603-02442,2026-03-17 00:00:00+00:00,CUST-1448,Monitor Stand,Furniture,East,Priya,4,1891.2
ORD-202603-02443,2026-03-28 00:00:00+00:00,CUST-0792,Webcam,Electronics,South,Ananya,3,1859.74
ORD-202603-02444,2026-03-12 00:00:00+00:00,CUST-2986,Webcam,Electronics,South,Priya,4,1960.55
ORD-202603-02445,2026-03-19 00:00:00+00:00,CUST-2866,Desk Organizer,Office,South,Karan,4,551.22
ORD-202603-02446,2026-03-15 00:00:00+00:00,CUST-2749,Office Chair,Furniture,East,Amit,2,6811.66
ORD-202603-02447,2026-03-27 00:00:00+00:00,CUST-4666,Laptop Stand,Accessories,North,Vikram,4,1646.63
ORD-202603-02448,2026-03-29 00:00:00+00:00,CUST-3335,Laptop Stand,Accessories,East,Karan,5,1553.3
ORD-202603-02449,2026-03-10 00:00:00+00:00,CUST-4663,Headphones,Electronics,East,Sneha,2,2748.5
ORD-202603-02450,2026-03-16 00:00:00+00:00,CUST-3689,Office Chair,Furniture,West,Karan,1,6410.26
ORD-202603-02451,2026-03-12 00:00:00+00:00,CUST-0657,Keyboard,Electronics,North,Ananya,2,1274.29
ORD-202603-02452,2026-03-02 00:00:00+00:00,CUST-2575,Notebook,Office,South,Sneha,4,188.26
ORD-202603-02453,2026-03-28 00:00:00+00:00,CUST-4860,USB Hub,Accessories,North,Vikram,5,978.39
ORD-202603-02454,2026-03-22 00:00:00+00:00,CUST-3582,Notebook,Office,Central,Sneha,5,215.13
ORD-202603-02455,2026-03-30 00:00:00+00:00,CUST-0583,Monitor Stand,Furniture,Central,,6,2026.59
ORD-202603-02456,2026-03-09 00:00:00+00:00,CUST-0991,Office Chair,Furniture, Central,Karan,4,6729.02
ORD-202603-02457,2026-03-11 00:00:00+00:00,,Study Table,Furniture,Central,Ananya,7,5548.33
ORD-202603-02458,2026-03-07 00:00:00+00:00,CUST-3463,Desk Organizer,Office,Central,Sneha,7,643.46
ORD-202603-02459,2026-03-11 00:00:00+00:00,CUST-2187,USB Hub,Accessories,South,Sneha,1,912.28
ORD-202603-02460,2026-03-24 00:00:00+00:00,CUST-2139,Monitor Stand,Furniture,Central,Neha,2,2105.05
ORD-202603-02461,2026-03-27 00:00:00+00:00,CUST-4881,Notebook, Office,North,Rahul,3,206.47
ORD-202603-02462,,CUST-4706,Laptop Stand,Accessories,North,Ananya,4,1378.34
ORD-202603-02463,2026-03-02 00:00:00+00:00,CUST-0474,Study Table,Furniture,South,Neha,2,5782.61
ORD-202603-02464,2026-03-19 00:00:00+00:00,CUST-4278,Monitor Stand,Furniture,South,Amit,3,1882.49
ORD-202603-02465,2026-03-05 00:00:00+00:00,CUST-4677,Mouse Pad,Accessories,West,Rahul,1,428.57
ORD-202603-02466,2026-03-26 00:00:00+00:00,CUST-0007,Office Chair,Furniture,West,Karan,7,6732.55
ORD-202603-02467,2026-03-04 00:00:00+00:00,CUST-4570,Mouse Pad,Accessories,North,Sneha,6,404.13
ORD-202603-02468,2026-03-10 00:00:00+00:00,CUST-3803,Mouse Pad,Accessories,East,Priya,2,381.9
ORD-202603-02469,2026-03-11 00:00:00+00:00,CUST-1413,Mouse Pad,Accessories,North,Ananya,3,359.78
ORD-202603-02470,2026-03-15 00:00:00+00:00,CUST-3013,Mouse Pad,Accessories,Central,Ananya,4,421.35
ORD-202603-02471,2026-03-27 00:00:00+00:00,CUST-0210,Study Table,Furniture,West,Karan,4,5735.31
ORD-202603-02472,2026-03-18 00:00:00+00:00,CUST-3572,Study Table,Furniture,North,Rahul,3,5964.93
ORD-202603-02473,2026-03-09 00:00:00+00:00,CUST-1723,Office Chair,Furniture,West,Karan,4,7100.49
ORD-202603-02474,2026-03-20 00:00:00+00:00,CUST-1292,Notebook,Office,South,Vikram,7,186.59
ORD-202603-02475,2026-03-16 00:00:00+00:00,CUST-3968,Keyboard,Electronics,South,Priya,4,1213.48
ORD-202603-02476,2026-03-31 00:00:00+00:00,CUST-3994,Laptop Stand,Accessories,West,Karan,4,1465.81
ORD-202603-02477,2026-03-30 00:00:00+00:00,CUST-1776,Keyboard,Electronics,South,Sneha,2,1255.0
ORD-202603-02478,2026-03-28 00:00:00+00:00,CUST-0704,Wireless Mouse,Electronics,East ,Vikram,4,784.3
ORD-202603-02479,2026-03-06 00:00:00+00:00,CUST-3702,Pen Set,Office,Central,Amit,5,282.55
ORD-202603-02480,2026-03-07 00:00:00+00:00,CUST-4495,Webcam,Electronics,South,Sneha,5,2084.59
ORD-202603-02481,2026-03-06 00:00:00+00:00,CUST-4381,Keyboard,Electronics,North,Priya,4,1191.37
ORD-202603-02482,2026-03-17 00:00:00+00:00,CUST-2173,Headphones, Electronics,East,Rahul,5,2618.53
ORD-202603-02483,2026-03-26 00:00:00+00:00,CUST-2595,Wireless Mouse,Electronics,North,Rahul,2,809.81
ORD-202603-02484,2026-03-05 00:00:00+00:00,CUST-0532,Keyboard,Electronics,Central,Vikram,1,1313.45
ORD-202603-02485,2026-03-31 00:00:00+00:00,CUST-1635,Mouse Pad,Accessories,West,Priya,3,408.04
ORD-202603-02486,2026-03-02 00:00:00+00:00,CUST-3504,Pen Set,Office,East,Karan,2,323.16
ORD-202603-02487,2026-03-17 00:00:00+00:00,CUST-3826,Office Chair,Furniture,East,Rahul,7,7244.18
ORD-202603-02488,2026-03-12 00:00:00+00:00,CUST-1934,USB Hub,Accessories,North,Vikram,2,857.8
ORD-202603-02489,2026-03-29 00:00:00+00:00,CUST-4608,Desk Organizer,Office,West,Priya,7,571.36
ORD-202603-02490,2026-03-10 00:00:00+00:00,CUST-1273,Keyboard,Electronics,West,Vikram,3,1384.24
ORD-202603-02491,2026-03-06 00:00:00+00:00,CUST-3508,Keyboard,Electronics,Central,Priya,6,1293.3
ORD-202603-02492,2026-03-18 00:00:00+00:00,CUST-3346,Laptop Stand,Accessories,West,Neha,5,1560.42
ORD-202603-02493,2026-03-02 00:00:00+00:00,CUST-2974,Pen Set,Office,South,Vikram,1,291.58
ORD-202603-02494,2026-03-20 00:00:00+00:00,CUST-1668,Keyboard,Electronics,East,Karan,7,1360.88
ORD-202603-02495,2026-03-05 00:00:00+00:00,CUST-3551,Wireless Mouse,Electronics,South,Karan,4,786.87
ORD-202603-02496,2026-03-12 00:00:00+00:00,CUST-1085,Notebook,Office,West,Rahul,4,198.73
ORD-202603-02497,2026-03-19 00:00:00+00:00,CUST-4147,USB Hub,Accessories,Central,Rahul,2,976.03
ORD-202603-02498,2026-03-27 00:00:00+00:00,CUST-3015,USB Hub,Accessories,South,Priya,2,898.08
ORD-202603-02499,2026-03-22 00:00:00+00:00,CUST-2053,USB Hub,Accessories,West,Sneha,1,849.52
ORD-202603-02500,2026-03-27 00:00:00+00:00,CUST-1752,Monitor Stand,Furniture,North,Priya,4,2011.56
ORD-202603-02501,2026-03-26 00:00:00+00:00,CUST-0628,Keyboard,Electronics,West,Amit,3,1171.32
ORD-202603-02502,2026-03-23 00:00:00+00:00,CUST-0265,Notebook,Office,West,Neha,4,190.2
ORD-202603-02503,2026-03-11 00:00:00+00:00,CUST-1568,Desk Organizer,Office,West,Neha,7,611.48
ORD-202603-02504,2026-03-11 00:00:00+00:00,CUST-1135,Desk Organizer,Office,South,Rahul,5,547.6
ORD-202603-02505,2026-03-27 00:00:00+00:00,CUST-3437,Keyboard,Electronics,West,Neha,6,1287.41
ORD-202603-02506,2026-03-08 00:00:00+00:00,,Laptop Stand,Accessories,Central,Sneha,5,1528.64
ORD-202603-02507,2026-03-27 00:00:00+00:00,CUST-0769,Monitor Stand,Furniture,North,Rahul,2,1889.66
ORD-202603-02508,2026-03-04 00:00:00+00:00,CUST-2873,Desk Organizer, Office,,Vikram,5,565.19
ORD-202603-02509,2026-03-26 00:00:00+00:00,CUST-3176,Study Table,Furniture,South,Ananya,7,5684.64
ORD-202603-02510,2026-03-08 00:00:00+00:00,CUST-2433,Desk Organizer,Office,South,Sneha,7,655.81
ORD-202603-02511,2026-03-23 00:00:00+00:00,CUST-3266,Wireless Mouse,Electronics,North,Karan,1,768.21
ORD-202603-02512,2026-03-30 00:00:00+00:00,CUST-4594,Monitor Stand,Furniture,North,Ananya,1,1882.15
ORD-202603-02513,2026-03-29 00:00:00+00:00,CUST-2989,Office Chair,Furniture,East,Karan,7,7676.53
ORD-202603-02514,2026-03-13 00:00:00+00:00,CUST-1709,Pen Set,Office,West,Karan,6,319.01
ORD-202603-02515,2026-03-05 00:00:00+00:00,CUST-3133,Wireless Mouse,Electronics,West,Karan,1,868.67
ORD-202603-02516,2026-03-13 00:00:00+00:00,CUST-4337,Study Table,Furniture,West,Amit,6,4999.8
ORD-202603-02517,2026-03-19 00:00:00+00:00,CUST-3207,Study Table,Furniture,West,Rahul,7,5975.88
ORD-202603-02518,2026-03-15 00:00:00+00:00,CUST-2394,Study Table,Furniture,North,Ananya,2,5871.1
ORD-202603-02519,2026-03-24 00:00:00+00:00,CUST-0579,Webcam,Electronics,East,Sneha,2,1822.92
ORD-202603-02520,2026-03-21 00:00:00+00:00,CUST-3407,Study Table,Furniture,East,Amit,6,5635.62
ORD-202603-02521,2026-03-01 00:00:00+00:00,CUST-3918,Wireless Mouse,Electronics,North,Sneha,3,746.61
ORD-202603-02522,2026-03-29 00:00:00+00:00,CUST-2701,Notebook,Office,South,Priya,1,195.72
ORD-202603-02523,2026-03-09 00:00:00+00:00,CUST-3158,Desk Organizer,Office,South,Priya,5,611.27
ORD-202603-02524,2026-03-04 00:00:00+00:00,CUST-0545,Headphones,Electronics,North,Amit,4,2304.24
ORD-202603-02525,2026-03-08 00:00:00+00:00,CUST-4835,Monitor Stand,Furniture,East,Ananya,2,2185.5
ORD-202603-02526,2026-03-26 00:00:00+00:00,CUST-2113,Notebook,Office,East,Vikram,3,216.08
ORD-202603-02527,2026-03-25 00:00:00+00:00,CUST-4415,Headphones,Electronics ,,Karan,4,2682.61
ORD-202603-02528,2026-03-14 00:00:00+00:00,CUST-3377,Study Table,Furniture,North,Ananya,2,5090.49
ORD-202603-02529,2026-03-16 00:00:00+00:00,CUST-3603,Keyboard,Electronics,Central,Amit,1,1342.95
ORD-202603-02530,2026-03-09 00:00:00+00:00,CUST-1381,Monitor Stand,Furniture,South,Rahul,5,2155.09
ORD-202603-02531,2026-03-31 00:00:00+00:00,CUST-1314,Monitor Stand,Furniture,West,Rahul,3,1854.12
ORD-202603-02532,2026-03-17 00:00:00+00:00,CUST-1652,Monitor Stand,Furniture,East,Sneha,3,-100.0
ORD-202603-02533,2026-03-04 00:00:00+00:00,CUST-1347,Laptop Stand,Accessories,North,Ananya,3,1410.31
ORD-202603-02534,2026-03-17 00:00:00+00:00,CUST-3506,USB Hub,Accessories,South,Sneha,2,933.14
ORD-202603-02535,2026-03-03 00:00:00+00:00,CUST-0767,Desk Organizer,Office,West,Karan,4,616.67
ORD-202603-02536,2026-03-05 00:00:00+00:00,CUST-3669,Office Chair,Furniture,South,Karan,5,7519.18
ORD-202603-02537,2026-03-07 00:00:00+00:00,CUST-0736,Headphones,Electronics,South,Neha,4,2491.86
ORD-202603-02538,2026-03-04 00:00:00+00:00,CUST-2682,Mouse Pad,Accessories,West,Ananya,4,419.66
ORD-202603-02539,2026-03-27 00:00:00+00:00,CUST-1464,Laptop Stand,Accessories,West,Karan,6,1406.61
ORD-202603-02540,2026-03-20 00:00:00+00:00,CUST-3682,Pen Set,Office,Central,Vikram,1,307.53
ORD-202603-02541,2026-03-16 00:00:00+00:00,CUST-1434,Office Chair,Furniture,East,Neha,6,7526.5
ORD-202603-02542,2026-03-23 00:00:00+00:00,CUST-4210,USB Hub,Accessories,East,Neha,6,939.09
ORD-202603-02543,2026-03-19 00:00:00+00:00,CUST-4375,Study Table,Furniture,,Sneha,2,5915.37
ORD-202603-02544,2026-03-20 00:00:00+00:00,CUST-2545,Webcam,Electronics,East,Neha,7,1948.29
ORD-202603-02545,2026-03-18 00:00:00+00:00,CUST-0118,Desk Organizer,Office,South,Neha,4,605.16
ORD-202603-02546,2026-03-11 00:00:00+00:00,CUST-3478,USB Hub,Accessories,South,Priya,3,973.62
ORD-202603-02547,2026-03-01 00:00:00+00:00,CUST-3416,Keyboard,Electronics,Central,Vikram,3,1253.12
ORD-202603-02548,2026-03-18 00:00:00+00:00,CUST-0062,Webcam,Electronics,Central,Sneha,7,1993.33
ORD-202603-02549,2026-03-25 00:00:00+00:00,CUST-2817,Office Chair,Furniture,South,Karan,4,7269.23
ORD-202603-02550,2026-03-29 00:00:00+00:00,CUST-0147,USB Hub,Accessories,North,Vikram,7,955.5
ORD-202603-02551,2026-03-08 00:00:00+00:00,CUST-1237,Office Chair,Furniture,Central,Rahul,6,6995.68
ORD-202603-02552,2026-03-29 00:00:00+00:00,CUST-3014,Pen Set,Office,North,Neha,4,298.62
ORD-202603-02553,2026-03-02 00:00:00+00:00,,USB Hub,Accessories,South,Neha,1,815.25
ORD-202603-02554,2026-03-08 00:00:00+00:00,CUST-3179,Headphones,Electronics,North,Priya,7,2714.61
ORD-202603-02555,2026-03-27 00:00:00+00:00,CUST-2079,Desk Organizer,Office,West,Ananya,2,585.5
ORD-202603-02556,2026-03-03 00:00:00+00:00,CUST-1469,Pen Set,Office,North,Neha,6,302.11
ORD-202603-02557,2026-03-15 00:00:00+00:00,CUST-0348,Laptop Stand,Accessories,South,Karan,1,1408.53
ORD-202603-02558,2026-03-21 00:00:00+00:00,CUST-3089,Wireless Mouse,Electronics,West,Priya,6,817.57
ORD-202603-02559,2026-03-02 00:00:00+00:00,CUST-2709,USB Hub,Accessories,North,Amit,1,871.33
ORD-202603-02560,2026-03-06 00:00:00+00:00,CUST-0509,Wireless Mouse,Electronics,Central,Karan,1,812.59
ORD-202603-02561,2026-03-12 00:00:00+00:00,CUST-0577,Office Chair,Furniture,West,,3,7328.43
ORD-202603-02562,2026-03-25 00:00:00+00:00,CUST-3847,Webcam,Electronics,West,Ananya,6,1940.77
ORD-202603-02563,2026-03-24 00:00:00+00:00,CUST-4134,USB Hub,Accessories,East,Rahul,7,814.61
ORD-202603-02564,2026-03-09 00:00:00+00:00,CUST-1766,Headphones,Electronics,South,Ananya,2,2651.98
ORD-202603-02565,2026-03-13 00:00:00+00:00,CUST-4896,Study Table,Furniture,East,Karan,5,5565.94
ORD-202603-02566,2026-03-05 00:00:00+00:00,CUST-2858,Office Chair,Furniture,Central,Ananya,6,6632.81
ORD-202603-02567,2026-03-14 00:00:00+00:00,CUST-2737,Monitor Stand,Furniture,East,Neha,7,1928.5
ORD-202603-02568,2026-03-26 00:00:00+00:00,CUST-4897,Desk Organizer,Office,,Sneha,2,636.26
ORD-202603-02569,2026-03-03 00:00:00+00:00,CUST-3073,Keyboard,Electronics,South,Neha,1,1412.35
ORD-202603-02570,2026-03-07 00:00:00+00:00,CUST-2583,Pen Set,Office,East,Priya,6,317.75
ORD-202603-02571,2026-03-10 00:00:00+00:00,CUST-0620,USB Hub,Accessories,Central,Ananya,1,968.45
ORD-202603-02572,2026-03-01 00:00:00+00:00,CUST-2634,Desk Organizer,Office,East,Vikram,7,597.79
ORD-202603-02573,2026-03-29 00:00:00+00:00,CUST-1637,Pen Set,Office,West,Amit,3,294.02
ORD-202603-02574,2026-03-26 00:00:00+00:00,CUST-0516,Pen Set,Office,East,Vikram,4,318.07
ORD-202603-02575,2026-03-11 00:00:00+00:00,CUST-2667,Pen Set,Office,East,Amit,4,292.7
ORD-202603-02576,2026-03-03 00:00:00+00:00,CUST-0222,Office Chair, Furniture,North,Sneha,4,7287.16
ORD-202603-02577,2026-03-16 00:00:00+00:00,CUST-4640,Study Table,Furniture,South,Amit,1,5623.33
ORD-202603-02578,2026-03-14 00:00:00+00:00,CUST-4614,Mouse Pad,Accessories,Central,Rahul,2,371.3
ORD-202603-02579,2026-03-05 00:00:00+00:00,CUST-3619,Wireless Mouse,Electronics,Central,Neha,3,768.43
ORD-202603-02580,2026-03-13 00:00:00+00:00,CUST-4333,Wireless Mouse,Electronics,South,Rahul,2,753.05
ORD-202603-02581,2026-03-29 00:00:00+00:00,CUST-4132,Wireless Mouse,Electronics,East,Neha,6,739.15
ORD-202603-02582,2026-03-05 00:00:00+00:00,CUST-4053,Study Table,Furniture,West,Amit,7,5411.21
ORD-202603-02583,2026-03-28 00:00:00+00:00,CUST-0628,USB Hub,Accessories,Central,Sneha,2,844.77
ORD-202603-02584,2026-03-02 00:00:00+00:00,CUST-4972,Mouse Pad,Accessories,North,Sneha,6,364.8
ORD-202603-02585,2026-03-14 00:00:00+00:00,CUST-1176,Webcam,Electronics,South,Amit,4,1787.7
ORD-202603-02586,2026-03-03 00:00:00+00:00,CUST-0485,Monitor Stand,Furniture,East,Rahul,6,2046.53
ORD-202603-02587,2026-03-22 00:00:00+00:00,CUST-4391,Webcam,Electronics,East,Neha,6,2016.14
ORD-202603-02588,2026-03-14 00:00:00+00:00,CUST-3829,Study Table,Furniture,,Amit,6,5458.22
ORD-202603-02589,2026-03-19 00:00:00+00:00,CUST-2997,Pen Set,Office,South,Rahul,7,305.54
ORD-202603-02590,2026-03-30 00:00:00+00:00,CUST-0560,USB Hub,Accessories,West,Sneha,5,926.05
ORD-202603-02591,2026-03-28 00:00:00+00:00,CUST-1593,Pen Set,Office,Central,Vikram,7,308.06
ORD-202603-02592,2026-03-23 00:00:00+00:00,CUST-3174,Monitor Stand,Furniture,South,Sneha,4,2193.65
ORD-202603-02593,2026-03-11 00:00:00+00:00,CUST-3519,Wireless Mouse,Electronics,East,Rahul,1,816.41
ORD-202603-02594,2026-03-23 00:00:00+00:00,CUST-3590,Wireless Mouse,Electronics,West,Vikram,3,806.39
ORD-202603-02595,2026-03-17 00:00:00+00:00,CUST-1248,Headphones,Electronics,Central,Sneha,5,2682.29
ORD-202603-02596,2026-03-21 00:00:00+00:00,CUST-3468,Pen Set,Office,West,Rahul,1,306.23
ORD-202603-02597,2026-03-22 00:00:00+00:00,CUST-0555,Mouse Pad,Accessories,East,Karan,6,395.66
ORD-202603-02598,2026-03-24 00:00:00+00:00,CUST-1325,Pen Set,Office,North,Neha,6,313.5
ORD-202603-02599,2026-03-23 00:00:00+00:00,CUST-0088,USB Hub,Accessories,North,Rahul,2,-100.0
ORD-202603-02600,2026-03-17 00:00:00+00:00,CUST-4417,Office Chair,Furniture,North,Amit,7,7240.54
ORD-202603-02601,2026-03-06 00:00:00+00:00,CUST-1840,Mouse Pad,Accessories,,Sneha,6,420.32
ORD-202603-02602,2026-03-31 00:00:00+00:00,CUST-2831,Mouse Pad,Accessories,East,Priya,3,410.06
ORD-202603-02603,2026-03-03 00:00:00+00:00,CUST-0051,Mouse Pad,Accessories,South,Amit,7,374.08
ORD-202603-02604,2026-03-19 00:00:00+00:00,CUST-4568,Webcam,Electronics,East,Neha,4,1904.7
ORD-202603-02605,2026-03-08 00:00:00+00:00,CUST-1998,Monitor Stand,Furniture,West,Amit,4,2122.91
ORD-202603-02606,2026-03-20 00:00:00+00:00,CUST-2224,Wireless Mouse,Electronics,North,Karan,5,783.46
ORD-202603-02607,2026-03-14 00:00:00+00:00,CUST-1792,Wireless Mouse,Electronics,South,Ananya,7,867.36
ORD-202603-02608,,CUST-1715,Mouse Pad,Accessories,West,Priya,5,362.94
ORD-202603-02609,2026-03-29 00:00:00+00:00,CUST-1535,Pen Set,Office,South,Sneha,4,308.87
ORD-202603-02610,2026-03-24 00:00:00+00:00,CUST-4494,USB Hub,Accessories,East,Ananya,5,850.97
ORD-202603-02611,2026-03-11 00:00:00+00:00,CUST-0397,Office Chair,Furniture,West,Ananya,6,7207.18
ORD-202603-02612,2026-03-12 00:00:00+00:00,CUST-4079,Laptop Stand,Accessories,South,Rahul,2,1633.71
ORD-202603-02613,2026-03-18 00:00:00+00:00,,Webcam,Electronics,North,Karan,4,1927.48
ORD-202603-02614,2026-03-24 00:00:00+00:00,CUST-0431,Pen Set,Office,South,Amit,5,295.23
ORD-202603-02615,2026-03-31 00:00:00+00:00,,Webcam,Electronics,,Sneha,2,2035.22
ORD-202603-02616,2026-03-27 00:00:00+00:00,CUST-2194,Mouse Pad,Accessories,South,Rahul,6,396.1
ORD-202603-02617,2026-03-03 00:00:00+00:00,CUST-4521,Pen Set,Office,Central,Priya,1,302.84
ORD-202603-02618,2026-03-01 00:00:00+00:00,CUST-0379,Keyboard,Electronics,North,Amit,1,1248.88
ORD-202603-02619,2026-03-06 00:00:00+00:00,,Headphones,Electronics,East,Amit,3,2523.66
ORD-202603-02620,2026-03-12 00:00:00+00:00,CUST-4351,Wireless Mouse,Electronics,Central,Priya,5,833.49
ORD-202603-02621,2026-03-02 00:00:00+00:00,CUST-1267,Headphones,Electronics,West,Vikram,1,2503.65
ORD-202603-02622,,CUST-2392,Study Table,Furniture,North,Rahul,3,5180.98
ORD-202603-02623,2026-03-21 00:00:00+00:00,CUST-0821,Wireless Mouse,Electronics,South,Vikram,2,722.24
ORD-202603-02624,2026-03-04 00:00:00+00:00,CUST-1308,Desk Organizer,Office,,Priya,7,565.22
ORD-202603-02625,2026-03-27 00:00:00+00:00,CUST-2888,Headphones,Electronics,Central,Karan,6,2674.06
ORD-202603-02626,2026-03-24 00:00:00+00:00,CUST-0352,Mouse Pad,Accessories,West,Neha,7,435.65
ORD-202603-02627,2026-03-10 00:00:00+00:00,CUST-3854,Wireless Mouse,Electronics,South,Vikram,3,808.98
ORD-202603-02628,2026-03-11 00:00:00+00:00,CUST-1466,Mouse Pad,Accessories,East,Amit,5,425.26
ORD-202603-02629,2026-03-22 00:00:00+00:00,CUST-4550,Monitor Stand,Furniture,East,Rahul,3,1817.88
ORD-202603-02630,2026-03-16 00:00:00+00:00,CUST-1824,Keyboard,Electronics,Central,Amit,3,1390.86
ORD-202603-02631,2026-03-30 00:00:00+00:00,CUST-3609,Laptop Stand,Accessories,North,Rahul,4,-100.0
ORD-202603-02632,2026-03-29 00:00:00+00:00,CUST-4853,Webcam,Electronics,East,Karan,7,1775.74
ORD-202603-02633,2026-03-30 00:00:00+00:00,CUST-3271,Desk Organizer,Office,West,Neha,7,572.29
ORD-202603-02634,2026-03-20 00:00:00+00:00,CUST-4951,Office Chair,Furniture,Central,Karan,2,6996.23
ORD-202603-02635,2026-03-24 00:00:00+00:00,CUST-3580,Webcam,Electronics,South,Amit,3,1932.25
ORD-202603-02636,2026-03-14 00:00:00+00:00,CUST-2315,Keyboard,Electronics,South,Neha,4,1170.91
ORD-202603-02637,2026-03-24 00:00:00+00:00,CUST-4919,Study Table,Furniture,West,Amit,6,5326.34
ORD-202603-02638,2026-03-22 00:00:00+00:00,CUST-4570,Keyboard,Electronics,East,Sneha,3,1352.12
ORD-202603-02639,2026-03-16 00:00:00+00:00,CUST-4662,Study Table,Furniture,Central,Sneha,1,5774.29
ORD-202603-02640,2026-03-07 00:00:00+00:00,CUST-3994,Notebook,Office,South,Rahul,2,188.43
ORD-202603-02641,2026-03-30 00:00:00+00:00,,Office Chair,Furniture,South,Ananya,3,6644.11
ORD-202603-02642,2026-03-01 00:00:00+00:00,CUST-3848,Office Chair,Furniture,East,Ananya,7,7250.5
ORD-202603-02643,2026-03-04 00:00:00+00:00,CUST-1140,Pen Set,Office,East,Neha,5,305.55
ORD-202603-02644,2026-03-20 00:00:00+00:00,CUST-1345,Laptop Stand,Accessories,North,Neha,2,1498.15
ORD-202603-02645,2026-03-13 00:00:00+00:00,CUST-3896,Laptop Stand,Accessories,North,Sneha,5,1512.95
ORD-202603-02646,2026-03-27 00:00:00+00:00,CUST-3713,Pen Set,Office,East,Rahul,6,298.97
ORD-202603-02647,2026-03-02 00:00:00+00:00,CUST-0374,Mouse Pad,Accessories,North,Neha,2,391.6
ORD-202603-02648,2026-03-22 00:00:00+00:00,CUST-4956,Study Table,Furniture,East,Rahul,6,5815.6
ORD-202603-02649,2026-03-08 00:00:00+00:00,CUST-3442,Desk Organizer,Office,North,Neha,5,645.55
ORD-202603-02650,2026-03-17 00:00:00+00:00,CUST-4200,Study Table,Furniture,North,Priya,5,5652.8
ORD-202603-02651,2026-03-14 00:00:00+00:00,CUST-4520,USB Hub,Accessories,East,Amit,1,857.6
ORD-202603-02652,2026-03-05 00:00:00+00:00,CUST-2711,Mouse Pad,Accessories,North,Ananya,1,436.86
ORD-202603-02653,2026-03-13 00:00:00+00:00,CUST-1664,Study Table,Furniture,West,Rahul,4,5046.13
ORD-202603-02654,2026-03-03 00:00:00+00:00,CUST-0005,Webcam,Electronics,East,Amit,3,2070.69
ORD-202603-02655,2026-03-27 00:00:00+00:00,CUST-3602,Office Chair,Furniture,North,Amit,3,7077.38
ORD-202603-02656,2026-03-09 00:00:00+00:00,CUST-1884,Notebook,Office,West,Sneha,7,207.36
ORD-202603-02657,2026-03-04 00:00:00+00:00,CUST-2100,USB Hub,Accessories,South,Neha,2,885.25
ORD-202603-02658,2026-03-30 00:00:00+00:00,CUST-3271,Monitor Stand,Furniture,West,Rahul,3,1941.86
ORD-202603-02659,2026-03-20 00:00:00+00:00,CUST-2080,Webcam,Electronics,Central,Rahul,1,1793.91
ORD-202603-02660,2026-03-15 00:00:00+00:00,CUST-0693,Pen Set,Office,West,Neha,1,275.81
ORD-202603-02661,2026-03-15 00:00:00+00:00,CUST-4352,Laptop Stand,Accessories,South,Rahul,3,1442.87
ORD-202603-02662,2026-03-25 00:00:00+00:00,CUST-2029,Monitor Stand,Furniture,East,Neha,6,1900.86
ORD-202603-02663,2026-03-13 00:00:00+00:00,CUST-3599,Notebook,Office,South,Neha,5,200.34
ORD-202603-02664,2026-03-01 00:00:00+00:00,CUST-3552,Notebook,Office,South,Sneha,5,213.22
ORD-202603-02665,2026-03-21 00:00:00+00:00,CUST-1247,Laptop Stand,Accessories,Central,Rahul,6,1374.16
ORD-202603-02666,,CUST-4457,Wireless Mouse, Electronics,West,Priya,5,838.47
ORD-202603-02667,2026-03-04 00:00:00+00:00,CUST-4944,Monitor Stand,Furniture,East,Neha,4,1906.07
ORD-202603-02668,2026-03-08 00:00:00+00:00,CUST-3508,USB Hub,Accessories,South ,Rahul,3,924.37
ORD-202603-02669,2026-03-12 00:00:00+00:00,CUST-4251,Pen Set,Office,East,Ananya,1,306.61
ORD-202603-02670,2026-03-30 00:00:00+00:00,CUST-3054,Study Table,Furniture,West,Ananya,3,5760.21
ORD-202603-02671,2026-03-26 00:00:00+00:00,CUST-1542,Laptop Stand,Accessories,West,Neha,4,1353.67
ORD-202603-02672,2026-03-07 00:00:00+00:00,CUST-1130,Wireless Mouse,Electronics,North,Rahul,2,719.32
ORD-202603-02673,2026-03-07 00:00:00+00:00,CUST-4715,Office Chair,Furniture,Central,Ananya,1,6535.3
ORD-202603-02674,2026-03-02 00:00:00+00:00,CUST-3355,Pen Set,Office,East,Vikram,5,327.73
ORD-202603-02675,2026-03-07 00:00:00+00:00,CUST-2426,Pen Set,Office,South,Rahul,4,289.53
ORD-202603-02676,2026-03-06 00:00:00+00:00,CUST-4193,Laptop Stand,Accessories,West,Amit,7,1536.55
ORD-202603-02677,2026-03-17 00:00:00+00:00,CUST-2808,Study Table,Furniture,East,Amit,6,5287.85
ORD-202603-02678,2026-03-02 00:00:00+00:00,CUST-2190,USB Hub,Accessories,South,Sneha,6,896.81
ORD-202603-02679,2026-03-17 00:00:00+00:00,CUST-0299,Wireless Mouse,Electronics,Central,Ananya,4,789.08
ORD-202603-02680,2026-03-10 00:00:00+00:00,CUST-4446,Notebook,Office,Central,,5,186.58
ORD-202603-02681,2026-03-21 00:00:00+00:00,CUST-0356,Office Chair,furniture,Central,Neha,7,6800.55
ORD-202603-02682,2026-03-31 00:00:00+00:00,CUST-1694,USB Hub,Accessories,North,Amit,4,843.38
ORD-202603-02683,2026-03-30 00:00:00+00:00,CUST-3013,USB Hub,Accessories,Central,Sneha,2,859.39
ORD-202603-02684,2026-03-29 00:00:00+00:00,CUST-3164,Study Table,Furniture,South,Ananya,5,5408.03
ORD-202603-02685,2026-03-18 00:00:00+00:00,CUST-3246,Notebook,Office,South,Ananya,1,210.76
ORD-202603-02686,2026-03-18 00:00:00+00:00,CUST-4207,Webcam,Electronics,West,Amit,4,1783.7
ORD-202603-02687,2026-03-19 00:00:00+00:00,CUST-2558,Laptop Stand,Accessories ,East,Amit,6,1407.78
ORD-202603-02688,2026-03-26 00:00:00+00:00,CUST-4439,Desk Organizer,Office,Central,,6,568.73
ORD-202603-02689,2026-03-09 00:00:00+00:00,CUST-2915,Desk Organizer,Office,West,Karan,6,633.66
ORD-202603-02690,2026-03-13 00:00:00+00:00,CUST-2342,Keyboard,Electronics,North,Amit,5,1233.35
ORD-202603-02691,2026-03-11 00:00:00+00:00,CUST-1929,Office Chair,Furniture,North,Vikram,3,7446.17
ORD-202603-02692,2026-03-28 00:00:00+00:00,CUST-2304,Laptop Stand,Accessories,North,Rahul,2,1445.83
ORD-202603-02693,2026-03-07 00:00:00+00:00,CUST-2373,Keyboard,Electronics,South,Ananya,4,1247.8
ORD-202603-02694,2026-03-07 00:00:00+00:00,CUST-4727,Headphones,Electronics,East,Karan,4,2438.16
ORD-202603-02695,2026-03-12 00:00:00+00:00,CUST-0831,Study Table,Furniture,Central,Ananya,3,5441.95
ORD-202603-02696,2026-03-13 00:00:00+00:00,CUST-2333,Headphones,Electronics,South,Priya,2,2458.91
ORD-202603-02697,2026-03-22 00:00:00+00:00,CUST-0623,Mouse Pad,Accessories,North,,6,390.57
ORD-202603-02698,2026-03-04 00:00:00+00:00,CUST-0017,Notebook,Office,East,Sneha,4,218.81
ORD-202603-02699,2026-03-07 00:00:00+00:00,CUST-2273,Mouse Pad,Accessories,East,Amit,4,414.41
ORD-202603-02700,2026-03-30 00:00:00+00:00,CUST-2424,Laptop Stand,Accessories,Central,Ananya,6,1613.41
ORD-202603-02701,2026-03-20 00:00:00+00:00,CUST-1466,Wireless Mouse,Electronics,North,Neha,7,861.9
ORD-202603-02702,2026-03-11 00:00:00+00:00,CUST-3022,Wireless Mouse,Electronics,South,Neha,6,787.32
ORD-202603-02703,2026-03-31 00:00:00+00:00,CUST-0082,Mouse Pad,Accessories,West,Amit,6,420.96
ORD-202603-02704,2026-03-08 00:00:00+00:00,CUST-3719,Study Table,Furniture,North,Amit,2,5466.84
ORD-202603-02705,2026-03-20 00:00:00+00:00,CUST-2083,Office Chair,Furniture,East,Neha,7,7131.54
ORD-202603-02706,2026-03-07 00:00:00+00:00,CUST-0396,Pen Set,Office,West,Ananya,6,313.02
ORD-202603-02707,2026-03-22 00:00:00+00:00,CUST-4649,Webcam,Electronics,North,Priya,4,1930.07
ORD-202603-02708,2026-03-15 00:00:00+00:00,CUST-2877,Monitor Stand,Furniture,East,Vikram,1,2001.9
ORD-202603-02709,2026-03-05 00:00:00+00:00,CUST-2361,Laptop Stand,Accessories,Central,Sneha,4,1352.65
ORD-202603-02710,2026-03-16 00:00:00+00:00,CUST-3056,Office Chair,Furniture,East,Neha,5,7656.58
ORD-202603-02711,2026-03-14 00:00:00+00:00,CUST-2757,Keyboard,Electronics,North,Ananya,2,1178.97
ORD-202603-02712,2026-03-21 00:00:00+00:00,CUST-3399,Notebook,Office,West,Neha,3,183.89
ORD-202603-02713,2026-03-28 00:00:00+00:00,CUST-3635,Headphones,Electronics,North,Amit,6,2270.33
ORD-202603-02714,2026-03-26 00:00:00+00:00,CUST-1362,USB Hub,Accessories,Central,Vikram,-1,921.69
ORD-202603-02715,2026-03-11 00:00:00+00:00,CUST-3229,Office Chair,furniture,Central,Amit,2,6722.73
ORD-202603-02716,2026-03-22 00:00:00+00:00,CUST-3834,Monitor Stand,Furniture,North,Neha,7,2156.43
ORD-202603-02717,2026-03-18 00:00:00+00:00,CUST-0694,Wireless Mouse,Electronics,South,Rahul,6,813.81
ORD-202603-02718,2026-03-16 00:00:00+00:00,CUST-3948,USB Hub,Accessories,Central,Ananya,1,949.62
ORD-202603-02719,2026-03-07 00:00:00+00:00,CUST-1738,Wireless Mouse,Electronics,West,Amit,1,742.31
ORD-202603-02720,2026-03-17 00:00:00+00:00,CUST-0686,Notebook,Office,East,Neha,5,195.44
ORD-202603-02721,2026-03-11 00:00:00+00:00,CUST-3552,Monitor Stand,Furniture,West,Amit,1,2048.75
ORD-202603-02722,2026-03-31 00:00:00+00:00,CUST-3861,Laptop Stand,Accessories,Central,Sneha,5,1405.4
ORD-202603-02723,2026-03-15 00:00:00+00:00,CUST-2775,Laptop Stand,Accessories,West,Ananya,4,1463.63
ORD-202603-02724,2026-03-14 00:00:00+00:00,CUST-3082,Webcam,Electronics,East,Vikram,6,1995.64
ORD-202603-02725,2026-03-03 00:00:00+00:00,CUST-2266,Study Table,Furniture,South,Sneha,1,5699.37
ORD-202603-02726,2026-03-10 00:00:00+00:00,,Office Chair,Furniture,Central,Priya,-1,7561.58
ORD-202603-02727,2026-03-31 00:00:00+00:00,CUST-1631,Office Chair,Furniture,East,Ananya,1,7080.46
ORD-202603-02728,2026-03-21 00:00:00+00:00,CUST-3896,Webcam,Electronics,Central,Sneha,4,1787.66
ORD-202603-02729,2026-03-23 00:00:00+00:00,CUST-2447,Headphones,Electronics,Central,Neha,6,2688.29
ORD-202603-02730,2026-03-21 00:00:00+00:00,CUST-0638,Keyboard,Electronics,South,Sneha,1,1419.03
ORD-202603-02731,2026-03-15 00:00:00+00:00,CUST-1206,Headphones,Electronics,West,Karan,6,2491.81
ORD-202603-02732,2026-03-30 00:00:00+00:00,CUST-1787,Desk Organizer,Office,West,Sneha,5,549.22
ORD-202603-02733,2026-03-10 00:00:00+00:00,CUST-3729,Notebook,Office,South,Priya,7,189.17
ORD-202603-02734,2026-03-11 00:00:00+00:00,CUST-4465,Office Chair,Furniture,East,Rahul,4,7351.97
ORD-202603-02735,2026-03-23 00:00:00+00:00,CUST-0832,Pen Set,Office,Central,Karan,3,269.11
ORD-202603-02736,2026-03-16 00:00:00+00:00,CUST-0717,Monitor Stand,Furniture,East,Rahul,6,1916.95
ORD-202603-02737,2026-03-13 00:00:00+00:00,CUST-2601,Wireless Mouse,Electronics,West,Ananya,2,778.06
ORD-202603-02738,2026-03-20 00:00:00+00:00,CUST-4640,Pen Set,Office,North,Amit,6,316.25
ORD-202603-02739,2026-03-26 00:00:00+00:00,CUST-1444,Keyboard,Electronics,South,Vikram,2,1282.64
ORD-202603-02740,2026-03-22 00:00:00+00:00,CUST-3147,Laptop Stand,Accessories,North,Sneha,6,1506.66
ORD-202603-02741,2026-03-14 00:00:00+00:00,CUST-3613,USB Hub,Accessories,South,Rahul,1,929.85
ORD-202603-02742,2026-03-02 00:00:00+00:00,CUST-0034,Mouse Pad,Accessories,South,Ananya,3,421.74
ORD-202603-02743,2026-03-25 00:00:00+00:00,CUST-1824,Headphones,Electronics,North,Amit,7,2418.08
ORD-202603-02744,2026-03-28 00:00:00+00:00,CUST-0778,Headphones,Electronics,East,Rahul,4,2334.98
ORD-202603-02745,2026-03-23 00:00:00+00:00,CUST-4943,Keyboard,Electronics,East,Priya,1,1216.38
ORD-202603-02746,2026-03-06 00:00:00+00:00,CUST-0261,Headphones,Electronics,East,Priya,7,2329.14
ORD-202603-02747,2026-03-27 00:00:00+00:00,CUST-0656,Pen Set,Office,South,Neha,5,275.94
ORD-202603-02748,2026-03-07 00:00:00+00:00,CUST-3861,Study Table,Furniture,East,Sneha,4,5434.0
ORD-202603-02749,2026-03-27 00:00:00+00:00,CUST-0794,Laptop Stand,Accessories,East,Amit,7,1404.0
ORD-202603-02750,2026-03-22 00:00:00+00:00,CUST-1272,Study Table,Furniture,North,Rahul,5,5809.71
ORD-202603-02751,2026-03-16 00:00:00+00:00,CUST-2772,Office Chair,Furniture,East,Amit,5,6299.18
ORD-202603-02752,2026-03-07 00:00:00+00:00,CUST-2849,Webcam,Electronics,Central,Vikram,5,2071.25
ORD-202603-02753,2026-03-14 00:00:00+00:00,CUST-4989,Headphones,Electronics,West,Ananya,2,2255.71
ORD-202603-02754,2026-03-05 00:00:00+00:00,CUST-4254,Laptop Stand,Accessories,West,Priya,1,1446.64
ORD-202603-02755,2026-03-22 00:00:00+00:00,CUST-4189,Keyboard,Electronics,South,Priya,5,1365.0
ORD-202603-02756,2026-03-30 00:00:00+00:00,CUST-4511,Monitor Stand,Furniture,Central,Priya,6,2147.75
ORD-202603-02757,2026-03-26 00:00:00+00:00,CUST-2790,Office Chair,Furniture,East,Amit,7,6421.2
ORD-202603-02758,2026-03-20 00:00:00+00:00,CUST-4205,USB Hub,Accessories,Central,Neha,1,953.13
ORD-202603-02759,2026-03-31 00:00:00+00:00,CUST-3538,Mouse Pad,Accessories,North,Rahul,-1,419.07
ORD-202603-02760,2026-03-30 00:00:00+00:00,CUST-2514,Laptop Stand,Accessories,Central,Rahul,7,1486.97
ORD-202603-02761,2026-03-31 00:00:00+00:00,CUST-4687,Wireless Mouse,Electronics,South,Karan,2,819.28
ORD-202603-02762,2026-03-02 00:00:00+00:00,CUST-0714,Headphones,Electronics,West,Priya,4,2432.6
ORD-202603-02763,2026-03-31 00:00:00+00:00,CUST-1919,Wireless Mouse,Electronics,North,Rahul,4,768.93
ORD-202603-02764,2026-03-02 00:00:00+00:00,CUST-1738,USB Hub,Accessories,East,Neha,2,815.04
ORD-202603-02765,2026-03-13 00:00:00+00:00,CUST-2715,USB Hub,Accessories,West,Karan,6,810.33
ORD-202603-02766,2026-03-09 00:00:00+00:00,CUST-1675,Laptop Stand,Accessories,West,Priya,6,1506.84
ORD-202603-02767,2026-03-27 00:00:00+00:00,CUST-2122,Pen Set,Office,South,Vikram,2,269.79
ORD-202603-02768,2026-03-02 00:00:00+00:00,,Desk Organizer,Office,South,Sneha,6,553.82
ORD-202603-02769,2026-03-30 00:00:00+00:00,CUST-3758,Notebook,Office,South,Karan,5,182.94
ORD-202603-02770,2026-03-14 00:00:00+00:00,CUST-4035,Laptop Stand,Accessories,Central,Vikram,2,1538.9
ORD-202603-02771,2026-03-03 00:00:00+00:00,CUST-1760,Laptop Stand,Accessories,South,Ananya,2,1549.65
ORD-202603-02772,2026-03-30 00:00:00+00:00,CUST-1613,USB Hub,Accessories,West,Amit,1,944.73
ORD-202603-02773,2026-03-02 00:00:00+00:00,CUST-2575,Desk Organizer,Office,North,Ananya,4,655.69
ORD-202603-02774,2026-03-12 00:00:00+00:00,CUST-2064,Laptop Stand,Accessories,East,Priya,4,1642.87
ORD-202603-02775,2026-03-09 00:00:00+00:00,CUST-3257,Desk Organizer,Office,West,Rahul,2,563.97
ORD-202603-02776,2026-03-23 00:00:00+00:00,CUST-1359,Laptop Stand,Accessories,East,Neha,5,1454.55
ORD-202603-02777,2026-03-08 00:00:00+00:00,CUST-0708,Notebook,Office,Central,,3,201.45
ORD-202603-02778,2026-03-21 00:00:00+00:00,CUST-2018,Webcam,Electronics,West,Neha,2,1725.88
ORD-202603-02779,2026-03-03 00:00:00+00:00,CUST-4104,Keyboard,Electronics,South,Priya,2,1219.09
ORD-202603-02780,2026-03-01 00:00:00+00:00,CUST-0402,Mouse Pad,Accessories,West,Ananya,4,427.22
ORD-202603-02781,2026-03-03 00:00:00+00:00,CUST-0418,Desk Organizer,Office,South,Vikram,7,588.0
ORD-202603-02782,2026-03-08 00:00:00+00:00,CUST-4176,USB Hub,Accessories,North,Karan,4,896.23
ORD-202603-02783,2026-03-16 00:00:00+00:00,CUST-1905,Office Chair,Furniture,Central,Vikram,5,7330.1
ORD-202603-02784,2026-03-20 00:00:00+00:00,CUST-2663,Wireless Mouse,Electronics,East,Vikram,7,848.34
ORD-202603-02785,2026-03-19 00:00:00+00:00,CUST-3830,Wireless Mouse,Electronics,East,Amit,5,857.31
ORD-202603-02786,2026-03-03 00:00:00+00:00,CUST-3026,Monitor Stand,Furniture,Central,Rahul,6,2156.87
ORD-202603-02787,2026-03-12 00:00:00+00:00,CUST-4857,Notebook,Office,West,Amit,4,190.82
ORD-202603-02788,2026-03-15 00:00:00+00:00,CUST-0984,Laptop Stand,Accessories,west,Priya,1,1543.68
ORD-202603-02789,2026-03-13 00:00:00+00:00,CUST-4134,Pen Set,Office,Central,Karan,5,275.75
ORD-202603-02790,2026-03-22 00:00:00+00:00,CUST-2260,Desk Organizer,Office,North,Amit,5,655.17
ORD-202603-02791,2026-03-16 00:00:00+00:00,CUST-0632,Study Table,Furniture,,Rahul,4,5243.45
ORD-202603-02792,2026-03-11 00:00:00+00:00,CUST-2312,Study Table,Furniture,East,Amit,4,5378.44
ORD-202603-02793,2026-03-07 00:00:00+00:00,CUST-2506,Laptop Stand,Accessories,North,Neha,1,1628.12
ORD-202603-02794,2026-03-10 00:00:00+00:00,CUST-0483,Wireless Mouse,Electronics,East,Neha,4,819.8
ORD-202603-02795,2026-03-26 00:00:00+00:00,CUST-2417,USB Hub,Accessories,East,Ananya,7,860.94
ORD-202603-02796,2026-03-23 00:00:00+00:00,CUST-0153,Keyboard,Electronics,Central,Amit,2,1191.51
ORD-202603-02797,2026-03-14 00:00:00+00:00,CUST-3328,Mouse Pad,Accessories,North,Priya,5,398.1
ORD-202603-02798,2026-03-13 00:00:00+00:00,CUST-3090,Headphones,Electronics,Central,Rahul,6,2544.34
ORD-202603-02799,2026-03-10 00:00:00+00:00,CUST-0612,Pen Set,Office,South,Amit,6,309.07
ORD-202603-02800,2026-03-17 00:00:00+00:00,CUST-2859,Study Table,Furniture,North,Amit,7,5130.21
ORD-202603-02801,2026-03-28 00:00:00+00:00,CUST-1331,Headphones,Electronics,Central,Vikram,2,2601.92
ORD-202603-02802,2026-03-07 00:00:00+00:00,CUST-3230,Notebook,Office,South,Karan,2,193.53
ORD-202603-02803,2026-03-19 00:00:00+00:00,CUST-1183,Monitor Stand,Furniture,South,Amit,3,2176.52
ORD-202603-02804,2026-03-25 00:00:00+00:00,CUST-4481,Laptop Stand,Accessories,North,Priya,1,1545.0
ORD-202603-02805,2026-03-03 00:00:00+00:00,CUST-2558,Office Chair,Furniture,East,Sneha,1,7584.22
ORD-202603-02806,2026-03-19 00:00:00+00:00,CUST-4992,Wireless Mouse,Electronics,North,Ananya,5,723.91
ORD-202603-02807,2026-03-19 00:00:00+00:00,CUST-0400,Pen Set,Office,West,Rahul,3,323.12
ORD-202603-02808,2026-03-31 00:00:00+00:00,CUST-4197,Wireless Mouse,Electronics,East,Sneha,7,859.38
ORD-202603-02809,2026-03-12 00:00:00+00:00,CUST-0283,Wireless Mouse,Electronics,South,Vikram,6,800.72
ORD-202603-02810,2026-03-24 00:00:00+00:00,CUST-0116,Notebook,Office,West,Sneha,5,217.96
ORD-202603-02811,2026-03-03 00:00:00+00:00,CUST-0845,Study Table,Furniture,,Neha,6,5773.09
ORD-202603-02812,2026-03-19 00:00:00+00:00,CUST-1535,Desk Organizer,Office,Central,Karan,2,658.31
ORD-202603-02813,2026-03-08 00:00:00+00:00,CUST-4488,USB Hub,Accessories,West,Rahul,5,945.09
ORD-202603-02814,2026-03-20 00:00:00+00:00,CUST-3888,USB Hub,Accessories,North,,7,973.65
ORD-202603-02815,2026-03-19 00:00:00+00:00,CUST-0376,Mouse Pad,Accessories,Central,Priya,2,374.83
ORD-202603-02816,2026-03-11 00:00:00+00:00,CUST-4506,Webcam,Electronics,South,Priya,4,1783.92
ORD-202603-02817,2026-03-27 00:00:00+00:00,CUST-1182,Wireless Mouse,Electronics,Central,Amit,7,800.24
ORD-202603-02818,2026-03-14 00:00:00+00:00,CUST-4560,Office Chair,Furniture,West,Neha,4,7319.93
ORD-202603-02819,2026-03-08 00:00:00+00:00,CUST-1013,Mouse Pad,Accessories,Central,Priya,6,380.25
ORD-202603-02820,2026-03-21 00:00:00+00:00,CUST-3356,Study Table,Furniture,East,Neha,1,5407.66
ORD-202603-02821,2026-03-17 00:00:00+00:00,CUST-3135,Notebook,Office,West,Neha,3,185.96
ORD-202603-02822,2026-03-16 00:00:00+00:00,CUST-4235,Laptop Stand,Accessories,South,Vikram,1,1626.57
ORD-202603-02823,2026-03-05 00:00:00+00:00,CUST-3101,Wireless Mouse,Electronics,West,Amit,6,838.06
ORD-202603-02824,2026-03-30 00:00:00+00:00,CUST-0801,Desk Organizer,Office,North,Neha,5,543.7
ORD-202603-02825,2026-03-12 00:00:00+00:00,CUST-4981,Notebook,Office,North,Sneha,2,180.0
ORD-202603-02826,2026-03-18 00:00:00+00:00,CUST-1963,Study Table,Furniture,,Amit,6,6042.08
ORD-202603-02827,2026-03-05 00:00:00+00:00,,Webcam,Electronics,North,Sneha,4,1859.53
ORD-202603-02828,2026-03-01 00:00:00+00:00,CUST-0418,Laptop Stand,Accessories,South,Amit,6,1529.66
ORD-202603-02829,2026-03-23 00:00:00+00:00,CUST-4530,Webcam,Electronics,East ,Sneha,5,2069.09
ORD-202603-02830,2026-03-04 00:00:00+00:00,CUST-1451,Headphones,Electronics,West,Neha,7,2726.81
ORD-202603-02831,2026-03-22 00:00:00+00:00,CUST-4828,Study Table,Furniture,East,Ananya,2,5054.61
ORD-202603-02832,2026-03-02 00:00:00+00:00,CUST-3882,Laptop Stand,Accessories,Central,Karan,4,1539.61
ORD-202603-02833,2026-03-11 00:00:00+00:00,CUST-4871,Wireless Mouse,Electronics,West,Karan,2,877.75
ORD-202603-02834,2026-03-28 00:00:00+00:00,CUST-0932,Wireless Mouse,Electronics,South,Ananya,5,747.81
ORD-202603-02835,2026-03-18 00:00:00+00:00,CUST-3688,Laptop Stand,Accessories,West,Amit,3,1547.81
ORD-202603-02836,2026-03-10 00:00:00+00:00,CUST-3713,Wireless Mouse,Electronics,West,Rahul,5,842.79
ORD-202603-02837,2026-03-04 00:00:00+00:00,CUST-4502,Study Table,Furniture,Central,Karan,1,5032.21
ORD-202603-02838,2026-03-26 00:00:00+00:00,CUST-3842,Office Chair,Furniture,Central,Sneha,3,6840.85
ORD-202603-02839,2026-03-18 00:00:00+00:00,CUST-0455,Study Table,Furniture,West,Rahul,4,5174.88
ORD-202603-02840,2026-03-14 00:00:00+00:00,CUST-4400,Study Table,Furniture,West,Ananya,1,5011.54
ORD-202603-02841,2026-03-25 00:00:00+00:00,CUST-1359,Wireless Mouse,Electronics,East,Neha,1,734.97
ORD-202603-02842,2026-03-29 00:00:00+00:00,CUST-4837,Pen Set,Office,South,Karan,6,289.54
ORD-202603-02843,2026-03-21 00:00:00+00:00,CUST-3857,Study Table,Furniture,Central,Karan,4,5586.07
ORD-202603-02844,2026-03-15 00:00:00+00:00,CUST-3736,Study Table,Furniture,South,Karan,1,5997.89
ORD-202603-02845,2026-03-20 00:00:00+00:00,CUST-3210,USB Hub,Accessories,Central,Karan,1,977.33
ORD-202603-02846,2026-03-27 00:00:00+00:00,CUST-3378,Monitor Stand,Furniture,West,Vikram,7,2147.88
ORD-202603-02847,2026-03-09 00:00:00+00:00,CUST-2829,Headphones,Electronics,West,Sneha,2,2634.66
ORD-202603-02848,2026-03-21 00:00:00+00:00,CUST-3919,Pen Set,Office,South,Sneha,6,271.53
ORD-202603-02849,2026-03-17 00:00:00+00:00,CUST-4610,Webcam,Electronics,West,,2,1863.16
ORD-202603-02850,2026-03-09 00:00:00+00:00,CUST-0947,Study Table,Furniture,Central,Neha,1,5806.23
ORD-202603-02851,2026-03-08 00:00:00+00:00,CUST-4166,Study Table,Furniture,East ,Neha,6,6013.15
ORD-202603-02852,2026-03-18 00:00:00+00:00,CUST-3695,Study Table,Furniture,Central,Karan,1,5457.48
ORD-202603-02853,2026-03-06 00:00:00+00:00,CUST-2918,Wireless Mouse,Electronics,East,Sneha,6,831.16
ORD-202603-02854,2026-03-09 00:00:00+00:00,CUST-4548,Webcam,electronics,Central,Priya,6,2087.13
ORD-202603-02855,2026-03-12 00:00:00+00:00,CUST-4682,USB Hub,Accessories,East,Neha,7,921.12
ORD-202603-02856,2026-03-07 00:00:00+00:00,CUST-2267,Monitor Stand,Furniture,Central,Sneha,4,2110.46
ORD-202603-02857,2026-03-10 00:00:00+00:00,CUST-0341,Pen Set,Office,North,Priya,7,326.89
ORD-202603-02858,2026-03-10 00:00:00+00:00,CUST-0111,Monitor Stand,Furniture,Central,Ananya,5,2082.99
ORD-202603-02859,2026-03-02 00:00:00+00:00,CUST-3072,Study Table,Furniture,West,Karan,1,5094.17
ORD-202603-02860,2026-03-10 00:00:00+00:00,CUST-1684,Webcam,Electronics,Central,Rahul,3,2080.97
ORD-202603-02861,2026-03-21 00:00:00+00:00,CUST-1121,Headphones,Electronics,Central,Priya,1,2650.92
ORD-202603-02862,2026-03-16 00:00:00+00:00,CUST-0483,Pen Set,Office,East,Vikram,7,284.92
ORD-202603-02863,2026-03-12 00:00:00+00:00,,Office Chair,Furniture,West,,3,7681.15
ORD-202603-02864,2026-03-20 00:00:00+00:00,CUST-3132,Headphones,Electronics,South,Amit,4,2288.91
ORD-202603-02865,2026-03-07 00:00:00+00:00,CUST-3974,Pen Set,Office,Central,Sneha,6,325.3
ORD-202603-02866,2026-03-30 00:00:00+00:00,CUST-4174,USB Hub,Accessories,North,Vikram,4,960.33
ORD-202603-02867,2026-03-03 00:00:00+00:00,CUST-3304,Office Chair,Furniture,North,Amit,7,6683.98
ORD-202603-02868,2026-03-15 00:00:00+00:00,CUST-0457,Pen Set,Office,South,,7,320.55
ORD-202603-02869,2026-03-25 00:00:00+00:00,CUST-3506,Desk Organizer,Office,East,Vikram,2,-100.0
ORD-202603-02870,2026-03-24 00:00:00+00:00,CUST-2138,Wireless Mouse,Electronics,South,Rahul,6,871.26
ORD-202603-02871,2026-03-15 00:00:00+00:00,CUST-0650,Office Chair,Furniture,Central,Rahul,2,7145.74
ORD-202603-02872,,CUST-3364,Pen Set,Office,Central,Ananya,5,300.26
ORD-202603-02873,2026-03-28 00:00:00+00:00,CUST-4783,Headphones,Electronics,South,Neha,4,2744.42
ORD-202603-02874,2026-03-14 00:00:00+00:00,CUST-4538,Mouse Pad,Accessories,Central,Ananya,7,361.2
ORD-202603-02875,2026-03-02 00:00:00+00:00,CUST-3909,Webcam,Electronics,South,Karan,2,1903.72
ORD-202603-02876,2026-03-13 00:00:00+00:00,CUST-1103,Keyboard,Electronics,East,Sneha,7,1360.11
ORD-202603-02877,2026-03-02 00:00:00+00:00,CUST-2482,Mouse Pad,Accessories,Central,Sneha,4,368.06
ORD-202603-02878,2026-03-28 00:00:00+00:00,CUST-2641,Pen Set,Office,Central,Sneha,6,269.99
ORD-202603-02879,2026-03-07 00:00:00+00:00,CUST-2061,Office Chair,Furniture,South,Ananya,6,7160.28
ORD-202603-02880,2026-03-05 00:00:00+00:00,CUST-0087,Monitor Stand,Furniture,West,Priya,6,1934.24
ORD-202603-02881,2026-03-20 00:00:00+00:00,CUST-2853,Pen Set,Office,Central,Amit,2,297.91
ORD-202603-02882,2026-03-09 00:00:00+00:00,CUST-1951,Wireless Mouse,Electronics,East,,2,818.54
ORD-202603-02883,2026-03-23 00:00:00+00:00,CUST-1724,USB Hub,Accessories,South,Neha,1,878.53
ORD-202603-02884,2026-03-23 00:00:00+00:00,CUST-1726,USB Hub,Accessories,Central,Priya,7,847.68
ORD-202603-02885,2026-03-17 00:00:00+00:00,CUST-3716,Monitor Stand,Furniture,South,Karan,5,1894.48
ORD-202603-02886,2026-03-10 00:00:00+00:00,CUST-0887,Keyboard,Electronics,,Neha,7,1217.78
ORD-202603-02887,2026-03-09 00:00:00+00:00,CUST-2741,Study Table,Furniture,East,Sneha,3,5736.55
ORD-202603-02888,2026-03-01 00:00:00+00:00,CUST-0717,Headphones,Electronics,West,Amit,5,2316.22
ORD-202603-02889,2026-03-28 00:00:00+00:00,CUST-4678,Pen Set,Office,Central,Amit,1,327.24
ORD-202603-02890,2026-03-07 00:00:00+00:00,CUST-1846,Mouse Pad,Accessories,East,Neha,5,359.48
ORD-202603-02891,2026-03-15 00:00:00+00:00,CUST-4558,Monitor Stand,Furniture,South,Rahul,7,1920.48
ORD-202603-02892,2026-03-01 00:00:00+00:00,CUST-0306,Webcam,Electronics,South,Sneha,5,2013.96
ORD-202603-02893,2026-03-16 00:00:00+00:00,CUST-3638,Mouse Pad,Accessories,North,Vikram,6,366.29
ORD-202603-02894,2026-03-10 00:00:00+00:00,CUST-4532,Pen Set,Office,East,Ananya,4,304.26
ORD-202603-02895,2026-03-16 00:00:00+00:00,CUST-0769,Headphones,Electronics,South,Ananya,4,2394.36
ORD-202603-02896,2026-03-11 00:00:00+00:00,CUST-4769,Webcam,Electronics,West,Vikram,2,2075.77
ORD-202603-02897,2026-03-24 00:00:00+00:00,CUST-4721,Desk Organizer,Office,West,Ananya,2,565.33
ORD-202603-02898,2026-03-30 00:00:00+00:00,CUST-4316,Office Chair,Furniture,Central,Priya,5,6398.44
ORD-202603-02899,2026-03-21 00:00:00+00:00,CUST-3612,Pen Set,Office ,North,Neha,3,305.8
ORD-202603-02900,2026-03-26 00:00:00+00:00,CUST-0019,Headphones,Electronics,West,Priya,3,2437.04
ORD-202603-02901,2026-03-15 00:00:00+00:00,CUST-0576,Headphones,Electronics,South,Sneha,4,2700.87
ORD-202603-02902,2026-03-04 00:00:00+00:00,CUST-1725,Study Table,Furniture,West,Amit,4,5955.39
ORD-202603-02903,2026-03-12 00:00:00+00:00,CUST-3904,Study Table,Furniture,Central,Karan,6,5823.5
ORD-202603-02904,2026-03-04 00:00:00+00:00,CUST-2183,USB Hub,Accessories,South,Amit,7,832.23
ORD-202603-02905,2026-03-02 00:00:00+00:00,CUST-0231,Notebook,Office,Central,Neha,1,205.29
ORD-202603-02906,2026-03-31 00:00:00+00:00,CUST-1646,Wireless Mouse,Electronics,East,Karan,1,733.83
ORD-202603-02907,2026-03-15 00:00:00+00:00,CUST-4188,Pen Set,Office,West,Neha,6,270.61
ORD-202603-02908,2026-03-21 00:00:00+00:00,CUST-4001,Keyboard,Electronics,West,Sneha,7,1220.33
ORD-202603-02909,2026-03-14 00:00:00+00:00,CUST-4115,Keyboard,Electronics,West,Karan,4,1297.56
ORD-202603-02910,2026-03-20 00:00:00+00:00,CUST-3377,Mouse Pad,Accessories,Central,Karan,4,395.1
ORD-202603-02911,2026-03-10 00:00:00+00:00,CUST-0908,Study Table,Furniture,North,Ananya,6,5802.55
ORD-202603-02912,2026-03-19 00:00:00+00:00,CUST-0976,Study Table,Furniture,East,Sneha,7,5524.74
ORD-202603-02913,2026-03-17 00:00:00+00:00,CUST-4946,USB Hub,Accessories,West,Rahul,3,856.61
ORD-202603-02914,2026-03-05 00:00:00+00:00,CUST-0434,Mouse Pad,Accessories,North,Amit,2,370.25
ORD-202603-02915,2026-03-17 00:00:00+00:00,CUST-3915,Notebook,Office,East,Vikram,6,201.77
ORD-202603-02916,2026-03-09 00:00:00+00:00,CUST-3000,USB Hub,Accessories,Central,Rahul,1,930.44
ORD-202603-02917,2026-03-18 00:00:00+00:00,CUST-0216,Desk Organizer,Office,South,Amit,1,564.61
ORD-202603-02918,2026-03-14 00:00:00+00:00,CUST-4218,Office Chair,Furniture,North,Priya,5,7183.54
ORD-202603-02919,2026-03-11 00:00:00+00:00,CUST-4524,Mouse Pad,Accessories,South,,3,427.74
ORD-202603-02920,2026-03-14 00:00:00+00:00,CUST-3171,Headphones,Electronics,East,Amit,4,2370.15
ORD-202603-02921,2026-03-03 00:00:00+00:00,CUST-4945,Office Chair,Furniture,North,Karan,4,7446.15
ORD-202603-02922,2026-03-31 00:00:00+00:00,CUST-1227,Pen Set,Office,East,Priya,6,325.93
ORD-202603-02923,2026-03-19 00:00:00+00:00,CUST-4775,USB Hub,Accessories,West,Vikram,2,977.48
ORD-202603-02924,2026-03-02 00:00:00+00:00,CUST-2787,Headphones,Electronics,Central,Ananya,5,2319.67
ORD-202603-02925,2026-03-05 00:00:00+00:00,CUST-3320,USB Hub,Accessories,West,Rahul,6,817.9
ORD-202603-02926,2026-03-01 00:00:00+00:00,CUST-2655,Office Chair,Furniture,,Neha,4,7316.16
ORD-202603-02927,2026-03-08 00:00:00+00:00,CUST-4450,Laptop Stand,Accessories,Central,Neha,3,1463.64
ORD-202603-02928,2026-03-29 00:00:00+00:00,CUST-3935,Study Table,Furniture,West,Sneha,7,5144.57
ORD-202603-02929,2026-03-23 00:00:00+00:00,CUST-4054,Webcam,Electronics,Central,Sneha,1,1878.9
ORD-202603-02930,2026-03-28 00:00:00+00:00,CUST-2130,Headphones,Electronics,South,Priya,3,2520.33
ORD-202603-02931,2026-03-15 00:00:00+00:00,CUST-4677,Wireless Mouse,Electronics,North,Ananya,4,744.95
ORD-202603-02932,2026-03-09 00:00:00+00:00,CUST-3606,Keyboard,Electronics,East,Ananya,2,1178.93
ORD-202603-02933,2026-03-12 00:00:00+00:00,CUST-1740,Webcam,Electronics,South,Sneha,5,2006.03
ORD-202603-02934,2026-03-10 00:00:00+00:00,CUST-1299,Desk Organizer,Office,East,Vikram,6,593.74
ORD-202603-02935,2026-03-27 00:00:00+00:00,CUST-3999,Mouse Pad,Accessories,Central,Neha,4,378.6
ORD-202603-02936,2026-03-19 00:00:00+00:00,CUST-0120,Pen Set,Office,South,Ananya,3,326.22
ORD-202603-02937,2026-03-26 00:00:00+00:00,CUST-4461,Keyboard,Electronics,South,Ananya,5,1366.3
ORD-202603-02938,2026-03-07 00:00:00+00:00,CUST-3849,Pen Set,Office,Central,Neha,4,293.18
ORD-202603-02939,2026-03-28 00:00:00+00:00,CUST-2858,Pen Set,Office,Central,Ananya,6,285.42
ORD-202603-02940,2026-03-28 00:00:00+00:00,CUST-4932,Mouse Pad,Accessories,West,Amit,5,417.29
ORD-202603-02941,2026-03-19 00:00:00+00:00,CUST-1338,Pen Set,Office,North,Sneha,1,312.42
ORD-202603-02942,2026-03-09 00:00:00+00:00,CUST-4933,Keyboard,Electronics,Central,Neha,3,1398.76
ORD-202603-02943,2026-03-19 00:00:00+00:00,CUST-0670,Mouse Pad,Accessories,North,Rahul,3,360.15
ORD-202603-02944,2026-03-02 00:00:00+00:00,CUST-3756,Desk Organizer,Office,Central,Priya,3,614.53
ORD-202603-02945,2026-03-07 00:00:00+00:00,CUST-1003,Keyboard,Electronics,West,Priya,7,1242.3
ORD-202603-02946,2026-03-17 00:00:00+00:00,CUST-3340,Headphones,Electronics,East,Rahul,1,2736.21
ORD-202603-02947,2026-03-31 00:00:00+00:00,CUST-1756,Desk Organizer,Office,North,Amit,6,542.07
ORD-202603-02948,2026-03-23 00:00:00+00:00,CUST-1872,Notebook,Office,North,Priya,2,198.5
ORD-202603-02949,2026-03-08 00:00:00+00:00,CUST-1296,Headphones,Electronics,North,Ananya,4,2604.36
ORD-202603-02950,2026-03-30 00:00:00+00:00,CUST-4624,Laptop Stand,Accessories,South,Ananya,3,1574.33
ORD-202603-02951,2026-03-16 00:00:00+00:00,CUST-2811,Study Table,Furniture,East,Neha,1,5645.36
ORD-202603-02952,2026-03-20 00:00:00+00:00,CUST-2404,Laptop Stand,Accessories,South,Sneha,1,1490.64
ORD-202603-02953,2026-03-26 00:00:00+00:00,CUST-1348,Laptop Stand,Accessories,West,Karan,3,1621.75
ORD-202603-02954,2026-03-04 00:00:00+00:00,CUST-3636,Office Chair,Furniture,North,Priya,6,7106.45
ORD-202603-02955,2026-03-07 00:00:00+00:00,CUST-1231,Headphones,Electronics,West,Vikram,3,2509.6
ORD-202603-02956,2026-03-21 00:00:00+00:00,CUST-2835,USB Hub,Accessories,North,Neha,7,963.21
ORD-202603-02957,2026-03-14 00:00:00+00:00,CUST-1823,Laptop Stand,Accessories,East,Neha,7,1481.97
ORD-202603-02958,2026-03-03 00:00:00+00:00,CUST-4485,Mouse Pad,Accessories,North,Rahul,2,407.61
ORD-202603-02959,2026-03-05 00:00:00+00:00,CUST-1532,Webcam,Electronics,Central,Sneha,6,1834.06
ORD-202603-02960,2026-03-07 00:00:00+00:00,CUST-3448,Study Table,Furniture,East,Amit,5,5182.45
ORD-202603-02961,2026-03-16 00:00:00+00:00,CUST-0906,Keyboard,Electronics,South,Amit,4,1288.7
ORD-202603-02962,2026-03-10 00:00:00+00:00,CUST-1534,Notebook,Office,North,Neha,4,192.47
ORD-202603-02963,2026-03-29 00:00:00+00:00,CUST-2593,Pen Set,Office,South,Karan,7,271.36
ORD-202603-02964,2026-03-02 00:00:00+00:00,,Office Chair,Furniture,South,Karan,1,6980.38
ORD-202603-02965,2026-03-14 00:00:00+00:00,CUST-2032,Keyboard,Electronics,North,Rahul,1,1339.59
ORD-202603-02966,2026-03-12 00:00:00+00:00,CUST-0885,Study Table,Furniture,East,Rahul,1,5006.29
ORD-202603-02967,2026-03-04 00:00:00+00:00,CUST-4460,Webcam,Electronics,North,Rahul,7,1924.57
ORD-202603-02968,2026-03-24 00:00:00+00:00,CUST-1064,Desk Organizer,Office,North,Rahul,5,576.24
ORD-202603-02969,2026-03-24 00:00:00+00:00,CUST-1109,Wireless Mouse,Electronics,North,Vikram,4,725.62
ORD-202603-02970,2026-03-02 00:00:00+00:00,CUST-1796,Keyboard,Electronics,North,Sneha,1,1194.27
ORD-202603-02971,2026-03-17 00:00:00+00:00,CUST-4089,Mouse Pad,Accessories,Central,Vikram,1,416.26
ORD-202603-02972,2026-03-16 00:00:00+00:00,CUST-1839,Keyboard,Electronics,West,Ananya,7,1309.17
ORD-202603-02973,2026-03-02 00:00:00+00:00,CUST-4786,USB Hub,Accessories,West,Rahul,7,980.97
ORD-202603-02974,2026-03-08 00:00:00+00:00,CUST-4117,USB Hub,Accessories,Central,Rahul,6,931.65
ORD-202603-02975,2026-03-12 00:00:00+00:00,CUST-4159,Mouse Pad,Accessories,East,Amit,7,435.91
ORD-202603-02976,2026-03-18 00:00:00+00:00,CUST-2187,Wireless Mouse,Electronics,South ,Amit,6,764.66
ORD-202603-02977,2026-03-15 00:00:00+00:00,CUST-4156,Desk Organizer,Office,East,Neha,6,608.88
ORD-202603-02978,2026-03-16 00:00:00+00:00,CUST-4366,Webcam,Electronics,East,Sneha,6,1921.27
ORD-202603-02979,2026-03-23 00:00:00+00:00,CUST-1993,Desk Organizer,Office,North,Karan,4,601.83
ORD-202603-02980,2026-03-06 00:00:00+00:00,CUST-1660,Headphones,Electronics,,Sneha,1,2697.63
ORD-202603-02981,2026-03-03 00:00:00+00:00,CUST-0540,Headphones,Electronics,East,Rahul,1,2512.85
ORD-202603-02982,2026-03-27 00:00:00+00:00,CUST-1935,Wireless Mouse,Electronics,East,Ananya,5,761.23
ORD-202603-02983,2026-03-08 00:00:00+00:00,CUST-2389,Study Table,Furniture,South,Vikram,2,5721.12
ORD-202603-02984,2026-03-16 00:00:00+00:00,CUST-3815,USB Hub,Accessories,North,Amit,2,856.72
ORD-202603-02985,2026-03-02 00:00:00+00:00,CUST-2777,Keyboard,Electronics,South,Amit,7,1190.76
ORD-202603-02986,2026-03-31 00:00:00+00:00,CUST-1236,Webcam,Electronics,East,Ananya,4,1932.67
ORD-202603-02987,2026-03-23 00:00:00+00:00,CUST-1490,Keyboard,Electronics,South,Rahul,4,1204.82
ORD-202603-02988,2026-03-31 00:00:00+00:00,CUST-0619,Keyboard,Electronics,East,,3,1354.65
ORD-202603-02989,2026-03-30 00:00:00+00:00,CUST-1093,Wireless Mouse,Electronics,South,Karan,2,789.12
ORD-202603-02990,2026-03-08 00:00:00+00:00,CUST-0694,Desk Organizer,Office,South,Amit,1,642.87
ORD-202603-02991,2026-03-13 00:00:00+00:00,CUST-3861,Notebook,Office,Central,Priya,7,195.21
ORD-202603-02992,2026-03-28 00:00:00+00:00,CUST-1163,Study Table,Furniture,Central,Priya,6,5384.83
ORD-202603-02993,2026-03-17 00:00:00+00:00,CUST-0256,Monitor Stand,Furniture,West,Vikram,7,1970.56
ORD-202603-02994,2026-03-23 00:00:00+00:00,CUST-3003,Pen Set,Office,East,Amit,3,311.78
ORD-202603-02995,2026-03-15 00:00:00+00:00,CUST-2773,Notebook,Office,Central,Ananya,1,185.28
ORD-202603-02996,2026-03-14 00:00:00+00:00,CUST-0203,Monitor Stand,Furniture,North,Amit,1,1935.55
ORD-202603-02997,2026-03-13 00:00:00+00:00,CUST-3449,Monitor Stand,Furniture,North,Vikram,7,1906.2
ORD-202603-02998,2026-03-26 00:00:00+00:00,CUST-3318,Headphones,Electronics,West,Vikram,7,2443.0
ORD-202603-02999,2026-03-16 00:00:00+00:00,CUST-4815,Notebook,Office,Central,Karan,7,215.38
ORD-202603-03000,2026-03-14 00:00:00+00:00,CUST-3826,Desk Organizer,Office,North,Ananya,1,614.73
ORD-202603-03001,2026-03-16 00:00:00+00:00,CUST-3998,Study Table,Furniture,East,Neha,3,5502.6
ORD-202603-03002,2026-03-16 00:00:00+00:00,CUST-3738,USB Hub,Accessories,North,Sneha,2,832.3
ORD-202603-03003,2026-03-07 00:00:00+00:00,CUST-3247,Pen Set,Office,Central,Priya,5,303.56
ORD-202603-03004,2026-03-12 00:00:00+00:00,CUST-3162,Mouse Pad,Accessories,South,Sneha,1,422.84
ORD-202603-03005,2026-03-20 00:00:00+00:00,CUST-3120,Pen Set,Office,Central,Sneha,3,290.68
ORD-202603-03006,2026-03-27 00:00:00+00:00,CUST-2199,Pen Set,Office,West,Karan,4,323.09
ORD-202603-03007,2026-03-13 00:00:00+00:00,CUST-0475,Notebook,Office,North,Vikram,2,193.09
ORD-202603-03008,2026-03-29 00:00:00+00:00,CUST-4911,Office Chair,Furniture,Central,Amit,6,6523.71
ORD-202603-03009,2026-03-31 00:00:00+00:00,CUST-4879,Wireless Mouse,Electronics,Central,Neha,1,851.37
ORD-202603-03010,2026-03-05 00:00:00+00:00,CUST-0453,Wireless Mouse,Electronics,West,Neha,6,809.48
ORD-202603-03011,2026-03-07 00:00:00+00:00,CUST-3913,Office Chair,Furniture,Central,Neha,1,7022.51
ORD-202603-03012,2026-03-19 00:00:00+00:00,CUST-3786,USB Hub,Accessories,Central,Amit,6,975.54
ORD-202603-03013,2026-03-09 00:00:00+00:00,CUST-1241,USB Hub,Accessories,East,Sneha,5,957.4
ORD-202603-03014,2026-03-04 00:00:00+00:00,CUST-1910,Desk Organizer,Office,East,Ananya,4,658.03
ORD-202603-03015,2026-03-25 00:00:00+00:00,CUST-3847,Notebook,Office,Central,Amit,1,206.63
ORD-202603-03016,2026-03-28 00:00:00+00:00,CUST-4130,Mouse Pad,Accessories,North,Priya,7,405.35
ORD-202603-03017,2026-03-08 00:00:00+00:00,CUST-1999,Monitor Stand,Furniture,East,Karan,7,2014.53
ORD-202603-03018,2026-03-07 00:00:00+00:00,CUST-3146,Laptop Stand,Accessories,East,Ananya,6,1455.83
ORD-202603-03019,2026-03-26 00:00:00+00:00,CUST-2283,Webcam,Electronics,North,Priya,7,1777.82
ORD-202603-03020,2026-03-02 00:00:00+00:00,CUST-0695,Wireless Mouse,Electronics,West,Rahul,7,850.96
ORD-202603-03021,2026-03-01 00:00:00+00:00,CUST-0806,Monitor Stand,Furniture,West,Amit,6,1801.75
ORD-202603-03022,2026-03-24 00:00:00+00:00,CUST-4199,Wireless Mouse,Electronics,North,Ananya,2,860.98
ORD-202603-03023,2026-03-06 00:00:00+00:00,CUST-0089,USB Hub,Accessories,,Amit,6,-100.0
ORD-202603-03024,2026-03-21 00:00:00+00:00,CUST-0382,USB Hub,Accessories, East,Ananya,5,852.14
ORD-202603-03025,2026-03-13 00:00:00+00:00,CUST-1479,Monitor Stand,Furniture,North,Neha,1,1801.92
ORD-202603-03026,2026-03-13 00:00:00+00:00,CUST-4054,Mouse Pad,Accessories,North,Rahul,1,387.83
ORD-202603-03027,2026-03-30 00:00:00+00:00,CUST-3523,Wireless Mouse,Electronics,South,Neha,2,733.29
ORD-202603-03028,2026-03-20 00:00:00+00:00,CUST-2836,Headphones,Electronics,South,Sneha,4,2341.33
ORD-202603-03029,2026-03-08 00:00:00+00:00,CUST-3117,Mouse Pad,Accessories,East,Neha,7,414.03
ORD-202603-03030,2026-03-24 00:00:00+00:00,CUST-0753,Office Chair,Furniture,East,Priya,7,6880.48
ORD-202603-03031,2026-03-05 00:00:00+00:00,CUST-0796,Wireless Mouse,Electronics,West,Sneha,7,720.85
ORD-202603-03032,2026-03-06 00:00:00+00:00,CUST-2975,Desk Organizer,Office,West,Amit,6,577.06
ORD-202603-03033,2026-03-13 00:00:00+00:00,CUST-1781,Headphones,Electronics,East,Rahul,1,2252.16
ORD-202603-03034,2026-03-10 00:00:00+00:00,CUST-2775,Headphones,Electronics,South,Vikram,6,2706.51
ORD-202603-03035,2026-03-31 00:00:00+00:00,CUST-3214,Keyboard,Electronics,West,Vikram,3,1392.65
ORD-202603-03036,2026-03-16 00:00:00+00:00,CUST-1583,Headphones,Electronics,North ,Neha,3,2425.67
ORD-202603-03037,2026-03-13 00:00:00+00:00,CUST-4264,Notebook,Office,,Rahul,4,188.67
ORD-202603-03038,2026-03-20 00:00:00+00:00,CUST-4063,Study Table,Furniture,East,Karan,3,5066.69
ORD-202603-03039,2026-03-14 00:00:00+00:00,CUST-0539,Wireless Mouse,Electronics,West,Amit,5,831.79
ORD-202603-03040,2026-03-20 00:00:00+00:00,CUST-0631,Study Table,Furniture,North,Vikram,7,5081.56
ORD-202603-03041,2026-03-13 00:00:00+00:00,CUST-1046,Headphones,Electronics,North,Ananya,3,2583.74
ORD-202603-03042,2026-03-16 00:00:00+00:00,CUST-0699,Monitor Stand,Furniture, North,Rahul,2,1902.39
ORD-202603-03043,2026-03-29 00:00:00+00:00,CUST-2749,Office Chair,Furniture,South,Karan,7,7319.97
ORD-202603-03044,2026-03-21 00:00:00+00:00,CUST-1211,Pen Set,Office,West,Vikram,1,292.62
ORD-202603-03045,2026-03-03 00:00:00+00:00,CUST-3247,Mouse Pad,Accessories,Central,Neha,6,370.02
ORD-202603-03046,2026-03-01 00:00:00+00:00,CUST-4328,Monitor Stand,Furniture,West,Karan,3,1910.0
ORD-202603-03047,2026-03-14 00:00:00+00:00,CUST-0697,Mouse Pad,Accessories,East,Amit,7,414.17
ORD-202603-03048,2026-03-11 00:00:00+00:00,CUST-0831,Keyboard,Electronics,East,Priya,6,1347.09
ORD-202603-03049,2026-03-17 00:00:00+00:00,CUST-0890,Laptop Stand,Accessories,North,,1,1528.16
ORD-202603-03050,2026-03-18 00:00:00+00:00,CUST-4033,Headphones,Electronics,North,Amit,4,2410.66
ORD-202603-03051,2026-03-27 00:00:00+00:00,CUST-4886,Webcam,Electronics,Central,Amit,2,1950.37
ORD-202603-03052,2026-03-10 00:00:00+00:00,CUST-3869,Wireless Mouse,Electronics,Central ,Karan,1,725.85
ORD-202603-03053,2026-03-21 00:00:00+00:00,CUST-3428,Mouse Pad,Accessories,Central,Amit,5,407.32
ORD-202603-03054,2026-03-30 00:00:00+00:00,,Notebook,Office,Central,Karan,5,210.2
ORD-202603-03055,2026-03-07 00:00:00+00:00,CUST-1011,Mouse Pad,Accessories,West,Karan,6,370.13
ORD-202603-03056,2026-03-30 00:00:00+00:00,CUST-2349,Headphones,Electronics,Central,Karan,6,2657.18
ORD-202603-03057,2026-03-30 00:00:00+00:00,CUST-4552,Webcam,Electronics,North,Amit,5,2052.82
ORD-202603-03058,2026-03-12 00:00:00+00:00,CUST-1782,Notebook,Office,North,Rahul,5,217.27
ORD-202603-03059,2026-03-25 00:00:00+00:00,CUST-0144,Laptop Stand,Accessories,Central,Priya,5,1358.11
ORD-202603-03060,2026-03-08 00:00:00+00:00,CUST-1080,Wireless Mouse,Electronics,North,Karan,2,862.22
ORD-202603-03061,2026-03-02 00:00:00+00:00,CUST-2526,Desk Organizer,Office,South,Rahul,5,546.7
ORD-202603-03062,2026-03-07 00:00:00+00:00,CUST-3476,Mouse Pad,Accessories,East,Rahul,2,389.38
ORD-202603-03063,2026-03-04 00:00:00+00:00,CUST-2165,Headphones,Electronics,East,Vikram,5,2523.18
ORD-202603-03064,2026-03-14 00:00:00+00:00,CUST-2309,Study Table,Furniture,South,Vikram,3,5192.94
ORD-202603-03065,2026-03-09 00:00:00+00:00,CUST-3473,Webcam,Electronics ,Central,Neha,6,1839.97
ORD-202603-03066,2026-03-30 00:00:00+00:00,CUST-1369,Desk Organizer,Office,South,Amit,3,647.89
ORD-202603-03067,2026-03-16 00:00:00+00:00,CUST-3985,Wireless Mouse,Electronics,West,Neha,1,747.08
ORD-202603-03068,2026-03-08 00:00:00+00:00,CUST-1623,Laptop Stand,Accessories,West,Neha,1,1510.63
ORD-202603-03069,2026-03-10 00:00:00+00:00,CUST-0554,Webcam,Electronics,North,Vikram,2,2023.19
ORD-202603-03070,2026-03-11 00:00:00+00:00,CUST-0698,Wireless Mouse,Electronics,Central,Sneha,7,757.63
ORD-202603-03071,,CUST-1816,USB Hub,Accessories,South,Rahul,6,977.23
ORD-202603-03072,2026-03-18 00:00:00+00:00,CUST-0223,Webcam,Electronics,West,Amit,7,2081.35
ORD-202603-03073,2026-03-01 00:00:00+00:00,CUST-0948,Webcam,Electronics,West,Amit,6,1810.16
ORD-202603-03074,2026-03-18 00:00:00+00:00,CUST-2192,Mouse Pad,Accessories,North,Priya,2,396.85
ORD-202603-03075,2026-03-23 00:00:00+00:00,CUST-4708,Study Table,Furniture,Central,Karan,1,4961.44
ORD-202603-03076,2026-03-21 00:00:00+00:00,CUST-4882,Webcam,Electronics,North,Ananya,4,2074.0
ORD-202603-03077,2026-03-01 00:00:00+00:00,CUST-3822,Headphones,Electronics,East,Rahul,4,2317.72
ORD-202603-03078,2026-03-23 00:00:00+00:00,CUST-4719,Office Chair,Furniture,South,Karan,4,6897.94
ORD-202603-03079,2026-03-16 00:00:00+00:00,CUST-3074,USB Hub,Accessories,South,Sneha,5,930.05
ORD-202603-03080,2026-03-25 00:00:00+00:00,CUST-0678,Monitor Stand,Furniture,North,Neha,3,2059.19
ORD-202603-03081,2026-03-14 00:00:00+00:00,CUST-3304,Desk Organizer,Office,North,Karan,2,617.28
ORD-202603-03082,2026-03-16 00:00:00+00:00,CUST-2758,Headphones,Electronics,North,Karan,5,2257.66
ORD-202603-03083,2026-03-14 00:00:00+00:00,CUST-4259,Desk Organizer,Office ,West,Rahul,3,627.06
ORD-202603-03084,2026-03-03 00:00:00+00:00,CUST-1741,Wireless Mouse,Electronics,North,Sneha,4,838.31
ORD-202603-03085,2026-03-14 00:00:00+00:00,CUST-4101,USB Hub,Accessories,East,Sneha,6,907.16
ORD-202603-03086,2026-03-21 00:00:00+00:00,CUST-3249,Keyboard,Electronics,South,Ananya,4,1359.11
ORD-202603-03087,2026-03-26 00:00:00+00:00,CUST-3694,Office Chair,Furniture,North,Sneha,7,6299.94
ORD-202603-03088,2026-03-19 00:00:00+00:00,CUST-0136,Office Chair,Furniture,North,Neha,2,6531.77
ORD-202603-03089,2026-03-12 00:00:00+00:00,CUST-4828,Monitor Stand,Furniture,Central,Ananya,5,1828.78
ORD-202603-03090,2026-03-07 00:00:00+00:00,CUST-2718,Wireless Mouse,Electronics,Central,Ananya,5,769.1
ORD-202603-03091,2026-03-25 00:00:00+00:00,CUST-3246,Study Table,Furniture,West,Vikram,1,5173.03
ORD-202603-03092,2026-03-27 00:00:00+00:00,CUST-2306,Desk Organizer,Office,East,Rahul,5,561.39
ORD-202603-03093,2026-03-09 00:00:00+00:00,CUST-0680,Study Table,Furniture,South,Rahul,6,5410.54
ORD-202603-03094,2026-03-23 00:00:00+00:00,CUST-2807,USB Hub,Accessories,Central ,Amit,1,921.23
ORD-202603-03095,2026-03-26 00:00:00+00:00,CUST-3457,Pen Set,Office,East,Neha,6,301.6
ORD-202603-03096,2026-03-14 00:00:00+00:00,CUST-0762,USB Hub,Accessories,West,Priya,3,959.58
ORD-202603-03097,2026-03-18 00:00:00+00:00,CUST-1847,Pen Set,Office,West,Vikram,5,292.65
ORD-202603-03098,2026-03-31 00:00:00+00:00,,Desk Organizer,Office,East,Neha,2,587.95
ORD-202603-03099,2026-03-20 00:00:00+00:00,CUST-1444,Webcam,Electronics,South,Priya,1,1713.17
ORD-202603-03100,2026-03-21 00:00:00+00:00,CUST-1482,Laptop Stand,Accessories,East,Rahul,3,1577.01
ORD-202603-03101,2026-03-29 00:00:00+00:00,CUST-0563,Monitor Stand,Furniture,Central,Sneha,2,2039.88
ORD-202603-03102,2026-03-29 00:00:00+00:00,CUST-2542,Office Chair,Furniture,West,Amit,1,6475.2
ORD-202603-03103,2026-03-25 00:00:00+00:00,CUST-0603,Wireless Mouse,Electronics,West,Priya,5,749.73
ORD-202603-03104,2026-03-23 00:00:00+00:00,CUST-4345,Keyboard,Electronics,South,Neha,5,1213.57
ORD-202603-03105,2026-03-07 00:00:00+00:00,CUST-0865,Office Chair,Furniture,South,Ananya,7,6869.56
ORD-202603-03106,2026-03-23 00:00:00+00:00,CUST-0469,Desk Organizer,Office,East,Karan,5,543.65
ORD-202603-03107,2026-03-12 00:00:00+00:00,CUST-4632,Headphones,Electronics,North,Karan,4,2638.28
ORD-202603-03108,2026-03-07 00:00:00+00:00,CUST-1988,Study Table,Furniture,,Amit,5,5299.0
ORD-202603-03109,2026-03-31 00:00:00+00:00,CUST-0987,Wireless Mouse,Electronics,East,Rahul,7,865.91
ORD-202603-03110,2026-03-13 00:00:00+00:00,CUST-2742,Headphones,Electronics,West,Sneha,3,2384.85
ORD-202603-03111,2026-03-20 00:00:00+00:00,CUST-0512,Notebook,Office,South,Ananya,5,193.68
ORD-202603-03112,2026-03-20 00:00:00+00:00,CUST-2063,Notebook,Office,South,Priya,6,215.75
ORD-202603-03113,2026-03-20 00:00:00+00:00,CUST-3293,Headphones,Electronics,West,Neha,2,2333.3
ORD-202603-03114,2026-03-26 00:00:00+00:00,CUST-2399,Pen Set,Office,North,Neha,6,319.67
ORD-202603-03115,2026-03-26 00:00:00+00:00,CUST-4630,Office Chair,Furniture,North,Priya,3,6511.1
ORD-202603-03116,2026-03-29 00:00:00+00:00,,Keyboard,Electronics,West,,3,1297.82
ORD-202603-03117,2026-03-28 00:00:00+00:00,CUST-3244,Office Chair,Furniture,East,Ananya,2,7522.51
ORD-202603-03118,2026-03-03 00:00:00+00:00,CUST-3350,Notebook,Office,North,,4,185.46
ORD-202603-03119,2026-03-13 00:00:00+00:00,CUST-3432,Study Table,Furniture,West,Priya,5,4990.28
ORD-202603-03120,2026-03-23 00:00:00+00:00,CUST-2387,Webcam,electronics,Central,Vikram,7,1800.02
ORD-202603-03121,2026-03-27 00:00:00+00:00,CUST-0528,Pen Set,Office,South,Ananya,3,284.78
ORD-202603-03122,2026-03-09 00:00:00+00:00,CUST-1286,Desk Organizer,Office,West,Karan,5,587.87
ORD-202603-03123,2026-03-26 00:00:00+00:00,CUST-1565,Laptop Stand,Accessories,west,Sneha,7,1572.09
ORD-202603-03124,2026-03-23 00:00:00+00:00,CUST-1291,Notebook,Office,west,Vikram,4,181.01
ORD-202603-03125,2026-03-17 00:00:00+00:00,CUST-1405,Desk Organizer,Office,East,Priya,2,607.61
ORD-202603-03126,2026-03-10 00:00:00+00:00,CUST-3821,USB Hub,Accessories,North,Amit,6,939.5
ORD-202603-03127,2026-03-19 00:00:00+00:00,CUST-4725,Pen Set,Office,North,Amit,4,317.37
ORD-202603-03128,2026-03-18 00:00:00+00:00,CUST-2252,Desk Organizer,Office,East,Vikram,3,654.9
ORD-202603-03129,2026-03-09 00:00:00+00:00,CUST-2428,Webcam,Electronics,East,Ananya,7,2022.57
ORD-202603-03130,2026-03-17 00:00:00+00:00,CUST-1647,Desk Organizer,Office,North,Priya,1,551.46
ORD-202603-03131,2026-03-18 00:00:00+00:00,CUST-3154,Notebook,Office,South,Neha,7,186.1
ORD-202603-03132,2026-03-28 00:00:00+00:00,CUST-3426,Headphones,Electronics,South,Neha,5,2609.24
ORD-202603-03133,2026-03-06 00:00:00+00:00,,Office Chair,Furniture,Central,Rahul,5,6595.49
ORD-202603-03134,2026-03-21 00:00:00+00:00,CUST-2514,Wireless Mouse,Electronics,West,Priya,5,758.57
ORD-202603-03135,2026-03-03 00:00:00+00:00,CUST-2133,Notebook,Office,Central,Rahul,7,212.9
ORD-202603-03136,2026-03-08 00:00:00+00:00,CUST-2207,Webcam,Electronics,South,Karan,3,1884.42
ORD-202603-03137,2026-03-26 00:00:00+00:00,CUST-2539,Desk Organizer,Office,Central,Ananya,7,586.64
ORD-202603-03138,2026-03-20 00:00:00+00:00,CUST-0694,Study Table,Furniture,West,Karan,1,5465.26
ORD-202603-03139,2026-03-08 00:00:00+00:00,CUST-4000,Pen Set,Office,North,Sneha,7,284.45
ORD-202603-03140,2026-03-20 00:00:00+00:00,CUST-4504,USB Hub,Accessories,East,Priya,7,824.84
ORD-202603-03141,2026-03-30 00:00:00+00:00,CUST-0543,Pen Set,Office,South,Rahul,2,327.54
ORD-202603-03142,2026-03-12 00:00:00+00:00,CUST-4154,Headphones,Electronics,Central,Ananya,6,2395.01
ORD-202603-03143,2026-03-24 00:00:00+00:00,CUST-2807,Keyboard,Electronics,East,Vikram,3,1302.13
ORD-202603-03144,2026-03-09 00:00:00+00:00,CUST-4186,Laptop Stand,Accessories,East,Karan,3,1366.69
ORD-202603-03145,2026-03-12 00:00:00+00:00,CUST-0919,Notebook,Office,Central,Sneha,4,185.04
ORD-202603-03146,2026-03-29 00:00:00+00:00,CUST-0938,Laptop Stand,Accessories,South,Neha,2,1379.72
ORD-202603-03147,2026-03-04 00:00:00+00:00,CUST-0027,Keyboard,Electronics,West,Ananya,2,1182.38
ORD-202603-03148,2026-03-05 00:00:00+00:00,CUST-2522,USB Hub,Accessories,Central,Sneha,4,926.15
ORD-202603-03149,2026-03-02 00:00:00+00:00,CUST-2069,Study Table,Furniture,East,Vikram,7,4967.71
ORD-202603-03150,2026-03-05 00:00:00+00:00,CUST-4739,USB Hub,Accessories,East,Priya,1,891.25
ORD-202603-03151,2026-03-25 00:00:00+00:00,CUST-2787,USB Hub,Accessories,South,Karan,4,928.66
ORD-202603-03152,2026-03-19 00:00:00+00:00,CUST-4639,Webcam,Electronics,South,Priya,4,1847.01
ORD-202603-03153,2026-03-04 00:00:00+00:00,CUST-1313,Mouse Pad,Accessories,Central,Ananya,6,371.08
ORD-202603-03154,2026-03-10 00:00:00+00:00,CUST-0195,Webcam,Electronics,East,Priya,7,1793.94
ORD-202603-03155,2026-03-25 00:00:00+00:00,CUST-4154,Monitor Stand,Furniture,South,Rahul,4,1860.52
ORD-202603-03156,2026-03-16 00:00:00+00:00,CUST-0035,Office Chair,Furniture,East,Sneha,6,6712.59
ORD-202603-03157,2026-03-22 00:00:00+00:00,CUST-4246,Desk Organizer,Office,North,Priya,1,581.78
ORD-202603-03158,2026-03-09 00:00:00+00:00,CUST-2557,Pen Set,Office,South,Vikram,7,292.82
ORD-202603-03159,2026-03-29 00:00:00+00:00,CUST-2903,Laptop Stand,Accessories,Central,Neha,7,1415.98
ORD-202603-03160,2026-03-12 00:00:00+00:00,CUST-1061,Pen Set,Office,West,Amit,3,283.11
ORD-202603-03161,2026-03-30 00:00:00+00:00,CUST-1344,Monitor Stand,Furniture,Central,Vikram,6,2054.73
ORD-202603-03162,2026-03-13 00:00:00+00:00,CUST-1052,Headphones,Electronics,Central,Neha,1,2260.62
ORD-202603-03163,2026-03-23 00:00:00+00:00,CUST-3700,Study Table,Furniture,North,Sneha,5,5434.61
ORD-202603-03164,2026-03-18 00:00:00+00:00,CUST-2325,Monitor Stand,Furniture,East,Rahul,7,2170.59
ORD-202603-03165,2026-03-20 00:00:00+00:00,CUST-0508,Wireless Mouse,Electronics,North,Vikram,2,840.78
ORD-202603-03166,2026-03-03 00:00:00+00:00,CUST-0236,Keyboard,Electronics,North,Sneha,7,1255.59
ORD-202603-03167,2026-03-25 00:00:00+00:00,CUST-3593,Mouse Pad,Accessories,South,Neha,7,402.87
ORD-202603-03168,2026-03-14 00:00:00+00:00,CUST-3348,Pen Set,Office,North,Rahul,4,327.82
ORD-202603-03169,2026-03-09 00:00:00+00:00,CUST-1579,Mouse Pad,Accessories,Central,Neha,6,416.26
ORD-202603-03170,2026-03-22 00:00:00+00:00,CUST-1755,Desk Organizer,Office,east,Amit,2,609.74
ORD-202603-03171,2026-03-24 00:00:00+00:00,CUST-4005,Office Chair,Furniture,Central,Karan,4,7081.94
ORD-202603-03172,2026-03-22 00:00:00+00:00,CUST-0365,Webcam,Electronics,South,Amit,6,2048.74
ORD-202603-03173,2026-03-29 00:00:00+00:00,CUST-4818,Mouse Pad,Accessories,East,Karan,4,374.64
ORD-202603-03174,2026-03-09 00:00:00+00:00,CUST-4247,Keyboard,Electronics,South,Vikram,1,1319.44
ORD-202603-03175,2026-03-06 00:00:00+00:00,CUST-0666,Keyboard,electronics,East,Amit,6,1260.07
ORD-202603-03176,2026-03-17 00:00:00+00:00,CUST-2623,Desk Organizer,Office,East,Priya,7,595.19
ORD-202603-03177,2026-03-11 00:00:00+00:00,CUST-2827,Study Table,Furniture,North,Amit,5,4993.0
ORD-202603-03178,2026-03-12 00:00:00+00:00,CUST-4576,Notebook,Office,West,Sneha,5,210.67
ORD-202603-03179,2026-03-20 00:00:00+00:00,CUST-2986,Desk Organizer,Office,South,Amit,2,561.18
ORD-202603-03180,2026-03-02 00:00:00+00:00,CUST-0022,Monitor Stand,Furniture,North,Sneha,2,2024.07
ORD-202603-03181,2026-03-14 00:00:00+00:00,CUST-1424,Keyboard,Electronics,Central,Amit,7,1408.98
ORD-202603-03182,2026-03-14 00:00:00+00:00,CUST-2924,Desk Organizer,Office,West,Vikram,2,569.94
ORD-202603-03183,2026-03-01 00:00:00+00:00,CUST-1873,Pen Set,Office,North,Vikram,7,288.7
ORD-202603-03184,2026-03-21 00:00:00+00:00,CUST-2349,Monitor Stand,Furniture,,Ananya,1,1961.46
ORD-202603-03185,2026-03-26 00:00:00+00:00,CUST-4707,Webcam,Electronics,North,Neha,4,1915.7
ORD-202603-03186,2026-03-30 00:00:00+00:00,CUST-4688,Pen Set,Office,East,Priya,6,282.86
ORD-202603-03187,2026-03-30 00:00:00+00:00,CUST-1344,Office Chair,Furniture,West,Rahul,1,7332.76
ORD-202603-03188,2026-03-04 00:00:00+00:00,CUST-0884,Mouse Pad,Accessories,West,Amit,1,409.35
ORD-202603-03189,2026-03-08 00:00:00+00:00,CUST-4776,Webcam,Electronics,North,Karan,6,1744.51
ORD-202603-03190,2026-03-14 00:00:00+00:00,CUST-2729,Monitor Stand,Furniture,South,Amit,4,2002.85
ORD-202603-03191,2026-03-19 00:00:00+00:00,CUST-2960,Headphones,Electronics,North,Vikram,6,2428.93
ORD-202603-03192,2026-03-30 00:00:00+00:00,CUST-0862,Office Chair,Furniture,Central,Vikram,3,6789.9
ORD-202603-03193,2026-03-09 00:00:00+00:00,CUST-3218,Office Chair,Furniture,North,Rahul,6,7675.23
ORD-202603-03194,2026-03-15 00:00:00+00:00,CUST-4296,Wireless Mouse,Electronics,West ,Priya,4,783.9
ORD-202603-03195,2026-03-22 00:00:00+00:00,CUST-0678,Laptop Stand,Accessories,South,Vikram,1,1356.29
ORD-202603-03196,2026-03-28 00:00:00+00:00,CUST-1675,Notebook,Office,Central,Ananya,5,193.23
ORD-202603-03197,2026-03-22 00:00:00+00:00,CUST-2051,Keyboard,Electronics,South,Neha,7,1324.87
ORD-202603-03198,2026-03-22 00:00:00+00:00,CUST-2251,Keyboard,Electronics,South,Ananya,2,1306.22
ORD-202603-03199,2026-03-31 00:00:00+00:00,CUST-1122,Laptop Stand,Accessories,East,Vikram,6,1372.21
ORD-202603-03200,2026-03-27 00:00:00+00:00,CUST-3439,Monitor Stand,Furniture,Central,Sneha,2,1866.34
ORD-202603-03201,2026-03-27 00:00:00+00:00,CUST-1105,USB Hub,Accessories,East,Rahul,7,947.43
ORD-202603-03202,2026-03-24 00:00:00+00:00,CUST-1354,Pen Set,Office,East,Karan,3,269.53
ORD-202603-03203,2026-03-11 00:00:00+00:00,CUST-2759,Notebook,Office,South,Neha,5,188.28
ORD-202603-03204,2026-03-03 00:00:00+00:00,CUST-0604,USB Hub,Accessories,South,Vikram,7,985.43
ORD-202603-03205,2026-03-25 00:00:00+00:00,CUST-4221,Keyboard,Electronics,Central,Neha,4,1339.44
ORD-202603-03206,2026-03-24 00:00:00+00:00,CUST-2232,Monitor Stand,Furniture,West,Rahul,4,1897.26
ORD-202603-03207,2026-03-20 00:00:00+00:00,CUST-4823,Mouse Pad,Accessories,Central,Ananya,4,374.58
ORD-202603-03208,2026-03-04 00:00:00+00:00,CUST-1843,Laptop Stand,Accessories,Central,Sneha,2,1473.97
ORD-202603-03209,2026-03-30 00:00:00+00:00,CUST-0077,USB Hub,Accessories,East,Neha,1,925.17
ORD-202603-03210,2026-03-24 00:00:00+00:00,CUST-1773,USB Hub,Accessories,Central,Priya,4,839.85
ORD-202603-03211,2026-03-21 00:00:00+00:00,CUST-3127,Monitor Stand,Furniture,North,Neha,6,2098.13
ORD-202603-03212,2026-03-13 00:00:00+00:00,CUST-0039,USB Hub,Accessories,South,Priya,2,816.64
ORD-202603-03213,2026-03-02 00:00:00+00:00,CUST-2410,Monitor Stand,Furniture,East,Vikram,7,1876.66
ORD-202603-03214,2026-03-22 00:00:00+00:00,CUST-3897,Keyboard,Electronics,North,Ananya,6,1322.45
ORD-202603-03215,2026-03-12 00:00:00+00:00,CUST-4457,Headphones,Electronics,North,Neha,5,2602.05
ORD-202603-03216,2026-03-02 00:00:00+00:00,CUST-3700,Keyboard,Electronics,East,Sneha,3,1343.74
ORD-202603-03217,2026-03-02 00:00:00+00:00,CUST-1237,Monitor Stand,Furniture,North,Priya,6,1903.77
ORD-202603-03218,2026-03-04 00:00:00+00:00,CUST-3521,Notebook,Office,Central,Amit,7,194.44
ORD-202603-03219,2026-03-09 00:00:00+00:00,CUST-3916,Mouse Pad,Accessories,East,Ananya,3,362.1
ORD-202603-03220,2026-03-04 00:00:00+00:00,CUST-2056,Wireless Mouse,Electronics,Central,Sneha,5,719.18
ORD-202603-03221,2026-03-05 00:00:00+00:00,CUST-3276,Headphones,Electronics,West,Amit,3,2457.26
ORD-202603-03222,2026-03-12 00:00:00+00:00,CUST-2478,Monitor Stand,Furniture,South,Neha,5,2016.33
ORD-202603-03223,2026-03-01 00:00:00+00:00,CUST-2051,Monitor Stand,Furniture,West,Vikram,2,2127.39
ORD-202603-03224,2026-03-06 00:00:00+00:00,CUST-3319,Laptop Stand,Accessories,North,Ananya,3,1637.71
ORD-202603-03225,2026-03-13 00:00:00+00:00,CUST-4864,Desk Organizer,Office,East,Karan,7,610.88
ORD-202603-03226,2026-03-01 00:00:00+00:00,CUST-4778,Laptop Stand,Accessories,West,Ananya,2,1593.9
ORD-202603-03227,2026-03-07 00:00:00+00:00,CUST-0092,Monitor Stand,Furniture,East,Sneha,6,1851.26
ORD-202603-03228,2026-03-28 00:00:00+00:00,CUST-1413,Keyboard,Electronics,South,Vikram,1,1381.27
ORD-202603-03229,2026-03-13 00:00:00+00:00,CUST-4155,Keyboard,Electronics,Central,Priya,7,1234.93
ORD-202603-03230,2026-03-24 00:00:00+00:00,CUST-3738,Laptop Stand,Accessories,South,Sneha,6,1471.94
ORD-202603-03231,2026-03-14 00:00:00+00:00,CUST-3672,Headphones,Electronics,South,Neha,7,2259.76
ORD-202603-03232,2026-03-18 00:00:00+00:00,CUST-3075,Pen Set,Office,West,Rahul,7,297.09
ORD-202603-03233,2026-03-04 00:00:00+00:00,CUST-2143,Study Table,Furniture,South,Ananya,7,5665.4
ORD-202603-03234,2026-03-23 00:00:00+00:00,CUST-3174,Monitor Stand,Furniture,South,Ananya,2,1899.87
ORD-202603-03235,2026-03-09 00:00:00+00:00,CUST-4140,Monitor Stand,Furniture,North,Ananya,7,2122.41
ORD-202603-03236,2026-03-10 00:00:00+00:00,CUST-0469,Headphones,Electronics,West,Vikram,7,2712.01
ORD-202603-03237,2026-03-09 00:00:00+00:00,CUST-0058,Wireless Mouse,Electronics,North,Ananya,4,810.29
ORD-202603-03238,2026-03-22 00:00:00+00:00,CUST-3820,Headphones,Electronics,Central,Karan,5,2371.08
ORD-202603-03239,2026-03-21 00:00:00+00:00,,Desk Organizer,Office,North,Priya,7,623.59
ORD-202603-03240,2026-03-17 00:00:00+00:00,CUST-2054,Keyboard,Electronics,North,Karan,6,1245.64
ORD-202603-03241,2026-03-11 00:00:00+00:00,CUST-0616,Pen Set,Office,Central,Vikram,6,278.83
ORD-202603-03242,2026-03-03 00:00:00+00:00,CUST-1648,Notebook,Office,East,Neha,7,190.45
ORD-202603-03243,2026-03-26 00:00:00+00:00,CUST-0929,Office Chair,Furniture,West,Rahul,6,6913.63
ORD-202603-03244,2026-03-21 00:00:00+00:00,CUST-2163,Keyboard,Electronics,West,Amit,7,1227.73
ORD-202603-03245,2026-03-18 00:00:00+00:00,CUST-0068,USB Hub,Accessories,South,Neha,7,869.74
ORD-202603-03246,2026-03-31 00:00:00+00:00,CUST-4360,Keyboard,Electronics,East,Karan,4,1271.88
ORD-202603-03247,2026-03-03 00:00:00+00:00,CUST-3527,Wireless Mouse,Electronics,East,Sneha,5,839.57
ORD-202603-03248,2026-03-08 00:00:00+00:00,CUST-3266,Desk Organizer,Office,Central,Priya,4,641.85
ORD-202603-03249,2026-03-28 00:00:00+00:00,CUST-3888,Notebook,Office,Central,Ananya,3,211.93
ORD-202603-03250,2026-03-01 00:00:00+00:00,CUST-0047,Office Chair,Furniture,North,Rahul,5,6569.57
ORD-202603-03251,2026-03-10 00:00:00+00:00,CUST-2713,Keyboard,Electronics,West,Amit,5,1379.47
ORD-202603-03252,2026-03-24 00:00:00+00:00,CUST-1173,Laptop Stand,Accessories,Central,Vikram,2,1541.13
ORD-202603-03253,2026-03-18 00:00:00+00:00,CUST-4306,Keyboard,Electronics,East,Amit,7,1230.88
ORD-202603-03254,2026-03-09 00:00:00+00:00,CUST-3474,Notebook,Office,East,Priya,3,194.07
ORD-202603-03255,2026-03-11 00:00:00+00:00,,Notebook,Office,West,Rahul,4,192.85
ORD-202603-03256,2026-03-13 00:00:00+00:00,CUST-4378,Desk Organizer,Office,South,Karan,6,591.23
ORD-202603-03257,2026-03-08 00:00:00+00:00,CUST-2999,Keyboard,Electronics,South,Priya,5,1388.59
ORD-202603-03258,2026-03-01 00:00:00+00:00,CUST-2691,Wireless Mouse,Electronics,West,Rahul,1,784.87
ORD-202603-03259,2026-03-19 00:00:00+00:00,CUST-0647,Study Table,Furniture,Central,Sneha,3,5009.22
ORD-202603-03260,2026-03-02 00:00:00+00:00,CUST-2962,Pen Set,Office,West,Rahul,4,313.19
ORD-202603-03261,2026-03-23 00:00:00+00:00,CUST-1886,Keyboard,Electronics,West,Rahul,6,1373.57
ORD-202603-03262,2026-03-22 00:00:00+00:00,CUST-1406,Webcam,Electronics,North,Ananya,3,1926.45
ORD-202603-03263,2026-03-30 00:00:00+00:00,CUST-1074,USB Hub,Accessories,North,Amit,4,894.53
ORD-202603-03264,2026-03-30 00:00:00+00:00,CUST-0701,USB Hub,Accessories,Central,Amit,5,947.92
ORD-202603-03265,2026-03-30 00:00:00+00:00,CUST-4168,Desk Organizer,Office,West,Neha,4,541.75
ORD-202603-03266,2026-03-19 00:00:00+00:00,CUST-2188,Laptop Stand,Accessories,North,Ananya,2,1524.24
ORD-202603-03267,2026-03-03 00:00:00+00:00,CUST-1333,Notebook,Office,South,Amit,4,216.99
ORD-202603-03268,2026-03-27 00:00:00+00:00,CUST-2692,Desk Organizer,Office,South,Amit,7,634.26
ORD-202603-03269,2026-03-29 00:00:00+00:00,CUST-1669,Keyboard,Electronics,West,Amit,5,1240.68
ORD-202603-03270,2026-03-07 00:00:00+00:00,CUST-2824,Mouse Pad,Accessories,East,Ananya,6,432.33
ORD-202603-03271,2026-03-12 00:00:00+00:00,CUST-0170,Webcam,Electronics,North,Ananya,-1,1786.0
ORD-202603-03272,2026-03-03 00:00:00+00:00,CUST-0952,Desk Organizer,Office,West,Neha,1,604.62
ORD-202603-03273,2026-03-11 00:00:00+00:00,CUST-3278,Keyboard,Electronics,North,Amit,4,1331.47
ORD-202603-03274,2026-03-11 00:00:00+00:00,,Laptop Stand,Accessories,West,Karan,3,1359.3
ORD-202603-03275,2026-03-27 00:00:00+00:00,CUST-4882,Pen Set,Office,Central,Ananya,4,276.71
ORD-202603-03276,2026-03-07 00:00:00+00:00,CUST-1679,Notebook,Office,West,Amit,1,200.76
ORD-202603-03277,2026-03-05 00:00:00+00:00,CUST-2867,Wireless Mouse,Electronics,Central,Ananya,2,748.01
ORD-202603-03278,2026-03-20 00:00:00+00:00,CUST-4015,Study Table,Furniture,East,Sneha,1,5410.08
ORD-202603-03279,2026-03-23 00:00:00+00:00,CUST-2425,Keyboard,Electronics,South,Ananya,1,1352.47
ORD-202603-03280,2026-03-30 00:00:00+00:00,CUST-1365,USB Hub,Accessories,East,Rahul,3,921.54
ORD-202603-03281,2026-03-25 00:00:00+00:00,CUST-4305,Wireless Mouse,Electronics,West,Priya,6,858.8
ORD-202603-03282,2026-03-08 00:00:00+00:00,CUST-3419,Notebook,Office,East,Neha,3,215.76
ORD-202603-03283,2026-03-22 00:00:00+00:00,CUST-3576,Laptop Stand,Accessories,North,Rahul,6,1626.89
ORD-202603-03284,2026-03-28 00:00:00+00:00,CUST-1299,Pen Set,Office,South,Priya,4,292.56
ORD-202603-03285,2026-03-26 00:00:00+00:00,CUST-0430,Pen Set,Office,East,Sneha,5,276.39
ORD-202603-03286,2026-03-17 00:00:00+00:00,CUST-1175,Study Table,Furniture,South,Priya,3,5682.84
ORD-202603-03287,2026-03-10 00:00:00+00:00,CUST-3672,Wireless Mouse,Electronics,Central,Rahul,3,865.96
ORD-202603-03288,2026-03-04 00:00:00+00:00,CUST-1056,Pen Set,Office,Central,Amit,3,315.1
ORD-202603-03289,2026-03-11 00:00:00+00:00,CUST-3907,Laptop Stand,Accessories,West,Vikram,3,1558.07
ORD-202603-03290,2026-03-17 00:00:00+00:00,CUST-2144,Notebook,Office,South,Amit,7,211.04
ORD-202603-03291,2026-03-31 00:00:00+00:00,CUST-1529,Monitor Stand,Furniture,North,Karan,1,1962.94
ORD-202603-03292,2026-03-15 00:00:00+00:00,CUST-1344,Office Chair,Furniture,West,Vikram,7,7001.47
ORD-202603-03293,2026-03-23 00:00:00+00:00,CUST-0336,Monitor Stand,Furniture,Central,Vikram,7,1879.01
ORD-202603-03294,2026-03-24 00:00:00+00:00,CUST-1813,Monitor Stand,Furniture,West,Ananya,1,2067.58
ORD-202603-03295,2026-03-15 00:00:00+00:00,CUST-4685,Office Chair,Furniture,North,Sneha,3,6786.2
ORD-202603-03296,2026-03-24 00:00:00+00:00,CUST-2884,Study Table,Furniture,South,Amit,5,5243.26
ORD-202603-03297,2026-03-27 00:00:00+00:00,CUST-3902,Pen Set, Office,East,Ananya,3,284.09
ORD-202603-03298,2026-03-20 00:00:00+00:00,CUST-4160,Keyboard,Electronics,North,Priya,1,1301.78
ORD-202603-03299,2026-03-22 00:00:00+00:00,CUST-3509,Study Table,Furniture,East,Amit,3,5542.96
ORD-202603-03300,2026-03-21 00:00:00+00:00,CUST-3831,Pen Set,Office,North,Amit,6,318.51
ORD-202603-03301,2026-03-31 00:00:00+00:00,CUST-2164,Study Table,Furniture,East,Rahul,4,5956.88
ORD-202603-03302,2026-03-19 00:00:00+00:00,CUST-2187,Laptop Stand,Accessories,East,Neha,6,1441.78
ORD-202603-03303,2026-03-04 00:00:00+00:00,CUST-2100,Notebook,Office,West,Priya,3,192.31
ORD-202603-03304,2026-03-08 00:00:00+00:00,CUST-1513,USB Hub,Accessories,South,Priya,5,859.66
ORD-202603-03305,2026-03-09 00:00:00+00:00,CUST-0226,Wireless Mouse,Electronics,East,Sneha,6,767.37
ORD-202603-03306,2026-03-29 00:00:00+00:00,CUST-3284,Pen Set,Office,South,Priya,5,312.66
ORD-202603-03307,2026-03-01 00:00:00+00:00,CUST-3243,Webcam,Electronics,East,Amit,4,1948.03
ORD-202603-03308,2026-03-07 00:00:00+00:00,CUST-2167,Keyboard,Electronics,Central,Neha,6,1189.32
ORD-202603-03309,2026-03-22 00:00:00+00:00,CUST-3325,Headphones,Electronics,North,Ananya,2,2535.25
ORD-202603-03310,2026-03-19 00:00:00+00:00,CUST-3787,Desk Organizer,Office,East,Vikram,1,640.66
ORD-202603-03311,2026-03-01 00:00:00+00:00,CUST-4537,Desk Organizer,Office,Central,Ananya,1,546.31
ORD-202603-03312,2026-03-24 00:00:00+00:00,CUST-4297,Webcam,Electronics,South,Priya,5,2053.0
ORD-202603-03313,2026-03-02 00:00:00+00:00,CUST-1711,Laptop Stand,Accessories,East,Neha,3,1426.09
ORD-202603-03314,2026-03-03 00:00:00+00:00,CUST-1434,Office Chair,Furniture,North,Karan,1,6757.9
ORD-202603-03315,2026-03-26 00:00:00+00:00,CUST-2380,Mouse Pad,Accessories,North,Rahul,2,390.98
ORD-202603-03316,2026-03-14 00:00:00+00:00,CUST-1925,Laptop Stand,Accessories,East,Vikram,1,1391.76
ORD-202603-03317,2026-03-18 00:00:00+00:00,CUST-3369,Study Table,Furniture,East,Priya,3,5057.4
ORD-202603-03318,2026-03-01 00:00:00+00:00,CUST-0145,Wireless Mouse,Electronics,South,Karan,5,-100.0
ORD-202603-03319,2026-03-06 00:00:00+00:00,CUST-1341,Pen Set,Office,East,Sneha,2,269.42
ORD-202603-03320,2026-03-08 00:00:00+00:00,CUST-2148,Notebook,Office,North,Rahul,2,202.07
ORD-202603-03321,2026-03-11 00:00:00+00:00,CUST-0485,USB Hub,Accessories,East,Amit,7,833.28
ORD-202603-03322,2026-03-20 00:00:00+00:00,CUST-2192,Desk Organizer,Office,Central,Neha,1,550.28
ORD-202603-03323,2026-03-13 00:00:00+00:00,CUST-0778,Webcam,Electronics,West,Karan,6,1923.02
ORD-202603-03324,2026-03-29 00:00:00+00:00,CUST-4584,Pen Set,Office,East,Sneha,1,304.54
ORD-202603-03325,2026-03-07 00:00:00+00:00,CUST-0508,Webcam,Electronics,Central,Vikram,6,1959.73
ORD-202603-03326,2026-03-10 00:00:00+00:00,CUST-2031,Office Chair,Furniture, Central,Vikram,7,7004.28
ORD-202603-03327,2026-03-03 00:00:00+00:00,CUST-1299,USB Hub,Accessories,North,Ananya,3,968.1
ORD-202603-03328,2026-03-26 00:00:00+00:00,CUST-2129,Office Chair,Furniture,West,Priya,2,6473.88
ORD-202603-03329,2026-03-19 00:00:00+00:00,CUST-3653,Notebook,Office,West,Priya,2,210.39
ORD-202603-03330,2026-03-17 00:00:00+00:00,CUST-1646,Wireless Mouse,Electronics,North,Ananya,3,784.81
ORD-202603-03331,2026-03-26 00:00:00+00:00,,Pen Set,Office,East,Neha,2,323.13
ORD-202603-03332,2026-03-24 00:00:00+00:00,CUST-0517,Wireless Mouse,Electronics,West,Ananya,2,756.58
ORD-202603-03333,2026-03-13 00:00:00+00:00,CUST-4915,Desk Organizer,Office,West,Neha,2,652.64
ORD-202603-03334,2026-03-26 00:00:00+00:00,CUST-3018,Headphones,Electronics,North,Sneha,7,2682.51
ORD-202603-03335,2026-03-09 00:00:00+00:00,CUST-4575,Monitor Stand,Furniture,South,Karan,3,1868.33
ORD-202603-03336,2026-03-20 00:00:00+00:00,CUST-1057,Headphones,Electronics,North,Vikram,1,2466.47
ORD-202603-03337,2026-03-14 00:00:00+00:00,CUST-3460,USB Hub,Accessories,East,Karan,3,852.81
ORD-202603-03338,2026-03-14 00:00:00+00:00,CUST-2604,Notebook,Office,North,Vikram,4,184.75
ORD-202603-03339,2026-03-20 00:00:00+00:00,CUST-1410,Keyboard,Electronics,West,Priya,1,1269.91
ORD-202603-03340,2026-03-19 00:00:00+00:00,CUST-3844,Headphones,Electronics,Central,Rahul,4,2516.57
ORD-202603-03341,2026-03-30 00:00:00+00:00,CUST-2489,Monitor Stand,Furniture, West,Priya,7,1959.65
ORD-202603-03342,2026-03-22 00:00:00+00:00,CUST-3669,Laptop Stand,Accessories,East,Vikram,5,1448.54
ORD-202603-03343,2026-03-13 00:00:00+00:00,CUST-0097,Office Chair,Furniture,West,Ananya,3,6758.07
ORD-202603-03344,2026-03-27 00:00:00+00:00,CUST-0547,USB Hub,Accessories,West,Amit,7,838.05
ORD-202603-03345,2026-03-31 00:00:00+00:00,CUST-3977,Headphones,Electronics,West,Neha,3,2360.43
ORD-202603-03346,2026-03-17 00:00:00+00:00,CUST-2105,Notebook,Office,West,Karan,1,200.17
ORD-202603-03347,2026-03-09 00:00:00+00:00,CUST-0982,Keyboard,Electronics,Central,Karan,2,1210.43
ORD-202603-03348,2026-03-28 00:00:00+00:00,CUST-3999,Monitor Stand,Furniture,North,Ananya,1,2130.73
ORD-202603-03349,2026-03-20 00:00:00+00:00,CUST-0767,Pen Set,Office,East,Rahul,4,313.12
ORD-202603-03350,2026-03-13 00:00:00+00:00,CUST-0035,Pen Set,Office,West,Ananya,3,328.23
ORD-202603-03351,2026-03-13 00:00:00+00:00,CUST-2765,Wireless Mouse,Electronics,Central,Priya,1,769.72
ORD-202603-03352,2026-03-24 00:00:00+00:00,CUST-0738,Webcam,Electronics,North,Ananya,3,1778.37
ORD-202603-03353,2026-03-21 00:00:00+00:00,CUST-3536,USB Hub,Accessories,South,Karan,2,822.68
ORD-202603-03354,2026-03-19 00:00:00+00:00,CUST-2088,Laptop Stand,Accessories,North,Priya,7,1454.02
ORD-202603-03355,2026-03-25 00:00:00+00:00,CUST-4549,Keyboard,Electronics,South,Ananya,5,1408.36
ORD-202603-03356,2026-03-03 00:00:00+00:00,CUST-2532,Wireless Mouse,Electronics,South,,2,813.57
ORD-202603-03357,2026-03-11 00:00:00+00:00,CUST-0997,Notebook,Office,south,Ananya,6,217.25
ORD-202603-03358,2026-03-16 00:00:00+00:00,CUST-2612,USB Hub,Accessories,North,Vikram,6,973.44
ORD-202603-03359,2026-03-09 00:00:00+00:00,CUST-3244,Webcam,Electronics, East,Sneha,6,1853.33
ORD-202603-03360,2026-03-24 00:00:00+00:00,CUST-4456,Notebook,Office,West,Vikram,1,196.53
ORD-202603-03361,2026-03-09 00:00:00+00:00,CUST-0631,Monitor Stand,Furniture,South,Amit,4,1918.78
ORD-202603-03362,2026-03-21 00:00:00+00:00,CUST-3746,Monitor Stand,Furniture,West,Karan,1,2095.72
ORD-202603-03363,2026-03-14 00:00:00+00:00,CUST-3006,Study Table,Furniture,South,Rahul,5,5575.32
ORD-202603-03364,2026-03-18 00:00:00+00:00,CUST-4756,Webcam,Electronics,West,Ananya,6,1733.19
ORD-202603-03365,2026-03-01 00:00:00+00:00,CUST-2919,Headphones,Electronics,East,Karan,1,2708.25
ORD-202603-03366,2026-03-25 00:00:00+00:00,CUST-4829,Webcam,Electronics,Central,Rahul,6,2007.43
ORD-202603-03367,2026-03-08 00:00:00+00:00,CUST-2817,Laptop Stand,Accessories,West,Amit,2,1628.8
ORD-202603-03368,2026-03-28 00:00:00+00:00,CUST-0253,Wireless Mouse,Electronics,South,Vikram,1,758.96
ORD-202603-03369,2026-03-30 00:00:00+00:00,CUST-0586,Laptop Stand,Accessories,East,Neha,2,1574.85
ORD-202603-03370,2026-03-05 00:00:00+00:00,CUST-0502,Notebook,Office,East,Vikram,7,204.33
ORD-202603-03371,2026-03-02 00:00:00+00:00,CUST-2660,Webcam,Electronics,North,Sneha,3,1755.88
ORD-202603-03372,2026-03-08 00:00:00+00:00,CUST-4030,Monitor Stand,Furniture,South,Ananya,1,1902.88
ORD-202603-03373,2026-03-10 00:00:00+00:00,CUST-2836,Study Table,Furniture,South,Priya,1,5160.0
ORD-202603-03374,2026-03-31 00:00:00+00:00,CUST-4675,Laptop Stand,Accessories,North,Karan,7,1395.08
ORD-202603-03375,2026-03-03 00:00:00+00:00,CUST-2508,USB Hub,Accessories,South,Rahul,5,925.86
ORD-202603-03376,2026-03-08 00:00:00+00:00,CUST-3414,Mouse Pad,Accessories,Central,Vikram,2,428.21
ORD-202603-03377,2026-03-06 00:00:00+00:00,CUST-1003,Laptop Stand,Accessories,Central,Rahul,5,1645.26
ORD-202603-03378,2026-03-26 00:00:00+00:00,CUST-0047,Wireless Mouse,Electronics,East,Karan,1,753.46
ORD-202603-03379,2026-03-22 00:00:00+00:00,CUST-3587,Laptop Stand,Accessories,West,Neha,5,1551.23
ORD-202603-03380,2026-03-17 00:00:00+00:00,CUST-0477,Notebook,Office,West,Rahul,6,182.22
ORD-202603-03381,,CUST-4793,Webcam,Electronics,West,Sneha,6,1799.89
ORD-202603-03382,2026-03-12 00:00:00+00:00,CUST-4833,Headphones,Electronics,South,Karan,2,2672.62
ORD-202603-03383,2026-03-08 00:00:00+00:00,CUST-1079,Mouse Pad,Accessories,East,Priya,3,434.23
ORD-202603-03384,2026-03-23 00:00:00+00:00,CUST-0449,Wireless Mouse,Electronics,Central,,4,874.21
ORD-202603-03385,2026-03-28 00:00:00+00:00,CUST-4446,Desk Organizer,Office,North,Karan,1,594.74
ORD-202603-03386,2026-03-24 00:00:00+00:00,CUST-4504,Pen Set,Office,East,Karan,6,313.1
ORD-202603-03387,2026-03-01 00:00:00+00:00,CUST-2695,Monitor Stand,Furniture,North,Rahul,5,1946.68
ORD-202603-03388,2026-03-09 00:00:00+00:00,CUST-1871,Keyboard,Electronics,,Rahul,2,1351.22
ORD-202603-03389,2026-03-31 00:00:00+00:00,CUST-2259,Office Chair,Furniture,West,Ananya,6,6512.14
ORD-202603-03390,2026-03-01 00:00:00+00:00,CUST-4653,Keyboard,Electronics,South,Ananya,6,1200.83
ORD-202603-03391,2026-03-15 00:00:00+00:00,CUST-2759,Office Chair,Furniture,East,Neha,2,7676.24
ORD-202603-03392,2026-03-25 00:00:00+00:00,CUST-0989,Headphones,Electronics,East,Ananya,4,2404.8
ORD-202603-03393,2026-03-27 00:00:00+00:00,CUST-3429,Office Chair,Furniture,East,Rahul,3,7554.96
ORD-202603-03394,2026-03-22 00:00:00+00:00,CUST-4862,Keyboard,Electronics,South,Neha,2,1175.01
ORD-202603-03395,2026-03-28 00:00:00+00:00,CUST-0287,Office Chair,Furniture,East,Neha,6,7463.0
ORD-202603-03396,2026-03-04 00:00:00+00:00,CUST-2605,Pen Set,Office,North,Priya,1,325.11
ORD-202603-03397,2026-03-09 00:00:00+00:00,CUST-2683,Wireless Mouse,Electronics,South,Karan,3,721.59
ORD-202603-03398,2026-03-02 00:00:00+00:00,CUST-3839,Webcam,Electronics,South,Karan,2,1856.94
ORD-202603-03399,2026-03-25 00:00:00+00:00,,Mouse Pad,Accessories,East,Vikram,3,423.6
ORD-202603-03400,2026-03-21 00:00:00+00:00,CUST-1053,Pen Set,Office,North,Rahul,3,269.37
ORD-202603-03401,2026-03-28 00:00:00+00:00,CUST-3050,Desk Organizer,Office,,Vikram,5,575.62
ORD-202603-03402,2026-03-19 00:00:00+00:00,,Notebook,Office,South,Rahul,3,189.38
ORD-202603-03403,2026-03-20 00:00:00+00:00,CUST-2655,Pen Set,Office,Central,Priya,4,277.1
ORD-202603-03404,2026-03-24 00:00:00+00:00,CUST-1166,Laptop Stand,Accessories,West,Ananya,6,1375.47
ORD-202603-03405,2026-03-14 00:00:00+00:00,CUST-4994,Laptop Stand,Accessories,South,Priya,2,1423.74
ORD-202603-03406,2026-03-28 00:00:00+00:00,CUST-3737,Headphones,Electronics,East,Ananya,3,2349.03
ORD-202603-03407,2026-03-31 00:00:00+00:00,CUST-3734,Pen Set,Office,South,Ananya,4,327.37
ORD-202603-03408,2026-03-21 00:00:00+00:00,CUST-0004,Pen Set,Office,South,Amit,3,270.42
ORD-202603-03409,2026-03-12 00:00:00+00:00,CUST-2145,Study Table,Furniture,Central,Priya,4,5091.54
ORD-202603-03410,2026-03-20 00:00:00+00:00,CUST-3449,Mouse Pad,Accessories,Central,Vikram,6,423.51
ORD-202603-03411,2026-03-30 00:00:00+00:00,CUST-2439,Notebook,Office,East,Amit,5,209.45
ORD-202603-03412,2026-03-17 00:00:00+00:00,CUST-0513,Desk Organizer,Office,North,Karan,4,595.2
ORD-202603-03413,2026-03-24 00:00:00+00:00,CUST-2627,Study Table,Furniture,East,Vikram,5,5372.83
ORD-202603-03414,2026-03-18 00:00:00+00:00,CUST-3315,Mouse Pad,Accessories,West,Neha,7,386.74
ORD-202603-03415,2026-03-14 00:00:00+00:00,CUST-3616,Desk Organizer,Office,East,Neha,1,655.72
ORD-202603-03416,2026-03-31 00:00:00+00:00,CUST-1511,Office Chair,Furniture,West,Rahul,5,7512.74
ORD-202603-03417,2026-03-12 00:00:00+00:00,CUST-2905,Notebook,Office,North,Ananya,1,189.52
ORD-202603-03418,2026-03-02 00:00:00+00:00,CUST-4505,Notebook,Office,East,Vikram,7,197.45
ORD-202603-03419,2026-03-25 00:00:00+00:00,CUST-4774,Pen Set,Office,East,Amit,6,313.71
ORD-202603-03420,2026-03-17 00:00:00+00:00,CUST-1571,Office Chair,Furniture,South,Priya,7,7453.68
ORD-202603-03421,2026-03-01 00:00:00+00:00,CUST-3407,Notebook,Office,Central,Karan,5,183.95
ORD-202603-03422,2026-03-08 00:00:00+00:00,CUST-4554,Notebook,Office,East,Sneha,3,217.14
ORD-202603-03423,2026-03-24 00:00:00+00:00,CUST-0383,Headphones,Electronics,South,Karan,1,2658.62
ORD-202603-03424,2026-03-23 00:00:00+00:00,CUST-2840,Monitor Stand,Furniture,East,Priya,5,2000.42
ORD-202603-03425,2026-03-16 00:00:00+00:00,CUST-3778,Wireless Mouse,Electronics,West,Karan,7,799.1
ORD-202603-03426,2026-03-24 00:00:00+00:00,CUST-1090,Study Table,Furniture,North,Ananya,1,5506.8
ORD-202603-03427,2026-03-31 00:00:00+00:00,CUST-1482,Laptop Stand,Accessories,Central,Priya,2,1593.67
ORD-202603-03428,2026-03-09 00:00:00+00:00,CUST-4256,Webcam,Electronics,South,Ananya,4,1916.64
ORD-202603-03429,2026-03-07 00:00:00+00:00,CUST-0846,Headphones,Electronics,North,Karan,4,2655.21
ORD-202603-03430,2026-03-24 00:00:00+00:00,CUST-1502,Desk Organizer,Office,East,Ananya,3,642.55
ORD-202603-03431,2026-03-12 00:00:00+00:00,CUST-4166,Webcam,Electronics,Central,Sneha,2,1975.9
ORD-202603-03432,2026-03-20 00:00:00+00:00,CUST-3056,Keyboard,Electronics,South,Karan,4,1181.28
ORD-202603-03433,2026-03-17 00:00:00+00:00,CUST-3221,USB Hub,Accessories,East,Ananya,4,889.62
ORD-202603-03434,2026-03-30 00:00:00+00:00,CUST-2721,Study Table,Furniture,North,Vikram,2,5230.26
ORD-202603-03435,2026-03-03 00:00:00+00:00,CUST-1904,Study Table,Furniture,East,Vikram,5,4996.92
ORD-202603-03436,2026-03-26 00:00:00+00:00,CUST-3931,Laptop Stand,Accessories,South,Sneha,7,1543.55
ORD-202603-03437,2026-03-30 00:00:00+00:00,CUST-1451,Pen Set,Office,North,Neha,1,299.77
ORD-202603-03438,2026-03-24 00:00:00+00:00,CUST-1280,Mouse Pad,Accessories,East,Vikram,1,363.98
ORD-202603-03439,2026-03-31 00:00:00+00:00,CUST-2277,USB Hub,Accessories,East,Rahul,4,920.9
ORD-202603-03440,2026-03-05 00:00:00+00:00,CUST-0628,Wireless Mouse,Electronics,West,Sneha,6,749.47
ORD-202603-03441,2026-03-30 00:00:00+00:00,CUST-3149,Headphones,Electronics,Central,Sneha,1,2717.54
ORD-202603-03442,2026-03-31 00:00:00+00:00,CUST-4565,Study Table,Furniture,West,Amit,7,5715.8
ORD-202603-03443,2026-03-29 00:00:00+00:00,CUST-3585,Monitor Stand,Furniture,Central,Priya,4,1800.6
ORD-202603-03444,2026-03-25 00:00:00+00:00,CUST-1562,Monitor Stand,Furniture,East,Karan,1,2147.49
ORD-202603-03445,2026-03-12 00:00:00+00:00,CUST-0491,Monitor Stand,Furniture,Central,Vikram,4,1825.11
ORD-202603-03446,2026-03-27 00:00:00+00:00,CUST-3110,Mouse Pad,Accessories,North,Ananya,4,360.03
ORD-202603-03447,2026-03-01 00:00:00+00:00,CUST-2649,Wireless Mouse,Electronics,West,Priya,3,782.26
ORD-202603-03448,2026-03-24 00:00:00+00:00,CUST-4355,Headphones,Electronics,South,Sneha,5,2326.92
ORD-202603-03449,2026-03-06 00:00:00+00:00,CUST-2428,Office Chair,Furniture,Central,Karan,2,7443.97
ORD-202603-03450,2026-03-27 00:00:00+00:00,CUST-0405,Desk Organizer,Office,West,Rahul,7,652.27
ORD-202603-03451,2026-03-07 00:00:00+00:00,CUST-4508,Monitor Stand,Furniture,North,,3,2112.31
ORD-202603-03452,2026-03-19 00:00:00+00:00,CUST-1460,Webcam,Electronics,South,Ananya,7,1848.94
ORD-202603-03453,2026-03-05 00:00:00+00:00,CUST-3854,USB Hub,Accessories,North,Karan,6,861.63
ORD-202603-03454,2026-03-01 00:00:00+00:00,CUST-0418,Monitor Stand,Furniture,West,Vikram,3,1936.09
ORD-202603-03455,2026-03-02 00:00:00+00:00,CUST-4822,Study Table,Furniture,South,Neha,2,5044.32
ORD-202603-03456,2026-03-15 00:00:00+00:00,CUST-4608,Laptop Stand,Accessories,West,Karan,7,1620.0
ORD-202603-03457,2026-03-27 00:00:00+00:00,CUST-0344,Monitor Stand,Furniture,North,Amit,5,1896.67
ORD-202603-03458,2026-03-08 00:00:00+00:00,CUST-4704,Notebook,Office,East,Ananya,3,189.06
ORD-202603-03459,2026-03-07 00:00:00+00:00,CUST-3974,Monitor Stand,Furniture,South,Sneha,2,2085.31
ORD-202603-03460,2026-03-10 00:00:00+00:00,CUST-4526,Wireless Mouse,Electronics,South,Sneha,3,817.81
ORD-202603-03461,2026-03-06 00:00:00+00:00,CUST-1158,Notebook,Office,East,Rahul,5,217.26
ORD-202603-03462,2026-03-09 00:00:00+00:00,CUST-1824,Monitor Stand,Furniture,North,Neha,4,2191.41
ORD-202603-03463,2026-03-12 00:00:00+00:00,CUST-2519,Monitor Stand,Furniture,South,Priya,1,1965.93
ORD-202603-03464,2026-03-20 00:00:00+00:00,CUST-2398,Notebook,Office,West,Vikram,6,215.75
ORD-202603-03465,2026-03-19 00:00:00+00:00,CUST-3621,Wireless Mouse,Electronics,South,Ananya,3,871.73
ORD-202603-03466,2026-03-25 00:00:00+00:00,CUST-4570,Monitor Stand,Furniture,South,Karan,2,2141.38
ORD-202603-03467,2026-03-12 00:00:00+00:00,CUST-4362,Headphones,Electronics,East,Karan,5,2715.17
ORD-202603-03468,2026-03-27 00:00:00+00:00,CUST-4426,Webcam,Electronics,South,Vikram,6,1936.98
ORD-202603-03469,2026-03-23 00:00:00+00:00,,Study Table,Furniture,Central,Rahul,6,5074.84
ORD-202603-03470,2026-03-28 00:00:00+00:00,CUST-0058,Mouse Pad,Accessories,north,Neha,1,427.69
ORD-202603-03471,2026-03-23 00:00:00+00:00,CUST-0884,Webcam,Electronics,East,Neha,3,1825.91
ORD-202603-03472,2026-03-01 00:00:00+00:00,CUST-0896,Wireless Mouse,Electronics,West,Neha,2,866.94
ORD-202603-03473,,CUST-3890,Headphones,Electronics,South,Rahul,5,2508.62
ORD-202603-03474,2026-03-24 00:00:00+00:00,CUST-2042,Office Chair,Furniture,Central,Karan,7,6984.6
ORD-202603-03475,2026-03-06 00:00:00+00:00,CUST-1879,Desk Organizer,Office,Central,Ananya,1,638.69
ORD-202603-03476,2026-03-29 00:00:00+00:00,CUST-3754,Headphones,electronics,East,Sneha,5,2443.16
ORD-202603-03477,2026-03-09 00:00:00+00:00,CUST-0360,Study Table,Furniture,West,Amit,4,5065.92
ORD-202603-03478,2026-03-24 00:00:00+00:00,CUST-1917,USB Hub,Accessories,South,Priya,4,950.02
ORD-202603-03479,2026-03-09 00:00:00+00:00,CUST-2004,Desk Organizer,Office,Central,Amit,7,573.91
ORD-202603-03480,2026-03-04 00:00:00+00:00,CUST-1031,Pen Set,Office,East,Priya,6,319.69
ORD-202603-03481,2026-03-08 00:00:00+00:00,,Keyboard,Electronics,West,Amit,1,1407.03
ORD-202603-03482,2026-03-30 00:00:00+00:00,CUST-4144,Keyboard,Electronics,South,Priya,4,1270.92
ORD-202603-03483,2026-03-17 00:00:00+00:00,CUST-3435,Notebook,Office,East,Vikram,6,205.78
ORD-202603-03484,2026-03-16 00:00:00+00:00,CUST-1705,Office Chair,Furniture,South,Priya,1,6323.74
ORD-202603-03485,2026-03-18 00:00:00+00:00,CUST-4365,Monitor Stand,Furniture,South,Vikram,4,2116.55
ORD-202603-03486,2026-03-18 00:00:00+00:00,CUST-0567,Office Chair, Furniture,Central,Amit,4,6942.12
ORD-202603-03487,2026-03-24 00:00:00+00:00,CUST-4404,Notebook,Office,South,Ananya,1,189.62
ORD-202603-03488,2026-03-09 00:00:00+00:00,CUST-3168,Mouse Pad,Accessories,Central,Karan,7,428.95
ORD-202603-03489,2026-03-01 00:00:00+00:00,CUST-1052,USB Hub,Accessories,North,Karan,3,882.69
ORD-202603-03490,2026-03-27 00:00:00+00:00,CUST-4324,Notebook,Office,West,Rahul,2,211.87
ORD-202603-03491,2026-03-11 00:00:00+00:00,CUST-0705,Monitor Stand,Furniture,Central,,1,1967.24
ORD-202603-03492,2026-03-28 00:00:00+00:00,CUST-2884,Keyboard,Electronics,North,Neha,1,1415.78
ORD-202603-03493,2026-03-20 00:00:00+00:00,CUST-2954,Mouse Pad,Accessories,North,Sneha,2,412.6
ORD-202603-03494,2026-03-26 00:00:00+00:00,CUST-4982,USB Hub,Accessories,South,Karan,6,929.06
ORD-202603-03495,2026-03-23 00:00:00+00:00,CUST-1098,Webcam,Electronics,South,Vikram,2,1756.11
ORD-202603-03496,2026-03-07 00:00:00+00:00,CUST-4371,Office Chair,Furniture,North,Sneha,4,7345.47
ORD-202603-03497,2026-03-06 00:00:00+00:00,CUST-0710,Notebook,Office,East,Rahul,5,199.81
ORD-202603-03498,2026-03-04 00:00:00+00:00,CUST-1224,Keyboard,Electronics,East,Vikram,3,1355.73
ORD-202603-03499,2026-03-08 00:00:00+00:00,CUST-0186,Desk Organizer,Office,Central,Priya,3,643.02
ORD-202603-03500,2026-03-31 00:00:00+00:00,CUST-1647,Monitor Stand,Furniture,South,Amit,4,2080.23
ORD-202603-03501,2026-03-01 00:00:00+00:00,CUST-3636,Headphones,Electronics,West,Ananya,7,2498.57
ORD-202603-03502,2026-03-28 00:00:00+00:00,CUST-0979,Mouse Pad,Accessories,East,Neha,7,427.09
ORD-202603-03503,2026-03-13 00:00:00+00:00,CUST-0364,Webcam,Electronics,West,Vikram,3,1989.45
ORD-202603-03504,2026-03-27 00:00:00+00:00,CUST-2789,Wireless Mouse,Electronics,Central,Sneha,2,841.31
ORD-202603-03505,2026-03-27 00:00:00+00:00,CUST-0028,USB Hub,Accessories,East,Neha,3,972.99
ORD-202603-03506,2026-03-25 00:00:00+00:00,CUST-3261,Laptop Stand,Accessories,Central,Sneha,2,1390.51
ORD-202603-03507,2026-03-11 00:00:00+00:00,CUST-3753,Study Table,Furniture,East,Vikram,4,5497.93
ORD-202603-03508,2026-03-04 00:00:00+00:00,CUST-3749,Mouse Pad,Accessories,South,Rahul,4,368.99
ORD-202603-03509,2026-03-16 00:00:00+00:00,CUST-0459,Pen Set,Office,Central,Amit,4,313.93
ORD-202603-03510,2026-03-16 00:00:00+00:00,CUST-2649,Monitor Stand,Furniture,West,Sneha,4,1971.81
ORD-202603-03511,2026-03-08 00:00:00+00:00,CUST-1610,Mouse Pad,Accessories,East,Karan,7,416.58
ORD-202603-03512,2026-03-04 00:00:00+00:00,CUST-0613,Desk Organizer,Office,Central,Rahul,2,553.69
ORD-202603-03513,2026-03-15 00:00:00+00:00,CUST-0810,Mouse Pad,Accessories,West,Ananya,6,408.59
ORD-202603-03514,2026-03-14 00:00:00+00:00,CUST-1252,Notebook,Office,Central,Karan,5,183.59
ORD-202603-03515,2026-03-07 00:00:00+00:00,CUST-3769,Headphones,Electronics,North,Amit,6,2425.61
ORD-202603-03516,2026-03-06 00:00:00+00:00,CUST-2342,Monitor Stand,Furniture,West,Sneha,5,2013.27
ORD-202603-03517,2026-03-16 00:00:00+00:00,CUST-0442,Webcam,Electronics,East,Priya,6,1971.77
ORD-202603-03518,2026-03-15 00:00:00+00:00,CUST-1347,Webcam,Electronics,North,Priya,5,1899.41
ORD-202603-03519,2026-03-16 00:00:00+00:00,CUST-0888,Laptop Stand,Accessories,South,Neha,5,1568.18
ORD-202603-03520,2026-03-21 00:00:00+00:00,CUST-0254,Laptop Stand,Accessories,West,Rahul,3,1401.23
ORD-202603-03521,2026-03-20 00:00:00+00:00,CUST-4380,Laptop Stand,Accessories,North,Neha,7,1541.56
ORD-202603-03522,2026-03-27 00:00:00+00:00,CUST-4448,Desk Organizer,Office,East,Vikram,3,585.32
ORD-202603-03523,2026-03-28 00:00:00+00:00,CUST-0288,Desk Organizer,Office,West,Neha,6,557.58
ORD-202603-03524,2026-03-03 00:00:00+00:00,CUST-2607,Notebook,Office,South,Rahul,3,213.07
ORD-202603-03525,2026-03-12 00:00:00+00:00,CUST-4302,Webcam,Electronics,Central,Vikram,6,2079.75
ORD-202603-03526,2026-03-28 00:00:00+00:00,CUST-2977,Headphones,Electronics,Central,Sneha,6,2368.85
ORD-202603-03527,2026-03-29 00:00:00+00:00,CUST-1707,Pen Set,Office,West,Ananya,2,278.52
ORD-202603-03528,2026-03-06 00:00:00+00:00,CUST-0512,Desk Organizer,Office,West,Neha,5,630.68
ORD-202603-03529,2026-03-07 00:00:00+00:00,CUST-0466,USB Hub,Accessories,,Ananya,4,987.21
ORD-202603-03530,2026-03-30 00:00:00+00:00,CUST-4553,Webcam,Electronics,Central,Karan,3,1868.08
ORD-202603-03531,2026-03-05 00:00:00+00:00,CUST-3204,USB Hub,Accessories,East,Amit,2,951.31
ORD-202603-03532,2026-03-15 00:00:00+00:00,CUST-4313,Notebook,Office,North,Priya,5,184.96
ORD-202603-03533,2026-03-27 00:00:00+00:00,CUST-4877,Wireless Mouse,Electronics,South,Sneha,6,755.54
ORD-202603-03534,2026-03-02 00:00:00+00:00,CUST-1953,Study Table,Furniture,West,Sneha,3,5104.08
ORD-202603-03535,2026-03-28 00:00:00+00:00,CUST-3516,Desk Organizer,Office,East,Ananya,3,618.9
ORD-202603-03536,2026-03-25 00:00:00+00:00,CUST-0992,Webcam,Electronics,East,Ananya,7,1932.23
ORD-202603-03537,2026-03-28 00:00:00+00:00,CUST-3373,Office Chair,Furniture,West,Sneha,6,7225.62
ORD-202603-03538,2026-03-02 00:00:00+00:00,CUST-3973,Desk Organizer,Office,South,Amit,6,559.33
ORD-202603-03539,2026-03-06 00:00:00+00:00,CUST-2677,Mouse Pad,Accessories,South,Vikram,5,365.58
ORD-202603-03540,2026-03-20 00:00:00+00:00,CUST-2872,Study Table,Furniture,Central,Priya,1,5536.36
ORD-202603-03541,2026-03-11 00:00:00+00:00,CUST-2265,Headphones,Electronics,East,Sneha,2,2513.9
ORD-202603-03542,2026-03-25 00:00:00+00:00,CUST-4158,Laptop Stand,Accessories,West,Amit,1,1475.49
ORD-202603-03543,2026-03-01 00:00:00+00:00,,Monitor Stand,Furniture,West,Amit,3,2072.15
ORD-202603-03544,2026-03-15 00:00:00+00:00,CUST-2410,Headphones,Electronics,East,Vikram,1,2458.4
ORD-202603-03545,2026-03-07 00:00:00+00:00,CUST-1901,Study Table,Furniture,East,Rahul,4,5891.06
ORD-202603-03546,2026-03-22 00:00:00+00:00,CUST-4457,Study Table,Furniture,Central,Karan,1,5804.41
ORD-202603-03547,2026-03-19 00:00:00+00:00,CUST-0448,Laptop Stand,Accessories,east,Rahul,7,1449.76
ORD-202603-03548,2026-03-18 00:00:00+00:00,CUST-3581,Mouse Pad,Accessories,West,Karan,4,430.46
ORD-202603-03549,2026-03-19 00:00:00+00:00,CUST-2126,Monitor Stand,Furniture,South,Neha,1,1995.82
ORD-202603-03550,2026-03-03 00:00:00+00:00,CUST-1762,Laptop Stand,Accessories,East,Vikram,2,1488.33
ORD-202603-03551,2026-03-08 00:00:00+00:00,CUST-2188,Laptop Stand,Accessories,East,Sneha,2,1565.25
ORD-202603-03552,2026-03-22 00:00:00+00:00,CUST-3775,Wireless Mouse,Electronics,North,Vikram,5,871.91
ORD-202603-03553,2026-03-09 00:00:00+00:00,CUST-1763,Laptop Stand,Accessories,Central,Priya,6,1359.08
ORD-202603-03554,2026-03-30 00:00:00+00:00,,Headphones,Electronics,West,Sneha,4,2336.68
ORD-202603-03555,2026-03-03 00:00:00+00:00,CUST-4963,Headphones,Electronics,north,Sneha,6,2651.58
ORD-202603-03556,2026-03-11 00:00:00+00:00,CUST-2148,Mouse Pad,Accessories,East,Neha,1,394.35
ORD-202603-03557,2026-03-12 00:00:00+00:00,CUST-4013,Office Chair,Furniture,Central,Neha,3,7501.08
ORD-202603-03558,2026-03-04 00:00:00+00:00,CUST-1999,Office Chair,Furniture,East,Karan,1,6791.08
ORD-202603-03559,2026-03-31 00:00:00+00:00,CUST-4884,Laptop Stand,Accessories,South,Vikram,3,1641.56
ORD-202603-03560,2026-03-08 00:00:00+00:00,CUST-2092,Mouse Pad,Accessories,North,Amit,1,376.33
ORD-202603-03561,2026-03-29 00:00:00+00:00,CUST-1820,Wireless Mouse,Electronics,East,Rahul,6,870.74
ORD-202603-03562,2026-03-20 00:00:00+00:00,CUST-3629,Webcam,Electronics,Central,Amit,4,2009.04
ORD-202603-03563,2026-03-18 00:00:00+00:00,CUST-4079,Laptop Stand,Accessories,South,Rahul,6,1641.14
ORD-202603-03564,2026-03-31 00:00:00+00:00,CUST-1229,Monitor Stand,Furniture,central,Priya,5,1863.77
ORD-202603-03565,2026-03-01 00:00:00+00:00,CUST-4692,Study Table,Furniture,East,Sneha,1,5337.63
ORD-202603-03566,2026-03-26 00:00:00+00:00,CUST-1617,Laptop Stand,Accessories,West,Sneha,3,1408.34
ORD-202603-03567,2026-03-27 00:00:00+00:00,CUST-4478,Headphones,Electronics,Central,Amit,1,2663.81
ORD-202603-03568,2026-03-25 00:00:00+00:00,CUST-2562,Headphones,Electronics,,Karan,1,2383.2
ORD-202603-03569,2026-03-19 00:00:00+00:00,CUST-2863,Mouse Pad,Accessories,West,Karan,7,401.06
ORD-202603-03570,2026-03-12 00:00:00+00:00,CUST-1385,Monitor Stand,Furniture,North,Sneha,7,1876.36
ORD-202603-03571,2026-03-05 00:00:00+00:00,CUST-0816,Notebook,Office,West,Sneha,1,207.25
ORD-202603-03572,2026-03-19 00:00:00+00:00,CUST-0665,USB Hub,Accessories,East,Rahul,3,942.69
ORD-202603-03573,2026-03-14 00:00:00+00:00,CUST-0566,Office Chair,Furniture,South,Neha,3,6460.25
ORD-202603-03574,2026-03-13 00:00:00+00:00,CUST-3517,Mouse Pad,Accessories,West,Priya,4,413.83
ORD-202603-03575,2026-03-30 00:00:00+00:00,CUST-3068,Headphones,Electronics,Central,Karan,5,2331.81
ORD-202603-03576,2026-03-02 00:00:00+00:00,CUST-2988,Office Chair,Furniture,West,Amit,3,7634.81
ORD-202603-03577,2026-03-07 00:00:00+00:00,CUST-4630,Study Table,Furniture,Central,Vikram,6,5916.84
ORD-202603-03578,2026-03-16 00:00:00+00:00,CUST-4732,Webcam,Electronics,East,Neha,1,1785.65
ORD-202603-03579,2026-03-30 00:00:00+00:00,CUST-2433,Monitor Stand,Furniture,Central,Rahul,5,1935.05
ORD-202603-03580,2026-03-17 00:00:00+00:00,CUST-3713,Mouse Pad,Accessories,South,Sneha,5,406.64
ORD-202603-03581,2026-03-15 00:00:00+00:00,CUST-0397,Webcam,Electronics,North,Neha,4,2015.53
ORD-202603-03582,2026-03-27 00:00:00+00:00,CUST-2861,Study Table,Furniture,West,Amit,5,5986.53
ORD-202603-03583,2026-03-24 00:00:00+00:00,CUST-2160,Keyboard,Electronics,South,Karan,5,1277.96
ORD-202603-03584,2026-03-24 00:00:00+00:00,CUST-1334,Webcam,Electronics,North,Sneha,2,1894.76
ORD-202603-03585,2026-03-20 00:00:00+00:00,CUST-1895,Laptop Stand,Accessories,East,Rahul,6,1396.04
ORD-202603-03586,2026-03-15 00:00:00+00:00,CUST-0998,Study Table,Furniture,North,Rahul,2,5333.43
ORD-202603-03587,2026-03-19 00:00:00+00:00,CUST-2562,Monitor Stand,Furniture,East,Ananya,2,2195.69
ORD-202603-03588,2026-03-16 00:00:00+00:00,CUST-2617,Headphones,Electronics,East,Amit,4,2717.64
ORD-202603-03589,2026-03-15 00:00:00+00:00,CUST-0596,Wireless Mouse,Electronics,South,Ananya,5,785.22
ORD-202603-03590,2026-03-25 00:00:00+00:00,CUST-2304,Study Table,Furniture,East,Priya,3,5194.7
ORD-202603-03591,2026-03-18 00:00:00+00:00,CUST-1586,Mouse Pad,Accessories,East,Priya,1,404.82
ORD-202603-03592,2026-03-09 00:00:00+00:00,CUST-2026,USB Hub,Accessories,South,Amit,7,885.21
ORD-202603-03593,2026-03-20 00:00:00+00:00,CUST-4479,Wireless Mouse,Electronics,North,Ananya,6,839.36
ORD-202603-03594,2026-03-12 00:00:00+00:00,CUST-2208,Notebook,Office,West,Ananya,4,204.17
ORD-202603-03595,2026-03-26 00:00:00+00:00,CUST-3272,Keyboard,Electronics,North,Neha,3,1340.77
ORD-202603-03596,2026-03-29 00:00:00+00:00,CUST-1061,Notebook,Office,Central,Sneha,7,194.0
ORD-202603-03597,2026-03-19 00:00:00+00:00,CUST-4809,Keyboard,Electronics,Central,Amit,3,1329.43
ORD-202603-03598,2026-03-24 00:00:00+00:00,CUST-2104,Headphones,Electronics,North,Sneha,2,2593.76
ORD-202603-03599,2026-03-05 00:00:00+00:00,CUST-1570,Keyboard,Electronics,South,Karan,2,1337.45
ORD-202603-03600,2026-03-30 00:00:00+00:00,CUST-0197,Headphones,Electronics,East,Amit,4,2596.71
ORD-202603-03601,2026-03-21 00:00:00+00:00,CUST-4240,Desk Organizer,Office,East,Neha,6,645.75
ORD-202603-03602,2026-03-28 00:00:00+00:00,CUST-2803,Desk Organizer,Office,Central,Vikram,3,571.23
ORD-202603-03603,2026-03-24 00:00:00+00:00,CUST-0721,USB Hub,Accessories,,Vikram,2,837.2
ORD-202603-03604,2026-03-24 00:00:00+00:00,CUST-2785,Office Chair,Furniture,Central,Neha,7,6347.61
ORD-202603-03605,2026-03-04 00:00:00+00:00,CUST-1338,Monitor Stand,Furniture,West,Rahul,1,2078.98
ORD-202603-03606,2026-03-09 00:00:00+00:00,,Keyboard,Electronics,East,Rahul,4,1256.24
ORD-202603-03607,2026-03-11 00:00:00+00:00,CUST-0889,Headphones,Electronics,South,Vikram,2,2501.95
ORD-202603-03608,2026-03-17 00:00:00+00:00,CUST-3569,Desk Organizer,Office,West,Vikram,5,547.89
ORD-202603-03609,2026-03-13 00:00:00+00:00,CUST-0893,Notebook,Office,North,Neha,3,215.99
ORD-202603-03610,2026-03-13 00:00:00+00:00,CUST-3370,Laptop Stand,Accessories,North,Priya,1,1525.53
ORD-202603-03611,2026-03-17 00:00:00+00:00,CUST-1455,Notebook,Office,Central,Vikram,2,184.06
ORD-202603-03612,2026-03-13 00:00:00+00:00,,Notebook,Office,Central,Priya,4,195.27
ORD-202603-03613,2026-03-18 00:00:00+00:00,CUST-2659,Notebook,Office,East,Neha,2,191.55
ORD-202603-03614,2026-03-25 00:00:00+00:00,CUST-0666,Mouse Pad,Accessories,Central,Sneha,5,428.26
ORD-202603-03615,2026-03-20 00:00:00+00:00,CUST-4344,Wireless Mouse,Electronics,South,Ananya,6,859.12
ORD-202603-03616,2026-03-13 00:00:00+00:00,CUST-4431,Desk Organizer,Office,South,Ananya,3,633.8
ORD-202603-03617,2026-03-30 00:00:00+00:00,CUST-1618,Headphones,Electronics,North,Amit,7,2443.1
ORD-202603-03618,2026-03-05 00:00:00+00:00,CUST-1943,Notebook,Office,South,Karan,6,216.64
ORD-202603-03619,2026-03-01 00:00:00+00:00,CUST-0052,Mouse Pad,Accessories,South,Ananya,1,381.07
ORD-202603-03620,2026-03-11 00:00:00+00:00,CUST-3334,Keyboard,Electronics,North,Vikram,4,1340.96
ORD-202603-03621,2026-03-17 00:00:00+00:00,CUST-2255,Webcam,Electronics,Central,Rahul,4,1907.91
ORD-202603-03622,2026-03-26 00:00:00+00:00,CUST-0603,Webcam,Electronics,East,Neha,4,1875.33
ORD-202603-03623,2026-03-19 00:00:00+00:00,CUST-3256,Headphones,Electronics,Central,Rahul,4,2343.3
ORD-202603-03624,2026-03-16 00:00:00+00:00,CUST-1122,USB Hub,Accessories,South,,3,852.24
ORD-202603-03625,2026-03-10 00:00:00+00:00,CUST-1171,Webcam,Electronics,Central,Karan,4,2021.21
ORD-202603-03626,2026-03-01 00:00:00+00:00,CUST-4655,Notebook,Office,East,Priya,5,205.71
ORD-202603-03627,2026-03-13 00:00:00+00:00,CUST-3739,Wireless Mouse,Electronics,South,Ananya,6,867.9
ORD-202603-03628,2026-03-20 00:00:00+00:00,CUST-0688,Headphones,Electronics,East,Sneha,1,2589.61
ORD-202603-03629,2026-03-26 00:00:00+00:00,CUST-2854,Mouse Pad,Accessories,South,Priya,1,363.95
ORD-202603-03630,2026-03-06 00:00:00+00:00,CUST-2327,Laptop Stand,Accessories,Central,Ananya,4,1383.96
ORD-202603-03631,2026-03-09 00:00:00+00:00,CUST-0722,USB Hub,Accessories,South,Amit,3,939.19
ORD-202603-03632,2026-03-04 00:00:00+00:00,CUST-0473,Wireless Mouse,Electronics,Central,Vikram,7,759.2
ORD-202603-03633,2026-03-22 00:00:00+00:00,CUST-4340,Webcam,Electronics,West,Rahul,5,1803.54
ORD-202603-03634,,CUST-0467,Laptop Stand,Accessories,East,Ananya,2,1470.92
ORD-202603-03635,2026-03-28 00:00:00+00:00,CUST-2999,Wireless Mouse,Electronics,East,,6,838.19
ORD-202603-03636,2026-03-24 00:00:00+00:00,CUST-4970,Mouse Pad,Accessories,West,Sneha,7,410.08
ORD-202603-03637,2026-03-30 00:00:00+00:00,CUST-1934,Wireless Mouse,Electronics,North,Amit,1,750.14
ORD-202603-03638,2026-03-02 00:00:00+00:00,CUST-3193,Monitor Stand,Furniture,East,Rahul,7,2157.43
ORD-202603-03639,2026-03-27 00:00:00+00:00,CUST-2220,Wireless Mouse,Electronics, West,Ananya,3,874.47
ORD-202603-03640,2026-03-07 00:00:00+00:00,CUST-3181,Headphones,Electronics,West,Sneha,2,2644.92
ORD-202603-03641,2026-03-19 00:00:00+00:00,CUST-1387,Mouse Pad,Accessories,Central,Neha,1,-100.0
ORD-202603-03642,2026-03-07 00:00:00+00:00,CUST-1354,Wireless Mouse,Electronics,West,Amit,1,845.93
ORD-202603-03643,2026-03-20 00:00:00+00:00,CUST-2820,Pen Set,Office,East,Amit,1,300.29
ORD-202603-03644,2026-03-26 00:00:00+00:00,CUST-0761,Laptop Stand,Accessories,Central,Amit,6,1357.66
ORD-202603-03645,2026-03-15 00:00:00+00:00,CUST-2818,Wireless Mouse,Electronics,North,Amit,7,825.77
ORD-202603-03646,2026-03-08 00:00:00+00:00,CUST-3070,Notebook,Office,North,Sneha,7,217.98
ORD-202603-03647,2026-03-16 00:00:00+00:00,CUST-4907,Wireless Mouse,Electronics,North,Sneha,4,788.07
ORD-202603-03648,2026-03-18 00:00:00+00:00,CUST-1247,Notebook,Office,West,Amit,2,181.62
ORD-202603-03649,2026-03-24 00:00:00+00:00,CUST-0536,Pen Set,Office,South,Sneha,7,282.89
ORD-202603-03650,2026-03-04 00:00:00+00:00,CUST-1356,Laptop Stand,Accessories,South,Ananya,7,1516.53
ORD-202603-03651,2026-03-02 00:00:00+00:00,CUST-4008,Notebook,Office,North,Vikram,3,210.59
ORD-202603-03652,2026-03-25 00:00:00+00:00,CUST-2102,Wireless Mouse,Electronics,West,Neha,2,748.75
ORD-202603-03653,2026-03-04 00:00:00+00:00,CUST-0828,Study Table,Furniture, East,Rahul,6,5190.37
ORD-202603-03654,2026-03-09 00:00:00+00:00,CUST-1126,Study Table,Furniture,Central,Neha,3,5963.49
ORD-202603-03655,2026-03-28 00:00:00+00:00,CUST-4006,Headphones,Electronics,West,Sneha,4,2689.78
ORD-202603-03656,2026-03-15 00:00:00+00:00,CUST-4698,Mouse Pad,Accessories,East,Sneha,7,432.17
ORD-202603-03657,2026-03-03 00:00:00+00:00,CUST-0754,USB Hub,Accessories,North,Ananya,2,840.71
ORD-202603-03658,2026-03-11 00:00:00+00:00,CUST-2891,Office Chair,Furniture,Central,Rahul,3,7604.69
ORD-202603-03659,2026-03-27 00:00:00+00:00,CUST-4913,Headphones,Electronics,South,Rahul,2,2419.0
ORD-202603-03660,2026-03-21 00:00:00+00:00,CUST-0343,USB Hub,Accessories,central,Amit,6,902.03
ORD-202603-03661,2026-03-24 00:00:00+00:00,CUST-0802,Laptop Stand,Accessories,North,Rahul,1,1485.93
ORD-202603-03662,2026-03-09 00:00:00+00:00,CUST-2413,Office Chair,Furniture,West,Priya,2,7667.89
ORD-202603-03663,2026-03-26 00:00:00+00:00,CUST-0346,Mouse Pad,Accessories,West,Sneha,3,380.06
ORD-202603-03664,2026-03-01 00:00:00+00:00,CUST-2806,Office Chair,Furniture,North,Sneha,3,7639.8
ORD-202603-03665,2026-03-06 00:00:00+00:00,CUST-3443,Wireless Mouse,Electronics,West,Vikram,6,872.37
ORD-202603-03666,2026-03-17 00:00:00+00:00,CUST-1794,Keyboard,Electronics,North,Sneha,7,1407.45
ORD-202603-03667,2026-03-28 00:00:00+00:00,CUST-4586,Monitor Stand,Furniture,East,Vikram,5,1941.92
ORD-202603-03668,2026-03-31 00:00:00+00:00,CUST-4370,Wireless Mouse,Electronics,Central,Rahul,2,779.03
ORD-202603-03669,2026-03-13 00:00:00+00:00,CUST-3610,Pen Set,Office,South,Vikram,5,281.3
ORD-202603-03670,2026-03-26 00:00:00+00:00,CUST-2605,Keyboard,Electronics,West,Vikram,5,1292.63
ORD-202603-03671,2026-03-08 00:00:00+00:00,CUST-0519,Mouse Pad,Accessories,North,Rahul,1,378.94
ORD-202603-03672,2026-03-31 00:00:00+00:00,CUST-1195,Office Chair,Furniture,,Vikram,7,7176.95
ORD-202603-03673,2026-03-04 00:00:00+00:00,CUST-4849,Mouse Pad,accessories,East,Sneha,4,428.34
ORD-202603-03674,2026-03-14 00:00:00+00:00,CUST-2706,Webcam,Electronics,North,Sneha,6,2069.78
ORD-202603-03675,2026-03-01 00:00:00+00:00,CUST-2165,Headphones,Electronics,Central,Sneha,1,2467.82
ORD-202603-03676,2026-03-18 00:00:00+00:00,CUST-3615,USB Hub,Accessories,North,Vikram,7,886.69
ORD-202603-03677,2026-03-14 00:00:00+00:00,CUST-1199,Monitor Stand,Furniture,North,Vikram,7,-100.0
ORD-202603-03678,2026-03-25 00:00:00+00:00,CUST-1544,Notebook,Office,West,Karan,7,215.38
ORD-202603-03679,2026-03-20 00:00:00+00:00,CUST-1931,Mouse Pad,Accessories,Central,Rahul,4,365.38
ORD-202603-03680,2026-03-11 00:00:00+00:00,CUST-4363,Pen Set,Office,South,Priya,1,287.41
ORD-202603-03681,2026-03-30 00:00:00+00:00,CUST-2336,Mouse Pad,Accessories,West,Amit,4,374.83
ORD-202603-03682,2026-03-04 00:00:00+00:00,CUST-0285,USB Hub,Accessories,,Neha,5,948.48
ORD-202603-03683,2026-03-03 00:00:00+00:00,CUST-2350,Headphones,Electronics,West,Priya,4,2438.16
ORD-202603-03684,2026-03-06 00:00:00+00:00,CUST-1489,USB Hub,Accessories,Central,Karan,3,982.48
ORD-202603-03685,2026-03-18 00:00:00+00:00,CUST-2365,Webcam,Electronics,East,Priya,3,2081.0
ORD-202603-03686,2026-03-30 00:00:00+00:00,CUST-4638,Laptop Stand,Accessories,South,Amit,5,1613.18
ORD-202603-03687,2026-03-05 00:00:00+00:00,CUST-1611,Webcam,Electronics,South,Neha,5,1902.41
ORD-202603-03688,2026-03-25 00:00:00+00:00,CUST-1338,Keyboard,Electronics,East,Neha,6,1410.96
ORD-202603-03689,2026-03-24 00:00:00+00:00,CUST-2376,Mouse Pad,Accessories,North,Vikram,1,389.18
ORD-202603-03690,2026-03-09 00:00:00+00:00,CUST-0380,Keyboard,Electronics,North,Sneha,2,1271.15
ORD-202603-03691,2026-03-05 00:00:00+00:00,CUST-1042,USB Hub,accessories,West,Vikram,7,894.13
ORD-202603-03692,2026-03-25 00:00:00+00:00,CUST-0226,Study Table,Furniture,East,Karan,6,5715.83
ORD-202603-03693,2026-03-25 00:00:00+00:00,CUST-4523,Office Chair,Furniture,East,Ananya,5,6387.96
ORD-202603-03694,2026-03-22 00:00:00+00:00,CUST-3769,Monitor Stand,Furniture,West,Priya,3,2013.34
ORD-202603-03695,2026-03-24 00:00:00+00:00,CUST-0805,Keyboard,Electronics,,Priya,3,1420.03
ORD-202603-03696,2026-03-15 00:00:00+00:00,CUST-1681,Office Chair,Furniture,South,Neha,5,6393.33
ORD-202603-03697,2026-03-12 00:00:00+00:00,CUST-0554,Office Chair,Furniture,North,Rahul,6,6419.9
ORD-202603-03698,2026-03-01 00:00:00+00:00,CUST-3824,Webcam,Electronics,East,Neha,3,2067.55
ORD-202603-03699,2026-03-16 00:00:00+00:00,CUST-0656,Laptop Stand,Accessories,East,Priya,7,1598.29
ORD-202603-03700,2026-03-23 00:00:00+00:00,CUST-3258,Headphones,Electronics,East,Amit,3,2249.42
ORD-202603-03701,,CUST-2871,Monitor Stand,Furniture,North,Neha,3,1979.55
ORD-202603-03702,2026-03-10 00:00:00+00:00,CUST-3754,Mouse Pad,Accessories,Central,Rahul,5,383.8
ORD-202603-03703,2026-03-18 00:00:00+00:00,CUST-4262,Webcam,Electronics,Central,Vikram,6,1772.74
ORD-202603-03704,2026-03-09 00:00:00+00:00,CUST-4587,Keyboard,Electronics,South,Priya,4,1182.68
ORD-202603-03705,2026-03-28 00:00:00+00:00,CUST-1655,Mouse Pad,Accessories,North,Ananya,7,379.04
ORD-202603-03706,2026-03-17 00:00:00+00:00,CUST-4073,Study Table,Furniture,Central,Sneha,6,5666.98
ORD-202603-03707,2026-03-13 00:00:00+00:00,CUST-0871,Laptop Stand,Accessories ,West,Neha,2,1440.21
ORD-202603-03708,2026-03-09 00:00:00+00:00,CUST-0757,Desk Organizer,Office,East,Vikram,6,575.95
ORD-202603-03709,2026-03-29 00:00:00+00:00,CUST-4420,Laptop Stand,Accessories,North,Amit,6,1427.8
ORD-202603-03710,2026-03-23 00:00:00+00:00,CUST-4536,Monitor Stand,Furniture,North,Priya,7,1837.93
ORD-202603-03711,2026-03-18 00:00:00+00:00,,Pen Set,Office,South,Amit,4,304.56
ORD-202603-03712,2026-03-10 00:00:00+00:00,CUST-1679,Study Table,Furniture,North,Neha,6,5753.45
ORD-202603-03713,2026-03-04 00:00:00+00:00,CUST-2079,Notebook,Office,North,Neha,6,218.1
ORD-202603-03714,2026-03-26 00:00:00+00:00,CUST-4023,USB Hub,Accessories,Central,Amit,7,849.84
ORD-202603-03715,2026-03-02 00:00:00+00:00,CUST-1150,Wireless Mouse,Electronics,West,Neha,3,745.14
ORD-202603-03716,2026-03-14 00:00:00+00:00,CUST-2607,Laptop Stand,Accessories,North,Karan,2,1561.14
ORD-202603-03717,2026-03-18 00:00:00+00:00,CUST-1965,Headphones,Electronics,West,Karan,6,2410.63
ORD-202603-03718,2026-03-17 00:00:00+00:00,CUST-0877,Office Chair,Furniture,West,Ananya,5,7010.99
ORD-202603-03719,2026-03-22 00:00:00+00:00,CUST-2879,Notebook,Office,North,Karan,7,207.3
ORD-202603-03720,2026-03-02 00:00:00+00:00,CUST-3450,Notebook,Office,Central,Vikram,1,195.8
ORD-202603-03721,2026-03-08 00:00:00+00:00,CUST-1162,Monitor Stand,Furniture,North,Rahul,1,1947.57
ORD-202603-03722,2026-03-01 00:00:00+00:00,CUST-3345,Study Table,Furniture,Central,Ananya,4,5432.59
ORD-202603-03723,2026-03-08 00:00:00+00:00,CUST-4586,Pen Set,Office,South,Karan,5,296.43
ORD-202603-03724,2026-03-07 00:00:00+00:00,CUST-4540,Laptop Stand,Accessories,East,Rahul,7,1349.33
ORD-202603-03725,2026-03-27 00:00:00+00:00,CUST-4563,Keyboard,Electronics,East,Neha,5,1218.1
ORD-202603-03726,2026-03-11 00:00:00+00:00,CUST-2053,Notebook,Office,South,Neha,6,203.35
ORD-202603-03727,2026-03-18 00:00:00+00:00,CUST-3419,Monitor Stand,Furniture,Central,Ananya,3,1806.07
ORD-202603-03728,2026-03-06 00:00:00+00:00,CUST-3672,Mouse Pad,Accessories,North,Amit,5,381.16
ORD-202603-03729,2026-03-24 00:00:00+00:00,CUST-4868,Monitor Stand,Furniture,West,Ananya,1,1975.18
ORD-202603-03730,2026-03-16 00:00:00+00:00,CUST-2590,Headphones,Electronics,South,Priya,5,2469.93
ORD-202603-03731,2026-03-28 00:00:00+00:00,CUST-4220,Wireless Mouse,Electronics,Central,Neha,1,726.74
ORD-202603-03732,2026-03-19 00:00:00+00:00,CUST-2752,Notebook,Office,East,Amit,2,213.94
ORD-202603-03733,2026-03-25 00:00:00+00:00,CUST-4109,Laptop Stand,Accessories,Central,Karan,2,1376.23
ORD-202603-03734,2026-03-25 00:00:00+00:00,CUST-1716,Keyboard,Electronics,East,Amit,7,1396.61
ORD-202603-03735,2026-03-03 00:00:00+00:00,CUST-0369,Monitor Stand,Furniture,West,Priya,2,2195.23
ORD-202603-03736,2026-03-16 00:00:00+00:00,CUST-1807,Laptop Stand,Accessories,West,Ananya,2,1402.66
ORD-202603-03737,2026-03-12 00:00:00+00:00,CUST-1677,Webcam,Electronics,South,Rahul,7,1735.9
ORD-202603-03738,2026-03-12 00:00:00+00:00,CUST-4014,Mouse Pad,Accessories,West,Priya,2,368.76
ORD-202603-03739,,CUST-3460,Office Chair,Furniture,South,Vikram,4,7492.48
ORD-202603-03740,2026-03-29 00:00:00+00:00,CUST-3173,Keyboard,Electronics,North,Amit,1,1421.72
ORD-202603-03741,2026-03-31 00:00:00+00:00,CUST-0948,Laptop Stand,Accessories,West,Rahul,4,1526.42
ORD-202603-03742,2026-03-14 00:00:00+00:00,CUST-3432,Desk Organizer,Office,South,Priya,7,652.58
ORD-202603-03743,2026-03-31 00:00:00+00:00,CUST-3412,Pen Set,Office,West,Vikram,3,315.13
ORD-202603-03744,2026-03-09 00:00:00+00:00,CUST-4656,Headphones,Electronics,West,Rahul,4,2533.34
ORD-202603-03745,2026-03-23 00:00:00+00:00,CUST-1333,Wireless Mouse,Electronics,West,Ananya,7,865.2
ORD-202603-03746,2026-03-03 00:00:00+00:00,CUST-3449,Desk Organizer,Office,Central,Priya,4,595.2
ORD-202603-03747,2026-03-05 00:00:00+00:00,CUST-0382,Headphones,Electronics,West,Amit,7,2454.84
ORD-202603-03748,2026-03-06 00:00:00+00:00,CUST-3673,Wireless Mouse,Electronics,Central,Priya,3,834.14
ORD-202603-03749,2026-03-18 00:00:00+00:00,CUST-4066,Study Table,Furniture,Central,Karan,2,5772.48
ORD-202603-03750,2026-03-22 00:00:00+00:00,CUST-3865,Pen Set,Office,Central,Sneha,1,290.3
ORD-202603-03751,2026-03-02 00:00:00+00:00,CUST-2260,USB Hub,Accessories,North,Amit,3,894.61
ORD-202603-03752,2026-03-07 00:00:00+00:00,CUST-2146,USB Hub,Accessories,West,Amit,-1,847.91
ORD-202603-03753,2026-03-28 00:00:00+00:00,CUST-0173,Study Table,Furniture,Central,Priya,5,5080.85
ORD-202603-03754,2026-03-12 00:00:00+00:00,CUST-2301,Office Chair,Furniture,Central,Vikram,1,6791.57
ORD-202603-03755,2026-03-23 00:00:00+00:00,CUST-3599,Mouse Pad,Accessories,South,Sneha,1,398.42
ORD-202603-03756,2026-03-01 00:00:00+00:00,CUST-4895,Notebook,Office,Central,Karan,4,185.36
ORD-202603-03757,2026-03-14 00:00:00+00:00,CUST-0537,Mouse Pad,Accessories,Central,Priya,5,372.11
ORD-202603-03758,2026-03-12 00:00:00+00:00,CUST-2799,Laptop Stand,Accessories,West,Sneha,2,1386.27
ORD-202603-03759,2026-03-25 00:00:00+00:00,CUST-1235,Mouse Pad,Accessories,South,Rahul,6,428.99
ORD-202603-03760,2026-03-21 00:00:00+00:00,CUST-1880,Pen Set,Office, West,Rahul,3,310.61
ORD-202603-03761,2026-03-03 00:00:00+00:00,CUST-3922,Pen Set,Office,North,Karan,2,277.8
ORD-202603-03762,2026-03-07 00:00:00+00:00,CUST-0292,USB Hub,Accessories,South,Rahul,4,928.0
ORD-202603-03763,2026-03-18 00:00:00+00:00,CUST-0277,Office Chair,Furniture,East,Ananya,7,6979.16
ORD-202603-03764,2026-03-01 00:00:00+00:00,CUST-1077,Laptop Stand,Accessories,Central,Neha,4,1518.65
ORD-202603-03765,2026-03-04 00:00:00+00:00,,Desk Organizer,Office,East,Karan,6,638.37
ORD-202603-03766,2026-03-26 00:00:00+00:00,CUST-3891,USB Hub,Accessories,West,Ananya,7,894.69
ORD-202603-03767,2026-03-01 00:00:00+00:00,CUST-1362,Monitor Stand,Furniture,East ,Sneha,2,1914.28
ORD-202603-03768,2026-03-23 00:00:00+00:00,CUST-4634,Desk Organizer,Office,Central,Neha,1,632.56
ORD-202603-03769,2026-03-18 00:00:00+00:00,CUST-4881,Desk Organizer,Office,Central,Rahul,5,558.2
ORD-202603-03770,2026-03-31 00:00:00+00:00,CUST-3923,Notebook,Office,South,Rahul,4,-100.0
ORD-202603-03771,2026-03-19 00:00:00+00:00,CUST-2389,Headphones,Electronics,,Vikram,3,2719.67
ORD-202603-03772,2026-03-05 00:00:00+00:00,CUST-3980,Study Table,Furniture,South,Sneha,1,5328.44
ORD-202603-03773,2026-03-20 00:00:00+00:00,CUST-0815,Desk Organizer,Office, West,Priya,2,631.62
ORD-202603-03774,2026-03-22 00:00:00+00:00,CUST-4381,Wireless Mouse,Electronics,North,Neha,7,866.44
ORD-202603-03775,2026-03-10 00:00:00+00:00,,Webcam,Electronics,South,Priya,2,2058.22
ORD-202603-03776,2026-03-08 00:00:00+00:00,CUST-2225,Headphones,Electronics,Central,Priya,7,2306.27
ORD-202603-03777,2026-03-13 00:00:00+00:00,CUST-4491,Keyboard,Electronics,West,Ananya,2,1212.69
ORD-202603-03778,2026-03-16 00:00:00+00:00,CUST-0697,Mouse Pad,Accessories,Central,Sneha,1,398.23
ORD-202603-03779,2026-03-08 00:00:00+00:00,CUST-0504,Office Chair,Furniture,West,,4,7071.91
ORD-202603-03780,2026-03-24 00:00:00+00:00,CUST-3098,Pen Set,Office,West,Vikram,1,289.68
ORD-202603-03781,2026-03-27 00:00:00+00:00,CUST-4914,Monitor Stand,Furniture,East,Amit,2,1829.73
ORD-202603-03782,2026-03-06 00:00:00+00:00,CUST-4547,Keyboard,Electronics,East,Karan,1,1280.68
ORD-202603-03783,2026-03-23 00:00:00+00:00,CUST-4939,Pen Set,Office,East ,Ananya,1,285.91
ORD-202603-03784,2026-03-15 00:00:00+00:00,CUST-2226,Webcam,Electronics,North,Rahul,1,1879.12
ORD-202603-03785,2026-03-05 00:00:00+00:00,CUST-3078,Wireless Mouse,Electronics,South,Sneha,7,762.77
ORD-202603-03786,2026-03-09 00:00:00+00:00,CUST-4084,Monitor Stand,Furniture,Central,Priya,2,1973.38
ORD-202603-03787,2026-03-29 00:00:00+00:00,CUST-0917,Keyboard,Electronics,West,Vikram,2,1321.89
ORD-202603-03788,2026-03-05 00:00:00+00:00,CUST-4378,Laptop Stand,Accessories,South,Priya,2,1457.14
ORD-202603-03789,2026-03-02 00:00:00+00:00,,Mouse Pad,Accessories,North,Vikram,1,375.91
ORD-202603-03790,2026-03-23 00:00:00+00:00,CUST-0400,Laptop Stand,Accessories,South,Karan,2,1468.0
ORD-202603-03791,2026-03-17 00:00:00+00:00,CUST-2403,Headphones,Electronics,West,Ananya,1,2379.3
ORD-202603-03792,2026-03-09 00:00:00+00:00,CUST-2136,Webcam,Electronics,Central,Sneha,2,1733.49
ORD-202603-03793,2026-03-24 00:00:00+00:00,CUST-3998,Pen Set,Office,South,Karan,4,307.0
ORD-202603-03794,2026-03-17 00:00:00+00:00,CUST-2269,Wireless Mouse,Electronics,,Sneha,3,820.39
ORD-202603-03795,2026-03-08 00:00:00+00:00,CUST-4657,Wireless Mouse,Electronics,East,Sneha,2,769.92
ORD-202603-03796,2026-03-22 00:00:00+00:00,CUST-2165,Webcam,Electronics,North,Ananya,2,2073.42
ORD-202603-03797,2026-03-27 00:00:00+00:00,CUST-2415,Monitor Stand,Furniture,East,Rahul,4,2114.55
ORD-202603-03798,2026-03-14 00:00:00+00:00,CUST-1319,Headphones,Electronics,East ,Ananya,3,2700.12
ORD-202603-03799,2026-03-25 00:00:00+00:00,CUST-4229,Pen Set,Office,South,Amit,1,297.17
ORD-202603-03800,2026-03-05 00:00:00+00:00,CUST-2445,Laptop Stand,Accessories,East,Rahul,7,1506.13
ORD-202603-03801,2026-03-02 00:00:00+00:00,CUST-2462,Mouse Pad,Accessories,East,Neha,3,414.27
ORD-202603-03802,2026-03-01 00:00:00+00:00,CUST-3616,Webcam,Electronics,Central,Neha,3,1932.46
ORD-202603-03803,2026-03-11 00:00:00+00:00,CUST-3829,Study Table,Furniture,West,Rahul,5,5684.02
ORD-202603-03804,2026-03-12 00:00:00+00:00,CUST-3399,USB Hub,Accessories,Central,Amit,3,886.85
ORD-202603-03805,2026-03-28 00:00:00+00:00,CUST-0813,Wireless Mouse,Electronics,East,Sneha,5,740.33
ORD-202603-03806,2026-03-31 00:00:00+00:00,CUST-4650,Webcam,Electronics,South,Vikram,7,2017.51
ORD-202603-03807,2026-03-20 00:00:00+00:00,CUST-4130,Laptop Stand,Accessories,North,Neha,6,1465.23
ORD-202603-03808,2026-03-31 00:00:00+00:00,,Study Table,Furniture,South,Sneha,3,5618.19
ORD-202603-03809,2026-03-31 00:00:00+00:00,CUST-2767,Wireless Mouse,Electronics,South,Karan,1,778.07
ORD-202603-03810,2026-03-14 00:00:00+00:00,CUST-3773,Webcam,Electronics,East,Ananya,1,1892.23
ORD-202603-03811,2026-03-09 00:00:00+00:00,CUST-3536,Headphones,Electronics,East,Neha,2,2568.45
ORD-202603-03812,2026-03-13 00:00:00+00:00,CUST-1448,Headphones,Electronics,East,Neha,5,2538.24
ORD-202603-03813,2026-03-01 00:00:00+00:00,CUST-2347,Monitor Stand,Furniture,South,Neha,4,1855.44
ORD-202603-03814,2026-03-21 00:00:00+00:00,CUST-0157,Desk Organizer,Office,Central,Rahul,2,567.3
ORD-202603-03815,,CUST-0019,Monitor Stand,Furniture,West,Sneha,2,1868.62
ORD-202603-03816,2026-03-26 00:00:00+00:00,CUST-2566,Office Chair,Furniture,North,Neha,4,7105.23
ORD-202603-03817,2026-03-08 00:00:00+00:00,CUST-3762,Study Table,Furniture,East ,Neha,7,5383.05
ORD-202603-03818,2026-03-18 00:00:00+00:00,CUST-3895,Notebook,Office,North,Rahul,6,188.91
ORD-202603-03819,2026-03-28 00:00:00+00:00,CUST-4115,Mouse Pad,Accessories,West,Neha,2,362.62
ORD-202603-03820,2026-03-23 00:00:00+00:00,CUST-1992,Laptop Stand,Accessories,South,Sneha,4,1579.21
ORD-202603-03821,2026-03-02 00:00:00+00:00,CUST-2709,Wireless Mouse,Electronics,East,Karan,4,727.74
ORD-202603-03822,2026-03-01 00:00:00+00:00,CUST-4072,Office Chair,Furniture,North,Ananya,6,6832.09
ORD-202603-03823,2026-03-29 00:00:00+00:00,CUST-0167,Laptop Stand,Accessories,Central,Ananya,3,1485.74
ORD-202603-03824,2026-03-28 00:00:00+00:00,CUST-3102,Pen Set,Office,North,Rahul,3,296.19
ORD-202603-03825,2026-03-24 00:00:00+00:00,,Monitor Stand,Furniture,West,Priya,4,1854.47
ORD-202603-03826,2026-03-17 00:00:00+00:00,CUST-1661,Laptop Stand,Accessories,East,Neha,2,1561.8
ORD-202603-03827,,CUST-2855,Keyboard,Electronics,North,Ananya,7,1228.12
ORD-202603-03828,2026-03-16 00:00:00+00:00,CUST-1712,USB Hub,Accessories,Central,Amit,3,922.21
ORD-202603-03829,2026-03-19 00:00:00+00:00,CUST-2956,Monitor Stand,furniture,East,Amit,7,1950.24
ORD-202603-03830,,CUST-3414,Wireless Mouse,Electronics,Central,Amit,3,802.38
ORD-202603-03831,2026-03-11 00:00:00+00:00,CUST-2553,Webcam,Electronics,East,Amit,5,1880.85
ORD-202603-03832,2026-03-05 00:00:00+00:00,CUST-2881,Wireless Mouse,Electronics,North,Neha,6,871.75
ORD-202603-03833,2026-03-17 00:00:00+00:00,CUST-1978,Desk Organizer,Office,South,Vikram,6,580.61
ORD-202603-03834,2026-03-12 00:00:00+00:00,CUST-0335,Keyboard,Electronics,North,Neha,5,1208.85
ORD-202603-03835,2026-03-22 00:00:00+00:00,CUST-1694,Webcam,Electronics,East,Amit,5,1846.14
ORD-202603-03836,2026-03-29 00:00:00+00:00,CUST-2762,Webcam,Electronics, West,Amit,3,1898.64
ORD-202603-03837,2026-03-27 00:00:00+00:00,CUST-1811,Wireless Mouse,Electronics,East,Vikram,1,729.69
ORD-202603-03838,2026-03-18 00:00:00+00:00,CUST-0218,Monitor Stand,Furniture,,Rahul,7,2166.3
ORD-202603-03839,2026-03-25 00:00:00+00:00,CUST-2551,Laptop Stand,Accessories,South,Amit,6,1408.68
ORD-202603-03840,2026-03-13 00:00:00+00:00,CUST-2736,Office Chair,Furniture,East,Rahul,2,7601.76
ORD-202603-03841,2026-03-20 00:00:00+00:00,CUST-4383,Mouse Pad,Accessories,South,Rahul,1,391.35
ORD-202603-03842,2026-03-05 00:00:00+00:00,CUST-4638,Wireless Mouse,Electronics,West,Rahul,7,807.86
ORD-202603-03843,2026-03-03 00:00:00+00:00,CUST-2901,Headphones,Electronics,South ,Priya,1,2590.47
ORD-202603-03844,2026-03-02 00:00:00+00:00,CUST-0459,Wireless Mouse,Electronics,Central,Rahul,1,729.48
ORD-202603-03845,2026-03-10 00:00:00+00:00,CUST-3948,Webcam,Electronics,South,Priya,7,1866.31
ORD-202603-03846,2026-03-19 00:00:00+00:00,CUST-2420,Notebook,Office,North,Vikram,5,190.31
ORD-202603-03847,2026-03-15 00:00:00+00:00,CUST-2985,Keyboard,Electronics,Central,Neha,5,1212.88
ORD-202603-03848,2026-03-30 00:00:00+00:00,CUST-3874,Laptop Stand,Accessories,North,Ananya,5,1549.67
ORD-202603-03849,2026-03-03 00:00:00+00:00,CUST-3182,Wireless Mouse,Electronics,North,Karan,6,745.57
ORD-202603-03850,2026-03-14 00:00:00+00:00,CUST-2145,Office Chair,Furniture,South,Neha,5,7115.02
ORD-202603-03851,2026-03-13 00:00:00+00:00,CUST-4228,Laptop Stand,Accessories,North,Sneha,6,1466.15
ORD-202603-03852,2026-03-08 00:00:00+00:00,CUST-1800,Monitor Stand,Furniture,East,Sneha,6,2189.4
ORD-202603-03853,2026-03-17 00:00:00+00:00,CUST-3244,Laptop Stand,Accessories,Central,Neha,2,1620.89
ORD-202603-03854,2026-03-12 00:00:00+00:00,CUST-2888,Mouse Pad,Accessories,North,Vikram,5,359.7
ORD-202603-03855,2026-03-07 00:00:00+00:00,CUST-4095,Mouse Pad,Accessories,East,Neha,3,423.81
ORD-202603-03856,2026-03-16 00:00:00+00:00,CUST-4272,Headphones,Electronics,South,Ananya,5,2333.39
ORD-202603-03857,2026-03-07 00:00:00+00:00,CUST-1168,Desk Organizer,Office,West,Amit,2,595.46
ORD-202603-03858,2026-03-24 00:00:00+00:00,CUST-4334,Study Table,Furniture,South,Neha,7,5842.15
ORD-202603-03859,2026-03-12 00:00:00+00:00,CUST-2943,Study Table,Furniture,South,Neha,2,5265.26
ORD-202603-03860,2026-03-15 00:00:00+00:00,CUST-1353,USB Hub,Accessories,North,Sneha,2,941.05
ORD-202603-03861,2026-03-06 00:00:00+00:00,CUST-3074,Desk Organizer,Office,North,Karan,1,567.96
ORD-202603-03862,2026-03-29 00:00:00+00:00,CUST-4836,USB Hub,Accessories,Central,Vikram,4,966.06
ORD-202603-03863,2026-03-06 00:00:00+00:00,CUST-3084,Keyboard,Electronics,East,Vikram,3,1283.16
ORD-202603-03864,2026-03-20 00:00:00+00:00,CUST-0814,Desk Organizer,Office,Central,Ananya,5,562.97
ORD-202603-03865,2026-03-20 00:00:00+00:00,CUST-2477,USB Hub, Accessories,Central,Amit,3,818.7
ORD-202603-03866,2026-03-04 00:00:00+00:00,CUST-1061,Laptop Stand,Accessories,East,Vikram,3,1530.94
ORD-202603-03867,2026-03-05 00:00:00+00:00,,Wireless Mouse,Electronics,East,Neha,3,828.23
ORD-202603-03868,2026-03-04 00:00:00+00:00,CUST-3501,Webcam,Electronics,Central,Karan,2,1967.57
ORD-202603-03869,2026-03-29 00:00:00+00:00,CUST-0572,USB Hub,Accessories,West,Ananya,5,898.55
ORD-202603-03870,2026-03-18 00:00:00+00:00,CUST-4335,Desk Organizer,Office,South,Karan,1,587.35
ORD-202603-03871,2026-03-05 00:00:00+00:00,CUST-4521,USB Hub,Accessories,Central,Amit,7,920.4
ORD-202603-03872,2026-03-25 00:00:00+00:00,CUST-0928,Headphones,Electronics,Central,Karan,2,2265.76
ORD-202603-03873,2026-03-29 00:00:00+00:00,CUST-1565,USB Hub,Accessories,North,Ananya,1,852.15
ORD-202603-03874,2026-03-17 00:00:00+00:00,CUST-1626,Wireless Mouse,Electronics,West,Amit,5,759.93
ORD-202603-03875,2026-03-18 00:00:00+00:00,CUST-0254,USB Hub,Accessories,North,,5,949.06
ORD-202603-03876,2026-03-25 00:00:00+00:00,CUST-0387,Mouse Pad,Accessories,South,Vikram,5,394.32
ORD-202603-03877,2026-03-14 00:00:00+00:00,CUST-3718,Desk Organizer,Office,West,Priya,3,544.59
ORD-202603-03878,2026-03-03 00:00:00+00:00,CUST-2301,Wireless Mouse,Electronics,West,Vikram,2,862.13
ORD-202603-03879,2026-03-23 00:00:00+00:00,CUST-1150,Pen Set,Office,South,Karan,7,292.15
ORD-202603-03880,2026-03-11 00:00:00+00:00,CUST-2584,Office Chair,Furniture ,East,Neha,4,6406.85
ORD-202603-03881,2026-03-21 00:00:00+00:00,CUST-1228,Office Chair,Furniture,North,Rahul,4,6884.86
ORD-202603-03882,2026-03-02 00:00:00+00:00,CUST-2953,Monitor Stand,Furniture,East,Rahul,2,2178.72
ORD-202603-03883,2026-03-11 00:00:00+00:00,CUST-0887,Pen Set,Office,South,Ananya,6,317.03
ORD-202603-03884,2026-03-12 00:00:00+00:00,CUST-0937,Monitor Stand,Furniture,Central,Karan,7,2036.38
ORD-202603-03885,2026-03-10 00:00:00+00:00,CUST-4181,Laptop Stand,Accessories,West,Karan,5,1576.68
ORD-202603-03886,2026-03-18 00:00:00+00:00,CUST-1384,Keyboard,Electronics,South,Rahul,6,1303.27
ORD-202603-03887,2026-03-14 00:00:00+00:00,CUST-1443,Wireless Mouse,Electronics,East,Neha,5,847.58
ORD-202603-03888,2026-03-29 00:00:00+00:00,CUST-3776,Monitor Stand,Furniture,Central,Vikram,2,2135.01
ORD-202603-03889,2026-03-23 00:00:00+00:00,CUST-2026,Keyboard,Electronics,Central,Ananya,4,1256.75
ORD-202603-03890,2026-03-15 00:00:00+00:00,CUST-0550,Keyboard,Electronics,Central,Neha,3,1284.81
ORD-202603-03891,2026-03-09 00:00:00+00:00,CUST-3849,Desk Organizer,Office,East,Ananya,3,566.23
ORD-202603-03892,2026-03-12 00:00:00+00:00,CUST-0021,Laptop Stand,Accessories,East ,Vikram,6,1554.47
ORD-202603-03893,2026-03-10 00:00:00+00:00,CUST-2227,Mouse Pad,Accessories,West,Amit,6,370.04
ORD-202603-03894,2026-03-22 00:00:00+00:00,CUST-1948,Keyboard,Electronics,West,Sneha,4,1291.74
ORD-202603-03895,2026-03-29 00:00:00+00:00,CUST-3313,USB Hub,Accessories,North,Rahul,1,982.89
ORD-202603-03896,2026-03-23 00:00:00+00:00,CUST-2897,Office Chair,Furniture,North,Sneha,3,6951.35
ORD-202603-03897,2026-03-29 00:00:00+00:00,CUST-2909,Notebook,Office,East,Neha,6,181.82
ORD-202603-03898,2026-03-06 00:00:00+00:00,CUST-4458,Headphones,Electronics,East,Vikram,5,2258.27
ORD-202603-03899,2026-03-03 00:00:00+00:00,CUST-2977,Keyboard,Electronics,North,Sneha,4,1415.95
ORD-202603-03900,2026-03-22 00:00:00+00:00,CUST-0197,Pen Set,Office,North,Priya,3,311.39
ORD-202603-03901,2026-03-31 00:00:00+00:00,CUST-0296,Desk Organizer,Office,East,Amit,7,624.11
ORD-202603-03902,2026-03-17 00:00:00+00:00,CUST-1671,Desk Organizer,Office,North,Priya,7,583.42
ORD-202603-03903,2026-03-15 00:00:00+00:00,CUST-0068,Keyboard,Electronics,North,Karan,5,1299.3
ORD-202603-03904,2026-03-16 00:00:00+00:00,CUST-4283,Laptop Stand,Accessories,South,Amit,7,1516.51
ORD-202603-03905,2026-03-05 00:00:00+00:00,CUST-3834,Wireless Mouse,Electronics,Central,Ananya,2,841.67
ORD-202603-03906,2026-03-31 00:00:00+00:00,CUST-3565,Office Chair,Furniture,North,Neha,2,7012.14
ORD-202603-03907,2026-03-02 00:00:00+00:00,CUST-3430,Webcam,Electronics,East,Amit,5,1825.59
ORD-202603-03908,2026-03-24 00:00:00+00:00,CUST-3166,Laptop Stand,Accessories,Central,Priya,5,1508.77
ORD-202603-03909,2026-03-13 00:00:00+00:00,CUST-1735,Notebook,Office,North,Karan,2,206.21
ORD-202603-03910,2026-03-26 00:00:00+00:00,CUST-0050,Keyboard,Electronics,Central,Neha,6,1184.15
ORD-202603-03911,2026-03-23 00:00:00+00:00,CUST-0611,Office Chair,Furniture,West,Vikram,6,6962.08
ORD-202603-03912,2026-03-26 00:00:00+00:00,CUST-2324,USB Hub,Accessories,North,,2,871.06
ORD-202603-03913,2026-03-23 00:00:00+00:00,CUST-1261,Notebook,Office,East,Vikram,5,214.77
ORD-202603-03914,2026-03-21 00:00:00+00:00,CUST-4891,Desk Organizer,Office,North,Amit,7,585.63
ORD-202603-03915,2026-03-17 00:00:00+00:00,CUST-4106,Pen Set,Office,South,Sneha,6,306.71
ORD-202603-03916,2026-03-01 00:00:00+00:00,CUST-3352,Wireless Mouse,Electronics,Central,Karan,3,791.89
ORD-202603-03917,2026-03-26 00:00:00+00:00,CUST-2042,Keyboard,Electronics,Central,Vikram,6,1380.38
ORD-202603-03918,2026-03-12 00:00:00+00:00,CUST-4077,Office Chair,Furniture,North,Sneha,3,7600.58
ORD-202603-03919,2026-03-12 00:00:00+00:00,CUST-2032,Study Table,Furniture,Central,Sneha,7,5041.05
ORD-202603-03920,2026-03-24 00:00:00+00:00,CUST-2568,Webcam,Electronics,Central,Neha,7,1716.57
ORD-202603-03921,2026-03-03 00:00:00+00:00,CUST-3569,Wireless Mouse,Electronics,West,Sneha,3,831.7
ORD-202603-03922,2026-03-06 00:00:00+00:00,CUST-1808,Pen Set,Office,East,Rahul,5,306.86
ORD-202603-03923,2026-03-29 00:00:00+00:00,CUST-2545,Monitor Stand,Furniture,West,Karan,7,2020.76
ORD-202603-03924,2026-03-30 00:00:00+00:00,CUST-1605,Keyboard,Electronics,East,Amit,3,1281.01
ORD-202603-03925,2026-03-29 00:00:00+00:00,CUST-0839,Keyboard,Electronics,South,Rahul,6,1363.89
ORD-202603-03926,,CUST-3984,USB Hub,Accessories,North,Amit,4,935.62
ORD-202603-03927,2026-03-12 00:00:00+00:00,CUST-4896,Pen Set,Office,North,Karan,4,294.01
ORD-202603-03928,2026-03-18 00:00:00+00:00,CUST-2307,Mouse Pad,Accessories,South,Ananya,5,385.03
ORD-202603-03929,2026-03-10 00:00:00+00:00,CUST-0220,Mouse Pad,Accessories,West,Amit,4,435.86
ORD-202603-03930,2026-03-03 00:00:00+00:00,CUST-1612,Mouse Pad,Accessories,Central,Vikram,5,391.48
ORD-202603-03931,2026-03-02 00:00:00+00:00,CUST-4431,Monitor Stand,Furniture,South,Priya,7,1882.66
ORD-202603-03932,2026-03-24 00:00:00+00:00,CUST-3279,Webcam,Electronics,South,Karan,2,2073.76
ORD-202603-03933,2026-03-25 00:00:00+00:00,CUST-1318,Keyboard,Electronics,North,Priya,2,1352.58
ORD-202603-03934,2026-03-20 00:00:00+00:00,CUST-4993,Mouse Pad,Accessories,Central,Vikram,5,403.66
ORD-202603-03935,2026-03-04 00:00:00+00:00,CUST-0641,Mouse Pad,Accessories,North,Ananya,7,420.36
ORD-202603-03936,2026-03-13 00:00:00+00:00,CUST-2152,Webcam,Electronics,East,Priya,6,1793.4
ORD-202603-03937,2026-03-15 00:00:00+00:00,CUST-2497,Monitor Stand,Furniture,North,Amit,3,2022.19
ORD-202603-03938,2026-03-04 00:00:00+00:00,CUST-0821,Headphones,Electronics,,Karan,6,2385.82
ORD-202603-03939,2026-03-06 00:00:00+00:00,CUST-0937,Keyboard,Electronics,Central,Amit,7,1393.3
ORD-202603-03940,2026-03-15 00:00:00+00:00,CUST-3211,Keyboard,Electronics,,Sneha,3,1204.62
ORD-202603-03941,2026-03-09 00:00:00+00:00,CUST-0241,Monitor Stand,Furniture,North,Priya,1,1886.06
ORD-202603-03942,2026-03-11 00:00:00+00:00,CUST-2004,Study Table,Furniture, East,Karan,7,5217.21
ORD-202603-03943,2026-03-07 00:00:00+00:00,CUST-3514,Monitor Stand,Furniture,Central,Vikram,2,1974.06
ORD-202603-03944,2026-03-06 00:00:00+00:00,CUST-2949,Keyboard,Electronics,Central,Sneha,1,1203.66
ORD-202603-03945,2026-03-31 00:00:00+00:00,CUST-1922,Wireless Mouse,Electronics,North,Neha,3,806.1
ORD-202603-03946,2026-03-06 00:00:00+00:00,CUST-4986,USB Hub,Accessories,Central,Sneha,6,940.86
ORD-202603-03947,2026-03-19 00:00:00+00:00,CUST-2445,Mouse Pad,Accessories,East,Neha,6,359.75
ORD-202603-03948,2026-03-27 00:00:00+00:00,CUST-2291,Webcam,Electronics,Central,Neha,3,2046.07
ORD-202603-03949,2026-03-10 00:00:00+00:00,CUST-3222,Pen Set,Office,East,Karan,5,320.06
ORD-202603-03950,2026-03-11 00:00:00+00:00,CUST-1515,Pen Set,Office,North,Karan,7,272.14
ORD-202603-03951,2026-03-18 00:00:00+00:00,CUST-1924,Pen Set,Office,East,Amit,1,273.19
ORD-202603-03952,2026-03-04 00:00:00+00:00,CUST-4904,Laptop Stand,Accessories,Central,Ananya,7,-100.0
ORD-202603-03953,2026-03-20 00:00:00+00:00,CUST-1110,Wireless Mouse,Electronics,Central,Sneha,5,769.21
ORD-202603-03954,2026-03-05 00:00:00+00:00,CUST-3337,Webcam,Electronics,West,Neha,7,1895.37
ORD-202603-03955,2026-03-24 00:00:00+00:00,CUST-3921,Headphones,Electronics,Central,Vikram,1,2532.72
ORD-202603-03956,2026-03-21 00:00:00+00:00,CUST-1528,Monitor Stand,Furniture,West,Neha,2,2054.08
ORD-202603-03957,2026-03-13 00:00:00+00:00,CUST-1574,Office Chair,Furniture,East,Sneha,3,7323.23
ORD-202603-03958,2026-03-12 00:00:00+00:00,,Monitor Stand,Furniture,Central,Ananya,6,2141.75
ORD-202603-03959,2026-03-06 00:00:00+00:00,CUST-2181,Desk Organizer,Office,South,Karan,5,611.78
ORD-202603-03960,2026-03-02 00:00:00+00:00,CUST-3024,Keyboard,Electronics,North,Amit,3,1196.39
ORD-202603-03961,2026-03-31 00:00:00+00:00,CUST-3766,USB Hub,Accessories,Central,Priya,2,833.59
ORD-202603-03962,2026-03-02 00:00:00+00:00,CUST-1816,Desk Organizer,Office,West,Ananya,4,612.62
ORD-202603-03963,2026-03-06 00:00:00+00:00,CUST-2478,Wireless Mouse,Electronics,West,Amit,2,832.36
ORD-202603-03964,2026-03-02 00:00:00+00:00,CUST-3865,Study Table,Furniture,South,Neha,7,5778.44
ORD-202603-03965,2026-03-15 00:00:00+00:00,CUST-0051,Study Table,Furniture,East,Sneha,6,5519.52
ORD-202603-03966,2026-03-23 00:00:00+00:00,CUST-0966,Monitor Stand,Furniture, West,Neha,6,2039.14
ORD-202603-03967,2026-03-08 00:00:00+00:00,CUST-0562,Webcam,Electronics,West,Amit,4,2079.23
ORD-202603-03968,2026-03-27 00:00:00+00:00,CUST-0954,Webcam,Electronics,South,Neha,5,1841.36
ORD-202603-03969,2026-03-19 00:00:00+00:00,CUST-4294,Pen Set,Office,South,Priya,2,281.91
ORD-202603-03970,2026-03-27 00:00:00+00:00,CUST-1164,Office Chair,Furniture,South,Sneha,1,7655.49
ORD-202603-03971,2026-03-13 00:00:00+00:00,CUST-4808,Webcam,Electronics,East,Ananya,2,2058.05
ORD-202603-03972,2026-03-17 00:00:00+00:00,CUST-4370,Laptop Stand,Accessories,West,,4,1351.22
ORD-202603-03973,2026-03-07 00:00:00+00:00,CUST-1878,Laptop Stand,Accessories,South,Neha,7,1469.58
ORD-202603-03974,2026-03-13 00:00:00+00:00,CUST-0457,Pen Set,Office,South,Sneha,1,313.04
ORD-202603-03975,2026-03-29 00:00:00+00:00,CUST-1173,Keyboard,Electronics,South,Karan,3,1215.21
ORD-202603-03976,2026-03-10 00:00:00+00:00,CUST-3006,Mouse Pad,Accessories,South,Ananya,1,361.65
ORD-202603-03977,2026-03-13 00:00:00+00:00,CUST-2312,Webcam,Electronics,Central,Rahul,4,1722.94
ORD-202603-03978,2026-03-24 00:00:00+00:00,CUST-4319,Desk Organizer,Office,,Karan,7,606.76
ORD-202603-03979,2026-03-09 00:00:00+00:00,CUST-1777,Desk Organizer,Office,East,Sneha,1,566.69
ORD-202603-03980,2026-03-26 00:00:00+00:00,CUST-0885,Study Table,Furniture,North,Priya,5,5232.73
ORD-202603-03981,2026-03-09 00:00:00+00:00,CUST-3364,Laptop Stand,Accessories,East,Karan,2,1353.64
ORD-202603-03982,2026-03-30 00:00:00+00:00,CUST-4595,Keyboard,Electronics,West,Vikram,1,1357.69
ORD-202603-03983,2026-03-22 00:00:00+00:00,CUST-2787,Webcam,Electronics,East,Neha,4,2029.51
ORD-202603-03984,2026-03-31 00:00:00+00:00,CUST-3556,Headphones,Electronics,East,Rahul,4,2615.72
ORD-202603-03985,2026-03-18 00:00:00+00:00,CUST-2918,Wireless Mouse,Electronics,East,Priya,7,740.88
ORD-202603-03986,2026-03-22 00:00:00+00:00,CUST-1150,Notebook,Office,North ,Priya,3,217.2
ORD-202603-03987,2026-03-22 00:00:00+00:00,CUST-2753,Pen Set,Office,Central,Priya,5,326.64
ORD-202603-03988,2026-03-06 00:00:00+00:00,CUST-4903,Laptop Stand,Accessories,South,Ananya,2,1426.79
ORD-202603-03989,2026-03-01 00:00:00+00:00,CUST-4981,Webcam,Electronics,North,Rahul,5,2082.47
ORD-202603-03990,2026-03-30 00:00:00+00:00,CUST-4162,Notebook,Office,South,Amit,6,196.78
ORD-202603-03991,2026-03-19 00:00:00+00:00,CUST-2562,Keyboard,Electronics,South,Priya,3,1179.93
ORD-202603-03992,2026-03-04 00:00:00+00:00,CUST-0285,Office Chair,Furniture,South,Karan,2,7104.55
ORD-202603-03993,2026-03-19 00:00:00+00:00,CUST-2180,Webcam,Electronics,West,Neha,4,1909.14
ORD-202603-03994,2026-03-09 00:00:00+00:00,CUST-4127,Desk Organizer,Office,North,Sneha,2,641.92
ORD-202603-03995,2026-03-11 00:00:00+00:00,CUST-4703,Pen Set,Office,South,Rahul,5,290.37
ORD-202603-03996,2026-03-26 00:00:00+00:00,CUST-2884,Desk Organizer,Office ,North,Rahul,2,630.94
ORD-202603-03997,2026-03-18 00:00:00+00:00,CUST-0143,Mouse Pad,Accessories,South,Neha,5,421.88
ORD-202603-03998,2026-03-16 00:00:00+00:00,CUST-4449,Headphones,Electronics,West,Priya,5,2266.57
ORD-202603-03999,2026-03-18 00:00:00+00:00,CUST-4187,Wireless Mouse,Electronics,South,Priya,7,826.67
ORD-202603-04000,2026-03-08 00:00:00+00:00,CUST-2949,Wireless Mouse,Electronics,West,Karan,2,795.72
ORD-202603-04001,2026-03-25 00:00:00+00:00,CUST-2049,Keyboard,Electronics,East,Rahul,7,1221.69
ORD-202603-04002,2026-03-17 00:00:00+00:00,CUST-3980,Study Table,Furniture,South,Karan,3,5407.6
ORD-202603-04003,2026-03-13 00:00:00+00:00,CUST-1505,Keyboard,Electronics,South,Rahul,2,1391.81
ORD-202603-04004,2026-03-24 00:00:00+00:00,CUST-4164,USB Hub,Accessories,south,Karan,7,933.12
ORD-202603-04005,2026-03-19 00:00:00+00:00,CUST-1663,Mouse Pad, Accessories,East,Priya,4,409.15
ORD-202603-04006,2026-03-09 00:00:00+00:00,CUST-3983,Pen Set,Office ,Central,Ananya,4,273.97
ORD-202603-04007,2026-03-24 00:00:00+00:00,CUST-3408,Keyboard,Electronics,South,Priya,3,1342.3
ORD-202603-04008,2026-03-16 00:00:00+00:00,CUST-0294,Wireless Mouse,Electronics,Central,Karan,2,840.31
ORD-202603-04009,2026-03-04 00:00:00+00:00,CUST-0185,Office Chair,Furniture,West,Rahul,1,7628.89
ORD-202603-04010,2026-03-09 00:00:00+00:00,CUST-3328,Desk Organizer,Office,East,Karan,7,634.71
ORD-202603-04011,2026-03-23 00:00:00+00:00,CUST-2256,Notebook,office,South,,1,182.28
ORD-202603-04012,2026-03-13 00:00:00+00:00,CUST-4485,Keyboard,Electronics,South,Amit,4,1414.23
ORD-202603-04013,2026-03-22 00:00:00+00:00,CUST-3896,Desk Organizer,Office,West,Ananya,2,633.97
ORD-202603-04014,2026-03-07 00:00:00+00:00,CUST-4681,Office Chair,Furniture,Central,Sneha,6,6303.77
ORD-202603-04015,2026-03-30 00:00:00+00:00,CUST-0984,Office Chair,Furniture,East,Priya,5,7296.72
ORD-202603-04016,2026-03-22 00:00:00+00:00,CUST-3836,Wireless Mouse,Electronics,North,Karan,1,767.67
ORD-202603-04017,2026-03-08 00:00:00+00:00,CUST-2203,Notebook,Office,East,Rahul,1,203.18
ORD-202603-04018,2026-03-10 00:00:00+00:00,CUST-1551,Keyboard,Electronics,South,Vikram,2,1242.57
ORD-202603-04019,2026-03-11 00:00:00+00:00,CUST-1880,Laptop Stand,Accessories,West,Priya,5,1567.97
ORD-202603-04020,2026-03-16 00:00:00+00:00,CUST-4293,Laptop Stand,Accessories,East,Neha,1,1405.08
ORD-202603-04021,2026-03-11 00:00:00+00:00,CUST-2668,Keyboard,Electronics,North,Ananya,2,1385.91
ORD-202603-04022,2026-03-25 00:00:00+00:00,CUST-0128,Headphones,Electronics,South,Sneha,4,2285.54
ORD-202603-04023,2026-03-07 00:00:00+00:00,CUST-2393,Monitor Stand,Furniture,Central,Rahul,2,1808.73
ORD-202603-04024,2026-03-05 00:00:00+00:00,CUST-3855,Monitor Stand,Furniture,Central,Amit,3,1851.84
ORD-202603-04025,2026-03-02 00:00:00+00:00,CUST-3752,Mouse Pad,Accessories,South,Ananya,3,389.79
ORD-202603-04026,2026-03-21 00:00:00+00:00,CUST-2428,USB Hub,Accessories,East,Karan,3,927.17
ORD-202603-04027,2026-03-28 00:00:00+00:00,CUST-3972,Monitor Stand,Furniture,South,Rahul,1,1991.24
ORD-202603-04028,2026-03-11 00:00:00+00:00,CUST-4400,Mouse Pad,Accessories,Central,Priya,3,397.06
ORD-202603-04029,2026-03-26 00:00:00+00:00,CUST-0280,USB Hub,Accessories ,Central,Priya,4,964.73
ORD-202603-04030,2026-03-16 00:00:00+00:00,CUST-2509,Wireless Mouse,Electronics,South,Vikram,3,808.47
ORD-202603-04031,2026-03-09 00:00:00+00:00,CUST-4387,Keyboard,Electronics,South,Priya,7,1300.98
ORD-202603-04032,2026-03-23 00:00:00+00:00,CUST-2114,Mouse Pad,Accessories,North,Neha,3,392.57
ORD-202603-04033,2026-03-01 00:00:00+00:00,CUST-4987,Laptop Stand,Accessories,West,Rahul,3,1642.43
ORD-202603-04034,2026-03-29 00:00:00+00:00,CUST-4224,Wireless Mouse,Electronics,Central,Amit,2,757.9
ORD-202603-04035,2026-03-31 00:00:00+00:00,CUST-0957,Desk Organizer,Office,East,Amit,5,557.74
ORD-202603-04036,2026-03-27 00:00:00+00:00,CUST-1647,Pen Set,Office,East,Priya,4,298.54
ORD-202603-04037,2026-03-28 00:00:00+00:00,CUST-1959,Wireless Mouse,Electronics,South,Ananya,1,827.41
ORD-202603-04038,2026-03-28 00:00:00+00:00,CUST-2439,Monitor Stand,Furniture,West,Rahul,7,1807.76
ORD-202603-04039,2026-03-14 00:00:00+00:00,CUST-3459,Webcam,Electronics,North,Rahul,7,2034.59
ORD-202603-04040,2026-03-02 00:00:00+00:00,CUST-4219,Laptop Stand,Accessories,South,,7,1433.98
ORD-202603-04041,2026-03-18 00:00:00+00:00,,Headphones,Electronics,West,Amit,6,2571.66
ORD-202603-04042,2026-03-14 00:00:00+00:00,CUST-0065,Office Chair,Furniture,North,Priya,1,6541.67
ORD-202603-04043,2026-03-25 00:00:00+00:00,CUST-4274,Monitor Stand,Furniture,South,,7,2147.69
ORD-202603-04044,2026-03-25 00:00:00+00:00,CUST-1750,Monitor Stand,Furniture,West,Neha,3,1942.58
ORD-202603-04045,2026-03-26 00:00:00+00:00,CUST-1754,Keyboard,Electronics,South,Ananya,7,1217.67
ORD-202603-04046,2026-03-26 00:00:00+00:00,CUST-4164,Monitor Stand,Furniture,South,Vikram,2,1806.99
ORD-202603-04047,2026-03-27 00:00:00+00:00,CUST-4073,Wireless Mouse,Electronics,West,Amit,5,768.44
ORD-202603-04048,2026-03-14 00:00:00+00:00,CUST-4398,Desk Organizer,Office,Central,Ananya,4,584.53
ORD-202603-04049,2026-03-21 00:00:00+00:00,CUST-4573,Pen Set,Office,South,Neha,4,271.2
ORD-202603-04050,2026-03-09 00:00:00+00:00,CUST-0801,Study Table,Furniture,South,Rahul,3,5559.89
ORD-202603-04051,2026-03-20 00:00:00+00:00,CUST-0891,Mouse Pad,Accessories,South,Amit,1,395.39
ORD-202603-04052,2026-03-18 00:00:00+00:00,CUST-2223,Laptop Stand,Accessories,South,Ananya,7,1496.92
ORD-202603-04053,2026-03-02 00:00:00+00:00,CUST-4916,Pen Set,Office,Central,,6,277.08
ORD-202603-04054,2026-03-24 00:00:00+00:00,CUST-1720,Notebook,Office,West,Vikram,7,194.35
ORD-202603-04055,2026-03-21 00:00:00+00:00,CUST-1710,Headphones,Electronics,Central,Vikram,4,2732.83
ORD-202603-04056,2026-03-22 00:00:00+00:00,CUST-4880,Pen Set,Office,South,Ananya,3,290.47
ORD-202603-04057,2026-03-08 00:00:00+00:00,CUST-4850,Pen Set,Office,North,Karan,5,316.52
ORD-202603-04058,2026-03-08 00:00:00+00:00,CUST-2822,Headphones,Electronics,North,Sneha,3,2311.16
ORD-202603-04059,2026-03-02 00:00:00+00:00,CUST-2998,Pen Set,Office,Central,Sneha,7,276.44
ORD-202603-04060,2026-03-01 00:00:00+00:00,CUST-1997,Laptop Stand,Accessories,South,Sneha,4,1648.58
ORD-202603-04061,2026-03-23 00:00:00+00:00,CUST-4110,Mouse Pad,Accessories,North,Sneha,5,410.84
ORD-202603-04062,2026-03-28 00:00:00+00:00,CUST-4362,Laptop Stand,Accessories,West,Karan,5,1548.42
ORD-202603-04063,2026-03-13 00:00:00+00:00,CUST-1320,Pen Set,Office,South,Neha,3,294.57
ORD-202603-04064,2026-03-14 00:00:00+00:00,CUST-3542,Wireless Mouse,Electronics,North,Ananya,6,840.73
ORD-202603-04065,2026-03-13 00:00:00+00:00,CUST-2608,Headphones,Electronics,South,Vikram,4,2713.0
ORD-202603-04066,2026-03-26 00:00:00+00:00,CUST-3564,USB Hub,Accessories,West,Rahul,1,823.84
ORD-202603-04067,2026-03-27 00:00:00+00:00,CUST-2126,Pen Set,Office,South,Amit,3,279.41
ORD-202603-04068,2026-03-28 00:00:00+00:00,CUST-3060,Office Chair,Furniture,Central,Priya,1,7511.43
ORD-202603-04069,2026-03-03 00:00:00+00:00,CUST-3189,Headphones,Electronics,East,Sneha,6,2288.65
ORD-202603-04070,2026-03-30 00:00:00+00:00,CUST-2085,Pen Set,Office,North,Ananya,5,290.58
ORD-202603-04071,2026-03-01 00:00:00+00:00,CUST-1070,Monitor Stand,Furniture,Central,Karan,7,1832.37
ORD-202603-04072,2026-03-11 00:00:00+00:00,CUST-0493,Pen Set,Office,South,Vikram,-1,293.5
ORD-202603-04073,2026-03-10 00:00:00+00:00,CUST-4862,Wireless Mouse,Electronics,South,Priya,7,790.56
ORD-202603-04074,2026-03-21 00:00:00+00:00,CUST-3171,Notebook,Office,South,Vikram,5,186.27
ORD-202603-04075,2026-03-09 00:00:00+00:00,CUST-2238,Laptop Stand,Accessories,East,Sneha,3,1373.58
ORD-202603-04076,2026-03-19 00:00:00+00:00,CUST-2074,Wireless Mouse,Electronics,East,Ananya,3,785.8
ORD-202603-04077,2026-03-28 00:00:00+00:00,CUST-2049,USB Hub,Accessories,East,,7,901.61
ORD-202603-04078,2026-03-06 00:00:00+00:00,CUST-2263,Wireless Mouse,Electronics,,Ananya,2,836.88
ORD-202603-04079,2026-03-28 00:00:00+00:00,CUST-2232,Keyboard,Electronics,South,Ananya,1,1357.71
ORD-202603-04080,2026-03-14 00:00:00+00:00,CUST-4620,Headphones,Electronics,Central,Priya,1,2284.04
ORD-202603-04081,2026-03-19 00:00:00+00:00,CUST-2266,Headphones,Electronics,East,Neha,5,2467.99
ORD-202603-04082,2026-03-14 00:00:00+00:00,CUST-3606,Study Table,Furniture,Central,Sneha,6,5877.08
ORD-202603-04083,2026-03-07 00:00:00+00:00,CUST-2448,Webcam,Electronics,North,Vikram,4,1935.84
ORD-202603-04084,2026-03-06 00:00:00+00:00,CUST-3909,Study Table,Furniture,South,Sneha,3,5889.27
ORD-202603-04085,2026-03-02 00:00:00+00:00,CUST-0059,Headphones,Electronics,Central,Ananya,2,2724.34
ORD-202603-04086,2026-03-12 00:00:00+00:00,CUST-3801,Notebook,Office,South,Priya,1,192.4
ORD-202603-04087,2026-03-04 00:00:00+00:00,CUST-1100,Laptop Stand,Accessories,West,Vikram,6,1388.96
ORD-202603-04088,2026-03-14 00:00:00+00:00,CUST-2163,USB Hub,Accessories,South,Vikram,2,824.19
ORD-202603-04089,2026-03-15 00:00:00+00:00,CUST-3151,Mouse Pad,Accessories,Central,Ananya,7,369.19
ORD-202603-04090,2026-03-25 00:00:00+00:00,CUST-2795,Monitor Stand,Furniture,West,Sneha,7,2071.96
ORD-202603-04091,2026-03-23 00:00:00+00:00,CUST-0261,Desk Organizer,Office,East,,6,553.42
ORD-202603-04092,2026-03-27 00:00:00+00:00,CUST-2718,Wireless Mouse,Electronics,South,Ananya,4,871.29
ORD-202603-04093,2026-03-01 00:00:00+00:00,CUST-0653,Monitor Stand,Furniture,Central,Karan,3,2062.56
ORD-202603-04094,2026-03-23 00:00:00+00:00,CUST-1205,Keyboard,Electronics,Central,Vikram,6,1417.35
ORD-202603-04095,2026-03-09 00:00:00+00:00,CUST-2318,Mouse Pad,Accessories,East,Amit,1,404.07
ORD-202603-04096,2026-03-25 00:00:00+00:00,CUST-3164,Pen Set,Office,East,Sneha,7,281.2
ORD-202603-04097,2026-03-29 00:00:00+00:00,CUST-2619,Notebook,Office,West,Priya,6,185.79
ORD-202603-04098,2026-03-04 00:00:00+00:00,CUST-1874,Notebook,Office,North,Karan,1,209.66
ORD-202603-04099,2026-03-16 00:00:00+00:00,CUST-0446,Desk Organizer,Office,West,Ananya,2,539.11
ORD-202603-04100,2026-03-18 00:00:00+00:00,CUST-0272,Monitor Stand,Furniture,West,Ananya,7,2149.04
ORD-202603-04101,2026-03-09 00:00:00+00:00,CUST-2235,Headphones,Electronics,West,Karan,5,2263.85
ORD-202603-04102,2026-03-09 00:00:00+00:00,CUST-4851,Office Chair,Furniture,East,Neha,3,7145.19
ORD-202603-04103,2026-03-05 00:00:00+00:00,CUST-4088,Wireless Mouse,Electronics,East,Amit,6,781.24
ORD-202603-04104,2026-03-13 00:00:00+00:00,CUST-2081,Monitor Stand,Furniture,Central,Karan,5,2043.61
ORD-202603-04105,2026-03-22 00:00:00+00:00,CUST-1050,USB Hub,Accessories,West,Vikram,7,949.73
ORD-202603-04106,2026-03-22 00:00:00+00:00,CUST-1750,Desk Organizer,Office,West,Karan,3,552.51
ORD-202603-04107,2026-03-25 00:00:00+00:00,CUST-2450,Webcam,Electronics,East,Rahul,5,2068.5
ORD-202603-04108,2026-03-30 00:00:00+00:00,CUST-3137,Monitor Stand,Furniture,East,Priya,5,2037.29
ORD-202603-04109,2026-03-20 00:00:00+00:00,CUST-2766,Mouse Pad,Accessories,South,Priya,1,389.58
ORD-202603-04110,2026-03-12 00:00:00+00:00,CUST-2268,Pen Set,Office,North,Ananya,5,327.65
ORD-202603-04111,2026-03-09 00:00:00+00:00,CUST-3169,Headphones,Electronics,Central,Amit,6,2654.75
ORD-202603-04112,2026-03-18 00:00:00+00:00,,Mouse Pad,Accessories,East,Ananya,1,372.03
ORD-202603-04113,2026-03-14 00:00:00+00:00,CUST-2077,Desk Organizer,Office,East,Priya,6,549.71
ORD-202603-04114,2026-03-04 00:00:00+00:00,CUST-0251,Notebook,Office,West ,,4,215.83
ORD-202603-04115,2026-03-13 00:00:00+00:00,CUST-4255,Headphones,Electronics,West,Rahul,3,2541.42
ORD-202603-04116,2026-03-22 00:00:00+00:00,CUST-4084,Study Table,Furniture,Central,Karan,2,5458.79
ORD-202603-04117,2026-03-06 00:00:00+00:00,CUST-2942,Webcam,Electronics,West,Amit,6,1738.46
ORD-202603-04118,2026-03-08 00:00:00+00:00,CUST-0106,Keyboard,Electronics,Central,Karan,1,1309.85
ORD-202603-04119,2026-03-09 00:00:00+00:00,CUST-4454,Pen Set,Office,West,Sneha,7,285.33
ORD-202603-04120,2026-03-15 00:00:00+00:00,CUST-0915,Notebook,Office,Central,Priya,5,186.79
ORD-202603-04121,2026-03-26 00:00:00+00:00,CUST-4828,Mouse Pad,Accessories,North,Rahul,2,390.31
ORD-202603-04122,2026-03-11 00:00:00+00:00,CUST-0871,USB Hub,Accessories,West,Ananya,5,815.52
ORD-202603-04123,2026-03-04 00:00:00+00:00,CUST-0016,Wireless Mouse,Electronics,North,Neha,6,814.64
ORD-202603-04124,2026-03-02 00:00:00+00:00,CUST-1704,Pen Set,Office,east,Priya,2,306.24
ORD-202603-04125,2026-03-20 00:00:00+00:00,CUST-2465,Headphones,Electronics,North,Vikram,7,2596.46
ORD-202603-04126,2026-03-23 00:00:00+00:00,CUST-4379,Notebook,Office,East,Priya,1,180.01
ORD-202603-04127,2026-03-03 00:00:00+00:00,CUST-0214,Study Table,Furniture,South,Amit,1,5142.21
ORD-202603-04128,2026-03-20 00:00:00+00:00,CUST-1220,USB Hub,Accessories,East,Priya,7,947.97
ORD-202603-04129,2026-03-29 00:00:00+00:00,CUST-3287,Notebook,Office,Central,Sneha,6,201.97
ORD-202603-04130,2026-03-26 00:00:00+00:00,CUST-2576,Pen Set,Office,South,,4,269.64
ORD-202603-04131,2026-03-29 00:00:00+00:00,CUST-4265,Notebook,Office,North,Karan,3,208.18
ORD-202603-04132,2026-03-30 00:00:00+00:00,CUST-2393,Mouse Pad,Accessories,North,Sneha,5,392.34
ORD-202603-04133,2026-03-25 00:00:00+00:00,CUST-3117,USB Hub,Accessories,,Priya,5,856.4
ORD-202603-04134,2026-03-13 00:00:00+00:00,CUST-1182,Headphones,Electronics,South,Vikram,1,2626.08
ORD-202603-04135,2026-03-22 00:00:00+00:00,CUST-1970,Pen Set,Office,South,Rahul,4,290.65
ORD-202603-04136,2026-03-24 00:00:00+00:00,CUST-2317,Pen Set,Office,West,Rahul,5,296.23
ORD-202603-04137,2026-03-24 00:00:00+00:00,CUST-3014,USB Hub,Accessories,Central,Rahul,5,963.87
ORD-202603-04138,2026-03-10 00:00:00+00:00,CUST-4220,Wireless Mouse,Electronics,North,Priya,6,743.02
ORD-202603-04139,2026-03-14 00:00:00+00:00,CUST-1657,Wireless Mouse,Electronics,West,Vikram,7,809.49
ORD-202603-04140,2026-03-14 00:00:00+00:00,CUST-3492,Office Chair,Furniture,South,Priya,1,6444.61
ORD-202603-04141,2026-03-26 00:00:00+00:00,CUST-1027,Keyboard,Electronics,East,Amit,4,1423.15
ORD-202603-04142,2026-03-26 00:00:00+00:00,CUST-1957,Study Table,Furniture,North,Priya,4,5292.08
ORD-202603-04143,2026-03-30 00:00:00+00:00,CUST-0412,Wireless Mouse,Electronics,North,Vikram,2,864.55
ORD-202603-04144,2026-03-28 00:00:00+00:00,CUST-1347,Keyboard,Electronics,West,Vikram,1,1264.45
ORD-202603-04145,2026-03-04 00:00:00+00:00,CUST-3967,Headphones,Electronics,West,Karan,7,2672.02
ORD-202603-04146,2026-03-12 00:00:00+00:00,CUST-2578,Webcam,Electronics,South,Sneha,2,1999.5
ORD-202603-04147,2026-03-13 00:00:00+00:00,CUST-4535,Laptop Stand,Accessories,South,Priya,4,1418.82
ORD-202603-04148,2026-03-25 00:00:00+00:00,CUST-1124,Keyboard,Electronics,East,Sneha,5,1337.17
ORD-202603-04149,2026-03-01 00:00:00+00:00,CUST-2153,Keyboard,Electronics,East,Rahul,4,1229.72
ORD-202603-04150,2026-03-24 00:00:00+00:00,CUST-0779,Office Chair,Furniture,Central,Amit,5,6325.66
ORD-202603-04151,2026-03-28 00:00:00+00:00,CUST-1443,Monitor Stand,Furniture,South,Karan,1,1919.23
ORD-202603-04152,2026-03-06 00:00:00+00:00,CUST-0218,Wireless Mouse,Electronics,East,Priya,4,832.65
ORD-202603-04153,2026-03-11 00:00:00+00:00,CUST-1063,Pen Set,Office,West,Rahul,6,279.78
ORD-202603-04154,2026-03-20 00:00:00+00:00,CUST-0054,Notebook,Office,South,Ananya,4,204.09
ORD-202603-04155,2026-03-19 00:00:00+00:00,CUST-3359,Pen Set,Office,North,Karan,7,314.84
ORD-202603-04156,2026-03-16 00:00:00+00:00,CUST-4864,USB Hub,Accessories,East,Ananya,4,864.9
ORD-202603-04157,,CUST-0229,Headphones,Electronics,South,Priya,3,2300.12
ORD-202603-04158,2026-03-02 00:00:00+00:00,CUST-1807,Desk Organizer,Office,Central,Priya,4,610.57
ORD-202603-04159,2026-03-08 00:00:00+00:00,CUST-4445,Pen Set,Office,South,Vikram,3,276.96
ORD-202603-04160,2026-03-17 00:00:00+00:00,CUST-0187,Pen Set,Office,East,Sneha,3,269.26
ORD-202603-04161,2026-03-08 00:00:00+00:00,CUST-3562,Keyboard,Electronics,East,Priya,4,1203.06
ORD-202603-04162,2026-03-31 00:00:00+00:00,CUST-2907,Notebook,Office,South,Vikram,2,189.71
ORD-202603-04163,2026-03-06 00:00:00+00:00,CUST-4143,Monitor Stand,Furniture,East,Sneha,1,2069.92
ORD-202603-04164,2026-03-25 00:00:00+00:00,CUST-2351,Mouse Pad,Accessories,West,Vikram,2,385.64
ORD-202603-04165,2026-03-11 00:00:00+00:00,CUST-0406,Study Table,Furniture,South,Rahul,1,5959.34
ORD-202603-04166,2026-03-07 00:00:00+00:00,CUST-2873,Office Chair,Furniture,West,Karan,7,7338.12
ORD-202603-04167,2026-03-07 00:00:00+00:00,CUST-4844,Laptop Stand,Accessories,Central,Priya,7,1645.14
ORD-202603-04168,2026-03-07 00:00:00+00:00,CUST-2709,Mouse Pad,Accessories,Central,Neha,2,412.19
ORD-202603-04169,2026-03-30 00:00:00+00:00,CUST-0251,Webcam,Electronics,West,Priya,7,1717.22
ORD-202603-04170,2026-03-10 00:00:00+00:00,CUST-0501,USB Hub,Accessories,North,Ananya,3,835.87
ORD-202603-04171,2026-03-10 00:00:00+00:00,CUST-2448,Headphones,Electronics,Central,Sneha,3,2383.84
ORD-202603-04172,2026-03-01 00:00:00+00:00,CUST-3743,Wireless Mouse,Electronics,Central,Sneha,4,831.49
ORD-202603-04173,2026-03-11 00:00:00+00:00,CUST-1055,Desk Organizer,Office,Central,Amit,7,616.4
ORD-202603-04174,,,Webcam,Electronics,West,Sneha,6,1787.04
ORD-202603-04175,2026-03-06 00:00:00+00:00,CUST-4832,Study Table,Furniture,North,Vikram,5,5716.83
ORD-202603-04176,2026-03-23 00:00:00+00:00,CUST-4981,Laptop Stand,Accessories,West,Amit,6,1432.76
ORD-202603-04177,2026-03-20 00:00:00+00:00,CUST-4457,Pen Set,Office,North,Priya,7,309.07
ORD-202603-04178,2026-03-17 00:00:00+00:00,CUST-2955,Notebook,Office,West,Amit,6,191.47
ORD-202603-04179,2026-03-07 00:00:00+00:00,CUST-4470,Webcam,Electronics,North,Neha,4,1788.98
ORD-202603-04180,2026-03-22 00:00:00+00:00,CUST-2452,Pen Set,Office,North,Ananya,3,298.69
ORD-202603-04181,2026-03-05 00:00:00+00:00,CUST-4960,USB Hub,Accessories,West,Neha,4,985.44
ORD-202603-04182,2026-03-23 00:00:00+00:00,CUST-1807,Monitor Stand,Furniture,South,Amit,2,2057.61
ORD-202603-04183,2026-03-22 00:00:00+00:00,CUST-4577,Laptop Stand,Accessories,North,Rahul,5,1454.52
ORD-202603-04184,2026-03-03 00:00:00+00:00,CUST-2694,Webcam,Electronics,North,Ananya,6,1906.01
ORD-202603-04185,2026-03-19 00:00:00+00:00,CUST-4656,Wireless Mouse,Electronics,South,,1,789.19
ORD-202603-04186,2026-03-30 00:00:00+00:00,CUST-2367,Notebook,Office,East,Karan,7,180.35
ORD-202603-04187,2026-03-20 00:00:00+00:00,CUST-4433,Mouse Pad,Accessories,West,Karan,5,412.91
ORD-202603-04188,2026-03-31 00:00:00+00:00,CUST-2629,Desk Organizer,Office,East,Amit,7,563.72
ORD-202603-04189,2026-03-26 00:00:00+00:00,CUST-4081,Headphones,Electronics,East,Ananya,5,2516.11
ORD-202603-04190,2026-03-02 00:00:00+00:00,CUST-4852,Laptop Stand,Accessories,Central,Amit,7,1370.36
ORD-202603-04191,2026-03-28 00:00:00+00:00,,Webcam,Electronics,West,Amit,6,2009.25
ORD-202603-04192,2026-03-03 00:00:00+00:00,CUST-2028,Notebook,Office,east,Vikram,3,179.79
ORD-202603-04193,2026-03-07 00:00:00+00:00,CUST-0023,Webcam,Electronics,Central,Sneha,4,1831.19
ORD-202603-04194,2026-03-26 00:00:00+00:00,CUST-1405,USB Hub,Accessories,West,Sneha,2,878.02
ORD-202603-04195,2026-03-16 00:00:00+00:00,CUST-0249,Monitor Stand,Furniture,South,Karan,6,2107.89
ORD-202603-04196,2026-03-19 00:00:00+00:00,CUST-2127,USB Hub,Accessories,East,Vikram,5,984.15
ORD-202603-04197,2026-03-10 00:00:00+00:00,CUST-1718,Monitor Stand,Furniture,North,Ananya,5,1875.59
ORD-202603-04198,2026-03-31 00:00:00+00:00,CUST-0261,Wireless Mouse,Electronics,West,Sneha,5,741.32
ORD-202603-04199,2026-03-03 00:00:00+00:00,CUST-1906,USB Hub,Accessories,West,Sneha,5,920.88
ORD-202603-04200,2026-03-08 00:00:00+00:00,CUST-2282,Wireless Mouse,Electronics,North,Ananya,2,753.82
ORD-202603-04201,2026-03-27 00:00:00+00:00,CUST-0112,Notebook,Office,North,Priya,5,180.06
ORD-202603-04202,2026-03-25 00:00:00+00:00,CUST-4604,Webcam,Electronics,North,Rahul,5,1797.14
ORD-202603-04203,2026-03-09 00:00:00+00:00,CUST-1556,Headphones,Electronics,North,Rahul,5,2366.32
ORD-202603-04204,2026-03-17 00:00:00+00:00,CUST-1006,Study Table,Furniture,,Priya,7,5555.67
ORD-202603-04205,2026-03-02 00:00:00+00:00,CUST-0274,Pen Set,Office,West,Sneha,3,296.01
ORD-202603-04206,2026-03-18 00:00:00+00:00,CUST-0447,Headphones,Electronics,Central,Vikram,2,2415.76
ORD-202603-04207,2026-03-27 00:00:00+00:00,CUST-3454,Desk Organizer,Office,East,Neha,7,573.73
ORD-202603-04208,2026-03-07 00:00:00+00:00,CUST-0080,Wireless Mouse,Electronics,East,Rahul,3,761.91
ORD-202603-04209,2026-03-29 00:00:00+00:00,CUST-0466,Mouse Pad,Accessories,East,Karan,2,427.87
ORD-202603-04210,2026-03-19 00:00:00+00:00,CUST-3221,Pen Set,Office,West,Priya,3,296.66
ORD-202603-04211,2026-03-02 00:00:00+00:00,CUST-1721,Keyboard,Electronics,West,Ananya,6,1391.21
ORD-202603-04212,2026-03-13 00:00:00+00:00,CUST-3826,Monitor Stand,Furniture,North,Neha,2,2197.2
ORD-202603-04213,2026-03-06 00:00:00+00:00,CUST-3499,Keyboard,Electronics,East,Amit,1,1297.86
ORD-202603-04214,2026-03-07 00:00:00+00:00,CUST-3357,Wireless Mouse, Electronics,South,Vikram,6,867.47
ORD-202603-04215,2026-03-03 00:00:00+00:00,CUST-0338,Mouse Pad,Accessories,Central,Amit,4,373.03
ORD-202603-04216,2026-03-26 00:00:00+00:00,CUST-3204,Desk Organizer,Office,Central,Sneha,5,576.21
ORD-202603-04217,2026-03-21 00:00:00+00:00,CUST-4503,Notebook,Office,South,Priya,2,205.32
ORD-202603-04218,2026-03-07 00:00:00+00:00,CUST-4085,Keyboard,Electronics, East,Sneha,2,1230.94
ORD-202603-04219,2026-03-03 00:00:00+00:00,CUST-4690,Keyboard,Electronics,South,Ananya,4,1322.84
ORD-202603-04220,2026-03-10 00:00:00+00:00,CUST-4268,Keyboard,electronics,North,Ananya,7,1402.65
ORD-202603-04221,2026-03-09 00:00:00+00:00,CUST-4593,Monitor Stand,Furniture,North,Amit,6,2188.35
ORD-202603-04222,2026-03-03 00:00:00+00:00,CUST-1681,Monitor Stand,Furniture,Central,,3,2012.94
ORD-202603-04223,2026-03-04 00:00:00+00:00,CUST-1278,Keyboard,Electronics,,Amit,2,1360.5
ORD-202603-04224,2026-03-21 00:00:00+00:00,CUST-2899,Desk Organizer,Office,North,Neha,4,611.37
ORD-202603-04225,2026-03-24 00:00:00+00:00,CUST-0950,Office Chair,Furniture,South,Rahul,1,6886.89
ORD-202603-04226,2026-03-09 00:00:00+00:00,CUST-3291,Notebook,Office,West,Amit,5,193.29
ORD-202603-04227,2026-03-13 00:00:00+00:00,CUST-4951,Headphones,Electronics,East,Rahul,4,2556.05
ORD-202603-04228,2026-03-30 00:00:00+00:00,CUST-1708,Headphones,Electronics,North,Vikram,7,2421.84
ORD-202603-04229,2026-03-11 00:00:00+00:00,CUST-1716,Desk Organizer,Office,East,Vikram,7,628.83
ORD-202603-04230,2026-03-23 00:00:00+00:00,CUST-3182,Notebook,Office,Central,Ananya,2,184.12
ORD-202603-04231,2026-03-27 00:00:00+00:00,CUST-3049,Headphones,Electronics,East,Karan,1,2608.25
ORD-202603-04232,2026-03-28 00:00:00+00:00,CUST-3298,Wireless Mouse,Electronics,Central,Neha,5,800.77
ORD-202603-04233,2026-03-31 00:00:00+00:00,CUST-2011,USB Hub,Accessories,South,Sneha,1,823.8
ORD-202603-04234,2026-03-07 00:00:00+00:00,CUST-0001,USB Hub,Accessories,South,Priya,5,960.05
ORD-202603-04235,2026-03-30 00:00:00+00:00,CUST-1193,Monitor Stand,Furniture,East,Vikram,7,2018.93
ORD-202603-04236,,CUST-0425,Desk Organizer,Office,Central,Sneha,7,627.14
ORD-202603-04237,2026-03-08 00:00:00+00:00,CUST-0826,USB Hub,Accessories,Central,Amit,6,831.34
ORD-202603-04238,2026-03-28 00:00:00+00:00,CUST-3675,Notebook,Office,Central,Amit,6,185.28
ORD-202603-04239,2026-03-13 00:00:00+00:00,CUST-0522,Mouse Pad,Accessories,North,Vikram,2,429.21
ORD-202603-04240,2026-03-30 00:00:00+00:00,CUST-0378,Pen Set,Office,West,Ananya,7,297.02
ORD-202603-04241,2026-03-15 00:00:00+00:00,CUST-1008,Notebook,Office,North,Priya,6,190.88
ORD-202603-04242,2026-03-21 00:00:00+00:00,CUST-2539,Keyboard,Electronics,West,Ananya,1,1303.9
ORD-202603-04243,2026-03-15 00:00:00+00:00,CUST-0168,Mouse Pad,Accessories,South,Amit,5,388.75
ORD-202603-04244,2026-03-30 00:00:00+00:00,CUST-0223,Desk Organizer,Office,West,Vikram,3,655.76
ORD-202603-04245,2026-03-15 00:00:00+00:00,CUST-4491,Study Table,furniture,South,Priya,2,5165.75
ORD-202603-04246,2026-03-05 00:00:00+00:00,CUST-4142,Monitor Stand,Furniture,North,Priya,3,2011.02
ORD-202603-04247,2026-03-28 00:00:00+00:00,CUST-1091,Pen Set,Office,West,Sneha,7,288.98
ORD-202603-04248,2026-03-02 00:00:00+00:00,CUST-2773,Study Table,Furniture,South,Karan,4,5130.69
ORD-202603-04249,2026-03-24 00:00:00+00:00,CUST-3822,Wireless Mouse,Electronics,North,Rahul,2,828.0
ORD-202603-04250,2026-03-15 00:00:00+00:00,CUST-1019,Keyboard,Electronics,South,Vikram,6,1204.69
ORD-202603-04251,2026-03-22 00:00:00+00:00,CUST-2708,Headphones,Electronics,North,Sneha,2,2386.31
ORD-202603-04252,2026-03-10 00:00:00+00:00,CUST-4314,Keyboard,Electronics,South,Ananya,4,1295.72
ORD-202603-04253,2026-03-08 00:00:00+00:00,CUST-0278,Pen Set,Office,East,Ananya,1,294.44
ORD-202603-04254,2026-03-29 00:00:00+00:00,CUST-0600,Mouse Pad,Accessories,East,Ananya,1,431.76
ORD-202603-04255,2026-03-06 00:00:00+00:00,CUST-4196,Notebook,Office,South,Vikram,7,205.01
ORD-202603-04256,2026-03-01 00:00:00+00:00,CUST-4538,Mouse Pad,Accessories,South,Amit,5,364.64
ORD-202603-04257,2026-03-13 00:00:00+00:00,CUST-3341,Mouse Pad,accessories,Central,Amit,5,370.53
ORD-202603-04258,2026-03-10 00:00:00+00:00,CUST-4861,Study Table,Furniture,East,Neha,1,5593.83
ORD-202603-04259,2026-03-19 00:00:00+00:00,CUST-3716,Headphones,Electronics,South,Vikram,5,2361.8
ORD-202603-04260,2026-03-11 00:00:00+00:00,CUST-3290,Laptop Stand,Accessories,East,Karan,1,1407.77
ORD-202603-04261,2026-03-12 00:00:00+00:00,CUST-0119,Keyboard,Electronics,Central,Amit,2,1425.67
ORD-202603-04262,2026-03-23 00:00:00+00:00,CUST-4192,Mouse Pad,Accessories,North,Neha,6,415.72
ORD-202603-04263,2026-03-24 00:00:00+00:00,CUST-1603,Laptop Stand,Accessories,Central,Rahul,4,1439.78
ORD-202603-04264,2026-03-01 00:00:00+00:00,CUST-4119,Headphones,Electronics,North,,6,2263.01
ORD-202603-04265,2026-03-06 00:00:00+00:00,CUST-0020,Notebook,office,South,Vikram,3,210.75
ORD-202603-04266,2026-03-27 00:00:00+00:00,CUST-2269,Monitor Stand,Furniture,East,Neha,3,2029.88
ORD-202603-04267,2026-03-28 00:00:00+00:00,CUST-3108,Desk Organizer,Office,South,Ananya,6,576.4
ORD-202603-04268,2026-03-29 00:00:00+00:00,CUST-0611,Keyboard,Electronics,Central,Karan,4,1306.1
ORD-202603-04269,2026-03-12 00:00:00+00:00,CUST-1842,Laptop Stand,Accessories,,Ananya,7,1617.87
ORD-202603-04270,2026-03-16 00:00:00+00:00,CUST-0416,Study Table,Furniture,East,Karan,4,5018.88
ORD-202603-04271,2026-03-05 00:00:00+00:00,CUST-2336,Headphones,Electronics,South ,Vikram,2,2614.95
ORD-202603-04272,2026-03-04 00:00:00+00:00,CUST-0519,Study Table,Furniture,Central,Karan,1,5897.95
ORD-202603-04273,2026-03-19 00:00:00+00:00,CUST-1222,Study Table,Furniture,South,Ananya,2,5521.55
ORD-202603-04274,2026-03-02 00:00:00+00:00,CUST-2566,Wireless Mouse,Electronics,Central,Ananya,4,872.65
ORD-202603-04275,2026-03-06 00:00:00+00:00,CUST-2264,Monitor Stand,Furniture,Central,Neha,5,1891.72
ORD-202603-04276,2026-03-09 00:00:00+00:00,CUST-0178,Office Chair,Furniture,West,Vikram,1,7308.66
ORD-202603-04277,2026-03-02 00:00:00+00:00,CUST-4051,Mouse Pad,Accessories,,Ananya,2,393.0
ORD-202603-04278,2026-03-05 00:00:00+00:00,CUST-2401,Laptop Stand,Accessories,East,Karan,6,1462.74
ORD-202603-04279,2026-03-01 00:00:00+00:00,CUST-1486,Mouse Pad,Accessories,Central,Ananya,3,409.88
ORD-202603-04280,2026-03-16 00:00:00+00:00,CUST-1435,Headphones,Electronics,East,Neha,6,2553.7
ORD-202603-04281,2026-03-19 00:00:00+00:00,,Office Chair,Furniture,Central,Amit,3,6813.07
ORD-202603-04282,2026-03-13 00:00:00+00:00,CUST-4360,USB Hub,Accessories,South,Sneha,2,876.61
ORD-202603-04283,2026-03-12 00:00:00+00:00,CUST-3802,USB Hub,Accessories,East,Rahul,5,895.38
ORD-202603-04284,2026-03-06 00:00:00+00:00,CUST-0453,Monitor Stand,Furniture,North,Karan,2,2196.04
ORD-202603-04285,2026-03-27 00:00:00+00:00,CUST-4398,Wireless Mouse,Electronics,North,Amit,5,846.7
ORD-202603-04286,2026-03-26 00:00:00+00:00,CUST-3401,USB Hub,Accessories,South,Rahul,2,874.96
ORD-202603-04287,2026-03-14 00:00:00+00:00,CUST-3441,Notebook,Office,Central,,6,193.55
ORD-202603-04288,2026-03-19 00:00:00+00:00,CUST-0406,Webcam,Electronics,South,Neha,7,2049.69
ORD-202603-04289,2026-03-30 00:00:00+00:00,,Headphones,Electronics,Central,Amit,7,2638.57
ORD-202603-04290,2026-03-20 00:00:00+00:00,CUST-2639,Mouse Pad,Accessories,South,Sneha,6,411.25
ORD-202603-04291,2026-03-17 00:00:00+00:00,CUST-3366,Headphones,Electronics,West,Neha,1,2606.02
ORD-202603-04292,2026-03-22 00:00:00+00:00,,USB Hub,Accessories,North,Rahul,6,819.35
ORD-202603-04293,2026-03-25 00:00:00+00:00,CUST-4007,Keyboard,Electronics,East,Rahul,5,1193.16
ORD-202603-04294,,CUST-2747,Wireless Mouse,Electronics,West,Amit,4,769.55
ORD-202603-04295,2026-03-06 00:00:00+00:00,CUST-4203,Desk Organizer,Office,Central,Priya,6,595.72
ORD-202603-04296,2026-03-21 00:00:00+00:00,CUST-0367,Headphones,Electronics,South,Amit,6,2604.45
ORD-202603-04297,2026-03-28 00:00:00+00:00,CUST-1443,Wireless Mouse,Electronics,East,Amit,7,844.08
ORD-202603-04298,2026-03-05 00:00:00+00:00,CUST-2501,Wireless Mouse,Electronics,East,Karan,5,860.49
ORD-202603-04299,2026-03-31 00:00:00+00:00,CUST-3929,Notebook,Office,East,Ananya,5,189.88
ORD-202603-04300,2026-03-12 00:00:00+00:00,CUST-2544,Mouse Pad,Accessories,South,Rahul,3,418.79
ORD-202603-04301,2026-03-28 00:00:00+00:00,,Notebook,Office ,Central,Rahul,5,218.69
ORD-202603-04302,2026-03-17 00:00:00+00:00,CUST-4219,Pen Set,Office,East,Priya,4,281.55
ORD-202603-04303,2026-03-15 00:00:00+00:00,CUST-0178,Pen Set,Office,West,Rahul,5,273.27
ORD-202603-04304,2026-03-06 00:00:00+00:00,CUST-0281,Desk Organizer,Office,East,Rahul,3,646.5
ORD-202603-04305,2026-03-25 00:00:00+00:00,CUST-1785,Study Table,Furniture,East,Karan,2,5097.46
ORD-202603-04306,2026-03-30 00:00:00+00:00,CUST-0617,Headphones,Electronics,East,Vikram,3,2608.84
ORD-202603-04307,2026-03-30 00:00:00+00:00,CUST-1544,Keyboard,Electronics,North,Amit,3,1269.73
ORD-202603-04308,2026-03-08 00:00:00+00:00,CUST-4901,Office Chair,Furniture,South,Neha,2,6796.75
ORD-202603-04309,2026-03-21 00:00:00+00:00,CUST-2117,Wireless Mouse,Electronics,West,Priya,1,869.41
ORD-202603-04310,2026-03-24 00:00:00+00:00,CUST-2437,USB Hub,Accessories,Central,Priya,3,872.24
ORD-202603-04311,2026-03-30 00:00:00+00:00,CUST-1995,Notebook,Office,West,Ananya,4,195.32
ORD-202603-04312,2026-03-30 00:00:00+00:00,CUST-3553,Wireless Mouse,Electronics,West,Neha,5,721.61
ORD-202603-04313,2026-03-20 00:00:00+00:00,CUST-1934,Monitor Stand,Furniture,Central,Priya,5,1872.48
ORD-202603-04314,2026-03-09 00:00:00+00:00,CUST-1459,Monitor Stand,Furniture,West,Ananya,2,1943.62
ORD-202603-04315,2026-03-06 00:00:00+00:00,CUST-0078,Office Chair,Furniture,Central,Neha,2,7231.28
ORD-202603-04316,2026-03-15 00:00:00+00:00,CUST-3151,Desk Organizer,Office,South,Neha,1,546.76
ORD-202603-04317,2026-03-20 00:00:00+00:00,CUST-3984,Office Chair,Furniture,Central,Amit,5,6788.34
ORD-202603-04318,2026-03-08 00:00:00+00:00,CUST-2117,Notebook,Office,Central,Vikram,5,193.64
ORD-202603-04319,2026-03-20 00:00:00+00:00,CUST-1573,Desk Organizer,Office,,Rahul,4,633.86
ORD-202603-04320,2026-03-26 00:00:00+00:00,CUST-4159,Wireless Mouse,Electronics,South,Ananya,4,763.04
ORD-202603-04321,2026-03-18 00:00:00+00:00,CUST-4746,Headphones,Electronics,West,Rahul,5,2694.88
ORD-202603-04322,2026-03-25 00:00:00+00:00,CUST-2171,Wireless Mouse,Electronics,Central,Ananya,3,869.95
ORD-202603-04323,2026-03-10 00:00:00+00:00,CUST-1023,Keyboard,Electronics,East,Vikram,6,1226.67
ORD-202603-04324,2026-03-28 00:00:00+00:00,CUST-3384,Notebook,Office,South,Priya,7,194.13
ORD-202603-04325,2026-03-31 00:00:00+00:00,CUST-3113,Desk Organizer,Office,North,Amit,2,626.97
ORD-202603-04326,2026-03-02 00:00:00+00:00,CUST-1662,Study Table,Furniture,Central,Neha,4,5244.55
ORD-202603-04327,2026-03-09 00:00:00+00:00,CUST-4047,Headphones,Electronics,North,Rahul,3,2661.94
ORD-202603-04328,2026-03-23 00:00:00+00:00,CUST-1024,Pen Set,Office,,Sneha,3,327.34
ORD-202603-04329,2026-03-24 00:00:00+00:00,CUST-0238,Desk Organizer,Office,East,Amit,3,614.74
ORD-202603-04330,2026-03-18 00:00:00+00:00,CUST-1089,Wireless Mouse,Electronics,South,Priya,2,744.88
ORD-202603-04331,2026-03-18 00:00:00+00:00,CUST-3718,Laptop Stand,Accessories,South,Neha,3,1349.68
ORD-202603-04332,2026-03-14 00:00:00+00:00,CUST-2830,Pen Set,Office,North,Sneha,3,293.61
ORD-202603-04333,2026-03-18 00:00:00+00:00,CUST-3431,Keyboard,Electronics,East,Neha,6,1228.05
ORD-202603-04334,2026-03-28 00:00:00+00:00,CUST-2455,Laptop Stand,Accessories,Central,Neha,2,1581.12
ORD-202603-04335,2026-03-02 00:00:00+00:00,CUST-0580,USB Hub,Accessories,West,Sneha,1,893.57
ORD-202603-04336,2026-03-27 00:00:00+00:00,CUST-3512,Keyboard,Electronics,East,Vikram,7,1333.35
ORD-202603-04337,2026-03-03 00:00:00+00:00,,Wireless Mouse,Electronics,East,Karan,7,815.98
ORD-202603-04338,2026-03-22 00:00:00+00:00,CUST-4242,Office Chair,Furniture,South ,Rahul,7,6349.9
ORD-202603-04339,2026-03-11 00:00:00+00:00,CUST-0626,Keyboard,Electronics,Central,Priya,2,1353.04
ORD-202603-04340,2026-03-06 00:00:00+00:00,CUST-0185,Notebook,Office,East,Ananya,3,211.96
ORD-202603-04341,2026-03-01 00:00:00+00:00,CUST-1512,USB Hub,Accessories,Central,Rahul,3,893.83
ORD-202603-04342,2026-03-09 00:00:00+00:00,CUST-3996,Desk Organizer,Office,Central,Priya,2,608.83
ORD-202603-04343,2026-03-01 00:00:00+00:00,CUST-0511,Study Table,Furniture,Central,Vikram,7,5107.23
ORD-202603-04344,2026-03-05 00:00:00+00:00,CUST-4301,Headphones,Electronics,Central,Karan,1,2578.33
ORD-202603-04345,2026-03-13 00:00:00+00:00,CUST-4734,Monitor Stand,Furniture,West,Sneha,5,2174.76
ORD-202603-04346,2026-03-08 00:00:00+00:00,CUST-3555,Keyboard,Electronics,South,Priya,6,1354.07
ORD-202603-04347,2026-03-14 00:00:00+00:00,CUST-4799,Study Table,Furniture,South,Sneha,1,4965.02
ORD-202603-04348,2026-03-24 00:00:00+00:00,CUST-3399,Mouse Pad,Accessories,West,Priya,7,383.79
ORD-202603-04349,2026-03-01 00:00:00+00:00,CUST-0440,Wireless Mouse,Electronics,South,Ananya,2,871.54
ORD-202603-04350,2026-03-11 00:00:00+00:00,CUST-4694,Mouse Pad,Accessories,East,Amit,3,412.43
ORD-202603-04351,,CUST-3977,Study Table,Furniture,West,Vikram,4,5306.2
ORD-202603-04352,2026-03-09 00:00:00+00:00,CUST-4449,Notebook,Office,South,Karan,7,203.0
ORD-202603-04353,2026-03-17 00:00:00+00:00,CUST-0600,Keyboard,Electronics,North,Priya,7,1211.52
ORD-202603-04354,2026-03-08 00:00:00+00:00,,Desk Organizer,Office,North,Karan,2,649.87
ORD-202603-04355,2026-03-07 00:00:00+00:00,CUST-1000,Office Chair,Furniture,West,Amit,3,6844.99
ORD-202603-04356,2026-03-02 00:00:00+00:00,CUST-3218,Pen Set,Office,North,Neha,5,280.59
ORD-202603-04357,2026-03-22 00:00:00+00:00,CUST-3070,USB Hub,Accessories,West,Priya,3,822.57
ORD-202603-04358,2026-03-11 00:00:00+00:00,CUST-2677,Pen Set,Office,North,Amit,1,271.19
ORD-202603-04359,2026-03-26 00:00:00+00:00,CUST-0831,Laptop Stand,Accessories,West,Rahul,6,1542.49
ORD-202603-04360,2026-03-03 00:00:00+00:00,CUST-0534,Headphones,Electronics,West,Sneha,4,2589.68
ORD-202603-04361,2026-03-07 00:00:00+00:00,CUST-4912,Study Table,Furniture,South,Sneha,1,5673.37
ORD-202603-04362,2026-03-18 00:00:00+00:00,CUST-1151,USB Hub,Accessories,South,Priya,5,865.58
ORD-202603-04363,2026-03-27 00:00:00+00:00,CUST-4792,Desk Organizer,Office,East,Vikram,7,634.04
ORD-202603-04364,2026-03-06 00:00:00+00:00,CUST-2525,Notebook,Office,East,Priya,5,212.53
ORD-202603-04365,2026-03-10 00:00:00+00:00,CUST-0100,Study Table,Furniture,Central,Sneha,4,5612.36
ORD-202603-04366,2026-03-09 00:00:00+00:00,CUST-2261,Mouse Pad,Accessories,West,Priya,6,408.22
ORD-202603-04367,2026-03-02 00:00:00+00:00,CUST-4386,Webcam,Electronics,East,Sneha,2,1782.19
ORD-202603-04368,2026-03-15 00:00:00+00:00,CUST-2869,Webcam,Electronics,North,Rahul,1,2035.0
ORD-202603-04369,2026-03-21 00:00:00+00:00,CUST-4729,Mouse Pad,Accessories,Central,Priya,4,365.85
ORD-202603-04370,2026-03-12 00:00:00+00:00,CUST-3986,Monitor Stand,Furniture,East,Sneha,-1,2119.87
ORD-202603-04371,2026-03-22 00:00:00+00:00,CUST-4436,Headphones,Electronics,Central,Priya,4,2458.34
ORD-202603-04372,2026-03-10 00:00:00+00:00,CUST-4018,Keyboard,Electronics,South,Ananya,5,1194.6
ORD-202603-04373,2026-03-17 00:00:00+00:00,CUST-3457,Webcam,Electronics,South,Ananya,6,1732.42
ORD-202603-04374,2026-03-30 00:00:00+00:00,CUST-1360,Monitor Stand,Furniture,West,Rahul,5,2194.3
ORD-202603-04375,2026-03-05 00:00:00+00:00,CUST-3119,Notebook,Office,West,Ananya,5,201.75
ORD-202603-04376,2026-03-02 00:00:00+00:00,CUST-1328,Office Chair,Furniture,North,Karan,7,6921.16
ORD-202603-04377,2026-03-04 00:00:00+00:00,CUST-3196,Notebook,Office,West,Vikram,7,215.93
ORD-202603-04378,2026-03-28 00:00:00+00:00,CUST-3078,Notebook,Office,East,Karan,6,197.53
ORD-202603-04379,2026-03-19 00:00:00+00:00,CUST-3981,Pen Set,Office,,Rahul,7,319.75
ORD-202603-04380,2026-03-29 00:00:00+00:00,CUST-1895,Keyboard,Electronics,East,Priya,4,1390.89
ORD-202603-04381,2026-03-12 00:00:00+00:00,CUST-1478,Pen Set,Office,East,Neha,6,313.95
ORD-202603-04382,2026-03-31 00:00:00+00:00,CUST-4800,Notebook,Office,West,Priya,4,182.89
ORD-202603-04383,2026-03-12 00:00:00+00:00,CUST-1659,Office Chair,Furniture,,Amit,5,7635.42
ORD-202603-04384,2026-03-27 00:00:00+00:00,CUST-3173,Keyboard,Electronics,North,Priya,5,1332.08
ORD-202603-04385,2026-03-17 00:00:00+00:00,CUST-4427,Mouse Pad,Accessories,South,Amit,1,391.7
ORD-202603-04386,2026-03-26 00:00:00+00:00,CUST-1290,Monitor Stand,Furniture,Central,Rahul,1,2105.52
ORD-202603-04387,2026-03-25 00:00:00+00:00,CUST-1915,Office Chair,Furniture,South,Rahul,7,6402.59
ORD-202603-04388,2026-03-08 00:00:00+00:00,CUST-0528,Webcam,Electronics,East,Amit,3,1776.89
ORD-202603-04389,2026-03-24 00:00:00+00:00,CUST-0882,Desk Organizer,Office,South,Ananya,1,620.28
ORD-202603-04390,2026-03-06 00:00:00+00:00,CUST-3620,USB Hub,Accessories,East,Neha,1,922.29
ORD-202603-04391,2026-03-16 00:00:00+00:00,CUST-0585,Office Chair,Furniture,West,Rahul,1,7033.15
ORD-202603-04392,2026-03-19 00:00:00+00:00,CUST-1604,Pen Set,Office,West,Priya,-1,309.44
ORD-202603-04393,2026-03-02 00:00:00+00:00,CUST-0691,Mouse Pad,Accessories,North,Neha,6,434.9
ORD-202603-04394,2026-03-17 00:00:00+00:00,CUST-0957,Wireless Mouse,Electronics,Central,Karan,6,739.92
ORD-202603-04395,2026-03-07 00:00:00+00:00,CUST-4004,Desk Organizer,Office,West,Amit,1,580.17
ORD-202603-04396,2026-03-23 00:00:00+00:00,CUST-1263,Notebook,Office,West,Rahul,4,190.78
ORD-202603-04397,2026-03-15 00:00:00+00:00,CUST-2490,Mouse Pad,Accessories,West,Neha,5,433.73
ORD-202603-04398,2026-03-04 00:00:00+00:00,CUST-3473,Desk Organizer,Office,,Ananya,7,561.53
ORD-202603-04399,2026-03-31 00:00:00+00:00,CUST-4639,Study Table,Furniture,Central,Karan,7,5353.6
ORD-202603-04400,2026-03-09 00:00:00+00:00,CUST-3291,Headphones,Electronics,West,Ananya,7,2701.84
ORD-202603-04401,2026-03-18 00:00:00+00:00,CUST-2002,Study Table,Furniture,Central,Vikram,6,5686.01
ORD-202603-04402,2026-03-21 00:00:00+00:00,CUST-0505,Headphones,Electronics,West,Karan,6,2264.67
ORD-202603-04403,2026-03-26 00:00:00+00:00,CUST-2209,Pen Set,Office,Central,Ananya,6,326.52
ORD-202603-04404,2026-03-19 00:00:00+00:00,CUST-3325,Mouse Pad,Accessories,East,Neha,6,363.9
ORD-202603-04405,2026-03-21 00:00:00+00:00,CUST-0069,Desk Organizer,Office,South,Ananya,7,601.62
ORD-202603-04406,2026-03-11 00:00:00+00:00,CUST-3083,Mouse Pad,accessories,East,Neha,2,378.42
ORD-202603-04407,2026-03-10 00:00:00+00:00,CUST-0060,Notebook,Office,North,Sneha,-1,204.25
ORD-202603-04408,2026-03-05 00:00:00+00:00,CUST-4002,USB Hub,Accessories, East,Rahul,2,860.1
ORD-202603-04409,2026-03-31 00:00:00+00:00,CUST-4803,Pen Set,Office,West,Ananya,7,317.99
ORD-202603-04410,2026-03-27 00:00:00+00:00,CUST-0436,Webcam,Electronics,West,Amit,5,1923.76
ORD-202603-04411,2026-03-08 00:00:00+00:00,CUST-4672,Webcam,Electronics,South,Ananya,4,1827.94
ORD-202603-04412,2026-03-26 00:00:00+00:00,CUST-1362,USB Hub,Accessories,East,Priya,3,964.74
ORD-202603-04413,2026-03-21 00:00:00+00:00,CUST-0382,Headphones,Electronics,East,Vikram,2,2637.56
ORD-202603-04414,2026-03-05 00:00:00+00:00,CUST-4018,Laptop Stand,Accessories,North,Priya,3,1496.94
ORD-202603-04415,2026-03-08 00:00:00+00:00,CUST-1588,Keyboard,Electronics,West,Amit,7,1296.72
ORD-202603-04416,2026-03-24 00:00:00+00:00,CUST-2199,Webcam,Electronics,East,Ananya,7,1886.8
ORD-202603-04417,2026-03-31 00:00:00+00:00,CUST-4922,USB Hub,Accessories,,Ananya,7,906.2
ORD-202603-04418,2026-03-05 00:00:00+00:00,CUST-4545,Mouse Pad,Accessories,West,Karan,5,427.58
ORD-202603-04419,2026-03-30 00:00:00+00:00,CUST-2684,Pen Set,Office,North,Karan,5,273.51
ORD-202603-04420,2026-03-14 00:00:00+00:00,CUST-3461,USB Hub,Accessories,East,Neha,1,878.94
ORD-202603-04421,2026-03-29 00:00:00+00:00,CUST-1386,Pen Set,Office,South,Sneha,5,313.96
ORD-202603-04422,2026-03-15 00:00:00+00:00,CUST-0272,USB Hub,Accessories,West,Karan,6,982.44
ORD-202603-04423,2026-03-09 00:00:00+00:00,CUST-3521,USB Hub,Accessories,,Amit,3,836.64
ORD-202603-04424,2026-03-13 00:00:00+00:00,CUST-2257,Wireless Mouse,Electronics,South,Rahul,6,726.05
ORD-202603-04425,2026-03-16 00:00:00+00:00,CUST-4631,Office Chair,Furniture,West,Ananya,5,7426.08
ORD-202603-04426,2026-03-11 00:00:00+00:00,CUST-1485,Desk Organizer,Office,North,Ananya,7,655.36
ORD-202603-04427,2026-03-09 00:00:00+00:00,CUST-1105,Wireless Mouse,Electronics,South,Karan,1,833.31
ORD-202603-04428,2026-03-15 00:00:00+00:00,CUST-3805,Wireless Mouse,electronics,West,,5,807.64
ORD-202603-04429,2026-03-10 00:00:00+00:00,CUST-2661,Desk Organizer,Office,,Neha,3,567.06
ORD-202603-04430,2026-03-23 00:00:00+00:00,CUST-0750,Headphones,Electronics,North,Priya,1,2728.09
ORD-202603-04431,2026-03-09 00:00:00+00:00,CUST-3207,Study Table,Furniture,East,Sneha,3,5743.45
ORD-202603-04432,2026-03-11 00:00:00+00:00,,Office Chair,Furniture,South,Neha,6,7270.71
ORD-202603-04433,2026-03-25 00:00:00+00:00,CUST-3138,USB Hub,Accessories,Central,Karan,2,967.68
ORD-202603-04434,2026-03-18 00:00:00+00:00,CUST-3649,Monitor Stand,Furniture,Central,Sneha,5,2149.19
ORD-202603-04435,2026-03-26 00:00:00+00:00,CUST-0830,Mouse Pad,Accessories,North,Ananya,2,365.54
ORD-202603-04436,2026-03-12 00:00:00+00:00,CUST-2930,Monitor Stand,Furniture,South,Priya,4,1807.08
ORD-202603-04437,2026-03-25 00:00:00+00:00,CUST-3461,Wireless Mouse,Electronics,East,Vikram,2,754.69
ORD-202603-04438,2026-03-31 00:00:00+00:00,CUST-2807,Notebook,Office,South,Neha,6,215.33
ORD-202603-04439,2026-03-01 00:00:00+00:00,CUST-4696,Office Chair,Furniture,West,Vikram,7,7046.1
ORD-202603-04440,2026-03-22 00:00:00+00:00,CUST-4760,Webcam,Electronics,North,Rahul,4,1955.03
ORD-202603-04441,2026-03-29 00:00:00+00:00,CUST-2701,Office Chair,Furniture,central,Priya,3,6783.41
ORD-202603-04442,2026-03-27 00:00:00+00:00,CUST-4319,Office Chair,Furniture,South,Ananya,7,6893.8
ORD-202603-04443,2026-03-13 00:00:00+00:00,CUST-0385,Office Chair,Furniture,South,Sneha,7,6719.07
ORD-202603-04444,2026-03-14 00:00:00+00:00,CUST-4610,Pen Set,Office,South,Amit,7,325.33
ORD-202603-04445,2026-03-10 00:00:00+00:00,CUST-0747,Keyboard,Electronics,Central,Priya,6,1276.15
ORD-202603-04446,2026-03-08 00:00:00+00:00,CUST-4112,Monitor Stand,Furniture,South,Neha,2,2133.29
ORD-202603-04447,2026-03-25 00:00:00+00:00,CUST-2230,Study Table,Furniture,South,Ananya,2,5120.02
ORD-202603-04448,2026-03-03 00:00:00+00:00,CUST-1754,Notebook,Office,South,Rahul,4,191.73
ORD-202603-04449,2026-03-14 00:00:00+00:00,CUST-4211,USB Hub,Accessories,North,Vikram,4,841.73
ORD-202603-04450,2026-03-26 00:00:00+00:00,CUST-0849,Mouse Pad,Accessories,Central,Rahul,2,382.52
ORD-202603-04451,2026-03-22 00:00:00+00:00,CUST-2885,Monitor Stand,Furniture,West,Rahul,2,2066.01
ORD-202603-04452,2026-03-22 00:00:00+00:00,CUST-1491,Wireless Mouse,Electronics,East,Neha,3,741.7
ORD-202603-04453,2026-03-15 00:00:00+00:00,CUST-1324,Mouse Pad,Accessories,North,Neha,3,401.87
ORD-202603-04454,2026-03-26 00:00:00+00:00,,Headphones,Electronics,North,Rahul,2,2250.66
ORD-202603-04455,2026-03-12 00:00:00+00:00,CUST-0815,Office Chair,furniture,South,Priya,4,7675.25
ORD-202603-04456,2026-03-22 00:00:00+00:00,CUST-4819,Pen Set,Office,Central,Vikram,4,271.23
ORD-202603-04457,2026-03-01 00:00:00+00:00,CUST-0136,Study Table,Furniture,East,Karan,1,5778.78
ORD-202603-04458,2026-03-02 00:00:00+00:00,CUST-1019,Monitor Stand,Furniture,Central,Rahul,1,2146.63
ORD-202603-04459,2026-03-09 00:00:00+00:00,CUST-1875,Keyboard,Electronics,South,Rahul,1,1427.92
ORD-202603-04460,2026-03-14 00:00:00+00:00,CUST-1132,Mouse Pad,Accessories,North,Sneha,6,410.98
ORD-202603-04461,2026-03-10 00:00:00+00:00,CUST-1300,Monitor Stand,Furniture,South,Rahul,6,2041.61
ORD-202603-04462,2026-03-11 00:00:00+00:00,CUST-3290,Wireless Mouse,Electronics,South,Neha,2,808.2
ORD-202603-04463,2026-03-03 00:00:00+00:00,CUST-0303,Study Table,Furniture,West,Rahul,7,5790.02
ORD-202603-04464,2026-03-14 00:00:00+00:00,CUST-2768,USB Hub,Accessories,North,Priya,2,965.66
ORD-202603-04465,2026-03-03 00:00:00+00:00,CUST-2033,Mouse Pad,Accessories,Central,,7,401.21
ORD-202603-04466,2026-03-21 00:00:00+00:00,CUST-2823,Keyboard,Electronics,West,Rahul,2,1356.2
ORD-202603-04467,2026-03-25 00:00:00+00:00,CUST-1735,Laptop Stand,Accessories,East,Rahul,6,1637.63
ORD-202603-04468,2026-03-18 00:00:00+00:00,CUST-4536,Monitor Stand,Furniture,West,Karan,3,1843.82
ORD-202603-04469,2026-03-11 00:00:00+00:00,CUST-1653,Monitor Stand,Furniture,west,Sneha,6,2034.87
ORD-202603-04470,2026-03-20 00:00:00+00:00,CUST-2786,Keyboard,Electronics,West,Amit,1,1186.6
ORD-202603-04471,2026-03-27 00:00:00+00:00,CUST-2190,Notebook,Office,North,Priya,5,196.44
ORD-202603-04472,2026-03-07 00:00:00+00:00,CUST-2902,Keyboard,Electronics,East,Neha,7,1357.75
ORD-202603-04473,2026-03-07 00:00:00+00:00,CUST-1983,Monitor Stand,Furniture,South,Vikram,1,1951.15
ORD-202603-04474,2026-03-16 00:00:00+00:00,CUST-3307,USB Hub,Accessories,South,Sneha,3,827.1
ORD-202603-04475,2026-03-14 00:00:00+00:00,CUST-1025,Webcam,Electronics,West,Karan,7,2024.3
ORD-202603-04476,2026-03-08 00:00:00+00:00,CUST-2553,Notebook,Office,South,Amit,7,188.81
ORD-202603-04477,2026-03-10 00:00:00+00:00,CUST-4260,Headphones,Electronics,South,Ananya,4,2500.17
ORD-202603-04478,2026-03-16 00:00:00+00:00,CUST-2908,Desk Organizer,Office,West,Sneha,1,557.05
ORD-202603-04479,2026-03-29 00:00:00+00:00,CUST-1011,Laptop Stand,Accessories,North,Priya,7,1645.7
ORD-202603-04480,2026-03-10 00:00:00+00:00,CUST-3734,Laptop Stand,Accessories,South,Rahul,2,1463.84
ORD-202603-04481,2026-03-05 00:00:00+00:00,CUST-1596,Desk Organizer,Office,West,Rahul,3,637.54
ORD-202603-04482,2026-03-07 00:00:00+00:00,CUST-4577,Study Table, Furniture,East,Priya,6,5372.03
ORD-202603-04483,2026-03-19 00:00:00+00:00,CUST-4127,Headphones,Electronics,South,Neha,1,2423.86
ORD-202603-04484,2026-03-30 00:00:00+00:00,CUST-4661,Notebook,Office,South,Karan,4,188.67
ORD-202603-04485,2026-03-29 00:00:00+00:00,CUST-4179,Webcam,Electronics,East,Amit,5,1862.74
ORD-202603-04486,2026-03-09 00:00:00+00:00,CUST-3340,Wireless Mouse,Electronics,West,Neha,1,858.97
ORD-202603-04487,2026-03-10 00:00:00+00:00,CUST-3306,Webcam,Electronics,north,Sneha,4,1960.4
ORD-202603-04488,2026-03-20 00:00:00+00:00,CUST-1344,Wireless Mouse,Electronics,West,Amit,1,727.58
ORD-202603-04489,2026-03-08 00:00:00+00:00,CUST-1853,Office Chair,Furniture,West,Karan,5,7056.51
ORD-202603-04490,,CUST-4336,Mouse Pad,Accessories,South,Ananya,7,398.82
ORD-202603-04491,2026-03-28 00:00:00+00:00,CUST-3092,Notebook,Office,West,Priya,2,206.44
ORD-202603-04492,2026-03-18 00:00:00+00:00,CUST-3470,USB Hub,Accessories,East,Karan,2,944.91
ORD-202603-04493,2026-03-23 00:00:00+00:00,CUST-1071,Webcam,Electronics, North,Priya,1,1923.97
ORD-202603-04494,2026-03-23 00:00:00+00:00,CUST-1839,USB Hub,Accessories,West,Neha,3,966.59
ORD-202603-04495,2026-03-06 00:00:00+00:00,CUST-1255,Keyboard,Electronics ,West,Sneha,1,1335.9
ORD-202603-04496,2026-03-19 00:00:00+00:00,CUST-3138,Wireless Mouse,Electronics,West,Ananya,7,773.12
ORD-202603-04497,2026-03-08 00:00:00+00:00,CUST-2599,Headphones,Electronics,North,Neha,1,2437.19
ORD-202603-04498,2026-03-27 00:00:00+00:00,CUST-2114,Wireless Mouse,Electronics,East,Amit,5,856.29
ORD-202603-04499,2026-03-23 00:00:00+00:00,CUST-3843,Notebook,Office,North,Amit,3,189.44
ORD-202603-04500,2026-03-01 00:00:00+00:00,CUST-4168,Wireless Mouse,Electronics,West,Amit,6,741.88
ORD-202603-04501,2026-03-09 00:00:00+00:00,CUST-4649,USB Hub,Accessories,East,Amit,1,944.37
ORD-202603-04502,2026-03-03 00:00:00+00:00,CUST-1684,Desk Organizer,Office,,Priya,4,590.31
ORD-202603-04503,,CUST-2414,Notebook,Office,Central,Vikram,1,188.12
ORD-202603-04504,2026-03-18 00:00:00+00:00,CUST-2199,Notebook,Office,North,Sneha,5,212.12
ORD-202603-04505,2026-03-30 00:00:00+00:00,CUST-4670,Webcam,Electronics,South,Karan,2,1779.35
ORD-202603-04506,2026-03-13 00:00:00+00:00,CUST-3965,Keyboard,Electronics,East,Priya,5,1359.39
ORD-202603-04507,2026-03-15 00:00:00+00:00,CUST-4622,Headphones,Electronics,Central,Karan,3,2419.12
ORD-202603-04508,2026-03-07 00:00:00+00:00,CUST-1003,USB Hub,accessories,North,Sneha,2,937.18
ORD-202603-04509,2026-03-19 00:00:00+00:00,CUST-2726,Study Table,Furniture,Central,Vikram,2,5799.12
ORD-202603-04510,2026-03-11 00:00:00+00:00,CUST-2821,Monitor Stand,Furniture,West,Rahul,5,1861.98
ORD-202603-04511,2026-03-23 00:00:00+00:00,CUST-2139,Keyboard,Electronics,North,Rahul,2,1383.39
ORD-202603-04512,2026-03-21 00:00:00+00:00,CUST-2245,Wireless Mouse,Electronics,Central,Neha,7,817.93
ORD-202603-04513,2026-03-04 00:00:00+00:00,CUST-4225,Mouse Pad,Accessories,East,Priya,6,427.65
ORD-202603-04514,2026-03-27 00:00:00+00:00,CUST-1837,Headphones,Electronics,North,Ananya,3,2264.82
ORD-202603-04515,2026-03-10 00:00:00+00:00,CUST-2221,Keyboard,Electronics,North,Ananya,3,1365.73
ORD-202603-04516,2026-03-06 00:00:00+00:00,CUST-0550,USB Hub,Accessories,South,Priya,4,986.37
ORD-202603-04517,2026-03-20 00:00:00+00:00,CUST-3177,Monitor Stand,Furniture,East,Amit,6,2080.12
ORD-202603-04518,2026-03-10 00:00:00+00:00,CUST-0059,Webcam,Electronics,West,Priya,3,2057.68
ORD-202603-04519,2026-03-16 00:00:00+00:00,CUST-3739,Keyboard,Electronics,North,Neha,3,1276.85
ORD-202603-04520,2026-03-05 00:00:00+00:00,CUST-3069,Headphones,Electronics,West,Rahul,5,2599.76
ORD-202603-04521,2026-03-25 00:00:00+00:00,CUST-4800,Pen Set,Office,West,Vikram,2,303.02
ORD-202603-04522,2026-03-31 00:00:00+00:00,CUST-2801,Monitor Stand,Furniture,South,Neha,5,1933.12
ORD-202603-04523,2026-03-11 00:00:00+00:00,CUST-3603,Monitor Stand,Furniture,South,Neha,3,2048.26
ORD-202603-04524,2026-03-01 00:00:00+00:00,CUST-4681,Desk Organizer,Office,South,Rahul,4,582.33
ORD-202603-04525,2026-03-23 00:00:00+00:00,CUST-1143,Mouse Pad,Accessories,East,Ananya,6,434.86
ORD-202603-04526,2026-03-05 00:00:00+00:00,CUST-1507,Desk Organizer,Office,South,Amit,1,634.66
ORD-202603-04527,2026-03-16 00:00:00+00:00,CUST-2604,Wireless Mouse,Electronics,East,Rahul,5,858.27
ORD-202603-04528,2026-03-12 00:00:00+00:00,CUST-0203,Monitor Stand,Furniture,North,Rahul,2,2053.26
ORD-202603-04529,,CUST-1199,Office Chair,Furniture,West,Karan,1,7475.57
ORD-202603-04530,2026-03-07 00:00:00+00:00,CUST-2317,Headphones,Electronics,Central,Karan,3,2432.44
ORD-202603-04531,2026-03-27 00:00:00+00:00,CUST-1223,Webcam,Electronics,South,Karan,6,1960.31
ORD-202603-04532,2026-03-22 00:00:00+00:00,CUST-0210,Study Table,Furniture, West,Vikram,6,5316.19
ORD-202603-04533,2026-03-10 00:00:00+00:00,CUST-3733,Notebook,Office,West,Sneha,2,202.76
ORD-202603-04534,2026-03-01 00:00:00+00:00,CUST-1295,Monitor Stand,Furniture,East,Sneha,3,1827.66
ORD-202603-04535,2026-03-06 00:00:00+00:00,CUST-0087,USB Hub,Accessories,South,Sneha,7,951.51
ORD-202603-04536,2026-03-16 00:00:00+00:00,CUST-3342,Notebook,Office,Central,Rahul,3,195.88
ORD-202603-04537,2026-03-23 00:00:00+00:00,CUST-1134,Wireless Mouse,Electronics,West,Rahul,2,876.34
ORD-202603-04538,2026-03-07 00:00:00+00:00,CUST-2286,Study Table,Furniture,South,Rahul,4,5893.0
ORD-202603-04539,2026-03-22 00:00:00+00:00,CUST-3803,Office Chair,furniture,South,Ananya,6,7159.07
ORD-202603-04540,2026-03-20 00:00:00+00:00,CUST-1636,Office Chair,Furniture,Central,Neha,4,6671.25
ORD-202603-04541,2026-03-03 00:00:00+00:00,,Desk Organizer,Office,West,Ananya,4,614.56
ORD-202603-04542,2026-03-04 00:00:00+00:00,CUST-3997,Laptop Stand,Accessories,Central,Amit,6,1575.96
ORD-202603-04543,2026-03-06 00:00:00+00:00,CUST-3679,Wireless Mouse,Electronics,West,Priya,7,794.56
ORD-202603-04544,2026-03-07 00:00:00+00:00,CUST-1683,Laptop Stand,Accessories,North,Rahul,5,1526.73
ORD-202603-04545,2026-03-01 00:00:00+00:00,CUST-1988,Pen Set,Office,West,Sneha,3,321.5
ORD-202603-04546,2026-03-26 00:00:00+00:00,CUST-0801,Pen Set,Office,Central,Rahul,6,277.3
ORD-202603-04547,2026-03-27 00:00:00+00:00,CUST-0770,Study Table,Furniture,North,Rahul,6,5498.43
ORD-202603-04548,2026-03-28 00:00:00+00:00,,Notebook,Office,West,Vikram,2,213.56
ORD-202603-04549,2026-03-28 00:00:00+00:00,CUST-4713,Laptop Stand,Accessories,West,Sneha,5,1466.37
ORD-202603-04550,2026-03-12 00:00:00+00:00,CUST-4762,USB Hub,Accessories,,Priya,6,968.06
ORD-202603-04551,2026-03-13 00:00:00+00:00,CUST-4257,Monitor Stand,Furniture,Central,Rahul,3,2022.27
ORD-202603-04552,2026-03-19 00:00:00+00:00,CUST-1251,Wireless Mouse,Electronics,East,Sneha,3,783.24
ORD-202603-04553,2026-03-29 00:00:00+00:00,CUST-2957,Pen Set,Office,East,Sneha,5,328.4
ORD-202603-04554,2026-03-21 00:00:00+00:00,CUST-1813,Wireless Mouse,Electronics,North,Sneha,1,744.97
ORD-202603-04555,2026-03-19 00:00:00+00:00,CUST-1378,Mouse Pad,Accessories,South,Rahul,3,386.81
ORD-202603-04556,2026-03-24 00:00:00+00:00,CUST-0875,Keyboard,Electronics,West,Vikram,5,1226.2
ORD-202603-04557,2026-03-27 00:00:00+00:00,CUST-4791,Headphones,Electronics,East,Karan,4,2740.43
ORD-202603-04558,2026-03-17 00:00:00+00:00,CUST-3239,USB Hub,Accessories,South,Neha,1,836.11
ORD-202603-04559,2026-03-24 00:00:00+00:00,CUST-3510,Laptop Stand,Accessories,West,Sneha,1,1384.88
ORD-202603-04560,2026-03-18 00:00:00+00:00,CUST-1385,Wireless Mouse,Electronics,South,Ananya,1,761.27
ORD-202603-04561,2026-03-24 00:00:00+00:00,CUST-4891,Office Chair,Furniture,South,Priya,4,7151.0
ORD-202603-04562,2026-03-25 00:00:00+00:00,CUST-1048,Keyboard,Electronics,East,Priya,1,1237.89
ORD-202603-04563,2026-03-23 00:00:00+00:00,CUST-0911,Desk Organizer,Office,North,Vikram,6,578.29
ORD-202603-04564,2026-03-17 00:00:00+00:00,CUST-2936,Monitor Stand,Furniture,East,Vikram,5,2012.63
ORD-202603-04565,2026-03-28 00:00:00+00:00,CUST-4667,Webcam,Electronics,West,Sneha,4,1950.69
ORD-202603-04566,2026-03-17 00:00:00+00:00,CUST-3823,USB Hub,Accessories,South,Rahul,2,913.35
ORD-202603-04567,2026-03-11 00:00:00+00:00,CUST-4754,Pen Set,Office,East,Ananya,2,305.88
ORD-202603-04568,2026-03-09 00:00:00+00:00,CUST-2958,Monitor Stand,Furniture,North,Sneha,6,2067.33
ORD-202603-04569,2026-03-11 00:00:00+00:00,CUST-1241,Laptop Stand,Accessories,,Ananya,5,1612.1
ORD-202603-04570,2026-03-26 00:00:00+00:00,CUST-2493,Headphones,Electronics,West,Neha,3,2586.51
ORD-202603-04571,,CUST-2496,Keyboard,Electronics,West,Sneha,2,1356.4
ORD-202603-04572,2026-03-14 00:00:00+00:00,CUST-4868,Laptop Stand,Accessories,East,Vikram,3,1467.98
ORD-202603-04573,2026-03-10 00:00:00+00:00,CUST-1474,Office Chair,Furniture,East,Neha,3,7621.43
ORD-202603-04574,2026-03-18 00:00:00+00:00,CUST-1426,Pen Set,Office,West,Karan,-1,317.43
ORD-202603-04575,2026-03-12 00:00:00+00:00,CUST-2063,Headphones,Electronics,South,Priya,2,2540.37
ORD-202603-04576,2026-03-20 00:00:00+00:00,CUST-2365,Monitor Stand,Furniture,South,Karan,6,1978.38
ORD-202603-04577,2026-03-02 00:00:00+00:00,CUST-2935,Pen Set,Office,South,Priya,1,270.23
ORD-202603-04578,2026-03-17 00:00:00+00:00,CUST-0956,Desk Organizer,Office,South ,Priya,5,657.28
ORD-202603-04579,2026-03-07 00:00:00+00:00,CUST-4049,Wireless Mouse,Electronics,West,Amit,1,741.71
ORD-202603-04580,2026-03-14 00:00:00+00:00,CUST-2515,Study Table,Furniture,Central,Vikram,2,5508.99
ORD-202603-04581,2026-03-20 00:00:00+00:00,CUST-2340,Wireless Mouse,Electronics,South,Priya,7,773.72
ORD-202603-04582,2026-03-16 00:00:00+00:00,CUST-2428,Wireless Mouse,Electronics,South,Karan,6,771.2
ORD-202603-04583,2026-03-30 00:00:00+00:00,CUST-4596,Pen Set,Office,North,Amit,7,294.18
ORD-202603-04584,2026-03-04 00:00:00+00:00,CUST-3859,Webcam,Electronics,,Neha,4,1926.52
ORD-202603-04585,2026-03-13 00:00:00+00:00,CUST-2830,Monitor Stand,Furniture,West,Neha,1,1803.1
ORD-202603-04586,2026-03-26 00:00:00+00:00,CUST-2286,Study Table,Furniture,South,Amit,7,5118.57
ORD-202603-04587,2026-03-11 00:00:00+00:00,CUST-1144,Notebook,Office,North,Sneha,6,203.5
ORD-202603-04588,2026-03-03 00:00:00+00:00,CUST-0716,Mouse Pad,Accessories,North,Karan,4,418.1
ORD-202603-04589,2026-03-19 00:00:00+00:00,CUST-4717,Headphones,Electronics,South,Sneha,6,2586.51
ORD-202603-04590,2026-03-31 00:00:00+00:00,CUST-4749,Headphones,Electronics,South,Sneha,3,2744.4
ORD-202603-04591,2026-03-29 00:00:00+00:00,CUST-1390,Wireless Mouse,Electronics,Central,Amit,6,726.73
ORD-202603-04592,2026-03-31 00:00:00+00:00,CUST-1339,Headphones,Electronics,Central,Priya,6,2506.59
ORD-202603-04593,2026-03-13 00:00:00+00:00,CUST-4278,USB Hub,Accessories,East,Sneha,1,884.34
ORD-202603-04594,2026-03-28 00:00:00+00:00,CUST-1225,Desk Organizer,Office,North,Priya,1,562.93
ORD-202603-04595,2026-03-01 00:00:00+00:00,CUST-3417,Wireless Mouse,Electronics,Central,Ananya,6,861.4
ORD-202603-04596,2026-03-03 00:00:00+00:00,CUST-4509,Headphones,Electronics,West,Priya,6,2320.83
ORD-202603-04597,2026-03-24 00:00:00+00:00,CUST-4633,Laptop Stand,Accessories,Central,Ananya,3,1500.38
ORD-202603-04598,2026-03-01 00:00:00+00:00,CUST-3313,Mouse Pad,Accessories,North,Karan,4,374.43
ORD-202603-04599,2026-03-19 00:00:00+00:00,CUST-0577,USB Hub,Accessories,North,Priya,1,887.58
ORD-202603-04600,2026-03-20 00:00:00+00:00,CUST-4430,Headphones,Electronics,North,Sneha,2,2644.2
ORD-202603-04601,2026-03-07 00:00:00+00:00,CUST-0999,Desk Organizer,Office,Central,Rahul,1,623.03
ORD-202603-04602,2026-03-06 00:00:00+00:00,CUST-1439,Headphones,Electronics,West,Neha,1,2599.17
ORD-202603-04603,2026-03-06 00:00:00+00:00,CUST-0887,Keyboard,Electronics,Central,Sneha,1,1224.98
ORD-202603-04604,2026-03-30 00:00:00+00:00,CUST-0263,USB Hub,Accessories,West,Sneha,1,813.21
ORD-202603-04605,2026-03-07 00:00:00+00:00,CUST-0966,Monitor Stand,Furniture,South,,7,2086.98
ORD-202603-04606,2026-03-21 00:00:00+00:00,CUST-2167,Keyboard,Electronics,South,Amit,1,1196.67
ORD-202603-04607,2026-03-27 00:00:00+00:00,CUST-0070,Keyboard,Electronics,North,Rahul,1,1270.47
ORD-202603-04608,2026-03-27 00:00:00+00:00,CUST-1226,Pen Set,Office,South,Neha,4,319.57
ORD-202603-04609,2026-03-09 00:00:00+00:00,CUST-0752,Pen Set,Office,West,Sneha,5,293.59
ORD-202603-04610,2026-03-31 00:00:00+00:00,CUST-3651,Headphones,Electronics,,Amit,5,2481.72
ORD-202603-04611,2026-03-12 00:00:00+00:00,CUST-3419,Pen Set,Office,East,Sneha,1,326.38
ORD-202603-04612,2026-03-30 00:00:00+00:00,CUST-1076,Desk Organizer,Office,Central,Sneha,1,648.01
ORD-202603-04613,2026-03-09 00:00:00+00:00,CUST-4330,Pen Set,Office,North,Priya,1,274.53
ORD-202603-04614,2026-03-04 00:00:00+00:00,CUST-0391,Mouse Pad,Accessories,West,Priya,2,428.27
ORD-202603-04615,2026-03-18 00:00:00+00:00,CUST-0793,USB Hub,Accessories,Central,Sneha,2,898.03
ORD-202603-04616,2026-03-31 00:00:00+00:00,CUST-2365,Laptop Stand,Accessories,Central,Sneha,-1,1588.33
ORD-202603-04617,2026-03-23 00:00:00+00:00,CUST-4544,Wireless Mouse,Electronics,North,Neha,5,775.37
ORD-202603-04618,2026-03-03 00:00:00+00:00,CUST-1411,Notebook,Office,South,Karan,2,217.2
ORD-202603-04619,2026-03-26 00:00:00+00:00,CUST-4819,Office Chair,Furniture,West,Sneha,1,7414.12
ORD-202603-04620,2026-03-25 00:00:00+00:00,CUST-1274,USB Hub,Accessories,East,Sneha,6,889.9
ORD-202603-04621,2026-03-30 00:00:00+00:00,CUST-3165,Desk Organizer,Office,West,Rahul,5,582.31
ORD-202603-04622,2026-03-24 00:00:00+00:00,CUST-1573,Keyboard,Electronics,West,Vikram,1,1223.93
ORD-202603-04623,2026-03-13 00:00:00+00:00,CUST-2986,Keyboard,Electronics,North,Amit,4,1240.65
ORD-202603-04624,2026-03-07 00:00:00+00:00,CUST-1531,Laptop Stand,Accessories,Central,Vikram,6,1481.63
ORD-202603-04625,2026-03-30 00:00:00+00:00,CUST-1226,Laptop Stand,Accessories,North,Amit,2,1455.29
ORD-202603-04626,2026-03-12 00:00:00+00:00,CUST-2211,Mouse Pad,Accessories,West,Priya,6,410.5
ORD-202603-04627,2026-03-17 00:00:00+00:00,CUST-1653,Wireless Mouse,Electronics,Central,Neha,3,820.66
ORD-202603-04628,2026-03-20 00:00:00+00:00,CUST-2885,Keyboard,Electronics,North,Amit,2,1219.37
ORD-202603-04629,2026-03-31 00:00:00+00:00,CUST-2451,Desk Organizer,Office,East,Rahul,2,570.34
ORD-202603-04630,2026-03-16 00:00:00+00:00,CUST-2693,Desk Organizer,Office,East,Ananya,3,544.51
ORD-202603-04631,2026-03-28 00:00:00+00:00,CUST-0744,Office Chair,Furniture,East,Sneha,1,6834.46
ORD-202603-04632,2026-03-22 00:00:00+00:00,CUST-2977,Laptop Stand,Accessories,Central,Rahul,3,1491.04
ORD-202603-04633,2026-03-07 00:00:00+00:00,CUST-3637,Pen Set,Office,North,Ananya,7,275.38
ORD-202603-04634,2026-03-05 00:00:00+00:00,CUST-0644,Headphones,Electronics,West,Neha,1,2291.65
ORD-202603-04635,2026-03-20 00:00:00+00:00,CUST-1003,Study Table,Furniture,North,Ananya,1,5243.64
ORD-202603-04636,2026-03-13 00:00:00+00:00,CUST-0300,Wireless Mouse,Electronics,Central,Amit,3,797.63
ORD-202603-04637,2026-03-02 00:00:00+00:00,CUST-1132,Notebook,Office,Central,Ananya,7,218.24
ORD-202603-04638,2026-03-23 00:00:00+00:00,CUST-4659,Keyboard,Electronics,West,Vikram,5,1406.84
ORD-202603-04639,2026-03-30 00:00:00+00:00,CUST-0478,Office Chair,Furniture,Central,Vikram,4,6856.81
ORD-202603-04640,2026-03-01 00:00:00+00:00,CUST-1115,Webcam,Electronics,North,Amit,6,1920.3
ORD-202603-04641,2026-03-29 00:00:00+00:00,CUST-0694,Wireless Mouse,Electronics,North,Sneha,1,808.53
ORD-202603-04642,2026-03-21 00:00:00+00:00,CUST-4152,Laptop Stand,Accessories,South,Priya,2,1451.96
ORD-202603-04643,2026-03-30 00:00:00+00:00,CUST-2901,Study Table,Furniture,South,Amit,6,5891.48
ORD-202603-04644,2026-03-17 00:00:00+00:00,CUST-0331,Keyboard,Electronics,,Priya,6,1244.86
ORD-202603-04645,2026-03-12 00:00:00+00:00,CUST-1181,Webcam,Electronics,North,Ananya,4,1871.31
ORD-202603-04646,2026-03-29 00:00:00+00:00,CUST-3380,Notebook,Office,North,Priya,2,215.19
ORD-202603-04647,2026-03-19 00:00:00+00:00,CUST-3762,Study Table,Furniture,Central,Sneha,2,5329.54
ORD-202603-04648,2026-03-30 00:00:00+00:00,CUST-3016,Headphones,Electronics,West,Ananya,1,2504.54
ORD-202603-04649,2026-03-09 00:00:00+00:00,CUST-2829,Laptop Stand,Accessories,Central,Rahul,7,1610.1
ORD-202603-04650,2026-03-22 00:00:00+00:00,CUST-2314,Monitor Stand,Furniture,South,Amit,2,1930.04
ORD-202603-04651,2026-03-19 00:00:00+00:00,CUST-4187,Desk Organizer,Office,Central,Amit,6,654.31
ORD-202603-04652,2026-03-17 00:00:00+00:00,CUST-1869,Notebook,Office,North,Ananya,3,187.2
ORD-202603-04653,2026-03-26 00:00:00+00:00,CUST-4826,Laptop Stand,Accessories,West,Neha,7,1554.22
ORD-202603-04654,2026-03-17 00:00:00+00:00,CUST-4322,Office Chair,Furniture,South,Ananya,1,6383.14
ORD-202603-04655,2026-03-26 00:00:00+00:00,CUST-4645,Monitor Stand,Furniture,East,Neha,4,2013.83
ORD-202603-04656,2026-03-14 00:00:00+00:00,CUST-3516,USB Hub,Accessories,Central,Priya,1,837.76
ORD-202603-04657,2026-03-06 00:00:00+00:00,CUST-1724,Monitor Stand,Furniture,North,Sneha,1,2050.37
ORD-202603-04658,2026-03-25 00:00:00+00:00,CUST-3235,Headphones,Electronics,West,Neha,3,2557.39
ORD-202603-04659,2026-03-20 00:00:00+00:00,CUST-2304,Office Chair,Furniture,East,Sneha,5,6882.07
ORD-202603-04660,2026-03-11 00:00:00+00:00,CUST-4638,USB Hub,Accessories,South,Priya,7,975.38
ORD-202603-04661,2026-03-01 00:00:00+00:00,CUST-4536,Headphones,Electronics,Central,Vikram,2,2694.62
ORD-202603-04662,2026-03-08 00:00:00+00:00,CUST-0336,USB Hub,Accessories,West,Rahul,5,941.25
ORD-202603-04663,2026-03-14 00:00:00+00:00,CUST-3768,USB Hub,Accessories,Central,Rahul,6,938.49
ORD-202603-04664,2026-03-14 00:00:00+00:00,CUST-3746,Pen Set,Office,Central,Karan,7,273.18
ORD-202603-04665,2026-03-23 00:00:00+00:00,CUST-3057,Office Chair,Furniture,Central,Amit,2,6752.01
ORD-202603-04666,2026-03-11 00:00:00+00:00,CUST-4840,Study Table,Furniture,West,Vikram,1,5172.54
ORD-202603-04667,2026-03-03 00:00:00+00:00,CUST-0394,Keyboard,Electronics,North,Neha,7,1270.04
ORD-202603-04668,2026-03-26 00:00:00+00:00,CUST-4857,Webcam,Electronics,South,Sneha,7,1750.56
ORD-202603-04669,2026-03-11 00:00:00+00:00,CUST-0022,Office Chair,Furniture, South,Amit,2,6744.6
ORD-202603-04670,2026-03-09 00:00:00+00:00,CUST-0868,Keyboard,Electronics,North,Sneha,1,1317.43
ORD-202603-04671,2026-03-24 00:00:00+00:00,CUST-3229,Webcam,Electronics,South,Sneha,4,1772.22
ORD-202603-04672,2026-03-13 00:00:00+00:00,CUST-4050,Desk Organizer,Office,West,Priya,2,551.77
ORD-202603-04673,2026-03-16 00:00:00+00:00,CUST-4527,Mouse Pad,Accessories,East,Vikram,4,415.49
ORD-202603-04674,2026-03-09 00:00:00+00:00,CUST-0295,Wireless Mouse,Electronics,North,Karan,1,758.56
ORD-202603-04675,2026-03-28 00:00:00+00:00,CUST-4118,Keyboard,Electronics,West,Sneha,7,1293.34
ORD-202603-04676,2026-03-17 00:00:00+00:00,CUST-3461,Office Chair,Furniture,South,Rahul,3,7472.75
ORD-202603-04677,2026-03-10 00:00:00+00:00,CUST-2009,Laptop Stand,Accessories,North,Rahul,1,1462.59
ORD-202603-04678,2026-03-10 00:00:00+00:00,CUST-3207,Desk Organizer,Office,North,Neha,2,550.91
ORD-202603-04679,2026-03-14 00:00:00+00:00,CUST-1980,Pen Set,Office,North,Rahul,5,316.06
ORD-202603-04680,2026-03-20 00:00:00+00:00,CUST-2279,Office Chair,Furniture,South,Vikram,6,7332.86
ORD-202603-04681,2026-03-08 00:00:00+00:00,CUST-1039,Notebook,Office,West,Sneha,1,203.39
ORD-202603-04682,2026-03-25 00:00:00+00:00,CUST-1723,Keyboard,Electronics,South,Vikram,6,1308.85
ORD-202603-04683,2026-03-11 00:00:00+00:00,CUST-3317,Keyboard,Electronics,Central,Karan,7,1364.52
ORD-202603-04684,2026-03-24 00:00:00+00:00,CUST-1196,Headphones,Electronics,South,Sneha,3,2425.66
ORD-202603-04685,2026-03-29 00:00:00+00:00,CUST-3970,Headphones,Electronics,North,Sneha,5,2413.88
ORD-202603-04686,2026-03-10 00:00:00+00:00,CUST-1748,Notebook,Office,North,Sneha,6,204.07
ORD-202603-04687,2026-03-16 00:00:00+00:00,CUST-4616,USB Hub,Accessories,South,Rahul,7,839.02
ORD-202603-04688,2026-03-18 00:00:00+00:00,CUST-0497,Laptop Stand, Accessories,West,Neha,2,1538.94
ORD-202603-04689,2026-03-24 00:00:00+00:00,CUST-1754,Notebook,Office,East,Rahul,7,213.61
ORD-202603-04690,2026-03-12 00:00:00+00:00,CUST-1512,Office Chair,Furniture,Central,Karan,1,7020.17
ORD-202603-04691,2026-03-23 00:00:00+00:00,CUST-2854,Laptop Stand,Accessories,North,Vikram,4,1373.96
ORD-202603-04692,2026-03-21 00:00:00+00:00,CUST-2539,USB Hub,Accessories,North,Sneha,2,928.28
ORD-202603-04693,2026-03-11 00:00:00+00:00,CUST-0324,Study Table,Furniture,East,Sneha,1,5905.18
ORD-202603-04694,2026-03-28 00:00:00+00:00,CUST-2574,USB Hub,Accessories,West,Ananya,2,844.49
ORD-202603-04695,2026-03-02 00:00:00+00:00,CUST-2665,Keyboard,Electronics,East,Sneha,2,1328.14
ORD-202603-04696,2026-03-27 00:00:00+00:00,CUST-2885,Headphones,Electronics,North,Ananya,1,2347.62
ORD-202603-04697,2026-03-12 00:00:00+00:00,CUST-2672,Webcam,Electronics,East,Priya,3,2020.43
ORD-202603-04698,2026-03-28 00:00:00+00:00,CUST-3636,Notebook,Office,West,Vikram,1,189.16
ORD-202603-04699,2026-03-08 00:00:00+00:00,CUST-3602,USB Hub,Accessories,East,Ananya,3,922.27
ORD-202603-04700,2026-03-13 00:00:00+00:00,CUST-0584,Laptop Stand,Accessories,North,Ananya,3,1525.78
ORD-202603-04701,2026-03-04 00:00:00+00:00,CUST-3188,Office Chair,Furniture,North,Neha,4,6823.71
ORD-202603-04702,2026-03-26 00:00:00+00:00,CUST-4251,USB Hub,Accessories,Central,Priya,6,971.0
ORD-202603-04703,2026-03-22 00:00:00+00:00,CUST-2331,Mouse Pad,Accessories,South,Neha,1,431.02
ORD-202603-04704,2026-03-12 00:00:00+00:00,CUST-1830,Webcam,Electronics,,Priya,6,1838.26
ORD-202603-04705,2026-03-19 00:00:00+00:00,CUST-2607,Mouse Pad,Accessories,East,Karan,4,386.88
ORD-202603-04706,2026-03-04 00:00:00+00:00,CUST-0957,Notebook,Office,South,Rahul,7,205.16
ORD-202603-04707,2026-03-20 00:00:00+00:00,CUST-2269,Study Table,Furniture,South ,Sneha,3,5261.44
ORD-202603-04708,2026-03-19 00:00:00+00:00,CUST-0897,Office Chair,Furniture,West,Sneha,1,6724.39
ORD-202603-04709,2026-03-27 00:00:00+00:00,CUST-1795,Wireless Mouse,Electronics,West,Karan,2,722.39
ORD-202603-04710,2026-03-19 00:00:00+00:00,CUST-4030,Wireless Mouse,Electronics,West,Rahul,1,734.11
ORD-202603-04711,2026-03-10 00:00:00+00:00,CUST-4601,Office Chair,Furniture,Central,Rahul,7,7220.22
ORD-202603-04712,2026-03-24 00:00:00+00:00,CUST-2391,Webcam,Electronics,East,Priya,4,1830.94
ORD-202603-04713,2026-03-24 00:00:00+00:00,CUST-4669,Wireless Mouse,Electronics,West,Amit,7,732.08
ORD-202603-04714,2026-03-27 00:00:00+00:00,CUST-1288,Pen Set,Office,South,Neha,5,324.73
ORD-202603-04715,2026-03-21 00:00:00+00:00,CUST-1263,Monitor Stand,Furniture,West,Rahul,7,1917.32
ORD-202603-04716,2026-03-28 00:00:00+00:00,CUST-4658,Desk Organizer,Office,West,Rahul,2,564.15
ORD-202603-04717,2026-03-20 00:00:00+00:00,CUST-3107,Keyboard,Electronics,South,Ananya,3,1304.8
ORD-202603-04718,2026-03-22 00:00:00+00:00,CUST-2931,Webcam,Electronics,Central,Sneha,6,2024.6
ORD-202603-04719,2026-03-29 00:00:00+00:00,CUST-1807,Webcam,Electronics,Central,Amit,6,2040.52
ORD-202603-04720,2026-03-20 00:00:00+00:00,CUST-3172,Webcam,Electronics,West,Neha,7,1824.97
ORD-202603-04721,2026-03-19 00:00:00+00:00,CUST-4703,Pen Set,Office,North,Priya,7,313.48
ORD-202603-04722,2026-03-01 00:00:00+00:00,CUST-1240,Desk Organizer,Office,North,Vikram,3,601.78
ORD-202603-04723,2026-03-08 00:00:00+00:00,CUST-3808,Webcam,Electronics,West,Priya,5,1935.2
ORD-202603-04724,2026-03-04 00:00:00+00:00,CUST-1999,Notebook,Office,Central,Sneha,7,196.61
ORD-202603-04725,2026-03-10 00:00:00+00:00,CUST-1755,Mouse Pad,Accessories,North,Vikram,2,373.24
ORD-202603-04726,2026-03-05 00:00:00+00:00,CUST-1535,USB Hub,Accessories,West,Sneha,1,956.61
ORD-202603-04727,2026-03-20 00:00:00+00:00,CUST-4308,Headphones,Electronics,East,Ananya,4,2521.05
ORD-202603-04728,2026-03-09 00:00:00+00:00,CUST-1230,Wireless Mouse,Electronics,East,Sneha,4,783.32
ORD-202603-04729,2026-03-08 00:00:00+00:00,CUST-2133,Monitor Stand,Furniture,,Rahul,5,2069.1
ORD-202603-04730,2026-03-28 00:00:00+00:00,CUST-4495,Pen Set,Office,North,Karan,2,294.55
ORD-202603-04731,2026-03-14 00:00:00+00:00,CUST-2439,Office Chair,Furniture,East,Rahul,4,7487.68
ORD-202603-04732,2026-03-23 00:00:00+00:00,CUST-0643,Webcam,Electronics,South,Rahul,5,1760.64
ORD-202603-04733,2026-03-02 00:00:00+00:00,CUST-4881,Headphones,Electronics,West,Neha,5,2264.05
ORD-202603-04734,2026-03-20 00:00:00+00:00,CUST-0447,Notebook,Office,East,Karan,1,201.76
ORD-202603-04735,2026-03-28 00:00:00+00:00,CUST-4482,Desk Organizer,Office,West,Karan,1,569.87
ORD-202603-04736,,CUST-1901,Desk Organizer,Office,East,Vikram,4,553.26
ORD-202603-04737,2026-03-06 00:00:00+00:00,CUST-3257,Notebook,Office,Central,Rahul,3,180.31
ORD-202603-04738,2026-03-21 00:00:00+00:00,CUST-3289,Mouse Pad,Accessories,South,Rahul,2,420.58
ORD-202603-04739,2026-03-20 00:00:00+00:00,CUST-1340,Notebook,Office,South,Vikram,6,217.3
ORD-202603-04740,2026-03-23 00:00:00+00:00,CUST-1579,Webcam,Electronics,West,Vikram,3,1942.96
ORD-202603-04741,2026-03-08 00:00:00+00:00,CUST-0667,Headphones,Electronics,East,Neha,5,2635.26
ORD-202603-04742,2026-03-10 00:00:00+00:00,CUST-1012,Headphones,Electronics,North,Karan,5,2668.17
ORD-202603-04743,2026-03-03 00:00:00+00:00,CUST-0274,Laptop Stand,Accessories,South,Amit,6,1590.57
ORD-202603-04744,2026-03-08 00:00:00+00:00,CUST-0273,Desk Organizer,Office,Central,Amit,3,578.25
ORD-202603-04745,2026-03-20 00:00:00+00:00,CUST-2083,Study Table,Furniture,North,Priya,1,4951.69
ORD-202603-04746,2026-03-22 00:00:00+00:00,CUST-4164,Study Table,Furniture,North,Sneha,4,5639.92
ORD-202603-04747,2026-03-18 00:00:00+00:00,CUST-1967,USB Hub,Accessories,West,Priya,2,979.48
ORD-202603-04748,2026-03-04 00:00:00+00:00,CUST-3682,Monitor Stand,Furniture,Central,Ananya,7,2153.93
ORD-202603-04749,2026-03-27 00:00:00+00:00,CUST-1634,Monitor Stand,Furniture,Central,Sneha,7,1801.0
ORD-202603-04750,2026-03-19 00:00:00+00:00,CUST-3224,Office Chair,Furniture,West,Rahul,7,7564.81
ORD-202603-04751,2026-03-02 00:00:00+00:00,CUST-2608,Wireless Mouse,Electronics,South,Karan,6,720.84
ORD-202603-04752,2026-03-31 00:00:00+00:00,CUST-3666,Notebook,Office,West,Neha,7,200.25
ORD-202603-04753,2026-03-19 00:00:00+00:00,CUST-3396,Webcam,Electronics,South,Neha,7,2032.94
ORD-202603-04754,2026-03-01 00:00:00+00:00,CUST-4208,Study Table,Furniture,South,Neha,2,5406.66
ORD-202603-04755,2026-03-13 00:00:00+00:00,CUST-2769,Headphones,Electronics,South,Rahul,5,2590.89
ORD-202603-04756,2026-03-06 00:00:00+00:00,CUST-1330,USB Hub,Accessories,South,Neha,4,850.9
ORD-202603-04757,2026-03-01 00:00:00+00:00,CUST-0419,Webcam,Electronics,West,Priya,1,2077.56
ORD-202603-04758,2026-03-17 00:00:00+00:00,CUST-3954,Study Table,Furniture,Central,Amit,6,4997.59
ORD-202603-04759,2026-03-01 00:00:00+00:00,CUST-1007,Notebook,Office,West,Rahul,1,204.26
ORD-202603-04760,2026-03-03 00:00:00+00:00,CUST-0516,USB Hub,Accessories,Central,Priya,7,815.35
ORD-202603-04761,2026-03-16 00:00:00+00:00,CUST-2129,Office Chair,Furniture,South,Neha,5,6357.63
ORD-202603-04762,2026-03-22 00:00:00+00:00,CUST-4667,Notebook,Office,East,Neha,2,189.86
ORD-202603-04763,2026-03-12 00:00:00+00:00,CUST-1606,Notebook,Office,West,Vikram,1,179.7
ORD-202603-04764,2026-03-03 00:00:00+00:00,CUST-2824,Headphones,Electronics,South,Amit,7,2352.73
ORD-202603-04765,2026-03-23 00:00:00+00:00,CUST-2327,Laptop Stand,Accessories,West,Ananya,6,1395.25
ORD-202603-04766,,CUST-3818,Mouse Pad,Accessories,East,Priya,4,431.87
ORD-202603-04767,2026-03-08 00:00:00+00:00,CUST-4082,USB Hub,Accessories,South,Priya,6,816.55
ORD-202603-04768,2026-03-17 00:00:00+00:00,,Laptop Stand,Accessories,West,Sneha,6,1532.52
ORD-202603-04769,2026-03-06 00:00:00+00:00,CUST-2173,Monitor Stand,Furniture,North,Karan,5,2067.18
ORD-202603-04770,2026-03-26 00:00:00+00:00,CUST-2002,Laptop Stand,Accessories,West,Vikram,4,1595.24
ORD-202603-04771,2026-03-25 00:00:00+00:00,CUST-3534,Notebook,Office,North,Priya,1,193.72
ORD-202603-04772,2026-03-12 00:00:00+00:00,CUST-3530,Notebook,Office,East,Sneha,3,186.33
ORD-202603-04773,2026-03-23 00:00:00+00:00,CUST-1301,Headphones,Electronics,West,Sneha,3,2309.98
ORD-202603-04774,2026-03-02 00:00:00+00:00,CUST-1648,Study Table,Furniture,West,Ananya,1,5105.85
ORD-202603-04775,2026-03-26 00:00:00+00:00,CUST-3589,Headphones,Electronics,South,Rahul,5,2511.0
ORD-202603-04776,2026-03-11 00:00:00+00:00,CUST-3000,Office Chair,Furniture,West,Rahul,2,7134.5
ORD-202603-04777,2026-03-30 00:00:00+00:00,CUST-3660,Notebook,Office,North,Amit,2,210.48
ORD-202603-04778,2026-03-03 00:00:00+00:00,CUST-0007,Laptop Stand,Accessories,Central,Karan,5,1590.28
ORD-202603-04779,2026-03-07 00:00:00+00:00,CUST-4425,Webcam,Electronics,South,Sneha,4,2029.19
ORD-202603-04780,2026-03-06 00:00:00+00:00,CUST-4191,Desk Organizer,Office,Central,Vikram,4,558.23
ORD-202603-04781,2026-03-20 00:00:00+00:00,CUST-4461,USB Hub,Accessories,East,,6,943.11
ORD-202603-04782,2026-03-15 00:00:00+00:00,CUST-0835,Notebook,Office,East,Vikram,4,181.99
ORD-202603-04783,2026-03-01 00:00:00+00:00,CUST-2817,Laptop Stand,Accessories,South,Rahul,5,1613.09
ORD-202603-04784,2026-03-28 00:00:00+00:00,CUST-3069,Laptop Stand,Accessories,West,Amit,5,1506.6
ORD-202603-04785,2026-03-11 00:00:00+00:00,CUST-1446,Webcam,electronics,South,Rahul,1,-100.0
ORD-202603-04786,2026-03-28 00:00:00+00:00,CUST-4277,Study Table,Furniture,West,Priya,4,5630.74
ORD-202603-04787,2026-03-12 00:00:00+00:00,,Study Table,Furniture,North,Karan,4,5562.76
ORD-202603-04788,2026-03-22 00:00:00+00:00,,Headphones,Electronics,West,Amit,1,2510.67
ORD-202603-04789,2026-03-30 00:00:00+00:00,CUST-2858,Keyboard,Electronics,North,Karan,1,1408.66
ORD-202603-04790,2026-03-27 00:00:00+00:00,CUST-2369,Office Chair,Furniture,South,Amit,2,6786.75
ORD-202603-04791,2026-03-22 00:00:00+00:00,CUST-3856,Laptop Stand,Accessories,West,Vikram,3,1582.58
ORD-202603-04792,2026-03-17 00:00:00+00:00,CUST-2523,Headphones,Electronics,West,Sneha,4,2430.0
ORD-202603-04793,2026-03-26 00:00:00+00:00,CUST-0337,Headphones,Electronics,North,Rahul,2,2272.04
ORD-202603-04794,2026-03-30 00:00:00+00:00,CUST-2196,Study Table,Furniture,North,Karan,3,5364.83
ORD-202603-04795,2026-03-16 00:00:00+00:00,CUST-4669,Webcam,Electronics,North,Amit,3,1766.41
ORD-202603-04796,2026-03-26 00:00:00+00:00,CUST-0173,Desk Organizer,Office,North,Priya,7,591.88
ORD-202603-04797,2026-03-01 00:00:00+00:00,CUST-0300,USB Hub,Accessories,South,Sneha,5,823.84
ORD-202603-04798,2026-03-21 00:00:00+00:00,CUST-3871,Mouse Pad,Accessories,South,Priya,7,421.78
ORD-202603-04799,2026-03-30 00:00:00+00:00,CUST-0544,Laptop Stand,Accessories,East,Ananya,5,1526.24
ORD-202603-04800,2026-03-08 00:00:00+00:00,CUST-4782,Keyboard,Electronics,West,Neha,4,1178.94
ORD-202603-04801,2026-03-26 00:00:00+00:00,,Keyboard,Electronics,North,Priya,4,1336.81
ORD-202603-04802,2026-03-24 00:00:00+00:00,CUST-3603,Headphones,Electronics,East,Rahul,2,2726.23
ORD-202603-04803,2026-03-05 00:00:00+00:00,CUST-3498,Webcam,Electronics,North,Vikram,2,1733.14
ORD-202603-04804,2026-03-28 00:00:00+00:00,CUST-4494,Headphones,Electronics,West,Vikram,6,2427.39
ORD-202603-04805,2026-03-19 00:00:00+00:00,CUST-4995,Webcam,Electronics,Central,Karan,3,2048.93
ORD-202603-04806,2026-03-15 00:00:00+00:00,CUST-4358,Desk Organizer,Office,Central,Priya,2,543.11
ORD-202603-04807,2026-03-09 00:00:00+00:00,,Wireless Mouse,Electronics,North,Neha,3,865.89
ORD-202603-04808,2026-03-12 00:00:00+00:00,CUST-1777,Pen Set,Office,West,Neha,4,328.23
ORD-202603-04809,2026-03-16 00:00:00+00:00,CUST-1614,Mouse Pad,Accessories,West,Priya,5,390.22
ORD-202603-04810,2026-03-12 00:00:00+00:00,CUST-1815,Headphones,Electronics,Central,Sneha,7,2481.5
ORD-202603-04811,2026-03-14 00:00:00+00:00,CUST-4851,Webcam,Electronics,North,Rahul,7,2084.41
ORD-202603-04812,2026-03-24 00:00:00+00:00,CUST-2298,Laptop Stand,Accessories,North,Neha,7,1367.06
ORD-202603-04813,2026-03-07 00:00:00+00:00,CUST-0208,Webcam,Electronics,South,Ananya,6,1829.93
ORD-202603-04814,2026-03-30 00:00:00+00:00,CUST-0458,Laptop Stand,Accessories,North,Sneha,7,1368.13
ORD-202603-04815,2026-03-11 00:00:00+00:00,CUST-2784,USB Hub,Accessories,South,Priya,6,943.29
ORD-202603-04816,2026-03-13 00:00:00+00:00,CUST-0224,Pen Set,Office,South,Vikram,1,308.04
ORD-202603-04817,2026-03-14 00:00:00+00:00,CUST-3411,Pen Set,Office,Central,Amit,2,320.73
ORD-202603-04818,2026-03-04 00:00:00+00:00,CUST-0013,Laptop Stand,Accessories,Central,Neha,4,1406.14
ORD-202603-04819,2026-03-17 00:00:00+00:00,CUST-3337,Webcam,Electronics,South,Sneha,6,1916.13
ORD-202603-04820,2026-03-02 00:00:00+00:00,CUST-2644,Desk Organizer,Office,West,Vikram,6,624.52
ORD-202603-04821,2026-03-26 00:00:00+00:00,CUST-3340,Desk Organizer,Office,North,Sneha,7,572.87
ORD-202603-04822,2026-03-26 00:00:00+00:00,CUST-2694,Desk Organizer,Office,South,Ananya,2,645.68
ORD-202603-04823,2026-03-10 00:00:00+00:00,CUST-1985,Pen Set,Office,Central,Rahul,5,280.93
ORD-202603-04824,2026-03-10 00:00:00+00:00,CUST-0389,Webcam,Electronics,Central,Sneha,6,1753.99
ORD-202603-04825,2026-03-08 00:00:00+00:00,CUST-2980,Pen Set,Office,South,Ananya,3,285.9
ORD-202603-04826,2026-03-26 00:00:00+00:00,CUST-0888,Laptop Stand,Accessories,West,Amit,3,1588.24
ORD-202603-04827,2026-03-31 00:00:00+00:00,CUST-4433,Mouse Pad,Accessories,North,Karan,5,416.09
ORD-202603-04828,2026-03-04 00:00:00+00:00,,Notebook,Office,Central,Vikram,7,214.57
ORD-202603-04829,2026-03-05 00:00:00+00:00,CUST-4737,Office Chair,Furniture,South,Sneha,4,7162.48
ORD-202603-04830,2026-03-02 00:00:00+00:00,CUST-2660,Study Table,Furniture,North,Ananya,3,5958.9
ORD-202603-04831,2026-03-14 00:00:00+00:00,CUST-4611,USB Hub,Accessories,East,Priya,1,906.77
ORD-202603-04832,2026-03-10 00:00:00+00:00,CUST-3894,Keyboard,Electronics,Central,Neha,2,1407.69
ORD-202603-04833,2026-03-13 00:00:00+00:00,CUST-4158,Wireless Mouse,Electronics,West,Karan,1,858.16
ORD-202603-04834,2026-03-10 00:00:00+00:00,CUST-1003,Laptop Stand,Accessories,East,Vikram,7,1491.04
ORD-202603-04835,2026-03-18 00:00:00+00:00,CUST-3897,USB Hub,Accessories,South,Amit,6,810.26
ORD-202603-04836,2026-03-31 00:00:00+00:00,CUST-2859,Notebook,Office,North,Amit,5,218.33
ORD-202603-04837,2026-03-31 00:00:00+00:00,CUST-3932,Laptop Stand,Accessories,North,Rahul,2,1498.13
ORD-202603-04838,2026-03-08 00:00:00+00:00,CUST-1199,Laptop Stand,Accessories,North,Rahul,4,1571.24
ORD-202603-04839,2026-03-27 00:00:00+00:00,CUST-1281,Desk Organizer,Office,South,Vikram,1,593.28
ORD-202603-04840,2026-03-23 00:00:00+00:00,CUST-4802,Webcam,Electronics,East,Neha,7,1846.62
ORD-202603-04841,2026-03-29 00:00:00+00:00,CUST-2042,Wireless Mouse,Electronics,North,Rahul,1,776.35
ORD-202603-04842,2026-03-29 00:00:00+00:00,CUST-4622,USB Hub,Accessories,East,Neha,5,872.99
ORD-202603-04843,2026-03-04 00:00:00+00:00,CUST-1112,Pen Set,Office,West,Priya,4,303.75
ORD-202603-04844,2026-03-25 00:00:00+00:00,,Headphones,Electronics,North,Ananya,5,2652.83
ORD-202603-04845,2026-03-24 00:00:00+00:00,CUST-2073,Wireless Mouse,Electronics,East,Amit,1,810.03
ORD-202603-04846,2026-03-31 00:00:00+00:00,CUST-0775,Notebook,Office,South,Sneha,3,200.03
ORD-202603-04847,2026-03-24 00:00:00+00:00,CUST-2102,Headphones,Electronics,West,Karan,6,2402.36
ORD-202603-04848,2026-03-06 00:00:00+00:00,CUST-0738,Study Table,Furniture,South,Amit,6,5458.11
ORD-202603-04849,2026-03-11 00:00:00+00:00,CUST-0725,Laptop Stand,Accessories,West,Ananya,3,1403.0
ORD-202603-04850,2026-03-22 00:00:00+00:00,CUST-0882,Study Table,Furniture,North,Neha,5,5768.1
ORD-202603-04851,2026-03-10 00:00:00+00:00,CUST-1786,Keyboard,Electronics,Central,Vikram,6,1372.57
ORD-202603-04852,2026-03-17 00:00:00+00:00,CUST-3158,Mouse Pad,Accessories,Central,Neha,5,378.13
ORD-202603-04853,2026-03-19 00:00:00+00:00,CUST-1895,USB Hub,Accessories,West,Rahul,3,911.05
ORD-202603-04854,2026-03-27 00:00:00+00:00,CUST-0897,Webcam,Electronics,Central,Sneha,7,1817.27
ORD-202603-04855,,CUST-4769,Laptop Stand,Accessories,West,Priya,7,1642.12
ORD-202603-04856,2026-03-24 00:00:00+00:00,CUST-0920,Laptop Stand,Accessories,South,Ananya,2,1438.69
ORD-202603-04857,2026-03-29 00:00:00+00:00,CUST-3183,Wireless Mouse,Electronics,North,Vikram,1,857.18
ORD-202603-04858,2026-03-25 00:00:00+00:00,CUST-2014,Headphones,Electronics,Central,Sneha,6,2599.12
ORD-202603-04859,2026-03-01 00:00:00+00:00,CUST-0279,Webcam,Electronics,North,Neha,1,2075.84
ORD-202603-04860,2026-03-12 00:00:00+00:00,CUST-3970,Notebook,Office,West,Vikram,6,207.73
ORD-202603-04861,2026-03-17 00:00:00+00:00,CUST-0525,Webcam,Electronics,North,Sneha,6,1940.46
ORD-202603-04862,2026-03-21 00:00:00+00:00,CUST-0668,Keyboard,Electronics,North,Ananya,1,1288.72
ORD-202603-04863,2026-03-25 00:00:00+00:00,CUST-0235,Pen Set,Office,South,Neha,4,297.27
ORD-202603-04864,2026-03-28 00:00:00+00:00,CUST-0785,Laptop Stand,Accessories,West,Karan,6,1349.47
ORD-202603-04865,2026-03-26 00:00:00+00:00,CUST-1573,Wireless Mouse,Electronics,North,Karan,1,878.41
ORD-202603-04866,2026-03-07 00:00:00+00:00,CUST-0378,Headphones,Electronics,North,Amit,6,2532.8
ORD-202603-04867,2026-03-21 00:00:00+00:00,CUST-0905,Notebook,Office,South,Priya,1,202.46
ORD-202603-04868,2026-03-01 00:00:00+00:00,CUST-0319,Headphones,Electronics,East,Sneha,4,2339.29
ORD-202603-04869,2026-03-05 00:00:00+00:00,CUST-1106,Monitor Stand,Furniture,South,Sneha,1,1971.81
ORD-202603-04870,2026-03-10 00:00:00+00:00,CUST-0821,Pen Set,Office,West,Neha,1,282.2
ORD-202603-04871,2026-03-20 00:00:00+00:00,CUST-1413,Webcam,Electronics,East,Rahul,6,1792.21
ORD-202603-04872,2026-03-27 00:00:00+00:00,CUST-3979,Monitor Stand,Furniture,Central,Sneha,1,2018.01
ORD-202603-04873,2026-03-23 00:00:00+00:00,CUST-0592,Desk Organizer,Office,Central,Amit,7,567.96
ORD-202603-04874,2026-03-15 00:00:00+00:00,CUST-4927,Pen Set,Office,South,Amit,1,308.96
ORD-202603-04875,2026-03-03 00:00:00+00:00,CUST-2557,Wireless Mouse,Electronics, West,Ananya,5,779.29
ORD-202603-04876,2026-03-08 00:00:00+00:00,CUST-1025,Webcam,Electronics,West,Amit,3,1852.17
ORD-202603-04877,2026-03-21 00:00:00+00:00,CUST-0809,Notebook,Office,West,Priya,5,207.05
ORD-202603-04878,2026-03-29 00:00:00+00:00,CUST-0911,USB Hub,Accessories,Central,Amit,5,929.7
ORD-202603-04879,2026-03-04 00:00:00+00:00,CUST-3830,Study Table,Furniture,North,Sneha,5,5393.06
ORD-202603-04880,2026-03-02 00:00:00+00:00,CUST-0827,Pen Set,Office,Central,Amit,4,324.72
ORD-202603-04881,2026-03-17 00:00:00+00:00,CUST-2761,Keyboard,Electronics,East,Sneha,7,1254.38
ORD-202603-04882,2026-03-26 00:00:00+00:00,CUST-0219,Study Table,Furniture,North,Priya,4,5739.16
ORD-202603-04883,2026-03-07 00:00:00+00:00,CUST-2215,Monitor Stand,Furniture,South,Sneha,6,2116.42
ORD-202603-04884,2026-03-25 00:00:00+00:00,CUST-4204,Desk Organizer,Office,North,Rahul,3,565.25
ORD-202603-04885,2026-03-31 00:00:00+00:00,CUST-4010,Desk Organizer,Office,South,Neha,5,595.91
ORD-202603-04886,2026-03-17 00:00:00+00:00,CUST-2551,Keyboard,Electronics,North,Priya,5,1174.55
ORD-202603-04887,2026-03-22 00:00:00+00:00,CUST-1297,Desk Organizer,Office,West,Rahul,3,578.65
ORD-202603-04888,2026-03-09 00:00:00+00:00,CUST-1651,Notebook,Office,North,Priya,7,189.85
ORD-202603-04889,2026-03-22 00:00:00+00:00,CUST-1640,Keyboard,Electronics,North,Priya,2,1369.53
ORD-202603-04890,2026-03-14 00:00:00+00:00,CUST-1047,Headphones,Electronics,,Neha,6,2359.42
ORD-202603-04891,2026-03-25 00:00:00+00:00,CUST-3314,Notebook,Office,East,Neha,2,180.11
ORD-202603-04892,2026-03-11 00:00:00+00:00,CUST-0873,Laptop Stand,Accessories,North,Ananya,6,1356.19
ORD-202603-04893,2026-03-18 00:00:00+00:00,CUST-4827,Notebook,Office,West,Sneha,6,209.5
ORD-202603-04894,2026-03-05 00:00:00+00:00,CUST-0551,Monitor Stand,Furniture,Central,Amit,3,1856.42
ORD-202603-04895,2026-03-21 00:00:00+00:00,CUST-3122,Pen Set,Office,South,Rahul,2,307.61
ORD-202603-04896,2026-03-19 00:00:00+00:00,CUST-3332,Study Table,Furniture,South,Vikram,7,5170.78
ORD-202603-04897,2026-03-12 00:00:00+00:00,CUST-3281,Wireless Mouse,Electronics,East,Neha,5,754.52
ORD-202603-04898,2026-03-07 00:00:00+00:00,CUST-3298,Webcam,Electronics,North,Vikram,7,2015.38
ORD-202603-04899,2026-03-30 00:00:00+00:00,CUST-2249,Study Table,Furniture,Central,Rahul,7,-100.0
ORD-202603-04900,2026-03-31 00:00:00+00:00,CUST-0638,Desk Organizer, Office,South,Rahul,7,617.51
ORD-202603-04901,2026-03-16 00:00:00+00:00,,Laptop Stand,Accessories,South,Ananya,6,1627.52
ORD-202603-04902,2026-03-18 00:00:00+00:00,CUST-1058,Laptop Stand,Accessories,West,Priya,5,1609.99
ORD-202603-04903,2026-03-20 00:00:00+00:00,CUST-1018,Desk Organizer,Office,South,Amit,7,640.55
ORD-202603-04904,2026-03-04 00:00:00+00:00,CUST-4092,Wireless Mouse,Electronics,North,Ananya,3,740.85
ORD-202603-04905,2026-03-08 00:00:00+00:00,CUST-0696,Keyboard,Electronics,East,Vikram,4,1212.22
ORD-202603-04906,2026-03-20 00:00:00+00:00,,Study Table,Furniture,Central,Karan,4,6029.2
ORD-202603-04907,2026-03-20 00:00:00+00:00,CUST-1824,Desk Organizer,Office,East,Ananya,3,608.17
ORD-202603-04908,2026-03-12 00:00:00+00:00,CUST-0889,Office Chair,Furniture,North,Rahul,3,7068.15
ORD-202603-04909,2026-03-16 00:00:00+00:00,CUST-4771,Mouse Pad,Accessories,South,Neha,7,399.45
ORD-202603-04910,2026-03-06 00:00:00+00:00,CUST-3259,Webcam,Electronics,Central,Vikram,3,1988.56
ORD-202603-04911,2026-03-23 00:00:00+00:00,CUST-2410,USB Hub,Accessories,West,Amit,1,916.02
ORD-202603-04912,2026-03-10 00:00:00+00:00,CUST-4210,Office Chair,Furniture,North,Amit,3,6508.92
ORD-202603-04913,2026-03-31 00:00:00+00:00,CUST-1717,Webcam,Electronics,South,Sneha,3,1748.01
ORD-202603-04914,2026-03-08 00:00:00+00:00,CUST-1644,Wireless Mouse,Electronics,West,Karan,7,767.49
ORD-202603-04915,2026-03-02 00:00:00+00:00,CUST-0170,Mouse Pad,Accessories,South,Karan,6,428.53
ORD-202603-04916,2026-03-19 00:00:00+00:00,CUST-3809,Notebook,Office,East,Ananya,4,195.11
ORD-202603-04917,2026-03-05 00:00:00+00:00,,USB Hub,Accessories,Central,Karan,6,965.94
ORD-202603-04918,2026-03-09 00:00:00+00:00,CUST-4204,Monitor Stand,Furniture,West,Neha,3,2028.09
ORD-202603-04919,2026-03-17 00:00:00+00:00,CUST-0095,Notebook,Office,West,Priya,2,216.09
ORD-202603-04920,2026-03-02 00:00:00+00:00,CUST-1739,Office Chair,Furniture,West,Vikram,5,7537.14
ORD-202603-04921,2026-03-08 00:00:00+00:00,CUST-4795,Webcam,Electronics,South,Amit,5,-100.0
ORD-202603-04922,2026-03-26 00:00:00+00:00,CUST-4622,Notebook,Office,North,Sneha,3,201.04
ORD-202603-04923,2026-03-09 00:00:00+00:00,CUST-1054,Laptop Stand,accessories,Central,Vikram,2,1561.87
ORD-202603-04924,2026-03-09 00:00:00+00:00,CUST-2014,Laptop Stand,Accessories,North,Vikram,1,1362.79
ORD-202603-04925,2026-03-14 00:00:00+00:00,CUST-2764,Keyboard,Electronics,West,Ananya,3,1210.64
ORD-202603-04926,2026-03-10 00:00:00+00:00,CUST-0534,Desk Organizer,Office,East,Neha,6,626.56
ORD-202603-04927,2026-03-30 00:00:00+00:00,CUST-1953,USB Hub,Accessories,North,Ananya,6,973.53
ORD-202603-04928,2026-03-14 00:00:00+00:00,CUST-3787,Monitor Stand,Furniture,East,Neha,3,1920.5
ORD-202603-04929,2026-03-07 00:00:00+00:00,CUST-3756,Notebook,Office,North,Priya,5,194.78
ORD-202603-04930,2026-03-25 00:00:00+00:00,,Headphones,Electronics,Central ,Priya,2,2686.14
ORD-202603-04931,2026-03-01 00:00:00+00:00,CUST-2611,Desk Organizer,Office,South,Priya,2,570.99
ORD-202603-04932,2026-03-20 00:00:00+00:00,CUST-1032,Wireless Mouse,Electronics,South,Sneha,4,867.09
ORD-202603-04933,2026-03-15 00:00:00+00:00,CUST-3721,Desk Organizer,Office,West,Rahul,3,556.0
ORD-202603-04934,2026-03-03 00:00:00+00:00,CUST-3278,Laptop Stand,Accessories,South,Vikram,2,1424.68
ORD-202603-04935,2026-03-08 00:00:00+00:00,CUST-3453,Wireless Mouse,Electronics,South,Priya,2,724.76
ORD-202603-04936,2026-03-15 00:00:00+00:00,CUST-2535,Mouse Pad,Accessories,South,Neha,2,366.56
ORD-202603-04937,2026-03-01 00:00:00+00:00,CUST-1855,Mouse Pad,Accessories,East,Neha,3,379.46
ORD-202603-04938,2026-03-24 00:00:00+00:00,CUST-0398,Webcam,Electronics ,West,Sneha,4,1957.92
ORD-202603-04939,2026-03-26 00:00:00+00:00,CUST-3759,Keyboard,Electronics,West,Sneha,7,1221.29
ORD-202603-04940,2026-03-02 00:00:00+00:00,CUST-4002,Pen Set,Office,North,Vikram,7,325.27
ORD-202603-04941,2026-03-12 00:00:00+00:00,CUST-2125,USB Hub,Accessories,East,Rahul,5,871.79
ORD-202603-04942,2026-03-02 00:00:00+00:00,CUST-0102,Webcam,Electronics,East,Priya,2,1906.09
ORD-202603-04943,2026-03-06 00:00:00+00:00,CUST-2771,Notebook,Office,Central,Sneha,2,205.57
ORD-202603-04944,2026-03-22 00:00:00+00:00,CUST-0956,Monitor Stand,Furniture,East,Ananya,4,1853.61
ORD-202603-04945,2026-03-10 00:00:00+00:00,CUST-4635,Study Table,Furniture,Central,Rahul,5,5705.44
ORD-202603-04946,2026-03-16 00:00:00+00:00,CUST-3130,Webcam,Electronics,East,Sneha,4,1754.89
ORD-202603-04947,2026-03-09 00:00:00+00:00,CUST-4931,Laptop Stand,Accessories,East,Ananya,-1,1596.82
ORD-202603-04948,2026-03-06 00:00:00+00:00,CUST-3848,Office Chair,Furniture,East,Karan,5,6982.31
ORD-202603-04949,2026-03-27 00:00:00+00:00,CUST-4403,Keyboard,Electronics,North,Rahul,3,1192.32
ORD-202603-04950,2026-03-21 00:00:00+00:00,CUST-2279,Monitor Stand,Furniture,East,Neha,4,2082.01
ORD-202603-04951,2026-03-27 00:00:00+00:00,CUST-4723,USB Hub,Accessories,Central,Neha,7,822.87
ORD-202603-04952,2026-03-03 00:00:00+00:00,CUST-2261,Mouse Pad,Accessories,Central,Karan,6,436.87
ORD-202603-04953,2026-03-07 00:00:00+00:00,CUST-1964,Monitor Stand,Furniture,North,Karan,4,1980.46
ORD-202603-04954,2026-03-14 00:00:00+00:00,CUST-4700,Headphones,Electronics,East,Neha,7,2440.48
ORD-202603-04955,2026-03-31 00:00:00+00:00,CUST-1785,Headphones,Electronics,Central,Vikram,2,2406.33
ORD-202603-04956,2026-03-26 00:00:00+00:00,CUST-1514,Study Table,Furniture,Central,Neha,2,5443.92
ORD-202603-04957,2026-03-17 00:00:00+00:00,CUST-2600,Desk Organizer,Office,West,Neha,2,632.68
ORD-202603-04958,2026-03-06 00:00:00+00:00,CUST-2742,USB Hub,Accessories,East,Vikram,6,902.62
ORD-202603-04959,2026-03-30 00:00:00+00:00,CUST-2710,Keyboard,Electronics,Central,Sneha,6,1336.23
ORD-202603-04960,2026-03-19 00:00:00+00:00,CUST-3224,Notebook,Office,West,Amit,2,181.38
ORD-202603-04961,2026-03-25 00:00:00+00:00,CUST-2295,Desk Organizer,Office,West,Rahul,2,641.13
ORD-202603-04962,2026-03-12 00:00:00+00:00,CUST-4638,Wireless Mouse,Electronics,Central,Rahul,6,803.54
ORD-202603-04963,2026-03-24 00:00:00+00:00,CUST-4476,Headphones,Electronics,South,Vikram,4,2510.94
ORD-202603-04964,2026-03-28 00:00:00+00:00,CUST-3823,Laptop Stand,Accessories,Central,Vikram,5,1424.75
ORD-202603-04965,2026-03-14 00:00:00+00:00,CUST-1789,Webcam,Electronics,South,Sneha,2,1738.45
ORD-202603-04966,2026-03-21 00:00:00+00:00,CUST-0592,Notebook,Office,North,Amit,4,192.48
ORD-202603-04967,2026-03-25 00:00:00+00:00,CUST-0016,Monitor Stand,Furniture,South,Ananya,5,-100.0
ORD-202603-04968,2026-03-12 00:00:00+00:00,CUST-3827,Desk Organizer,Office,East,Neha,4,604.63
ORD-202603-04969,2026-03-21 00:00:00+00:00,CUST-0792,Mouse Pad,Accessories,Central,Amit,6,380.14
ORD-202603-04970,2026-03-16 00:00:00+00:00,CUST-3109,Monitor Stand,Furniture,North,Karan,4,2036.22
ORD-202603-04971,2026-03-18 00:00:00+00:00,CUST-2210,Office Chair,Furniture,West,Amit,4,6790.85
ORD-202603-04972,2026-03-17 00:00:00+00:00,CUST-3873,Notebook,Office,North,Sneha,2,188.0
ORD-202603-04973,2026-03-07 00:00:00+00:00,,Wireless Mouse,Electronics,East,Rahul,5,837.33
ORD-202603-04974,2026-03-31 00:00:00+00:00,CUST-0490,Webcam,Electronics,Central,Priya,4,1772.62
ORD-202603-04975,2026-03-10 00:00:00+00:00,CUST-2416,Monitor Stand,Furniture,West,Rahul,5,2032.93
ORD-202603-04976,2026-03-24 00:00:00+00:00,CUST-4604,Notebook,Office,Central,Sneha,5,208.3
ORD-202603-04977,2026-03-25 00:00:00+00:00,CUST-1910,Monitor Stand,Furniture,Central,Karan,3,1823.74
ORD-202603-04978,2026-03-23 00:00:00+00:00,CUST-3969,Wireless Mouse,Electronics,West,Neha,3,830.28
ORD-202603-04979,2026-03-07 00:00:00+00:00,CUST-3708,Headphones,Electronics,North,Rahul,3,2254.82
ORD-202603-04980,2026-03-31 00:00:00+00:00,CUST-4239,Keyboard,Electronics,East,Priya,3,1380.01
ORD-202603-04981,2026-03-20 00:00:00+00:00,CUST-0366,Keyboard,Electronics,North,Vikram,6,1241.35
ORD-202603-04982,2026-03-05 00:00:00+00:00,CUST-4405,Laptop Stand,Accessories,West,Karan,3,1395.17
ORD-202603-04983,2026-03-19 00:00:00+00:00,CUST-0074,Monitor Stand,Furniture,North,Amit,1,1851.22
ORD-202603-04984,2026-03-15 00:00:00+00:00,CUST-0480,Wireless Mouse,Electronics,Central,Amit,6,788.73
ORD-202603-04985,2026-03-22 00:00:00+00:00,CUST-0903,Monitor Stand,Furniture,West,,2,1914.3
ORD-202603-04986,2026-03-30 00:00:00+00:00,CUST-3991,Wireless Mouse,Electronics,Central,Ananya,3,794.01
ORD-202603-04987,2026-03-08 00:00:00+00:00,CUST-0738,Wireless Mouse,Electronics,Central,Neha,2,854.22
ORD-202603-04988,2026-03-27 00:00:00+00:00,CUST-3501,Wireless Mouse,Electronics,Central,Ananya,5,735.87
ORD-202603-04989,2026-03-27 00:00:00+00:00,CUST-1459,Office Chair,Furniture,North,Vikram,2,6663.79
ORD-202603-04990,2026-03-07 00:00:00+00:00,CUST-3403,Headphones,Electronics,East,Ananya,7,2305.73
ORD-202603-04991,2026-03-10 00:00:00+00:00,CUST-3483,Keyboard,Electronics,Central,Priya,3,1334.62
ORD-202603-04992,2026-03-14 00:00:00+00:00,CUST-1913,Office Chair,Furniture,South,Karan,1,7171.26
ORD-202603-04993,2026-03-09 00:00:00+00:00,CUST-4817,Pen Set,Office,South,Karan,4,319.84
ORD-202603-04994,2026-03-06 00:00:00+00:00,CUST-1319,Laptop Stand,Accessories,North,Karan,2,1567.81
ORD-202603-04995,2026-03-23 00:00:00+00:00,CUST-0406,Desk Organizer,Office,East,Priya,3,622.89
ORD-202603-04996,2026-03-22 00:00:00+00:00,CUST-3045,Study Table,Furniture,North,Neha,7,5125.63
ORD-202603-04997,2026-03-24 00:00:00+00:00,CUST-0274,Mouse Pad,Accessories,North,Rahul,2,424.47
ORD-202603-04998,2026-03-20 00:00:00+00:00,CUST-1430,Study Table,Furniture,South,Vikram,6,4957.14
ORD-202603-04999,2026-03-06 00:00:00+00:00,CUST-2566,Laptop Stand,Accessories,West,Neha,5,1563.44
ORD-202603-05000,2026-03-19 00:00:00+00:00,CUST-4586,Study Table,Furniture,North,Neha,3,5844.96
ORD-202603-05001,2026-03-17 00:00:00+00:00,CUST-3532,Pen Set,Office,Central,Sneha,4,282.65
ORD-202603-05002,2026-03-28 00:00:00+00:00,CUST-3042,Headphones,Electronics,West,Vikram,1,2404.93
ORD-202603-05003,2026-03-28 00:00:00+00:00,CUST-2656,Pen Set,Office,Central,Sneha,4,283.58
ORD-202603-05004,2026-03-04 00:00:00+00:00,CUST-1795,Laptop Stand,Accessories,Central,Vikram,4,1594.79
ORD-202603-05005,2026-03-17 00:00:00+00:00,CUST-4141,Wireless Mouse,Electronics,West,Ananya,5,786.36
ORD-202603-05006,2026-03-30 00:00:00+00:00,CUST-0107,Mouse Pad,Accessories,West,Rahul,6,388.1
ORD-202603-05007,,CUST-0797,Wireless Mouse,Electronics,West,Neha,7,799.36
ORD-202603-05008,2026-03-16 00:00:00+00:00,CUST-0802,USB Hub,Accessories,North,Neha,3,940.45
ORD-202603-05009,2026-03-21 00:00:00+00:00,CUST-3112,Study Table,Furniture,West,Karan,7,5675.5
ORD-202603-05010,2026-03-01 00:00:00+00:00,CUST-1455,Keyboard,Electronics,South,Vikram,6,1352.97
ORD-202603-05011,2026-03-16 00:00:00+00:00,CUST-0330,Pen Set,Office,North,Rahul,3,325.76
ORD-202603-05012,2026-03-29 00:00:00+00:00,CUST-0811,Webcam,Electronics,Central,Karan,3,1806.0
ORD-202603-05013,2026-03-14 00:00:00+00:00,CUST-3300,Notebook,Office,Central,Karan,4,187.33
ORD-202603-05014,2026-03-29 00:00:00+00:00,CUST-2728,Pen Set,Office,Central,Priya,4,307.96
ORD-202603-05015,2026-03-25 00:00:00+00:00,CUST-2686,Desk Organizer,Office,North,Neha,3,556.6
ORD-202603-05016,2026-03-30 00:00:00+00:00,CUST-3607,Pen Set,Office,Central,Vikram,1,307.58
ORD-202603-05017,2026-03-05 00:00:00+00:00,CUST-2596,Webcam,Electronics,North,Sneha,6,2072.2
ORD-202603-05018,2026-03-26 00:00:00+00:00,CUST-4421,Laptop Stand,Accessories,Central,Sneha,4,1486.54
ORD-202603-05019,2026-03-07 00:00:00+00:00,CUST-2848,Notebook,Office,North,Priya,2,187.65
ORD-202603-05020,2026-03-09 00:00:00+00:00,CUST-3225,Webcam,Electronics,North,Neha,7,2086.95
ORD-202603-05021,2026-03-05 00:00:00+00:00,CUST-1589,Office Chair,Furniture,North,Priya,7,6835.12
ORD-202603-05022,2026-03-09 00:00:00+00:00,CUST-2892,Notebook,Office,West,Amit,2,183.63
ORD-202603-05023,2026-03-20 00:00:00+00:00,CUST-0912,Pen Set,Office,Central,Rahul,4,293.98
ORD-202603-05024,2026-03-11 00:00:00+00:00,CUST-1199,Pen Set,Office,South,Karan,5,274.34
ORD-202603-05025,2026-03-01 00:00:00+00:00,CUST-4798,Laptop Stand,Accessories,Central,Neha,2,1374.04
ORD-202603-05026,2026-03-07 00:00:00+00:00,CUST-4369,Desk Organizer,Office,South,Priya,3,544.79
ORD-202603-05027,2026-03-05 00:00:00+00:00,CUST-2032,Pen Set,Office,Central,Priya,3,296.26
ORD-202603-05028,2026-03-29 00:00:00+00:00,,Office Chair,Furniture,East,Ananya,3,6941.62
ORD-202603-05029,2026-03-24 00:00:00+00:00,CUST-3088,Laptop Stand,Accessories,East,Vikram,5,1568.98
ORD-202603-05030,2026-03-17 00:00:00+00:00,CUST-3516,Notebook,Office,Central,Neha,1,200.76
ORD-202603-05031,2026-03-27 00:00:00+00:00,CUST-0165,Study Table,Furniture,East,Rahul,5,5895.11
ORD-202603-05032,2026-03-09 00:00:00+00:00,CUST-3738,Laptop Stand,Accessories,East,Sneha,4,1610.79
ORD-202603-05033,2026-03-29 00:00:00+00:00,CUST-0184,Office Chair,Furniture,East,Priya,6,6538.35
ORD-202603-05034,2026-03-24 00:00:00+00:00,CUST-0224,Laptop Stand,Accessories,South,Karan,7,1361.47
ORD-202603-05035,2026-03-08 00:00:00+00:00,CUST-2366,Keyboard,Electronics,East,Sneha,4,1352.6
ORD-202603-05036,2026-03-20 00:00:00+00:00,CUST-3254,Wireless Mouse,Electronics,Central,Karan,2,720.7
ORD-202603-05037,2026-03-30 00:00:00+00:00,CUST-1719,Mouse Pad,Accessories,West,Vikram,4,390.53
ORD-202603-05038,2026-03-12 00:00:00+00:00,CUST-4656,USB Hub,Accessories,South,Vikram,2,818.81
ORD-202603-05039,2026-03-07 00:00:00+00:00,CUST-2063,Webcam,Electronics,Central,Karan,4,1883.38
ORD-202603-05040,2026-03-29 00:00:00+00:00,CUST-3469,Study Table,Furniture,West,Priya,2,5443.66
ORD-202603-05041,2026-03-10 00:00:00+00:00,CUST-2561,Office Chair,Furniture,Central,Karan,1,7482.98
ORD-202603-05042,2026-03-18 00:00:00+00:00,CUST-2384,Pen Set,Office,west,Priya,4,307.71
ORD-202603-05043,2026-03-03 00:00:00+00:00,CUST-1461,Office Chair,Furniture,North,Priya,3,6862.53
ORD-202603-05044,2026-03-20 00:00:00+00:00,CUST-2013,Notebook,Office,North,Amit,2,199.37
ORD-202603-05045,2026-03-31 00:00:00+00:00,CUST-1860,Pen Set,Office,North,Amit,1,301.94
ORD-202603-05046,2026-03-02 00:00:00+00:00,CUST-0750,Headphones,Electronics,East,Ananya,7,2362.13
ORD-202603-05047,2026-03-09 00:00:00+00:00,CUST-3740,Wireless Mouse,Electronics,East,Amit,6,843.01
ORD-202603-05048,2026-03-20 00:00:00+00:00,CUST-1125,Notebook,Office,North,,5,197.69
ORD-202603-05049,2026-03-19 00:00:00+00:00,CUST-0013,Keyboard,Electronics,North,Amit,3,1334.81
ORD-202603-05050,2026-03-13 00:00:00+00:00,CUST-4446,Headphones,Electronics,West,Priya,5,2265.02
ORD-202603-05051,2026-03-10 00:00:00+00:00,CUST-3494,Mouse Pad,Accessories,West,Rahul,4,367.95
ORD-202603-05052,2026-03-24 00:00:00+00:00,CUST-1952,Laptop Stand,Accessories,West,Karan,1,1525.85
ORD-202603-05053,2026-03-16 00:00:00+00:00,CUST-3699,USB Hub,Accessories,West,Priya,7,942.91
ORD-202603-05054,2026-03-02 00:00:00+00:00,CUST-0812,Notebook,Office,South,Rahul,4,191.87
ORD-202603-05055,2026-03-05 00:00:00+00:00,CUST-1801,Study Table,Furniture,,Amit,4,5989.21
ORD-202603-05056,2026-03-12 00:00:00+00:00,CUST-1993,Wireless Mouse,Electronics,West,Priya,6,854.82
ORD-202603-05057,2026-03-21 00:00:00+00:00,CUST-2351,Webcam,Electronics,West,Vikram,5,1908.3
ORD-202603-05058,2026-03-03 00:00:00+00:00,CUST-2191,Laptop Stand,Accessories,East,Karan,4,1540.94
ORD-202603-05059,2026-03-31 00:00:00+00:00,CUST-2127,Webcam,Electronics,North,Vikram,6,1934.38
ORD-202603-05060,2026-03-29 00:00:00+00:00,CUST-1697,Keyboard,Electronics,East,Ananya,6,1248.51
ORD-202603-05061,2026-03-03 00:00:00+00:00,CUST-2000,Webcam,Electronics,Central,Rahul,5,1732.88
ORD-202603-05062,2026-03-14 00:00:00+00:00,CUST-0085,Headphones,Electronics,West,Priya,5,2651.22
ORD-202603-05063,2026-03-12 00:00:00+00:00,CUST-0068,Study Table,Furniture,West,Ananya,2,5455.62
ORD-202603-05064,2026-03-05 00:00:00+00:00,CUST-1837,Laptop Stand,Accessories,Central,Karan,7,1601.49
ORD-202603-05065,2026-03-16 00:00:00+00:00,CUST-3373,Laptop Stand,Accessories,West,Vikram,7,1461.39
ORD-202603-05066,2026-03-24 00:00:00+00:00,CUST-4484,Desk Organizer,Office,,Amit,3,540.81
ORD-202603-05067,2026-03-17 00:00:00+00:00,CUST-4523,Notebook,Office,West,Sneha,1,184.15
ORD-202603-05068,2026-03-28 00:00:00+00:00,CUST-1375,Webcam,Electronics,West,Priya,6,1768.82
ORD-202603-05069,2026-03-20 00:00:00+00:00,CUST-2729,Webcam,Electronics,East,Vikram,4,1986.72
ORD-202603-05070,2026-03-25 00:00:00+00:00,CUST-1812,Wireless Mouse,Electronics,South,Karan,2,724.22
ORD-202603-05071,2026-03-27 00:00:00+00:00,CUST-0320,Headphones,Electronics,South,Sneha,7,2658.6
ORD-202603-05072,2026-03-27 00:00:00+00:00,CUST-3579,USB Hub,Accessories,East,Vikram,4,933.28
ORD-202603-05073,2026-03-18 00:00:00+00:00,CUST-0227,USB Hub,Accessories,West,Sneha,2,867.24
ORD-202603-05074,2026-03-27 00:00:00+00:00,CUST-0780,Headphones,Electronics,North,Neha,5,2509.98
ORD-202603-05075,2026-03-12 00:00:00+00:00,CUST-4313,Study Table,Furniture,West,Amit,6,5974.3
ORD-202603-05076,2026-03-31 00:00:00+00:00,CUST-4207,Office Chair,Furniture,East,Priya,4,6396.73
ORD-202603-05077,2026-03-21 00:00:00+00:00,CUST-2968,USB Hub,Accessories,North,Sneha,5,874.43
ORD-202603-05078,2026-03-12 00:00:00+00:00,CUST-2727,Office Chair,Furniture,South,Amit,1,6846.42
ORD-202603-05079,2026-03-02 00:00:00+00:00,CUST-3688,Laptop Stand,Accessories,West,Sneha,2,1637.86
ORD-202603-05080,2026-03-11 00:00:00+00:00,CUST-2668,Pen Set,Office,Central,Neha,4,327.42
ORD-202603-05081,2026-03-15 00:00:00+00:00,CUST-3704,Office Chair,Furniture,Central,Sneha,1,7476.83
ORD-202603-05082,2026-03-04 00:00:00+00:00,CUST-0639,Notebook,Office,South,Sneha,2,194.3
ORD-202603-05083,2026-03-18 00:00:00+00:00,CUST-4907,Laptop Stand,Accessories,East,Amit,4,1615.74
ORD-202603-05084,2026-03-27 00:00:00+00:00,CUST-0338,Desk Organizer,Office,Central,Vikram,4,-100.0
ORD-202603-05085,2026-03-10 00:00:00+00:00,CUST-3682,Keyboard,Electronics,East,Amit,3,1336.43
ORD-202603-05086,2026-03-29 00:00:00+00:00,CUST-4241,Laptop Stand,Accessories,South,Rahul,1,1627.28
ORD-202603-05087,2026-03-13 00:00:00+00:00,CUST-0153,Study Table,Furniture,East,Sneha,3,5221.93
ORD-202603-05088,2026-03-09 00:00:00+00:00,CUST-1107,Pen Set,Office,East,Sneha,4,320.57
ORD-202603-05089,2026-03-26 00:00:00+00:00,CUST-1383,Laptop Stand,accessories,South,Priya,7,1468.79
ORD-202603-05090,2026-03-20 00:00:00+00:00,CUST-2180,USB Hub,Accessories,South,Sneha,3,965.75
ORD-202603-05091,2026-03-20 00:00:00+00:00,CUST-0843,USB Hub,Accessories,Central,,4,907.71
ORD-202603-05092,2026-03-08 00:00:00+00:00,CUST-2538,USB Hub,Accessories,Central,Rahul,1,853.57
ORD-202603-05093,2026-03-19 00:00:00+00:00,CUST-4786,Headphones,Electronics,Central,Vikram,2,2631.71
ORD-202603-05094,2026-03-27 00:00:00+00:00,CUST-0120,Office Chair,Furniture,East ,Priya,5,6460.29
ORD-202603-05095,2026-03-07 00:00:00+00:00,CUST-4422,Keyboard,Electronics,Central,Amit,4,1206.35
ORD-202603-05096,2026-03-01 00:00:00+00:00,CUST-3519,Office Chair,Furniture,South,Priya,3,6506.5
ORD-202603-05097,2026-03-24 00:00:00+00:00,CUST-2200,Notebook,Office,South,Amit,3,212.55
ORD-202603-05098,2026-03-22 00:00:00+00:00,CUST-2714,USB Hub,Accessories,North,,5,965.75
ORD-202603-05099,2026-03-07 00:00:00+00:00,CUST-0772,Office Chair,Furniture,West,Ananya,4,7100.63
ORD-202603-05100,2026-03-17 00:00:00+00:00,CUST-4545,Monitor Stand,Furniture,West,Rahul,7,1910.79
ORD-202603-05101,2026-03-04 00:00:00+00:00,CUST-0233,USB Hub,Accessories,West,Karan,2,879.98
ORD-202603-05102,2026-03-09 00:00:00+00:00,CUST-0655,Notebook,Office,Central,Karan,7,186.41
ORD-202603-05103,2026-03-06 00:00:00+00:00,CUST-3532,USB Hub,Accessories,South,Rahul,7,809.79
ORD-202603-05104,2026-03-29 00:00:00+00:00,CUST-0842,Mouse Pad,Accessories,West,Rahul,4,426.1
ORD-202603-05105,2026-03-12 00:00:00+00:00,CUST-0399,Laptop Stand,Accessories,Central,Neha,2,1407.45
ORD-202603-05106,2026-03-15 00:00:00+00:00,CUST-1293,Mouse Pad,Accessories,East,Vikram,4,365.41
ORD-202603-05107,2026-03-08 00:00:00+00:00,CUST-2846,Wireless Mouse,Electronics,East,Karan,7,740.16
ORD-202603-05108,2026-03-17 00:00:00+00:00,CUST-1525,Office Chair,Furniture,Central,Priya,4,7595.4
ORD-202603-05109,2026-03-18 00:00:00+00:00,CUST-4209,Keyboard,Electronics,North,Rahul,5,1263.47
ORD-202603-05110,2026-03-03 00:00:00+00:00,CUST-4714,Monitor Stand,Furniture,East,Neha,3,2058.21
ORD-202603-05111,2026-03-25 00:00:00+00:00,CUST-2088,USB Hub,Accessories,East,Rahul,5,814.73
ORD-202603-05112,2026-03-13 00:00:00+00:00,CUST-2839,Pen Set,Office,South,Ananya,3,300.74
ORD-202603-05113,2026-03-15 00:00:00+00:00,CUST-3000,Wireless Mouse,Electronics,North,Amit,2,838.42
ORD-202603-05114,2026-03-05 00:00:00+00:00,CUST-1353,Laptop Stand,Accessories,South,Sneha,2,1368.76
ORD-202603-05115,2026-03-03 00:00:00+00:00,CUST-2407,Monitor Stand,Furniture,West,Rahul,5,1918.61
ORD-202603-05116,2026-03-18 00:00:00+00:00,CUST-1075,Mouse Pad,Accessories,West,Rahul,7,384.8
ORD-202603-05117,2026-03-01 00:00:00+00:00,CUST-4832,USB Hub,Accessories,West,Rahul,3,968.63
ORD-202603-05118,2026-03-18 00:00:00+00:00,CUST-2611,Webcam,Electronics,Central,Karan,1,1961.73
ORD-202603-05119,2026-03-24 00:00:00+00:00,CUST-2110,Pen Set,Office,Central,Priya,3,320.85
ORD-202603-05120,2026-03-08 00:00:00+00:00,CUST-1006,Pen Set,Office,West,Vikram,3,291.56
ORD-202603-05121,2026-03-09 00:00:00+00:00,CUST-0728,Mouse Pad,Accessories,North,Ananya,5,406.27
ORD-202603-05122,2026-03-30 00:00:00+00:00,CUST-0402,Monitor Stand,Furniture,North,Karan,2,2006.09
ORD-202603-05123,2026-03-15 00:00:00+00:00,CUST-1504,Notebook,Office,North,Vikram,6,190.09
ORD-202603-05124,2026-03-10 00:00:00+00:00,CUST-3120,Study Table,Furniture,East,Vikram,1,5413.68
ORD-202603-05125,2026-03-28 00:00:00+00:00,CUST-4676,Mouse Pad,Accessories,North,Neha,3,378.65
ORD-202603-05126,2026-03-21 00:00:00+00:00,CUST-3342,Mouse Pad,Accessories,North,Amit,2,360.39
ORD-202603-05127,2026-03-19 00:00:00+00:00,CUST-0810,Notebook,Office,West,Amit,7,217.63
ORD-202603-05128,2026-03-31 00:00:00+00:00,CUST-0371,Laptop Stand,Accessories,Central,Priya,4,1636.33
ORD-202603-05129,2026-03-19 00:00:00+00:00,CUST-2579,Office Chair,Furniture,South,Ananya,7,7452.83
ORD-202603-05130,2026-03-25 00:00:00+00:00,,USB Hub,Accessories,North,Ananya,4,840.49
ORD-202603-05131,2026-03-22 00:00:00+00:00,CUST-0370,Webcam,Electronics,North,Vikram,6,1716.76
ORD-202603-05132,2026-03-24 00:00:00+00:00,CUST-2859,Laptop Stand,Accessories,Central,Ananya,7,1407.85
ORD-202603-05133,2026-03-22 00:00:00+00:00,CUST-0533,Laptop Stand,Accessories,Central,Karan,6,1610.39
ORD-202603-05134,2026-03-02 00:00:00+00:00,CUST-3177,Monitor Stand,Furniture,South,Ananya,5,1860.35
ORD-202603-05135,2026-03-06 00:00:00+00:00,CUST-4922,Laptop Stand,Accessories,East,Neha,6,1419.11
ORD-202603-05136,2026-03-17 00:00:00+00:00,CUST-0041,Headphones,Electronics,East,Priya,-1,2594.59
ORD-202603-05137,2026-03-22 00:00:00+00:00,CUST-1378,Pen Set,Office,East,Amit,5,297.65
ORD-202603-05138,2026-03-24 00:00:00+00:00,CUST-3971,Office Chair,Furniture,West,Amit,4,7214.58
ORD-202603-05139,2026-03-25 00:00:00+00:00,CUST-3662,USB Hub,Accessories,East,Amit,4,910.34
ORD-202603-05140,2026-03-21 00:00:00+00:00,CUST-2643,USB Hub,Accessories,Central,Ananya,2,912.03
ORD-202603-05141,2026-03-02 00:00:00+00:00,CUST-4668,Notebook,Office,East,Ananya,5,213.83
ORD-202603-05142,2026-03-18 00:00:00+00:00,CUST-2063,Pen Set,Office,West,Ananya,6,282.12
ORD-202603-05143,2026-03-23 00:00:00+00:00,CUST-3327,Keyboard,Electronics, South,Vikram,6,1205.27
ORD-202603-05144,2026-03-29 00:00:00+00:00,CUST-2197,Study Table,Furniture,East ,Vikram,4,5394.41
ORD-202603-05145,2026-03-19 00:00:00+00:00,CUST-4844,Laptop Stand,Accessories,West,Rahul,4,1509.38
ORD-202603-05146,2026-03-18 00:00:00+00:00,CUST-2266,Notebook,Office,,Amit,6,198.62
ORD-202603-05147,2026-03-05 00:00:00+00:00,CUST-0569,Wireless Mouse,Electronics,East,Karan,7,805.37
ORD-202603-05148,2026-03-26 00:00:00+00:00,CUST-4256,Pen Set,Office,South,Vikram,1,298.17
ORD-202603-05149,2026-03-13 00:00:00+00:00,CUST-2045,Keyboard,Electronics,Central,Sneha,5,1303.64
ORD-202603-05150,2026-03-28 00:00:00+00:00,CUST-3439,Wireless Mouse,Electronics,West,Karan,4,868.02
ORD-202603-05151,2026-03-06 00:00:00+00:00,CUST-2027,Monitor Stand,Furniture,East,Neha,2,1819.04
ORD-202603-05152,2026-03-25 00:00:00+00:00,CUST-1431,Keyboard,Electronics,South,Neha,3,1413.74
ORD-202603-05153,2026-03-10 00:00:00+00:00,CUST-1243,Desk Organizer,Office,West,Neha,7,609.45
ORD-202603-05154,2026-03-05 00:00:00+00:00,CUST-0063,Notebook,Office,West,Amit,3,181.0
ORD-202603-05155,2026-03-29 00:00:00+00:00,CUST-0454,Webcam,Electronics,Central,Priya,4,1729.4
ORD-202603-05156,2026-03-25 00:00:00+00:00,CUST-1884,Laptop Stand,Accessories,West,Rahul,5,1520.44
ORD-202603-05157,2026-03-27 00:00:00+00:00,CUST-3877,Keyboard,Electronics,South,Sneha,2,1348.12
ORD-202603-05158,2026-03-25 00:00:00+00:00,CUST-0949,Notebook,Office,South,Priya,6,199.81
ORD-202603-05159,2026-03-19 00:00:00+00:00,CUST-3485,Office Chair,Furniture,West,Amit,1,6927.42
ORD-202603-05160,2026-03-21 00:00:00+00:00,CUST-3035,Laptop Stand,Accessories, North,Vikram,7,1432.16
ORD-202603-05161,2026-03-02 00:00:00+00:00,CUST-3445,Monitor Stand,Furniture,North,Rahul,5,2041.61
ORD-202603-05162,2026-03-12 00:00:00+00:00,CUST-3205,Headphones,Electronics,East,Amit,6,2697.72
ORD-202603-05163,2026-03-11 00:00:00+00:00,CUST-4261,Monitor Stand, Furniture,Central,Neha,1,1967.98
ORD-202603-05164,2026-03-09 00:00:00+00:00,CUST-1614,Office Chair,Furniture,South,Amit,6,7272.93
ORD-202603-05165,2026-03-12 00:00:00+00:00,CUST-3347,Wireless Mouse,Electronics,West,Neha,2,721.88
ORD-202603-05166,2026-03-21 00:00:00+00:00,CUST-4316,Office Chair,Furniture,North,Karan,6,6928.92
ORD-202603-05167,2026-03-20 00:00:00+00:00,CUST-3303,Wireless Mouse,Electronics,West,Vikram,3,840.82
ORD-202603-05168,2026-03-23 00:00:00+00:00,CUST-4911,Monitor Stand,Furniture, East,Sneha,5,2135.7
ORD-202603-05169,2026-03-14 00:00:00+00:00,CUST-4112,Pen Set,Office,North,Sneha,7,301.22
ORD-202603-05170,2026-03-29 00:00:00+00:00,CUST-2350,Headphones,Electronics,South,Karan,6,2532.24
ORD-202603-05171,2026-03-16 00:00:00+00:00,CUST-3864,Study Table,Furniture,Central,Karan,1,5101.35
ORD-202603-05172,2026-03-11 00:00:00+00:00,CUST-2363,Laptop Stand,Accessories,South,Vikram,2,1437.69
ORD-202603-05173,2026-03-28 00:00:00+00:00,CUST-4544,Keyboard,Electronics,Central,Amit,1,1342.49
ORD-202603-05174,2026-03-09 00:00:00+00:00,CUST-0392,Webcam,Electronics,South,Rahul,7,2000.36
ORD-202603-05175,2026-03-26 00:00:00+00:00,CUST-4960,Study Table,Furniture,South,Sneha,3,5039.19
ORD-202603-05176,2026-03-23 00:00:00+00:00,CUST-4392,Monitor Stand,Furniture,North,Amit,4,2183.29
ORD-202603-05177,2026-03-30 00:00:00+00:00,CUST-1497,Monitor Stand,Furniture,North,Karan,5,2180.34
ORD-202603-05178,2026-03-31 00:00:00+00:00,CUST-0717,Notebook,Office,Central,Neha,2,186.57
ORD-202603-05179,2026-03-05 00:00:00+00:00,CUST-2900,Headphones,Electronics,East,Sneha,3,2271.69
ORD-202603-05180,2026-03-10 00:00:00+00:00,CUST-3143,Study Table,Furniture,West,Priya,4,5324.17
ORD-202603-05181,2026-03-16 00:00:00+00:00,CUST-1859,Mouse Pad,Accessories,North,Neha,1,435.6
ORD-202603-05182,2026-03-09 00:00:00+00:00,CUST-3227,Study Table,Furniture,North,Karan,6,5436.33
ORD-202603-05183,2026-03-05 00:00:00+00:00,CUST-2673,Keyboard,Electronics,East,Neha,7,1250.6
ORD-202603-05184,2026-03-28 00:00:00+00:00,CUST-1728,Webcam,Electronics,East,Karan,5,2048.9
ORD-202603-05185,2026-03-01 00:00:00+00:00,CUST-2399,Headphones,Electronics, West,Rahul,4,2316.21
ORD-202603-05186,2026-03-09 00:00:00+00:00,CUST-0497,USB Hub,Accessories,West,Neha,2,978.31
ORD-202603-05187,2026-03-27 00:00:00+00:00,CUST-2720,Study Table,Furniture,East,Ananya,3,5838.84
ORD-202603-05188,2026-03-13 00:00:00+00:00,CUST-3273,USB Hub,Accessories,East,Rahul,4,878.07
ORD-202603-05189,2026-03-09 00:00:00+00:00,CUST-4824,Notebook,Office,Central,Karan,2,210.44
ORD-202603-05190,2026-03-31 00:00:00+00:00,CUST-1710,Mouse Pad,Accessories,West,Ananya,6,419.44
ORD-202603-05191,2026-03-21 00:00:00+00:00,CUST-0440,Monitor Stand,Furniture,Central,Karan,4,2030.93
ORD-202603-05192,2026-03-25 00:00:00+00:00,CUST-0765,Monitor Stand,Furniture,Central,,5,2111.52
ORD-202603-05193,2026-03-12 00:00:00+00:00,CUST-4396,Study Table,Furniture,Central,Karan,4,5499.1
ORD-202603-05194,2026-03-08 00:00:00+00:00,CUST-4570,Headphones,Electronics,Central,Vikram,2,2670.14
ORD-202603-05195,2026-03-14 00:00:00+00:00,CUST-3927,Study Table,Furniture,East,Neha,5,5821.56
ORD-202603-05196,2026-03-30 00:00:00+00:00,CUST-2433,Office Chair,Furniture,North,Sneha,6,7567.78
ORD-202603-05197,2026-03-19 00:00:00+00:00,CUST-4913,Laptop Stand,Accessories,East,Neha,3,1588.2
ORD-202603-05198,2026-03-27 00:00:00+00:00,CUST-3503,Headphones,Electronics,East,Rahul,5,2709.39
ORD-202603-05199,2026-03-30 00:00:00+00:00,CUST-1123,Monitor Stand,Furniture,Central,Karan,7,1870.33
ORD-202603-05200,2026-03-31 00:00:00+00:00,CUST-1503,Desk Organizer,Office,East,Rahul,2,572.32
ORD-202603-05201,,CUST-4726,Webcam,Electronics,West,Amit,7,1880.95
ORD-202603-05202,2026-03-13 00:00:00+00:00,CUST-0741,Headphones,Electronics,North,Amit,3,2370.46
ORD-202603-05203,2026-03-30 00:00:00+00:00,CUST-3596,Notebook,Office,North,Ananya,1,214.79
ORD-202603-05204,2026-03-21 00:00:00+00:00,CUST-0173,Mouse Pad,Accessories,Central,Priya,3,373.45
ORD-202603-05205,2026-03-29 00:00:00+00:00,CUST-3494,Office Chair,Furniture,North,Neha,6,6941.45
ORD-202603-05206,2026-03-12 00:00:00+00:00,CUST-1723,Pen Set,Office,Central,Neha,5,300.29
ORD-202603-05207,2026-03-01 00:00:00+00:00,CUST-0081,Office Chair,Furniture,East,Neha,3,7521.2
ORD-202603-05208,2026-03-14 00:00:00+00:00,CUST-0251,USB Hub,Accessories,West,Karan,7,855.69
ORD-202603-05209,2026-03-10 00:00:00+00:00,CUST-0932,Monitor Stand, Furniture,Central,Karan,7,2186.75
ORD-202603-05210,2026-03-21 00:00:00+00:00,CUST-4951,Monitor Stand,Furniture,South,Priya,-1,1915.82
ORD-202603-05211,2026-03-20 00:00:00+00:00,CUST-4871,Monitor Stand,Furniture,East,,4,1864.26
ORD-202603-05212,2026-03-13 00:00:00+00:00,CUST-1167,Desk Organizer,Office,North,Vikram,5,569.48
ORD-202603-05213,2026-03-21 00:00:00+00:00,CUST-1501,Laptop Stand,Accessories,East,Karan,4,1613.25
ORD-202603-05214,2026-03-13 00:00:00+00:00,CUST-0630,Headphones,Electronics,South,Rahul,3,2325.28
ORD-202603-05215,2026-03-23 00:00:00+00:00,CUST-2501,Notebook,Office,West,Neha,4,180.37
ORD-202603-05216,2026-03-17 00:00:00+00:00,CUST-4107,Laptop Stand,Accessories,West,Karan,1,1436.52
ORD-202603-05217,2026-03-09 00:00:00+00:00,CUST-2666,Headphones,Electronics,South,Neha,2,2521.27
ORD-202603-05218,2026-03-04 00:00:00+00:00,CUST-3996,Laptop Stand,Accessories,South,Ananya,5,1456.02
ORD-202603-05219,2026-03-04 00:00:00+00:00,CUST-4859,Office Chair,Furniture,South,Sneha,3,6524.07
ORD-202603-05220,2026-03-31 00:00:00+00:00,CUST-4984,Webcam,Electronics,West,Amit,4,1847.42
ORD-202603-05221,2026-03-25 00:00:00+00:00,CUST-1660,Keyboard,Electronics,North,Amit,7,1349.03
ORD-202603-05222,2026-03-26 00:00:00+00:00,CUST-1220,Headphones,Electronics,Central,Priya,5,2467.06
ORD-202603-05223,2026-03-20 00:00:00+00:00,CUST-2444,Headphones,Electronics,East,Vikram,1,2535.35
ORD-202603-05224,2026-03-15 00:00:00+00:00,CUST-0241,Headphones,Electronics,South,Karan,-1,2722.44
ORD-202603-05225,2026-03-26 00:00:00+00:00,CUST-2252,USB Hub,Accessories,South,Amit,7,943.63
ORD-202603-05226,2026-03-24 00:00:00+00:00,CUST-3617,Study Table,Furniture,Central,Ananya,2,5833.15
ORD-202603-05227,2026-03-08 00:00:00+00:00,CUST-0968,Laptop Stand,Accessories,East,Amit,6,1435.45
ORD-202603-05228,2026-03-31 00:00:00+00:00,CUST-4040,Monitor Stand,Furniture,East,Amit,3,2003.55
ORD-202603-05229,2026-03-04 00:00:00+00:00,CUST-4272,Study Table,Furniture,East,Sneha,3,5328.09
ORD-202603-05230,2026-03-17 00:00:00+00:00,CUST-1751,Headphones,Electronics,East,Rahul,5,2491.27
ORD-202603-05231,2026-03-04 00:00:00+00:00,CUST-1540,Notebook,Office,South,Neha,7,183.55
ORD-202603-05232,2026-03-23 00:00:00+00:00,CUST-4680,Office Chair,Furniture,North,Rahul,3,7024.86
ORD-202603-05233,2026-03-12 00:00:00+00:00,CUST-4086,Desk Organizer,Office,North,Rahul,5,602.09
ORD-202603-05234,2026-03-03 00:00:00+00:00,CUST-3860,Headphones,Electronics,North,Neha,2,2536.47
ORD-202603-05235,2026-03-25 00:00:00+00:00,CUST-1686,Desk Organizer,Office,West,Priya,1,567.21
ORD-202603-05236,2026-03-30 00:00:00+00:00,CUST-2050,Mouse Pad,Accessories,West,Amit,5,376.77
ORD-202603-05237,2026-03-11 00:00:00+00:00,CUST-3474,Webcam,Electronics,East,Ananya,2,1848.76
ORD-202603-05238,2026-03-06 00:00:00+00:00,CUST-3599,Headphones,Electronics,West,Vikram,1,2517.84
ORD-202603-05239,2026-03-10 00:00:00+00:00,CUST-1220,Laptop Stand,Accessories,South,Vikram,1,1450.07
ORD-202603-05240,2026-03-25 00:00:00+00:00,CUST-0005,Webcam,Electronics,West,Priya,3,1977.29
ORD-202603-05241,2026-03-27 00:00:00+00:00,CUST-0281,Notebook,Office,Central,Ananya,2,202.39
ORD-202603-05242,2026-03-16 00:00:00+00:00,CUST-1698,USB Hub,Accessories,South,Ananya,7,829.39
ORD-202603-05243,2026-03-17 00:00:00+00:00,CUST-2333,Keyboard,Electronics,West,Neha,4,1227.27
ORD-202603-05244,2026-03-20 00:00:00+00:00,CUST-0850,Desk Organizer,Office,West,Vikram,4,611.53
ORD-202603-05245,2026-03-12 00:00:00+00:00,CUST-0155,Wireless Mouse,Electronics,West,Neha,2,804.11
ORD-202603-05246,2026-03-19 00:00:00+00:00,CUST-1527,Mouse Pad,Accessories,,Karan,1,386.17
ORD-202603-05247,2026-03-02 00:00:00+00:00,CUST-4359,Wireless Mouse,Electronics,North,Sneha,3,746.57
ORD-202603-05248,,CUST-1046,Office Chair,Furniture,South,Ananya,6,7587.52
ORD-202603-05249,2026-03-23 00:00:00+00:00,CUST-3313,Laptop Stand,Accessories,North,Amit,5,1483.84
ORD-202603-05250,2026-03-30 00:00:00+00:00,CUST-3576,Keyboard,Electronics,North,Sneha,2,1224.32
ORD-202603-05251,2026-03-28 00:00:00+00:00,CUST-3108,Webcam,Electronics,East,Vikram,1,1982.9
ORD-202603-05252,2026-03-10 00:00:00+00:00,CUST-4146,Notebook,Office,West,Sneha,2,189.29
ORD-202603-05253,2026-03-07 00:00:00+00:00,CUST-1437,Office Chair,Furniture,South,Ananya,2,6670.94
ORD-202603-05254,2026-03-08 00:00:00+00:00,CUST-0902,Keyboard,Electronics,Central,Vikram,7,1383.97
ORD-202603-05255,2026-03-07 00:00:00+00:00,CUST-0820,Laptop Stand,Accessories,East,Rahul,2,1621.27
ORD-202603-05256,2026-03-28 00:00:00+00:00,CUST-2087,Keyboard,Electronics,Central,Ananya,6,1290.71
ORD-202603-05257,2026-03-01 00:00:00+00:00,CUST-2618,Webcam,Electronics,East,Priya,3,1949.24
ORD-202603-05258,2026-03-10 00:00:00+00:00,CUST-2994,Laptop Stand,Accessories,Central,Rahul,3,1457.33
ORD-202603-05259,2026-03-20 00:00:00+00:00,CUST-4417,Notebook,Office,Central,Ananya,2,204.32
ORD-202603-05260,2026-03-04 00:00:00+00:00,CUST-0723,Keyboard,Electronics,North,Sneha,5,1358.24
ORD-202603-05261,2026-03-12 00:00:00+00:00,CUST-3051,Notebook,Office,Central,Vikram,5,207.8
ORD-202603-05262,2026-03-05 00:00:00+00:00,CUST-1804,Office Chair,Furniture,West,Karan,4,6356.08
ORD-202603-05263,2026-03-09 00:00:00+00:00,CUST-3453,Monitor Stand,Furniture,West,Neha,7,1838.52
ORD-202603-05264,2026-03-12 00:00:00+00:00,CUST-0978,Mouse Pad,Accessories,South,Priya,7,415.6
ORD-202603-05265,2026-03-21 00:00:00+00:00,CUST-0085,Mouse Pad,Accessories,North,Amit,6,401.54
ORD-202603-05266,2026-03-28 00:00:00+00:00,CUST-2811,Pen Set,Office,South,Rahul,4,325.51
ORD-202603-05267,2026-03-31 00:00:00+00:00,CUST-1522,Monitor Stand,Furniture,South,Amit,4,1840.5
ORD-202603-05268,2026-03-21 00:00:00+00:00,CUST-4511,Wireless Mouse, Electronics,South,Ananya,5,877.25
ORD-202603-05269,,CUST-3652,Headphones,Electronics,East,Amit,5,2315.84
ORD-202603-05270,2026-03-04 00:00:00+00:00,CUST-2315,Headphones,Electronics,West,Rahul,2,2264.81
ORD-202603-05271,2026-03-20 00:00:00+00:00,CUST-1910,Headphones,Electronics,South,Sneha,5,2698.42
ORD-202603-05272,2026-03-17 00:00:00+00:00,CUST-3356,Mouse Pad,Accessories,West,Karan,2,399.32
ORD-202603-05273,2026-03-31 00:00:00+00:00,CUST-2301,Wireless Mouse,Electronics,North,Karan,6,764.91
ORD-202603-05274,2026-03-20 00:00:00+00:00,CUST-3602,Keyboard,Electronics,East,Sneha,1,1317.65
ORD-202603-05275,2026-03-25 00:00:00+00:00,CUST-3658,Pen Set,Office,Central,Vikram,1,291.68
ORD-202603-05276,2026-03-26 00:00:00+00:00,CUST-4954,Headphones,Electronics,West,Amit,-1,2743.21
ORD-202603-05277,2026-03-04 00:00:00+00:00,CUST-1559,Laptop Stand,Accessories,East,Priya,6,1581.14
ORD-202603-05278,2026-03-18 00:00:00+00:00,CUST-3140,Wireless Mouse,Electronics,South,Vikram,4,823.92
ORD-202603-05279,,CUST-2471,Desk Organizer,Office,West,Priya,2,577.69
ORD-202603-05280,2026-03-11 00:00:00+00:00,CUST-0926,Study Table,Furniture,East,Sneha,3,4977.52
ORD-202603-05281,2026-03-25 00:00:00+00:00,CUST-1154,Pen Set,Office,Central,Neha,4,316.78
ORD-202603-05282,2026-03-31 00:00:00+00:00,CUST-0053,USB Hub,Accessories,North,Vikram,2,817.7
ORD-202603-05283,2026-03-31 00:00:00+00:00,CUST-1499,USB Hub,Accessories,West,Amit,7,829.44
ORD-202603-05284,2026-03-09 00:00:00+00:00,CUST-0695,Wireless Mouse,Electronics,North,Priya,4,813.22
ORD-202603-05285,2026-03-11 00:00:00+00:00,CUST-0923,Webcam,Electronics,Central,Karan,7,1996.58
ORD-202603-05286,2026-03-30 00:00:00+00:00,CUST-0624,USB Hub,Accessories,East,Karan,1,882.63
ORD-202603-05287,2026-03-13 00:00:00+00:00,CUST-0010,Wireless Mouse,Electronics,North,Vikram,4,813.23
ORD-202603-05288,2026-03-07 00:00:00+00:00,CUST-2616,Study Table,Furniture,Central,Priya,6,6019.91
ORD-202603-05289,2026-03-20 00:00:00+00:00,CUST-4655,Pen Set,Office,South,Neha,2,285.92
ORD-202603-05290,2026-03-17 00:00:00+00:00,CUST-2197,Headphones,Electronics,Central,Neha,6,2271.08
ORD-202603-05291,2026-03-01 00:00:00+00:00,CUST-2529,Study Table,Furniture,West,Rahul,6,5193.12
ORD-202603-05292,2026-03-04 00:00:00+00:00,CUST-3073,Webcam,Electronics,Central,Sneha,5,1878.67
ORD-202603-05293,2026-03-20 00:00:00+00:00,CUST-2906,Pen Set,Office,West,Neha,1,315.59
ORD-202603-05294,2026-03-28 00:00:00+00:00,CUST-0389,Monitor Stand,Furniture ,South,Sneha,7,1966.72
ORD-202603-05295,2026-03-21 00:00:00+00:00,CUST-2226,Laptop Stand,Accessories,East,Vikram,4,1525.66
ORD-202603-05296,2026-03-16 00:00:00+00:00,CUST-4102,Study Table,Furniture,West,Vikram,5,5571.38
ORD-202603-05297,2026-03-31 00:00:00+00:00,CUST-1082,Monitor Stand,Furniture,East,Sneha,5,1994.13
ORD-202603-05298,2026-03-28 00:00:00+00:00,CUST-0545,Notebook,Office,Central,Priya,4,185.43
ORD-202603-05299,2026-03-12 00:00:00+00:00,CUST-3218,Pen Set,Office,East,Vikram,2,273.17
ORD-202603-05300,2026-03-26 00:00:00+00:00,CUST-3418,Headphones,Electronics,North,Neha,5,2350.55
ORD-202603-05301,2026-03-29 00:00:00+00:00,CUST-3622,Office Chair,Furniture,North,Priya,5,6677.32
ORD-202603-05302,2026-03-06 00:00:00+00:00,CUST-3465,Headphones,Electronics,East,Priya,1,2342.85
ORD-202603-05303,2026-03-20 00:00:00+00:00,CUST-1484,Webcam,Electronics,North,Priya,2,-100.0
ORD-202603-05304,2026-03-02 00:00:00+00:00,CUST-2840,Study Table,Furniture,South,Ananya,2,5618.21
ORD-202603-05305,2026-03-18 00:00:00+00:00,CUST-4254,Headphones,Electronics,South,Ananya,3,2476.26
ORD-202603-05306,2026-03-29 00:00:00+00:00,CUST-0875,Pen Set,Office,Central,Karan,4,284.06
ORD-202603-05307,2026-03-28 00:00:00+00:00,CUST-3462,Laptop Stand,Accessories,Central,Karan,5,1419.79
ORD-202603-05308,2026-03-18 00:00:00+00:00,CUST-3065,Laptop Stand,Accessories,East,Vikram,1,1392.04
ORD-202603-05309,2026-03-19 00:00:00+00:00,CUST-1367,Study Table,Furniture,Central,Rahul,7,5709.94
ORD-202603-05310,2026-03-27 00:00:00+00:00,CUST-4625,Wireless Mouse,Electronics,Central,Vikram,6,795.15
ORD-202603-05311,2026-03-01 00:00:00+00:00,CUST-0827,Desk Organizer,Office,Central,Vikram,1,618.71
ORD-202603-05312,2026-03-22 00:00:00+00:00,CUST-4026,Keyboard,Electronics,North,Rahul,2,1267.43
ORD-202603-05313,2026-03-10 00:00:00+00:00,CUST-2841,Office Chair,Furniture,East,Sneha,6,6418.1
ORD-202603-05314,2026-03-24 00:00:00+00:00,CUST-0650,Desk Organizer,Office,South,Neha,3,637.7
ORD-202603-05315,2026-03-04 00:00:00+00:00,CUST-2203,Pen Set,Office,South,Neha,4,271.59
ORD-202603-05316,2026-03-15 00:00:00+00:00,CUST-1656,Pen Set,Office,East,,4,291.08
ORD-202603-05317,2026-03-24 00:00:00+00:00,CUST-2085,Wireless Mouse,Electronics,North,Neha,7,812.6
ORD-202603-05318,2026-03-23 00:00:00+00:00,CUST-3950,Laptop Stand,Accessories,South,Sneha,2,1548.32
ORD-202603-05319,2026-03-23 00:00:00+00:00,CUST-3212,Desk Organizer,Office,South,Rahul,7,596.81
ORD-202603-05320,2026-03-29 00:00:00+00:00,CUST-0985,Notebook,Office,Central,Ananya,2,210.9
ORD-202603-05321,2026-03-12 00:00:00+00:00,CUST-3716,Headphones,Electronics,Central,Sneha,7,2488.8
ORD-202603-05322,2026-03-22 00:00:00+00:00,CUST-3575,Desk Organizer,Office,West,Karan,4,639.23
ORD-202603-05323,2026-03-26 00:00:00+00:00,CUST-0469,Webcam,Electronics,East,Priya,6,1802.86
ORD-202603-05324,2026-03-29 00:00:00+00:00,CUST-4592,Pen Set,Office,West,Ananya,1,297.36
ORD-202603-05325,2026-03-07 00:00:00+00:00,CUST-0033,Pen Set,Office,West,Priya,3,270.95
ORD-202603-05326,2026-03-08 00:00:00+00:00,CUST-1422,Webcam,Electronics,North,Ananya,2,1928.69
ORD-202603-05327,2026-03-14 00:00:00+00:00,CUST-1451,Wireless Mouse,Electronics,South,Ananya,5,783.43
ORD-202603-05328,2026-03-25 00:00:00+00:00,CUST-0471,Monitor Stand,Furniture,West,Karan,1,2071.44
ORD-202603-05329,2026-03-28 00:00:00+00:00,CUST-3315,Desk Organizer,Office,Central,Karan,3,628.03
ORD-202603-05330,2026-03-17 00:00:00+00:00,CUST-2302,Wireless Mouse,Electronics,Central,Priya,4,788.29
ORD-202603-05331,2026-03-23 00:00:00+00:00,CUST-4080,Headphones,Electronics,South,Priya,4,2553.19
ORD-202603-05332,2026-03-02 00:00:00+00:00,CUST-1567,Notebook,Office,Central,Sneha,6,208.23
ORD-202603-05333,2026-03-24 00:00:00+00:00,CUST-4274,Study Table,Furniture,West,Ananya,5,5869.39
ORD-202603-05334,2026-03-21 00:00:00+00:00,CUST-2545,Headphones,Electronics,East,Neha,6,2301.64
ORD-202603-05335,2026-03-11 00:00:00+00:00,CUST-0028,Mouse Pad,Accessories,North,Neha,4,402.82
ORD-202603-05336,2026-03-20 00:00:00+00:00,CUST-1514,Desk Organizer,Office,West,Amit,3,649.89
ORD-202603-05337,2026-03-30 00:00:00+00:00,CUST-1810,Study Table,Furniture,North,Sneha,3,5261.48
ORD-202603-05338,2026-03-31 00:00:00+00:00,,Notebook,Office,East,Priya,5,204.12
ORD-202603-05339,2026-03-20 00:00:00+00:00,CUST-3522,USB Hub,Accessories,South,Ananya,7,859.86
ORD-202603-05340,2026-03-21 00:00:00+00:00,CUST-0790,Headphones,Electronics,North,Ananya,7,2650.86
ORD-202603-05341,2026-03-21 00:00:00+00:00,CUST-4034,Notebook,Office,South,Sneha,2,208.69
ORD-202603-05342,2026-03-05 00:00:00+00:00,CUST-0864,Mouse Pad,Accessories,,Ananya,3,-100.0
ORD-202603-05343,2026-03-11 00:00:00+00:00,CUST-4975,Study Table,Furniture,West,Sneha,5,5717.81
ORD-202603-05344,2026-03-31 00:00:00+00:00,CUST-1924,Mouse Pad,Accessories,South,Vikram,7,398.13
ORD-202603-05345,2026-03-02 00:00:00+00:00,CUST-4688,Office Chair,Furniture,West,Vikram,3,7056.56
ORD-202603-05346,2026-03-10 00:00:00+00:00,,USB Hub,Accessories,South,Vikram,6,949.24
ORD-202603-05347,2026-03-28 00:00:00+00:00,CUST-1016,Mouse Pad,Accessories,East,Sneha,6,417.98
ORD-202603-05348,,CUST-4920,Wireless Mouse,Electronics,Central,Ananya,2,737.93
ORD-202603-05349,2026-03-13 00:00:00+00:00,CUST-0838,Mouse Pad,Accessories,East,Sneha,3,382.97
ORD-202603-05350,2026-03-19 00:00:00+00:00,CUST-1614,Headphones,Electronics,West,Ananya,4,2590.21
ORD-202603-05351,2026-03-24 00:00:00+00:00,CUST-2806,Laptop Stand,Accessories,Central,Vikram,6,1379.34
ORD-202603-05352,2026-03-12 00:00:00+00:00,CUST-1000,Monitor Stand,Furniture,East,Priya,7,2062.92
ORD-202603-05353,2026-03-29 00:00:00+00:00,CUST-1740,Pen Set,Office,East,Ananya,2,320.73
ORD-202603-05354,2026-03-13 00:00:00+00:00,CUST-3517,Headphones,Electronics,South,Priya,2,2432.9
ORD-202603-05355,2026-03-28 00:00:00+00:00,CUST-2396,Notebook,Office,West,Ananya,3,187.78
ORD-202603-05356,2026-03-21 00:00:00+00:00,CUST-2106,USB Hub,Accessories,Central,Amit,1,962.65
ORD-202603-05357,2026-03-02 00:00:00+00:00,CUST-3353,Desk Organizer,Office,Central,Neha,4,596.79
ORD-202603-05358,2026-03-28 00:00:00+00:00,CUST-4790,Webcam,Electronics,East,Vikram,2,2025.19
ORD-202603-05359,2026-03-04 00:00:00+00:00,CUST-4212,Pen Set,Office,South,Rahul,3,273.77
ORD-202603-05360,2026-03-30 00:00:00+00:00,CUST-0265,Desk Organizer,Office,East,Rahul,1,564.47
ORD-202603-05361,2026-03-01 00:00:00+00:00,CUST-3145,Desk Organizer,Office,Central,Amit,2,539.22
ORD-202603-05362,2026-03-31 00:00:00+00:00,CUST-2396,Notebook,Office,North,Sneha,1,196.94
ORD-202603-05363,2026-03-15 00:00:00+00:00,CUST-2153,Wireless Mouse,Electronics,West,Amit,2,860.06
ORD-202603-05364,2026-03-04 00:00:00+00:00,CUST-1173,Desk Organizer,Office,East,Rahul,3,616.4
ORD-202603-05365,2026-03-07 00:00:00+00:00,CUST-1338,Monitor Stand,Furniture,West,Sneha,2,1806.23
ORD-202603-05366,2026-03-06 00:00:00+00:00,CUST-3516,Pen Set,Office,South,Vikram,6,270.58
ORD-202603-05367,2026-03-17 00:00:00+00:00,CUST-4871,Notebook,Office,East,Neha,4,207.77
ORD-202603-05368,2026-03-07 00:00:00+00:00,CUST-2728,Mouse Pad,Accessories,South,Rahul,2,366.51
ORD-202603-05369,2026-03-25 00:00:00+00:00,CUST-1042,Keyboard,Electronics,Central,Amit,5,1226.32
ORD-202603-05370,2026-03-31 00:00:00+00:00,CUST-1191,Monitor Stand,Furniture,East,Rahul,6,2078.33
ORD-202603-05371,2026-03-10 00:00:00+00:00,CUST-0948,Laptop Stand,Accessories,Central,Vikram,4,1423.7
ORD-202603-05372,2026-03-04 00:00:00+00:00,CUST-2626,Desk Organizer,Office,Central,Rahul,7,597.82
ORD-202603-05373,2026-03-02 00:00:00+00:00,CUST-3543,Notebook,Office,East,Neha,3,194.83
ORD-202603-05374,2026-03-22 00:00:00+00:00,CUST-3893,Pen Set,Office,South,,4,289.66
ORD-202603-05375,2026-03-24 00:00:00+00:00,CUST-3225,Keyboard,Electronics,East,Neha,3,1234.72
ORD-202603-05376,2026-03-30 00:00:00+00:00,CUST-4874,Pen Set,Office,South,Rahul,7,293.47
ORD-202603-05377,2026-03-05 00:00:00+00:00,CUST-4468,Notebook,Office,East,Karan,6,186.37
ORD-202603-05378,2026-03-18 00:00:00+00:00,CUST-1134,Mouse Pad,Accessories,Central,Priya,-1,435.28
ORD-202603-05379,2026-03-07 00:00:00+00:00,CUST-4563,Desk Organizer,Office,West,Vikram,3,577.01
ORD-202603-05380,2026-03-01 00:00:00+00:00,CUST-0272,Pen Set,Office,West,Priya,1,312.69
ORD-202603-05381,2026-03-14 00:00:00+00:00,CUST-3723,Desk Organizer,Office,East,Priya,7,574.16
ORD-202603-05382,2026-03-03 00:00:00+00:00,CUST-2830,Notebook,Office,East,Vikram,1,189.54
ORD-202603-05383,2026-03-05 00:00:00+00:00,CUST-0141,Office Chair,Furniture,East,Amit,6,6974.8
ORD-202603-05384,2026-03-23 00:00:00+00:00,CUST-1542,Study Table,Furniture,West,Neha,4,5754.72
ORD-202603-05385,2026-03-07 00:00:00+00:00,CUST-4339,Office Chair,Furniture,South,Rahul,5,6304.58
ORD-202603-05386,2026-03-13 00:00:00+00:00,CUST-3725,Monitor Stand,Furniture,,Karan,7,1867.51
ORD-202603-05387,2026-03-30 00:00:00+00:00,CUST-2834,Notebook,Office,South,Priya,2,209.92
ORD-202603-05388,2026-03-16 00:00:00+00:00,CUST-3841,Mouse Pad,Accessories,West,Amit,1,387.27
ORD-202603-05389,2026-03-05 00:00:00+00:00,CUST-0976,Wireless Mouse,Electronics,Central,Amit,3,855.79
ORD-202603-05390,2026-03-02 00:00:00+00:00,CUST-0947,Notebook,Office,Central,Rahul,5,184.4
ORD-202603-05391,2026-03-13 00:00:00+00:00,CUST-3090,Pen Set,Office,Central,Amit,1,317.72
ORD-202603-05392,2026-03-28 00:00:00+00:00,CUST-2237,Webcam,Electronics,East,Ananya,6,1945.38
ORD-202603-05393,2026-03-02 00:00:00+00:00,CUST-1137,Wireless Mouse,Electronics,South,Amit,5,746.02
ORD-202603-05394,2026-03-29 00:00:00+00:00,CUST-0119,Office Chair,Furniture,Central,Ananya,7,6316.38
ORD-202603-05395,2026-03-15 00:00:00+00:00,CUST-2199,Keyboard,Electronics,East,Priya,3,1398.08
ORD-202603-05396,2026-03-19 00:00:00+00:00,CUST-3628,Desk Organizer,Office,East,Amit,7,573.71
ORD-202603-05397,2026-03-17 00:00:00+00:00,CUST-1903,Monitor Stand,Furniture,Central,Neha,3,1895.6
ORD-202603-05398,2026-03-15 00:00:00+00:00,CUST-2735,Monitor Stand,Furniture,North,Priya,1,1872.6
ORD-202603-05399,2026-03-10 00:00:00+00:00,CUST-0970,Headphones,Electronics,,Vikram,6,2426.53
ORD-202603-05400,2026-03-13 00:00:00+00:00,CUST-4896,Notebook,Office,North,Priya,1,199.95
ORD-202603-05401,2026-03-23 00:00:00+00:00,CUST-4045,Monitor Stand,Furniture,East,Sneha,5,1990.08
ORD-202603-05402,2026-03-07 00:00:00+00:00,CUST-1691,Desk Organizer,office,North,Sneha,2,641.08
ORD-202603-05403,2026-03-25 00:00:00+00:00,CUST-2438,Webcam,Electronics,West,Rahul,5,1784.05
ORD-202603-05404,2026-03-30 00:00:00+00:00,CUST-3285,Keyboard,Electronics,Central,Sneha,2,1363.05
ORD-202603-05405,2026-03-16 00:00:00+00:00,CUST-0729,Mouse Pad,Accessories,East,Sneha,1,431.66
ORD-202603-05406,2026-03-16 00:00:00+00:00,CUST-2864,Notebook,Office,Central,Sneha,7,180.57
ORD-202603-05407,2026-03-26 00:00:00+00:00,CUST-1189,Headphones,Electronics,West,Rahul,3,2624.56
ORD-202603-05408,2026-03-04 00:00:00+00:00,CUST-2775,Laptop Stand,Accessories,North,Priya,5,1431.39
ORD-202603-05409,2026-03-25 00:00:00+00:00,CUST-2491,USB Hub,Accessories,South,Ananya,1,889.6
ORD-202603-05410,2026-03-25 00:00:00+00:00,CUST-2122,Mouse Pad,Accessories,South,Ananya,7,363.97
ORD-202603-05411,2026-03-11 00:00:00+00:00,CUST-3184,Wireless Mouse,Electronics,Central,Neha,5,766.14
ORD-202603-05412,2026-03-31 00:00:00+00:00,CUST-1865,Laptop Stand,Accessories,Central,Vikram,3,1382.71
ORD-202603-05413,2026-03-16 00:00:00+00:00,CUST-3852,Office Chair,Furniture,West,Rahul,7,6625.06
ORD-202603-05414,2026-03-09 00:00:00+00:00,CUST-1151,Webcam,Electronics,East,Karan,3,1721.55
ORD-202603-05415,2026-03-08 00:00:00+00:00,CUST-0230,Office Chair,Furniture,North,Karan,3,7613.34
ORD-202603-05416,2026-03-22 00:00:00+00:00,CUST-3457,Office Chair,Furniture,West,Priya,2,7552.37
ORD-202603-05417,2026-03-29 00:00:00+00:00,CUST-2993,Study Table,Furniture,East,Sneha,5,5665.06
ORD-202603-05418,2026-03-31 00:00:00+00:00,CUST-3519,Notebook,Office,South,Amit,4,192.04
ORD-202603-05419,2026-03-28 00:00:00+00:00,CUST-1945,Laptop Stand,Accessories,Central,Ananya,4,1631.9
ORD-202603-05420,2026-03-04 00:00:00+00:00,CUST-3335,Webcam,Electronics,North,Amit,6,2078.2
ORD-202603-05421,2026-03-23 00:00:00+00:00,CUST-0235,Mouse Pad,Accessories,West,Priya,5,422.5
ORD-202603-05422,2026-03-26 00:00:00+00:00,CUST-4890,Desk Organizer,Office,South,Vikram,5,620.76
ORD-202603-05423,2026-03-07 00:00:00+00:00,CUST-4420,Office Chair,Furniture,Central,Rahul,5,6759.35
ORD-202603-05424,2026-03-16 00:00:00+00:00,CUST-1629,Wireless Mouse,Electronics,West,Sneha,6,860.25
ORD-202603-05425,2026-03-02 00:00:00+00:00,CUST-1519,Monitor Stand,Furniture,North,Ananya,6,1998.97
ORD-202603-05426,2026-03-21 00:00:00+00:00,CUST-0806,Webcam,Electronics,Central,Amit,6,1949.27
ORD-202603-05427,2026-03-19 00:00:00+00:00,CUST-4838,Webcam,Electronics,North,Rahul,5,1774.9
ORD-202603-05428,2026-03-06 00:00:00+00:00,CUST-0296,Laptop Stand,Accessories,West,Vikram,1,1355.53
ORD-202603-05429,2026-03-06 00:00:00+00:00,CUST-4121,Laptop Stand,Accessories,East,Priya,7,1645.16
ORD-202603-05430,2026-03-07 00:00:00+00:00,CUST-0665,Headphones,Electronics,East,Priya,2,2559.72
ORD-202603-05431,2026-03-20 00:00:00+00:00,CUST-4843,Laptop Stand,Accessories,East,Amit,6,1554.56
ORD-202603-05432,2026-03-18 00:00:00+00:00,CUST-1326,Office Chair,Furniture,South,Amit,5,6369.64
ORD-202603-05433,2026-03-17 00:00:00+00:00,CUST-2196,Wireless Mouse,Electronics,West,Sneha,5,786.45
ORD-202603-05434,2026-03-08 00:00:00+00:00,CUST-0300,Pen Set,Office,Central,Vikram,4,286.1
ORD-202603-05435,2026-03-25 00:00:00+00:00,CUST-1472,Study Table,Furniture,,Rahul,4,5868.14
ORD-202603-05436,2026-03-19 00:00:00+00:00,CUST-4719,Pen Set,Office,,Rahul,1,298.13
ORD-202603-05437,2026-03-10 00:00:00+00:00,CUST-2954,Mouse Pad,Accessories ,Central,Vikram,2,389.78
ORD-202603-05438,2026-03-03 00:00:00+00:00,CUST-1626,Notebook,Office,East,Ananya,1,184.98
ORD-202603-05439,2026-03-27 00:00:00+00:00,CUST-4454,Notebook,Office,East,Rahul,7,194.37
ORD-202603-05440,2026-03-25 00:00:00+00:00,CUST-4654,Laptop Stand,Accessories,South,Rahul,7,1457.65
ORD-202603-05441,2026-03-10 00:00:00+00:00,CUST-2053,Study Table,Furniture,Central,,1,5814.64
ORD-202603-05442,2026-03-09 00:00:00+00:00,CUST-1881,Pen Set,Office,West,Amit,6,319.78
ORD-202603-05443,2026-03-31 00:00:00+00:00,CUST-4176,Wireless Mouse,Electronics,East,Priya,5,779.7
ORD-202603-05444,2026-03-23 00:00:00+00:00,CUST-2701,Desk Organizer,Office,North,Ananya,3,588.25
ORD-202603-05445,2026-03-05 00:00:00+00:00,CUST-1426,Webcam,Electronics,South,Karan,2,2079.49
ORD-202603-05446,2026-03-06 00:00:00+00:00,CUST-2974,Notebook,Office,South,Ananya,5,194.15
ORD-202603-05447,2026-03-17 00:00:00+00:00,CUST-1817,Headphones,Electronics,East,Sneha,1,2563.28
ORD-202603-05448,2026-03-25 00:00:00+00:00,CUST-1994,Mouse Pad,Accessories,West,Sneha,2,369.86
ORD-202603-05449,2026-03-02 00:00:00+00:00,CUST-3314,Keyboard,Electronics,North,Ananya,1,1280.52
ORD-202603-05450,2026-03-01 00:00:00+00:00,CUST-1788,Headphones,Electronics,West,Ananya,1,2369.85
ORD-202603-05451,2026-03-19 00:00:00+00:00,CUST-2633,Study Table,Furniture,East,Rahul,1,5216.25
ORD-202603-05452,2026-03-06 00:00:00+00:00,CUST-3316,Keyboard,Electronics,North,Amit,3,1229.91
ORD-202603-05453,2026-03-18 00:00:00+00:00,CUST-4545,Webcam,Electronics,South,Rahul,6,1889.39
ORD-202603-05454,2026-03-11 00:00:00+00:00,CUST-4506,Wireless Mouse,Electronics,South,Karan,2,766.1
ORD-202603-05455,2026-03-27 00:00:00+00:00,CUST-4432,Headphones,Electronics, East,Ananya,2,2657.33
ORD-202603-05456,2026-03-25 00:00:00+00:00,CUST-3740,Desk Organizer,Office,,Vikram,7,592.86
ORD-202603-05457,2026-03-05 00:00:00+00:00,CUST-2287,Notebook,Office,West,Vikram,4,181.28
ORD-202603-05458,2026-03-01 00:00:00+00:00,CUST-2204,Laptop Stand,Accessories,South,Amit,1,1480.61
ORD-202603-05459,2026-03-14 00:00:00+00:00,CUST-0338,Keyboard,Electronics,East ,Priya,5,1194.88
ORD-202603-05460,2026-03-23 00:00:00+00:00,CUST-3927,Desk Organizer,Office,South,Karan,4,556.73
ORD-202603-05461,2026-03-16 00:00:00+00:00,CUST-4668,Webcam,Electronics,South,Sneha,3,1760.49
ORD-202603-05462,2026-03-08 00:00:00+00:00,CUST-3164,Mouse Pad,Accessories,East,Karan,6,422.37
ORD-202603-05463,2026-03-02 00:00:00+00:00,CUST-4657,Keyboard,Electronics,South,Priya,5,1280.7
ORD-202603-05464,2026-03-31 00:00:00+00:00,CUST-2557,USB Hub,Accessories,South,Sneha,1,809.28
ORD-202603-05465,2026-03-28 00:00:00+00:00,CUST-0569,Study Table,Furniture,West,Neha,-1,5511.88
ORD-202603-05466,2026-03-09 00:00:00+00:00,CUST-4425,Pen Set,Office,West,Neha,4,281.13
ORD-202603-05467,2026-03-16 00:00:00+00:00,CUST-2038,Mouse Pad,Accessories,West,Neha,5,416.34
ORD-202603-05468,2026-03-05 00:00:00+00:00,CUST-2524,Headphones,Electronics,West,Karan,3,2719.73
ORD-202603-05469,2026-03-13 00:00:00+00:00,CUST-3062,Webcam,Electronics,Central,Ananya,4,1773.8
ORD-202603-05470,2026-03-22 00:00:00+00:00,CUST-2197,Monitor Stand,Furniture,Central,Ananya,2,1909.63
ORD-202603-05471,2026-03-20 00:00:00+00:00,CUST-2192,Monitor Stand,Furniture,East,Amit,5,2083.87
ORD-202603-05472,2026-03-09 00:00:00+00:00,CUST-3336,Laptop Stand,Accessories,East,Neha,2,1538.69
ORD-202603-05473,2026-03-11 00:00:00+00:00,CUST-1600,Pen Set,Office,North,Priya,4,318.63
ORD-202603-05474,2026-03-17 00:00:00+00:00,CUST-2168,Desk Organizer,Office,Central,Priya,6,616.87
ORD-202603-05475,2026-03-17 00:00:00+00:00,CUST-0745,USB Hub,Accessories,East,Ananya,7,843.44
ORD-202603-05476,2026-03-24 00:00:00+00:00,CUST-1435,Webcam,Electronics,Central,Neha,4,2026.37
ORD-202603-05477,2026-03-16 00:00:00+00:00,CUST-3612,Laptop Stand,Accessories,North,Sneha,2,1397.31
ORD-202603-05478,2026-03-25 00:00:00+00:00,CUST-2576,Mouse Pad,Accessories,East,Priya,1,365.79
ORD-202603-05479,2026-03-09 00:00:00+00:00,CUST-1833,Laptop Stand,Accessories,East,Sneha,6,1630.76
ORD-202603-05480,2026-03-07 00:00:00+00:00,CUST-4690,Mouse Pad,Accessories,North,Rahul,3,405.69
ORD-202603-05481,2026-03-30 00:00:00+00:00,CUST-1003,Keyboard,Electronics,South,Ananya,2,1255.13
ORD-202603-05482,2026-03-07 00:00:00+00:00,CUST-2509,Webcam,Electronics,South,Karan,6,1806.47
ORD-202603-05483,2026-03-26 00:00:00+00:00,CUST-0337,Headphones,Electronics,West,Priya,4,2291.44
ORD-202603-05484,2026-03-09 00:00:00+00:00,CUST-4950,Laptop Stand,Accessories,West,,5,1516.98
ORD-202603-05485,2026-03-04 00:00:00+00:00,CUST-4201,Webcam,Electronics,West,Rahul,1,2039.64
ORD-202603-05486,2026-03-13 00:00:00+00:00,CUST-4101,USB Hub,Accessories,South,Karan,7,931.35
ORD-202603-05487,2026-03-04 00:00:00+00:00,CUST-1347,Monitor Stand,Furniture,North,Sneha,3,2103.75
ORD-202603-05488,2026-03-24 00:00:00+00:00,CUST-2427,Office Chair,Furniture,North,Amit,6,7136.77
ORD-202603-05489,2026-03-31 00:00:00+00:00,CUST-2264,Pen Set,Office,West,Karan,3,269.69
ORD-202603-05490,2026-03-17 00:00:00+00:00,CUST-1688,Mouse Pad,Accessories,North,Neha,2,394.62
ORD-202603-05491,2026-03-31 00:00:00+00:00,CUST-0117,Laptop Stand,Accessories,,Ananya,3,1359.83
ORD-202603-05492,2026-03-28 00:00:00+00:00,CUST-3228,Keyboard,Electronics,South,Ananya,1,1190.22
ORD-202603-05493,2026-03-30 00:00:00+00:00,CUST-0095,Pen Set,Office,West,Ananya,4,279.61
ORD-202603-05494,2026-03-22 00:00:00+00:00,CUST-4774,Headphones,Electronics,North,Karan,4,2693.61
ORD-202603-05495,2026-03-11 00:00:00+00:00,CUST-0729,Wireless Mouse,Electronics,Central,Priya,1,753.48
ORD-202603-05496,2026-03-20 00:00:00+00:00,CUST-2071,Monitor Stand,Furniture,Central,Amit,4,1979.71
ORD-202603-05497,2026-03-09 00:00:00+00:00,CUST-1509,Headphones,Electronics,Central,Vikram,4,2687.16
ORD-202603-05498,2026-03-17 00:00:00+00:00,CUST-1068,Keyboard,Electronics,North,Karan,4,1345.27
ORD-202603-05499,2026-03-24 00:00:00+00:00,CUST-4924,Notebook,Office,Central,Priya,1,184.38
ORD-202603-05500,2026-03-13 00:00:00+00:00,CUST-0655,Pen Set,Office,South,Sneha,5,296.75
ORD-202603-03202,2026-03-24 00:00:00+00:00,CUST-1354,Pen Set,Office,East,Karan,3,269.53
ORD-202603-05087,2026-03-13 00:00:00+00:00,CUST-0153,Study Table,Furniture,East,Sneha,3,5221.93
ORD-202603-04720,2026-03-20 00:00:00+00:00,CUST-3172,Webcam,Electronics,West,Neha,7,1824.97
ORD-202603-03841,2026-03-20 00:00:00+00:00,CUST-4383,Mouse Pad,Accessories,South,Rahul,1,391.35
ORD-202603-02626,2026-03-24 00:00:00+00:00,CUST-0352,Mouse Pad,Accessories,West,Neha,7,435.65
ORD-202603-04767,2026-03-08 00:00:00+00:00,CUST-4082,USB Hub,Accessories,South,Priya,6,816.55
ORD-202603-00739,2026-03-23 00:00:00+00:00,CUST-2115,Desk Organizer,Office,South,Vikram,1,579.78
ORD-202603-04613,2026-03-09 00:00:00+00:00,CUST-4330,Pen Set,Office,North,Priya,1,274.53
ORD-202603-03459,2026-03-07 00:00:00+00:00,CUST-3974,Monitor Stand,Furniture,South,Sneha,2,2085.31
ORD-202603-03762,2026-03-07 00:00:00+00:00,CUST-0292,USB Hub,Accessories,South,Rahul,4,928.0
ORD-202603-01560,2026-03-21 00:00:00+00:00,CUST-4672,Mouse Pad,Accessories,West,Ananya,1,400.51
ORD-202603-02573,2026-03-29 00:00:00+00:00,CUST-1637,Pen Set,Office,West,Amit,3,294.02
ORD-202603-03925,2026-03-29 00:00:00+00:00,CUST-0839,Keyboard,Electronics,South,Rahul,6,1363.89
ORD-202603-04604,2026-03-30 00:00:00+00:00,CUST-0263,USB Hub,Accessories,West,Sneha,1,813.21
ORD-202603-02967,2026-03-04 00:00:00+00:00,CUST-4460,Webcam,Electronics,North,Rahul,7,1924.57
ORD-202603-03605,2026-03-04 00:00:00+00:00,CUST-1338,Monitor Stand,Furniture,West,Rahul,1,2078.98
ORD-202603-05122,2026-03-30 00:00:00+00:00,CUST-0402,Monitor Stand,Furniture,North,Karan,2,2006.09
ORD-202603-01514,2026-03-16 00:00:00+00:00,CUST-2389,Desk Organizer,Office,North,Rahul,6,626.08
ORD-202603-05459,2026-03-14 00:00:00+00:00,CUST-0338,Keyboard,Electronics,East,Priya,5,1194.88
ORD-202603-01470,2026-03-12 00:00:00+00:00,CUST-0644,Mouse Pad,Accessories,South,Sneha,4,404.4
ORD-202603-00956,2026-03-05 00:00:00+00:00,CUST-3299,Monitor Stand,Furniture,West,,7,2002.81
ORD-202603-02653,2026-03-13 00:00:00+00:00,CUST-1664,Study Table,Furniture,West,Rahul,4,5046.13
ORD-202603-00772,2026-03-26 00:00:00+00:00,CUST-0569,Keyboard,Electronics,Central,Priya,7,1382.55
ORD-202603-04657,2026-03-06 00:00:00+00:00,CUST-1724,Monitor Stand,Furniture,North,Sneha,1,2050.37
ORD-202603-03749,2026-03-18 00:00:00+00:00,,Study Table,Furniture,Central,Karan,2,5772.48
ORD-202603-01982,2026-03-06 00:00:00+00:00,CUST-3534,Webcam,Electronics,North,Ananya,7,1999.52
ORD-202603-01151,2026-03-23 00:00:00+00:00,CUST-3541,Laptop Stand,Accessories,West,Neha,4,1568.69
ORD-202603-02693,2026-03-07 00:00:00+00:00,CUST-2373,Keyboard,Electronics,South,Ananya,4,1247.8
ORD-202603-04190,2026-03-02 00:00:00+00:00,CUST-4852,Laptop Stand,Accessories,Central,Amit,7,1370.36
ORD-202603-01760,2026-03-02 00:00:00+00:00,CUST-4968,Pen Set,Office,North,Rahul,6,322.11
ORD-202603-02351,2026-03-03 00:00:00+00:00,CUST-4704,Wireless Mouse,Electronics,East,Neha,4,724.81
ORD-202603-03994,2026-03-09 00:00:00+00:00,CUST-4127,Desk Organizer,Office,North,Sneha,2,641.92
ORD-202603-01485,2026-03-09 00:00:00+00:00,CUST-4891,Notebook,Office,Central,Amit,5,209.27
ORD-202603-04125,2026-03-20 00:00:00+00:00,CUST-2465,Headphones,Electronics,North,Vikram,7,2596.46
ORD-202603-02315,2026-03-02 00:00:00+00:00,CUST-0832,Keyboard,Electronics ,East,Karan,7,1244.21
ORD-202603-04408,2026-03-05 00:00:00+00:00,CUST-4002,USB Hub,Accessories,East,Rahul,2,860.1
ORD-202603-00491,2026-03-03 00:00:00+00:00,CUST-3000,Monitor Stand,Furniture,West,Ananya,6,1932.97
ORD-202603-05276,2026-03-26 00:00:00+00:00,CUST-4954,Headphones,Electronics,West,Amit,5,2743.21
ORD-202603-03071,2026-03-04 00:00:00+00:00,CUST-1816,USB Hub,Accessories,South,,6,977.23
ORD-202603-04162,2026-03-31 00:00:00+00:00,CUST-2907,Notebook,Office,South,Vikram,2,189.71
ORD-202603-02246,2026-03-22 00:00:00+00:00,CUST-0986,Headphones,Electronics,East,Neha,2,2288.36
ORD-202603-02342,2026-03-23 00:00:00+00:00,CUST-3888,USB Hub,Accessories,East,Neha,2,957.37
ORD-202603-04388,2026-03-08 00:00:00+00:00,CUST-0528,Webcam,Electronics,East,Amit,3,1776.89
ORD-202603-00176,2026-03-24 00:00:00+00:00,CUST-0977,Laptop Stand,Accessories,Central,Priya,1,1457.16
ORD-202603-00550,2026-03-19 00:00:00+00:00,CUST-3871,USB Hub,Accessories,East,Rahul,3,870.07
ORD-202603-01702,2026-03-09 00:00:00+00:00,CUST-1491,Office Chair,Furniture,South,Priya,5,6336.43
ORD-202603-00179,2026-03-21 00:00:00+00:00,CUST-0541,Keyboard,Electronics,Central,Neha,3,1278.58
ORD-202603-03062,2026-03-07 00:00:00+00:00,CUST-3476,Mouse Pad,Accessories,East,Rahul,2,389.38
ORD-202603-04459,2026-03-09 00:00:00+00:00,CUST-1875,Keyboard,Electronics,South,Rahul,1,1427.92
ORD-202603-02408,2026-03-20 00:00:00+00:00,CUST-1057,Laptop Stand,Accessories,North,Vikram,5,1565.02
ORD-202603-03507,2026-03-11 00:00:00+00:00,CUST-3753,Study Table,Furniture,East,Vikram,4,5497.93
ORD-202603-05461,2026-03-16 00:00:00+00:00,CUST-4668,Webcam,Electronics,South,Sneha,3,1760.49
ORD-202603-04280,2026-03-16 00:00:00+00:00,CUST-1435,Headphones,Electronics,East,Neha,6,2553.7
ORD-202603-05102,2026-03-09 00:00:00+00:00,CUST-0655,Notebook,Office,Central,Karan,7,186.41
ORD-202603-02352,2026-03-07 00:00:00+00:00,CUST-3961,Webcam,Electronics,West,Rahul,2,1943.68
ORD-202603-04638,2026-03-23 00:00:00+00:00,CUST-4659,Keyboard,Electronics,West,Vikram,5,1406.84
ORD-202603-05289,2026-03-20 00:00:00+00:00,CUST-4655,Pen Set,Office,South,Neha,2,285.92
ORD-202603-03221,2026-03-05 00:00:00+00:00,CUST-3276,Headphones,Electronics,West,Amit,3,2457.26
ORD-202603-03859,2026-03-12 00:00:00+00:00,CUST-2943,Study Table,Furniture,South,Neha,2,5265.26
ORD-202603-02223,2026-03-13 00:00:00+00:00,CUST-1893,Headphones,Electronics,North,Rahul,6,2615.77
ORD-202603-02910,2026-03-20 00:00:00+00:00,,Mouse Pad,Accessories,Central,,4,395.1
ORD-202603-02713,2026-03-28 00:00:00+00:00,CUST-3635,Headphones,Electronics,North,Amit,6,2270.33
ORD-202603-04232,2026-03-28 00:00:00+00:00,CUST-3298,Wireless Mouse,Electronics,Central,Neha,5,800.77
ORD-202603-00426,2026-03-02 00:00:00+00:00,CUST-1671,Keyboard,Electronics,Central,Neha,3,1340.52
ORD-202603-04520,2026-03-05 00:00:00+00:00,CUST-3069,Headphones,Electronics,West,Rahul,5,2599.76
ORD-202603-00706,2026-03-31 00:00:00+00:00,CUST-0938,Laptop Stand,Accessories,West,Ananya,2,1592.57
ORD-202603-02776,2026-03-23 00:00:00+00:00,CUST-1359,Laptop Stand,Accessories,East,Neha,5,1454.55
ORD-202603-03069,2026-03-10 00:00:00+00:00,CUST-0554,Webcam,Electronics,North,Vikram,2,2023.19
ORD-202603-00561,2026-03-31 00:00:00+00:00,CUST-3543,Headphones,Electronics,North,Priya,3,2574.44
ORD-202603-05447,2026-03-17 00:00:00+00:00,CUST-1817,Headphones,Electronics,East,Sneha,1,2563.28
ORD-202603-00451,2026-03-18 00:00:00+00:00,CUST-1357,USB Hub,Accessories,Central,Neha,1,839.12
ORD-202603-05410,2026-03-25 00:00:00+00:00,CUST-2122,Mouse Pad,Accessories,South,Ananya,7,363.97
ORD-202603-05485,2026-03-04 00:00:00+00:00,CUST-4201,Webcam,Electronics,West,Rahul,1,2039.64
ORD-202603-03922,2026-03-06 00:00:00+00:00,CUST-1808,Pen Set,Office, East,Rahul,5,306.86
ORD-202603-02720,2026-03-17 00:00:00+00:00,CUST-0686,Notebook,Office,East,Neha,5,195.44
ORD-202603-03003,2026-03-07 00:00:00+00:00,CUST-3247,Pen Set,office,Central,Priya,5,303.56
ORD-202603-03932,2026-03-24 00:00:00+00:00,,Webcam,Electronics,South,Karan,2,2073.76
ORD-202603-01350,2026-03-11 00:00:00+00:00,CUST-2052,Webcam,Electronics,North,Sneha,7,1864.22
ORD-202603-05481,2026-03-30 00:00:00+00:00,CUST-1003,Keyboard,Electronics,South,Ananya,2,1255.13
ORD-202603-05149,2026-03-13 00:00:00+00:00,CUST-2045,Keyboard,Electronics,Central,,5,1303.64
ORD-202603-00147,2026-03-27 00:00:00+00:00,CUST-4560,USB Hub,Accessories,East,Neha,1,951.94
ORD-202603-05341,2026-03-21 00:00:00+00:00,CUST-4034,Notebook,Office,South,Sneha,2,208.69
