Order_ID,Order_Date,Customer_ID,Product,Category,Region,Salesperson,Quantity,Unit_Price
ORD-202604-00001,2026-04-22,CUST-2491,Desk Organizer,Office,West,Ananya,2,628.97
ORD-202604-00002,,CUST-4618,Office Chair,Furniture,West,Priya,1,7076.29
ORD-202604-00003,2026-04-13,CUST-1715,Wireless Mouse,Electronics,West,Amit,2,870.26
ORD-202604-00004,2026-04-15,CUST-3760,Office Chair,Furniture,West,Amit,2,6360.56
ORD-202604-00005,2026-04-12,CUST-4474,Pen Set,Office,Central,Neha,7,323.06
ORD-202604-00006,2026-04-22,CUST-1454,Study Table,Furniture,East,Amit,6,5425.64
ORD-202604-00007,2026-04-13,CUST-3710,Keyboard,Electronics,North,Sneha,7,1406.13
ORD-202604-00008,2026-05-01,CUST-1769,Wireless Mouse,Electronics,Central,Rahul,7,793.59
ORD-202604-00009,2026-04-20,CUST-2235,Webcam,Electronics,East,Vikram,4,2001.62
ORD-202604-00010,2026-04-13,CUST-1485,USB Hub,Accessories,East,Sneha,6,986.02
ORD-202604-00011,2026-04-14,CUST-1680,Pen Set,office,South,Neha,2,321.37
ORD-202604-00012,2026-04-01,CUST-0631,Office Chair,Furniture,North,Neha,4,6424.14
ORD-202604-00013,2026-04-16,CUST-3850,Pen Set,Office,Central,Amit,6,316.03
ORD-202604-00014,2026-04-22,CUST-0793,Mouse Pad,Accessories,West ,Rahul,5,396.06
ORD-202604-00015,2026-04-07,CUST-3678,Keyboard,Electronics,East,Amit,7,1244.21
ORD-202604-00016,2026-04-20,CUST-3583,Webcam,Electronics,East,Ananya,1,1979.57
ORD-202604-00017,2026-04-18,CUST-4394,USB Hub,Accessories,South,Neha,4,887.12
ORD-202604-00018,2026-04-11,CUST-2913,Office Chair,Furniture,Central,Priya,1,7122.14
ORD-202604-00019,2026-04-26,CUST-0723,Study Table,Furniture,South,Sneha,2,5809.52
ORD-202604-00020,2026-04-23,CUST-1443,Wireless Mouse,Electronics,Central,Karan,2,850.55
ORD-202604-00021,2026-04-06,CUST-3899,Study Table,Furniture,North,Amit,6,5462.9
ORD-202604-00022,2026-04-24,CUST-1314,Laptop Stand,Accessories,North,Sneha,5,1481.15
ORD-202604-00023,2026-04-08,CUST-4046,Notebook,Office,South,Ananya,4,195.54
ORD-202604-00024,,CUST-3620,Pen Set,Office,South,Vikram,3,309.57
ORD-202604-00025,2026-04-17,CUST-3165,USB Hub,Accessories,East,Sneha,6,979.49
ORD-202604-00026,2026-04-07,CUST-0477,Headphones,Electronics,North,Amit,2,2383.03
ORD-202604-00027,2026-04-02,CUST-2795,Headphones,Electronics,South,Sneha,3,2391.94
ORD-202604-00028,2026-04-22,CUST-1085,Office Chair,Furniture,Central,Sneha,4,7206.01
ORD-202604-00029,2026-04-24,CUST-4964,Pen Set,Office,South,Ananya,3,295.89
ORD-202604-00030,2026-04-14,CUST-1765,USB Hub,Accessories,North,Amit,7,817.59
ORD-202604-00031,2026-04-10,CUST-2185,Monitor Stand,Furniture,North,Vikram,3,1828.06
ORD-202604-00032,2026-04-04,CUST-4377,Laptop Stand,Accessories,East,Priya,4,1530.34
ORD-202604-00033,2026-04-24,CUST-0167,Desk Organizer,Office,Central,Rahul,5,584.36
ORD-202604-00034,2026-04-04,CUST-4090,Monitor Stand,Furniture,South,Ananya,4,2048.69
ORD-202604-00035,2026-04-18,CUST-1420,Laptop Stand,Accessories,East,Neha,2,1574.79
ORD-202604-00036,2026-04-01,CUST-0414,Keyboard,Electronics,East,Ananya,3,1257.83
ORD-202604-00037,2026-04-18,CUST-0945,USB Hub,Accessories,West,Neha,7,913.68
ORD-202604-00038,2026-04-03,CUST-2780,USB Hub,Accessories,West,Priya,1,885.07
ORD-202604-00039,2026-04-04,CUST-1134,Notebook,Office,North,Neha,6,215.83
ORD-202604-00040,2026-04-21,CUST-4183,Mouse Pad,Accessories,North,Ananya,2,436.11
ORD-202604-00041,2026-04-10,CUST-0362,Pen Set,Office,Central,Karan,5,309.51
ORD-202604-00042,2026-04-30,CUST-2724,Keyboard,Electronics,South,Sneha,3,1268.22
ORD-202604-00043,2026-04-20,CUST-0156,Study Table,Furniture,East,Sneha,2,5992.95
ORD-202604-00044,2026-04-25,CUST-2314,Laptop Stand,Accessories,Central,Karan,4,1449.68
ORD-202604-00045,2026-04-05,CUST-3685,Office Chair,Furniture,Central,Neha,4,7040.33
ORD-202604-00046,2026-04-15,CUST-4462,Mouse Pad,Accessories,South,Rahul,7,434.14
ORD-202604-00047,2026-04-14,CUST-4248,Laptop Stand,Accessories,Central,Neha,2,1531.5
ORD-202604-00048,2026-04-22,CUST-3672,Study Table,Furniture,South,Rahul,3,5390.1
ORD-202604-00049,2026-04-01,CUST-4282,Webcam,Electronics,West,Ananya,6,1721.29
ORD-202604-00050,2026-04-19,CUST-2545,Mouse Pad,Accessories,South,Sneha,3,422.17
ORD-202604-00051,2026-04-27,CUST-4461,Webcam,Electronics,South,Sneha,1,1741.98
ORD-202604-00052,2026-04-08,CUST-0878,Notebook,Office,West,Neha,3,182.69
ORD-202604-00053,2026-04-09,CUST-2304,Keyboard,Electronics,Central,Neha,4,1228.15
ORD-202604-00054,2026-04-13,CUST-0891,Pen Set,Office,Central,Karan,2,306.81
ORD-202604-00055,2026-04-24,CUST-0729,Wireless Mouse,Electronics,East,Ananya,2,861.85
ORD-202604-00056,2026-04-15,CUST-1184,Keyboard,Electronics,South,Amit,4,1171.26
ORD-202604-00057,2026-04-26,CUST-3695,Monitor Stand,Furniture,East ,Priya,1,2070.17
ORD-202604-00058,2026-04-09,CUST-2932,Keyboard,Electronics,Central,Amit,6,1304.61
ORD-202604-00059,2026-04-30,CUST-2816,Laptop Stand,Accessories,North,Amit,3,1535.31
ORD-202604-00060,2026-04-30,CUST-2736,Mouse Pad,Accessories,North,Priya,6,414.17
ORD-202604-00061,2026-04-10,CUST-2142,Mouse Pad,Accessories,West,Neha,4,411.69
ORD-202604-00062,2026-04-09,CUST-3166,Pen Set,Office,Central,Rahul,1,318.77
ORD-202604-00063,2026-04-24,CUST-0836,Keyboard,Electronics,South,Vikram,7,1197.43
ORD-202604-00064,2026-04-22,CUST-0987,Laptop Stand,Accessories,South,Sneha,6,1416.07
ORD-202604-00065,2026-04-22,CUST-1514,USB Hub,Accessories,South,Amit,1,960.95
ORD-202604-00066,2026-04-11,CUST-2594,Keyboard,Electronics,North,Priya,3,1187.59
ORD-202604-00067,2026-04-21,CUST-3194,Wireless Mouse,Electronics,East,Vikram,5,875.79
ORD-202604-00068,2026-04-15,CUST-3052,Desk Organizer,Office,West,Karan,1,593.57
ORD-202604-00069,2026-04-29,CUST-0670,Study Table,Furniture,East,Ananya,2,5337.82
ORD-202604-00070,2026-04-22,CUST-4289,Desk Organizer,Office,South,Ananya,7,592.25
ORD-202604-00071,2026-04-20,CUST-3644,Monitor Stand,Furniture,East,Sneha,6,1913.13
ORD-202604-00072,2026-04-24,CUST-1378,Study Table, Furniture,North,Neha,7,5857.24
ORD-202604-00073,2026-04-15,CUST-0800,Monitor Stand,Furniture,East,Rahul,7,2045.41
ORD-202604-00074,,CUST-1391,Office Chair,Furniture,East,Vikram,3,6702.3
ORD-202604-00075,2026-04-18,CUST-4870,Headphones, Electronics,East,Karan,6,2638.89
ORD-202604-00076,2026-04-17,CUST-4964,Desk Organizer, Office,North,Vikram,5,623.99
ORD-202604-00077,2026-04-14,CUST-2102,Office Chair,Furniture,South,Sneha,5,7120.97
ORD-202604-00078,2026-04-20,CUST-0312,Mouse Pad,Accessories,East,Rahul,5,394.49
ORD-202604-00079,2026-04-15,CUST-1732,Laptop Stand,Accessories,Central,Ananya,2,1603.23
ORD-202604-00080,2026-04-02,CUST-2442,Monitor Stand,Furniture,Central,Karan,7,1882.05
ORD-202604-00081,2026-04-28,CUST-4816,Pen Set,Office,South,Neha,2,323.3
ORD-202604-00082,2026-04-24,CUST-4643,Pen Set,Office,North,Priya,2,304.77
ORD-202604-00083,2026-05-01,CUST-3484,Monitor Stand,Furniture,South,Sneha,7,2176.85
ORD-202604-00084,2026-04-20,CUST-2748,Keyboard,Electronics ,South,Priya,2,1412.14
ORD-202604-00085,2026-04-28,CUST-2537,Notebook,Office,East,Vikram,1,182.43
ORD-202604-00086,2026-04-20,CUST-2901,Office Chair,Furniture,West,Vikram,5,6767.31
ORD-202604-00087,2026-05-01,CUST-0493,USB Hub,Accessories,South,Priya,3,-100.0
ORD-202604-00088,2026-04-07,CUST-1342,Headphones,Electronics,East,Rahul,1,2313.54
ORD-202604-00089,2026-04-09,CUST-2890,Mouse Pad,Accessories,North,Vikram,2,402.75
ORD-202604-00090,2026-04-16,CUST-3673,Office Chair,Furniture,East,Amit,6,6776.96
ORD-202604-00091,2026-04-08,CUST-2133,Pen Set,Office,East,Karan,2,328.87
ORD-202604-00092,2026-04-18,CUST-4810,Monitor Stand,Furniture,north,Ananya,2,1879.21
ORD-202604-00093,2026-04-12,CUST-3749,Notebook,Office,Central,Ananya,5,183.5
ORD-202604-00094,2026-04-11,CUST-2329,Keyboard,Electronics,East,Karan,6,1287.45
ORD-202604-00095,2026-04-11,CUST-4898,Keyboard,Electronics,North,Karan,4,1232.47
ORD-202604-00096,2026-04-22,CUST-4329,Keyboard,Electronics,West,Ananya,2,1379.26
ORD-202604-00097,2026-04-05,CUST-2563,Desk Organizer,Office,Central,Neha,3,541.18
ORD-202604-00098,2026-04-02,CUST-0174,Office Chair,Furniture,East,Neha,6,7212.16
ORD-202604-00099,2026-04-28,CUST-2920,Wireless Mouse,Electronics,South,Ananya,4,784.23
ORD-202604-00100,2026-04-16,CUST-4208,Office Chair,Furniture,North,Ananya,1,7603.15
ORD-202604-00101,2026-04-26,CUST-4486,Pen Set,Office,West,Amit,7,323.74
ORD-202604-00102,2026-04-02,CUST-4789,Pen Set,Office,North,Neha,1,316.98
ORD-202604-00103,2026-04-08,CUST-0364,USB Hub,Accessories,East,Ananya,5,886.34
ORD-202604-00104,2026-04-14,CUST-4251,Mouse Pad,Accessories,West,Ananya,1,393.12
ORD-202604-00105,2026-04-16,CUST-2027,Wireless Mouse,Electronics,North,Amit,3,722.5
ORD-202604-00106,2026-04-28,CUST-0438,Study Table,Furniture,North,Neha,5,5969.33
ORD-202604-00107,2026-04-05,CUST-2170,Desk Organizer,Office,West,Karan,2,656.17
ORD-202604-00108,2026-04-14,CUST-3182,Pen Set,Office,South,Ananya,2,281.71
ORD-202604-00109,2026-04-05,CUST-3081,Monitor Stand,Furniture,South,Amit,5,1988.14
ORD-202604-00110,2026-05-01,CUST-0373,Study Table,Furniture,East,Sneha,3,5585.31
ORD-202604-00111,2026-04-21,CUST-0540,Headphones,Electronics,,Priya,2,2518.89
ORD-202604-00112,2026-04-24,CUST-0339,Laptop Stand,Accessories,East,Ananya,7,1492.9
ORD-202604-00113,2026-04-20,CUST-0388,Webcam,Electronics,North,Karan,3,1939.37
ORD-202604-00114,2026-04-30,CUST-0387,Laptop Stand,Accessories,North,Vikram,3,1585.76
ORD-202604-00115,2026-05-01,CUST-0964,Keyboard,Electronics,East,Amit,6,1276.7
ORD-202604-00116,2026-04-28,CUST-0715,Notebook,Office,East,Priya,2,182.07
ORD-202604-00117,2026-04-07,CUST-3786,Keyboard,Electronics,South,Priya,4,1240.73
ORD-202604-00118,2026-04-27,CUST-2681,Pen Set,Office,East,Amit,5,276.24
ORD-202604-00119,2026-04-09,CUST-2839,Monitor Stand,Furniture,West,Amit,1,2040.57
ORD-202604-00120,2026-04-11,CUST-3734,Keyboard,Electronics,,Amit,2,1301.35
ORD-202604-00121,2026-04-01,CUST-2985,Webcam,Electronics,North,Neha,7,1766.0
ORD-202604-00122,2026-04-26,CUST-0815,Headphones,Electronics,East,Neha,6,2418.93
ORD-202604-00123,2026-04-29,CUST-4457,Office Chair,Furniture,South,Rahul,3,7577.07
ORD-202604-00124,2026-04-11,CUST-0034,Office Chair,Furniture,West,Rahul,4,7519.18
ORD-202604-00125,2026-04-25,CUST-1525,Pen Set,Office ,Central,Priya,3,304.19
ORD-202604-00126,2026-04-27,CUST-2133,Notebook,Office,,Priya,7,179.78
ORD-202604-00127,2026-04-18,CUST-1069,Mouse Pad,Accessories,Central,Neha,6,422.06
ORD-202604-00128,2026-04-15,CUST-2128,Headphones,Electronics,Central,Rahul,2,2274.93
ORD-202604-00129,2026-04-20,CUST-0837,Notebook,Office,North,Vikram,1,215.53
ORD-202604-00130,2026-04-01,CUST-2191,Laptop Stand,Accessories,West,Sneha,4,1523.72
ORD-202604-00131,2026-04-15,CUST-0569,USB Hub,Accessories,South,Sneha,6,854.84
ORD-202604-00132,2026-04-29,CUST-2787,Office Chair,Furniture,South,Priya,6,6432.56
ORD-202604-00133,2026-04-11,CUST-2802,Study Table,Furniture,Central,Neha,1,5759.53
ORD-202604-00134,2026-04-22,CUST-4859,Headphones,Electronics,Central,Vikram,5,2315.62
ORD-202604-00135,2026-04-02,CUST-0849,Pen Set,Office,Central,Rahul,4,-100.0
ORD-202604-00136,2026-04-22,CUST-1414,Notebook,Office,South,Sneha,2,179.95
ORD-202604-00137,2026-04-11,CUST-3119,Monitor Stand,Furniture,North,Priya,4,2164.29
ORD-202604-00138,2026-04-28,CUST-2851,Mouse Pad,Accessories,North,Priya,1,420.75
ORD-202604-00139,2026-04-23,CUST-2982,USB Hub,Accessories,South,Priya,1,837.51
ORD-202604-00140,2026-04-30,CUST-4216,Monitor Stand,Furniture,South,Priya,4,2054.42
ORD-202604-00141,2026-04-03,CUST-2458,Monitor Stand,Furniture,Central,Amit,2,1990.01
ORD-202604-00142,2026-04-24,CUST-2175,Desk Organizer,Office,North,,4,549.49
ORD-202604-00143,2026-04-09,CUST-1720,Monitor Stand,Furniture,South,Sneha,7,1985.35
ORD-202604-00144,2026-04-18,CUST-0075,Desk Organizer,Office,South,Ananya,2,583.51
ORD-202604-00145,2026-04-08,CUST-1991,Laptop Stand,Accessories,North,Karan,6,1418.26
ORD-202604-00146,2026-04-06,CUST-1759,Desk Organizer,Office,Central,Karan,6,651.24
ORD-202604-00147,2026-04-26,CUST-3617,Monitor Stand,Furniture,South,Vikram,1,1889.9
ORD-202604-00148,2026-04-23,CUST-3518,Monitor Stand,Furniture,,Ananya,2,2065.06
ORD-202604-00149,2026-04-17,CUST-1353,Desk Organizer,Office,South,Karan,2,655.71
ORD-202604-00150,2026-04-16,CUST-0934,Webcam,Electronics,North,Amit,7,1716.85
ORD-202604-00151,2026-04-17,CUST-3389,Office Chair,Furniture,North,Rahul,5,6494.68
ORD-202604-00152,2026-04-17,CUST-3333,Wireless Mouse,Electronics,North,Priya,5,831.28
ORD-202604-00153,2026-04-25,CUST-1438,Pen Set,Office,East,Vikram,1,301.94
ORD-202604-00154,2026-04-21,CUST-0261,Webcam,Electronics,North,Vikram,5,2018.51
ORD-202604-00155,2026-04-28,CUST-2436,Keyboard,Electronics,South,Priya,4,1293.53
ORD-202604-00156,2026-04-24,CUST-3356,Study Table,Furniture,West,Amit,5,5956.27
ORD-202604-00157,2026-04-08,CUST-1028,Desk Organizer,Office,South,Karan,4,564.49
ORD-202604-00158,2026-04-09,CUST-2501,Desk Organizer,Office,North,Priya,1,597.41
ORD-202604-00159,2026-04-16,CUST-4563,Pen Set,Office,Central,Karan,5,320.47
ORD-202604-00160,2026-04-10,CUST-3514,Headphones,Electronics,South,Karan,3,2316.96
ORD-202604-00161,2026-04-21,CUST-4263,Mouse Pad,Accessories,East,Karan,2,405.25
ORD-202604-00162,2026-04-08,CUST-0140,Laptop Stand,Accessories,West,Karan,7,1471.22
ORD-202604-00163,2026-04-14,CUST-4690,Monitor Stand,Furniture,North,Karan,2,2034.69
ORD-202604-00164,2026-04-24,CUST-4761,Notebook,Office,South,Priya,7,185.16
ORD-202604-00165,2026-04-17,CUST-3290,Study Table,Furniture,Central,Rahul,4,5585.76
ORD-202604-00166,2026-04-15,CUST-2902,Headphones,Electronics,North,Neha,2,2541.94
ORD-202604-00167,2026-05-01,CUST-0860,Webcam,Electronics,South,Sneha,6,1932.06
ORD-202604-00168,2026-04-19,CUST-3344,Notebook,Office,Central,Sneha,7,186.2
ORD-202604-00169,2026-04-24,CUST-3141,Monitor Stand,Furniture,South,Rahul,7,1955.03
ORD-202604-00170,2026-04-17,CUST-4077,Wireless Mouse,Electronics,South,Vikram,3,791.65
ORD-202604-00171,2026-04-21,CUST-0967,Keyboard,Electronics,Central,Sneha,7,1339.77
ORD-202604-00172,2026-04-27,CUST-0247,Desk Organizer,Office,Central,Ananya,5,652.81
ORD-202604-00173,2026-04-07,CUST-2345,Keyboard,Electronics,South,Neha,3,1190.41
ORD-202604-00174,2026-04-19,CUST-0800,Webcam,Electronics,Central,Ananya,7,2069.31
ORD-202604-00175,2026-04-11,CUST-4369,Pen Set,Office,West,Sneha,4,320.45
ORD-202604-00176,2026-05-01,CUST-0789,USB Hub,Accessories,Central,Neha,2,879.01
ORD-202604-00177,2026-04-15,CUST-0935,Desk Organizer,Office,South,Ananya,6,606.14
ORD-202604-00178,2026-04-19,CUST-0788,Wireless Mouse,Electronics,East,Karan,1,761.19
ORD-202604-00179,2026-04-02,CUST-4394,Pen Set,Office,South,Neha,3,298.74
ORD-202604-00180,2026-04-16,CUST-0437,Pen Set,Office,West,Amit,4,317.91
ORD-202604-00181,2026-04-13,CUST-2412,Webcam,Electronics,West,Amit,5,1711.93
ORD-202604-00182,2026-04-02,CUST-4601,Pen Set,Office,South,Vikram,5,322.41
ORD-202604-00183,2026-04-01,CUST-1566,USB Hub,Accessories,Central,Amit,6,904.62
ORD-202604-00184,2026-04-14,CUST-1743,Study Table,Furniture,North,Neha,4,5624.02
ORD-202604-00185,2026-04-27,CUST-3373,Desk Organizer,Office,South,Amit,4,596.14
ORD-202604-00186,2026-04-11,CUST-0569,Desk Organizer,Office,East,Sneha,5,568.28
ORD-202604-00187,2026-04-27,CUST-2824,Mouse Pad,Accessories,South,Karan,4,389.25
ORD-202604-00188,2026-04-19,CUST-3562,Pen Set,Office,North,Vikram,7,299.14
ORD-202604-00189,2026-04-19,CUST-2044,Keyboard,Electronics,West,Sneha,3,-100.0
ORD-202604-00190,2026-04-11,CUST-1834,USB Hub,Accessories,West,Rahul,1,914.24
ORD-202604-00191,2026-04-24,CUST-0761,Laptop Stand,Accessories,West,Sneha,5,1358.53
ORD-202604-00192,2026-04-10,CUST-1028,Wireless Mouse,Electronics,East,Karan,7,833.12
ORD-202604-00193,2026-04-22,CUST-1494,Office Chair,Furniture,East,Sneha,2,7065.37
ORD-202604-00194,2026-05-01,CUST-4644,Pen Set,Office,North,Neha,2,323.67
ORD-202604-00195,2026-04-18,CUST-0773,Laptop Stand,Accessories,Central,Priya,3,1497.21
ORD-202604-00196,2026-04-10,CUST-4238,Wireless Mouse,Electronics,West,Karan,7,724.99
ORD-202604-00197,2026-04-15,CUST-1646,Monitor Stand,Furniture,South,Neha,2,2123.77
ORD-202604-00198,2026-04-27,CUST-2960,Pen Set,Office,East,Amit,6,325.41
ORD-202604-00199,2026-04-17,CUST-3972,Office Chair,Furniture,East,Sneha,2,7157.97
ORD-202604-00200,2026-04-26,CUST-2488,Wireless Mouse,Electronics,East,Rahul,6,780.2
ORD-202604-00201,2026-04-28,CUST-4831,Study Table,Furniture,South,Priya,2,5552.65
ORD-202604-00202,2026-04-11,CUST-0512,Wireless Mouse,Electronics,East,Vikram,7,857.88
ORD-202604-00203,2026-04-05,CUST-3229,Study Table,Furniture,South,Neha,4,5041.52
ORD-202604-00204,2026-04-12,CUST-2406,Notebook,Office,West,Priya,1,181.32
ORD-202604-00205,2026-04-06,CUST-2608,Study Table,Furniture,Central,Neha,7,5865.9
ORD-202604-00206,2026-04-23,CUST-2065,Study Table,Furniture,North,Vikram,5,5133.95
ORD-202604-00207,2026-04-18,CUST-4195,Study Table,Furniture,North,Rahul,1,5723.53
ORD-202604-00208,2026-04-12,CUST-2519,Desk Organizer,Office,North,Sneha,3,648.63
ORD-202604-00209,2026-04-26,CUST-4197,Keyboard,Electronics,East,Ananya,7,1231.68
ORD-202604-00210,2026-04-02,CUST-2025,Desk Organizer,Office,North,Amit,3,651.24
ORD-202604-00211,2026-04-03,CUST-0210,Mouse Pad,Accessories,West,Vikram,7,423.7
ORD-202604-00212,2026-04-16,CUST-2660,Office Chair,Furniture,South,Neha,4,7257.44
ORD-202604-00213,2026-04-07,CUST-4976,Monitor Stand,Furniture,Central,Sneha,1,2012.36
ORD-202604-00214,2026-04-17,CUST-2852,USB Hub,Accessories,West,Karan,5,849.15
ORD-202604-00215,2026-04-05,CUST-4723,Webcam,Electronics,East,Rahul,1,1930.33
ORD-202604-00216,2026-04-11,CUST-0423,Desk Organizer,Office,East,Amit,5,544.6
ORD-202604-00217,2026-04-19,CUST-3341,Webcam,Electronics,East,Ananya,1,1865.21
ORD-202604-00218,,CUST-1049,Mouse Pad,Accessories,North,Amit,5,410.34
ORD-202604-00219,2026-04-12,CUST-0253,Desk Organizer,Office,East,Priya,2,645.51
ORD-202604-00220,2026-04-14,CUST-2287,Monitor Stand,Furniture,Central,Neha,2,1877.05
ORD-202604-00221,2026-04-26,CUST-3256,Desk Organizer,Office,North,Sneha,2,544.11
ORD-202604-00222,2026-04-30,CUST-4516,Desk Organizer,Office,North,Sneha,3,539.53
ORD-202604-00223,2026-04-04,CUST-2762,Mouse Pad,Accessories,South,Amit,5,424.18
ORD-202604-00224,2026-04-29,CUST-4697,Webcam,Electronics,South,Ananya,7,1846.51
ORD-202604-00225,2026-05-01,CUST-2903,Study Table,Furniture,East,Neha,5,5077.07
ORD-202604-00226,2026-04-26,CUST-2838,Laptop Stand,Accessories,Central,Karan,5,1590.22
ORD-202604-00227,2026-04-21,CUST-1005,Headphones,Electronics,East,Sneha,6,2298.96
ORD-202604-00228,2026-04-12,CUST-2865,Pen Set,Office,South,Sneha,4,302.44
ORD-202604-00229,2026-04-04,CUST-4908,Study Table,Furniture,West,Ananya,1,5660.93
ORD-202604-00230,2026-04-06,CUST-2662,Mouse Pad,Accessories,South,Vikram,2,431.05
ORD-202604-00231,2026-05-01,CUST-3132,Laptop Stand,Accessories,West,Amit,7,1478.99
ORD-202604-00232,2026-05-01,CUST-1456,Headphones,Electronics,North,Amit,6,2588.5
ORD-202604-00233,2026-04-23,CUST-4558,Office Chair,Furniture,East ,Neha,7,6319.57
ORD-202604-00234,2026-04-27,CUST-2280,Pen Set,Office,North,Amit,2,300.2
ORD-202604-00235,2026-04-16,CUST-1969,Headphones,Electronics,Central,Vikram,2,2470.81
ORD-202604-00236,2026-04-07,CUST-2850,Pen Set,Office,North,Ananya,7,286.87
ORD-202604-00237,2026-04-23,CUST-3398,Laptop Stand,Accessories,South,Vikram,7,1624.83
ORD-202604-00238,2026-04-14,CUST-4332,Wireless Mouse,Electronics,Central,Ananya,4,824.44
ORD-202604-00239,2026-04-17,CUST-2742,Pen Set,Office,South,Ananya,7,302.91
ORD-202604-00240,2026-04-19,CUST-1724,Laptop Stand,Accessories,West,Priya,5,1388.42
ORD-202604-00241,2026-04-25,CUST-1543,Headphones,Electronics,East,Neha,6,2589.32
ORD-202604-00242,2026-04-19,CUST-1044,Desk Organizer,Office,South,Karan,2,593.88
ORD-202604-00243,2026-04-26,CUST-1342,Headphones,Electronics,North,Vikram,5,2599.2
ORD-202604-00244,2026-04-20,CUST-0743,Headphones,Electronics,West,Priya,2,2617.13
ORD-202604-00245,2026-04-07,CUST-3875,Headphones,Electronics,West,Rahul,6,2660.69
ORD-202604-00246,2026-04-30,CUST-1585,Study Table,Furniture,South,Vikram,2,5438.81
ORD-202604-00247,2026-04-08,CUST-4839,USB Hub,Accessories,East,Amit,6,966.76
ORD-202604-00248,2026-04-05,CUST-2528,Notebook,office,South,Rahul,4,193.64
ORD-202604-00249,2026-04-25,CUST-0510,Office Chair,Furniture,South,,5,7227.64
ORD-202604-00250,2026-04-28,CUST-4924,USB Hub,Accessories,Central,Ananya,5,873.53
ORD-202604-00251,2026-04-08,CUST-3357,Webcam,Electronics,West,Neha,7,2048.08
ORD-202604-00252,2026-04-09,CUST-0978,Monitor Stand,Furniture,South,Ananya,4,1968.62
ORD-202604-00253,2026-04-06,CUST-3780,Notebook,Office,Central,Karan,3,187.46
ORD-202604-00254,2026-04-18,CUST-0245,Pen Set,Office,,Karan,6,327.93
ORD-202604-00255,2026-04-15,CUST-0427,Webcam,Electronics,North,Rahul,3,1823.42
ORD-202604-00256,2026-04-18,CUST-1356,Monitor Stand,Furniture,South,Rahul,2,2162.44
ORD-202604-00257,2026-04-09,CUST-3482,Laptop Stand,Accessories,Central,Sneha,5,1600.72
ORD-202604-00258,2026-04-22,CUST-3051,Monitor Stand,Furniture,Central,Neha,7,2014.03
ORD-202604-00259,2026-04-11,CUST-1602,Pen Set,Office,North,Priya,5,286.12
ORD-202604-00260,2026-04-11,CUST-4772,USB Hub,Accessories,South,Priya,5,821.58
ORD-202604-00261,2026-04-14,CUST-3643,Desk Organizer,Office,East,Priya,2,569.43
ORD-202604-00262,2026-04-04,CUST-3380,Laptop Stand,Accessories,South,Vikram,3,1615.11
ORD-202604-00263,2026-04-12,CUST-0195,Office Chair,Furniture,North,Ananya,5,6695.8
ORD-202604-00264,2026-04-27,CUST-3933,Study Table,Furniture,East,Amit,4,5205.66
ORD-202604-00265,2026-04-09,CUST-0690,Keyboard,Electronics,East,Ananya,7,1183.91
ORD-202604-00266,2026-04-06,CUST-3091,Wireless Mouse,Electronics,South,Sneha,4,801.8
ORD-202604-00267,2026-04-24,CUST-1379,Wireless Mouse,Electronics,South,Rahul,5,806.16
ORD-202604-00268,2026-04-08,CUST-4817,Mouse Pad,Accessories,North,Rahul,6,413.99
ORD-202604-00269,2026-04-23,CUST-4849,Pen Set,Office,Central,Karan,5,320.96
ORD-202604-00270,2026-04-03,CUST-2938,Pen Set,Office,South,Rahul,3,275.38
ORD-202604-00271,2026-04-06,CUST-2499,Webcam,Electronics,West,Karan,6,1850.67
ORD-202604-00272,2026-04-16,CUST-3391,Office Chair,Furniture,East,Neha,5,7160.28
ORD-202604-00273,2026-04-28,CUST-4410,Keyboard,Electronics,Central,,4,1218.76
ORD-202604-00274,2026-04-19,CUST-4919,Pen Set,Office,North,Rahul,6,285.3
ORD-202604-00275,2026-04-05,CUST-4632,Mouse Pad,Accessories,North,Sneha,6,422.56
ORD-202604-00276,2026-04-17,CUST-2789,Wireless Mouse,Electronics,West,Ananya,7,724.59
ORD-202604-00277,2026-04-02,CUST-0572,Study Table,Furniture,East,Ananya,6,5931.66
ORD-202604-00278,2026-04-03,CUST-1185,Pen Set,Office,South,Sneha,1,316.01
ORD-202604-00279,2026-04-06,CUST-1915,Notebook,Office,South,Neha,5,192.02
ORD-202604-00280,2026-04-26,CUST-4748,Pen Set,Office,North,Vikram,5,289.85
ORD-202604-00281,2026-04-29,CUST-1714,Laptop Stand,Accessories,Central,Ananya,1,1422.06
ORD-202604-00282,2026-04-02,CUST-2756,Wireless Mouse,Electronics,West,Karan,3,720.28
ORD-202604-00283,2026-04-11,CUST-3717,Laptop Stand,Accessories,West,Neha,1,1560.94
ORD-202604-00284,2026-05-01,CUST-4040,Webcam,Electronics,Central,Rahul,3,2011.29
ORD-202604-00285,2026-04-15,CUST-1181,Desk Organizer,Office,North,Rahul,4,561.07
ORD-202604-00286,2026-04-12,CUST-2013,Mouse Pad,Accessories,East,Neha,3,390.9
ORD-202604-00287,2026-04-16,CUST-4446,Monitor Stand,Furniture,East,Amit,6,1980.75
ORD-202604-00288,2026-04-18,CUST-4804,Pen Set,Office,East,Sneha,3,274.44
ORD-202604-00289,2026-04-07,CUST-2916,Pen Set,Office,South,Neha,3,286.44
ORD-202604-00290,2026-04-22,CUST-3941,Pen Set,Office,East,Amit,4,286.41
ORD-202604-00291,2026-04-10,CUST-2534,Webcam,Electronics,Central,Sneha,1,2034.57
ORD-202604-00292,2026-04-17,CUST-3170,Notebook,Office,North,Vikram,2,183.33
ORD-202604-00293,2026-04-22,CUST-4928,Study Table,Furniture,Central,Sneha,5,5209.29
ORD-202604-00294,2026-04-27,CUST-3828,Monitor Stand,Furniture,South,Karan,6,1980.69
ORD-202604-00295,2026-04-22,CUST-3851,Laptop Stand,Accessories,North,Karan,5,1390.65
ORD-202604-00296,2026-04-25,CUST-4097,Pen Set,Office,East,Vikram,6,281.2
ORD-202604-00297,2026-04-01,CUST-0068,Keyboard,Electronics,West,Ananya,2,1417.16
ORD-202604-00298,2026-04-18,CUST-4273,Headphones,Electronics,Central,Amit,1,2683.16
ORD-202604-00299,,CUST-3043,USB Hub,Accessories,West,Amit,6,832.08
ORD-202604-00300,2026-04-01,CUST-2778,Desk Organizer,Office,South,Amit,1,571.68
ORD-202604-00301,2026-04-22,CUST-4703,Headphones,Electronics,North,Vikram,7,2683.99
ORD-202604-00302,2026-04-20,CUST-3515,Headphones,Electronics,North,,3,2424.52
ORD-202604-00303,2026-04-28,CUST-2944,Desk Organizer,Office,West,Neha,1,592.02
ORD-202604-00304,2026-04-25,CUST-4845,Headphones,Electronics,South,Neha,5,2340.32
ORD-202604-00305,2026-04-13,CUST-2845,Wireless Mouse,Electronics,East,Ananya,7,806.5
ORD-202604-00306,2026-04-26,CUST-2862,Pen Set,Office,Central,Neha,5,277.78
ORD-202604-00307,2026-04-12,CUST-0540,Mouse Pad,Accessories,South,Karan,6,400.9
ORD-202604-00308,2026-04-17,CUST-0044,Mouse Pad,Accessories,Central,Priya,2,432.42
ORD-202604-00309,2026-04-03,CUST-1936,Notebook,Office,South,Karan,7,198.09
ORD-202604-00310,2026-04-11,CUST-0058,Monitor Stand,Furniture,,Neha,4,2127.47
ORD-202604-00311,2026-04-18,CUST-2836,Monitor Stand,Furniture,North,Priya,6,2028.63
ORD-202604-00312,2026-04-12,CUST-3851,Notebook,Office,East,Neha,1,193.72
ORD-202604-00313,2026-04-10,CUST-1645,Pen Set,Office,West,,3,325.44
ORD-202604-00314,2026-04-12,CUST-0231,Mouse Pad,Accessories,West,Karan,2,438.65
ORD-202604-00315,2026-04-18,CUST-4403,Laptop Stand,Accessories,Central,Karan,7,1446.61
ORD-202604-00316,2026-04-22,CUST-3414,Keyboard,Electronics,Central,Amit,2,1425.98
ORD-202604-00317,2026-04-05,CUST-0420,Pen Set,Office,East,Priya,4,327.95
ORD-202604-00318,2026-04-22,CUST-4455,Study Table,Furniture,East,Ananya,6,5299.72
ORD-202604-00319,2026-04-25,CUST-2275,Desk Organizer,Office,North,Sneha,2,593.7
ORD-202604-00320,2026-04-19,CUST-2804,Laptop Stand,Accessories,West,Sneha,6,1361.36
ORD-202604-00321,2026-04-05,CUST-4040,Notebook,Office,North,Priya,5,179.74
ORD-202604-00322,2026-04-24,CUST-1165,USB Hub,Accessories,Central,Rahul,1,837.54
ORD-202604-00323,2026-04-10,CUST-0972,Monitor Stand,Furniture,West,Karan,2,1906.42
ORD-202604-00324,2026-04-15,CUST-4644,Mouse Pad,Accessories,South,Ananya,2,430.26
ORD-202604-00325,2026-04-06,CUST-0552,Mouse Pad,Accessories,South,Rahul,2,385.22
ORD-202604-00326,2026-04-17,CUST-2530,Monitor Stand,Furniture,South,Amit,2,2085.77
ORD-202604-00327,2026-04-29,CUST-1296,Headphones,Electronics,East,Amit,5,2722.27
ORD-202604-00328,2026-04-27,CUST-0895,Webcam,Electronics,West,Neha,4,1908.99
ORD-202604-00329,2026-04-11,CUST-4494,Headphones,Electronics,South,Amit,4,2668.62
ORD-202604-00330,2026-04-16,CUST-2063,Pen Set,Office,South,Rahul,1,293.96
ORD-202604-00331,2026-04-08,CUST-4911,Pen Set,Office,East,Priya,6,284.36
ORD-202604-00332,2026-04-10,CUST-3836,Desk Organizer,Office,South,Ananya,6,631.63
ORD-202604-00333,2026-04-05,CUST-3242,Monitor Stand,Furniture,South,Ananya,6,2056.35
ORD-202604-00334,2026-04-13,CUST-2878,Wireless Mouse,Electronics,South,Sneha,5,824.76
ORD-202604-00335,2026-04-10,CUST-0738,Webcam,Electronics,Central,Rahul,5,1834.45
ORD-202604-00336,2026-04-08,CUST-2806,USB Hub,Accessories,Central,Karan,5,898.35
ORD-202604-00337,2026-04-07,CUST-4794,Headphones,Electronics,North,Amit,3,2443.97
ORD-202604-00338,2026-04-07,CUST-0208,Wireless Mouse,Electronics,West,Priya,3,863.48
ORD-202604-00339,2026-04-04,CUST-4212,Webcam,Electronics,South,Ananya,4,2062.88
ORD-202604-00340,2026-04-19,CUST-2100,Keyboard,Electronics,East,Karan,4,1198.5
ORD-202604-00341,2026-04-01,CUST-2207,Monitor Stand,Furniture,East,Ananya,2,2082.32
ORD-202604-00342,2026-04-01,CUST-3436,Keyboard,Electronics,East,Amit,3,1237.31
ORD-202604-00343,2026-04-30,CUST-3856,Headphones,Electronics,East,Amit,2,2606.47
ORD-202604-00344,2026-04-10,CUST-0852,Webcam,Electronics,West,Ananya,4,1806.22
ORD-202604-00345,2026-04-01,CUST-3563,Desk Organizer,Office,West,Amit,6,592.41
ORD-202604-00346,2026-04-20,CUST-4909,Desk Organizer,Office,Central,Amit,1,588.22
ORD-202604-00347,2026-04-17,CUST-1170,Study Table,Furniture,Central,Karan,5,5847.28
ORD-202604-00348,2026-04-07,CUST-0135,Keyboard,Electronics ,South,Karan,2,1260.58
ORD-202604-00349,2026-04-10,CUST-1272,Study Table,Furniture,Central,Neha,4,5953.61
ORD-202604-00350,2026-05-01,CUST-1314,USB Hub,Accessories,West,Sneha,1,827.79
ORD-202604-00351,2026-04-14,CUST-2364,Office Chair,Furniture,South,Priya,2,6627.78
ORD-202604-00352,2026-04-20,CUST-0177,Notebook,Office ,South,Ananya,5,188.5
ORD-202604-00353,2026-04-24,CUST-2871,Mouse Pad,Accessories,West,Vikram,7,379.51
ORD-202604-00354,2026-04-20,CUST-1280,Headphones,Electronics,West,Priya,-1,2548.06
ORD-202604-00355,2026-04-04,CUST-2796,Wireless Mouse,Electronics,East,Karan,7,781.35
ORD-202604-00356,2026-04-17,CUST-1554,Webcam,Electronics,West,,7,1882.94
ORD-202604-00357,2026-04-21,CUST-4534,Headphones,Electronics,West,Ananya,4,2743.28
ORD-202604-00358,2026-04-24,CUST-2401,Notebook,Office,West,Priya,5,211.94
ORD-202604-00359,2026-05-01,CUST-4922,Desk Organizer,office,South,Priya,4,590.92
ORD-202604-00360,2026-04-22,CUST-4318,Desk Organizer,Office,,Rahul,7,628.75
ORD-202604-00361,2026-04-12,CUST-3702,Office Chair,Furniture,East,Neha,2,6480.0
ORD-202604-00362,2026-04-26,CUST-1502,Mouse Pad,Accessories,Central,Vikram,3,384.82
ORD-202604-00363,2026-04-09,CUST-4206,Webcam,Electronics,North,Rahul,7,2063.41
ORD-202604-00364,2026-04-08,,Laptop Stand,Accessories,South,Amit,6,1642.59
ORD-202604-00365,2026-04-24,CUST-4037,Laptop Stand,Accessories,Central,Priya,1,1607.07
ORD-202604-00366,2026-04-14,CUST-1020,Study Table,Furniture,Central,Karan,2,5657.93
ORD-202604-00367,2026-04-13,CUST-2632,Pen Set,Office,,Priya,6,317.64
ORD-202604-00368,2026-04-17,CUST-0425,Office Chair,Furniture,North,Neha,-1,6498.13
ORD-202604-00369,2026-04-10,CUST-2835,Webcam,Electronics,North,Vikram,6,1862.07
ORD-202604-00370,2026-04-12,CUST-0743,Webcam,Electronics,South,Vikram,3,1935.86
ORD-202604-00371,2026-04-14,CUST-4260,Office Chair,Furniture,North,Priya,6,7131.76
ORD-202604-00372,2026-04-09,CUST-1485,Desk Organizer,Office,North,Ananya,5,571.73
ORD-202604-00373,2026-04-17,CUST-4943,Wireless Mouse,electronics,West,Rahul,4,819.99
ORD-202604-00374,2026-04-01,CUST-1153,Pen Set,Office,North,Priya,5,286.09
ORD-202604-00375,2026-04-27,CUST-3765,Wireless Mouse,Electronics,East,Amit,1,839.39
ORD-202604-00376,2026-04-12,CUST-0390,Wireless Mouse,Electronics,East,Vikram,6,795.61
ORD-202604-00377,2026-04-30,CUST-2806,Keyboard,Electronics,East,Priya,5,1309.55
ORD-202604-00378,2026-04-15,CUST-4795,Wireless Mouse,Electronics,Central,Neha,2,869.98
ORD-202604-00379,2026-04-20,CUST-1113,Mouse Pad,Accessories,South,Priya,1,437.01
ORD-202604-00380,2026-04-25,CUST-0387,Wireless Mouse,Electronics,West,Neha,7,847.86
ORD-202604-00381,2026-04-26,CUST-3013,Notebook,Office,West,Karan,4,196.4
ORD-202604-00382,,CUST-3688,Keyboard,Electronics,East,Vikram,3,1286.23
ORD-202604-00383,2026-04-12,CUST-1352,Webcam,Electronics,East,Ananya,7,1905.2
ORD-202604-00384,2026-04-11,CUST-1330,Keyboard,Electronics,North,Priya,1,1368.83
ORD-202604-00385,2026-04-21,CUST-2948,Webcam,Electronics,South,Rahul,7,1986.56
ORD-202604-00386,2026-04-23,CUST-2765,Keyboard,Electronics,Central,Amit,3,1241.37
ORD-202604-00387,2026-04-18,CUST-1335,Mouse Pad,Accessories,East,Karan,6,395.36
ORD-202604-00388,2026-04-05,CUST-0008,USB Hub,Accessories,South,Neha,1,930.85
ORD-202604-00389,2026-04-16,CUST-1947,Study Table,Furniture,Central,Sneha,6,5031.57
ORD-202604-00390,2026-04-10,CUST-0037,Desk Organizer,Office,East,Priya,5,551.93
ORD-202604-00391,2026-04-18,CUST-4042,USB Hub,Accessories,Central,Sneha,7,957.3
ORD-202604-00392,2026-04-11,CUST-1685,USB Hub,Accessories,Central,Amit,2,976.21
ORD-202604-00393,2026-04-22,CUST-0381,Wireless Mouse,Electronics,North,Neha,1,747.69
ORD-202604-00394,2026-04-01,CUST-3520,Notebook,Office,North,Ananya,6,215.59
ORD-202604-00395,2026-04-18,CUST-3656,Notebook,Office,North,Ananya,5,213.15
ORD-202604-00396,2026-04-28,CUST-4863,Laptop Stand,Accessories,South,Vikram,7,1393.1
ORD-202604-00397,2026-04-04,CUST-3807,Webcam,Electronics,Central,Karan,6,1764.69
ORD-202604-00398,2026-04-14,CUST-2261,Pen Set,Office,Central,Priya,5,298.45
ORD-202604-00399,2026-04-28,CUST-1824,Pen Set,Office,Central,Rahul,6,316.16
ORD-202604-00400,2026-04-10,CUST-3401,Laptop Stand,Accessories,North,Neha,5,1496.39
ORD-202604-00401,2026-04-19,CUST-0917,Desk Organizer,Office,West,Vikram,2,637.57
ORD-202604-00402,2026-04-24,CUST-2835,Laptop Stand,Accessories,South,Sneha,3,1388.9
ORD-202604-00403,2026-04-19,CUST-1633,USB Hub,Accessories,North,Karan,2,853.57
ORD-202604-00404,2026-04-17,CUST-4698,Monitor Stand, Furniture,Central,Sneha,1,2090.38
ORD-202604-00405,2026-04-05,CUST-0892,Desk Organizer,Office,East,Rahul,2,600.09
ORD-202604-00406,2026-04-28,CUST-2808,USB Hub,Accessories,North,Neha,4,882.77
ORD-202604-00407,2026-04-21,CUST-1420,Notebook,Office,East,Karan,4,212.36
ORD-202604-00408,2026-04-22,CUST-1373,USB Hub,Accessories,West,Sneha,3,834.26
ORD-202604-00409,2026-04-01,CUST-3489,Headphones,Electronics,East,Neha,7,2453.1
ORD-202604-00410,2026-04-28,CUST-3527,Wireless Mouse,Electronics,West,Karan,3,863.45
ORD-202604-00411,2026-04-24,CUST-4188,Office Chair,Furniture,East,Priya,4,7573.33
ORD-202604-00412,2026-04-23,CUST-4300,Study Table,Furniture,South,,5,5352.8
ORD-202604-00413,2026-04-06,CUST-4429,Study Table, Furniture,West,Ananya,2,5418.32
ORD-202604-00414,2026-04-25,CUST-4243,Laptop Stand,Accessories,North,Rahul,4,1371.95
ORD-202604-00415,2026-04-10,CUST-0617,USB Hub,Accessories,East,Vikram,2,847.59
ORD-202604-00416,2026-04-14,CUST-4009,Pen Set,Office,West,Rahul,7,270.16
ORD-202604-00417,2026-04-14,CUST-4465,Laptop Stand,Accessories,North,Rahul,4,1509.02
ORD-202604-00418,2026-04-04,CUST-0461,Pen Set, Office,South,Amit,6,328.2
ORD-202604-00419,2026-04-05,CUST-4066,Mouse Pad,Accessories,South,Ananya,4,370.79
ORD-202604-00420,2026-04-15,CUST-2326,Study Table,Furniture,West,Vikram,5,5993.97
ORD-202604-00421,2026-04-20,CUST-1817,Study Table,Furniture,North,Neha,1,5396.86
ORD-202604-00422,2026-04-17,CUST-2145,Study Table,Furniture,Central,Vikram,7,5004.43
ORD-202604-00423,2026-04-15,CUST-2272,Office Chair,Furniture,East,Neha,3,6523.53
ORD-202604-00424,2026-04-08,CUST-4923,Keyboard,Electronics,North,Amit,4,1286.83
ORD-202604-00425,2026-04-26,CUST-4379,Office Chair,Furniture,Central,Vikram,6,6585.77
ORD-202604-00426,2026-04-08,CUST-0738,Keyboard,Electronics,South,Vikram,7,1342.81
ORD-202604-00427,2026-04-08,CUST-4565,Desk Organizer,Office,North,Ananya,4,567.44
ORD-202604-00428,2026-04-12,CUST-2296,Study Table,Furniture,West,Priya,3,5801.32
ORD-202604-00429,2026-04-11,CUST-4322,Study Table,Furniture,East,Rahul,4,5179.48
ORD-202604-00430,2026-04-14,CUST-3655,Webcam,Electronics,East,Rahul,3,1932.17
ORD-202604-00431,2026-04-08,CUST-3538,Desk Organizer,Office,South,Vikram,3,601.7
ORD-202604-00432,2026-04-20,CUST-0323,Office Chair,Furniture,East,Amit,6,7423.83
ORD-202604-00433,2026-04-18,CUST-1982,Wireless Mouse, Electronics,West,Amit,5,816.27
ORD-202604-00434,2026-04-10,CUST-4467,USB Hub,Accessories,East,Amit,6,901.72
ORD-202604-00435,2026-04-29,CUST-1680,Headphones,Electronics,South,Karan,3,2701.65
ORD-202604-00436,2026-04-03,CUST-3534,Laptop Stand,Accessories,Central,Ananya,3,1613.32
ORD-202604-00437,2026-04-09,CUST-1793,Study Table,Furniture,East,Neha,1,5919.48
ORD-202604-00438,2026-04-11,CUST-0683,Headphones,Electronics,West,Priya,5,2367.48
ORD-202604-00439,2026-04-09,CUST-2140,Pen Set,Office,South,Karan,5,312.06
ORD-202604-00440,2026-04-07,CUST-3427,Monitor Stand,Furniture,East,Sneha,7,2055.04
ORD-202604-00441,2026-04-26,CUST-4629,Office Chair,Furniture,East,Karan,7,7487.57
ORD-202604-00442,2026-04-20,CUST-3184,Wireless Mouse,Electronics,South,Sneha,1,820.08
ORD-202604-00443,2026-04-24,CUST-2321,Monitor Stand,Furniture, Central,Priya,2,1875.85
ORD-202604-00444,2026-04-12,CUST-0606,Mouse Pad,Accessories,North,Amit,-1,382.02
ORD-202604-00445,2026-04-16,CUST-4340,Monitor Stand,Furniture,East,Rahul,4,1992.91
ORD-202604-00446,2026-04-19,,Desk Organizer,Office,West,Karan,3,605.42
ORD-202604-00447,2026-04-22,CUST-2591,Desk Organizer,Office,North,Sneha,4,590.25
ORD-202604-00448,2026-04-12,CUST-2537,USB Hub,Accessories,North,Ananya,7,964.05
ORD-202604-00449,2026-04-18,CUST-4088,Headphones,Electronics,South,Vikram,7,2675.04
ORD-202604-00450,2026-04-18,CUST-2677,Webcam,Electronics,North,Neha,1,1993.63
ORD-202604-00451,2026-04-04,CUST-0671,Mouse Pad,Accessories, North,Ananya,5,394.64
ORD-202604-00452,2026-04-01,CUST-3420,Headphones,Electronics,North,Priya,5,2630.1
ORD-202604-00453,2026-04-30,CUST-0960,Wireless Mouse,Electronics,Central,Priya,4,856.34
ORD-202604-00454,2026-04-19,,Headphones,Electronics,Central,Vikram,6,-100.0
ORD-202604-00455,2026-04-19,CUST-1229,Office Chair,Furniture,West,Neha,2,7147.1
ORD-202604-00456,2026-04-02,CUST-2970,Monitor Stand,Furniture,East,Sneha,2,1892.93
ORD-202604-00457,2026-05-01,CUST-0878,Office Chair,Furniture,South,Priya,3,6796.15
ORD-202604-00458,2026-04-24,CUST-1630,USB Hub,Accessories,,Amit,7,932.3
ORD-202604-00459,2026-04-11,CUST-4144,Mouse Pad,Accessories,South,Ananya,1,431.08
ORD-202604-00460,2026-04-29,CUST-4400,Wireless Mouse,Electronics,North,Sneha,3,828.95
ORD-202604-00461,2026-04-23,CUST-1574,Mouse Pad,Accessories,North,Vikram,5,386.4
ORD-202604-00462,2026-04-17,CUST-4480,USB Hub,Accessories,East,Ananya,1,950.52
ORD-202604-00463,2026-04-01,CUST-1658,Laptop Stand,Accessories,West,Amit,2,1493.27
ORD-202604-00464,2026-04-01,CUST-3783,Notebook,Office,West,Amit,5,193.43
ORD-202604-00465,2026-04-09,CUST-0143,USB Hub,Accessories,South,Amit,6,872.38
ORD-202604-00466,2026-04-10,CUST-0849,Pen Set,Office,Central,Neha,1,316.92
ORD-202604-00467,2026-04-22,CUST-1590,Office Chair,Furniture,South,Neha,5,7496.94
ORD-202604-00468,2026-04-04,CUST-2357,Keyboard,Electronics,East,Amit,7,1254.03
ORD-202604-00469,2026-04-08,CUST-2747,Study Table,Furniture,North,Sneha,4,5174.96
ORD-202604-00470,2026-04-03,CUST-4814,Webcam,Electronics,North,Ananya,4,1912.87
ORD-202604-00471,2026-04-17,CUST-0276,Desk Organizer,Office,Central,Vikram,6,640.17
ORD-202604-00472,2026-04-20,CUST-1809,Desk Organizer,Office,West,Amit,7,551.82
ORD-202604-00473,2026-04-27,CUST-2042,Monitor Stand,Furniture,West,Amit,3,1994.06
ORD-202604-00474,2026-04-21,CUST-1623,Monitor Stand,Furniture,South,Neha,5,1799.28
ORD-202604-00475,2026-04-04,CUST-2465,Headphones,Electronics,West,Rahul,6,2545.12
ORD-202604-00476,2026-04-20,CUST-1093,Mouse Pad,Accessories,South,Amit,7,379.76
ORD-202604-00477,2026-04-07,CUST-2172,Study Table,Furniture,West,Rahul,3,5358.59
ORD-202604-00478,2026-04-05,CUST-0361,Keyboard,Electronics,Central,Sneha,4,1252.53
ORD-202604-00479,2026-04-07,CUST-0778,Pen Set,Office,Central,Ananya,3,298.5
ORD-202604-00480,2026-04-06,CUST-0380,Study Table,Furniture,East,Rahul,3,5697.54
ORD-202604-00481,2026-04-28,CUST-3039,USB Hub,Accessories,South,Ananya,3,827.04
ORD-202604-00482,2026-04-10,CUST-0875,USB Hub,Accessories,East,Neha,1,926.74
ORD-202604-00483,2026-04-09,CUST-4321,USB Hub,Accessories,Central,Ananya,6,859.19
ORD-202604-00484,2026-04-13,CUST-2058,Desk Organizer,Office,Central,Priya,2,628.96
ORD-202604-00485,2026-04-05,CUST-1276,Headphones,Electronics,North,Amit,5,2302.4
ORD-202604-00486,2026-04-08,CUST-2809,Webcam,Electronics,Central,Vikram,7,2011.62
ORD-202604-00487,2026-04-25,CUST-0273,Keyboard,Electronics,Central,Sneha,3,1348.62
ORD-202604-00488,2026-04-28,CUST-2650,Study Table, Furniture,West,Amit,7,5057.0
ORD-202604-00489,2026-04-27,CUST-2742,Office Chair,Furniture,East,Neha,1,7541.28
ORD-202604-00490,2026-04-01,CUST-2133,Webcam,Electronics,Central,Ananya,1,1737.63
ORD-202604-00491,2026-04-19,CUST-3742,Notebook,Office,South,Sneha,3,184.55
ORD-202604-00492,2026-04-15,CUST-4347,Desk Organizer,Office,East,Priya,2,561.55
ORD-202604-00493,2026-04-26,CUST-3618,Headphones,Electronics,South,Karan,6,2344.56
ORD-202604-00494,2026-04-30,CUST-4138,USB Hub,Accessories,Central,Sneha,2,973.73
ORD-202604-00495,2026-04-11,CUST-2099,Laptop Stand,Accessories,East,Priya,6,1471.88
ORD-202604-00496,2026-05-01,CUST-1961,Laptop Stand,Accessories,West,Vikram,4,1397.45
ORD-202604-00497,2026-04-10,CUST-0251,Pen Set,Office,North,Neha,2,301.87
ORD-202604-00498,2026-04-11,CUST-2546,Headphones,Electronics,Central,Sneha,4,2620.62
ORD-202604-00499,2026-04-18,CUST-4737,Webcam,Electronics,West,Ananya,5,2080.71
ORD-202604-00500,2026-04-20,CUST-4429,Office Chair,Furniture,Central,Amit,7,7136.37
ORD-202604-00501,2026-04-30,CUST-0578,Headphones,Electronics,North,Sneha,1,2308.29
ORD-202604-00502,2026-04-25,CUST-0937,USB Hub,Accessories,South,Rahul,3,831.82
ORD-202604-00503,2026-04-28,CUST-4479,Desk Organizer,Office,East,Ananya,4,650.04
ORD-202604-00504,2026-04-08,CUST-1765,USB Hub,Accessories,Central,Vikram,5,946.84
ORD-202604-00505,2026-05-01,CUST-2863,Mouse Pad,Accessories,Central,Rahul,7,370.9
ORD-202604-00506,2026-04-18,CUST-2998,Keyboard,Electronics,East,Vikram,6,1374.83
ORD-202604-00507,2026-04-25,CUST-2075,USB Hub,Accessories,East,Sneha,4,826.61
ORD-202604-00508,2026-05-01,CUST-2233,Keyboard,Electronics,West,Karan,1,1266.39
ORD-202604-00509,2026-04-14,CUST-4215,Headphones,Electronics,West,Sneha,2,2259.63
ORD-202604-00510,2026-04-28,CUST-2790,Laptop Stand,Accessories,West,Amit,6,1641.38
ORD-202604-00511,2026-04-03,CUST-4908,Pen Set,Office,North,Vikram,4,289.43
ORD-202604-00512,2026-04-28,CUST-0202,Wireless Mouse,Electronics,Central,Ananya,5,739.02
ORD-202604-00513,2026-04-29,CUST-0617,Keyboard,Electronics,North,,5,1379.9
ORD-202604-00514,2026-04-19,CUST-2450,Notebook,Office ,West,Vikram,7,195.71
ORD-202604-00515,2026-04-18,CUST-3370,Notebook,Office,West,Karan,2,203.8
ORD-202604-00516,2026-04-20,CUST-4788,Headphones,Electronics,West,Sneha,7,2679.92
ORD-202604-00517,2026-04-24,CUST-4691,Wireless Mouse,Electronics,Central,Rahul,6,760.75
ORD-202604-00518,2026-04-08,CUST-4705,Desk Organizer,Office,Central,Karan,4,603.59
ORD-202604-00519,2026-04-14,CUST-2253,Monitor Stand,Furniture,North,Neha,1,1865.43
ORD-202604-00520,2026-04-26,CUST-3476,Pen Set,Office,Central,Rahul,6,319.99
ORD-202604-00521,2026-04-24,CUST-1377,Webcam, Electronics,East,Neha,7,1830.8
ORD-202604-00522,2026-04-24,CUST-4671,Mouse Pad,Accessories,West,Amit,7,397.97
ORD-202604-00523,2026-04-13,CUST-4274,Study Table,Furniture,Central,Priya,2,5745.48
ORD-202604-00524,2026-04-14,CUST-3786,Headphones,Electronics,West,Vikram,6,2700.76
ORD-202604-00525,2026-04-19,CUST-3365,Wireless Mouse,Electronics,Central,Karan,7,774.7
ORD-202604-00526,2026-04-27,CUST-0943,Office Chair,Furniture,South,Vikram,5,6417.98
ORD-202604-00527,2026-04-21,CUST-3507,Pen Set,Office,Central,Karan,1,300.42
ORD-202604-00528,2026-04-08,CUST-3434,Monitor Stand,Furniture,East,Karan,2,1804.38
ORD-202604-00529,2026-04-02,CUST-1535,Mouse Pad,Accessories,South,Vikram,5,390.43
ORD-202604-00530,2026-04-27,CUST-4951,Desk Organizer,Office,Central,Amit,3,588.0
ORD-202604-00531,2026-04-04,CUST-1738,USB Hub,Accessories,South,Karan,4,892.88
ORD-202604-00532,2026-04-20,CUST-3275,Desk Organizer,Office,North,Vikram,7,588.02
ORD-202604-00533,2026-04-22,CUST-4877,Pen Set,Office,East,,5,313.24
ORD-202604-00534,2026-04-02,CUST-4029,Headphones,Electronics,Central,Sneha,1,2367.52
ORD-202604-00535,2026-04-13,CUST-3876,Office Chair,Furniture,east,Ananya,3,7026.09
ORD-202604-00536,2026-04-12,CUST-3474,USB Hub,Accessories,West,Amit,7,867.53
ORD-202604-00537,2026-04-02,CUST-0335,Mouse Pad,Accessories,Central,Sneha,6,408.68
ORD-202604-00538,2026-04-22,CUST-0187,Keyboard,Electronics,South,Amit,5,1278.73
ORD-202604-00539,2026-04-10,CUST-3632,Webcam,Electronics,North,Karan,4,1787.44
ORD-202604-00540,2026-04-23,CUST-0093,Keyboard,Electronics,Central,Amit,6,1323.37
ORD-202604-00541,2026-04-23,CUST-3369,Monitor Stand,Furniture,West,,4,1898.15
ORD-202604-00542,2026-04-12,CUST-3730,USB Hub,Accessories,East,Amit,3,880.38
ORD-202604-00543,2026-04-14,CUST-1135,Keyboard,Electronics,Central,Amit,2,1277.11
ORD-202604-00544,2026-04-08,CUST-1531,Webcam,Electronics,East,Priya,3,2050.31
ORD-202604-00545,2026-04-01,CUST-4237,Pen Set,Office,Central,Priya,6,313.31
ORD-202604-00546,2026-04-06,CUST-2404,Pen Set,Office,,Ananya,7,306.73
ORD-202604-00547,2026-04-04,CUST-3422,Notebook,Office,South,Amit,5,183.57
ORD-202604-00548,2026-05-01,CUST-1647,Monitor Stand,Furniture,North,Vikram,5,1922.68
ORD-202604-00549,2026-04-07,CUST-0767,Monitor Stand,Furniture,South,Sneha,5,1818.99
ORD-202604-00550,2026-04-13,CUST-0992,USB Hub,Accessories,West,Amit,5,906.02
ORD-202604-00551,2026-04-18,CUST-1153,Desk Organizer,Office,North,Sneha,5,553.21
ORD-202604-00552,2026-04-13,CUST-1526,Keyboard,Electronics,East,Rahul,7,1176.65
ORD-202604-00553,2026-04-29,CUST-3534,Keyboard,Electronics,North,Priya,7,1261.78
ORD-202604-00554,2026-04-06,CUST-2189,Headphones,Electronics,Central,Neha,4,2621.0
ORD-202604-00555,2026-04-26,CUST-2457,USB Hub,Accessories,North,Priya,2,885.65
ORD-202604-00556,2026-04-12,CUST-1463,USB Hub,Accessories,West,Ananya,1,824.67
ORD-202604-00557,2026-04-22,CUST-2998,Monitor Stand,Furniture,South,Priya,5,2014.99
ORD-202604-00558,2026-05-01,CUST-4829,Mouse Pad,Accessories,East,Rahul,2,394.97
ORD-202604-00559,2026-04-04,CUST-4098,Mouse Pad,Accessories,North,Neha,2,435.78
ORD-202604-00560,2026-04-16,,Notebook,Office,Central,Amit,5,184.56
ORD-202604-00561,2026-04-15,CUST-2179,Keyboard,Electronics,Central,Amit,6,1346.49
ORD-202604-00562,2026-04-22,CUST-0546,Study Table,Furniture,Central,Amit,6,5741.58
ORD-202604-00563,2026-04-22,CUST-1292,Webcam,Electronics,Central,Amit,3,2031.36
ORD-202604-00564,2026-04-30,CUST-1183,Study Table,Furniture,East,Amit,4,5880.21
ORD-202604-00565,2026-04-16,CUST-2624,Desk Organizer,Office,Central,Priya,4,587.53
ORD-202604-00566,2026-04-29,CUST-0607,Pen Set,Office,Central,Karan,5,313.8
ORD-202604-00567,2026-04-29,,Study Table,Furniture,West,Vikram,3,5379.82
ORD-202604-00568,2026-04-28,CUST-2966,Headphones,Electronics,East,Amit,5,2696.27
ORD-202604-00569,2026-04-11,CUST-2075,Desk Organizer,Office,South,Amit,2,623.55
ORD-202604-00570,2026-04-29,CUST-2726,Headphones,Electronics,South,Rahul,1,2270.25
ORD-202604-00571,2026-04-04,CUST-2541,Monitor Stand,Furniture,East,Amit,4,1874.45
ORD-202604-00572,2026-04-19,CUST-0641,Webcam,Electronics,east,Rahul,4,2052.5
ORD-202604-00573,2026-04-04,CUST-0937,Laptop Stand,Accessories,West,Ananya,4,1517.99
ORD-202604-00574,2026-04-27,CUST-3248,Desk Organizer,Office,East,Karan,7,632.2
ORD-202604-00575,2026-04-13,CUST-2264,USB Hub,Accessories,West,Vikram,3,962.11
ORD-202604-00576,2026-04-25,CUST-1764,Office Chair,Furniture,East,Karan,1,6366.04
ORD-202604-00577,2026-04-21,CUST-2737,USB Hub,Accessories,West,Vikram,2,828.72
ORD-202604-00578,2026-05-01,CUST-2348,Pen Set,Office,North,Ananya,5,325.17
ORD-202604-00579,2026-04-06,CUST-3134,Headphones,Electronics,West,Priya,7,2553.31
ORD-202604-00580,2026-04-28,CUST-3628,Office Chair,Furniture,South,Ananya,4,7306.12
ORD-202604-00581,2026-04-07,CUST-0518,Wireless Mouse,Electronics,East,Sneha,2,782.16
ORD-202604-00582,,CUST-0140,Webcam,Electronics,South,Vikram,6,1800.98
ORD-202604-00583,2026-04-02,CUST-3354,Office Chair,Furniture,South,Sneha,3,6438.91
ORD-202604-00584,2026-04-01,CUST-4433,Pen Set,Office,West,Sneha,7,281.9
ORD-202604-00585,2026-04-15,CUST-3526,Headphones,Electronics,Central,Ananya,2,2300.42
ORD-202604-00586,2026-05-01,CUST-0566,Webcam,Electronics,South,Amit,7,2061.4
ORD-202604-00587,2026-04-12,CUST-4355,Webcam,Electronics,West,Neha,5,2040.01
ORD-202604-00588,2026-04-17,CUST-2708,Pen Set,Office,,Neha,6,314.23
ORD-202604-00589,2026-04-13,CUST-0008,Laptop Stand,Accessories,East,Priya,5,1355.73
ORD-202604-00590,2026-04-30,CUST-4715,Wireless Mouse,Electronics,South,Ananya,4,802.44
ORD-202604-00591,2026-04-08,CUST-0166,USB Hub,Accessories,North,Priya,5,852.2
ORD-202604-00592,2026-04-14,CUST-4768,Notebook,Office,South,Ananya,2,182.1
ORD-202604-00593,2026-04-11,CUST-3772,USB Hub,Accessories,West,Rahul,3,812.86
ORD-202604-00594,2026-04-21,CUST-3748,Study Table,Furniture,North,Sneha,6,5737.4
ORD-202604-00595,2026-04-16,CUST-4496,Pen Set,Office,East,Sneha,1,291.76
ORD-202604-00596,2026-04-28,CUST-3188,Webcam,Electronics,East,Karan,6,1932.71
ORD-202604-00597,2026-04-03,CUST-0559,Pen Set,Office,South,Rahul,1,315.41
ORD-202604-00598,2026-04-05,CUST-2532,Study Table,Furniture,East,Vikram,2,5442.13
ORD-202604-00599,2026-04-11,CUST-0793,Monitor Stand,Furniture,West,Karan,1,1850.76
ORD-202604-00600,2026-04-12,CUST-0796,Wireless Mouse,Electronics,Central,Rahul,6,869.85
ORD-202604-00601,2026-04-18,CUST-0432,Webcam,Electronics,East,Rahul,1,1954.76
ORD-202604-00602,2026-04-28,CUST-2449,Pen Set,Office,East,Sneha,6,281.0
ORD-202604-00603,2026-04-30,CUST-3317,Wireless Mouse,Electronics,South,Neha,6,828.21
ORD-202604-00604,2026-04-16,CUST-1670,USB Hub,Accessories,West,Rahul,4,886.12
ORD-202604-00605,2026-04-19,CUST-3546,Notebook,Office,South,Vikram,1,210.64
ORD-202604-00606,2026-04-21,CUST-4541,Wireless Mouse,Electronics,West,Ananya,6,834.16
ORD-202604-00607,2026-04-19,CUST-1576,Keyboard,Electronics,Central,Amit,2,1236.94
ORD-202604-00608,2026-04-17,CUST-0069,Pen Set,Office,East,Rahul,7,313.39
ORD-202604-00609,2026-04-30,CUST-3561,Mouse Pad,Accessories,South,Karan,5,403.03
ORD-202604-00610,2026-04-15,CUST-3018,Headphones,Electronics,East,Vikram,2,2585.36
ORD-202604-00611,2026-04-19,CUST-0330,Wireless Mouse,Electronics,East,Vikram,1,782.26
ORD-202604-00612,2026-04-12,CUST-4191,Mouse Pad,Accessories,South,Neha,2,367.36
ORD-202604-00613,2026-04-14,CUST-3066,Study Table,Furniture,,Amit,5,4988.64
ORD-202604-00614,2026-04-30,CUST-0229,Webcam,Electronics,north,Neha,1,2009.84
ORD-202604-00615,2026-04-05,CUST-3324,USB Hub,Accessories,South,Amit,4,859.63
ORD-202604-00616,2026-04-23,CUST-2885,Keyboard,Electronics,East,Neha,7,1322.18
ORD-202604-00617,2026-04-04,CUST-0089,Laptop Stand,Accessories,West,Amit,7,1601.24
ORD-202604-00618,2026-04-30,CUST-2711,Keyboard,Electronics,South,Karan,2,1415.97
ORD-202604-00619,2026-04-02,CUST-2503,Headphones,Electronics,Central,Karan,5,2733.86
ORD-202604-00620,2026-04-27,CUST-0280,Pen Set,Office,South,Vikram,4,317.27
ORD-202604-00621,2026-04-28,CUST-1839,Mouse Pad,Accessories,Central,Karan,4,400.76
ORD-202604-00622,2026-04-02,CUST-3523,Headphones,Electronics,West,Vikram,1,2382.16
ORD-202604-00623,2026-04-30,CUST-2904,Keyboard,Electronics,South,Sneha,3,1173.62
ORD-202604-00624,2026-04-27,CUST-2079,Laptop Stand,Accessories,West,Neha,5,1416.75
ORD-202604-00625,2026-04-09,CUST-2976,Office Chair,Furniture,North,Amit,5,6630.14
ORD-202604-00626,2026-04-03,CUST-2219,Headphones,Electronics,North,Neha,3,2512.09
ORD-202604-00627,2026-04-03,CUST-0424,Laptop Stand,Accessories,North,Amit,7,1537.2
ORD-202604-00628,2026-04-30,CUST-0267,Keyboard,Electronics,North,Karan,2,1423.74
ORD-202604-00629,2026-04-30,CUST-3152,Pen Set,Office,West,Vikram,4,292.46
ORD-202604-00630,2026-04-17,CUST-1965,Wireless Mouse,Electronics,Central,Neha,5,869.07
ORD-202604-00631,2026-04-26,CUST-3796,Headphones,Electronics,West,Rahul,2,2652.56
ORD-202604-00632,2026-04-10,CUST-0506,Mouse Pad,Accessories,South,Neha,4,415.52
ORD-202604-00633,2026-04-02,CUST-4080,Pen Set,Office,East,Sneha,1,279.56
ORD-202604-00634,2026-04-21,CUST-3590,Desk Organizer,Office,North,Priya,4,613.13
ORD-202604-00635,2026-04-09,CUST-4141,Desk Organizer,Office,East,Rahul,5,610.13
ORD-202604-00636,2026-04-29,,Wireless Mouse,Electronics,West,Priya,7,845.41
ORD-202604-00637,2026-04-27,CUST-0265,Notebook,Office,West,Priya,1,202.15
ORD-202604-00638,2026-05-01,CUST-0820,Headphones,Electronics,Central,Karan,3,2730.64
ORD-202604-00639,2026-04-18,CUST-0886,Notebook,Office,East,Karan,3,187.02
ORD-202604-00640,2026-04-07,CUST-0570,Study Table,Furniture,West,Karan,7,5131.12
ORD-202604-00641,2026-04-13,CUST-3644,Wireless Mouse,Electronics,North,Neha,7,835.21
ORD-202604-00642,2026-04-23,CUST-4848,Study Table,Furniture,West,Rahul,6,6044.23
ORD-202604-00643,2026-04-26,CUST-4116,Monitor Stand, Furniture,North,Rahul,7,1894.23
ORD-202604-00644,2026-04-07,CUST-2249,Monitor Stand,Furniture,Central,Priya,2,1820.63
ORD-202604-00645,2026-04-01,CUST-4538,Wireless Mouse,Electronics,North,Neha,2,824.14
ORD-202604-00646,2026-04-02,CUST-3690,Pen Set,Office,North,Karan,3,313.79
ORD-202604-00647,2026-04-14,CUST-3512,Webcam,Electronics,South,Amit,5,1902.95
ORD-202604-00648,2026-04-06,CUST-1142,Wireless Mouse,Electronics,East,Sneha,3,755.51
ORD-202604-00649,2026-04-30,CUST-4009,Wireless Mouse,Electronics,West,Rahul,6,798.4
ORD-202604-00650,2026-04-24,CUST-0810,Keyboard,Electronics,South,Ananya,6,1249.03
ORD-202604-00651,2026-04-24,CUST-2862,USB Hub,Accessories,West,Vikram,5,848.24
ORD-202604-00652,2026-04-04,CUST-1545,Headphones,Electronics,West,Neha,2,2499.58
ORD-202604-00653,2026-04-07,CUST-3533,Keyboard,Electronics,West,Vikram,4,1181.5
ORD-202604-00654,2026-04-23,CUST-3734,Laptop Stand,Accessories,East,Neha,2,1564.01
ORD-202604-00655,2026-04-26,CUST-2905,Mouse Pad,Accessories,Central,Priya,5,420.2
ORD-202604-00656,2026-04-30,CUST-2645,Laptop Stand,Accessories,Central,Sneha,6,1644.48
ORD-202604-00657,,CUST-0002,Pen Set,Office,West,Vikram,4,321.65
ORD-202604-00658,2026-04-23,CUST-4176,Headphones,Electronics,East,Priya,6,2396.38
ORD-202604-00659,2026-04-07,CUST-3407,Laptop Stand,Accessories,East,Ananya,3,1440.3
ORD-202604-00660,2026-04-09,CUST-0052,Headphones,Electronics,East,Amit,6,2470.93
ORD-202604-00661,2026-04-23,CUST-2650,Headphones,Electronics,Central,Neha,2,2611.06
ORD-202604-00662,2026-04-28,CUST-2749,Monitor Stand,Furniture,East,Sneha,4,1815.48
ORD-202604-00663,2026-04-04,CUST-0119,Pen Set,Office,West,Neha,7,326.61
ORD-202604-00664,2026-04-25,CUST-2136,Keyboard,Electronics,North,Vikram,6,1351.65
ORD-202604-00665,2026-04-22,CUST-0349,Headphones,Electronics,West,Amit,4,2674.25
ORD-202604-00666,2026-04-19,CUST-0813,Wireless Mouse,Electronics,East,Ananya,5,829.37
ORD-202604-00667,2026-04-25,CUST-4211,Study Table,Furniture,Central,Vikram,5,5961.83
ORD-202604-00668,2026-05-01,CUST-1788,Wireless Mouse,Electronics,North,Priya,7,849.66
ORD-202604-00669,2026-04-07,CUST-0628,Keyboard,Electronics,Central,Karan,3,1282.36
ORD-202604-00670,2026-04-06,CUST-2453,Notebook,Office,West,Ananya,5,207.31
ORD-202604-00671,2026-04-29,CUST-2660,Mouse Pad,Accessories,,Neha,7,434.28
ORD-202604-00672,2026-04-01,CUST-1927,Headphones,Electronics,South,Vikram,5,2721.42
ORD-202604-00673,2026-04-22,CUST-0560,Mouse Pad,Accessories,North,Neha,6,430.94
ORD-202604-00674,2026-04-09,CUST-4543,Mouse Pad,Accessories,North,Rahul,5,418.96
ORD-202604-00675,2026-04-13,CUST-0336,Keyboard,Electronics,North,Amit,7,1334.0
ORD-202604-00676,2026-04-10,CUST-1852,Mouse Pad,Accessories,West,Ananya,3,402.98
ORD-202604-00677,2026-04-14,CUST-3329,Office Chair,Furniture,South,Priya,7,6565.21
ORD-202604-00678,2026-04-06,CUST-4374,Study Table,Furniture,South,Sneha,5,5453.53
ORD-202604-00679,2026-04-16,CUST-3492,Pen Set,Office,East,Sneha,5,277.16
ORD-202604-00680,2026-04-18,CUST-2921,Headphones,Electronics,West,Sneha,7,2325.86
ORD-202604-00681,2026-04-08,CUST-2207,Office Chair,Furniture,West,Vikram,1,6519.89
ORD-202604-00682,2026-04-04,CUST-4087,Laptop Stand,Accessories,West,Amit,7,1490.84
ORD-202604-00683,2026-04-09,CUST-2315,Headphones,Electronics,Central,Ananya,7,2292.58
ORD-202604-00684,2026-04-20,CUST-2956,Pen Set,Office,East,Amit,1,320.48
ORD-202604-00685,2026-04-02,CUST-2142,Headphones,Electronics,East,Karan,5,2702.17
ORD-202604-00686,2026-04-04,CUST-3896,Mouse Pad, Accessories,North,Vikram,3,413.04
ORD-202604-00687,2026-04-19,CUST-0245,Mouse Pad,Accessories,West,Vikram,2,400.45
ORD-202604-00688,2026-04-13,CUST-1084,Notebook,Office,West,Ananya,2,217.06
ORD-202604-00689,2026-04-03,CUST-4217,Laptop Stand,Accessories,West,Karan,1,1445.57
ORD-202604-00690,2026-04-15,CUST-0472,Mouse Pad,Accessories,South,Sneha,6,407.3
ORD-202604-00691,2026-04-27,CUST-3031,Keyboard,Electronics,West,Vikram,2,1376.46
ORD-202604-00692,2026-04-05,CUST-3072,Office Chair,Furniture,South,Vikram,4,7329.79
ORD-202604-00693,2026-04-23,CUST-0681,Pen Set,Office,North,Karan,3,319.57
ORD-202604-00694,2026-04-30,CUST-1293,Keyboard,Electronics,West,Karan,7,1229.64
ORD-202604-00695,2026-04-17,CUST-1518,Office Chair,Furniture,East,Neha,1,7421.39
ORD-202604-00696,2026-04-04,,Monitor Stand,Furniture,West,Ananya,1,1813.26
ORD-202604-00697,2026-05-01,CUST-2684,Office Chair,Furniture,West,Amit,6,7070.95
ORD-202604-00698,2026-04-07,CUST-1207,Headphones,Electronics,Central,Neha,5,2253.92
ORD-202604-00699,2026-04-25,CUST-1596,Pen Set,Office,West,,4,289.99
ORD-202604-00700,2026-04-12,CUST-3205,Headphones,Electronics,West,Rahul,4,2538.64
ORD-202604-00701,2026-04-27,CUST-4442,Office Chair,Furniture,Central,Neha,4,7293.51
ORD-202604-00702,2026-04-26,CUST-3627,Webcam,Electronics,North,Ananya,5,1898.27
ORD-202604-00703,2026-04-14,CUST-4544,Study Table,Furniture,East,Neha,7,5991.86
ORD-202604-00704,2026-04-17,CUST-2520,Desk Organizer,Office,West,Ananya,6,600.36
ORD-202604-00705,2026-04-04,CUST-0165,Office Chair,Furniture,East,Amit,7,6399.47
ORD-202604-00706,2026-04-12,CUST-1826,Notebook,Office,South,Rahul,6,186.33
ORD-202604-00707,2026-04-28,CUST-4992,Keyboard,Electronics,Central,Amit,2,1388.72
ORD-202604-00708,2026-04-15,CUST-3054,Keyboard,Electronics,South,Rahul,1,1414.66
ORD-202604-00709,2026-04-10,CUST-1378,Office Chair,furniture,East,Rahul,4,7235.65
ORD-202604-00710,2026-04-27,CUST-4223,Study Table,Furniture,South,Amit,6,5767.47
ORD-202604-00711,2026-04-21,CUST-1901,Laptop Stand,Accessories,North,Neha,3,1534.66
ORD-202604-00712,2026-04-14,CUST-1505,Monitor Stand,Furniture,South,Amit,7,2054.42
ORD-202604-00713,2026-04-05,CUST-0020,Webcam,Electronics,East,Ananya,2,2056.47
ORD-202604-00714,2026-04-08,CUST-0670,Mouse Pad,Accessories,East,Amit,6,393.87
ORD-202604-00715,2026-04-13,CUST-2171,USB Hub,Accessories,Central,Sneha,1,929.03
ORD-202604-00716,2026-04-07,CUST-2870,Wireless Mouse,Electronics,West,Ananya,2,826.75
ORD-202604-00717,2026-04-09,CUST-0879,Webcam,Electronics,South,Rahul,7,1859.58
ORD-202604-00718,2026-04-27,CUST-2189,Mouse Pad,Accessories,West,Vikram,3,394.91
ORD-202604-00719,2026-04-22,CUST-2025,Wireless Mouse,Electronics,West,Vikram,7,770.28
ORD-202604-00720,2026-04-08,CUST-2715,Notebook,Office,North,Karan,1,217.06
ORD-202604-00721,2026-04-18,CUST-4501,Mouse Pad,Accessories,Central,Priya,7,369.61
ORD-202604-00722,2026-04-17,CUST-2282,Headphones,Electronics,East,Amit,7,2375.89
ORD-202604-00723,2026-04-27,CUST-3557,Mouse Pad,Accessories,Central,Neha,7,420.76
ORD-202604-00724,2026-04-22,CUST-3036,Wireless Mouse,Electronics,East,Sneha,3,773.87
ORD-202604-00725,2026-04-24,CUST-4179,Pen Set,Office,North,Rahul,4,310.54
ORD-202604-00726,2026-04-05,CUST-4763,Mouse Pad,Accessories,South,Neha,7,417.11
ORD-202604-00727,2026-04-14,CUST-3971,Laptop Stand,Accessories,North,Karan,1,1514.84
ORD-202604-00728,2026-04-01,CUST-1081,Study Table,Furniture,South,,6,5398.38
ORD-202604-00729,2026-04-22,CUST-1289,Office Chair,Furniture,North,Priya,1,7280.59
ORD-202604-00730,2026-05-01,,Webcam,Electronics,North,Priya,3,1712.99
ORD-202604-00731,2026-04-22,CUST-3776,Notebook,Office,South,Priya,6,207.3
ORD-202604-00732,2026-04-26,CUST-4991,Laptop Stand,Accessories,South,Rahul,2,1521.85
ORD-202604-00733,2026-04-04,CUST-0283,Study Table,Furniture,West,,1,5876.85
ORD-202604-00734,2026-04-30,CUST-4897,Study Table,Furniture,East,Amit,4,5763.94
ORD-202604-00735,2026-04-23,CUST-3192,Office Chair,Furniture,Central,Amit,5,7085.65
ORD-202604-00736,2026-04-18,CUST-2308,Notebook,Office,North,Rahul,3,210.18
ORD-202604-00737,2026-04-13,CUST-3777,Monitor Stand,Furniture,South,Rahul,5,1867.01
ORD-202604-00738,2026-04-07,CUST-2411,Notebook,Office,Central,Rahul,4,194.88
ORD-202604-00739,2026-04-27,CUST-1778,Pen Set,Office,Central,Rahul,5,300.89
ORD-202604-00740,2026-04-17,CUST-2828,Laptop Stand,Accessories,West,Rahul,1,1580.39
ORD-202604-00741,2026-04-30,CUST-2337,Desk Organizer,Office,Central,Amit,2,562.78
ORD-202604-00742,2026-04-24,CUST-2783,Monitor Stand,Furniture,North,Sneha,5,2081.23
ORD-202604-00743,2026-04-27,CUST-4112,Notebook,Office,Central,Priya,3,190.09
ORD-202604-00744,2026-04-19,,Desk Organizer,Office,South,Karan,7,562.89
ORD-202604-00745,2026-04-16,CUST-3873,Webcam,Electronics,Central,Ananya,2,1860.66
ORD-202604-00746,2026-04-15,CUST-2626,Keyboard,Electronics,North,Amit,2,1220.22
ORD-202604-00747,2026-04-03,CUST-4948,Laptop Stand,Accessories,Central,Neha,1,1479.92
ORD-202604-00748,2026-04-18,CUST-3676,Wireless Mouse,Electronics,Central,Neha,3,805.76
ORD-202604-00749,2026-04-14,CUST-1571,Monitor Stand,Furniture,East,Neha,1,1947.58
ORD-202604-00750,2026-04-07,CUST-3841,Pen Set,Office,South,Rahul,7,325.34
ORD-202604-00751,2026-04-21,CUST-1819,Desk Organizer,Office,North,Ananya,4,619.85
ORD-202604-00752,2026-04-13,CUST-1721,Webcam,Electronics,Central,Sneha,5,1862.43
ORD-202604-00753,2026-04-03,CUST-2257,Notebook,Office,Central,Rahul,5,216.78
ORD-202604-00754,2026-04-15,CUST-3463,Keyboard,Electronics,Central,Vikram,1,1251.64
ORD-202604-00755,2026-04-08,CUST-1400,Monitor Stand,Furniture,Central,Rahul,5,2054.71
ORD-202604-00756,2026-04-24,CUST-2712,Desk Organizer,Office,South,Sneha,3,595.44
ORD-202604-00757,2026-04-09,CUST-4165,Webcam,Electronics,West,Rahul,6,2040.52
ORD-202604-00758,2026-04-17,CUST-4782,Study Table,Furniture,Central,Neha,1,5431.4
ORD-202604-00759,2026-04-28,CUST-1596,Notebook,Office,West,Rahul,4,180.67
ORD-202604-00760,2026-04-14,CUST-2709,USB Hub,Accessories,South,Vikram,2,864.45
ORD-202604-00761,2026-04-24,CUST-4487,Mouse Pad,Accessories,East,Sneha,3,384.3
ORD-202604-00762,2026-04-30,,Webcam,Electronics,South,Priya,6,1859.09
ORD-202604-00763,2026-04-02,CUST-3304,USB Hub,Accessories,West,Rahul,1,940.49
ORD-202604-00764,2026-04-07,CUST-0567,Keyboard,Electronics,Central,Amit,1,1353.07
ORD-202604-00765,2026-04-20,CUST-4062,Keyboard,Electronics,North,Vikram,6,1197.26
ORD-202604-00766,2026-04-26,CUST-3222,Pen Set,Office,East,Vikram,3,272.48
ORD-202604-00767,2026-04-04,CUST-2468,Pen Set,Office,South,Ananya,1,280.43
ORD-202604-00768,2026-04-01,CUST-0563,Wireless Mouse,Electronics,West,Vikram,2,790.92
ORD-202604-00769,2026-04-19,CUST-3510,Laptop Stand,Accessories,East,Karan,1,1521.63
ORD-202604-00770,2026-04-13,CUST-3352,Pen Set,Office,East,Sneha,6,296.6
ORD-202604-00771,2026-04-02,CUST-1293,Keyboard,Electronics,South,Amit,6,1380.06
ORD-202604-00772,2026-04-06,CUST-1633,Monitor Stand,Furniture,East,Ananya,3,2002.13
ORD-202604-00773,2026-04-26,CUST-4807,Laptop Stand,Accessories,East,Karan,4,1570.91
ORD-202604-00774,2026-04-15,CUST-3175,USB Hub,Accessories,West,Priya,4,986.85
ORD-202604-00775,2026-04-12,CUST-2633,Notebook,Office,South,Amit,3,205.23
ORD-202604-00776,2026-04-16,CUST-2172,Desk Organizer,Office,North,Vikram,1,613.18
ORD-202604-00777,2026-04-21,CUST-2677,Laptop Stand,Accessories,North,Vikram,1,1578.31
ORD-202604-00778,2026-04-13,CUST-4097,Wireless Mouse,electronics,Central,Amit,7,799.74
ORD-202604-00779,2026-04-08,CUST-0283,Mouse Pad,Accessories,East,Rahul,2,432.31
ORD-202604-00780,2026-04-02,CUST-0614,Laptop Stand,Accessories,Central,Ananya,7,1538.86
ORD-202604-00781,2026-05-01,CUST-1045,Webcam,Electronics,East,Amit,6,2051.28
ORD-202604-00782,2026-04-08,CUST-1217,USB Hub,Accessories,South,Amit,6,896.69
ORD-202604-00783,2026-04-28,CUST-0657,Headphones,Electronics,East,Rahul,2,2364.2
ORD-202604-00784,2026-04-09,CUST-2122,Pen Set,Office,West,Neha,6,319.44
ORD-202604-00785,2026-04-24,CUST-0045,Pen Set,Office,Central,Neha,4,279.87
ORD-202604-00786,2026-04-15,CUST-1751,Webcam,Electronics,North,Amit,7,2074.66
ORD-202604-00787,2026-04-09,CUST-0137,USB Hub,Accessories,West,Rahul,7,973.69
ORD-202604-00788,2026-04-14,CUST-0457,Pen Set,Office,West,Ananya,4,291.89
ORD-202604-00789,2026-04-21,CUST-3288,Study Table,Furniture,West,Neha,4,5899.12
ORD-202604-00790,2026-04-07,CUST-2156,Desk Organizer,Office,West,Ananya,7,648.07
ORD-202604-00791,2026-04-28,CUST-4862,Study Table,Furniture,East,Vikram,4,5364.04
ORD-202604-00792,2026-04-19,CUST-2871,Headphones,Electronics,North,Priya,7,2693.55
ORD-202604-00793,2026-04-09,CUST-1937,Webcam,Electronics,West,Priya,6,1963.45
ORD-202604-00794,2026-04-15,CUST-3669,Office Chair,Furniture,South,Priya,4,6741.22
ORD-202604-00795,2026-04-23,CUST-4174,Headphones,Electronics,North,Ananya,7,2480.9
ORD-202604-00796,2026-04-07,CUST-0993,Pen Set,Office,West,Rahul,2,324.02
ORD-202604-00797,2026-04-25,CUST-2723,Wireless Mouse,Electronics,North,Vikram,3,821.21
ORD-202604-00798,2026-04-03,CUST-1417,Monitor Stand,Furniture,West,Sneha,4,2058.18
ORD-202604-00799,2026-04-24,CUST-4963,Webcam,Electronics,South,Amit,6,1985.06
ORD-202604-00800,2026-04-04,CUST-2245,Office Chair,Furniture,North,Sneha,6,7344.62
ORD-202604-00801,2026-04-25,CUST-0403,Office Chair,Furniture,Central,Vikram,1,6770.51
ORD-202604-00802,2026-04-03,CUST-4196,Desk Organizer,Office,East,Neha,5,640.91
ORD-202604-00803,2026-04-25,CUST-4465,Webcam,Electronics,North ,Ananya,2,1932.35
ORD-202604-00804,2026-04-02,CUST-1880,Wireless Mouse,Electronics,East,Karan,6,874.77
ORD-202604-00805,2026-04-16,CUST-2287,Monitor Stand,Furniture,South,Ananya,6,2020.77
ORD-202604-00806,2026-04-03,CUST-3629,USB Hub,Accessories,West,Amit,2,844.01
ORD-202604-00807,2026-04-05,CUST-0162,Pen Set,Office,West,Sneha,3,273.23
ORD-202604-00808,2026-04-11,CUST-4419,Laptop Stand, Accessories,South,Amit,1,1555.33
ORD-202604-00809,2026-04-29,CUST-0002,Monitor Stand,Furniture,East,,1,2024.22
ORD-202604-00810,2026-04-17,CUST-0922,Office Chair,Furniture,South,Ananya,3,7514.24
ORD-202604-00811,2026-04-07,CUST-1576,Pen Set,Office,,Karan,2,319.96
ORD-202604-00812,2026-04-15,CUST-3214,Pen Set,Office,South,Sneha,4,291.74
ORD-202604-00813,2026-04-02,CUST-3915,Wireless Mouse,Electronics,East,Ananya,2,877.81
ORD-202604-00814,2026-04-28,CUST-0881,Mouse Pad,Accessories,Central,Amit,2,426.81
ORD-202604-00815,2026-04-26,CUST-1665,Webcam,Electronics,West,Rahul,7,1736.08
ORD-202604-00816,2026-04-29,CUST-3998,Laptop Stand,Accessories,North,Karan,2,1450.35
ORD-202604-00817,2026-04-06,CUST-1663,Notebook,Office,West,Karan,5,204.98
ORD-202604-00818,2026-04-06,CUST-1807,Keyboard,Electronics,East,Amit,7,1180.62
ORD-202604-00819,2026-04-04,CUST-2106,Office Chair,Furniture,South,Neha,7,6703.67
ORD-202604-00820,2026-04-27,CUST-3102,Laptop Stand,Accessories,North,Rahul,6,1514.55
ORD-202604-00821,2026-04-19,CUST-4024,USB Hub,Accessories,South,Karan,7,981.36
ORD-202604-00822,2026-04-18,CUST-4632,Notebook,Office,North,Karan,3,213.69
ORD-202604-00823,2026-04-18,CUST-4191,Keyboard,Electronics,East,Ananya,7,1178.27
ORD-202604-00824,2026-04-23,CUST-1247,Webcam,Electronics,West,Neha,1,2010.06
ORD-202604-00825,2026-04-29,CUST-1883,Headphones,Electronics,South,Amit,3,2322.8
ORD-202604-00826,2026-04-25,CUST-3177,Keyboard,Electronics,North,Ananya,2,1408.59
ORD-202604-00827,2026-04-08,CUST-1950,Desk Organizer,Office,South,Ananya,5,618.78
ORD-202604-00828,2026-04-13,CUST-2719,Wireless Mouse,Electronics,East,Rahul,3,742.18
ORD-202604-00829,2026-05-01,CUST-1713,Keyboard,Electronics,West,Rahul,6,1424.85
ORD-202604-00830,2026-04-14,CUST-3306,Study Table,Furniture,West,Ananya,2,5068.24
ORD-202604-00831,2026-04-25,CUST-3069,Pen Set,Office,North,Amit,2,280.92
ORD-202604-00832,2026-04-24,CUST-0510,Headphones, Electronics,Central,Karan,1,2286.7
ORD-202604-00833,2026-05-01,CUST-4948,Desk Organizer,Office, West,Vikram,2,583.85
ORD-202604-00834,2026-04-26,CUST-0512,Monitor Stand,Furniture,East,Priya,6,1868.73
ORD-202604-00835,2026-04-19,CUST-2008,USB Hub,Accessories,Central,Vikram,2,987.45
ORD-202604-00836,2026-04-14,CUST-4228,Wireless Mouse,Electronics,North,Priya,2,804.57
ORD-202604-00837,2026-04-01,CUST-0145,Mouse Pad,Accessories,South,Rahul,1,421.07
ORD-202604-00838,2026-04-08,CUST-1435,USB Hub,accessories,East,Amit,7,862.58
ORD-202604-00839,2026-04-15,CUST-3509,Webcam,Electronics,Central,Karan,4,1808.88
ORD-202604-00840,2026-04-21,CUST-3404,Mouse Pad,Accessories,North,Neha,7,398.42
ORD-202604-00841,2026-04-30,CUST-4450,Laptop Stand,Accessories, West,Ananya,2,1582.16
ORD-202604-00842,2026-04-25,CUST-3466,USB Hub,Accessories,East,Amit,4,922.34
ORD-202604-00843,2026-04-06,CUST-2943,Webcam,Electronics,East,Karan,5,1891.34
ORD-202604-00844,2026-04-24,CUST-0934,Keyboard,Electronics,East,Vikram,2,1206.25
ORD-202604-00845,2026-04-29,CUST-4413,Laptop Stand,Accessories,East,Priya,6,1497.96
ORD-202604-00846,2026-04-13,CUST-2013,Study Table,Furniture,East,Rahul,5,5653.9
ORD-202604-00847,2026-04-08,CUST-0881,Study Table,Furniture,East,Neha,6,5020.3
ORD-202604-00848,2026-04-06,CUST-0583,Study Table,Furniture,West,Sneha,7,5636.82
ORD-202604-00849,2026-04-04,CUST-4859,Webcam,Electronics,East,Sneha,6,2074.11
ORD-202604-00850,2026-04-16,CUST-0543,Desk Organizer,Office,South,Karan,6,563.75
ORD-202604-00851,2026-04-30,CUST-0949,Wireless Mouse,Electronics,South,Priya,4,755.86
ORD-202604-00852,2026-04-09,CUST-4429,Keyboard,Electronics,West,Vikram,2,1284.71
ORD-202604-00853,2026-04-02,CUST-3398,Office Chair,Furniture ,North,Amit,2,7304.81
ORD-202604-00854,2026-04-10,CUST-3247,Webcam,Electronics,West,Sneha,6,1893.25
ORD-202604-00855,2026-04-02,CUST-0502,Study Table,Furniture,North,Amit,1,5113.12
ORD-202604-00856,2026-04-22,CUST-1635,Webcam,Electronics,South,Sneha,4,1985.45
ORD-202604-00857,2026-04-04,CUST-3874,Pen Set,Office,Central,Priya,6,300.81
ORD-202604-00858,2026-04-11,CUST-2795,Monitor Stand,Furniture,South,Vikram,4,2106.0
ORD-202604-00859,2026-04-24,CUST-0276,Notebook,Office,South,Karan,5,189.52
ORD-202604-00860,2026-04-25,CUST-3097,Office Chair,Furniture,North,Rahul,2,7675.07
ORD-202604-00861,2026-04-01,CUST-0246,Monitor Stand,Furniture,Central,Rahul,6,1863.12
ORD-202604-00862,2026-04-13,CUST-0096,USB Hub,Accessories,West,Sneha,4,982.62
ORD-202604-00863,2026-04-10,CUST-1162,Mouse Pad,Accessories,South,Ananya,2,366.14
ORD-202604-00864,2026-04-06,CUST-1721,Mouse Pad,Accessories,West,Rahul,6,380.09
ORD-202604-00865,2026-04-08,CUST-2765,Pen Set,Office,Central,Amit,6,277.51
ORD-202604-00866,2026-04-15,CUST-2861,Office Chair,Furniture,North,Rahul,3,7453.0
ORD-202604-00867,2026-04-25,CUST-4419,Headphones,Electronics,North,Rahul,6,2597.01
ORD-202604-00868,2026-04-11,CUST-1765,Wireless Mouse,Electronics,North,Ananya,7,800.53
ORD-202604-00869,2026-04-10,CUST-1534,USB Hub,Accessories,East,Neha,6,977.95
ORD-202604-00870,2026-04-10,CUST-1465,USB Hub,Accessories,West,Amit,2,841.12
ORD-202604-00871,2026-04-28,CUST-2251,Notebook,Office,East,,3,193.54
ORD-202604-00872,2026-04-07,CUST-2339,Wireless Mouse,Electronics,North,Amit,1,720.63
ORD-202604-00873,2026-04-24,CUST-1111,Headphones,Electronics,South,Amit,6,2459.85
ORD-202604-00874,2026-04-08,CUST-3663,Study Table,Furniture,West,Vikram,4,5005.27
ORD-202604-00875,2026-04-25,CUST-2652,Notebook,Office,West,Rahul,2,187.63
ORD-202604-00876,2026-04-24,CUST-3694,USB Hub,Accessories,South,Priya,2,844.29
ORD-202604-00877,2026-04-08,CUST-0128,Notebook,Office,South,Ananya,1,201.61
ORD-202604-00878,2026-04-24,CUST-2965,Headphones,Electronics,East,Karan,5,2393.59
ORD-202604-00879,2026-04-06,CUST-4378,Laptop Stand,Accessories,North,Priya,3,1373.69
ORD-202604-00880,2026-04-14,CUST-3844,Monitor Stand,Furniture,North,Karan,4,2067.0
ORD-202604-00881,2026-04-11,CUST-1504,Headphones,Electronics,West,Amit,2,2332.49
ORD-202604-00882,2026-04-09,CUST-0713,Study Table,Furniture,South,Vikram,3,5199.87
ORD-202604-00883,2026-04-19,CUST-4616,Headphones,Electronics,West,Ananya,3,2526.63
ORD-202604-00884,2026-04-20,CUST-0792,Mouse Pad,Accessories,East,Amit,4,437.1
ORD-202604-00885,2026-04-27,CUST-2209,Office Chair,Furniture,South,Sneha,3,7450.24
ORD-202604-00886,2026-04-21,CUST-3803,Monitor Stand,Furniture,Central,Rahul,1,2125.79
ORD-202604-00887,2026-04-11,CUST-2804,Headphones, Electronics,East,Karan,7,2575.91
ORD-202604-00888,2026-04-18,,Headphones,Electronics,East,Vikram,2,2397.66
ORD-202604-00889,2026-04-15,CUST-4203,USB Hub,Accessories ,East,Rahul,1,914.91
ORD-202604-00890,2026-04-24,CUST-0999,Desk Organizer,Office,South,Amit,4,634.69
ORD-202604-00891,2026-04-21,CUST-4692,Keyboard,Electronics,South,Karan,3,1215.68
ORD-202604-00892,2026-04-14,CUST-0576,Office Chair,Furniture,East,Rahul,6,7636.83
ORD-202604-00893,,CUST-0102,Mouse Pad,Accessories,North,Vikram,3,423.87
ORD-202604-00894,2026-04-21,CUST-2191,Notebook,Office,North,Priya,7,201.95
ORD-202604-00895,2026-04-15,CUST-2085,Pen Set,Office,North,Neha,3,298.33
ORD-202604-00896,2026-04-16,CUST-2717,USB Hub,Accessories,East,Vikram,2,943.56
ORD-202604-00897,2026-04-11,CUST-2544,USB Hub,Accessories,South,Sneha,1,981.4
ORD-202604-00898,2026-04-10,CUST-1416,Webcam,Electronics,South,Karan,2,1804.82
ORD-202604-00899,2026-04-24,CUST-1678,Wireless Mouse,Electronics,Central,Sneha,3,733.65
ORD-202604-00900,2026-04-05,CUST-1788,Pen Set,Office,West,Sneha,3,307.21
ORD-202604-00901,2026-04-10,CUST-4937,Pen Set,Office,East,Rahul,2,290.01
ORD-202604-00902,2026-04-06,CUST-4833,Laptop Stand,Accessories,Central,Amit,3,1435.14
ORD-202604-00903,2026-04-07,CUST-2746,Monitor Stand,Furniture,North,Neha,1,1973.23
ORD-202604-00904,2026-04-16,CUST-1289,Keyboard,Electronics,West,Amit,4,1329.9
ORD-202604-00905,2026-04-06,CUST-2588,Study Table,Furniture,Central,Ananya,1,5158.98
ORD-202604-00906,2026-04-07,CUST-2057,Study Table,Furniture,South,Ananya,5,5463.7
ORD-202604-00907,2026-04-29,CUST-0077,Wireless Mouse,Electronics,Central,Ananya,2,793.73
ORD-202604-00908,2026-04-30,CUST-1829,Office Chair,Furniture,Central,Amit,3,6613.99
ORD-202604-00909,,CUST-1760,Headphones,Electronics,West,Amit,4,2249.77
ORD-202604-00910,2026-04-12,CUST-2847,Webcam,Electronics,South,Neha,2,1787.21
ORD-202604-00911,2026-04-18,CUST-3982,Pen Set,Office,East ,Neha,2,270.65
ORD-202604-00912,2026-04-05,CUST-4127,Wireless Mouse,Electronics,South,Ananya,1,724.7
ORD-202604-00913,2026-04-09,CUST-4984,Webcam,Electronics,West,Ananya,7,1927.11
ORD-202604-00914,2026-04-29,CUST-4560,Webcam,Electronics,North,Neha,6,2085.13
ORD-202604-00915,2026-04-02,CUST-0775,Wireless Mouse,Electronics,West,Karan,1,771.81
ORD-202604-00916,2026-04-27,CUST-2028,Notebook,Office,Central,Neha,6,212.29
ORD-202604-00917,2026-04-28,CUST-0741,Pen Set,Office,West,Ananya,4,292.78
ORD-202604-00918,2026-04-08,CUST-2089,Pen Set,Office,North,Neha,6,308.53
ORD-202604-00919,2026-04-16,CUST-3942,Desk Organizer,Office,North,Amit,3,596.24
ORD-202604-00920,2026-04-21,CUST-2871,USB Hub,Accessories,Central,Rahul,2,985.68
ORD-202604-00921,2026-04-06,CUST-3623,Laptop Stand,Accessories,South,Sneha,6,1539.45
ORD-202604-00922,2026-04-23,CUST-4428,Study Table,Furniture,West,Neha,6,5566.34
ORD-202604-00923,2026-04-29,CUST-4704,Wireless Mouse,Electronics,West,Vikram,1,774.88
ORD-202604-00924,2026-04-16,CUST-0401,Webcam,Electronics,Central,Karan,7,2018.47
ORD-202604-00925,2026-04-27,CUST-1522,Laptop Stand,Accessories,North,Vikram,3,1647.64
ORD-202604-00926,2026-04-19,CUST-4864,Monitor Stand,Furniture,East,Karan,6,1908.74
ORD-202604-00927,2026-04-01,CUST-2022,Headphones,Electronics,East,Priya,5,2314.72
ORD-202604-00928,2026-04-27,CUST-3841,Pen Set,Office,South,Vikram,1,327.2
ORD-202604-00929,2026-04-16,CUST-2486,Laptop Stand,Accessories,Central,Neha,7,1561.46
ORD-202604-00930,2026-04-16,CUST-2289,Desk Organizer,Office,East,Rahul,3,546.14
ORD-202604-00931,2026-04-08,CUST-1480,Laptop Stand,Accessories,Central,Neha,1,1410.09
ORD-202604-00932,2026-04-15,CUST-3061,Notebook,Office,Central,Neha,7,209.3
ORD-202604-00933,2026-04-15,CUST-0272,Keyboard,Electronics,South,Neha,3,1406.61
ORD-202604-00934,2026-04-23,CUST-4815,Monitor Stand,Furniture,East,Ananya,4,1824.93
ORD-202604-00935,2026-04-18,CUST-3896,Keyboard,Electronics,South,Sneha,4,1199.29
ORD-202604-00936,2026-04-30,CUST-1003,Headphones,Electronics,South,Neha,6,2314.38
ORD-202604-00937,2026-04-09,CUST-3040,USB Hub,Accessories,North,Vikram,3,976.42
ORD-202604-00938,2026-04-29,CUST-4709,USB Hub,Accessories,East,Amit,3,976.48
ORD-202604-00939,2026-04-23,CUST-0377,Mouse Pad,Accessories,North,Neha,7,408.9
ORD-202604-00940,2026-04-20,CUST-0934,Webcam,Electronics,North,Ananya,4,1865.84
ORD-202604-00941,2026-04-21,CUST-2577,Headphones,Electronics,South,Karan,2,2528.84
ORD-202604-00942,2026-04-17,CUST-4813,Webcam,Electronics,West,Amit,3,1954.13
ORD-202604-00943,2026-04-03,CUST-0370,Mouse Pad,Accessories,South,Vikram,3,426.79
ORD-202604-00944,2026-04-20,CUST-0072,Office Chair,Furniture,West,Sneha,6,7237.66
ORD-202604-00945,2026-04-08,CUST-2086,Keyboard,Electronics,Central,Neha,1,1346.09
ORD-202604-00946,2026-04-02,CUST-3544,Notebook,Office,South,Rahul,2,217.8
ORD-202604-00947,2026-04-13,CUST-3304,USB Hub,Accessories,Central,Ananya,5,838.9
ORD-202604-00948,2026-04-28,CUST-0153,Keyboard,Electronics,South,Priya,4,1364.88
ORD-202604-00949,2026-04-03,CUST-2197,USB Hub,Accessories,West,Vikram,1,978.91
ORD-202604-00950,2026-04-02,CUST-2310,Monitor Stand,Furniture,West,Vikram,7,1871.92
ORD-202604-00951,2026-04-12,CUST-2467,Headphones,Electronics,North,Neha,1,2436.44
ORD-202604-00952,2026-04-03,CUST-0035,Keyboard,Electronics,South,Karan,7,1265.63
ORD-202604-00953,2026-04-02,CUST-2237,Monitor Stand,Furniture,East,Rahul,5,2142.2
ORD-202604-00954,2026-04-02,CUST-0214,Desk Organizer,Office,East,Ananya,6,610.39
ORD-202604-00955,2026-04-24,CUST-2310,USB Hub,Accessories,West,Vikram,7,922.1
ORD-202604-00956,2026-04-23,CUST-3956,Pen Set,Office,East,Rahul,1,305.05
ORD-202604-00957,2026-04-07,CUST-0175,Notebook,Office,North,Sneha,5,196.58
ORD-202604-00958,2026-04-09,CUST-4601,Office Chair,Furniture,West,Vikram,5,6553.85
ORD-202604-00959,2026-04-23,CUST-2885,Laptop Stand,Accessories,North,Ananya,4,1362.72
ORD-202604-00960,2026-04-13,CUST-3563,Pen Set,Office,North,Ananya,3,285.82
ORD-202604-00961,2026-04-12,CUST-2403,Headphones,Electronics,West,Sneha,5,2738.95
ORD-202604-00962,2026-04-08,CUST-4204,Laptop Stand,Accessories,East,Karan,7,1593.76
ORD-202604-00963,2026-04-15,CUST-1423,Keyboard,Electronics,South,Priya,7,1223.33
ORD-202604-00964,2026-04-29,CUST-0778,Headphones,Electronics,West,Neha,5,2390.61
ORD-202604-00965,2026-04-07,CUST-2365,Desk Organizer,Office,South,Ananya,4,601.85
ORD-202604-00966,2026-05-01,CUST-2993,Notebook,Office,West,Amit,7,205.52
ORD-202604-00967,2026-04-08,CUST-4217,Keyboard,Electronics,South,Rahul,2,1187.36
ORD-202604-00968,2026-04-14,CUST-2489,Wireless Mouse,Electronics,East,Neha,2,729.54
ORD-202604-00969,2026-04-17,CUST-0460,Monitor Stand,Furniture,South,Priya,2,2056.15
ORD-202604-00970,2026-04-26,CUST-4284,Mouse Pad,Accessories,North,Vikram,6,407.4
ORD-202604-00971,2026-04-24,CUST-4121,Laptop Stand,Accessories,South,Rahul,2,1513.68
ORD-202604-00972,2026-04-08,CUST-2780,Headphones,Electronics,East,Priya,3,2408.42
ORD-202604-00973,2026-04-24,CUST-0279,Headphones,Electronics,East,Neha,2,2493.25
ORD-202604-00974,2026-04-21,CUST-4580,Pen Set,Office,West,Sneha,4,308.78
ORD-202604-00975,2026-04-02,CUST-3317,Keyboard,Electronics,,Priya,4,1229.22
ORD-202604-00976,2026-04-05,CUST-4547,USB Hub,Accessories,Central,Priya,6,814.77
ORD-202604-00977,2026-04-13,CUST-0635,Office Chair,Furniture,Central,Amit,1,6988.54
ORD-202604-00978,2026-04-27,CUST-1718,Desk Organizer,Office,West,Priya,2,623.32
ORD-202604-00979,2026-04-26,CUST-1151,USB Hub,Accessories,South,Neha,6,844.49
ORD-202604-00980,2026-04-14,CUST-3729,Notebook,Office,South,Amit,2,193.53
ORD-202604-00981,2026-04-11,CUST-1575,Pen Set,Office,South,Priya,3,288.25
ORD-202604-00982,2026-04-23,CUST-4424,Mouse Pad,Accessories,West,Priya,1,425.09
ORD-202604-00983,2026-04-02,CUST-2097,Desk Organizer,Office,North,Amit,5,656.09
ORD-202604-00984,2026-04-20,CUST-1829,Pen Set,Office,East,Karan,4,299.27
ORD-202604-00985,2026-04-20,CUST-3075,Laptop Stand,Accessories,Central,Rahul,4,-100.0
ORD-202604-00986,2026-04-25,CUST-3873,Headphones,Electronics,South,Ananya,5,2561.61
ORD-202604-00987,2026-04-30,CUST-1952,Webcam,Electronics,East,Ananya,3,2080.53
ORD-202604-00988,,CUST-0003,Monitor Stand,Furniture,South,Priya,7,2097.8
ORD-202604-00989,2026-04-30,CUST-4563,Keyboard,Electronics,West,Priya,7,1187.44
ORD-202604-00990,2026-04-19,CUST-2135,Wireless Mouse,Electronics,West,Sneha,6,786.27
ORD-202604-00991,2026-04-11,CUST-0559,Desk Organizer,Office,east,Neha,7,562.65
ORD-202604-00992,2026-04-19,CUST-3186,Laptop Stand,Accessories,West,Ananya,5,1395.84
ORD-202604-00993,2026-04-05,CUST-3600,Office Chair,Furniture,South,Ananya,7,7252.75
ORD-202604-00994,2026-04-07,CUST-1823,Wireless Mouse,Electronics,West,Vikram,4,837.43
ORD-202604-00995,2026-04-10,CUST-0792,Office Chair,Furniture,North,Ananya,6,6979.31
ORD-202604-00996,2026-04-06,CUST-4418,Notebook,Office,South,Priya,4,197.03
ORD-202604-00997,2026-04-26,CUST-4320,Wireless Mouse,Electronics,East,Sneha,6,777.1
ORD-202604-00998,2026-04-23,CUST-3262,Laptop Stand,Accessories,,Sneha,4,1633.45
ORD-202604-00999,2026-04-26,CUST-1328,Wireless Mouse,Electronics,East,Karan,3,763.9
ORD-202604-01000,2026-04-08,CUST-2682,Wireless Mouse,Electronics,North,,6,753.37
ORD-202604-01001,2026-04-02,CUST-3037,Wireless Mouse,Electronics,East,Neha,2,870.07
ORD-202604-01002,2026-04-20,CUST-4328,Pen Set,Office,West,Priya,3,302.59
ORD-202604-01003,2026-04-13,CUST-4487,Mouse Pad,Accessories,South,Rahul,7,369.53
ORD-202604-01004,2026-04-30,CUST-3749,Monitor Stand,Furniture,South,Neha,3,2118.31
ORD-202604-01005,2026-04-07,CUST-3308,Pen Set,Office,South,Karan,4,306.04
ORD-202604-01006,2026-04-09,CUST-1218,Keyboard,Electronics,South,Amit,7,1377.76
ORD-202604-01007,2026-04-12,CUST-0610,Study Table,Furniture,West,Neha,7,5610.86
ORD-202604-01008,2026-04-28,CUST-4010,Headphones,Electronics,South,Amit,7,2680.75
ORD-202604-01009,2026-05-01,CUST-0516,Laptop Stand,Accessories,North,Ananya,2,1569.72
ORD-202604-01010,2026-04-17,CUST-2568,Webcam,Electronics,North,Priya,6,1968.22
ORD-202604-01011,2026-04-08,CUST-2638,USB Hub,Accessories,East,Vikram,6,963.1
ORD-202604-01012,2026-04-19,CUST-1027,Pen Set,Office,East,Neha,5,285.79
ORD-202604-01013,2026-04-02,CUST-1345,Headphones,Electronics,Central,Vikram,6,2288.37
ORD-202604-01014,2026-04-09,CUST-4884,USB Hub,Accessories,East,Karan,3,816.92
ORD-202604-01015,2026-04-13,CUST-3711,Study Table,Furniture,East,Priya,6,5157.59
ORD-202604-01016,2026-04-29,CUST-2001,Desk Organizer,Office,North,Ananya,6,594.42
ORD-202604-01017,2026-04-03,CUST-3707,Webcam,Electronics,West,Rahul,6,1711.96
ORD-202604-01018,2026-04-23,CUST-0179,Mouse Pad,Accessories,South,,6,412.39
ORD-202604-01019,2026-04-09,CUST-0904,Pen Set,Office,North,Rahul,5,326.06
ORD-202604-01020,2026-04-22,CUST-4606,Wireless Mouse,Electronics,Central,Amit,4,786.28
ORD-202604-01021,2026-04-14,CUST-3986,Office Chair,Furniture,North,Rahul,5,7063.56
ORD-202604-01022,2026-04-27,CUST-0635,Headphones,Electronics,,Priya,3,2727.7
ORD-202604-01023,2026-04-04,CUST-1032,USB Hub,Accessories,South,Vikram,7,830.79
ORD-202604-01024,2026-04-04,CUST-2280,Laptop Stand,Accessories,East,Neha,1,1468.19
ORD-202604-01025,2026-04-19,CUST-1963,Keyboard,Electronics,East,Karan,7,1425.54
ORD-202604-01026,2026-04-04,CUST-2590,Pen Set,Office,East,Sneha,5,277.49
ORD-202604-01027,2026-04-29,CUST-4180,Laptop Stand,Accessories,West,Priya,2,1613.24
ORD-202604-01028,2026-04-03,CUST-3803,Pen Set,Office,South,Ananya,4,293.45
ORD-202604-01029,2026-04-10,CUST-3727,Laptop Stand,Accessories,North,Priya,1,1504.1
ORD-202604-01030,2026-04-28,CUST-0392,Pen Set,Office,North,Priya,5,318.4
ORD-202604-01031,2026-04-16,CUST-2250,Monitor Stand,Furniture,Central,Priya,7,2192.9
ORD-202604-01032,2026-04-28,CUST-3744,Wireless Mouse,Electronics,West,Amit,1,723.36
ORD-202604-01033,2026-04-23,CUST-3501,Wireless Mouse,Electronics,Central,Neha,4,774.7
ORD-202604-01034,2026-04-14,CUST-3508,Laptop Stand,Accessories,West,Amit,5,1436.63
ORD-202604-01035,2026-04-27,CUST-3990,Office Chair,Furniture,South,Rahul,5,6943.52
ORD-202604-01036,,CUST-1527,Pen Set,Office,West,Priya,6,278.41
ORD-202604-01037,2026-04-21,CUST-4105,Monitor Stand,Furniture,East,Sneha,5,1926.43
ORD-202604-01038,2026-04-27,CUST-3967,Pen Set,Office,South,Ananya,5,306.05
ORD-202604-01039,2026-04-05,CUST-1074,Study Table,Furniture,East,Amit,7,5831.92
ORD-202604-01040,2026-04-12,CUST-0910,Notebook,Office,East,Priya,4,217.35
ORD-202604-01041,2026-04-13,CUST-1634,Headphones,Electronics,East,Karan,2,2378.91
ORD-202604-01042,2026-04-09,CUST-4833,USB Hub,Accessories,East,Amit,7,984.32
ORD-202604-01043,2026-04-10,CUST-2826,Pen Set,Office,North,Vikram,6,287.21
ORD-202604-01044,2026-04-30,CUST-4668,Wireless Mouse,Electronics,West,Vikram,5,867.23
ORD-202604-01045,2026-04-01,CUST-1902,USB Hub,Accessories,South,Ananya,3,943.56
ORD-202604-01046,2026-04-06,CUST-3304,Notebook,Office,West,Priya,6,195.5
ORD-202604-01047,2026-04-17,CUST-4950,USB Hub,Accessories,North,Sneha,1,984.17
ORD-202604-01048,2026-04-16,CUST-1711,Webcam,Electronics,South,Priya,2,1720.21
ORD-202604-01049,2026-04-28,CUST-3664,USB Hub,Accessories,Central,Amit,7,950.17
ORD-202604-01050,2026-04-19,CUST-2115,Laptop Stand,Accessories,West,Sneha,2,1551.03
ORD-202604-01051,2026-05-01,CUST-4516,Desk Organizer,Office,East,Karan,1,549.94
ORD-202604-01052,2026-04-12,CUST-3814,Notebook,Office,West,Karan,7,190.43
ORD-202604-01053,2026-05-01,CUST-3667,Study Table,Furniture,North,Sneha,3,5442.26
ORD-202604-01054,2026-04-16,CUST-1039,Mouse Pad,Accessories,West,Karan,7,378.43
ORD-202604-01055,2026-04-04,CUST-4785,Pen Set,Office,North,Sneha,1,324.93
ORD-202604-01056,2026-04-26,CUST-1559,USB Hub,Accessories,West,Amit,1,836.88
ORD-202604-01057,2026-04-07,CUST-2011,Desk Organizer,Office,South,Rahul,4,606.09
ORD-202604-01058,2026-04-23,CUST-2210,USB Hub,Accessories,West,Sneha,7,907.53
ORD-202604-01059,2026-04-28,CUST-3524,Office Chair,Furniture,West,Neha,4,7046.88
ORD-202604-01060,2026-04-25,CUST-3914,Desk Organizer,Office,East,Neha,6,555.66
ORD-202604-01061,2026-04-10,CUST-4644,Headphones,Electronics,North,Neha,1,2494.51
ORD-202604-01062,2026-04-09,CUST-0723,Mouse Pad,Accessories,,Amit,3,432.57
ORD-202604-01063,2026-04-04,CUST-4210,Office Chair,Furniture,West,Vikram,4,6591.77
ORD-202604-01064,2026-04-09,CUST-0579,Pen Set,Office,North,Rahul,2,273.54
ORD-202604-01065,2026-04-18,CUST-2684,Pen Set,Office,East,Rahul,2,325.85
ORD-202604-01066,2026-04-08,CUST-4518,Keyboard,Electronics,East,Amit,5,1408.74
ORD-202604-01067,2026-04-27,CUST-3816,Study Table,Furniture,South,Karan,2,5561.96
ORD-202604-01068,2026-04-17,CUST-4831,Notebook,Office,Central,Rahul,1,214.39
ORD-202604-01069,2026-04-18,CUST-0194,Wireless Mouse,Electronics,East,Vikram,2,874.78
ORD-202604-01070,2026-04-06,CUST-2679,Wireless Mouse,Electronics,South,Priya,5,746.82
ORD-202604-01071,2026-04-28,CUST-0366,Webcam,Electronics,West,Amit,5,1791.98
ORD-202604-01072,2026-04-30,CUST-3556,Office Chair,Furniture,South,Rahul,6,7046.91
ORD-202604-01073,2026-04-20,CUST-0917,Pen Set,Office,North,Priya,1,311.21
ORD-202604-01074,2026-04-26,CUST-0968,Wireless Mouse,Electronics,East,Amit,4,848.78
ORD-202604-01075,2026-04-21,CUST-1445,Laptop Stand,Accessories,West,Ananya,7,1496.72
ORD-202604-01076,2026-05-01,CUST-4332,Desk Organizer,Office,South,Rahul,6,541.9
ORD-202604-01077,2026-04-13,CUST-1670,Webcam,Electronics,North,Vikram,5,1736.43
ORD-202604-01078,2026-04-08,CUST-4337,Mouse Pad,Accessories,South,Rahul,5,425.9
ORD-202604-01079,2026-04-17,CUST-2991,Office Chair,Furniture,,Karan,1,7087.13
ORD-202604-01080,2026-04-21,CUST-0768,Desk Organizer,Office,Central,Sneha,5,545.52
ORD-202604-01081,2026-04-26,CUST-1175,Monitor Stand,Furniture,South,Sneha,1,2076.98
ORD-202604-01082,2026-04-29,CUST-3705,Webcam,Electronics,North,Priya,3,1948.52
ORD-202604-01083,2026-04-03,CUST-4223,Mouse Pad,Accessories,West,Ananya,3,393.07
ORD-202604-01084,2026-04-14,CUST-1042,Mouse Pad,Accessories,South,Karan,5,427.64
ORD-202604-01085,2026-04-21,CUST-2435,USB Hub,Accessories,West,Ananya,6,861.77
ORD-202604-01086,2026-04-16,CUST-2252,Office Chair,Furniture,West,Karan,7,7358.4
ORD-202604-01087,2026-04-03,CUST-2321,Laptop Stand,Accessories,East,Priya,7,1448.08
ORD-202604-01088,2026-04-02,CUST-1654,Headphones,Electronics,Central,Vikram,1,2527.6
ORD-202604-01089,2026-04-23,CUST-4380,Wireless Mouse,Electronics,East,Amit,1,878.25
ORD-202604-01090,2026-04-30,,Wireless Mouse,Electronics,North,Neha,2,817.04
ORD-202604-01091,2026-04-20,CUST-1857,Keyboard,Electronics,South,Amit,6,1315.29
ORD-202604-01092,2026-04-23,CUST-2325,Desk Organizer,Office,South,Neha,5,607.51
ORD-202604-01093,2026-04-17,CUST-4494,Notebook,Office,South,Ananya,5,206.79
ORD-202604-01094,2026-04-30,CUST-4109,Desk Organizer,Office,Central,Sneha,7,635.2
ORD-202604-01095,2026-04-11,CUST-2555,Webcam,Electronics,West,Priya,4,2010.97
ORD-202604-01096,2026-04-07,CUST-3038,Keyboard,Electronics,North,Sneha,4,1367.57
ORD-202604-01097,2026-04-23,CUST-4162,Desk Organizer,Office,South,Amit,5,579.63
ORD-202604-01098,2026-04-24,CUST-2434,Laptop Stand,Accessories,North,Ananya,3,1421.56
ORD-202604-01099,2026-04-27,CUST-4320,Office Chair,Furniture,North,Sneha,2,6862.39
ORD-202604-01100,2026-04-07,CUST-3359,USB Hub,Accessories,North,Karan,7,902.54
ORD-202604-01101,2026-04-04,CUST-1938,Keyboard,Electronics,North,Rahul,7,1380.12
ORD-202604-01102,2026-04-05,CUST-0017,Wireless Mouse,Electronics,Central,Karan,2,802.82
ORD-202604-01103,2026-04-29,CUST-4013,Keyboard,Electronics,South,Ananya,1,1264.56
ORD-202604-01104,2026-04-29,CUST-2708,Laptop Stand,Accessories,Central,Ananya,3,1510.16
ORD-202604-01105,2026-04-20,CUST-2924,Laptop Stand,Accessories,West,Karan,3,1371.15
ORD-202604-01106,2026-04-04,CUST-0953,Keyboard,Electronics,East,Priya,3,1308.91
ORD-202604-01107,2026-04-23,CUST-4315,Headphones,Electronics,Central,Neha,7,2507.79
ORD-202604-01108,2026-04-21,CUST-3919,Monitor Stand,Furniture,Central,Neha,4,2035.13
ORD-202604-01109,2026-04-25,CUST-0372,Pen Set,Office,West,Ananya,6,320.79
ORD-202604-01110,2026-04-13,CUST-4332,Monitor Stand,Furniture,North,Priya,1,2026.42
ORD-202604-01111,2026-04-02,CUST-2108,Mouse Pad,Accessories,North,Priya,2,403.99
ORD-202604-01112,2026-04-29,CUST-3737,Notebook,Office,North,Karan,3,206.16
ORD-202604-01113,2026-04-14,CUST-4831,Mouse Pad,Accessories,East,Rahul,1,436.55
ORD-202604-01114,2026-04-16,CUST-4695,Mouse Pad,Accessories,East,Rahul,5,417.02
ORD-202604-01115,2026-04-27,CUST-4335,Webcam,Electronics,East,Sneha,2,1783.31
ORD-202604-01116,2026-04-20,CUST-0719,Monitor Stand,Furniture,West,Ananya,1,1972.46
ORD-202604-01117,2026-04-10,CUST-2802,Wireless Mouse,Electronics,North,Ananya,1,740.65
ORD-202604-01118,2026-04-24,CUST-1090,Pen Set,Office,North,Rahul,4,271.08
ORD-202604-01119,2026-04-16,CUST-4055,Study Table,Furniture,West,Priya,3,5850.08
ORD-202604-01120,2026-04-11,CUST-3562,Keyboard,Electronics,South,Amit,3,1261.5
ORD-202604-01121,2026-04-16,CUST-1797,Monitor Stand,Furniture,West,Karan,3,1905.64
ORD-202604-01122,2026-04-30,CUST-0686,Headphones,Electronics,North,Sneha,1,2491.46
ORD-202604-01123,2026-04-29,CUST-4454,Monitor Stand,Furniture,West,Karan,1,1881.05
ORD-202604-01124,2026-04-03,CUST-2552,Pen Set,Office,West,Neha,7,271.93
ORD-202604-01125,2026-04-01,CUST-3538,USB Hub,Accessories,North,Neha,1,929.38
ORD-202604-01126,2026-04-04,CUST-3419,Monitor Stand,Furniture,South,Priya,3,1886.82
ORD-202604-01127,2026-04-07,CUST-3228,Headphones,Electronics,South,,2,2262.33
ORD-202604-01128,2026-04-21,CUST-1049,Laptop Stand,Accessories,East,Vikram,4,1570.35
ORD-202604-01129,2026-04-22,CUST-0805,Notebook,Office,East,Amit,6,216.81
ORD-202604-01130,2026-04-14,CUST-2008,Keyboard,Electronics,North,Priya,4,1199.33
ORD-202604-01131,2026-04-21,CUST-4710,Headphones,Electronics,East,Amit,6,2481.65
ORD-202604-01132,2026-04-11,CUST-4054,Desk Organizer,Office,East,Amit,2,564.09
ORD-202604-01133,2026-04-09,CUST-4556,Keyboard,Electronics,East,Ananya,5,1180.2
ORD-202604-01134,2026-04-24,CUST-1814,Headphones,Electronics,North,Amit,4,2445.31
ORD-202604-01135,2026-04-18,CUST-1809,Study Table,Furniture,North,Ananya,1,-100.0
ORD-202604-01136,2026-04-24,CUST-3454,Keyboard,Electronics,,Sneha,2,1249.51
ORD-202604-01137,2026-04-12,CUST-0228,Pen Set,Office,North,Karan,4,274.82
ORD-202604-01138,2026-04-27,CUST-4764,Pen Set,Office,,Karan,5,305.14
ORD-202604-01139,2026-04-22,CUST-4065,Keyboard,Electronics,West,Karan,2,1387.49
ORD-202604-01140,2026-04-06,CUST-3818,Notebook,Office,East,Karan,1,192.84
ORD-202604-01141,2026-04-23,CUST-3860,USB Hub,Accessories,North,Amit,1,889.74
ORD-202604-01142,2026-04-26,CUST-3972,USB Hub,Accessories,South,Neha,6,839.49
ORD-202604-01143,2026-04-28,CUST-2660,Laptop Stand,Accessories,East,Rahul,1,1646.28
ORD-202604-01144,2026-04-21,CUST-1573,Wireless Mouse,Electronics,North ,Vikram,7,873.47
ORD-202604-01145,2026-04-06,CUST-4917,Mouse Pad,Accessories,Central,Neha,2,423.05
ORD-202604-01146,2026-04-27,CUST-0841,Wireless Mouse,Electronics,South,Priya,7,730.68
ORD-202604-01147,2026-04-21,CUST-4614,USB Hub,Accessories,South,Vikram,5,863.16
ORD-202604-01148,2026-04-19,CUST-3709,USB Hub,Accessories,South,Neha,7,844.48
ORD-202604-01149,2026-05-01,CUST-4117,Notebook,Office,Central,Priya,4,183.76
ORD-202604-01150,2026-04-28,CUST-2228,Notebook,Office,East,Vikram,5,195.85
ORD-202604-01151,2026-04-04,CUST-3682,Desk Organizer,Office,East,Priya,3,589.11
ORD-202604-01152,2026-04-25,CUST-3468,Study Table,Furniture ,North,Karan,2,6003.91
ORD-202604-01153,2026-04-26,CUST-4229,Mouse Pad,Accessories,Central,Vikram,6,417.11
ORD-202604-01154,2026-04-29,CUST-1529,Notebook,Office,East,Karan,1,182.24
ORD-202604-01155,2026-04-23,CUST-3704,Mouse Pad,Accessories,South,Neha,3,363.21
ORD-202604-01156,2026-04-21,CUST-1043,Mouse Pad,Accessories,Central,Karan,1,434.9
ORD-202604-01157,2026-04-07,CUST-4885,Notebook,Office,East,Priya,4,211.08
ORD-202604-01158,2026-04-13,CUST-2510,Headphones,Electronics,East,Sneha,6,2268.79
ORD-202604-01159,2026-04-08,CUST-4530,Wireless Mouse,Electronics,West,Sneha,2,856.2
ORD-202604-01160,2026-04-13,CUST-0578,Headphones,Electronics,North,Sneha,6,2494.49
ORD-202604-01161,2026-04-20,CUST-1762,Headphones,Electronics,East,Ananya,3,2621.12
ORD-202604-01162,2026-04-13,CUST-2825,Notebook,Office,East,Rahul,2,202.32
ORD-202604-01163,2026-04-05,CUST-4873,Keyboard,Electronics,Central,Ananya,7,1346.45
ORD-202604-01164,2026-04-22,CUST-1223,Laptop Stand,Accessories,Central,Priya,2,1446.9
ORD-202604-01165,2026-04-11,CUST-2300,Keyboard,Electronics,East,Rahul,5,1304.1
ORD-202604-01166,2026-04-11,CUST-0749,Headphones,Electronics,Central,Neha,1,2347.73
ORD-202604-01167,2026-04-16,CUST-3919,Pen Set,Office,East,Priya,2,292.82
ORD-202604-01168,2026-04-01,CUST-2401,USB Hub,Accessories,South,Amit,7,825.93
ORD-202604-01169,2026-04-24,CUST-1151,Office Chair,Furniture,East,Priya,4,7225.06
ORD-202604-01170,2026-04-04,CUST-2949,Desk Organizer,Office,East,Karan,2,546.25
ORD-202604-01171,2026-04-25,CUST-3499,Webcam,Electronics,East,Vikram,7,1821.64
ORD-202604-01172,2026-04-25,CUST-3972,Keyboard,Electronics,South,Neha,6,1195.44
ORD-202604-01173,2026-04-08,CUST-1673,Monitor Stand,Furniture,Central,Sneha,2,2065.23
ORD-202604-01174,2026-04-29,CUST-1424,Keyboard,Electronics,Central,Amit,6,1290.8
ORD-202604-01175,2026-04-18,CUST-3431,Pen Set,Office,West,Priya,2,290.9
ORD-202604-01176,2026-04-03,CUST-2874,Notebook,Office ,South,Neha,6,197.98
ORD-202604-01177,2026-04-06,CUST-1064,Office Chair,Furniture,Central,Ananya,3,6524.81
ORD-202604-01178,2026-04-11,CUST-2907,Notebook,Office,East,Vikram,5,214.57
ORD-202604-01179,2026-04-01,CUST-2992,Wireless Mouse,Electronics,West,Karan,7,774.48
ORD-202604-01180,2026-04-17,CUST-0833,Headphones,Electronics,East,Rahul,2,2584.41
ORD-202604-01181,2026-04-06,CUST-4953,Office Chair,Furniture,West,Ananya,2,7622.86
ORD-202604-01182,2026-04-24,CUST-0100,Notebook,Office,North,Rahul,2,184.06
ORD-202604-01183,2026-04-18,CUST-3279,Office Chair,Furniture,Central,Rahul,4,7246.74
ORD-202604-01184,2026-04-22,CUST-3033,Pen Set,Office,East,Neha,7,269.57
ORD-202604-01185,2026-04-06,CUST-1588,Monitor Stand,Furniture,East,Vikram,6,2178.32
ORD-202604-01186,2026-05-01,CUST-2692,Keyboard,Electronics,East,Rahul,4,1257.08
ORD-202604-01187,2026-04-21,CUST-1443,Keyboard,Electronics,Central,Sneha,4,1244.59
ORD-202604-01188,2026-04-19,CUST-4735,Desk Organizer,Office,South,Neha,5,575.88
ORD-202604-01189,2026-04-29,CUST-2220,Wireless Mouse,Electronics,South,,6,877.3
ORD-202604-01190,2026-04-14,CUST-2992,Keyboard,Electronics,North,Ananya,4,1246.08
ORD-202604-01191,2026-04-14,CUST-1730,Desk Organizer,Office,East,Rahul,4,648.3
ORD-202604-01192,2026-04-29,CUST-1001,Desk Organizer,Office,East,Sneha,3,646.77
ORD-202604-01193,2026-04-27,CUST-0794,Office Chair,Furniture,South,Karan,7,7496.0
ORD-202604-01194,2026-04-10,CUST-3719,Webcam,Electronics,Central,Amit,5,1769.32
ORD-202604-01195,2026-04-22,CUST-4793,Pen Set,Office,South,Neha,5,308.55
ORD-202604-01196,2026-04-07,CUST-0109,Headphones,Electronics,Central,Sneha,7,2438.97
ORD-202604-01197,2026-04-02,CUST-0693,Monitor Stand,Furniture,Central,Karan,5,1988.13
ORD-202604-01198,2026-04-09,CUST-3522,Pen Set,Office,South,Neha,2,278.32
ORD-202604-01199,2026-04-04,CUST-1094,Office Chair,Furniture,East,Sneha,5,7667.02
ORD-202604-01200,2026-04-10,CUST-4064,Pen Set,Office,West,Karan,2,284.98
ORD-202604-01201,2026-04-09,CUST-3852,Monitor Stand,Furniture,South,Vikram,2,2142.34
ORD-202604-01202,2026-04-15,CUST-0852,Webcam,Electronics,West,Ananya,1,1731.98
ORD-202604-01203,2026-04-30,CUST-0443,Desk Organizer,Office,Central,Ananya,1,634.02
ORD-202604-01204,2026-04-09,CUST-1374,Monitor Stand,Furniture,Central,Karan,7,2117.67
ORD-202604-01205,2026-04-13,CUST-0696,Headphones,Electronics,West,Priya,1,2379.52
ORD-202604-01206,2026-04-27,CUST-0482,USB Hub,Accessories,West,Priya,5,911.13
ORD-202604-01207,2026-04-11,CUST-4662,Desk Organizer,Office,Central,Rahul,7,574.76
ORD-202604-01208,2026-05-01,CUST-0986,USB Hub,Accessories,South,Priya,5,846.97
ORD-202604-01209,,CUST-2757,Desk Organizer,Office,East,Priya,2,613.16
ORD-202604-01210,2026-04-30,CUST-1261,Headphones,Electronics,Central,Amit,1,2611.62
ORD-202604-01211,2026-04-25,CUST-0956,Wireless Mouse,Electronics,North,Sneha,4,832.98
ORD-202604-01212,2026-04-22,CUST-1400,Wireless Mouse,Electronics,South,Priya,3,853.09
ORD-202604-01213,2026-04-23,CUST-1230,Headphones,Electronics,West,Rahul,6,2606.58
ORD-202604-01214,2026-04-22,CUST-2286,Office Chair,Furniture,North,Ananya,1,6834.45
ORD-202604-01215,2026-04-27,CUST-3053,Pen Set,Office,Central,Rahul,6,327.66
ORD-202604-01216,2026-04-02,CUST-4725,Laptop Stand,Accessories,East,Vikram,5,1635.66
ORD-202604-01217,2026-04-04,CUST-3514,Pen Set,Office,West,Amit,3,296.13
ORD-202604-01218,2026-04-16,CUST-0367,Mouse Pad,Accessories,Central,Ananya,3,436.6
ORD-202604-01219,2026-04-13,CUST-0862,Headphones,Electronics,Central,Sneha,5,2740.47
ORD-202604-01220,2026-04-19,CUST-1705,Office Chair,Furniture,West,Sneha,7,7339.91
ORD-202604-01221,2026-04-08,CUST-2998,Wireless Mouse,Electronics,South,Sneha,3,848.15
ORD-202604-01222,2026-04-29,CUST-1094,Keyboard,Electronics,West,Priya,6,1198.75
ORD-202604-01223,2026-04-06,CUST-2784,Webcam,Electronics,West,Priya,5,1811.75
ORD-202604-01224,2026-04-03,CUST-3769,Pen Set,Office,,Priya,1,276.42
ORD-202604-01225,2026-04-24,CUST-0143,Laptop Stand,Accessories,West,Karan,6,1395.04
ORD-202604-01226,2026-04-16,CUST-4674,Laptop Stand,Accessories,West,Priya,2,1582.11
ORD-202604-01227,2026-04-26,CUST-3503,Notebook,Office,East,Ananya,1,187.25
ORD-202604-01228,2026-04-14,CUST-2168,Office Chair,Furniture,North,Ananya,1,6828.21
ORD-202604-01229,2026-05-01,CUST-1115,Laptop Stand,Accessories,West,Sneha,3,1479.95
ORD-202604-01230,2026-04-05,CUST-4505,USB Hub,Accessories,North,Amit,2,821.39
ORD-202604-01231,2026-04-15,CUST-1594,Wireless Mouse,Electronics,South,Amit,4,856.74
ORD-202604-01232,2026-04-30,CUST-4287,Monitor Stand,Furniture,Central,Rahul,7,2137.21
ORD-202604-01233,2026-04-04,CUST-4441,Office Chair,Furniture,North,Ananya,1,6325.91
ORD-202604-01234,2026-04-29,CUST-1788,Laptop Stand,Accessories,East,Vikram,7,1526.63
ORD-202604-01235,2026-04-27,CUST-0176,Study Table,Furniture,South,Rahul,3,5607.35
ORD-202604-01236,2026-04-05,CUST-0512,Wireless Mouse,Electronics,,Amit,3,818.99
ORD-202604-01237,2026-04-18,CUST-3116,Wireless Mouse,Electronics,South,Amit,1,760.44
ORD-202604-01238,2026-04-08,CUST-4848,Notebook,Office,North,Sneha,2,185.83
ORD-202604-01239,2026-04-07,CUST-4005,Notebook,Office,East,Sneha,7,182.55
ORD-202604-01240,2026-04-18,CUST-4049,Keyboard,Electronics,West,Sneha,2,1356.48
ORD-202604-01241,2026-04-11,CUST-4471,Mouse Pad,Accessories,North,Ananya,6,398.39
ORD-202604-01242,2026-04-08,,Keyboard,Electronics,North,Karan,4,1328.3
ORD-202604-01243,2026-04-27,CUST-1050,USB Hub,Accessories,South,,1,909.37
ORD-202604-01244,2026-04-22,CUST-2211,Mouse Pad,Accessories,North,Neha,4,411.6
ORD-202604-01245,2026-04-08,CUST-1746,Headphones,Electronics,East,Sneha,1,2601.7
ORD-202604-01246,2026-04-25,CUST-1055,Webcam,Electronics,South,Vikram,4,1789.48
ORD-202604-01247,2026-04-28,CUST-2531,Mouse Pad,Accessories,Central,Karan,4,414.0
ORD-202604-01248,2026-04-13,CUST-1682,Notebook,Office,,Amit,1,190.09
ORD-202604-01249,2026-04-20,CUST-4145,Monitor Stand,Furniture,North,Priya,5,1810.17
ORD-202604-01250,,CUST-2298,Pen Set,Office,Central,Karan,2,318.07
ORD-202604-01251,2026-04-13,CUST-3101,Desk Organizer,Office,Central,Neha,6,629.14
ORD-202604-01252,2026-04-05,CUST-3141,Study Table,Furniture,West,Amit,4,5776.73
ORD-202604-01253,2026-04-02,CUST-0765,Laptop Stand,Accessories,North,Vikram,7,1461.74
ORD-202604-01254,2026-04-07,CUST-0566,Webcam,Electronics,Central,Ananya,2,2002.9
ORD-202604-01255,2026-04-01,CUST-2408,Notebook,Office,North,Rahul,5,190.64
ORD-202604-01256,2026-04-23,CUST-3578,Mouse Pad,Accessories,North,Amit,5,382.88
ORD-202604-01257,2026-04-29,CUST-3205,Pen Set,Office,North,Neha,1,290.98
ORD-202604-01258,2026-04-17,,Desk Organizer,Office,West,Karan,2,625.78
ORD-202604-01259,2026-04-30,CUST-4241,Notebook,Office,East,Amit,3,188.98
ORD-202604-01260,2026-04-20,CUST-4947,Notebook,Office,North,Vikram,3,182.06
ORD-202604-01261,2026-05-01,CUST-3939,Office Chair,Furniture,East,Vikram,7,6661.98
ORD-202604-01262,2026-04-17,CUST-3894,Laptop Stand,Accessories,North,Priya,6,1486.77
ORD-202604-01263,2026-04-13,CUST-3120,Headphones,Electronics,West,Neha,2,2408.49
ORD-202604-01264,2026-04-27,CUST-4950,Keyboard,Electronics,Central,Amit,5,1356.08
ORD-202604-01265,2026-04-24,CUST-4068,Headphones,Electronics,Central,Rahul,1,2287.78
ORD-202604-01266,2026-04-12,CUST-0319,Headphones,Electronics,North,Priya,7,2576.94
ORD-202604-01267,2026-04-14,CUST-0348,USB Hub,Accessories,East,Vikram,5,865.52
ORD-202604-01268,2026-04-02,CUST-4644,Wireless Mouse,Electronics,Central,Sneha,3,748.48
ORD-202604-01269,2026-04-12,CUST-4714,Office Chair,Furniture,Central,Priya,5,6625.59
ORD-202604-01270,2026-04-22,CUST-3989,Notebook,Office,Central,Amit,1,187.0
ORD-202604-01271,2026-04-09,CUST-3867,Webcam,Electronics,North,Vikram,2,2036.09
ORD-202604-01272,2026-04-16,CUST-2833,Mouse Pad,Accessories,North,Neha,4,382.68
ORD-202604-01273,2026-04-26,CUST-3307,Keyboard,Electronics,South,Amit,5,1380.27
ORD-202604-01274,2026-04-19,CUST-1766,Webcam,Electronics,Central,Rahul,2,1819.3
ORD-202604-01275,2026-04-11,CUST-3085,Mouse Pad,Accessories,North,Ananya,5,359.4
ORD-202604-01276,2026-04-08,CUST-0723,Monitor Stand,Furniture,East,Ananya,1,1801.83
ORD-202604-01277,2026-04-19,CUST-2717,Pen Set,Office,South,Karan,1,291.09
ORD-202604-01278,2026-04-25,CUST-0344,Mouse Pad,Accessories,West,Karan,1,427.26
ORD-202604-01279,2026-04-27,CUST-1075,Monitor Stand,Furniture,West,Neha,6,2035.67
ORD-202604-01280,2026-04-02,CUST-1800,Monitor Stand,Furniture,Central,Sneha,5,2070.77
ORD-202604-01281,2026-04-10,CUST-3143,Mouse Pad,Accessories,West,Neha,2,392.19
ORD-202604-01282,2026-04-07,,Laptop Stand,Accessories,West,Neha,3,1431.64
ORD-202604-01283,2026-04-20,CUST-2082,Laptop Stand,accessories,East,Priya,6,1541.85
ORD-202604-01284,2026-04-01,CUST-3788,Pen Set,Office,Central,Neha,3,303.75
ORD-202604-01285,2026-04-06,CUST-3698,Office Chair,Furniture,South,Sneha,2,6347.86
ORD-202604-01286,2026-04-22,CUST-1278,Laptop Stand,Accessories,Central,Rahul,3,1514.92
ORD-202604-01287,2026-04-24,CUST-1051,Study Table,Furniture,,Sneha,2,5642.78
ORD-202604-01288,2026-04-24,CUST-1396,Monitor Stand,Furniture,South,Ananya,6,1946.39
ORD-202604-01289,2026-04-03,CUST-0743,Notebook,Office,North,Priya,7,192.71
ORD-202604-01290,2026-04-17,CUST-0923,Webcam,Electronics,West,Sneha,2,2008.16
ORD-202604-01291,2026-04-22,CUST-4653,Webcam,Electronics,West,Karan,7,1849.96
ORD-202604-01292,,CUST-4757,Headphones,Electronics,South,Rahul,4,2392.27
ORD-202604-01293,2026-04-23,CUST-2639,Webcam,Electronics,East,Sneha,5,2007.13
ORD-202604-01294,2026-04-02,CUST-0747,Pen Set,Office,North,Ananya,7,327.99
ORD-202604-01295,2026-04-27,,Wireless Mouse,Electronics,West,Amit,7,748.63
ORD-202604-01296,2026-04-10,CUST-2626,Laptop Stand,Accessories,South,Karan,1,1462.55
ORD-202604-01297,2026-04-27,CUST-1210,Study Table,Furniture,West,Sneha,1,4951.99
ORD-202604-01298,2026-04-12,CUST-1795,Study Table,Furniture,North,Karan,5,5483.31
ORD-202604-01299,2026-04-26,CUST-1898,Wireless Mouse,Electronics,North,Neha,5,764.3
ORD-202604-01300,2026-04-15,CUST-2840,Keyboard,Electronics,East,Vikram,5,1383.6
ORD-202604-01301,2026-04-07,CUST-1771,Webcam,Electronics,South,Karan,2,2056.91
ORD-202604-01302,2026-04-24,CUST-0046,Wireless Mouse,Electronics,North,Neha,3,737.66
ORD-202604-01303,2026-04-21,CUST-1388,Notebook,Office,Central,Neha,4,213.48
ORD-202604-01304,2026-04-30,CUST-4304,Wireless Mouse,Electronics,North,Vikram,6,753.45
ORD-202604-01305,2026-04-09,CUST-4389,Webcam,Electronics,West,Amit,5,1826.06
ORD-202604-01306,2026-04-25,CUST-2016,Webcam,Electronics,Central,Amit,5,2045.51
ORD-202604-01307,2026-04-12,CUST-3959,Study Table,Furniture,South,Karan,3,5350.8
ORD-202604-01308,2026-04-11,CUST-1305,Office Chair,Furniture,Central,Sneha,5,6322.71
ORD-202604-01309,2026-04-08,CUST-1455,Desk Organizer,Office,North,Neha,1,545.31
ORD-202604-01310,2026-04-01,CUST-1565,Study Table,Furniture,West,Priya,1,5320.47
ORD-202604-01311,2026-04-17,CUST-4184,Monitor Stand,Furniture,,Amit,3,2152.69
ORD-202604-01312,2026-05-01,CUST-4839,Study Table,Furniture,Central,Priya,4,5046.62
ORD-202604-01313,2026-04-19,CUST-4749,Monitor Stand,Furniture,South,Neha,3,1877.29
ORD-202604-01314,2026-04-22,CUST-1844,Monitor Stand,furniture,East,Vikram,2,2185.84
ORD-202604-01315,2026-04-22,CUST-3565,Headphones,Electronics,West,Rahul,4,2454.75
ORD-202604-01316,2026-04-10,CUST-2352,Webcam,Electronics,East,Vikram,1,2040.53
ORD-202604-01317,2026-04-29,CUST-4228,Mouse Pad,Accessories,East,Ananya,2,389.69
ORD-202604-01318,2026-04-29,CUST-4320,Notebook,Office,East,Amit,3,199.73
ORD-202604-01319,2026-04-24,CUST-4293,USB Hub,Accessories,North,Vikram,4,979.36
ORD-202604-01320,2026-04-03,CUST-4978,Laptop Stand,Accessories,North,Vikram,1,1635.82
ORD-202604-01321,2026-04-02,CUST-1210,USB Hub,Accessories,Central,Ananya,6,838.86
ORD-202604-01322,2026-04-11,CUST-4866,Desk Organizer,Office,South,Ananya,1,620.18
ORD-202604-01323,2026-05-01,CUST-1084,Desk Organizer,Office,East,Sneha,4,589.92
ORD-202604-01324,2026-04-16,CUST-0673,Study Table,Furniture,East,Neha,7,5113.81
ORD-202604-01325,2026-04-28,CUST-3835,Office Chair,Furniture,North,Priya,7,6335.18
ORD-202604-01326,2026-04-09,CUST-2790,Headphones,Electronics,East,Vikram,7,2502.9
ORD-202604-01327,2026-04-23,CUST-3831,Headphones,Electronics,West,Priya,5,2295.95
ORD-202604-01328,2026-04-04,CUST-2994,Mouse Pad,Accessories,East,Amit,2,433.98
ORD-202604-01329,2026-04-14,CUST-2091,Study Table,Furniture,West,Ananya,5,5223.98
ORD-202604-01330,2026-04-04,CUST-3915,USB Hub,Accessories,South,Sneha,2,888.18
ORD-202604-01331,2026-04-01,CUST-3155,Keyboard,Electronics,Central,Vikram,7,1357.81
ORD-202604-01332,2026-04-21,CUST-2424,Study Table,Furniture,West,Sneha,3,5507.44
ORD-202604-01333,2026-04-08,CUST-2605,Notebook,Office,East,Vikram,1,194.12
ORD-202604-01334,2026-04-30,CUST-2357,Study Table,Furniture,Central,Vikram,1,5641.54
ORD-202604-01335,2026-05-01,CUST-0917,Laptop Stand,Accessories,North,Ananya,1,1408.37
ORD-202604-01336,2026-05-01,CUST-1797,Study Table,Furniture,Central,Vikram,3,5488.83
ORD-202604-01337,2026-04-24,CUST-0594,Wireless Mouse,Electronics,East,Rahul,2,873.01
ORD-202604-01338,2026-04-15,CUST-3654,Desk Organizer,Office,South,Ananya,5,633.11
ORD-202604-01339,2026-04-08,CUST-3490,Monitor Stand,Furniture,West,Vikram,5,1932.91
ORD-202604-01340,2026-04-24,CUST-3271,Study Table,Furniture,South,Sneha,2,5952.82
ORD-202604-01341,2026-04-22,CUST-1476,USB Hub,Accessories,West,Priya,1,966.4
ORD-202604-01342,2026-04-07,CUST-4921,Monitor Stand,Furniture ,Central,Priya,6,1907.63
ORD-202604-01343,2026-04-08,,Monitor Stand,Furniture,East,Ananya,1,2172.59
ORD-202604-01344,2026-04-22,CUST-2935,Keyboard,Electronics,,Neha,7,1295.19
ORD-202604-01345,2026-04-23,CUST-3120,Mouse Pad,Accessories,West,Neha,3,433.54
ORD-202604-01346,2026-04-15,CUST-4595,Study Table,Furniture,North,Neha,1,5553.63
ORD-202604-01347,2026-04-04,CUST-0045,Study Table,Furniture,North,Ananya,5,5055.49
ORD-202604-01348,2026-04-21,CUST-4837,Notebook,Office,South,Priya,4,184.64
ORD-202604-01349,2026-04-05,CUST-2360,Webcam,Electronics,,Neha,7,1898.19
ORD-202604-01350,2026-04-01,CUST-0187,Webcam,Electronics,East,Neha,1,1718.53
ORD-202604-01351,2026-04-29,CUST-1742,Keyboard,Electronics,West,Vikram,3,1368.73
ORD-202604-01352,2026-04-24,CUST-0189,Notebook,Office,North,Sneha,4,191.35
ORD-202604-01353,2026-04-22,CUST-3030,Wireless Mouse,Electronics,Central,Amit,3,724.1
ORD-202604-01354,2026-04-18,CUST-4910,Mouse Pad,Accessories,North,Amit,1,410.86
ORD-202604-01355,2026-04-23,CUST-3167,Headphones,Electronics,Central,Neha,1,2551.81
ORD-202604-01356,2026-04-18,CUST-2998,Notebook,Office,South,Priya,4,184.14
ORD-202604-01357,2026-04-30,CUST-0307,Wireless Mouse,Electronics,Central,Vikram,4,748.07
ORD-202604-01358,2026-04-07,CUST-1416,Laptop Stand,Accessories,East,Ananya,3,1571.98
ORD-202604-01359,2026-04-14,CUST-1352,Laptop Stand,Accessories,Central,Sneha,5,1394.4
ORD-202604-01360,2026-04-12,CUST-2208,Pen Set,Office,West,Priya,7,269.49
ORD-202604-01361,2026-04-13,CUST-4078,Pen Set,Office,East,Priya,1,328.88
ORD-202604-01362,2026-04-02,CUST-2218,Pen Set,Office,Central,Priya,2,286.45
ORD-202604-01363,2026-04-29,CUST-0796,Mouse Pad,Accessories,East,Ananya,4,430.21
ORD-202604-01364,2026-04-11,CUST-0521,Wireless Mouse,Electronics,North,Sneha,1,785.27
ORD-202604-01365,2026-04-19,CUST-0554,Study Table,Furniture,East,Rahul,3,6007.96
ORD-202604-01366,2026-04-09,CUST-4554,Office Chair,Furniture,West,Neha,1,6900.85
ORD-202604-01367,2026-04-04,CUST-1124,Pen Set,Office,West,Sneha,1,313.91
ORD-202604-01368,2026-04-25,CUST-1607,Notebook,Office,South,Priya,1,217.53
ORD-202604-01369,2026-04-14,CUST-2542,Notebook,Office,West,Amit,1,190.34
ORD-202604-01370,2026-04-05,CUST-2745,Study Table,Furniture,East,Vikram,5,4981.76
ORD-202604-01371,2026-04-21,CUST-4100,Laptop Stand,Accessories,South,Vikram,5,1483.6
ORD-202604-01372,2026-04-06,CUST-4348,Pen Set,Office,South,Amit,7,314.63
ORD-202604-01373,2026-04-28,CUST-1078,Monitor Stand,Furniture,West,Vikram,6,2024.59
ORD-202604-01374,2026-04-25,CUST-4448,Monitor Stand,Furniture,East,Priya,5,2133.03
ORD-202604-01375,2026-04-22,CUST-2043,Desk Organizer,Office,East,Priya,7,571.05
ORD-202604-01376,2026-04-19,CUST-0935,Desk Organizer,Office,East,Vikram,5,547.24
ORD-202604-01377,2026-05-01,CUST-2623,Keyboard,Electronics,East,Karan,7,1226.49
ORD-202604-01378,2026-04-21,CUST-0847,USB Hub,Accessories,Central,Priya,5,850.23
ORD-202604-01379,2026-04-01,CUST-1781,Office Chair,Furniture,West,Priya,6,6768.4
ORD-202604-01380,2026-04-05,CUST-0691,Webcam,Electronics,South,Sneha,2,1827.52
ORD-202604-01381,2026-04-21,CUST-3758,Laptop Stand,Accessories,East,Karan,7,1419.32
ORD-202604-01382,2026-04-21,CUST-1170,Pen Set,Office,Central,Priya,7,276.39
ORD-202604-01383,2026-04-12,CUST-4693,Monitor Stand,Furniture,Central,Rahul,1,2007.73
ORD-202604-01384,2026-04-21,CUST-1599,Mouse Pad,Accessories,West,Rahul,7,415.87
ORD-202604-01385,2026-04-12,CUST-0782,Office Chair,Furniture,East,Neha,3,7570.58
ORD-202604-01386,2026-04-15,CUST-3639,USB Hub,Accessories,East,Ananya,2,858.68
ORD-202604-01387,2026-04-06,CUST-2466,Pen Set,Office,West,Karan,6,308.6
ORD-202604-01388,2026-04-30,CUST-0760,Office Chair,Furniture,West,Karan,2,7037.58
ORD-202604-01389,2026-04-20,CUST-1928,Study Table,Furniture,East,Sneha,5,5921.2
ORD-202604-01390,2026-04-09,CUST-1086,Study Table,Furniture,South,Amit,4,5713.53
ORD-202604-01391,2026-04-21,CUST-3412,Study Table,Furniture,West,Ananya,5,5150.31
ORD-202604-01392,2026-04-18,CUST-1889,USB Hub,Accessories,West,Vikram,7,856.99
ORD-202604-01393,2026-04-09,CUST-0495,Keyboard,Electronics,West,Sneha,5,1331.34
ORD-202604-01394,2026-04-05,CUST-0117,Wireless Mouse,Electronics,North,Ananya,5,839.14
ORD-202604-01395,2026-04-22,CUST-4809,Monitor Stand,Furniture,Central,Karan,2,1830.56
ORD-202604-01396,2026-04-12,CUST-1260,Study Table,Furniture,West,,3,5659.98
ORD-202604-01397,2026-04-09,CUST-4094,Webcam,Electronics,West,Karan,2,1773.83
ORD-202604-01398,2026-04-09,CUST-2323,Wireless Mouse,Electronics,South,Amit,3,869.78
ORD-202604-01399,2026-04-05,CUST-3409,Notebook,Office,North,Vikram,1,217.46
ORD-202604-01400,2026-04-22,CUST-2784,USB Hub,Accessories,Central,Sneha,3,963.58
ORD-202604-01401,2026-04-30,CUST-2090,Mouse Pad,Accessories,East,Neha,1,427.77
ORD-202604-01402,2026-04-24,CUST-3172,Laptop Stand,Accessories,East,Amit,7,1637.25
ORD-202604-01403,2026-04-07,CUST-0527,Wireless Mouse,Electronics,North,Amit,2,764.81
ORD-202604-01404,2026-04-27,CUST-1963,Laptop Stand,Accessories,Central,Karan,6,1505.78
ORD-202604-01405,2026-04-15,CUST-0606,USB Hub,Accessories,East,Karan,2,833.18
ORD-202604-01406,2026-04-08,CUST-2813,Pen Set,Office,South,Priya,6,296.38
ORD-202604-01407,2026-04-14,,Webcam,Electronics,South,Sneha,1,1748.85
ORD-202604-01408,2026-04-21,,Study Table,Furniture,South,Vikram,1,5709.79
ORD-202604-01409,2026-04-21,CUST-0074,Office Chair,Furniture,East,Rahul,2,6405.02
ORD-202604-01410,2026-04-16,CUST-3628,Desk Organizer,Office,Central,Rahul,3,642.08
ORD-202604-01411,2026-04-15,CUST-3328,Laptop Stand,Accessories,East,Priya,6,1604.4
ORD-202604-01412,2026-04-17,CUST-2874,USB Hub,Accessories,,Rahul,6,982.72
ORD-202604-01413,2026-04-24,CUST-4467,Monitor Stand,Furniture,West,Amit,4,1809.99
ORD-202604-01414,2026-04-07,CUST-3883,Office Chair,Furniture,East,Rahul,1,7445.0
ORD-202604-01415,2026-04-09,CUST-1672,Notebook,Office ,Central,Priya,6,190.76
ORD-202604-01416,2026-04-22,CUST-1467,Pen Set,Office,North,Ananya,2,280.81
ORD-202604-01417,2026-04-23,CUST-3660,Monitor Stand,Furniture,North,Ananya,5,2099.17
ORD-202604-01418,2026-04-20,CUST-4785,Mouse Pad,accessories,South,Neha,6,368.68
ORD-202604-01419,2026-04-24,CUST-1632,Laptop Stand,Accessories,North,Sneha,2,1611.66
ORD-202604-01420,2026-04-29,CUST-3449,Laptop Stand,Accessories,Central,Sneha,4,1611.52
ORD-202604-01421,2026-04-12,CUST-0994,Study Table,Furniture,East,Karan,6,5560.55
ORD-202604-01422,2026-04-19,CUST-3359,Mouse Pad,Accessories,East,,4,392.83
ORD-202604-01423,2026-04-27,CUST-1422,Laptop Stand,Accessories,East,Neha,3,1615.77
ORD-202604-01424,2026-04-22,CUST-3927,Office Chair,Furniture,West,Amit,3,7296.28
ORD-202604-01425,2026-04-06,CUST-3555,Study Table,Furniture,West,Amit,5,4984.5
ORD-202604-01426,2026-04-11,CUST-0020,Pen Set,Office,South,Priya,1,293.74
ORD-202604-01427,2026-04-19,CUST-3716,Study Table,Furniture,East,Ananya,4,5421.77
ORD-202604-01428,2026-04-06,CUST-0707,Office Chair,Furniture,North,Sneha,7,7497.53
ORD-202604-01429,2026-04-24,CUST-1184,Pen Set,Office,West,Amit,2,321.89
ORD-202604-01430,2026-04-30,CUST-2866,Monitor Stand,Furniture,West,Ananya,2,2016.42
ORD-202604-01431,2026-04-18,CUST-2939,Laptop Stand,Accessories,South,Neha,5,1382.76
ORD-202604-01432,2026-04-19,CUST-3040,Monitor Stand,Furniture,South,Vikram,4,2042.61
ORD-202604-01433,2026-04-22,CUST-1664,Laptop Stand,Accessories,North,Neha,2,1487.14
ORD-202604-01434,2026-04-15,CUST-4486,Study Table,Furniture,East,Sneha,5,5414.23
ORD-202604-01435,2026-04-22,CUST-3151,Desk Organizer,Office,Central,Priya,1,657.02
ORD-202604-01436,2026-05-01,CUST-2662,Desk Organizer,Office,Central,Neha,4,658.4
ORD-202604-01437,2026-04-10,CUST-3690,Monitor Stand,Furniture,West,Ananya,1,1962.86
ORD-202604-01438,2026-04-09,CUST-1342,Monitor Stand,Furniture,South,Rahul,6,2172.75
ORD-202604-01439,2026-04-15,CUST-2136,Study Table,Furniture,North,Sneha,7,5218.12
ORD-202604-01440,2026-04-22,CUST-2447,Mouse Pad,Accessories,South,Amit,1,374.54
ORD-202604-01441,2026-04-24,CUST-0594,Mouse Pad,Accessories,North,Vikram,5,411.51
ORD-202604-01442,2026-04-07,CUST-1578,Keyboard,Electronics,North,Rahul,3,1299.12
ORD-202604-01443,2026-04-30,CUST-4049,Laptop Stand,Accessories,North,Amit,1,1572.68
ORD-202604-01444,2026-04-14,CUST-3402,Office Chair,Furniture ,North,Neha,5,6452.92
ORD-202604-01445,2026-04-16,CUST-4584,Notebook,Office,North,Vikram,7,198.3
ORD-202604-01446,2026-04-12,CUST-3061,Headphones,Electronics,East,Amit,1,2589.85
ORD-202604-01447,2026-04-02,CUST-0278,Laptop Stand,Accessories,Central,Ananya,2,1499.32
ORD-202604-01448,2026-04-24,CUST-0948,Mouse Pad,Accessories,North,Karan,7,381.95
ORD-202604-01449,2026-04-15,CUST-1636,Webcam,Electronics,Central,Amit,1,1899.31
ORD-202604-01450,2026-04-15,CUST-1857,Study Table,Furniture,South,Vikram,3,5592.75
ORD-202604-01451,2026-04-17,CUST-4907,Office Chair,Furniture,West,Sneha,7,7069.49
ORD-202604-01452,2026-04-11,CUST-3384,Office Chair,Furniture,Central,Sneha,5,7091.23
ORD-202604-01453,2026-04-05,CUST-4348,Office Chair, Furniture,East,Neha,2,6918.92
ORD-202604-01454,2026-04-10,CUST-4722,Laptop Stand,Accessories,,Ananya,1,1448.34
ORD-202604-01455,2026-04-17,CUST-2950,Keyboard,Electronics,North,Rahul,4,1187.39
ORD-202604-01456,2026-04-26,CUST-1979,Webcam,Electronics,West ,Ananya,4,1726.75
ORD-202604-01457,2026-04-14,CUST-2585,Keyboard,Electronics,East,Priya,4,1307.78
ORD-202604-01458,2026-04-07,CUST-3611,Notebook,Office,South,Ananya,2,213.28
ORD-202604-01459,2026-04-09,CUST-3693,Webcam,Electronics,East,Neha,7,2007.5
ORD-202604-01460,2026-04-15,CUST-2110,Desk Organizer,Office,South,Ananya,3,603.34
ORD-202604-01461,2026-04-29,CUST-0502,Office Chair,Furniture,North,Karan,7,7194.27
ORD-202604-01462,2026-04-14,CUST-1904,Desk Organizer,Office,East,Neha,7,656.08
ORD-202604-01463,2026-04-09,CUST-2224,Webcam,Electronics,North,Rahul,2,2076.46
ORD-202604-01464,2026-04-15,CUST-3166,Desk Organizer,Office,South,Ananya,6,658.28
ORD-202604-01465,2026-04-29,CUST-2937,Headphones,Electronics,East,Neha,4,2257.34
ORD-202604-01466,2026-04-21,CUST-4802,Wireless Mouse,Electronics,North,Karan,5,820.77
ORD-202604-01467,2026-04-23,CUST-3411,Pen Set,Office,Central,Neha,4,313.66
ORD-202604-01468,2026-04-28,CUST-1610,Desk Organizer,Office,Central,Karan,7,551.45
ORD-202604-01469,2026-04-01,CUST-3967,Office Chair,Furniture,North,Sneha,5,6807.56
ORD-202604-01470,2026-04-05,CUST-2220,Pen Set,Office,North,Ananya,2,278.97
ORD-202604-01471,2026-04-08,CUST-1699,Mouse Pad,Accessories,South,Vikram,6,389.79
ORD-202604-01472,2026-04-23,CUST-0270,USB Hub,Accessories,West,Karan,1,888.43
ORD-202604-01473,2026-04-07,CUST-3858,Desk Organizer,Office,North,Karan,6,560.47
ORD-202604-01474,2026-04-05,CUST-3148,Monitor Stand,furniture,West,Priya,6,1997.43
ORD-202604-01475,2026-04-14,CUST-0354,USB Hub,Accessories,West,Neha,4,842.83
ORD-202604-01476,2026-04-01,CUST-1878,USB Hub,Accessories,South,,1,974.93
ORD-202604-01477,2026-04-28,CUST-2093,Webcam,Electronics,East,Karan,3,1773.47
ORD-202604-01478,2026-04-01,CUST-0599,Wireless Mouse,Electronics,North,Vikram,6,801.01
ORD-202604-01479,2026-04-05,CUST-3843,Desk Organizer,Office,South,Amit,6,580.35
ORD-202604-01480,2026-04-28,CUST-3099,Wireless Mouse,Electronics,Central,Priya,4,786.66
ORD-202604-01481,2026-05-01,CUST-1105,Wireless Mouse,Electronics,North,Rahul,4,781.32
ORD-202604-01482,2026-04-27,CUST-3401,USB Hub,Accessories,North,Ananya,2,-100.0
ORD-202604-01483,2026-04-16,CUST-2829,Pen Set,Office,East,Vikram,4,308.78
ORD-202604-01484,2026-04-11,CUST-0618,Pen Set,Office,East,Karan,5,272.01
ORD-202604-01485,2026-04-29,CUST-2907,Monitor Stand,Furniture,West,Neha,7,2132.97
ORD-202604-01486,2026-04-21,CUST-2998,Monitor Stand,Furniture,North,Amit,4,2017.16
ORD-202604-01487,2026-04-02,CUST-0934,Laptop Stand,Accessories,East,Rahul,1,1384.03
ORD-202604-01488,2026-04-05,CUST-4221,USB Hub,Accessories,East,Ananya,2,893.89
ORD-202604-01489,2026-04-28,CUST-3738,Laptop Stand,Accessories,East,Rahul,4,1389.12
ORD-202604-01490,2026-04-24,CUST-2708,Notebook,Office,North ,Amit,6,201.29
ORD-202604-01491,2026-04-03,CUST-3582,Notebook,Office,Central,Karan,5,193.85
ORD-202604-01492,2026-05-01,CUST-3983,Office Chair,Furniture,Central,Amit,3,6392.61
ORD-202604-01493,2026-04-18,CUST-2531,Laptop Stand,Accessories,East,Ananya,7,1545.04
ORD-202604-01494,2026-04-30,CUST-2462,Desk Organizer,Office,South,Priya,2,567.06
ORD-202604-01495,2026-04-30,CUST-2072,Keyboard,Electronics,South,Karan,1,1368.2
ORD-202604-01496,2026-04-20,CUST-1162,Study Table,Furniture,West,Priya,5,5943.11
ORD-202604-01497,2026-04-02,CUST-2761,Keyboard,Electronics,North,Vikram,1,1232.17
ORD-202604-01498,2026-04-14,CUST-0773,Pen Set,Office,South,Karan,3,287.39
ORD-202604-01499,2026-04-28,CUST-0163,Keyboard,Electronics,North,Priya,2,1181.2
ORD-202604-01500,2026-04-12,CUST-1152,Monitor Stand,Furniture,East,Vikram,3,1991.61
ORD-202604-01501,2026-04-10,CUST-0513,Study Table,Furniture,East,Karan,3,5873.25
ORD-202604-01502,2026-04-09,CUST-3208,Pen Set,Office,West,Amit,4,275.69
ORD-202604-01503,2026-04-21,CUST-0826,USB Hub,Accessories,Central,Neha,7,839.26
ORD-202604-01504,2026-04-03,CUST-1460,Keyboard,Electronics,West,Sneha,5,1362.55
ORD-202604-01505,2026-04-14,CUST-2139,Monitor Stand,Furniture,North,Karan,2,2054.22
ORD-202604-01506,2026-04-07,CUST-2735,Laptop Stand,Accessories,Central,Neha,1,1408.86
ORD-202604-01507,2026-04-28,CUST-0803,Keyboard,Electronics,South,Amit,3,1213.59
ORD-202604-01508,2026-04-18,CUST-4019,Mouse Pad,Accessories,South,Vikram,7,364.72
ORD-202604-01509,2026-04-09,CUST-0610,Wireless Mouse,Electronics,East,Amit,4,721.92
ORD-202604-01510,2026-04-09,CUST-0494,Office Chair,Furniture,East,Ananya,3,6890.64
ORD-202604-01511,2026-04-23,CUST-0780,USB Hub,Accessories,Central,Rahul,2,828.49
ORD-202604-01512,2026-04-23,CUST-0587,Webcam,Electronics,Central,Karan,2,1820.04
ORD-202604-01513,2026-04-28,CUST-0714,Webcam,Electronics,North,Neha,4,2041.02
ORD-202604-01514,2026-04-24,CUST-3683,Mouse Pad,Accessories,South,Vikram,1,363.04
ORD-202604-01515,2026-04-05,CUST-3051,Keyboard,Electronics,East,Priya,4,1376.1
ORD-202604-01516,2026-04-15,CUST-0151,Headphones,Electronics,South,Ananya,7,2439.84
ORD-202604-01517,2026-04-01,CUST-2942,Laptop Stand,Accessories,South,Neha,1,1472.58
ORD-202604-01518,2026-04-29,CUST-1035,Laptop Stand,Accessories,South,Amit,1,1640.71
ORD-202604-01519,2026-04-24,CUST-0398,Wireless Mouse,Electronics,South,Ananya,2,809.94
ORD-202604-01520,2026-04-26,CUST-2161,Webcam,Electronics,South,Amit,5,1723.01
ORD-202604-01521,2026-04-23,CUST-4090,Laptop Stand,Accessories,West,Sneha,1,1587.09
ORD-202604-01522,2026-04-03,CUST-4838,Monitor Stand,Furniture,North,Rahul,1,2020.8
ORD-202604-01523,2026-04-21,CUST-0386,Study Table,Furniture,Central,Neha,1,5803.72
ORD-202604-01524,2026-04-25,CUST-2620,Study Table,Furniture,North,Vikram,7,5115.41
ORD-202604-01525,2026-04-20,CUST-2480,Headphones,Electronics,Central,Ananya,1,2380.31
ORD-202604-01526,2026-04-26,CUST-0713,Desk Organizer,Office,north,Sneha,7,648.18
ORD-202604-01527,2026-04-19,CUST-2982,Wireless Mouse,Electronics,Central,Neha,5,787.79
ORD-202604-01528,2026-04-11,CUST-2918,Keyboard,Electronics,South,Priya,2,1301.78
ORD-202604-01529,2026-04-13,CUST-0160,Wireless Mouse,Electronics,North,Sneha,7,821.87
ORD-202604-01530,2026-04-16,CUST-1883,Monitor Stand,Furniture,Central,Sneha,1,2010.31
ORD-202604-01531,2026-04-10,CUST-4599,Webcam,Electronics,North,Neha,2,1994.19
ORD-202604-01532,2026-04-03,CUST-0291,Headphones,Electronics,West,Rahul,1,2360.64
ORD-202604-01533,2026-04-16,CUST-0452,Keyboard,electronics,West,Ananya,3,1408.33
ORD-202604-01534,2026-04-09,,Wireless Mouse,Electronics,South,Karan,7,727.68
ORD-202604-01535,2026-04-16,CUST-4885,Keyboard,Electronics,Central,Amit,4,1298.87
ORD-202604-01536,2026-04-30,CUST-3179,Wireless Mouse,Electronics,Central,Rahul,5,878.52
ORD-202604-01537,2026-04-21,CUST-3340,Notebook,Office,North,Rahul,2,205.32
ORD-202604-01538,2026-04-29,CUST-4803,Webcam,Electronics,East,Neha,7,1892.23
ORD-202604-01539,2026-04-26,CUST-0294,Monitor Stand,Furniture,West,Vikram,7,2179.93
ORD-202604-01540,2026-04-22,CUST-3628,Headphones,Electronics,North,Ananya,4,2288.08
ORD-202604-01541,2026-04-05,CUST-4571,Headphones,Electronics,Central,Karan,4,2460.21
ORD-202604-01542,2026-04-01,CUST-3903,Headphones,Electronics,West,Sneha,6,2700.7
ORD-202604-01543,2026-04-05,CUST-1072,Laptop Stand,Accessories,East,Neha,4,1553.04
ORD-202604-01544,2026-04-01,CUST-4560,Webcam,Electronics,Central,Priya,7,1849.03
ORD-202604-01545,2026-04-16,CUST-2292,Monitor Stand,Furniture,West,Amit,3,2189.93
ORD-202604-01546,2026-04-19,CUST-1618,Study Table,Furniture,North,Karan,2,5784.0
ORD-202604-01547,2026-04-18,CUST-1038,Keyboard,Electronics,West,Priya,2,1423.01
ORD-202604-01548,2026-04-08,CUST-2828,Study Table,Furniture,Central,Sneha,1,5591.03
ORD-202604-01549,2026-04-14,CUST-0793,Monitor Stand,Furniture,East,Rahul,7,1802.37
ORD-202604-01550,2026-04-21,CUST-4857,Study Table,Furniture,East,Neha,2,6018.04
ORD-202604-01551,2026-04-10,CUST-1230,Study Table,Furniture,North,Ananya,4,5855.41
ORD-202604-01552,2026-04-03,CUST-2765,Office Chair,Furniture,East,Amit,4,7069.4
ORD-202604-01553,2026-04-06,CUST-0207,Webcam,Electronics,North,Priya,1,1770.21
ORD-202604-01554,2026-05-01,CUST-0654,Pen Set,Office,North,Vikram,5,321.78
ORD-202604-01555,2026-04-07,CUST-4279,Webcam,Electronics,North,Neha,2,1951.17
ORD-202604-01556,2026-04-04,CUST-4791,Notebook,Office,South,Priya,7,179.22
ORD-202604-01557,2026-04-26,CUST-2063,Wireless Mouse,Electronics,West,Rahul,4,798.01
ORD-202604-01558,2026-04-11,CUST-1765,Monitor Stand,Furniture,South,Amit,6,2191.83
ORD-202604-01559,2026-04-30,CUST-3251,Wireless Mouse,Electronics,West,Karan,4,812.74
ORD-202604-01560,2026-04-04,CUST-1261,Laptop Stand,Accessories,Central,Vikram,1,1562.18
ORD-202604-01561,2026-04-02,CUST-1426,Keyboard,Electronics,Central,Sneha,6,1340.06
ORD-202604-01562,2026-04-12,CUST-3153,Desk Organizer,Office,West,Rahul,7,601.24
ORD-202604-01563,2026-04-28,CUST-2434,Pen Set,Office,East,Karan,4,310.49
ORD-202604-01564,2026-04-11,CUST-1763,Wireless Mouse,Electronics,Central,Rahul,6,750.38
ORD-202604-01565,2026-04-23,CUST-1386,Notebook,Office,South,Rahul,3,192.55
ORD-202604-01566,2026-04-21,CUST-2057,Keyboard,Electronics,West,Sneha,2,1400.17
ORD-202604-01567,2026-04-03,CUST-4245,Pen Set,Office,Central,,6,285.24
ORD-202604-01568,2026-04-27,CUST-1079,Notebook,Office,Central,Amit,7,195.69
ORD-202604-01569,2026-04-04,CUST-1193,Wireless Mouse,Electronics,South,Vikram,3,735.62
ORD-202604-01570,2026-04-26,CUST-0190,Study Table,Furniture,North,Neha,2,5972.45
ORD-202604-01571,2026-04-04,CUST-0949,Wireless Mouse,Electronics,Central,Karan,2,762.14
ORD-202604-01572,2026-04-23,CUST-0365,Study Table,Furniture,Central,Ananya,4,5588.05
ORD-202604-01573,2026-04-28,CUST-3124,Desk Organizer,Office,West,Karan,5,586.87
ORD-202604-01574,2026-05-01,CUST-1385,Wireless Mouse,Electronics,Central,Vikram,6,774.51
ORD-202604-01575,2026-04-21,CUST-3395,Laptop Stand,Accessories,East,Priya,2,1399.53
ORD-202604-01576,2026-04-02,CUST-2115,Webcam,Electronics,East,Ananya,1,2087.39
ORD-202604-01577,2026-04-02,CUST-3703,Study Table,Furniture,South,Vikram,6,5267.15
ORD-202604-01578,2026-04-25,CUST-4133,Study Table,Furniture,West,Karan,5,5385.09
ORD-202604-01579,2026-04-15,CUST-0122,Laptop Stand,Accessories,Central,Amit,3,1406.88
ORD-202604-01580,2026-04-05,CUST-1072,Notebook,Office,West,Rahul,4,204.08
ORD-202604-01581,2026-04-09,CUST-4201,Headphones,Electronics,North,Priya,2,2292.17
ORD-202604-01582,2026-04-19,CUST-3272,Headphones,Electronics,north,Neha,4,2580.44
ORD-202604-01583,2026-04-03,CUST-0150,Webcam,Electronics,Central,Sneha,3,1900.17
ORD-202604-01584,2026-04-26,CUST-4631,USB Hub,Accessories,South,Rahul,5,925.52
ORD-202604-01585,2026-04-25,,Wireless Mouse,Electronics,West,Amit,7,719.85
ORD-202604-01586,2026-04-21,CUST-2033,Office Chair,Furniture,Central,,1,7241.84
ORD-202604-01587,2026-04-18,CUST-2501,Desk Organizer,Office,East,Ananya,7,544.57
ORD-202604-01588,2026-04-04,CUST-4895,Office Chair,Furniture,South,Rahul,1,7583.41
ORD-202604-01589,2026-04-13,CUST-4953,Desk Organizer,Office,Central,Priya,2,634.15
ORD-202604-01590,2026-04-06,CUST-3188,Study Table,Furniture,North,Rahul,2,5085.37
ORD-202604-01591,,CUST-2881,Keyboard,Electronics, East,Ananya,1,1313.62
ORD-202604-01592,2026-04-28,CUST-4786,Wireless Mouse,Electronics,West,Neha,2,872.01
ORD-202604-01593,2026-04-28,CUST-1150,USB Hub,Accessories,North,Rahul,6,852.72
ORD-202604-01594,2026-04-29,CUST-1475,Laptop Stand,Accessories,South,Karan,4,1370.89
ORD-202604-01595,2026-04-11,CUST-3017,Office Chair,Furniture,North,Vikram,4,6890.55
ORD-202604-01596,2026-04-24,CUST-3276,Webcam,Electronics,Central,Rahul,5,1761.59
ORD-202604-01597,2026-04-14,CUST-1603,USB Hub,Accessories,East,Karan,2,948.9
ORD-202604-01598,2026-04-10,CUST-0795,Webcam,Electronics,East,Neha,1,2055.53
ORD-202604-01599,2026-04-24,CUST-2901,Office Chair,Furniture,Central,Priya,3,6928.46
ORD-202604-01600,2026-04-08,CUST-4568,USB Hub,Accessories,Central,Neha,6,988.52
ORD-202604-01601,2026-04-21,CUST-0173,Pen Set,Office,,Karan,2,280.47
ORD-202604-01602,2026-04-03,CUST-1689,USB Hub,Accessories,West,Rahul,6,974.12
ORD-202604-01603,2026-04-19,CUST-4071,Desk Organizer,Office,North,Priya,1,577.85
ORD-202604-01604,2026-04-15,CUST-0794,USB Hub,Accessories,West,Neha,1,971.26
ORD-202604-01605,2026-04-03,CUST-4183,Study Table,Furniture,Central,Sneha,3,5943.84
ORD-202604-01606,2026-04-13,CUST-2647,USB Hub,Accessories,East,Karan,2,871.83
ORD-202604-01607,2026-04-29,CUST-0287,Laptop Stand,Accessories,West,Sneha,4,1355.18
ORD-202604-01608,2026-04-08,CUST-0837,Laptop Stand,Accessories,North,Rahul,3,1439.83
ORD-202604-01609,2026-04-13,CUST-0377,Office Chair,Furniture,North,Karan,4,6909.88
ORD-202604-01610,2026-04-21,CUST-1401,Monitor Stand,Furniture,North,Neha,5,2192.43
ORD-202604-01611,2026-04-04,CUST-1228,Notebook,Office,West,Rahul,2,206.55
ORD-202604-01612,2026-04-07,CUST-1908,Notebook,Office,West,Neha,1,204.37
ORD-202604-01613,2026-04-10,CUST-2777,Monitor Stand,Furniture,East,Ananya,1,2057.04
ORD-202604-01614,2026-04-03,CUST-0735,Mouse Pad,Accessories,West,Ananya,3,390.72
ORD-202604-01615,2026-04-15,CUST-4952,Study Table,Furniture,North,Karan,6,5707.55
ORD-202604-01616,2026-04-14,CUST-0202,Webcam,Electronics,South,Vikram,7,1815.32
ORD-202604-01617,2026-04-06,CUST-3572,Keyboard,Electronics,North,Priya,6,1364.55
ORD-202604-01618,2026-04-23,CUST-1875,Webcam,Electronics,East,Priya,4,1956.67
ORD-202604-01619,2026-04-18,CUST-1056,Keyboard,Electronics,South,Priya,4,1362.99
ORD-202604-01620,,CUST-1037,Desk Organizer,Office,South,Rahul,2,557.23
ORD-202604-01621,,CUST-3892,Keyboard,Electronics,West,Amit,3,1312.58
ORD-202604-01622,2026-04-19,CUST-3357,USB Hub,Accessories,West,Priya,5,843.57
ORD-202604-01623,2026-04-10,CUST-3596,Desk Organizer,Office,East,Ananya,1,576.46
ORD-202604-01624,2026-04-03,CUST-0002,Laptop Stand,Accessories,Central,Amit,3,1586.51
ORD-202604-01625,2026-04-24,CUST-4372,Study Table,Furniture,Central,Vikram,5,5408.13
ORD-202604-01626,2026-04-09,CUST-3239,Headphones,Electronics,East,Priya,7,2274.01
ORD-202604-01627,2026-04-20,CUST-0512,Desk Organizer,Office,South,Priya,6,645.97
ORD-202604-01628,2026-04-26,CUST-2717,Monitor Stand,Furniture,West,Amit,7,1842.01
ORD-202604-01629,2026-04-03,CUST-3874,Laptop Stand,Accessories,East,Vikram,5,1498.19
ORD-202604-01630,2026-04-05,CUST-2617,Laptop Stand,Accessories,South,Amit,2,1491.61
ORD-202604-01631,2026-04-09,CUST-3369,Desk Organizer,Office,Central,Sneha,2,586.91
ORD-202604-01632,2026-04-21,CUST-2539,Headphones,Electronics,East,Priya,7,2251.69
ORD-202604-01633,2026-04-01,CUST-0295,Pen Set,Office,North,Rahul,5,284.3
ORD-202604-01634,2026-04-01,CUST-2712,Desk Organizer,Office,West,Rahul,6,557.74
ORD-202604-01635,2026-04-26,CUST-3724,Monitor Stand,Furniture,East,Amit,4,1864.5
ORD-202604-01636,2026-04-18,CUST-2533,Study Table,Furniture,North,Priya,-1,5088.12
ORD-202604-01637,2026-04-05,CUST-4926,Webcam,Electronics,West,Neha,5,2022.07
ORD-202604-01638,2026-04-08,CUST-2232,Desk Organizer,Office,North,Neha,6,551.19
ORD-202604-01639,2026-04-17,CUST-3391,Office Chair,Furniture,West,Neha,2,6765.27
ORD-202604-01640,2026-04-07,CUST-1700,Laptop Stand,Accessories,West,Rahul,2,1522.93
ORD-202604-01641,2026-04-05,CUST-0015,Study Table,Furniture,West,Sneha,4,4994.07
ORD-202604-01642,2026-04-16,CUST-1816,Desk Organizer,Office,West,Karan,1,602.0
ORD-202604-01643,2026-04-03,CUST-3610,USB Hub,Accessories,North,Rahul,1,892.49
ORD-202604-01644,2026-05-01,CUST-0486,Laptop Stand,Accessories,West,Amit,6,1606.35
ORD-202604-01645,2026-04-24,CUST-0910,Keyboard,Electronics,West,Neha,7,1199.26
ORD-202604-01646,2026-04-08,CUST-1972,Mouse Pad,Accessories,North,Ananya,3,363.77
ORD-202604-01647,2026-04-30,CUST-4317,Keyboard,Electronics,Central,Karan,1,1207.33
ORD-202604-01648,2026-04-18,CUST-2452,Keyboard,Electronics,East,Amit,7,1292.84
ORD-202604-01649,2026-04-08,CUST-0309,Pen Set,Office,West,,7,275.38
ORD-202604-01650,2026-04-12,CUST-3817,Webcam,Electronics,East,Sneha,4,1942.95
ORD-202604-01651,2026-04-24,CUST-2789,Notebook,Office,West,Rahul,7,210.68
ORD-202604-01652,2026-04-22,CUST-2192,Mouse Pad,Accessories,Central,Ananya,5,403.43
ORD-202604-01653,2026-04-12,CUST-1319,Notebook,Office,North,Karan,5,193.37
ORD-202604-01654,2026-04-29,CUST-3850,Wireless Mouse,Electronics,West,Karan,6,790.48
ORD-202604-01655,2026-04-03,CUST-4569,Notebook,Office,West,Sneha,2,188.75
ORD-202604-01656,2026-04-14,CUST-3897,Desk Organizer,Office,East,Amit,6,641.18
ORD-202604-01657,2026-04-09,CUST-0376,Office Chair,Furniture,Central,Rahul,2,6751.96
ORD-202604-01658,2026-04-29,CUST-1634,USB Hub,Accessories,South,Vikram,2,963.48
ORD-202604-01659,2026-04-06,CUST-4219,USB Hub,Accessories,Central,Priya,1,982.77
ORD-202604-01660,2026-04-29,CUST-2481,Mouse Pad,Accessories,South,Amit,2,379.5
ORD-202604-01661,2026-04-24,CUST-3075,Pen Set,Office,East,Vikram,6,320.4
ORD-202604-01662,2026-04-28,CUST-1630,USB Hub,Accessories,North,Rahul,7,959.49
ORD-202604-01663,2026-04-12,CUST-2314,Pen Set,Office,North,Priya,1,305.66
ORD-202604-01664,2026-04-08,CUST-0363,Desk Organizer,Office,West,Sneha,3,638.99
ORD-202604-01665,2026-04-06,CUST-1769,Desk Organizer,Office,South,Neha,2,590.08
ORD-202604-01666,2026-04-22,CUST-4274,Pen Set,Office,East,Rahul,5,305.15
ORD-202604-01667,2026-04-04,CUST-4297,Monitor Stand,Furniture,South,Sneha,7,1961.31
ORD-202604-01668,2026-04-11,CUST-4103,Desk Organizer,Office,North,Vikram,1,658.77
ORD-202604-01669,2026-04-14,CUST-3594,Monitor Stand,Furniture,West,Priya,3,2011.74
ORD-202604-01670,2026-04-06,CUST-0425,Webcam,Electronics,East,Vikram,5,1799.21
ORD-202604-01671,2026-04-15,CUST-1096,Pen Set,Office,Central,Karan,7,309.17
ORD-202604-01672,2026-04-15,,Pen Set,Office,West,Rahul,2,314.43
ORD-202604-01673,2026-04-05,CUST-0904,Laptop Stand,Accessories,Central,Rahul,4,1607.33
ORD-202604-01674,2026-04-15,CUST-4226,Mouse Pad,Accessories,North,Amit,6,360.11
ORD-202604-01675,2026-04-18,CUST-3019,USB Hub,Accessories,South,Vikram,6,943.46
ORD-202604-01676,2026-04-21,CUST-0200,Wireless Mouse,Electronics,West,Karan,6,803.88
ORD-202604-01677,2026-04-08,CUST-2715,Laptop Stand,Accessories,,Amit,6,1566.9
ORD-202604-01678,2026-04-10,CUST-1954,Wireless Mouse,Electronics,East,Ananya,5,803.37
ORD-202604-01679,2026-04-29,CUST-4467,Study Table,Furniture,North,Amit,1,5311.68
ORD-202604-01680,2026-04-03,,Notebook,Office,North,Sneha,2,180.5
ORD-202604-01681,2026-04-10,CUST-4961,Notebook,Office,South,Priya,6,191.85
ORD-202604-01682,2026-04-09,CUST-2376,Notebook,Office,Central,Vikram,2,205.21
ORD-202604-01683,2026-04-08,CUST-0938,Laptop Stand,Accessories,North,Sneha,5,1352.01
ORD-202604-01684,2026-04-26,CUST-0770,Office Chair,Furniture,North,Amit,-1,7588.98
ORD-202604-01685,2026-04-28,CUST-1101,USB Hub,Accessories,East,Vikram,5,880.9
ORD-202604-01686,2026-04-27,CUST-0170,Desk Organizer,Office,North,Neha,3,546.64
ORD-202604-01687,2026-04-06,CUST-0254,Mouse Pad,Accessories,North,Amit,5,429.48
ORD-202604-01688,2026-04-03,CUST-0105,USB Hub,Accessories,East,Rahul,3,841.59
ORD-202604-01689,2026-04-28,CUST-4702,Webcam,Electronics,Central,Ananya,6,1731.24
ORD-202604-01690,2026-04-07,CUST-4744,USB Hub,Accessories,North,Sneha,4,823.21
ORD-202604-01691,2026-04-25,CUST-4115,Webcam,Electronics,South,Ananya,6,1909.64
ORD-202604-01692,2026-04-02,CUST-0336,USB Hub,Accessories,North,Priya,7,860.51
ORD-202604-01693,2026-04-19,CUST-0519,Laptop Stand,Accessories,North,Vikram,3,1601.48
ORD-202604-01694,2026-04-16,CUST-1091,Monitor Stand,Furniture,West,Neha,6,2017.22
ORD-202604-01695,2026-04-27,CUST-3566,USB Hub,Accessories,north,Rahul,4,859.1
ORD-202604-01696,2026-04-06,CUST-3131,Pen Set,Office,North,Sneha,3,304.04
ORD-202604-01697,2026-04-03,CUST-2180,Laptop Stand,Accessories,North,Priya,5,1632.12
ORD-202604-01698,2026-04-25,CUST-3193,Laptop Stand,Accessories,Central,Amit,6,1607.64
ORD-202604-01699,2026-04-12,CUST-4675,Laptop Stand,Accessories,Central,Priya,3,1390.02
ORD-202604-01700,2026-04-26,,Desk Organizer,Office,Central,Ananya,3,643.56
ORD-202604-01701,2026-04-09,CUST-1323,Headphones,Electronics,North,Rahul,3,2432.15
ORD-202604-01702,2026-04-16,CUST-2728,Notebook,Office,Central,Ananya,3,194.4
ORD-202604-01703,2026-04-17,CUST-1869,Mouse Pad,Accessories,Central,Neha,2,399.32
ORD-202604-01704,2026-04-15,CUST-2293,Notebook,Office,West,Neha,1,209.67
ORD-202604-01705,2026-04-20,CUST-0165,Keyboard,Electronics,West,Rahul,3,1278.87
ORD-202604-01706,2026-04-17,CUST-1119,Study Table,Furniture,East,Amit,-1,5676.13
ORD-202604-01707,2026-04-14,CUST-0982,Webcam,Electronics,South,Rahul,7,1773.72
ORD-202604-01708,2026-04-08,CUST-4027,Notebook,Office,West,Karan,2,190.84
ORD-202604-01709,2026-04-06,CUST-3723,Laptop Stand,Accessories,South,Sneha,3,1633.26
ORD-202604-01710,2026-04-22,CUST-4829,Study Table,Furniture,East,Amit,2,5411.08
ORD-202604-01711,2026-04-29,CUST-4595,Monitor Stand,Furniture,West,Vikram,7,2089.51
ORD-202604-01712,2026-04-21,CUST-1473,Mouse Pad,Accessories,Central,Karan,3,365.45
ORD-202604-01713,2026-04-05,CUST-3127,Study Table,Furniture,Central,Ananya,1,4982.43
ORD-202604-01714,2026-04-05,CUST-1030,Desk Organizer,Office,North,Vikram,6,545.41
ORD-202604-01715,2026-04-13,CUST-3769,Monitor Stand,Furniture,North,Neha,2,2079.53
ORD-202604-01716,2026-04-10,CUST-1821,Mouse Pad,Accessories,North,Priya,7,363.63
ORD-202604-01717,2026-04-07,CUST-2598,Pen Set,Office,South,Priya,4,305.1
ORD-202604-01718,2026-04-15,CUST-4415,Notebook,Office,West,Vikram,4,189.08
ORD-202604-01719,2026-04-16,CUST-2909,Desk Organizer,Office,West,Ananya,4,555.92
ORD-202604-01720,2026-04-29,,USB Hub,Accessories,North,Ananya,7,933.65
ORD-202604-01721,2026-04-25,CUST-0714,USB Hub,Accessories,Central,Neha,2,906.9
ORD-202604-01722,2026-04-06,CUST-3757,Pen Set,Office,Central,Neha,3,322.4
ORD-202604-01723,2026-04-18,CUST-2254,Study Table,Furniture,West,Karan,1,5748.9
ORD-202604-01724,2026-04-03,CUST-4515,Wireless Mouse,Electronics,North,Karan,5,770.67
ORD-202604-01725,2026-05-01,CUST-1475,Monitor Stand,Furniture,West,Priya,5,1849.7
ORD-202604-01726,2026-04-05,CUST-1162,Pen Set,Office,West,Sneha,7,307.21
ORD-202604-01727,2026-04-30,CUST-3148,Wireless Mouse,Electronics,South,Amit,5,774.62
ORD-202604-01728,2026-04-08,CUST-4318,Mouse Pad,Accessories,West,Ananya,4,372.31
ORD-202604-01729,2026-05-01,CUST-0568,Study Table,Furniture,North,Karan,5,5579.33
ORD-202604-01730,2026-04-19,CUST-4587,Desk Organizer,Office,South,Amit,4,618.37
ORD-202604-01731,2026-04-18,CUST-2868,Notebook,Office,North,Neha,7,190.47
ORD-202604-01732,2026-04-01,CUST-3482,Wireless Mouse,Electronics,West,Rahul,1,834.43
ORD-202604-01733,2026-04-23,CUST-4264,USB Hub,Accessories,West,Amit,3,821.34
ORD-202604-01734,2026-04-02,CUST-2035,Webcam,Electronics,Central,Sneha,7,1986.24
ORD-202604-01735,2026-04-17,CUST-4420,Office Chair,Furniture,East,Vikram,5,6447.03
ORD-202604-01736,2026-04-28,CUST-4540,Notebook,Office,Central,Rahul,2,206.59
ORD-202604-01737,2026-04-24,CUST-3673,Webcam,Electronics,South,Amit,6,1874.39
ORD-202604-01738,2026-04-04,CUST-0179,Mouse Pad,Accessories,North,Priya,4,371.22
ORD-202604-01739,2026-04-06,CUST-2896,Pen Set,Office,Central,Neha,5,270.36
ORD-202604-01740,2026-04-11,CUST-1420,Keyboard,Electronics,North,Priya,6,1388.72
ORD-202604-01741,2026-04-23,CUST-0458,Mouse Pad,Accessories,Central,Amit,6,429.3
ORD-202604-01742,2026-04-12,CUST-0480,Wireless Mouse,Electronics,South,Karan,4,778.23
ORD-202604-01743,2026-04-19,CUST-4493,Headphones,Electronics,South,Amit,6,2578.63
ORD-202604-01744,2026-04-25,CUST-1919,USB Hub,Accessories,North,Priya,6,965.47
ORD-202604-01745,2026-04-22,CUST-0502,Notebook,Office,South,Rahul,4,182.67
ORD-202604-01746,2026-04-29,CUST-3706,USB Hub,Accessories,North,Neha,6,900.08
ORD-202604-01747,2026-04-27,CUST-3168,Monitor Stand,Furniture,East,Karan,3,1968.97
ORD-202604-01748,2026-04-24,CUST-2009,Laptop Stand,Accessories,South,Vikram,6,1413.72
ORD-202604-01749,2026-04-08,CUST-2638,Pen Set,Office,South,Amit,6,284.1
ORD-202604-01750,2026-04-16,CUST-2793,Monitor Stand,Furniture,North,Sneha,1,2166.1
ORD-202604-01751,2026-04-25,CUST-4647,Pen Set,Office,Central,Karan,4,310.66
ORD-202604-01752,2026-04-17,CUST-2067,Headphones,Electronics,North,Ananya,2,2561.23
ORD-202604-01753,2026-04-26,CUST-0162,Wireless Mouse,Electronics,North,Ananya,2,822.53
ORD-202604-01754,2026-04-14,CUST-0166,Desk Organizer,Office,Central,Sneha,7,588.6
ORD-202604-01755,2026-04-29,CUST-3493,Headphones,Electronics,Central,Karan,6,2642.74
ORD-202604-01756,2026-05-01,CUST-0319,Headphones,Electronics,,Priya,2,2621.86
ORD-202604-01757,2026-04-10,CUST-4722,Office Chair,Furniture,North,Vikram,5,6909.8
ORD-202604-01758,2026-04-30,CUST-0225,Wireless Mouse,Electronics,South,Karan,5,742.55
ORD-202604-01759,2026-04-13,CUST-3252,Laptop Stand,Accessories, South,Ananya,2,1378.32
ORD-202604-01760,2026-04-24,CUST-4049,Pen Set,Office,North,Priya,4,316.64
ORD-202604-01761,2026-04-21,CUST-0709,Study Table,Furniture,South,Neha,5,5722.02
ORD-202604-01762,2026-04-28,CUST-0417,Office Chair,Furniture,East,Rahul,7,6928.77
ORD-202604-01763,2026-04-28,CUST-4970,Pen Set,Office,South,Neha,4,277.24
ORD-202604-01764,2026-04-18,CUST-1662,Laptop Stand,Accessories,East,Sneha,2,1580.96
ORD-202604-01765,2026-04-04,CUST-1274,Headphones,Electronics,East,Rahul,4,2428.6
ORD-202604-01766,2026-04-18,CUST-2783,Notebook,Office,South,Neha,6,210.01
ORD-202604-01767,2026-04-20,CUST-1268,Notebook,Office,West,Sneha,2,206.93
ORD-202604-01768,2026-04-24,CUST-2678,Pen Set,Office,East,Rahul,3,324.72
ORD-202604-01769,2026-04-22,CUST-1556,Monitor Stand,Furniture,Central,Sneha,1,1826.23
ORD-202604-01770,2026-04-11,CUST-3077,Pen Set,Office,East,Ananya,2,307.57
ORD-202604-01771,2026-04-26,CUST-0447,Headphones,Electronics,West,Amit,1,2645.22
ORD-202604-01772,2026-04-21,CUST-2629,Notebook,Office,West,Karan,4,190.7
ORD-202604-01773,2026-04-24,CUST-2815,Office Chair,Furniture,North,Rahul,5,7330.65
ORD-202604-01774,2026-04-14,,Study Table,Furniture,East,Neha,4,5276.59
ORD-202604-01775,2026-04-11,CUST-1374,Laptop Stand,Accessories,East,Priya,1,1539.46
ORD-202604-01776,2026-04-29,,Headphones,Electronics,East,Karan,1,2589.23
ORD-202604-01777,2026-04-21,CUST-1693,Laptop Stand,Accessories,Central,Rahul,4,1617.45
ORD-202604-01778,2026-04-12,CUST-1460,Desk Organizer,Office,North,Ananya,2,653.02
ORD-202604-01779,2026-04-12,CUST-0934,Headphones,Electronics,West,Amit,2,2747.31
ORD-202604-01780,2026-04-20,CUST-2282,Monitor Stand,Furniture,South,Karan,7,2076.5
ORD-202604-01781,2026-04-15,CUST-2339,Office Chair,Furniture,East,Ananya,3,7109.49
ORD-202604-01782,2026-04-01,CUST-2160,Laptop Stand,Accessories,East,Sneha,5,1553.81
ORD-202604-01783,2026-04-03,CUST-1626,USB Hub,Accessories,Central,Ananya,4,943.46
ORD-202604-01784,2026-04-19,CUST-1774,Office Chair,Furniture,East,Ananya,5,7440.98
ORD-202604-01785,2026-04-06,CUST-3326,Pen Set,Office,East,Ananya,3,286.5
ORD-202604-01786,2026-04-25,CUST-4985,Notebook,Office,West,Ananya,3,207.31
ORD-202604-01787,2026-04-11,CUST-3393,Headphones,Electronics,South,Sneha,7,2345.09
ORD-202604-01788,2026-04-26,CUST-4515,Webcam,Electronics,North,Amit,4,1748.24
ORD-202604-01789,2026-04-25,CUST-2635,Headphones,Electronics,South,Neha,6,2645.54
ORD-202604-01790,2026-04-28,CUST-3377,USB Hub,Accessories,West,Karan,1,913.42
ORD-202604-01791,2026-04-20,CUST-1815,Notebook,Office,East,Priya,3,198.04
ORD-202604-01792,2026-04-16,CUST-3699,Study Table,furniture,East,Sneha,2,5387.08
ORD-202604-01793,,CUST-2709,Monitor Stand,Furniture,East,Vikram,1,1901.31
ORD-202604-01794,2026-04-19,CUST-4363,Mouse Pad,Accessories,North,Neha,7,405.88
ORD-202604-01795,2026-04-29,CUST-2098,USB Hub,Accessories,North,Amit,6,824.42
ORD-202604-01796,2026-04-10,CUST-1794,Webcam,Electronics,North,Neha,2,1973.71
ORD-202604-01797,2026-04-04,CUST-2145,Study Table,Furniture,South,Sneha,2,5485.35
ORD-202604-01798,2026-04-30,CUST-2649,Monitor Stand,Furniture,East,Ananya,4,2051.2
ORD-202604-01799,2026-04-26,CUST-0466,USB Hub,Accessories,Central,,3,814.78
ORD-202604-01800,2026-04-20,CUST-1769,Webcam,Electronics,West,Priya,7,1851.27
ORD-202604-01801,2026-04-05,CUST-2497,Monitor Stand,Furniture,West,Neha,4,1958.88
ORD-202604-01802,2026-04-08,CUST-4460,Wireless Mouse,Electronics,Central,Amit,5,811.43
ORD-202604-01803,2026-04-10,CUST-2959,Mouse Pad,Accessories,West,Karan,5,-100.0
ORD-202604-01804,2026-04-28,CUST-3039,Headphones,Electronics,South,Sneha,2,2607.32
ORD-202604-01805,2026-04-12,CUST-1633,Notebook,Office,West,Neha,4,211.18
ORD-202604-01806,2026-04-20,CUST-2807,Monitor Stand,Furniture,Central,Amit,4,2102.44
ORD-202604-01807,2026-04-30,CUST-4478,Wireless Mouse,Electronics,South,Sneha,6,750.36
ORD-202604-01808,2026-04-22,CUST-2258,Laptop Stand,Accessories,North,Ananya,4,1503.04
ORD-202604-01809,2026-04-18,CUST-3792,Wireless Mouse,Electronics,East,Neha,1,836.55
ORD-202604-01810,2026-04-04,CUST-2863,Study Table,Furniture,West,Rahul,4,5538.41
ORD-202604-01811,2026-04-09,CUST-4050,Keyboard,Electronics,West,Rahul,6,1415.76
ORD-202604-01812,2026-04-01,CUST-1451,Study Table,Furniture,North,Amit,6,5518.9
ORD-202604-01813,2026-04-06,,Laptop Stand,Accessories,South,Ananya,2,1513.34
ORD-202604-01814,2026-04-19,CUST-2574,Wireless Mouse,Electronics,West,Priya,4,738.25
ORD-202604-01815,2026-04-21,CUST-1077,Mouse Pad,Accessories,East,Priya,5,365.41
ORD-202604-01816,2026-04-06,CUST-1031,Desk Organizer,Office, South,Karan,6,546.15
ORD-202604-01817,2026-04-11,CUST-2970,Headphones,Electronics,East,Priya,3,2323.89
ORD-202604-01818,2026-04-22,CUST-1208,Notebook,Office,South,Amit,3,205.84
ORD-202604-01819,2026-04-03,CUST-1202,USB Hub,Accessories,South,Neha,7,841.12
ORD-202604-01820,2026-04-19,CUST-0904,Pen Set,Office, West,Priya,5,275.56
ORD-202604-01821,2026-04-15,CUST-3727,Headphones,Electronics,South,Ananya,2,2555.37
ORD-202604-01822,2026-04-11,CUST-0980,USB Hub,Accessories,East,Ananya,3,963.43
ORD-202604-01823,2026-04-15,CUST-2581,Study Table,Furniture, South,Neha,1,4985.41
ORD-202604-01824,2026-04-14,CUST-2387,Keyboard,Electronics,North,Sneha,6,1300.6
ORD-202604-01825,2026-04-28,CUST-0642,Webcam,Electronics,West,Karan,3,1781.91
ORD-202604-01826,2026-04-26,CUST-0294,Keyboard,Electronics,West,Ananya,6,1406.66
ORD-202604-01827,2026-04-30,CUST-3693,USB Hub,Accessories,East,Neha,7,884.35
ORD-202604-01828,2026-04-22,CUST-1659,Wireless Mouse,Electronics,East,Vikram,3,822.53
ORD-202604-01829,2026-04-15,CUST-4506,Wireless Mouse,Electronics,West,Rahul,7,788.57
ORD-202604-01830,2026-04-10,CUST-2396,Webcam,Electronics,West,Neha,3,2019.71
ORD-202604-01831,2026-04-19,CUST-1729,Desk Organizer,Office,West,Ananya,3,598.12
ORD-202604-01832,2026-04-16,CUST-0748,Pen Set,Office,Central,,6,325.66
ORD-202604-01833,2026-04-27,CUST-0620,Notebook,Office,West,Vikram,1,193.39
ORD-202604-01834,2026-04-15,CUST-1778,Webcam,Electronics,North,Priya,5,1983.11
ORD-202604-01835,2026-04-22,CUST-1151,Monitor Stand,Furniture,East,Vikram,2,1834.53
ORD-202604-01836,2026-04-02,CUST-2729,Laptop Stand,Accessories,West,Amit,5,1397.69
ORD-202604-01837,2026-04-14,CUST-0056,Notebook,Office,East,,2,200.18
ORD-202604-01838,2026-04-12,CUST-4529,Notebook,Office,South,Ananya,7,189.42
ORD-202604-01839,2026-04-20,CUST-2267,Study Table,Furniture,East,Amit,3,5013.94
ORD-202604-01840,2026-04-04,CUST-1613,Pen Set,Office,South,Sneha,2,283.91
ORD-202604-01841,2026-04-05,CUST-0204,USB Hub,Accessories,North,Ananya,6,857.81
ORD-202604-01842,2026-04-06,CUST-0026,Study Table,Furniture,West,Karan,4,5634.44
ORD-202604-01843,2026-04-18,CUST-0953,Pen Set,Office,Central,Rahul,5,279.04
ORD-202604-01844,2026-04-11,CUST-3372,Laptop Stand,Accessories,East,Neha,2,1627.42
ORD-202604-01845,2026-04-03,CUST-0200,Wireless Mouse,Electronics,East,Amit,2,764.96
ORD-202604-01846,2026-05-01,CUST-4795,Desk Organizer,Office,Central,Sneha,2,654.54
ORD-202604-01847,2026-04-20,CUST-0509,Office Chair,Furniture,West,Rahul,6,6891.97
ORD-202604-01848,2026-04-19,CUST-4943,Laptop Stand,Accessories,South,Amit,5,1568.62
ORD-202604-01849,2026-04-21,CUST-1699,Notebook,Office,,Amit,3,206.1
ORD-202604-01850,2026-04-10,CUST-2315,Desk Organizer,Office,North,Amit,1,572.77
ORD-202604-01851,2026-04-02,CUST-3666,Office Chair,Furniture,East,Amit,5,6920.03
ORD-202604-01852,2026-04-06,,Monitor Stand,Furniture,East,Vikram,2,1890.77
ORD-202604-01853,2026-04-26,CUST-0765,Notebook,Office,South,Rahul,7,214.31
ORD-202604-01854,2026-04-12,CUST-3369,Laptop Stand,Accessories,West,Ananya,2,1614.82
ORD-202604-01855,2026-05-01,,USB Hub,Accessories,Central,,3,873.79
ORD-202604-01856,2026-04-09,CUST-4037,Mouse Pad,Accessories,East,Rahul,4,391.71
ORD-202604-01857,2026-04-15,CUST-2340,Headphones,Electronics,South,Vikram,2,2400.41
ORD-202604-01858,2026-04-28,CUST-2782,Webcam,Electronics,East,Vikram,7,1822.67
ORD-202604-01859,2026-04-23,CUST-1621,Headphones,Electronics,North,Sneha,5,2292.83
ORD-202604-01860,2026-04-17,CUST-1758,Mouse Pad,Accessories,West,,5,410.16
ORD-202604-01861,2026-04-19,CUST-4908,USB Hub,Accessories,South,Neha,1,947.2
ORD-202604-01862,2026-04-29,CUST-1670,Mouse Pad,Accessories,East,Sneha,5,386.29
ORD-202604-01863,2026-04-16,CUST-4442,Keyboard,Electronics,West,Ananya,6,1299.46
ORD-202604-01864,2026-04-11,CUST-2208,Office Chair,Furniture,West,Vikram,3,6329.88
ORD-202604-01865,2026-04-24,CUST-3103,Study Table,Furniture,,Sneha,6,5641.94
ORD-202604-01866,2026-04-04,CUST-1021,Office Chair,Furniture,West,Sneha,1,6754.0
ORD-202604-01867,2026-04-02,CUST-1642,Desk Organizer,Office,North,Vikram,5,556.8
ORD-202604-01868,2026-04-27,CUST-2125,USB Hub,Accessories,Central,Vikram,6,811.1
ORD-202604-01869,2026-04-29,CUST-3793,Keyboard,Electronics,East,Sneha,5,1280.02
ORD-202604-01870,2026-04-20,CUST-4117,Headphones,Electronics,South,Karan,1,2583.86
ORD-202604-01871,2026-04-07,CUST-2743,Laptop Stand, Accessories,North,Vikram,4,1421.05
ORD-202604-01872,2026-04-22,CUST-2777,Webcam,Electronics,West,Sneha,6,1772.88
ORD-202604-01873,2026-04-30,CUST-0207,Laptop Stand,Accessories,East,Amit,1,1532.88
ORD-202604-01874,2026-04-05,CUST-1276,Mouse Pad,Accessories,West,Neha,3,406.46
ORD-202604-01875,2026-04-06,CUST-4447,USB Hub,Accessories,North,Karan,6,863.93
ORD-202604-01876,2026-04-10,CUST-3500,Monitor Stand,Furniture,,Rahul,4,2139.21
ORD-202604-01877,2026-04-09,CUST-4262,Keyboard,Electronics,West,Karan,4,1324.21
ORD-202604-01878,2026-04-02,CUST-1749,Pen Set,Office,Central,Rahul,4,317.85
ORD-202604-01879,2026-04-03,CUST-3356,Headphones,Electronics,East,Karan,4,2710.83
ORD-202604-01880,2026-04-09,CUST-0936,Webcam,electronics,West,Rahul,2,1965.51
ORD-202604-01881,2026-04-08,CUST-3587,USB Hub,Accessories,Central,Karan,1,861.65
ORD-202604-01882,2026-04-21,CUST-0251,Monitor Stand,Furniture,South,,5,2069.91
ORD-202604-01883,2026-04-24,CUST-4962,Monitor Stand,Furniture,East,Rahul,6,1967.42
ORD-202604-01884,2026-04-26,CUST-4334,Office Chair,Furniture,Central,Sneha,2,6553.04
ORD-202604-01885,2026-04-28,CUST-3269,Wireless Mouse,Electronics,West,Karan,3,746.96
ORD-202604-01886,2026-04-30,CUST-2811,USB Hub,Accessories,South,Vikram,2,836.73
ORD-202604-01887,2026-04-24,CUST-3943,Office Chair,Furniture,South,Amit,2,6950.04
ORD-202604-01888,2026-04-11,CUST-0149,Pen Set,Office,South,Vikram,3,304.65
ORD-202604-01889,2026-04-08,CUST-0967,Laptop Stand,Accessories,South,Neha,6,1641.27
ORD-202604-01890,2026-04-09,CUST-2474,Keyboard,Electronics,North,Amit,6,1344.01
ORD-202604-01891,2026-04-23,CUST-0555,Mouse Pad,Accessories,North,Priya,7,377.62
ORD-202604-01892,2026-04-27,CUST-1426,Monitor Stand,Furniture,North,Sneha,3,2133.04
ORD-202604-01893,2026-04-02,CUST-2780,Webcam,Electronics,Central,Ananya,2,2082.79
ORD-202604-01894,2026-04-12,CUST-1306,Headphones,Electronics,North,Amit,7,2455.48
ORD-202604-01895,2026-04-15,CUST-1967,Office Chair,Furniture,Central,Karan,1,7531.11
ORD-202604-01896,2026-04-13,CUST-4620,Study Table,Furniture,Central,Vikram,1,5767.58
ORD-202604-01897,2026-04-18,CUST-3514,Office Chair,Furniture,South,Karan,6,6741.59
ORD-202604-01898,2026-04-07,CUST-4784,Mouse Pad,Accessories,Central,Karan,1,359.64
ORD-202604-01899,2026-04-03,CUST-1171,Mouse Pad,Accessories,West,Ananya,4,414.82
ORD-202604-01900,2026-04-02,CUST-3695,Desk Organizer,Office,West,Amit,7,654.75
ORD-202604-01901,2026-04-01,CUST-4585,Wireless Mouse,Electronics,Central,Priya,7,740.77
ORD-202604-01902,2026-04-06,CUST-1242,Laptop Stand,Accessories,South,Karan,2,1623.46
ORD-202604-01903,2026-04-24,CUST-0545,Keyboard,Electronics,South,Rahul,2,1222.87
ORD-202604-01904,2026-04-06,CUST-0496,Mouse Pad,Accessories,West,Ananya,2,402.31
ORD-202604-01905,2026-04-12,CUST-4851,Study Table,Furniture,East,Vikram,4,5556.84
ORD-202604-01906,2026-04-24,CUST-0273,Notebook,Office,East,Vikram,6,187.89
ORD-202604-01907,2026-05-01,CUST-2185,Wireless Mouse,Electronics,Central,Ananya,2,722.93
ORD-202604-01908,2026-04-20,CUST-0242,USB Hub,Accessories,Central,Rahul,2,840.34
ORD-202604-01909,2026-04-04,CUST-1438,Notebook,office,North,Neha,3,194.64
ORD-202604-01910,2026-04-03,CUST-4864,Mouse Pad,Accessories,North,Ananya,5,374.2
ORD-202604-01911,2026-04-05,CUST-0813,USB Hub,Accessories,West,Karan,3,929.74
ORD-202604-01912,2026-04-01,CUST-0873,Monitor Stand,Furniture,North,Sneha,1,1994.22
ORD-202604-01913,2026-04-07,CUST-0142,Headphones,Electronics,West,,7,2426.06
ORD-202604-01914,2026-04-15,,USB Hub,Accessories,South,Priya,7,850.97
ORD-202604-01915,2026-04-26,CUST-1041,Laptop Stand,Accessories,North,Sneha,4,1547.65
ORD-202604-01916,2026-04-18,CUST-1569,Headphones,Electronics,Central,Amit,4,2694.86
ORD-202604-01917,2026-04-27,CUST-3760,Monitor Stand,Furniture,Central,Karan,3,2059.28
ORD-202604-01918,2026-04-21,CUST-3824,Mouse Pad,Accessories,West,Amit,4,391.74
ORD-202604-01919,2026-04-03,CUST-2439,Mouse Pad,Accessories,West,Neha,6,361.33
ORD-202604-01920,2026-04-10,CUST-4083,Study Table,Furniture,South,Sneha,3,5818.22
ORD-202604-01921,2026-04-15,CUST-2914,Webcam,Electronics,East,Vikram,6,1908.38
ORD-202604-01922,2026-04-18,CUST-1316,Webcam,electronics,North,Vikram,3,1733.95
ORD-202604-01923,2026-04-24,CUST-1111,Study Table,Furniture,North,Ananya,2,5748.97
ORD-202604-01924,2026-04-19,CUST-1691,Webcam,Electronics,East,Vikram,2,1796.48
ORD-202604-01925,2026-04-25,CUST-0085,USB Hub,Accessories,South,Amit,4,862.84
ORD-202604-01926,2026-04-01,CUST-2477,Webcam,Electronics,East,Priya,7,1956.39
ORD-202604-01927,2026-04-11,CUST-0578,Webcam,Electronics,East,Ananya,5,1780.78
ORD-202604-01928,2026-05-01,CUST-0260,Laptop Stand,Accessories,North,Rahul,3,1445.6
ORD-202604-01929,2026-04-05,CUST-0955,Webcam,Electronics,Central,Rahul,1,1974.07
ORD-202604-01930,2026-04-30,CUST-0121,Mouse Pad,Accessories,Central,Vikram,2,384.26
ORD-202604-01931,2026-04-11,CUST-0739,Office Chair,Furniture,North,Amit,3,6427.47
ORD-202604-01932,2026-04-12,CUST-4078,Laptop Stand,Accessories,West,Priya,4,1379.09
ORD-202604-01933,2026-04-04,CUST-4566,Webcam,Electronics,North,Vikram,2,1914.67
ORD-202604-01934,2026-04-19,CUST-2280,Headphones,Electronics,,Vikram,2,2748.1
ORD-202604-01935,2026-04-08,CUST-2614,USB Hub,Accessories,East,Ananya,2,903.17
ORD-202604-01936,2026-04-12,CUST-2492,Laptop Stand,Accessories,North,Amit,2,1642.13
ORD-202604-01937,2026-04-23,CUST-3049,USB Hub,Accessories,East,Ananya,6,972.1
ORD-202604-01938,2026-04-27,CUST-3038,USB Hub,Accessories,East,Ananya,2,966.86
ORD-202604-01939,2026-04-23,,Notebook,Office,South,Sneha,2,196.9
ORD-202604-01940,2026-04-03,CUST-1645,Mouse Pad,Accessories,West,Priya,1,404.21
ORD-202604-01941,2026-04-20,CUST-3487,Headphones,Electronics, South,,1,2566.48
ORD-202604-01942,2026-04-06,CUST-3812,Pen Set,Office,Central,Sneha,7,269.61
ORD-202604-01943,2026-04-29,CUST-1093,Notebook,Office,Central,Rahul,6,180.84
ORD-202604-01944,2026-04-23,CUST-0114,Desk Organizer,Office,South,Sneha,2,654.05
ORD-202604-01945,2026-04-18,CUST-0044,Office Chair,Furniture,East,Vikram,2,6914.67
ORD-202604-01946,2026-04-08,CUST-0638,Office Chair,Furniture,West,Amit,1,7468.85
ORD-202604-01947,2026-05-01,CUST-1904,Desk Organizer,Office,East,Ananya,1,553.78
ORD-202604-01948,2026-05-01,CUST-4640,Webcam,Electronics,East,Neha,6,1806.97
ORD-202604-01949,2026-04-19,CUST-2957,Keyboard,Electronics,West,Amit,3,1182.71
ORD-202604-01950,2026-04-26,CUST-4382,Notebook,Office,North,Rahul,4,209.45
ORD-202604-01951,2026-04-22,CUST-4490,Headphones,Electronics,East,Vikram,6,2378.37
ORD-202604-01952,2026-04-26,,Headphones,Electronics,Central,Vikram,3,2644.41
ORD-202604-01953,2026-04-05,CUST-0741,Pen Set,Office,East,Neha,7,315.68
ORD-202604-01954,2026-04-06,CUST-2772,Pen Set,Office,East,Vikram,4,275.25
ORD-202604-01955,2026-04-09,CUST-4565,Headphones,Electronics,West,Ananya,2,2391.93
ORD-202604-01956,2026-04-07,CUST-3666,Study Table,Furniture,North,Karan,4,5538.25
ORD-202604-01957,2026-04-23,CUST-2181,Keyboard,Electronics,Central,Vikram,3,1378.68
ORD-202604-01958,2026-04-26,CUST-1286,Study Table,Furniture,West,Ananya,3,5826.61
ORD-202604-01959,2026-04-22,CUST-1375,Office Chair,Furniture,East,Karan,5,7053.73
ORD-202604-01960,2026-04-14,CUST-0080,Notebook,Office,East,Priya,6,206.77
ORD-202604-01961,2026-04-22,CUST-3102,Laptop Stand,Accessories,Central,Neha,4,1630.67
ORD-202604-01962,2026-04-24,CUST-3299,Webcam,Electronics,East,Vikram,6,1865.11
ORD-202604-01963,2026-04-03,CUST-2573,Notebook,Office,,Rahul,3,184.32
ORD-202604-01964,2026-04-20,CUST-3874,Keyboard,Electronics,North,Sneha,3,1204.44
ORD-202604-01965,2026-04-01,CUST-3638,Office Chair,Furniture,south,Vikram,6,6823.77
ORD-202604-01966,2026-04-27,CUST-3662,USB Hub,Accessories,Central,Amit,2,830.0
ORD-202604-01967,2026-04-02,CUST-0290,Mouse Pad,Accessories,West,Priya,2,429.41
ORD-202604-01968,2026-04-25,CUST-0848,USB Hub,Accessories,Central,Amit,4,906.33
ORD-202604-01969,2026-04-02,CUST-4368,Keyboard,Electronics,North,Rahul,1,1368.91
ORD-202604-01970,2026-04-21,CUST-2835,Pen Set,Office,Central,Priya,2,328.52
ORD-202604-01971,2026-04-03,CUST-0665,Pen Set,Office,South,Priya,5,293.26
ORD-202604-01972,2026-04-20,CUST-1139,Keyboard,Electronics,West,Karan,2,1377.5
ORD-202604-01973,2026-04-08,CUST-4707,Laptop Stand,Accessories,North,Rahul,1,1569.28
ORD-202604-01974,2026-04-25,CUST-3073,Wireless Mouse,Electronics,North,Sneha,3,759.74
ORD-202604-01975,2026-05-01,CUST-2270,Laptop Stand,Accessories,South,Amit,6,1383.8
ORD-202604-01976,2026-04-16,CUST-2411,Desk Organizer,Office,West,Priya,3,540.29
ORD-202604-01977,2026-04-07,CUST-2943,Notebook,Office,South,Ananya,3,212.01
ORD-202604-01978,2026-04-17,CUST-2851,Notebook,Office,Central,Rahul,2,218.1
ORD-202604-01979,2026-04-04,CUST-2918,Notebook,Office,South,Karan,3,194.5
ORD-202604-01980,2026-04-30,CUST-1574,Laptop Stand,Accessories,Central,Karan,4,1509.09
ORD-202604-01981,2026-04-02,CUST-0325,USB Hub,Accessories,West,Rahul,3,844.34
ORD-202604-01982,2026-04-25,CUST-2635,Desk Organizer,Office,East,Ananya,5,632.2
ORD-202604-01983,2026-04-24,CUST-2876,Desk Organizer,Office,South,Neha,4,541.61
ORD-202604-01984,2026-04-28,CUST-2577,USB Hub,Accessories,South,Rahul,5,833.35
ORD-202604-01985,2026-04-25,CUST-4877,Desk Organizer,Office,North,Amit,6,651.64
ORD-202604-01986,2026-04-21,CUST-0859,Office Chair,Furniture,East,Ananya,6,6726.04
ORD-202604-01987,2026-04-07,CUST-3728,USB Hub,Accessories,North,Rahul,7,906.27
ORD-202604-01988,2026-04-12,CUST-0096,Office Chair,Furniture,East,Priya,1,6922.45
ORD-202604-01989,2026-04-18,CUST-1624,Keyboard,Electronics,North,Amit,2,1215.21
ORD-202604-01990,2026-04-29,CUST-3296,Desk Organizer,Office,Central,Ananya,2,623.72
ORD-202604-01991,2026-04-19,CUST-2468,Notebook,Office,North,Neha,6,215.06
ORD-202604-01992,2026-04-08,CUST-1219,Monitor Stand,Furniture,Central,Amit,4,2025.73
ORD-202604-01993,2026-04-11,CUST-2399,Headphones,Electronics,Central,Vikram,1,2381.71
ORD-202604-01994,2026-04-10,CUST-2655,Wireless Mouse,Electronics,South,,4,854.84
ORD-202604-01995,2026-04-22,CUST-0541,Wireless Mouse,Electronics,Central,Karan,4,766.2
ORD-202604-01996,2026-04-08,CUST-0090,Keyboard,Electronics,South,Neha,2,1381.19
ORD-202604-01997,2026-05-01,CUST-1149,Mouse Pad,Accessories,East,Priya,3,427.52
ORD-202604-01998,2026-04-23,CUST-1337,Office Chair,Furniture,Central,Neha,3,7490.04
ORD-202604-01999,2026-04-07,CUST-2648,Office Chair,Furniture,South ,Ananya,4,7308.68
ORD-202604-02000,2026-04-19,CUST-0203,Desk Organizer,Office,East,Vikram,2,654.01
ORD-202604-02001,2026-04-09,CUST-1925,Webcam,Electronics,South,Rahul,4,2048.9
ORD-202604-02002,2026-04-18,CUST-1473,USB Hub,Accessories,South,Sneha,4,976.97
ORD-202604-02003,,CUST-3065,Wireless Mouse,Electronics,East,Karan,4,787.64
ORD-202604-02004,2026-04-22,CUST-3650,Mouse Pad,Accessories,North,Vikram,4,378.45
ORD-202604-02005,2026-04-07,CUST-3679,Desk Organizer,Office,East,Karan,6,658.59
ORD-202604-02006,2026-04-26,CUST-3136,Headphones,Electronics,,Priya,5,-100.0
ORD-202604-02007,2026-04-25,CUST-2511,Mouse Pad,Accessories,South,Karan,4,405.6
ORD-202604-02008,2026-04-09,CUST-0823,Laptop Stand,Accessories,South,Priya,5,1556.37
ORD-202604-02009,2026-04-26,CUST-3067,Study Table,Furniture,East,Karan,1,5341.37
ORD-202604-02010,2026-04-24,CUST-0607,Keyboard,Electronics,North,Priya,2,1241.69
ORD-202604-02011,2026-04-10,CUST-2119,Desk Organizer,Office,North,Vikram,2,556.85
ORD-202604-02012,2026-04-17,CUST-0591,Wireless Mouse,Electronics,Central,Ananya,6,725.59
ORD-202604-02013,2026-04-01,CUST-1359,USB Hub,Accessories,Central,Amit,3,984.79
ORD-202604-02014,2026-04-28,CUST-4248,Pen Set,Office,East,Priya,2,295.3
ORD-202604-02015,2026-04-22,CUST-0048,USB Hub,Accessories,North,Priya,5,861.26
ORD-202604-02016,2026-04-02,CUST-1424,Notebook,Office,Central,Priya,5,186.46
ORD-202604-02017,2026-04-24,CUST-0436,Pen Set,Office,Central,Karan,6,282.97
ORD-202604-02018,2026-04-08,CUST-4977,Desk Organizer,Office,East,Sneha,5,602.1
ORD-202604-02019,2026-04-16,CUST-4365,Wireless Mouse,Electronics,North,Neha,7,758.19
ORD-202604-02020,2026-04-06,CUST-2774,USB Hub,Accessories,Central,Karan,2,857.99
ORD-202604-02021,2026-04-01,CUST-0857,Mouse Pad,Accessories,,Priya,4,437.87
ORD-202604-02022,2026-04-02,,Office Chair,Furniture,East,Neha,2,7128.77
ORD-202604-02023,2026-04-01,,Pen Set,Office,East,Priya,3,275.22
ORD-202604-02024,2026-04-21,CUST-1204,Laptop Stand,Accessories,South,Vikram,1,1575.2
ORD-202604-02025,2026-04-29,CUST-2789,Office Chair,Furniture,East,Rahul,3,6409.26
ORD-202604-02026,2026-04-25,CUST-4745,Laptop Stand,Accessories,West,Neha,5,1444.62
ORD-202604-02027,2026-04-30,CUST-0747,Office Chair,Furniture,East,Ananya,3,6774.0
ORD-202604-02028,2026-04-17,CUST-4614,Notebook,Office,East,Vikram,3,206.69
ORD-202604-02029,2026-04-11,CUST-1086,Office Chair,Furniture,East,Neha,5,6404.74
ORD-202604-02030,2026-04-26,CUST-0854,Notebook,Office,South,Sneha,7,202.13
ORD-202604-02031,2026-04-07,CUST-4848,Office Chair,Furniture, West,Sneha,2,7038.33
ORD-202604-02032,2026-04-20,CUST-4931,Desk Organizer,Office,North,Karan,5,579.31
ORD-202604-02033,2026-04-05,CUST-0653,Mouse Pad,Accessories,South,Amit,7,397.52
ORD-202604-02034,2026-04-21,CUST-1751,USB Hub,Accessories,North,Vikram,1,-100.0
ORD-202604-02035,2026-04-08,CUST-1974,USB Hub,Accessories,South ,Sneha,3,984.28
ORD-202604-02036,2026-04-08,CUST-0738,Monitor Stand,Furniture,South,Priya,3,2067.41
ORD-202604-02037,2026-04-24,CUST-4628,Notebook,Office,North,Vikram,7,190.88
ORD-202604-02038,2026-04-30,CUST-1824,Mouse Pad,Accessories,North,Amit,1,422.62
ORD-202604-02039,2026-04-21,CUST-4030,Laptop Stand,Accessories,Central,Ananya,7,1483.96
ORD-202604-02040,2026-04-16,CUST-0409,Wireless Mouse,Electronics,East,Neha,5,734.49
ORD-202604-02041,2026-04-23,CUST-1941,Headphones,Electronics,West,Priya,1,2319.57
ORD-202604-02042,2026-04-30,CUST-2987,Notebook,Office,South,Amit,7,201.65
ORD-202604-02043,2026-04-25,CUST-0951,Wireless Mouse,Electronics,North,,6,745.22
ORD-202604-02044,2026-04-13,CUST-2999,Desk Organizer,Office,West,Sneha,6,638.91
ORD-202604-02045,2026-04-17,CUST-2147,Laptop Stand,Accessories,East,Karan,3,1397.67
ORD-202604-02046,2026-04-14,CUST-1661,Mouse Pad,Accessories,East,Vikram,2,388.67
ORD-202604-02047,2026-04-16,CUST-1983,Notebook,Office,North,Sneha,6,201.24
ORD-202604-02048,2026-04-22,CUST-1571,Webcam,Electronics,South,Priya,2,2087.84
ORD-202604-02049,2026-04-07,CUST-1399,Notebook,Office,East,Amit,4,180.97
ORD-202604-02050,2026-04-25,CUST-0180,Notebook,Office,East,Priya,7,204.28
ORD-202604-02051,2026-04-16,CUST-2732,Laptop Stand,Accessories,West,Neha,7,1498.31
ORD-202604-02052,2026-04-08,CUST-3330,Pen Set,Office,West,Priya,1,296.15
ORD-202604-02053,2026-04-29,CUST-4672,Webcam,Electronics,East,Sneha,6,1799.51
ORD-202604-02054,2026-05-01,CUST-1253,Pen Set,Office,East,Vikram,5,269.58
ORD-202604-02055,2026-04-17,CUST-2183,Wireless Mouse,Electronics, East,Priya,6,848.18
ORD-202604-02056,2026-04-02,CUST-2367,USB Hub,Accessories,East,Neha,2,944.6
ORD-202604-02057,2026-04-19,,USB Hub,Accessories,West,Sneha,6,829.11
ORD-202604-02058,2026-04-02,CUST-2532,Laptop Stand,Accessories,South,Ananya,3,1512.99
ORD-202604-02059,2026-04-27,CUST-2281,Study Table,Furniture,East,Amit,3,5318.79
ORD-202604-02060,2026-04-04,CUST-3939,Office Chair,Furniture,West,Neha,1,6450.14
ORD-202604-02061,2026-04-24,CUST-0697,Desk Organizer,Office,Central,Sneha,5,594.14
ORD-202604-02062,2026-04-18,CUST-3166,Webcam,Electronics,West,Ananya,2,1710.78
ORD-202604-02063,2026-04-22,CUST-0956,USB Hub,Accessories,East,Vikram,3,893.55
ORD-202604-02064,2026-04-20,CUST-4854,USB Hub,Accessories,West,Neha,1,834.63
ORD-202604-02065,2026-04-11,CUST-3414,Desk Organizer,Office,North,Sneha,4,581.39
ORD-202604-02066,2026-04-28,CUST-3161,Pen Set,Office,East,Rahul,4,291.61
ORD-202604-02067,2026-04-25,CUST-4359,Keyboard,Electronics,West,Priya,5,1187.93
ORD-202604-02068,2026-04-14,CUST-1787,USB Hub,Accessories,South,Amit,4,920.2
ORD-202604-02069,2026-04-27,,Notebook,Office,West,Karan,6,199.45
ORD-202604-02070,2026-04-25,CUST-4349,USB Hub,Accessories,West,Karan,4,927.78
ORD-202604-02071,2026-04-11,CUST-4634,Wireless Mouse,Electronics,Central,Amit,1,850.8
ORD-202604-02072,2026-04-20,CUST-2580,Keyboard,Electronics,Central,Vikram,1,1253.27
ORD-202604-02073,2026-04-06,CUST-2234,Monitor Stand,Furniture,East,Priya,2,2001.44
ORD-202604-02074,2026-04-13,CUST-0939,Mouse Pad,Accessories,North,Priya,6,421.04
ORD-202604-02075,2026-04-13,CUST-1190,Keyboard,Electronics,North,Sneha,3,1261.07
ORD-202604-02076,2026-04-18,CUST-2826,Monitor Stand,Furniture,Central,Neha,1,2021.14
ORD-202604-02077,2026-04-11,CUST-0837,Monitor Stand,Furniture,South,Ananya,3,2023.38
ORD-202604-02078,2026-04-07,CUST-0614,Study Table,Furniture,South,Rahul,6,5233.27
ORD-202604-02079,2026-04-12,CUST-1377,Notebook,Office,East,Ananya,6,200.31
ORD-202604-02080,2026-04-24,CUST-1727,Office Chair,Furniture,North,Priya,3,6638.86
ORD-202604-02081,2026-04-02,CUST-1213,Monitor Stand,Furniture,North,Neha,2,1858.51
ORD-202604-02082,,CUST-0153,Mouse Pad,Accessories,West,Ananya,4,422.76
ORD-202604-02083,2026-04-18,CUST-1627,Monitor Stand,Furniture,North,Priya,3,2143.73
ORD-202604-02084,2026-04-26,CUST-0392,Office Chair,Furniture,East,Neha,5,7422.66
ORD-202604-02085,2026-04-07,CUST-3754,Pen Set,Office,West,Vikram,5,306.06
ORD-202604-02086,2026-04-12,CUST-1093,Study Table,Furniture,Central,Neha,5,5031.18
ORD-202604-02087,2026-04-02,CUST-0131,USB Hub,Accessories,South,Rahul,6,904.54
ORD-202604-02088,2026-04-06,CUST-3110,Headphones,Electronics,East,Neha,4,2724.75
ORD-202604-02089,2026-04-23,CUST-1922,Monitor Stand,Furniture,East,Rahul,5,2161.38
ORD-202604-02090,2026-04-16,CUST-2467,Mouse Pad,Accessories,West,Ananya,3,423.48
ORD-202604-02091,2026-04-23,CUST-3102,Pen Set,Office,South,Rahul,2,310.62
ORD-202604-02092,2026-04-16,CUST-2165,Study Table,Furniture,North,Karan,4,5505.01
ORD-202604-02093,2026-04-23,CUST-0507,Headphones,Electronics,West,Rahul,5,2468.43
ORD-202604-02094,2026-04-10,CUST-2857,Office Chair,Furniture,East,Neha,1,7126.79
ORD-202604-02095,2026-04-19,CUST-2805,Desk Organizer,Office,East,Vikram,4,595.8
ORD-202604-02096,2026-04-19,CUST-0978,Study Table,Furniture,West,Vikram,2,5403.04
ORD-202604-02097,2026-04-21,CUST-3740,Headphones,Electronics,East,Priya,2,2548.06
ORD-202604-02098,2026-04-10,,Monitor Stand,Furniture,North,Ananya,6,2165.76
ORD-202604-02099,2026-04-10,CUST-3378,Keyboard,Electronics,South,Vikram,3,1225.9
ORD-202604-02100,2026-04-19,CUST-2721,Webcam,Electronics,East,Priya,5,1760.59
ORD-202604-02101,2026-04-28,CUST-3178,Mouse Pad,Accessories,,Ananya,4,371.67
ORD-202604-02102,2026-04-17,CUST-0698,Notebook,Office,Central,Karan,3,206.93
ORD-202604-02103,2026-04-14,CUST-0595,Study Table,Furniture,South,,4,5905.97
ORD-202604-02104,2026-04-01,CUST-2771,Headphones,Electronics,South,Amit,6,2632.3
ORD-202604-02105,2026-04-03,CUST-3784,Monitor Stand,Furniture,West,,4,1960.6
ORD-202604-02106,2026-04-21,CUST-0564,Mouse Pad,Accessories,West,Priya,6,404.21
ORD-202604-02107,2026-04-05,CUST-3098,Pen Set,Office,North,Vikram,3,271.87
ORD-202604-02108,2026-04-13,CUST-3372,Wireless Mouse,Electronics,West,Sneha,4,793.36
ORD-202604-02109,2026-04-04,CUST-4996,Headphones,Electronics,Central,Rahul,3,2621.73
ORD-202604-02110,2026-04-25,CUST-1130,USB Hub,Accessories,Central,Vikram,7,951.5
ORD-202604-02111,2026-04-08,CUST-3926,Notebook,Office,East,Karan,7,203.45
ORD-202604-02112,2026-04-23,CUST-0245,Mouse Pad,Accessories,North,Neha,2,425.5
ORD-202604-02113,2026-04-15,CUST-3879,Headphones,Electronics,East,Neha,2,2421.66
ORD-202604-02114,2026-04-25,CUST-0938,Desk Organizer,Office,West,Ananya,3,549.62
ORD-202604-02115,2026-04-15,CUST-2297,Headphones,Electronics,West,,1,2507.05
ORD-202604-02116,2026-04-09,CUST-2415,Headphones,Electronics,East,Neha,1,2745.25
ORD-202604-02117,2026-04-30,CUST-4723,Keyboard,Electronics,North,Vikram,1,1400.45
ORD-202604-02118,2026-04-24,CUST-3559,Study Table,Furniture,East,Rahul,2,5912.77
ORD-202604-02119,2026-04-20,CUST-2457,Pen Set,Office,North,Priya,5,305.33
ORD-202604-02120,2026-04-21,CUST-1854,Wireless Mouse,Electronics,West,Karan,6,-100.0
ORD-202604-02121,2026-04-28,CUST-4900,Keyboard,Electronics,West,Amit,1,1314.41
ORD-202604-02122,2026-04-29,CUST-1828,Notebook,Office,West,Neha,5,-100.0
ORD-202604-02123,2026-04-05,CUST-4213,Pen Set,Office,East,Ananya,5,308.49
ORD-202604-02124,2026-04-21,CUST-2197,Study Table,Furniture,West,Neha,2,5558.32
ORD-202604-02125,2026-04-29,CUST-0990,Monitor Stand,Furniture,North,Amit,5,2078.17
ORD-202604-02126,2026-04-04,CUST-4333,Study Table,Furniture,North,Amit,5,5364.45
ORD-202604-02127,2026-04-27,CUST-0472,Study Table,Furniture,North,Rahul,7,6019.62
ORD-202604-02128,2026-04-17,CUST-4003,Mouse Pad,Accessories,East,Karan,2,434.3
ORD-202604-02129,2026-04-03,CUST-3983,Monitor Stand,Furniture,Central,Rahul,1,2120.13
ORD-202604-02130,2026-04-20,CUST-4634,Keyboard,Electronics,West,Rahul,3,1178.06
ORD-202604-02131,2026-04-10,CUST-4980,Notebook,Office,East,Sneha,5,189.58
ORD-202604-02132,2026-04-29,CUST-3928,Keyboard,Electronics,North,,7,1412.1
ORD-202604-02133,2026-04-28,CUST-0171,Desk Organizer,Office,South,Sneha,5,636.3
ORD-202604-02134,2026-04-09,CUST-2227,Desk Organizer,Office,South,Neha,3,569.41
ORD-202604-02135,2026-04-26,CUST-4124,Monitor Stand,Furniture,North,Vikram,2,2027.86
ORD-202604-02136,2026-04-12,CUST-2860,Keyboard,Electronics,North,Vikram,5,1176.09
ORD-202604-02137,2026-04-07,CUST-2522,Desk Organizer,Office,East,Karan,5,638.39
ORD-202604-02138,2026-04-26,CUST-2759,Wireless Mouse,Electronics,South,Vikram,1,798.07
ORD-202604-02139,2026-04-15,CUST-1136,Keyboard,Electronics,South,Neha,7,1296.52
ORD-202604-02140,2026-04-19,CUST-4943,USB Hub,Accessories,West,Sneha,3,834.23
ORD-202604-02141,2026-04-09,CUST-0861,Monitor Stand,Furniture,South,Rahul,4,1812.71
ORD-202604-02142,2026-04-14,CUST-3688,Headphones,Electronics,West,Sneha,3,2720.95
ORD-202604-02143,2026-04-26,CUST-0349,Laptop Stand,Accessories,Central,Ananya,3,1568.24
ORD-202604-02144,,CUST-2668,Office Chair,Furniture,West,,6,6665.82
ORD-202604-02145,2026-05-01,CUST-4928,Monitor Stand,Furniture,West,Ananya,4,1808.93
ORD-202604-02146,2026-04-01,CUST-3229,Notebook,Office,North,Sneha,2,204.41
ORD-202604-02147,2026-04-26,CUST-4069,Laptop Stand,Accessories,North,Priya,3,1609.59
ORD-202604-02148,2026-04-12,CUST-4791,Study Table,Furniture,West,Neha,3,5466.33
ORD-202604-02149,2026-04-23,CUST-2926,Mouse Pad,Accessories,East,Sneha,6,412.25
ORD-202604-02150,2026-04-13,CUST-0955,USB Hub,Accessories,West,Neha,2,980.53
ORD-202604-02151,2026-04-06,CUST-3440,Headphones,Electronics,West,Vikram,3,2490.82
ORD-202604-02152,2026-04-03,CUST-4714,Study Table,Furniture,North,Ananya,4,5842.59
ORD-202604-02153,2026-05-01,CUST-3534,USB Hub,Accessories,East,Amit,1,871.51
ORD-202604-02154,2026-04-30,CUST-1764,Monitor Stand,Furniture,East,Vikram,2,1804.03
ORD-202604-02155,2026-04-11,CUST-0995,Headphones,Electronics,West,Amit,4,2675.36
ORD-202604-02156,2026-05-01,CUST-1743,Notebook,Office,East,Ananya,2,216.88
ORD-202604-02157,2026-04-25,CUST-3747,USB Hub,Accessories,East,Vikram,5,819.5
ORD-202604-02158,2026-04-19,CUST-1124,Headphones,Electronics,West,Neha,4,2573.64
ORD-202604-02159,2026-04-17,CUST-1267,Monitor Stand,Furniture,West,Neha,7,2082.08
ORD-202604-02160,2026-04-11,CUST-1771,Wireless Mouse,Electronics,West,Ananya,4,857.51
ORD-202604-02161,2026-04-26,CUST-1359,Wireless Mouse,Electronics,South,Karan,4,826.88
ORD-202604-02162,2026-04-21,CUST-2531,Study Table,Furniture,North,Neha,3,5852.72
ORD-202604-02163,2026-04-29,CUST-3350,Webcam,Electronics,East,Karan,1,1987.83
ORD-202604-02164,2026-04-29,CUST-0855,Mouse Pad,Accessories,South,Amit,7,389.59
ORD-202604-02165,2026-04-29,CUST-4089,Keyboard,Electronics,North,Karan,2,1203.83
ORD-202604-02166,2026-04-28,CUST-0844,Headphones,Electronics,Central,Vikram,2,2696.18
ORD-202604-02167,2026-04-20,CUST-3586,Office Chair,Furniture,East,Priya,1,7631.25
ORD-202604-02168,2026-04-11,CUST-1440,Laptop Stand,Accessories,East,Ananya,5,1356.23
ORD-202604-02169,2026-04-14,CUST-2971,Office Chair,Furniture,South,Ananya,3,7285.17
ORD-202604-02170,2026-04-23,CUST-0039,Monitor Stand,Furniture,central,Priya,4,1838.25
ORD-202604-02171,2026-04-18,CUST-0875,Monitor Stand,Furniture,Central,Sneha,1,2082.25
ORD-202604-02172,2026-04-05,CUST-3232,Monitor Stand,Furniture,South,Ananya,3,1884.65
ORD-202604-02173,,CUST-0668,USB Hub,Accessories,East,Priya,3,984.86
ORD-202604-02174,2026-04-21,CUST-1007,Headphones,Electronics,Central,Sneha,5,2620.64
ORD-202604-02175,2026-04-09,CUST-3780,Desk Organizer,Office,East,Karan,5,623.23
ORD-202604-02176,2026-04-08,CUST-4366,Mouse Pad,Accessories,East,Neha,2,376.55
ORD-202604-02177,2026-04-23,CUST-4042,Keyboard,Electronics,West,Sneha,7,1231.02
ORD-202604-02178,2026-04-26,CUST-1893,Office Chair,Furniture,East,Rahul,7,7076.82
ORD-202604-02179,2026-05-01,CUST-2872,Study Table,Furniture,North,Priya,1,5125.74
ORD-202604-02180,2026-04-22,CUST-2275,Desk Organizer,Office,South,Priya,6,577.14
ORD-202604-02181,2026-04-23,CUST-0630,Mouse Pad,Accessories,Central,Ananya,6,432.16
ORD-202604-02182,2026-04-01,CUST-4641,Pen Set,Office,West,Priya,6,296.3
ORD-202604-02183,2026-04-16,CUST-3883,Keyboard,Electronics,Central,Priya,7,1257.79
ORD-202604-02184,2026-04-18,CUST-0127,Office Chair,Furniture,West,Priya,7,7499.43
ORD-202604-02185,2026-04-04,CUST-0052,Study Table,Furniture,South,Vikram,3,5684.1
ORD-202604-02186,2026-04-15,CUST-3537,Office Chair,Furniture,Central,Rahul,7,6930.49
ORD-202604-02187,2026-04-03,CUST-1657,USB Hub,Accessories,East,Neha,2,947.59
ORD-202604-02188,2026-04-30,CUST-2530,Notebook,Office,East,Amit,2,187.55
ORD-202604-02189,2026-04-05,CUST-2286,Wireless Mouse,Electronics,West,Neha,6,736.03
ORD-202604-02190,2026-04-18,CUST-3183,Mouse Pad,Accessories,Central,Neha,7,382.19
ORD-202604-02191,2026-04-23,CUST-4142,Notebook,Office,West,Priya,2,-100.0
ORD-202604-02192,2026-04-04,CUST-4851,Office Chair,Furniture,East,Sneha,6,7559.29
ORD-202604-02193,2026-04-12,CUST-1170,Study Table,Furniture,West,Sneha,6,6014.65
ORD-202604-02194,2026-04-25,CUST-0648,Desk Organizer,Office,South,Neha,4,545.61
ORD-202604-02195,2026-04-16,CUST-1433,Headphones,Electronics,South,Amit,7,2694.66
ORD-202604-02196,2026-04-28,CUST-3377,Headphones,Electronics,Central,Vikram,4,2662.45
ORD-202604-02197,2026-04-04,CUST-1465,Study Table,Furniture,Central,Amit,4,5157.13
ORD-202604-02198,2026-04-18,CUST-3523,Mouse Pad,Accessories,South,Vikram,4,396.91
ORD-202604-02199,2026-04-20,CUST-1050,Office Chair,Furniture,South,Priya,5,6977.64
ORD-202604-02200,2026-04-28,CUST-2267,Notebook,Office,north,Sneha,4,187.31
ORD-202604-02201,2026-04-16,CUST-0505,Wireless Mouse,Electronics,South,Vikram,7,780.15
ORD-202604-02202,2026-04-10,CUST-0898,Monitor Stand,Furniture,East,Rahul,3,1863.55
ORD-202604-02203,2026-04-07,CUST-4839,Study Table,Furniture,Central,Ananya,2,5565.23
ORD-202604-02204,2026-04-10,CUST-0861,Mouse Pad,Accessories,West,Sneha,5,386.19
ORD-202604-02205,2026-04-06,CUST-2121,Webcam,Electronics,West,Priya,4,1884.55
ORD-202604-02206,2026-04-28,CUST-2102,Webcam,Electronics,North,,6,1897.25
ORD-202604-02207,2026-04-07,CUST-3452,Office Chair,Furniture,North,Sneha,7,7034.42
ORD-202604-02208,2026-04-13,CUST-3376,Headphones,Electronics,Central,Neha,7,2341.07
ORD-202604-02209,2026-04-04,CUST-2517,Notebook,Office,West,Sneha,6,179.62
ORD-202604-02210,2026-05-01,CUST-2750,Monitor Stand,Furniture,Central,Karan,5,2028.23
ORD-202604-02211,2026-04-14,CUST-3916,Mouse Pad,Accessories,South,Vikram,4,383.34
ORD-202604-02212,2026-04-29,CUST-0515,Notebook,Office,East,Sneha,7,181.67
ORD-202604-02213,2026-04-16,CUST-1037,USB Hub,Accessories,West,Priya,3,876.63
ORD-202604-02214,2026-04-17,CUST-0266,Webcam,Electronics,Central,Sneha,7,2084.58
ORD-202604-02215,2026-04-26,CUST-1516,Webcam,Electronics,North,Rahul,7,1943.83
ORD-202604-02216,2026-04-25,CUST-1854,USB Hub,Accessories,North,Neha,5,939.11
ORD-202604-02217,2026-04-29,CUST-0604,USB Hub,Accessories,Central,Rahul,7,960.8
ORD-202604-02218,2026-04-25,CUST-0561,Wireless Mouse,Electronics,East,Sneha,2,827.24
ORD-202604-02219,2026-04-28,CUST-2345,Office Chair,Furniture,South,Rahul,1,6915.54
ORD-202604-02220,2026-04-12,CUST-0701,Wireless Mouse,Electronics,Central,Ananya,4,857.8
ORD-202604-02221,2026-04-01,CUST-3648,Webcam,Electronics,South,Vikram,3,1825.0
ORD-202604-02222,2026-04-15,CUST-3398,Laptop Stand,Accessories,East,Amit,7,1425.38
ORD-202604-02223,2026-04-06,CUST-2886,Monitor Stand,Furniture,Central,Karan,5,1902.98
ORD-202604-02224,2026-04-28,CUST-2378,Desk Organizer,Office,Central ,Amit,1,580.92
ORD-202604-02225,2026-04-23,CUST-4393,Headphones,Electronics,Central,Priya,5,2637.62
ORD-202604-02226,2026-04-16,CUST-3241,Desk Organizer,Office,west,Neha,6,552.03
ORD-202604-02227,,CUST-4474,Mouse Pad,Accessories,West,Neha,3,400.87
ORD-202604-02228,2026-04-10,CUST-1737,Wireless Mouse,Electronics,,Ananya,7,815.04
ORD-202604-02229,2026-04-25,CUST-2652,USB Hub,Accessories,South,Amit,6,976.37
ORD-202604-02230,2026-04-04,CUST-0472,Pen Set,Office,Central,Sneha,6,292.07
ORD-202604-02231,2026-04-24,CUST-2440,Mouse Pad,Accessories,West,Amit,3,397.2
ORD-202604-02232,2026-04-14,CUST-0323,Desk Organizer,Office,South,Amit,7,621.55
ORD-202604-02233,2026-04-14,CUST-1853,Monitor Stand,Furniture,North,Ananya,5,1865.28
ORD-202604-02234,2026-04-14,CUST-0084,Webcam,Electronics,North,Rahul,6,1863.87
ORD-202604-02235,2026-04-30,CUST-1216,Notebook,Office,East,Priya,6,180.36
ORD-202604-02236,2026-04-16,CUST-4316,Keyboard,Electronics,South,Ananya,7,1169.57
ORD-202604-02237,2026-04-01,CUST-3594,USB Hub,Accessories,East,Vikram,5,885.42
ORD-202604-02238,2026-04-24,CUST-4823,Desk Organizer,Office,West,Rahul,7,636.87
ORD-202604-02239,2026-04-29,CUST-4783,Mouse Pad,Accessories,East,Rahul,2,389.74
ORD-202604-02240,2026-05-01,CUST-0750,Notebook,Office,West,Vikram,5,201.11
ORD-202604-02241,2026-04-09,CUST-0903,Mouse Pad,Accessories,Central,Karan,4,396.71
ORD-202604-02242,2026-04-13,CUST-4731,USB Hub,Accessories,West,Neha,5,886.39
ORD-202604-02243,2026-04-09,CUST-4035,Desk Organizer,Office,Central,Neha,7,612.44
ORD-202604-02244,2026-04-26,CUST-1318,Notebook,Office,North,Priya,7,216.89
ORD-202604-02245,2026-04-21,CUST-1556,Webcam,Electronics,West,Vikram,1,1918.32
ORD-202604-02246,2026-04-20,CUST-3225,Office Chair,Furniture,West,Amit,6,7487.11
ORD-202604-02247,2026-05-01,CUST-2739,Desk Organizer,Office,West,Karan,7,579.24
ORD-202604-02248,2026-04-27,CUST-1899,Keyboard,Electronics,West,Vikram,5,1241.52
ORD-202604-02249,2026-04-05,CUST-1690,Pen Set,Office,West,Rahul,5,273.84
ORD-202604-02250,2026-04-14,CUST-3094,Mouse Pad,Accessories,North,Priya,5,405.68
ORD-202604-02251,2026-04-29,CUST-4598,Pen Set,Office,East,Rahul,7,313.16
ORD-202604-02252,2026-04-15,CUST-4215,Webcam,Electronics,East,Amit,1,1947.87
ORD-202604-02253,2026-04-12,CUST-3740,Keyboard,Electronics,Central,Sneha,6,1390.02
ORD-202604-02254,2026-04-10,CUST-4304,Webcam,Electronics,South,Rahul,7,1789.2
ORD-202604-02255,2026-04-22,CUST-0295,Mouse Pad,Accessories,East,Sneha,1,412.17
ORD-202604-02256,2026-04-22,CUST-4345,Office Chair,Furniture,West,Sneha,3,6993.09
ORD-202604-02257,2026-04-15,CUST-1971,Laptop Stand,Accessories,North,Amit,5,1443.84
ORD-202604-02258,2026-04-09,CUST-1324,Pen Set,Office,East,Vikram,1,298.24
ORD-202604-02259,2026-04-02,CUST-4328,Pen Set,Office,East,Karan,2,312.25
ORD-202604-02260,2026-04-13,CUST-3885,Study Table,Furniture,West,Priya,3,5928.74
ORD-202604-02261,2026-04-12,CUST-0406,Desk Organizer,Office,central,Sneha,7,611.04
ORD-202604-02262,2026-04-16,CUST-1747,Laptop Stand,Accessories,Central,Vikram,4,1547.86
ORD-202604-02263,2026-04-01,CUST-3347,USB Hub,Accessories,North,Karan,7,977.07
ORD-202604-02264,2026-04-26,CUST-0902,Mouse Pad,Accessories,East,Karan,7,418.18
ORD-202604-02265,2026-04-08,CUST-0846,Laptop Stand,Accessories,Central,Priya,5,1415.37
ORD-202604-02266,2026-04-21,CUST-1543,Keyboard,Electronics,Central,Karan,5,1368.31
ORD-202604-02267,2026-04-16,CUST-1573,Notebook,Office,West,Amit,5,184.21
ORD-202604-02268,2026-04-17,CUST-1741,Study Table,Furniture,South,Sneha,1,5096.63
ORD-202604-02269,2026-04-28,CUST-3969,Mouse Pad,Accessories,West,Ananya,3,434.98
ORD-202604-02270,2026-04-03,CUST-2818,Pen Set,Office,South,Vikram,1,275.8
ORD-202604-02271,2026-04-11,CUST-2230,Pen Set,Office,West,Sneha,2,318.64
ORD-202604-02272,2026-04-03,CUST-3087,Study Table,Furniture,North,Neha,3,5692.4
ORD-202604-02273,2026-04-25,CUST-4880,Notebook,Office,North,Neha,7,209.15
ORD-202604-02274,2026-04-12,CUST-1995,Pen Set,Office,West,Ananya,7,302.65
ORD-202604-02275,2026-04-14,CUST-2336,Study Table,Furniture,East,Priya,3,5782.92
ORD-202604-02276,2026-04-01,CUST-4137,Keyboard,Electronics,West,Amit,3,1417.12
ORD-202604-02277,2026-04-19,CUST-1012,Keyboard,Electronics,North,Sneha,7,1361.88
ORD-202604-02278,2026-04-07,CUST-0267,Notebook,Office,North,Ananya,7,191.83
ORD-202604-02279,2026-04-02,CUST-3038,Study Table,Furniture,South,Vikram,4,5932.48
ORD-202604-02280,2026-04-30,CUST-4337,Monitor Stand,Furniture,Central,Rahul,1,1990.45
ORD-202604-02281,2026-04-17,CUST-3099,USB Hub,Accessories,North,Karan,3,837.71
ORD-202604-02282,2026-04-07,CUST-3651,Headphones,Electronics,South,Ananya,4,2701.52
ORD-202604-02283,2026-04-11,CUST-0841,Desk Organizer,Office,West,Neha,6,588.64
ORD-202604-02284,2026-04-25,CUST-1821,Laptop Stand,Accessories,West,Neha,7,1423.68
ORD-202604-02285,2026-04-15,CUST-1576,Headphones,Electronics,East,Sneha,5,2568.88
ORD-202604-02286,2026-04-21,CUST-3080,Pen Set,Office,Central,Rahul,4,328.63
ORD-202604-02287,2026-04-10,CUST-1282,Office Chair,Furniture,Central,Amit,4,7480.01
ORD-202604-02288,2026-04-04,CUST-2154,Notebook,Office,East,Karan,4,189.09
ORD-202604-02289,2026-04-01,CUST-0678,Laptop Stand,Accessories,East,Priya,5,1562.78
ORD-202604-02290,,CUST-0542,Headphones,Electronics,Central,Sneha,3,2376.29
ORD-202604-02291,2026-04-29,CUST-1516,Monitor Stand,Furniture,West,Vikram,2,2003.93
ORD-202604-02292,2026-04-01,CUST-4820,Headphones,Electronics,West,Vikram,6,2319.34
ORD-202604-02293,2026-04-01,CUST-0463,Pen Set,Office,West,Priya,6,286.36
ORD-202604-02294,2026-04-01,CUST-1766,Keyboard,Electronics,South,Karan,7,1426.43
ORD-202604-02295,2026-04-23,CUST-2683,Mouse Pad,Accessories,East,Karan,5,395.42
ORD-202604-02296,2026-04-28,CUST-4211,Mouse Pad,Accessories,East,Karan,3,418.31
ORD-202604-02297,2026-04-14,CUST-0208,Office Chair,Furniture,West,Vikram,7,6912.69
ORD-202604-02298,2026-05-01,CUST-3894,Study Table,Furniture,West,Priya,7,4951.04
ORD-202604-02299,2026-04-12,CUST-3646,Study Table,Furniture,East,Vikram,5,5668.66
ORD-202604-02300,2026-04-29,CUST-3798,Mouse Pad,Accessories,Central,Vikram,1,392.55
ORD-202604-02301,2026-04-16,CUST-3024,Mouse Pad,Accessories,West,Priya,7,379.96
ORD-202604-02302,2026-04-12,CUST-0177,USB Hub,Accessories,Central,Sneha,5,844.28
ORD-202604-02303,2026-04-28,CUST-0107,Headphones,Electronics,South,Neha,2,2492.03
ORD-202604-02304,2026-04-03,CUST-4169,Headphones,Electronics,North ,Amit,3,2697.72
ORD-202604-02305,2026-04-04,CUST-4249,Headphones,Electronics,West,Karan,1,2419.58
ORD-202604-02306,2026-04-24,CUST-2390,Study Table,Furniture,West,Ananya,1,5570.94
ORD-202604-02307,2026-04-29,CUST-1873,Desk Organizer,Office,South,Amit,3,545.25
ORD-202604-02308,2026-04-09,CUST-4372,Monitor Stand,Furniture,Central,Rahul,5,2087.88
ORD-202604-02309,2026-04-19,CUST-4161,Laptop Stand,Accessories,Central,Amit,5,1583.79
ORD-202604-02310,2026-04-07,CUST-1957,Desk Organizer,Office,South,Neha,4,584.32
ORD-202604-02311,2026-04-06,CUST-0835,Wireless Mouse,Electronics,Central,Amit,5,789.32
ORD-202604-02312,2026-04-15,CUST-3244,Mouse Pad, Accessories,East,Amit,4,364.63
ORD-202604-02313,2026-04-30,CUST-4374,USB Hub,Accessories,North,Karan,5,974.61
ORD-202604-02314,2026-04-03,CUST-1503,Study Table,Furniture,West,Rahul,6,5555.04
ORD-202604-02315,2026-04-28,CUST-0761,USB Hub,Accessories,West,Ananya,7,834.22
ORD-202604-02316,2026-04-01,CUST-3614,Mouse Pad,Accessories,East,Karan,4,-100.0
ORD-202604-02317,2026-05-01,CUST-0300,Study Table,Furniture,East,Ananya,5,5805.38
ORD-202604-02318,2026-04-16,CUST-4960,Laptop Stand,Accessories,North,Amit,3,1409.46
ORD-202604-02319,2026-04-26,CUST-1934,Study Table,Furniture,South,Karan,6,5447.83
ORD-202604-02320,2026-04-20,CUST-1604,Headphones,Electronics,North,Rahul,6,2470.69
ORD-202604-02321,2026-04-27,CUST-4918,Office Chair,Furniture,North,Ananya,2,6820.78
ORD-202604-02322,2026-04-19,CUST-1662,Keyboard,Electronics,East,Sneha,6,1393.77
ORD-202604-02323,2026-04-05,CUST-0996,Notebook,Office,North,Amit,1,207.24
ORD-202604-02324,2026-04-01,CUST-3726,USB Hub,Accessories,Central,Priya,4,967.98
ORD-202604-02325,2026-04-26,,Keyboard,Electronics,North,,7,1306.78
ORD-202604-02326,2026-04-03,CUST-2412,USB Hub,Accessories,North,Karan,5,954.63
ORD-202604-02327,2026-04-23,CUST-0098,Keyboard,Electronics,West,Sneha,1,1230.62
ORD-202604-02328,2026-04-06,CUST-1400,Headphones,Electronics,East,Sneha,4,2388.83
ORD-202604-02329,2026-04-21,CUST-3489,Desk Organizer,Office,Central,Amit,6,598.24
ORD-202604-02330,2026-04-11,CUST-4851,Mouse Pad,Accessories,North,Sneha,5,398.29
ORD-202604-02331,2026-04-28,CUST-0179,Pen Set,Office,North,,7,271.7
ORD-202604-02332,2026-04-23,CUST-0333,Desk Organizer,Office,West,Karan,3,609.26
ORD-202604-02333,2026-04-15,CUST-0238,Desk Organizer,Office,East,Ananya,4,540.97
ORD-202604-02334,2026-04-01,,Pen Set,Office,Central,Sneha,6,280.64
ORD-202604-02335,2026-04-10,CUST-2778,Mouse Pad,Accessories,East,Sneha,5,384.17
ORD-202604-02336,2026-04-06,CUST-0259,Office Chair,Furniture,West,Rahul,5,7471.81
ORD-202604-02337,2026-04-24,CUST-3267,Study Table,Furniture,East,Vikram,2,5164.6
ORD-202604-02338,2026-04-24,CUST-3224,Office Chair,Furniture,West,Sneha,5,6846.05
ORD-202604-02339,2026-04-14,CUST-0725,USB Hub,Accessories,West,Karan,3,925.32
ORD-202604-02340,2026-04-13,CUST-1771,Keyboard,Electronics,Central,Vikram,7,1207.97
ORD-202604-02341,2026-04-18,CUST-1595,Laptop Stand,Accessories,North,Ananya,4,1371.28
ORD-202604-02342,2026-04-15,CUST-3396,Monitor Stand,Furniture,West,Amit,4,1801.91
ORD-202604-02343,2026-04-15,CUST-2494,Pen Set,Office,West,Ananya,1,326.67
ORD-202604-02344,2026-04-04,CUST-3312,Headphones,Electronics,West,Karan,7,2268.86
ORD-202604-02345,2026-04-28,CUST-2975,Laptop Stand,Accessories,West,Neha,2,1544.73
ORD-202604-02346,2026-04-10,CUST-1442,Desk Organizer,Office,West,Priya,3,539.61
ORD-202604-02347,2026-04-13,CUST-0141,Monitor Stand,Furniture,Central,Amit,3,2129.59
ORD-202604-02348,2026-04-11,CUST-1757,Notebook,Office,North,Priya,7,205.75
ORD-202604-02349,2026-04-30,CUST-2382,Study Table,Furniture,East,Vikram,5,6026.69
ORD-202604-02350,2026-04-30,CUST-3726,Mouse Pad,Accessories,,Amit,4,433.8
ORD-202604-02351,2026-04-29,CUST-4004,Office Chair,Furniture,West,Sneha,5,7650.21
ORD-202604-02352,2026-04-18,CUST-0058,Study Table,Furniture,West,Neha,4,5033.48
ORD-202604-02353,2026-04-11,CUST-4615,Notebook,Office,East,Neha,3,202.4
ORD-202604-02354,2026-04-05,CUST-1865,Office Chair,Furniture,West,Neha,7,7344.17
ORD-202604-02355,2026-04-18,CUST-4089,Headphones,Electronics,South,Ananya,-1,2310.91
ORD-202604-02356,2026-04-24,CUST-0975,Wireless Mouse,Electronics, South,Rahul,7,752.56
ORD-202604-02357,2026-04-22,CUST-4336,Mouse Pad,Accessories,East,Karan,1,391.67
ORD-202604-02358,2026-04-29,CUST-2485,Pen Set,Office,South,Karan,2,319.89
ORD-202604-02359,2026-05-01,CUST-3284,Laptop Stand,Accessories,West,Karan,4,1593.77
ORD-202604-02360,2026-04-02,CUST-1057,Mouse Pad,Accessories,East,Sneha,1,424.24
ORD-202604-02361,2026-04-13,CUST-4559,USB Hub,Accessories,West,Karan,2,858.56
ORD-202604-02362,2026-04-17,CUST-3476,USB Hub,Accessories,Central,Rahul,6,946.76
ORD-202604-02363,2026-04-19,CUST-1386,Desk Organizer,Office,North,Ananya,3,550.44
ORD-202604-02364,2026-04-13,CUST-3952,Wireless Mouse,Electronics,South,Vikram,3,870.66
ORD-202604-02365,2026-04-21,CUST-0970,Headphones,Electronics,North,Ananya,1,2497.11
ORD-202604-02366,2026-04-20,CUST-1494,Study Table,Furniture,North,Sneha,1,5737.6
ORD-202604-02367,2026-04-17,CUST-0942,Study Table,Furniture,West,Amit,7,6019.99
ORD-202604-02368,2026-04-04,CUST-2803,Laptop Stand,Accessories,Central,Priya,2,1473.48
ORD-202604-02369,2026-04-09,CUST-3823,Mouse Pad,Accessories,Central,Sneha,1,383.32
ORD-202604-02370,2026-04-05,CUST-2414,Monitor Stand,Furniture,South,Priya,3,1925.21
ORD-202604-02371,2026-04-11,CUST-3283,USB Hub,Accessories,South,Neha,3,825.76
ORD-202604-02372,2026-04-18,CUST-1181,Office Chair,Furniture,Central,Neha,6,7246.23
ORD-202604-02373,2026-04-12,CUST-3909,Keyboard,Electronics,West,Karan,3,1427.88
ORD-202604-02374,2026-04-16,CUST-3738,Office Chair,Furniture,North,Priya,1,7521.15
ORD-202604-02375,2026-04-09,CUST-4548,Mouse Pad,Accessories,North,Priya,7,436.26
ORD-202604-02376,2026-04-22,CUST-1450,Notebook,Office,Central,Amit,4,187.49
ORD-202604-02377,2026-04-16,CUST-1272,Laptop Stand,Accessories,West,Rahul,3,1369.92
ORD-202604-02378,2026-04-23,CUST-2971,Office Chair,Furniture,Central,Sneha,1,6685.41
ORD-202604-02379,2026-04-02,CUST-0357,Webcam,Electronics,Central,Karan,2,1940.51
ORD-202604-02380,2026-04-26,CUST-4306,Webcam,Electronics,South,Amit,5,1987.19
ORD-202604-02381,2026-04-25,CUST-2012,USB Hub,Accessories,West,Sneha,6,949.79
ORD-202604-02382,2026-04-24,CUST-3283,Notebook,Office,North,Rahul,7,180.95
ORD-202604-02383,2026-04-01,CUST-1242,Wireless Mouse,Electronics,East,Priya,5,816.1
ORD-202604-02384,2026-04-30,CUST-1937,Notebook,Office,East,Amit,3,189.65
ORD-202604-02385,2026-04-20,CUST-2519,Webcam,Electronics,North,Rahul,3,1808.83
ORD-202604-02386,2026-04-19,CUST-2662,USB Hub,Accessories,South,Rahul,7,950.01
ORD-202604-02387,2026-04-03,CUST-3469,Headphones,Electronics,East,Ananya,3,2696.06
ORD-202604-02388,2026-04-24,CUST-4433,Notebook,Office,West,Amit,7,202.9
ORD-202604-02389,2026-04-30,CUST-3955,Keyboard,Electronics,West,Vikram,7,1173.99
ORD-202604-02390,2026-04-29,CUST-3171,Desk Organizer,Office,North,Amit,3,578.35
ORD-202604-02391,2026-04-19,CUST-0219,Webcam,Electronics,North,Vikram,4,2066.12
ORD-202604-02392,2026-04-15,CUST-2746,Headphones,Electronics,North,Ananya,2,2559.58
ORD-202604-02393,2026-04-14,CUST-0535,Wireless Mouse,Electronics,south,Ananya,5,852.41
ORD-202604-02394,2026-04-04,CUST-2046,Monitor Stand,Furniture,West,Neha,3,1990.1
ORD-202604-02395,2026-04-12,CUST-4807,Desk Organizer,Office,South,Neha,2,592.62
ORD-202604-02396,2026-04-27,CUST-3776,Mouse Pad,Accessories,Central,Rahul,7,403.31
ORD-202604-02397,2026-04-30,CUST-1010,Laptop Stand,Accessories,West,Sneha,4,1601.98
ORD-202604-02398,2026-04-04,CUST-0861,Desk Organizer,Office,North,Sneha,3,652.59
ORD-202604-02399,2026-04-06,CUST-1386,Mouse Pad,Accessories,North,Amit,1,401.74
ORD-202604-02400,2026-04-11,CUST-3578,Study Table,Furniture,South,Sneha,4,6002.06
ORD-202604-02401,2026-04-15,CUST-1560,Desk Organizer,Office,Central,Vikram,1,632.99
ORD-202604-02402,2026-04-25,CUST-2799,Monitor Stand,Furniture,West,Vikram,2,2109.43
ORD-202604-02403,2026-04-18,CUST-2552,Study Table,Furniture,West,Ananya,1,5988.03
ORD-202604-02404,2026-04-07,CUST-0451,Notebook,Office,South,Priya,2,184.69
ORD-202604-02405,2026-04-05,CUST-3252,Wireless Mouse,Electronics,South,Sneha,7,726.9
ORD-202604-02406,2026-04-07,CUST-4182,Monitor Stand,Furniture,West,Sneha,7,1846.86
ORD-202604-02407,2026-04-06,CUST-2329,Webcam,Electronics,North,Neha,4,1924.21
ORD-202604-02408,2026-04-26,CUST-2882,Notebook,Office,West,Rahul,7,213.29
ORD-202604-02409,2026-04-04,CUST-3582,Desk Organizer,Office,Central,Sneha,4,545.31
ORD-202604-02410,2026-04-11,CUST-3061,Webcam,Electronics,East,Neha,3,1902.46
ORD-202604-02411,2026-04-27,CUST-1594,Office Chair,Furniture,East,Rahul,5,7176.02
ORD-202604-02412,2026-04-16,CUST-2891,Notebook,Office,West,Ananya,5,203.35
ORD-202604-02413,2026-04-02,CUST-2738,Study Table,Furniture,East,Amit,3,5268.94
ORD-202604-02414,2026-04-09,CUST-4571,Keyboard,Electronics,North,Ananya,5,1231.89
ORD-202604-02415,2026-04-06,CUST-4650,Webcam,Electronics,West,Ananya,5,1717.69
ORD-202604-02416,2026-04-12,CUST-2733,Desk Organizer,Office,North,Neha,3,558.19
ORD-202604-02417,2026-04-16,CUST-4515,Study Table,Furniture,Central,Vikram,7,4963.33
ORD-202604-02418,2026-04-25,CUST-3827,Webcam,Electronics,North,Vikram,5,1894.47
ORD-202604-02419,2026-04-30,CUST-2087,Desk Organizer,Office,West,,1,618.52
ORD-202604-02420,2026-04-27,CUST-2686,USB Hub,Accessories,Central,Sneha,7,918.94
ORD-202604-02421,2026-04-16,CUST-3005,Study Table,Furniture,Central,,7,5738.86
ORD-202604-02422,2026-04-15,CUST-4001,Laptop Stand,Accessories,South,Neha,6,1373.85
ORD-202604-02423,2026-04-12,CUST-0834,Monitor Stand,Furniture,North,Vikram,4,2025.5
ORD-202604-02424,2026-04-16,CUST-3930,Webcam,Electronics,South,Ananya,4,1786.48
ORD-202604-02425,2026-04-05,CUST-4698,Monitor Stand,Furniture,East,Neha,2,2057.17
ORD-202604-02426,2026-04-22,CUST-4959,Desk Organizer,Office,South,Priya,5,635.87
ORD-202604-02427,2026-04-04,CUST-0159,Headphones,Electronics,West,Neha,3,2567.85
ORD-202604-02428,2026-04-09,CUST-2980,Laptop Stand,Accessories,West,Vikram,6,1467.59
ORD-202604-02429,2026-04-26,CUST-2455,Wireless Mouse,Electronics,North,Priya,4,780.86
ORD-202604-02430,2026-04-24,CUST-1802,Monitor Stand,Furniture,South,Priya,6,2022.46
ORD-202604-02431,2026-04-12,CUST-2893,Headphones,Electronics,South,Priya,5,2695.07
ORD-202604-02432,2026-04-30,CUST-4528,Wireless Mouse,Electronics,East,Rahul,7,824.0
ORD-202604-02433,2026-04-15,CUST-0044,Notebook,Office,Central,Karan,6,183.01
ORD-202604-02434,2026-04-06,CUST-3261,USB Hub,accessories,North,Neha,6,950.21
ORD-202604-02435,2026-04-30,CUST-1202,Pen Set,Office,North,Rahul,2,272.27
ORD-202604-02436,2026-04-12,CUST-3068,Mouse Pad,Accessories,Central,Ananya,1,388.89
ORD-202604-02437,2026-04-13,CUST-3794,Headphones,Electronics,East,Karan,4,2437.81
ORD-202604-02438,2026-04-05,CUST-3716,Notebook,Office,Central,Amit,6,203.93
ORD-202604-02439,2026-04-07,CUST-0597,Study Table,Furniture,West,Sneha,6,5868.63
ORD-202604-02440,2026-04-04,CUST-2524,Keyboard,Electronics,South,Amit,1,1240.87
ORD-202604-02441,2026-04-16,CUST-3549,Webcam,Electronics,South,Ananya,7,1950.16
ORD-202604-02442,2026-04-19,CUST-3561,Study Table,Furniture,North,Amit,6,5585.24
ORD-202604-02443,,CUST-1958,Study Table,Furniture,West,Rahul,7,5619.96
ORD-202604-02444,2026-04-09,CUST-4918,Headphones,Electronics,South,Neha,1,2258.56
ORD-202604-02445,2026-04-01,CUST-1123,Office Chair,Furniture,North,Priya,4,7015.65
ORD-202604-02446,2026-04-09,CUST-3583,Laptop Stand,Accessories,North,Priya,3,1629.74
ORD-202604-02447,2026-04-30,CUST-1131,Desk Organizer,Office,Central ,Rahul,5,568.64
ORD-202604-02448,,CUST-3809,Notebook,Office,Central,Karan,3,210.36
ORD-202604-02449,2026-04-08,CUST-1820,USB Hub,Accessories,,Neha,7,938.76
ORD-202604-02450,2026-04-22,CUST-3502,Wireless Mouse,Electronics,Central,Karan,7,876.65
ORD-202604-02451,2026-04-15,CUST-0494,Laptop Stand,Accessories,East,Karan,7,1444.38
ORD-202604-02452,2026-04-10,CUST-3192,Pen Set,Office,South,Priya,7,320.06
ORD-202604-02453,2026-04-09,CUST-2897,Desk Organizer,Office,West,Neha,4,572.18
ORD-202604-02454,2026-04-17,CUST-3194,Headphones,Electronics,West,Vikram,4,2478.17
ORD-202604-02455,2026-05-01,CUST-4812,Headphones,Electronics,North,Rahul,4,2490.07
ORD-202604-02456,2026-04-26,CUST-4932,Desk Organizer,Office,West,Neha,4,623.23
ORD-202604-02457,2026-04-17,CUST-2589,Webcam,Electronics,West,Rahul,5,1803.17
ORD-202604-02458,2026-04-03,CUST-3295,Webcam,Electronics,West,,4,1836.95
ORD-202604-02459,2026-04-22,CUST-0553,USB Hub,Accessories,West,Amit,2,984.52
ORD-202604-02460,2026-04-06,CUST-0234,Notebook,Office,North,Ananya,5,205.1
ORD-202604-02461,2026-04-27,CUST-1881,Laptop Stand,Accessories,Central,Neha,3,1514.04
ORD-202604-02462,2026-04-17,CUST-1061,Mouse Pad,Accessories,Central,Ananya,1,363.52
ORD-202604-02463,2026-04-05,CUST-2621,Monitor Stand,Furniture,,Amit,7,2198.01
ORD-202604-02464,2026-04-09,CUST-1378,Study Table,Furniture,East,Karan,3,5791.06
ORD-202604-02465,2026-04-13,CUST-2009,Mouse Pad,Accessories,West,Sneha,4,437.08
ORD-202604-02466,2026-04-30,CUST-3398,Laptop Stand,Accessories,Central,Rahul,5,1449.9
ORD-202604-02467,2026-04-20,CUST-2085,USB Hub,Accessories,West,Sneha,2,831.85
ORD-202604-02468,2026-04-03,CUST-0815,Mouse Pad,Accessories,South,,2,418.63
ORD-202604-02469,2026-04-16,CUST-2444,USB Hub,Accessories,West,Vikram,4,941.65
ORD-202604-02470,2026-04-11,CUST-4467,Mouse Pad,Accessories,Central,Sneha,5,428.55
ORD-202604-02471,2026-04-25,CUST-3944,Notebook,Office,East,Neha,7,179.39
ORD-202604-02472,2026-04-01,CUST-0844,Keyboard,Electronics,South,Sneha,7,1321.63
ORD-202604-02473,2026-04-28,CUST-4107,Notebook,Office,East,Priya,7,184.77
ORD-202604-02474,2026-04-01,CUST-4190,Notebook,Office,North,Rahul,6,198.16
ORD-202604-02475,2026-04-17,CUST-3308,Monitor Stand,Furniture,East,Ananya,6,2198.61
ORD-202604-02476,2026-04-03,CUST-4583,Mouse Pad,Accessories,North,Amit,4,418.58
ORD-202604-02477,2026-04-12,CUST-2871,USB Hub,Accessories,North,Priya,3,856.62
ORD-202604-02478,2026-04-13,CUST-4961,Headphones,Electronics,South,Ananya,2,2561.43
ORD-202604-02479,2026-04-19,CUST-0590,Keyboard,Electronics,South,Priya,6,1294.17
ORD-202604-02480,2026-04-11,CUST-0081,Pen Set,Office,East,Rahul,3,296.21
ORD-202604-02481,2026-04-29,CUST-2087,USB Hub,Accessories,West,Vikram,7,820.85
ORD-202604-02482,2026-04-14,CUST-2407,Mouse Pad,Accessories,West,Karan,1,410.57
ORD-202604-02483,2026-04-28,CUST-2857,Webcam, Electronics,South,Vikram,4,1941.76
ORD-202604-02484,2026-04-12,CUST-3954,Keyboard,Electronics,North,Amit,2,1192.63
ORD-202604-02485,2026-04-21,CUST-3839,Monitor Stand,Furniture ,North,Vikram,3,1850.69
ORD-202604-02486,2026-04-03,CUST-4606,Pen Set,Office,South,Neha,7,296.65
ORD-202604-02487,2026-04-11,CUST-1489,Notebook,Office,,Neha,2,200.52
ORD-202604-02488,2026-04-19,CUST-2577,Mouse Pad,Accessories,East,Rahul,7,374.36
ORD-202604-02489,2026-04-11,CUST-3128,Wireless Mouse,Electronics,North,Karan,7,852.02
ORD-202604-02490,2026-04-11,CUST-1206,Study Table,Furniture,West,Ananya,5,5728.58
ORD-202604-02491,2026-04-15,CUST-2750,Pen Set,Office,South,Amit,7,282.57
ORD-202604-02492,2026-04-17,CUST-1743,Notebook,Office,West,Ananya,5,211.1
ORD-202604-02493,2026-04-15,CUST-1851,Monitor Stand,Furniture,West,Rahul,7,2033.25
ORD-202604-02494,2026-04-25,CUST-2022,Webcam,Electronics,West,Sneha,2,1829.53
ORD-202604-02495,2026-04-18,CUST-2487,Headphones,Electronics,Central,Neha,3,2663.15
ORD-202604-02496,2026-04-29,CUST-3964,Desk Organizer,Office,west,Rahul,3,600.46
ORD-202604-02497,2026-04-07,CUST-0359,Study Table,Furniture,South,Amit,7,5429.99
ORD-202604-02498,2026-04-28,CUST-4671,USB Hub,Accessories,North,Priya,2,811.96
ORD-202604-02499,2026-04-11,CUST-1055,Headphones,Electronics,West,Ananya,7,2659.56
ORD-202604-02500,2026-04-12,CUST-2296,Office Chair,Furniture,South,Sneha,7,6685.72
ORD-202604-02501,2026-04-25,CUST-3701,Headphones,Electronics,North,,4,2394.26
ORD-202604-02502,2026-04-06,CUST-4792,USB Hub,Accessories,Central,Vikram,6,959.32
ORD-202604-02503,2026-04-28,CUST-0171,USB Hub,Accessories,,Sneha,1,824.61
ORD-202604-02504,2026-04-18,CUST-3462,Headphones,Electronics,West,Sneha,3,2726.17
ORD-202604-02505,2026-04-19,CUST-2759,Monitor Stand,Furniture,North,Ananya,3,1931.52
ORD-202604-02506,2026-04-28,CUST-2312,Mouse Pad,Accessories,Central,Karan,3,385.71
ORD-202604-02507,2026-04-18,,Notebook,Office,West,Vikram,1,206.92
ORD-202604-02508,2026-04-25,CUST-0537,Keyboard,Electronics,Central,Neha,1,1262.87
ORD-202604-02509,2026-04-09,CUST-0558,Office Chair,Furniture,East,Neha,3,6678.26
ORD-202604-02510,2026-04-15,CUST-2528,USB Hub,Accessories,North,Amit,2,837.75
ORD-202604-02511,2026-04-07,CUST-3831,Keyboard,Electronics,South,Vikram,7,1255.34
ORD-202604-02512,2026-04-25,CUST-1960,Notebook,Office,East,Rahul,2,217.81
ORD-202604-02513,2026-04-29,CUST-3585,Notebook,Office,West,Ananya,6,184.32
ORD-202604-02514,2026-04-06,CUST-0644,Pen Set,Office,,Ananya,2,325.08
ORD-202604-02515,2026-04-29,CUST-3039,Office Chair,Furniture,North,Rahul,7,7103.03
ORD-202604-02516,2026-04-01,CUST-4418,Laptop Stand,Accessories,West,Ananya,7,1551.39
ORD-202604-02517,2026-04-25,CUST-0045,Laptop Stand,Accessories,Central,Priya,1,1587.64
ORD-202604-02518,2026-04-29,CUST-0600,Headphones,Electronics,North,Rahul,1,2271.19
ORD-202604-02519,2026-04-25,CUST-3492,Monitor Stand,Furniture,South,Ananya,7,2188.65
ORD-202604-02520,2026-04-30,CUST-4681,Laptop Stand,Accessories,West,Ananya,4,1576.86
ORD-202604-02521,2026-04-28,CUST-3221,Monitor Stand,Furniture,East,Sneha,5,2119.75
ORD-202604-02522,2026-04-23,CUST-0124,Mouse Pad,Accessories,,Amit,3,393.07
ORD-202604-02523,2026-04-06,CUST-0741,Monitor Stand,Furniture,West,Ananya,1,2037.84
ORD-202604-02524,2026-04-11,CUST-0947,Notebook,Office,East,Priya,3,201.44
ORD-202604-02525,2026-04-07,CUST-0504,Monitor Stand,Furniture,North,Rahul,6,1838.32
ORD-202604-02526,2026-04-03,CUST-3568,Office Chair,Furniture,West,Amit,2,6570.14
ORD-202604-02527,2026-04-15,CUST-1341,Wireless Mouse,Electronics,East,Rahul,3,841.94
ORD-202604-02528,2026-04-02,CUST-4772,Wireless Mouse,Electronics,North,Priya,6,798.08
ORD-202604-02529,2026-04-06,CUST-0847,Keyboard,Electronics,East,Vikram,4,1217.32
ORD-202604-02530,2026-04-01,CUST-0301,Mouse Pad,Accessories,South,Priya,3,427.52
ORD-202604-02531,2026-04-24,CUST-4109,Headphones,Electronics,East,Vikram,5,2334.32
ORD-202604-02532,2026-04-10,CUST-1259,Headphones,Electronics,North,Ananya,5,2710.58
ORD-202604-02533,2026-04-26,CUST-3808,Webcam,Electronics,North,Neha,5,1995.78
ORD-202604-02534,2026-04-09,CUST-2986,Study Table,Furniture,East,Sneha,3,5846.05
ORD-202604-02535,2026-04-19,CUST-3744,Webcam,Electronics,South,Priya,7,1901.06
ORD-202604-02536,2026-04-09,CUST-4714,Pen Set,Office,north,Sneha,7,299.13
ORD-202604-02537,2026-04-18,CUST-0607,Laptop Stand,Accessories,South,Vikram,5,1385.06
ORD-202604-02538,2026-04-28,CUST-2131,Webcam,Electronics,South,Neha,2,2063.8
ORD-202604-02539,2026-04-12,CUST-0570,Keyboard,Electronics,Central,Amit,3,1270.3
ORD-202604-02540,2026-04-06,CUST-2904,Notebook,Office,West,Karan,6,201.81
ORD-202604-02541,2026-04-09,CUST-4566,Notebook,Office,West,Sneha,6,-100.0
ORD-202604-02542,2026-04-04,CUST-1776,Study Table,Furniture,North,Amit,6,5167.29
ORD-202604-02543,2026-04-23,CUST-2538,Office Chair,Furniture,South,Rahul,4,7516.8
ORD-202604-02544,2026-04-13,CUST-0630,Keyboard,Electronics,South,Vikram,7,1282.47
ORD-202604-02545,2026-04-15,CUST-0601,Notebook,Office,East,Rahul,3,194.39
ORD-202604-02546,2026-04-25,CUST-0111,Laptop Stand,Accessories,West,Vikram,7,1427.92
ORD-202604-02547,2026-04-18,,Notebook,Office,West,Vikram,7,217.29
ORD-202604-02548,2026-04-15,CUST-3362,Mouse Pad,Accessories,West,Neha,5,413.0
ORD-202604-02549,2026-04-05,CUST-0010,Laptop Stand,Accessories,Central,Ananya,7,1497.13
ORD-202604-02550,2026-04-21,CUST-4388,Webcam,Electronics,West,Amit,6,2071.78
ORD-202604-02551,2026-04-13,CUST-3099,Mouse Pad,Accessories,South,Ananya,2,405.0
ORD-202604-02552,2026-04-21,CUST-0822,Keyboard,Electronics,East,Rahul,4,1410.84
ORD-202604-02553,2026-04-02,CUST-2434,Mouse Pad,Accessories,East,Priya,2,371.83
ORD-202604-02554,2026-04-05,CUST-2910,Headphones,Electronics,West,Amit,7,2454.3
ORD-202604-02555,2026-04-29,CUST-4478,Headphones,Electronics,West,Amit,7,2522.5
ORD-202604-02556,2026-04-23,CUST-3707,Laptop Stand,Accessories,West,Karan,5,1402.68
ORD-202604-02557,2026-04-19,CUST-4219,Office Chair,Furniture,South,Karan,1,7187.7
ORD-202604-02558,2026-04-04,CUST-1494,Desk Organizer,Office,East,Sneha,6,627.4
ORD-202604-02559,2026-04-18,CUST-0248,Monitor Stand,Furniture,South,Karan,2,1894.69
ORD-202604-02560,2026-04-23,CUST-1918,Monitor Stand,Furniture,South,Priya,2,1956.19
ORD-202604-02561,2026-04-25,CUST-4423,Headphones,Electronics,Central,Priya,1,2712.94
ORD-202604-02562,2026-04-29,CUST-4621,Headphones,Electronics,North,Karan,1,2543.53
ORD-202604-02563,2026-04-27,CUST-2332,Monitor Stand,Furniture,,Neha,7,2077.3
ORD-202604-02564,2026-04-04,CUST-1680,Office Chair,Furniture,Central,Sneha,1,7412.77
ORD-202604-02565,2026-04-11,CUST-2996,Pen Set,Office,East,Amit,4,282.27
ORD-202604-02566,2026-04-04,CUST-1344,USB Hub,Accessories,East,Rahul,5,938.31
ORD-202604-02567,2026-04-05,CUST-0664,Webcam,Electronics, Central,Priya,5,2045.68
ORD-202604-02568,2026-05-01,CUST-0442,Keyboard,Electronics,West,Ananya,6,1416.7
ORD-202604-02569,2026-04-13,CUST-4862,Study Table,Furniture,Central,Ananya,6,5057.86
ORD-202604-02570,2026-05-01,CUST-3028,Notebook,Office,East,Priya,2,187.4
ORD-202604-02571,2026-05-01,CUST-3837,Wireless Mouse,Electronics,West,Karan,5,720.09
ORD-202604-02572,2026-04-16,CUST-2341,USB Hub,Accessories,West,Amit,5,880.33
ORD-202604-02573,2026-04-19,CUST-1533,Desk Organizer,Office,West,Amit,2,575.16
ORD-202604-02574,2026-04-05,CUST-4797,Webcam,Electronics,Central,Vikram,4,1932.25
ORD-202604-02575,2026-04-07,CUST-4863,Study Table,Furniture,East,Sneha,5,5217.71
ORD-202604-02576,2026-04-20,CUST-2964,Laptop Stand,Accessories,North,Rahul,5,1558.99
ORD-202604-02577,2026-04-27,CUST-4604,Office Chair,Furniture,East,Vikram,5,7642.6
ORD-202604-02578,2026-04-17,CUST-1184,Mouse Pad,Accessories,South,Karan,2,367.17
ORD-202604-02579,2026-04-07,CUST-0577,Office Chair, Furniture,South,Amit,6,6599.55
ORD-202604-02580,2026-04-13,CUST-0291,Mouse Pad,Accessories,South,Sneha,2,374.6
ORD-202604-02581,2026-04-19,CUST-1757,Pen Set,Office,Central,Vikram,4,327.64
ORD-202604-02582,2026-04-23,,USB Hub,Accessories,Central,Priya,6,913.56
ORD-202604-02583,2026-04-04,CUST-0440,Headphones,Electronics,South,Vikram,7,2405.06
ORD-202604-02584,2026-04-08,CUST-3733,Keyboard,Electronics,North,Priya,1,1268.0
ORD-202604-02585,2026-04-06,CUST-0976,Mouse Pad,Accessories,West,Amit,7,423.99
ORD-202604-02586,2026-04-25,CUST-2990,Mouse Pad, Accessories,Central,Priya,5,419.15
ORD-202604-02587,2026-04-09,CUST-4211,Pen Set,Office,Central,Karan,2,294.14
ORD-202604-02588,2026-04-21,CUST-2259,Study Table,Furniture,North,Neha,1,5262.34
ORD-202604-02589,2026-04-04,CUST-2841,Monitor Stand,Furniture,West,Rahul,2,2181.91
ORD-202604-02590,2026-04-04,CUST-0207,USB Hub,Accessories,Central,Rahul,1,959.47
ORD-202604-02591,2026-04-04,CUST-4707,Wireless Mouse,Electronics,Central,Sneha,3,720.13
ORD-202604-02592,2026-04-14,CUST-2887,Notebook,Office,North,Ananya,2,199.37
ORD-202604-02593,2026-04-01,CUST-2709,Study Table,Furniture,,Sneha,1,4996.07
ORD-202604-02594,2026-04-17,CUST-0627,Pen Set,Office,North,Neha,3,301.86
ORD-202604-02595,2026-04-09,CUST-0592,Notebook,Office,West,Ananya,6,216.64
ORD-202604-02596,2026-04-15,CUST-3790,USB Hub,Accessories,Central,Amit,7,812.69
ORD-202604-02597,2026-04-20,CUST-4865,Study Table,Furniture,West,Ananya,7,5285.77
ORD-202604-02598,,CUST-4461,Office Chair,Furniture,Central,Ananya,4,7002.55
ORD-202604-02599,2026-04-25,CUST-2147,Study Table,Furniture,North,Sneha,5,5230.63
ORD-202604-02600,2026-04-25,CUST-4624,Wireless Mouse,Electronics,East,Rahul,4,738.44
ORD-202604-02601,2026-04-19,CUST-3486,Webcam,Electronics,North,Vikram,5,1812.0
ORD-202604-02602,2026-04-17,,Keyboard,Electronics,West,Ananya,6,1269.64
ORD-202604-02603,2026-04-18,CUST-2764,Notebook,Office,Central,Ananya,3,191.49
ORD-202604-02604,2026-04-07,CUST-2159,Wireless Mouse,Electronics,North,Karan,2,877.94
ORD-202604-02605,2026-04-16,CUST-3493,Office Chair,Furniture,Central,Rahul,7,7645.23
ORD-202604-02606,2026-04-19,CUST-3018,Monitor Stand,Furniture,Central,Amit,5,2052.3
ORD-202604-02607,2026-04-29,CUST-1937,Office Chair,Furniture,West,Sneha,4,6375.44
ORD-202604-02608,2026-04-10,CUST-2257,Keyboard,Electronics,Central,Vikram,5,1189.49
ORD-202604-02609,2026-04-22,CUST-0561,Mouse Pad,Accessories,North,Priya,1,414.92
ORD-202604-02610,2026-04-07,CUST-3302,Office Chair,Furniture,Central,Sneha,6,7234.55
ORD-202604-02611,2026-04-03,CUST-2617,USB Hub,Accessories,South,Sneha,6,841.44
ORD-202604-02612,2026-05-01,CUST-2543,Keyboard,Electronics,Central,Priya,1,1398.8
ORD-202604-02613,2026-04-08,CUST-4540,Desk Organizer,Office,West,Sneha,2,625.32
ORD-202604-02614,2026-04-20,CUST-0542,USB Hub,Accessories,East,Vikram,5,845.45
ORD-202604-02615,2026-04-09,CUST-1494,Study Table,Furniture,Central,Priya,6,5944.52
ORD-202604-02616,2026-04-11,CUST-0768,Notebook,Office,South,Priya,1,208.42
ORD-202604-02617,2026-04-24,CUST-2283,Laptop Stand,Accessories,North,Priya,2,1621.28
ORD-202604-02618,2026-04-09,CUST-3206,Office Chair,Furniture,Central,Neha,4,7546.29
ORD-202604-02619,2026-04-03,CUST-2036,Desk Organizer,Office,Central,Karan,1,539.51
ORD-202604-02620,2026-04-13,CUST-4004,Headphones,Electronics,South,Ananya,3,2518.13
ORD-202604-02621,2026-04-24,CUST-0291,Webcam,Electronics,West,Neha,4,1747.61
ORD-202604-02622,2026-04-24,CUST-0081,Pen Set,Office,Central,Karan,6,289.45
ORD-202604-02623,2026-04-19,CUST-4987,Monitor Stand,Furniture,South,Sneha,2,1918.33
ORD-202604-02624,2026-04-24,CUST-1709,Study Table,Furniture,South,Sneha,6,5512.9
ORD-202604-02625,2026-04-25,CUST-4837,Headphones,Electronics,Central,Priya,2,2672.18
ORD-202604-02626,2026-04-18,CUST-1112,Monitor Stand,Furniture,East,Karan,5,1857.19
ORD-202604-02627,2026-04-15,,Mouse Pad,Accessories,North,Priya,2,396.35
ORD-202604-02628,2026-04-26,CUST-4729,Monitor Stand,Furniture,East,Karan,2,2140.46
ORD-202604-02629,2026-04-22,CUST-0400,Webcam,Electronics,North,Rahul,6,1886.65
ORD-202604-02630,2026-04-17,CUST-1653,Monitor Stand, Furniture,South,Amit,3,1906.63
ORD-202604-02631,2026-04-04,CUST-3061,Notebook,Office,Central,Amit,7,201.43
ORD-202604-02632,2026-04-25,CUST-2249,Laptop Stand,Accessories,South,Ananya,3,1354.02
ORD-202604-02633,2026-04-02,CUST-1911,Laptop Stand,Accessories,South,Rahul,2,1485.25
ORD-202604-02634,2026-04-25,CUST-3658,Headphones,Electronics,West,Ananya,2,2511.61
ORD-202604-02635,2026-04-18,CUST-1523,Monitor Stand,Furniture,East,Rahul,3,1887.35
ORD-202604-02636,2026-04-18,CUST-0586,USB Hub,Accessories,South,Amit,3,854.28
ORD-202604-02637,2026-04-30,CUST-2554,Pen Set,Office,Central,Rahul,2,275.3
ORD-202604-02638,2026-04-06,CUST-1428,Headphones,Electronics,West,Rahul,3,2695.64
ORD-202604-02639,2026-04-14,CUST-0389,Laptop Stand,Accessories,East,Neha,5,1363.81
ORD-202604-02640,2026-04-23,CUST-4497,Monitor Stand,Furniture,East,Rahul,3,2155.64
ORD-202604-02641,2026-04-29,CUST-0464,Wireless Mouse,Electronics,North,Neha,1,872.5
ORD-202604-02642,2026-04-26,CUST-3227,USB Hub,Accessories,North,Ananya,6,912.49
ORD-202604-02643,2026-04-22,CUST-2323,Notebook,Office,Central,Neha,1,214.6
ORD-202604-02644,2026-04-17,CUST-2462,Laptop Stand,Accessories,South,Vikram,5,1505.2
ORD-202604-02645,2026-04-29,CUST-3440,Notebook,Office,West,Priya,2,180.46
ORD-202604-02646,2026-04-22,CUST-3214,Study Table,Furniture,South,Sneha,6,5221.81
ORD-202604-02647,2026-04-18,CUST-1203,Laptop Stand,Accessories,South,Sneha,4,1640.25
ORD-202604-02648,2026-04-16,CUST-3181,Webcam,Electronics,South,Priya,6,2018.03
ORD-202604-02649,2026-04-11,CUST-1121,Webcam,Electronics,North,Karan,3,2082.46
ORD-202604-02650,2026-04-01,CUST-1230,Mouse Pad,Accessories,North,Vikram,2,393.26
ORD-202604-02651,2026-04-23,CUST-4630,Study Table,Furniture,North,Karan,1,5198.7
ORD-202604-02652,2026-04-25,CUST-4746,USB Hub,Accessories,North,Priya,7,856.94
ORD-202604-02653,2026-04-02,CUST-1258,Pen Set,Office,West,,7,318.5
ORD-202604-02654,2026-04-15,CUST-1698,Office Chair,Furniture,West,Karan,5,6581.77
ORD-202604-02655,2026-04-11,CUST-2433,Keyboard,Electronics,South,Rahul,6,1327.03
ORD-202604-02656,2026-04-30,CUST-2075,Mouse Pad,Accessories,South,Neha,6,430.89
ORD-202604-02657,2026-04-26,CUST-1498,Monitor Stand,Furniture,South,Sneha,1,2124.8
ORD-202604-02658,2026-04-01,CUST-0558,Laptop Stand,Accessories,Central,Rahul,7,1475.85
ORD-202604-02659,2026-04-13,CUST-4218,Webcam,Electronics,West,Karan,7,1857.15
ORD-202604-02660,2026-04-27,CUST-2623,Keyboard,Electronics,North,Rahul,6,1323.55
ORD-202604-02661,2026-04-21,CUST-1251,Headphones,Electronics,West,Neha,5,2467.78
ORD-202604-02662,2026-04-05,CUST-3024,Notebook,Office,West,Amit,4,190.03
ORD-202604-02663,2026-04-14,CUST-0466,Office Chair,Furniture,East,Sneha,3,6457.46
ORD-202604-02664,2026-04-03,CUST-2516,Pen Set,Office,South,Priya,4,287.73
ORD-202604-02665,2026-04-08,CUST-3677,Notebook,Office,West,Ananya,2,184.7
ORD-202604-02666,2026-04-13,CUST-3791,Webcam,Electronics,West,Neha,4,1732.88
ORD-202604-02667,2026-04-28,CUST-3267,Mouse Pad,Accessories,West,Priya,3,430.58
ORD-202604-02668,2026-04-06,CUST-1685,Pen Set,Office,West,Amit,7,308.56
ORD-202604-02669,2026-04-17,CUST-4883,Headphones,Electronics,North,Priya,1,2731.14
ORD-202604-02670,2026-04-21,CUST-2981,Mouse Pad,Accessories,South,Vikram,1,418.69
ORD-202604-02671,,CUST-3547,Notebook,Office,West,Priya,6,208.17
ORD-202604-02672,2026-04-19,CUST-1081,Wireless Mouse,Electronics,South,Priya,3,795.4
ORD-202604-02673,2026-04-05,CUST-0725,Pen Set,Office,North,Sneha,4,306.13
ORD-202604-02674,2026-04-26,CUST-4708,Wireless Mouse,Electronics,Central,Vikram,2,734.42
ORD-202604-02675,2026-04-30,CUST-4230,USB Hub,Accessories,West,Amit,2,928.52
ORD-202604-02676,2026-04-27,,Wireless Mouse,Electronics,South,,4,821.78
ORD-202604-02677,2026-04-06,CUST-1058,Webcam,Electronics,Central,Vikram,1,1894.88
ORD-202604-02678,2026-04-10,CUST-1240,USB Hub,Accessories,North,Rahul,5,927.12
ORD-202604-02679,2026-04-02,CUST-2431,Keyboard,Electronics,West,Priya,1,1378.68
ORD-202604-02680,2026-04-24,CUST-0456,Office Chair,Furniture,West,Karan,6,6881.55
ORD-202604-02681,2026-04-07,CUST-2349,Study Table,Furniture,East,Neha,3,5308.5
ORD-202604-02682,2026-04-30,CUST-0837,Laptop Stand,Accessories,South,Sneha,1,1437.14
ORD-202604-02683,2026-04-20,,Notebook,Office,North,Ananya,4,213.94
ORD-202604-02684,2026-04-10,CUST-0749,Pen Set,Office,West,Rahul,4,326.92
ORD-202604-02685,2026-04-15,CUST-0186,Mouse Pad,Accessories,Central,Karan,1,423.35
ORD-202604-02686,2026-04-12,CUST-3537,Office Chair,Furniture,East,Neha,3,7268.68
ORD-202604-02687,2026-04-03,CUST-3045,Study Table,Furniture,South,Ananya,3,5874.04
ORD-202604-02688,2026-04-05,CUST-0047,Notebook,Office,South,Neha,6,209.56
ORD-202604-02689,2026-04-17,CUST-3302,Pen Set,Office,West,Amit,6,287.05
ORD-202604-02690,2026-05-01,CUST-1311,Monitor Stand,Furniture,North,Rahul,2,1904.63
ORD-202604-02691,2026-04-06,CUST-4979,Study Table,Furniture,Central,Priya,7,5907.48
ORD-202604-02692,2026-04-30,CUST-2010,Webcam,Electronics,South,Rahul,2,2034.95
ORD-202604-02693,2026-04-06,CUST-0885,Monitor Stand,Furniture,Central,Neha,4,1913.3
ORD-202604-02694,2026-04-22,CUST-0142,Mouse Pad,Accessories ,South,Ananya,2,380.86
ORD-202604-02695,2026-04-29,CUST-0571,Monitor Stand,Furniture,East,Karan,2,2184.78
ORD-202604-02696,2026-04-01,CUST-1260,Notebook,Office,West,Priya,4,202.01
ORD-202604-02697,2026-04-10,CUST-1891,Monitor Stand,Furniture,South,Vikram,2,2101.37
ORD-202604-02698,2026-04-16,CUST-3909,Headphones,Electronics,East,Neha,1,2269.5
ORD-202604-02699,2026-04-17,CUST-2198,Office Chair,Furniture,South,Amit,7,7011.68
ORD-202604-02700,,CUST-4261,Mouse Pad,Accessories,Central,Neha,5,391.25
ORD-202604-02701,2026-04-10,CUST-1773,Keyboard,Electronics,South,Ananya,5,1237.94
ORD-202604-02702,2026-04-03,,Pen Set,Office,North,Ananya,7,288.19
ORD-202604-02703,2026-04-21,CUST-4555,Notebook,Office,Central,Karan,6,213.05
ORD-202604-02704,2026-04-14,CUST-3569,Keyboard,Electronics,East,Karan,2,1174.14
ORD-202604-02705,2026-04-07,CUST-4878,Keyboard,Electronics,North,Vikram,7,1350.39
ORD-202604-02706,2026-04-03,CUST-4222,Pen Set,Office,South,Amit,4,299.6
ORD-202604-02707,2026-04-11,CUST-0340,Monitor Stand,Furniture,North,Rahul,6,1949.37
ORD-202604-02708,2026-04-28,CUST-0407,Mouse Pad,Accessories,East,Vikram,7,430.47
ORD-202604-02709,2026-04-02,CUST-0186,Laptop Stand,Accessories,North,Rahul,1,1576.8
ORD-202604-02710,2026-04-20,CUST-4049,Laptop Stand,Accessories,North,Amit,6,1530.46
ORD-202604-02711,2026-04-08,CUST-3653,Desk Organizer,Office,North,Rahul,1,589.14
ORD-202604-02712,2026-04-20,CUST-4191,Laptop Stand,Accessories,South,Amit,6,1623.23
ORD-202604-02713,2026-04-28,CUST-3936,Notebook,Office,East,Karan,5,216.46
ORD-202604-02714,2026-04-10,CUST-3578,Study Table,Furniture,West,Rahul,2,5755.9
ORD-202604-02715,2026-04-13,CUST-0422,Office Chair,Furniture,West,Vikram,-1,6893.26
ORD-202604-02716,2026-04-13,CUST-2045,Monitor Stand,Furniture,Central,Amit,4,2192.18
ORD-202604-02717,2026-04-23,CUST-4839,Desk Organizer,Office,West,Neha,3,544.46
ORD-202604-02718,2026-04-24,CUST-2578,Laptop Stand,Accessories,East,Sneha,7,1603.77
ORD-202604-02719,2026-04-13,CUST-0217,Keyboard,Electronics,West,Rahul,4,1246.19
ORD-202604-02720,2026-04-03,CUST-0772,USB Hub,Accessories,South,Ananya,2,896.75
ORD-202604-02721,2026-04-17,CUST-1968,Laptop Stand,Accessories,South,Rahul,7,1374.83
ORD-202604-02722,2026-04-22,CUST-3755,Mouse Pad,Accessories,South,Ananya,1,396.32
ORD-202604-02723,2026-04-15,CUST-4009,Monitor Stand,Furniture,South,Sneha,5,1890.84
ORD-202604-02724,2026-04-16,CUST-3594,Pen Set,Office,East,Priya,3,287.98
ORD-202604-02725,2026-04-21,CUST-3229,Headphones,Electronics,Central,Priya,6,2532.06
ORD-202604-02726,2026-04-13,CUST-3115,Webcam,Electronics,East,Karan,2,2078.32
ORD-202604-02727,2026-04-23,CUST-2823,Headphones,Electronics,Central,Vikram,5,2361.7
ORD-202604-02728,2026-04-20,CUST-4161,Laptop Stand,Accessories,Central,Rahul,4,1451.89
ORD-202604-02729,2026-04-04,CUST-3552,Monitor Stand,Furniture,,Vikram,4,1894.97
ORD-202604-02730,2026-04-01,CUST-0414,Keyboard,Electronics,Central,Rahul,5,1300.31
ORD-202604-02731,2026-05-01,CUST-4716,Desk Organizer,Office,South,Neha,3,571.16
ORD-202604-02732,2026-04-17,CUST-2635,Wireless Mouse,Electronics,South,Sneha,3,749.82
ORD-202604-02733,2026-04-25,CUST-0851,Keyboard,Electronics,North ,Rahul,3,1338.51
ORD-202604-02734,2026-04-18,CUST-1587,Headphones,Electronics,Central,Ananya,2,2336.93
ORD-202604-02735,2026-04-09,CUST-4077,USB Hub,Accessories,North,Sneha,7,910.36
ORD-202604-02736,2026-04-04,CUST-2977,Wireless Mouse,Electronics,East,Ananya,4,727.75
ORD-202604-02737,2026-04-27,CUST-4372,Wireless Mouse,Electronics,South,Neha,3,833.86
ORD-202604-02738,2026-04-04,CUST-0053,Webcam,Electronics,South,Sneha,6,1709.28
ORD-202604-02739,2026-04-13,CUST-2646,Office Chair,Furniture,East,Neha,1,7249.64
ORD-202604-02740,2026-04-12,CUST-1428,Laptop Stand,Accessories,North,Neha,6,1392.54
ORD-202604-02741,2026-04-06,CUST-3718,Keyboard,Electronics,East,Ananya,1,1351.69
ORD-202604-02742,2026-04-29,CUST-0434,Wireless Mouse,Electronics,West,Rahul,1,732.07
ORD-202604-02743,2026-04-17,CUST-0422,Wireless Mouse,Electronics,East,Neha,2,770.09
ORD-202604-02744,2026-04-19,CUST-2186,Monitor Stand,Furniture,West,Rahul,1,2083.14
ORD-202604-02745,2026-04-12,CUST-4486,USB Hub,Accessories,Central,Amit,4,920.43
ORD-202604-02746,2026-04-18,CUST-4616,Keyboard,Electronics,Central,Priya,7,1244.37
ORD-202604-02747,2026-04-28,CUST-1824,Keyboard,Electronics,South,Ananya,2,1287.95
ORD-202604-02748,2026-05-01,CUST-0229,Study Table,Furniture,South,Karan,2,5315.62
ORD-202604-02749,2026-04-10,CUST-1032,Office Chair,Furniture,North,Priya,1,6316.05
ORD-202604-02750,2026-04-17,CUST-4601,Desk Organizer,Office,East,Rahul,3,606.37
ORD-202604-02751,2026-04-12,CUST-3029,Mouse Pad,Accessories,West,Priya,3,438.09
ORD-202604-02752,2026-04-01,CUST-3495,Desk Organizer,Office,West,Amit,1,600.61
ORD-202604-02753,2026-04-21,CUST-0891,Mouse Pad,Accessories,North,Priya,7,388.81
ORD-202604-02754,2026-04-26,CUST-4415,Headphones,Electronics,West,Karan,3,2496.45
ORD-202604-02755,2026-04-15,CUST-3292,USB Hub,Accessories,South,Karan,2,937.7
ORD-202604-02756,2026-04-30,CUST-3963,Monitor Stand,Furniture ,Central,Sneha,6,1838.63
ORD-202604-02757,2026-04-24,CUST-1835,Laptop Stand,Accessories,South,Amit,5,1483.12
ORD-202604-02758,2026-05-01,CUST-2135,Headphones,Electronics,West,Karan,1,2335.78
ORD-202604-02759,2026-04-01,CUST-0076,Pen Set,Office,North,Vikram,7,307.81
ORD-202604-02760,2026-04-07,CUST-2234,Wireless Mouse,Electronics,South,Rahul,4,871.23
ORD-202604-02761,2026-04-09,CUST-3785,Mouse Pad,Accessories,South,Priya,6,377.69
ORD-202604-02762,2026-04-17,CUST-0083,Headphones,Electronics,East,Priya,5,2444.39
ORD-202604-02763,2026-04-29,CUST-4414,Wireless Mouse,Electronics,East,Vikram,6,762.41
ORD-202604-02764,2026-04-13,CUST-2513,Laptop Stand,Accessories,,Karan,3,1465.07
ORD-202604-02765,2026-04-08,CUST-3811,Desk Organizer,Office,West,Priya,2,594.11
ORD-202604-02766,2026-04-14,CUST-2517,Keyboard,Electronics,Central,Ananya,6,1371.41
ORD-202604-02767,2026-04-15,CUST-3466,Keyboard,Electronics,North,Priya,6,1315.08
ORD-202604-02768,2026-04-10,CUST-3795,Office Chair,furniture,East,Priya,1,7000.58
ORD-202604-02769,2026-04-23,CUST-2984,Study Table,Furniture,Central,Amit,1,4982.46
ORD-202604-02770,2026-04-01,CUST-2848,Notebook,Office,North,Sneha,3,180.78
ORD-202604-02771,2026-04-10,CUST-1310,Mouse Pad,Accessories,Central,Rahul,3,427.8
ORD-202604-02772,2026-04-07,CUST-1423,Monitor Stand,Furniture,West,Vikram,6,2130.49
ORD-202604-02773,2026-04-03,CUST-3866,Webcam,Electronics,Central,Priya,4,1761.93
ORD-202604-02774,2026-04-03,CUST-1135,Notebook,Office,South,Vikram,1,214.11
ORD-202604-02775,2026-04-27,CUST-3032,Wireless Mouse,Electronics,West,Ananya,4,875.57
ORD-202604-02776,2026-04-16,CUST-3866,Wireless Mouse,Electronics,East,Neha,2,833.43
ORD-202604-02777,2026-05-01,CUST-2932,Laptop Stand,Accessories,East,Vikram,5,1488.24
ORD-202604-02778,2026-04-06,CUST-2533,Mouse Pad,Accessories,West,Priya,5,376.76
ORD-202604-02779,2026-04-30,CUST-1567,Wireless Mouse,Electronics,East,Neha,5,861.04
ORD-202604-02780,2026-04-16,CUST-0502,Keyboard,Electronics,Central,Vikram,3,1261.16
ORD-202604-02781,2026-04-04,CUST-0761,Keyboard,Electronics,Central,Amit,5,1231.56
ORD-202604-02782,2026-04-07,CUST-3995,Monitor Stand,Furniture,Central,Neha,2,2029.36
ORD-202604-02783,2026-04-16,CUST-0673,Webcam,Electronics,East,Neha,2,2053.22
ORD-202604-02784,2026-04-22,CUST-1979,Pen Set,Office,South,Priya,4,321.16
ORD-202604-02785,2026-04-26,CUST-4548,Study Table,Furniture,West,Amit,2,5839.49
ORD-202604-02786,2026-04-29,CUST-1391,Laptop Stand,Accessories,South,Amit,5,1441.85
ORD-202604-02787,2026-04-28,CUST-1758,Headphones,Electronics,North,Rahul,7,2631.07
ORD-202604-02788,2026-04-19,CUST-0570,Notebook,Office,Central,Sneha,6,214.84
ORD-202604-02789,2026-04-01,CUST-2405,Laptop Stand,Accessories,South,Ananya,2,1600.33
ORD-202604-02790,2026-04-04,CUST-0969,Desk Organizer,Office,South,Sneha,3,612.39
ORD-202604-02791,2026-05-01,CUST-3143,Monitor Stand,Furniture,East,Vikram,6,2025.38
ORD-202604-02792,2026-04-05,CUST-0262,Monitor Stand,Furniture,North,Amit,5,2136.45
ORD-202604-02793,2026-04-03,CUST-1982,USB Hub,Accessories,Central,,6,903.23
ORD-202604-02794,2026-04-26,CUST-3606,Pen Set,Office,Central,Rahul,7,283.8
ORD-202604-02795,2026-04-18,CUST-2346,USB Hub,Accessories,East,Vikram,6,890.28
ORD-202604-02796,2026-04-13,CUST-3084,Pen Set,Office,East,Ananya,7,319.88
ORD-202604-02797,2026-04-14,CUST-1601,Webcam,Electronics,East,Sneha,3,1716.25
ORD-202604-02798,2026-04-22,CUST-4816,USB Hub,Accessories,North,Ananya,5,883.61
ORD-202604-02799,2026-05-01,CUST-3836,Keyboard,Electronics,South,Vikram,3,1392.03
ORD-202604-02800,2026-04-21,CUST-0832,Headphones,Electronics,East,Neha,4,2520.43
ORD-202604-02801,2026-04-18,CUST-4341,Headphones,Electronics,West,Priya,4,2445.94
ORD-202604-02802,2026-04-07,CUST-1534,Laptop Stand,Accessories,South,Rahul,6,1562.87
ORD-202604-02803,2026-04-11,CUST-1685,Headphones,Electronics,West,Vikram,5,2556.04
ORD-202604-02804,2026-04-10,CUST-3197,Pen Set,Office,East,Sneha,7,302.76
ORD-202604-02805,2026-04-23,CUST-2358,Monitor Stand,Furniture,East,Vikram,5,1891.61
ORD-202604-02806,2026-04-23,,Study Table,Furniture,East,Amit,2,5962.02
ORD-202604-02807,2026-04-02,CUST-3335,Desk Organizer,Office,Central,Amit,4,-100.0
ORD-202604-02808,2026-04-01,CUST-2724,Pen Set,Office,Central,Karan,3,310.47
ORD-202604-02809,2026-04-30,CUST-0765,Laptop Stand,Accessories,East,Karan,4,1549.78
ORD-202604-02810,2026-04-16,CUST-0465,Monitor Stand,Furniture,North,Neha,1,1851.13
ORD-202604-02811,2026-04-29,CUST-2888,Notebook,Office,South,Rahul,7,183.08
ORD-202604-02812,2026-04-05,CUST-0104,Pen Set,Office,South,Amit,7,289.56
ORD-202604-02813,2026-04-12,CUST-4108,Keyboard,Electronics,Central,Karan,4,1190.13
ORD-202604-02814,2026-04-16,CUST-3610,Pen Set,Office,Central,Karan,6,326.12
ORD-202604-02815,2026-04-07,CUST-3091,Headphones,Electronics,South,Ananya,6,2678.58
ORD-202604-02816,2026-04-16,CUST-3538,Wireless Mouse,Electronics,North,Sneha,1,870.63
ORD-202604-02817,2026-04-08,CUST-1986,Monitor Stand,Furniture,East,Priya,1,2195.53
ORD-202604-02818,2026-04-18,CUST-0143,Notebook,Office,Central,Karan,7,187.86
ORD-202604-02819,2026-04-14,CUST-4164,Wireless Mouse,Electronics,North,Sneha,2,842.18
ORD-202604-02820,2026-04-11,CUST-4156,Wireless Mouse,Electronics,South,Vikram,5,792.05
ORD-202604-02821,2026-04-24,CUST-3122,Office Chair,Furniture,North,Ananya,7,6359.54
ORD-202604-02822,2026-04-08,CUST-3834,Mouse Pad,Accessories,West,Ananya,7,400.17
ORD-202604-02823,2026-04-09,CUST-0383,Headphones,Electronics,Central,Rahul,7,2290.17
ORD-202604-02824,2026-04-15,CUST-1086,Notebook,Office,North,Rahul,6,218.36
ORD-202604-02825,2026-04-09,CUST-1061,Monitor Stand,Furniture,South,Ananya,1,2131.88
ORD-202604-02826,2026-04-15,CUST-2832,Pen Set,Office,South,Rahul,2,318.51
ORD-202604-02827,2026-04-06,CUST-3444,Office Chair,Furniture,North,Karan,7,6408.17
ORD-202604-02828,2026-04-15,CUST-1315,Study Table,Furniture,East,Karan,3,4957.58
ORD-202604-02829,2026-04-16,CUST-2203,Monitor Stand,Furniture,North,Vikram,1,1906.08
ORD-202604-02830,2026-04-17,CUST-4171,Mouse Pad,Accessories,Central,Vikram,3,425.45
ORD-202604-02831,2026-04-17,CUST-1852,Monitor Stand,Furniture,South,Amit,1,2030.95
ORD-202604-02832,2026-04-15,CUST-0872,Mouse Pad,Accessories,South,Neha,5,411.16
ORD-202604-02833,2026-04-12,CUST-4838,Laptop Stand,Accessories,West,Sneha,6,1387.68
ORD-202604-02834,2026-04-11,CUST-4152,Notebook,Office,Central,Ananya,5,197.44
ORD-202604-02835,2026-04-17,CUST-4788,Study Table,Furniture,North,Amit,5,5460.52
ORD-202604-02836,2026-04-09,CUST-3292,Laptop Stand,Accessories,South,Neha,4,1642.74
ORD-202604-02837,2026-04-11,CUST-3427,Mouse Pad,Accessories,Central,Ananya,5,420.88
ORD-202604-02838,2026-04-23,CUST-0928,Webcam,Electronics,North,Sneha,4,1760.04
ORD-202604-02839,2026-04-24,CUST-3403,Laptop Stand,Accessories,South,Ananya,3,1486.72
ORD-202604-02840,2026-04-17,CUST-4328,Keyboard,Electronics,Central,Rahul,4,1369.52
ORD-202604-02841,2026-04-24,CUST-3463,Study Table,Furniture,Central,Priya,1,5812.17
ORD-202604-02842,2026-04-04,CUST-4147,Office Chair,Furniture,West,Priya,3,6935.97
ORD-202604-02843,2026-04-27,CUST-0183,Monitor Stand,Furniture,East,Ananya,5,2128.42
ORD-202604-02844,2026-04-07,CUST-3178,Wireless Mouse,Electronics,North,Priya,6,795.07
ORD-202604-02845,2026-04-14,CUST-0549,Wireless Mouse,Electronics,North,Ananya,2,724.44
ORD-202604-02846,2026-04-15,CUST-2496,Monitor Stand,Furniture,North,Sneha,4,2123.73
ORD-202604-02847,2026-04-13,CUST-0479,Office Chair,Furniture,South,Ananya,5,7690.89
ORD-202604-02848,2026-04-01,CUST-3146,Webcam,Electronics,Central,Rahul,6,1814.68
ORD-202604-02849,2026-04-24,CUST-2529,Mouse Pad,Accessories,South,Priya,2,412.25
ORD-202604-02850,2026-04-04,CUST-3350,Desk Organizer,Office,North,Sneha,2,587.68
ORD-202604-02851,2026-04-28,CUST-3213,USB Hub,Accessories,South,Priya,6,882.11
ORD-202604-02852,2026-04-05,CUST-0514,Desk Organizer,Office,East,Amit,2,649.01
ORD-202604-02853,2026-04-20,CUST-4637,Office Chair,Furniture,East,Vikram,2,7642.89
ORD-202604-02854,2026-04-27,CUST-2005,USB Hub,Accessories,Central,Amit,3,828.66
ORD-202604-02855,2026-04-21,CUST-0103,Wireless Mouse,Electronics,Central,Karan,3,835.28
ORD-202604-02856,2026-04-12,CUST-4680,USB Hub,Accessories,East,Karan,2,841.46
ORD-202604-02857,2026-04-20,CUST-4279,Monitor Stand,Furniture,Central,Priya,1,2011.4
ORD-202604-02858,2026-04-27,CUST-3866,Notebook,Office,Central,Neha,5,210.97
ORD-202604-02859,2026-04-20,CUST-3690,Keyboard,Electronics,North,Sneha,2,1227.15
ORD-202604-02860,2026-04-12,CUST-0385,Wireless Mouse,Electronics,North,Ananya,6,771.06
ORD-202604-02861,2026-04-08,CUST-1642,Monitor Stand,Furniture,North,Amit,3,2176.68
ORD-202604-02862,2026-04-22,CUST-4288,Wireless Mouse,Electronics,East,Vikram,2,785.85
ORD-202604-02863,2026-04-06,,Wireless Mouse,Electronics,East,Vikram,6,731.36
ORD-202604-02864,2026-04-17,CUST-0314,Desk Organizer,Office,North,Ananya,1,588.99
ORD-202604-02865,2026-04-05,CUST-0498,Keyboard,Electronics,West,Sneha,1,1286.41
ORD-202604-02866,2026-04-08,CUST-3423,Mouse Pad,Accessories,East,Vikram,5,421.24
ORD-202604-02867,2026-04-28,CUST-3995,Keyboard,Electronics,North,Sneha,1,1259.61
ORD-202604-02868,2026-04-28,CUST-1685,Monitor Stand,Furniture,West,Ananya,7,1849.75
ORD-202604-02869,2026-04-26,CUST-4532,Headphones,Electronics,West,Amit,3,2638.01
ORD-202604-02870,2026-04-28,CUST-1357,Webcam,Electronics,Central,Vikram,3,1851.65
ORD-202604-02871,2026-04-24,CUST-1664,Webcam,Electronics,Central,Neha,3,1720.95
ORD-202604-02872,2026-04-24,CUST-2403,Laptop Stand,Accessories,North,Neha,5,1598.64
ORD-202604-02873,2026-04-25,CUST-1990,Laptop Stand,Accessories,South,Ananya,3,1638.87
ORD-202604-02874,2026-04-21,CUST-0396,Pen Set,Office,South,Ananya,1,326.67
ORD-202604-02875,2026-04-24,CUST-2935,USB Hub,Accessories,Central,Neha,1,920.68
ORD-202604-02876,2026-04-14,CUST-4835,Pen Set,Office,East,Amit,4,284.87
ORD-202604-02877,2026-04-23,CUST-1852,Notebook,Office,Central,Amit,1,213.61
ORD-202604-02878,2026-04-05,CUST-4782,USB Hub,Accessories,South,Rahul,4,841.09
ORD-202604-02879,2026-04-13,CUST-4171,Office Chair,Furniture,South,Ananya,7,7347.98
ORD-202604-02880,2026-04-14,CUST-0852,Keyboard,Electronics,North,Priya,4,1395.72
ORD-202604-02881,2026-04-18,CUST-4959,Study Table,Furniture,South,Karan,6,5969.21
ORD-202604-02882,2026-04-23,CUST-4799,Wireless Mouse,Electronics,Central,Karan,4,810.07
ORD-202604-02883,2026-05-01,CUST-3475,Mouse Pad,Accessories,South,Vikram,2,435.48
ORD-202604-02884,2026-04-15,CUST-4787,Wireless Mouse,Electronics,central,Vikram,4,724.84
ORD-202604-02885,2026-04-26,CUST-1656,Notebook,Office,South,Ananya,5,180.62
ORD-202604-02886,2026-05-01,CUST-0611,Laptop Stand,Accessories,North,Amit,7,1577.42
ORD-202604-02887,2026-04-08,CUST-0722,Keyboard,Electronics,East,Neha,3,1428.32
ORD-202604-02888,2026-04-20,CUST-0068,Webcam,Electronics,Central,Karan,1,1765.21
ORD-202604-02889,2026-04-04,CUST-4287,Mouse Pad,Accessories,South,Sneha,4,388.98
ORD-202604-02890,2026-04-06,CUST-2346,Wireless Mouse,Electronics,West,Rahul,3,876.67
ORD-202604-02891,2026-04-16,CUST-2497,USB Hub,Accessories,central,Neha,6,965.85
ORD-202604-02892,2026-04-03,CUST-1689,Pen Set,Office,South,Amit,3,293.67
ORD-202604-02893,2026-04-17,CUST-2629,Headphones,Electronics,North,Priya,5,2694.22
ORD-202604-02894,2026-04-07,CUST-2410,Laptop Stand,Accessories,West,Amit,6,1484.33
ORD-202604-02895,2026-04-22,CUST-2252,USB Hub,Accessories,West,Rahul,5,870.11
ORD-202604-02896,2026-04-17,CUST-2575,Notebook,Office,East,Vikram,3,202.49
ORD-202604-02897,2026-04-25,CUST-1277,Pen Set,Office,West,Rahul,3,285.76
ORD-202604-02898,2026-04-30,CUST-3769,Study Table,Furniture,South,Priya,1,5671.63
ORD-202604-02899,2026-04-26,CUST-0055,Desk Organizer,Office,South,Karan,2,573.93
ORD-202604-02900,2026-05-01,CUST-3159,Laptop Stand,Accessories,north,Ananya,1,1501.28
ORD-202604-02901,2026-04-17,CUST-0650,Study Table,Furniture,East,Karan,2,5799.2
ORD-202604-02902,2026-04-24,CUST-2554,Headphones,Electronics,East,Karan,1,2680.21
ORD-202604-02903,2026-04-30,CUST-3134,Office Chair,Furniture,Central,Karan,5,6355.38
ORD-202604-02904,2026-04-08,CUST-2511,Webcam,Electronics,North,Neha,5,1984.68
ORD-202604-02905,2026-04-27,CUST-4872,USB Hub,Accessories,West,Ananya,6,968.85
ORD-202604-02906,2026-05-01,CUST-4698,Wireless Mouse,Electronics,Central,Karan,4,836.79
ORD-202604-02907,2026-04-11,CUST-4768,Study Table,Furniture,West,Karan,3,5202.48
ORD-202604-02908,2026-04-30,CUST-1482,Headphones,Electronics,West,Priya,2,2622.29
ORD-202604-02909,2026-04-13,CUST-4997,Wireless Mouse,Electronics,West,Sneha,1,847.69
ORD-202604-02910,2026-04-21,CUST-0952,Study Table,Furniture,West,Ananya,2,5146.69
ORD-202604-02911,2026-04-02,CUST-1812,Monitor Stand,Furniture,South,Priya,4,2163.6
ORD-202604-02912,2026-04-01,CUST-1570,Keyboard,Electronics,East,Sneha,7,1239.88
ORD-202604-02913,2026-04-25,CUST-1013,Study Table,Furniture,South,Karan,3,5990.02
ORD-202604-02914,2026-04-08,CUST-3938,Laptop Stand,Accessories,West,Vikram,5,1498.86
ORD-202604-02915,2026-04-25,CUST-3721,Office Chair,Furniture,Central,Rahul,2,6480.22
ORD-202604-02916,2026-04-16,CUST-1490,Keyboard,Electronics,Central,Karan,6,1352.89
ORD-202604-02917,2026-04-04,CUST-3454,Wireless Mouse,Electronics,West,Vikram,1,809.75
ORD-202604-02918,2026-04-10,CUST-3256,Wireless Mouse,Electronics,East,Vikram,2,841.0
ORD-202604-02919,2026-04-06,CUST-4735,Office Chair,Furniture,South,Amit,7,6717.32
ORD-202604-02920,2026-04-19,CUST-1897,Laptop Stand,Accessories,South,Priya,4,1366.2
ORD-202604-02921,2026-04-04,CUST-0939,Headphones,Electronics,North,Rahul,6,2335.22
ORD-202604-02922,2026-04-18,CUST-1993,Office Chair,Furniture,West,Sneha,2,6967.29
ORD-202604-02923,2026-04-26,CUST-0240,USB Hub,Accessories,East,Ananya,6,817.33
ORD-202604-02924,2026-05-01,CUST-3717,Wireless Mouse,Electronics,South,Priya,2,824.43
ORD-202604-02925,2026-04-22,CUST-4939,Office Chair,Furniture,East,Sneha,4,7005.69
ORD-202604-02926,2026-04-14,CUST-0934,Pen Set,Office,Central,Karan,3,281.64
ORD-202604-02927,2026-04-16,CUST-4365,Pen Set,Office,South,Amit,7,316.87
ORD-202604-02928,2026-04-01,CUST-3087,Wireless Mouse,Electronics,East,Amit,1,823.6
ORD-202604-02929,2026-04-28,CUST-3270,Headphones,Electronics,South,Neha,7,2523.62
ORD-202604-02930,2026-04-02,CUST-2852,Desk Organizer,Office,South,Neha,7,625.71
ORD-202604-02931,2026-05-01,CUST-0805,Office Chair,Furniture,East,Karan,3,7128.97
ORD-202604-02932,2026-04-05,CUST-4032,Monitor Stand,Furniture,North,Vikram,4,1802.91
ORD-202604-02933,2026-04-29,CUST-1188,Office Chair,Furniture,North,Rahul,6,-100.0
ORD-202604-02934,2026-04-08,CUST-4568,Webcam,Electronics,South,Ananya,1,1804.65
ORD-202604-02935,2026-04-02,CUST-4215,Mouse Pad,Accessories,West,Ananya,2,420.46
ORD-202604-02936,2026-04-21,CUST-0715,USB Hub,Accessories,East,Ananya,4,928.8
ORD-202604-02937,2026-04-30,CUST-2186,USB Hub,Accessories,East,Vikram,6,915.82
ORD-202604-02938,2026-04-22,CUST-1287,Notebook,Office,North,Amit,7,200.37
ORD-202604-02939,2026-04-11,CUST-4286,Study Table,Furniture,North,Sneha,4,5232.1
ORD-202604-02940,2026-04-27,CUST-0711,Headphones,Electronics,Central,Rahul,7,2576.28
ORD-202604-02941,2026-04-19,CUST-1034,Notebook,Office,East,Karan,7,210.71
ORD-202604-02942,2026-04-01,CUST-4993,Wireless Mouse,Electronics,West,Ananya,1,781.83
ORD-202604-02943,2026-04-06,CUST-3555,Mouse Pad,Accessories,South,Vikram,5,387.11
ORD-202604-02944,2026-04-22,CUST-3043,Wireless Mouse,Electronics,West,Rahul,7,869.01
ORD-202604-02945,2026-04-02,CUST-0463,Study Table,Furniture,West,Karan,2,5830.39
ORD-202604-02946,2026-04-18,CUST-4693,Laptop Stand,Accessories,North,Neha,3,1368.09
ORD-202604-02947,2026-04-10,CUST-0850,Headphones,Electronics,East,Rahul,3,2387.44
ORD-202604-02948,2026-04-08,CUST-4818,Headphones,Electronics,East,Amit,5,2675.08
ORD-202604-02949,2026-04-17,CUST-2789,Webcam,Electronics,Central,Amit,-1,1995.57
ORD-202604-02950,2026-04-19,CUST-4522,Mouse Pad,Accessories,South,Vikram,-1,374.58
ORD-202604-02951,2026-04-18,CUST-2285,Laptop Stand,Accessories,South,Neha,3,1495.74
ORD-202604-02952,2026-04-05,CUST-1333,Wireless Mouse,Electronics,West,Rahul,7,749.02
ORD-202604-02953,2026-04-22,CUST-0551,Headphones,Electronics,South,Vikram,2,2543.98
ORD-202604-02954,2026-04-01,CUST-2534,Pen Set,Office,East,Amit,3,274.38
ORD-202604-02955,2026-04-14,CUST-3035,Laptop Stand,Accessories,South,Sneha,6,1428.12
ORD-202604-02956,2026-04-15,CUST-1168,Keyboard,Electronics,South,Vikram,6,1190.83
ORD-202604-02957,2026-04-17,CUST-1632,Notebook,Office,Central,Sneha,3,215.89
ORD-202604-02958,2026-04-20,CUST-2153,Wireless Mouse,Electronics,West,Neha,5,747.85
ORD-202604-02959,2026-04-27,CUST-0629,Pen Set,Office,South,Rahul,4,300.3
ORD-202604-02960,2026-04-18,CUST-2130,Webcam,Electronics,West,Ananya,3,1777.42
ORD-202604-02961,2026-04-23,CUST-1706,Mouse Pad,Accessories,East,Amit,3,369.31
ORD-202604-02962,,CUST-4571,Pen Set, Office,East,Priya,6,269.33
ORD-202604-02963,2026-04-14,CUST-1434,USB Hub,Accessories,North,Vikram,6,823.86
ORD-202604-02964,2026-04-08,CUST-3475,Keyboard,Electronics,Central,Priya,7,1306.64
ORD-202604-02965,2026-04-22,CUST-3865,Desk Organizer,Office,North,Sneha,3,602.14
ORD-202604-02966,2026-04-11,CUST-3709,Office Chair,Furniture,North,Rahul,4,6655.66
ORD-202604-02967,2026-04-05,CUST-2219,Webcam,Electronics,East,Ananya,1,2063.55
ORD-202604-02968,2026-04-19,CUST-3700,Pen Set,Office,East,Sneha,6,295.42
ORD-202604-02969,2026-04-09,CUST-2333,Wireless Mouse,Electronics,East,Amit,2,848.06
ORD-202604-02970,2026-04-13,CUST-2734,Webcam,Electronics,Central,Priya,5,1902.65
ORD-202604-02971,2026-04-15,CUST-2643,Office Chair,Furniture,Central,Amit,7,6640.24
ORD-202604-02972,2026-04-25,CUST-1727,Keyboard,Electronics,West,Rahul,6,1210.45
ORD-202604-02973,2026-04-20,CUST-1681,Laptop Stand,Accessories,Central,Vikram,6,1401.63
ORD-202604-02974,2026-04-01,CUST-4194,Study Table,Furniture,East,Karan,5,5691.4
ORD-202604-02975,2026-04-04,CUST-0565,Mouse Pad,Accessories,,Neha,7,418.85
ORD-202604-02976,2026-04-24,CUST-1736,Webcam,Electronics,North,Karan,5,1772.58
ORD-202604-02977,2026-04-29,CUST-2335,Desk Organizer,Office,East,Karan,5,657.47
ORD-202604-02978,2026-04-26,CUST-2605,Pen Set,Office,North,Neha,1,323.77
ORD-202604-02979,2026-04-06,CUST-0844,Mouse Pad,Accessories,West,Rahul,5,378.48
ORD-202604-02980,2026-04-22,CUST-0759,Pen Set,Office,West,Karan,1,287.87
ORD-202604-02981,2026-04-04,CUST-3230,Office Chair,Furniture,East,Priya,3,7659.21
ORD-202604-02982,2026-04-18,CUST-2962,Mouse Pad,Accessories,East,Ananya,3,438.71
ORD-202604-02983,2026-04-10,CUST-0932,Headphones,Electronics,Central,Ananya,3,2454.5
ORD-202604-02984,2026-04-08,CUST-2351,Notebook,Office,East,Rahul,6,212.45
ORD-202604-02985,2026-04-11,CUST-3431,Office Chair,Furniture,Central,Priya,5,7587.98
ORD-202604-02986,2026-04-05,CUST-4393,Webcam,Electronics,South,Vikram,1,2043.36
ORD-202604-02987,2026-04-30,CUST-0127,Wireless Mouse,Electronics,Central,Ananya,3,826.12
ORD-202604-02988,2026-04-28,CUST-1515,Notebook,Office,North,Rahul,1,195.75
ORD-202604-02989,2026-04-28,CUST-3761,Laptop Stand,Accessories ,North,Ananya,6,1500.39
ORD-202604-02990,2026-05-01,CUST-1521,Office Chair,Furniture,East,Vikram,2,7297.64
ORD-202604-02991,2026-04-27,CUST-0706,Notebook,Office,Central,Amit,3,189.41
ORD-202604-02992,2026-04-06,CUST-0622,Office Chair,Furniture,South,Neha,7,7292.69
ORD-202604-02993,2026-04-15,CUST-3074,Mouse Pad,Accessories,South,Rahul,6,401.06
ORD-202604-02994,2026-04-12,CUST-2411,Headphones,Electronics,North,Neha,7,2539.83
ORD-202604-02995,2026-04-01,CUST-1289,Pen Set,Office,East,Amit,3,319.09
ORD-202604-02996,2026-04-08,CUST-3832,Office Chair,Furniture,Central,Sneha,3,7619.17
ORD-202604-02997,2026-04-22,CUST-0943,Webcam,Electronics,South,Amit,4,1825.13
ORD-202604-02998,2026-04-07,CUST-3236,Pen Set,Office,East,Karan,5,314.71
ORD-202604-02999,2026-04-19,CUST-4525,Monitor Stand,Furniture,South,Priya,7,2038.73
ORD-202604-03000,2026-04-22,CUST-0445,USB Hub,Accessories,South,Vikram,5,861.37
ORD-202604-03001,2026-04-01,CUST-2342,Webcam,Electronics,North,Priya,7,1954.84
ORD-202604-03002,2026-04-30,CUST-1502,Mouse Pad,Accessories,West,Amit,1,411.36
ORD-202604-03003,2026-04-15,CUST-3938,USB Hub,Accessories,East,Sneha,7,956.57
ORD-202604-03004,2026-04-13,CUST-1626,Mouse Pad,Accessories,Central,Priya,3,391.47
ORD-202604-03005,2026-04-01,CUST-3839,Pen Set,Office,South,Vikram,2,317.62
ORD-202604-03006,2026-04-27,CUST-3004,Office Chair,Furniture,South,Ananya,2,6641.23
ORD-202604-03007,2026-04-28,CUST-3990,Desk Organizer,Office,West,Priya,3,594.36
ORD-202604-03008,2026-04-28,CUST-3943,Notebook,Office,Central,Sneha,3,203.74
ORD-202604-03009,2026-04-19,CUST-3525,Pen Set,Office,North,Karan,1,304.89
ORD-202604-03010,2026-04-22,CUST-4968,Study Table,Furniture,East,Amit,2,5002.75
ORD-202604-03011,2026-04-26,CUST-4127,Webcam,Electronics,North,Amit,4,1843.07
ORD-202604-03012,2026-04-25,CUST-1275,Office Chair,Furniture,South,Sneha,1,6745.17
ORD-202604-03013,2026-04-16,CUST-0538,Headphones,Electronics,North,Amit,2,2732.97
ORD-202604-03014,2026-04-03,CUST-0968,Study Table,Furniture,West,Neha,7,6014.47
ORD-202604-03015,2026-04-13,CUST-2165,Notebook,Office,West,Karan,7,193.53
ORD-202604-03016,2026-04-25,CUST-2115,Study Table,Furniture,West,Neha,4,5813.73
ORD-202604-03017,2026-05-01,CUST-3730,Monitor Stand,Furniture,Central,Sneha,4,2019.87
ORD-202604-03018,2026-04-05,CUST-3381,Wireless Mouse,Electronics,Central,Ananya,2,782.34
ORD-202604-03019,2026-04-27,CUST-0726,Notebook,Office,,Karan,7,210.22
ORD-202604-03020,2026-04-23,CUST-3592,Laptop Stand,Accessories,Central,Sneha,2,1634.54
ORD-202604-03021,2026-04-12,CUST-3053,Headphones,Electronics,North,Priya,2,2428.84
ORD-202604-03022,2026-04-30,,Laptop Stand,Accessories,West,Priya,1,1399.64
ORD-202604-03023,2026-04-02,CUST-2171,Notebook,Office,West,Amit,7,216.91
ORD-202604-03024,2026-04-09,CUST-1561,Pen Set,Office,West,Sneha,3,311.45
ORD-202604-03025,2026-04-03,CUST-1387,Keyboard,Electronics,South,Vikram,3,1225.1
ORD-202604-03026,2026-04-15,CUST-4205,Notebook,Office,South,Amit,1,179.44
ORD-202604-03027,2026-04-24,CUST-1258,Notebook,Office,North,Rahul,3,205.49
ORD-202604-03028,2026-04-15,CUST-3351,Monitor Stand,Furniture,West,Karan,2,2048.13
ORD-202604-03029,2026-04-13,CUST-2292,Headphones,Electronics,North,Vikram,7,2360.96
ORD-202604-03030,2026-04-06,CUST-0097,Pen Set,Office,Central,Ananya,4,307.52
ORD-202604-03031,2026-04-11,CUST-2530,Office Chair,Furniture,Central,Neha,2,6515.26
ORD-202604-03032,2026-04-01,CUST-4865,Notebook,Office,Central,Neha,5,195.18
ORD-202604-03033,2026-04-19,CUST-1664,Headphones,Electronics,South,Sneha,2,2404.73
ORD-202604-03034,2026-04-24,CUST-1265,Study Table,Furniture,South,Vikram,6,5899.29
ORD-202604-03035,2026-04-23,CUST-2539,Keyboard,Electronics,,Ananya,7,1244.98
ORD-202604-03036,2026-04-28,CUST-0378,Office Chair,Furniture,east,Sneha,1,6693.39
ORD-202604-03037,2026-04-15,CUST-1903,Monitor Stand,Furniture,South,Neha,4,2100.63
ORD-202604-03038,2026-04-09,CUST-2216,Headphones,Electronics,Central,Karan,2,2257.76
ORD-202604-03039,2026-04-16,CUST-2038,Pen Set,Office,East,Sneha,6,312.09
ORD-202604-03040,2026-04-21,CUST-2674,Mouse Pad,Accessories,West,Sneha,1,362.85
ORD-202604-03041,2026-04-23,CUST-2428,Desk Organizer,Office,South,Neha,3,545.8
ORD-202604-03042,2026-04-19,CUST-2339,Monitor Stand,Furniture,South,Amit,3,1995.24
ORD-202604-03043,2026-04-06,CUST-1607,Webcam,Electronics,Central,Sneha,4,2072.87
ORD-202604-03044,2026-04-11,,Desk Organizer, Office,North,Neha,2,558.59
ORD-202604-03045,2026-04-04,CUST-1696,Monitor Stand,Furniture,East,Amit,1,1920.68
ORD-202604-03046,2026-04-09,CUST-0585,Wireless Mouse,Electronics,Central,Priya,2,827.93
ORD-202604-03047,2026-04-13,CUST-3382,Office Chair,Furniture,Central,Karan,5,7548.69
ORD-202604-03048,2026-04-27,CUST-4061,Wireless Mouse,Electronics,West,Rahul,7,798.23
ORD-202604-03049,2026-04-12,CUST-0041,Headphones,Electronics,North,Vikram,7,2497.67
ORD-202604-03050,2026-04-13,CUST-2425,Desk Organizer,Office,Central,Sneha,5,576.4
ORD-202604-03051,2026-04-20,CUST-0479,Study Table,Furniture,,Ananya,1,5364.14
ORD-202604-03052,2026-05-01,CUST-0387,Office Chair,Furniture, North,Vikram,7,6496.54
ORD-202604-03053,2026-04-09,CUST-3857,Headphones,Electronics,West,Rahul,7,2309.78
ORD-202604-03054,2026-04-26,CUST-4876,Office Chair,Furniture,East,Karan,4,7328.23
ORD-202604-03055,2026-04-29,CUST-0160,Webcam,Electronics,South,Karan,4,1893.12
ORD-202604-03056,2026-04-26,CUST-4471,Webcam,Electronics,Central,Amit,6,2004.35
ORD-202604-03057,2026-04-06,CUST-1299,Office Chair,Furniture,West,Neha,3,7206.84
ORD-202604-03058,2026-04-07,CUST-1591,Office Chair,Furniture,West,,3,6303.93
ORD-202604-03059,2026-04-25,CUST-2266,Office Chair,furniture,North,Rahul,6,7004.26
ORD-202604-03060,2026-04-13,CUST-2525,Monitor Stand,Furniture ,South,Sneha,2,2018.81
ORD-202604-03061,2026-04-15,CUST-0758,Webcam,Electronics,East,Sneha,6,1761.13
ORD-202604-03062,2026-04-04,CUST-1218,Notebook,Office,South,Rahul,4,217.16
ORD-202604-03063,2026-04-06,CUST-2326,Notebook,Office,East,Amit,3,210.87
ORD-202604-03064,,CUST-2537,Notebook,Office,North,Neha,7,214.91
ORD-202604-03065,2026-04-22,CUST-2167,Monitor Stand,Furniture,West,Ananya,2,2037.9
ORD-202604-03066,2026-05-01,CUST-1245,Webcam,Electronics,North,Rahul,6,2025.31
ORD-202604-03067,2026-04-03,CUST-1186,Headphones,Electronics,West,Ananya,4,2339.23
ORD-202604-03068,2026-04-20,CUST-1852,Headphones,Electronics,South,Ananya,2,2676.09
ORD-202604-03069,2026-04-29,CUST-1868,Keyboard,Electronics,Central,Amit,5,1408.22
ORD-202604-03070,2026-04-11,CUST-1367,Wireless Mouse,Electronics,East,Amit,7,722.14
ORD-202604-03071,2026-04-28,CUST-1043,Laptop Stand,Accessories,South,Vikram,2,1541.24
ORD-202604-03072,2026-04-10,CUST-2241,Headphones,Electronics,Central,Vikram,4,2296.55
ORD-202604-03073,2026-04-18,CUST-4330,Monitor Stand,Furniture,West,Karan,5,2057.74
ORD-202604-03074,2026-04-07,CUST-0339,Keyboard,Electronics,Central,Amit,3,1401.87
ORD-202604-03075,2026-04-26,CUST-0581,Laptop Stand,Accessories,North,Neha,2,1403.18
ORD-202604-03076,2026-04-04,CUST-2674,Pen Set,Office,North,Neha,3,298.63
ORD-202604-03077,2026-04-18,CUST-3994,Pen Set,Office,Central,Ananya,3,274.83
ORD-202604-03078,2026-04-06,CUST-1100,Wireless Mouse,Electronics,South,Vikram,5,823.05
ORD-202604-03079,2026-04-07,CUST-1518,Mouse Pad,Accessories,West,Ananya,-1,368.55
ORD-202604-03080,2026-04-12,CUST-0845,Monitor Stand,Furniture,North,Neha,5,2187.63
ORD-202604-03081,2026-04-03,CUST-4223,Headphones,Electronics,North,Amit,3,2409.34
ORD-202604-03082,2026-04-14,CUST-1748,Study Table,Furniture,South,Amit,6,5152.31
ORD-202604-03083,2026-04-10,CUST-1610,Study Table,Furniture,Central,Amit,4,5997.07
ORD-202604-03084,2026-04-12,CUST-3639,Laptop Stand,Accessories,West,Vikram,7,1542.24
ORD-202604-03085,2026-04-06,CUST-0655,USB Hub,Accessories,North,Neha,3,896.74
ORD-202604-03086,2026-04-05,CUST-1780,Study Table,furniture,East,Rahul,6,5777.92
ORD-202604-03087,2026-04-23,CUST-1828,Notebook,Office,South,Vikram,4,213.56
ORD-202604-03088,2026-04-09,CUST-3771,Mouse Pad,Accessories,Central,Neha,2,423.67
ORD-202604-03089,2026-04-18,CUST-0941,Mouse Pad,Accessories,North,Rahul,1,387.49
ORD-202604-03090,2026-04-14,CUST-4895,Study Table,Furniture,North,Amit,1,5384.8
ORD-202604-03091,2026-04-10,CUST-1985,Keyboard,Electronics,South,Amit,4,1305.94
ORD-202604-03092,2026-04-03,CUST-4720,Pen Set,Office,West,Priya,4,304.16
ORD-202604-03093,2026-04-17,,Wireless Mouse,Electronics,West,Priya,5,767.21
ORD-202604-03094,2026-04-02,CUST-1105,Keyboard,Electronics,Central,Vikram,2,1204.47
ORD-202604-03095,2026-04-09,CUST-0377,Keyboard,Electronics,Central,Vikram,2,1283.11
ORD-202604-03096,2026-04-25,CUST-4653,Desk Organizer,Office,North,Sneha,5,636.76
ORD-202604-03097,2026-04-05,CUST-3194,Study Table,Furniture,south,Amit,5,5253.0
ORD-202604-03098,2026-04-07,CUST-4318,Pen Set,Office,Central,Sneha,2,291.51
ORD-202604-03099,2026-04-26,CUST-0357,USB Hub,Accessories,East,Ananya,5,858.37
ORD-202604-03100,2026-04-10,CUST-0142,Office Chair,Furniture,West,Amit,2,7152.64
ORD-202604-03101,2026-04-16,CUST-2581,Webcam,Electronics,West,,3,2070.6
ORD-202604-03102,2026-04-04,CUST-4857,Desk Organizer,Office,South,Vikram,1,560.68
ORD-202604-03103,2026-04-15,CUST-1736,Pen Set,Office,East,Amit,1,315.72
ORD-202604-03104,2026-04-06,CUST-4789,Desk Organizer,Office,East,Sneha,6,618.72
ORD-202604-03105,2026-04-13,CUST-4286,Webcam,Electronics,Central,Ananya,7,2084.1
ORD-202604-03106,2026-04-26,CUST-3710,Pen Set,Office,North,Neha,5,275.06
ORD-202604-03107,2026-04-17,,Headphones,Electronics,North,Neha,1,2703.18
ORD-202604-03108,2026-04-29,CUST-3018,Study Table,Furniture,West,Karan,3,5837.2
ORD-202604-03109,2026-04-30,CUST-3094,Keyboard,Electronics,West,Vikram,3,1404.4
ORD-202604-03110,2026-04-13,CUST-4951,Office Chair,Furniture,,Priya,3,7350.25
ORD-202604-03111,2026-04-09,CUST-1851,Notebook,Office,East,Vikram,2,190.29
ORD-202604-03112,2026-04-07,,Desk Organizer,Office,North,Sneha,1,589.07
ORD-202604-03113,2026-04-20,CUST-2655,Wireless Mouse,Electronics,South,Karan,7,736.47
ORD-202604-03114,2026-04-22,CUST-3875,Keyboard,Electronics,East,Ananya,6,1169.64
ORD-202604-03115,2026-04-25,CUST-0882,Laptop Stand,Accessories,North,Vikram,1,1633.02
ORD-202604-03116,2026-04-07,CUST-4522,Monitor Stand,Furniture,Central,Vikram,3,2129.74
ORD-202604-03117,2026-04-21,CUST-4482,USB Hub,Accessories,Central,Rahul,1,823.74
ORD-202604-03118,2026-04-22,CUST-2500,Study Table,Furniture,Central,Vikram,1,5449.19
ORD-202604-03119,2026-04-16,CUST-4543,Laptop Stand,Accessories,West,Karan,5,1435.61
ORD-202604-03120,2026-04-22,CUST-1491,Mouse Pad,Accessories,West,Sneha,3,382.83
ORD-202604-03121,2026-04-16,CUST-4146,USB Hub,Accessories,South,Vikram,4,969.96
ORD-202604-03122,2026-04-25,CUST-2225,Study Table,Furniture,North,Rahul,2,6040.35
ORD-202604-03123,2026-04-10,CUST-4174,USB Hub,Accessories,West,Priya,6,884.99
ORD-202604-03124,2026-04-08,CUST-4860,Mouse Pad,Accessories,South,Priya,3,424.1
ORD-202604-03125,2026-04-20,CUST-0547,Webcam,Electronics,Central,Priya,1,1772.07
ORD-202604-03126,2026-04-10,CUST-3713,Notebook,Office,West,Vikram,7,209.73
ORD-202604-03127,2026-04-16,CUST-1749,Notebook,Office,South,Neha,3,181.12
ORD-202604-03128,2026-04-08,CUST-2735,Office Chair,Furniture,North,Sneha,6,6777.96
ORD-202604-03129,2026-04-08,,Notebook,Office,South,Vikram,5,201.73
ORD-202604-03130,2026-04-20,CUST-0552,USB Hub,Accessories,Central,Sneha,2,820.42
ORD-202604-03131,2026-04-09,CUST-3737,Notebook,Office,Central,Sneha,2,183.79
ORD-202604-03132,2026-05-01,CUST-3459,Desk Organizer,Office,West,Amit,3,577.31
ORD-202604-03133,2026-04-26,CUST-2584,Webcam,Electronics,West,Rahul,7,1889.5
ORD-202604-03134,2026-04-14,CUST-1323,Office Chair,Furniture,South,Amit,4,6599.47
ORD-202604-03135,2026-04-08,CUST-1501,Laptop Stand,Accessories,South,Ananya,6,1444.33
ORD-202604-03136,2026-04-11,CUST-4945,Study Table,Furniture,Central,Karan,2,5135.24
ORD-202604-03137,2026-04-14,CUST-4389,Laptop Stand,Accessories,East,Sneha,1,1379.47
ORD-202604-03138,2026-04-18,CUST-2586,Pen Set,Office,West,Ananya,2,294.21
ORD-202604-03139,2026-04-12,CUST-4043,Webcam,Electronics,Central,Priya,2,1793.04
ORD-202604-03140,2026-04-11,CUST-3072,Webcam,Electronics,Central,Ananya,3,1956.68
ORD-202604-03141,2026-04-16,CUST-2870,Keyboard,Electronics,West,Rahul,2,1228.2
ORD-202604-03142,2026-04-04,CUST-4997,Office Chair,Furniture,West,Ananya,2,6565.42
ORD-202604-03143,2026-04-02,CUST-0233,Mouse Pad,Accessories,West,Amit,7,388.45
ORD-202604-03144,2026-04-16,CUST-3764,Keyboard,Electronics,Central,Amit,2,1196.0
ORD-202604-03145,2026-04-23,CUST-0876,Webcam,Electronics,west,Vikram,1,1724.82
ORD-202604-03146,2026-04-19,CUST-2433,Pen Set,Office,Central,Neha,3,314.85
ORD-202604-03147,2026-04-03,CUST-2719,Desk Organizer,Office,Central,Priya,6,559.79
ORD-202604-03148,2026-04-14,CUST-2756,Desk Organizer,Office,Central,Neha,6,612.37
ORD-202604-03149,2026-04-17,CUST-3829,Monitor Stand,Furniture,West,Vikram,3,1920.92
ORD-202604-03150,2026-04-24,CUST-4524,Study Table,Furniture,,Ananya,5,5308.02
ORD-202604-03151,2026-04-21,CUST-0966,Laptop Stand,Accessories,,Amit,1,1396.49
ORD-202604-03152,2026-04-22,CUST-4684,USB Hub,Accessories,West,Vikram,1,850.43
ORD-202604-03153,2026-04-01,CUST-1947,Webcam,Electronics,West,Amit,6,1926.41
ORD-202604-03154,2026-04-15,CUST-2421,Desk Organizer,Office,Central,Karan,4,609.51
ORD-202604-03155,2026-04-29,CUST-2347,Desk Organizer,Office,North,Ananya,1,573.45
ORD-202604-03156,2026-04-30,CUST-1738,Notebook,Office,South,Vikram,2,187.47
ORD-202604-03157,2026-04-24,CUST-2061,Desk Organizer,Office,West,Karan,3,580.23
ORD-202604-03158,2026-04-19,CUST-3908,Pen Set,Office,North,Ananya,1,274.35
ORD-202604-03159,2026-04-26,CUST-0120,Office Chair,Furniture, East,Vikram,3,7040.09
ORD-202604-03160,2026-04-12,CUST-0797,Pen Set,Office,East,Amit,4,318.33
ORD-202604-03161,2026-04-14,CUST-2539,Notebook,Office,East,Priya,1,204.17
ORD-202604-03162,2026-04-12,CUST-1988,Headphones,Electronics,North,Ananya,2,2260.04
ORD-202604-03163,2026-04-04,CUST-3400,Mouse Pad,Accessories,West,Sneha,4,380.87
ORD-202604-03164,2026-04-01,CUST-0108,Desk Organizer,Office,South,Vikram,5,595.58
ORD-202604-03165,2026-04-11,CUST-1520,Monitor Stand,Furniture,north,Sneha,5,2162.98
ORD-202604-03166,2026-04-21,CUST-4193,Keyboard,Electronics,East,Neha,-1,1213.37
ORD-202604-03167,2026-04-23,CUST-1283,Webcam,Electronics,North,Priya,1,1737.26
ORD-202604-03168,2026-04-24,CUST-0244,Monitor Stand,Furniture,South,Ananya,2,2010.82
ORD-202604-03169,2026-04-18,CUST-1213,Monitor Stand,Furniture,Central,Ananya,4,2022.76
ORD-202604-03170,2026-04-07,CUST-2731,Keyboard,Electronics,,Amit,5,1424.24
ORD-202604-03171,2026-04-27,CUST-2915,Webcam,Electronics,North,Sneha,7,1914.61
ORD-202604-03172,2026-04-24,CUST-4972,Monitor Stand,Furniture,South,Karan,5,1805.84
ORD-202604-03173,2026-04-07,CUST-4841,Wireless Mouse,Electronics,South,Vikram,6,826.05
ORD-202604-03174,2026-04-22,CUST-1633,Webcam,Electronics,East,Sneha,6,1787.17
ORD-202604-03175,2026-04-08,CUST-0643,Study Table,Furniture,South,Ananya,4,5844.3
ORD-202604-03176,2026-04-02,CUST-4017,USB Hub,Accessories,East,Amit,2,888.47
ORD-202604-03177,2026-04-02,CUST-4450,Office Chair,Furniture,North,Ananya,2,7507.01
ORD-202604-03178,2026-04-09,CUST-0675,Notebook,Office,South,Rahul,7,186.09
ORD-202604-03179,2026-04-07,CUST-4394,Webcam,Electronics,South,Sneha,2,1935.71
ORD-202604-03180,2026-05-01,CUST-0648,Mouse Pad,Accessories,West,Karan,3,415.14
ORD-202604-03181,2026-04-30,CUST-3206,Notebook,Office,North,Ananya,3,180.82
ORD-202604-03182,2026-04-01,CUST-1132,Desk Organizer,Office,South,Amit,7,595.93
ORD-202604-03183,2026-05-01,CUST-3682,Mouse Pad,Accessories,West,Sneha,1,413.36
ORD-202604-03184,2026-04-29,CUST-4012,Pen Set,Office,West,Priya,2,306.36
ORD-202604-03185,2026-04-30,CUST-4118,Keyboard,Electronics,South,Karan,5,1196.73
ORD-202604-03186,2026-04-26,CUST-3133,Laptop Stand,Accessories,South,Karan,7,1359.09
ORD-202604-03187,2026-04-04,CUST-2619,Desk Organizer,Office,Central,Neha,5,565.12
ORD-202604-03188,,CUST-4158,Desk Organizer,Office,North,Rahul,7,567.86
ORD-202604-03189,2026-04-24,CUST-4675,Office Chair,Furniture ,Central,Priya,4,7136.3
ORD-202604-03190,2026-04-18,CUST-1429,Mouse Pad,Accessories,South,Rahul,3,361.0
ORD-202604-03191,2026-04-04,CUST-0943,Notebook,Office,South,Amit,2,189.95
ORD-202604-03192,2026-04-08,CUST-0874,Pen Set,Office,Central,Neha,2,283.04
ORD-202604-03193,2026-04-17,CUST-3322,Keyboard,Electronics,Central,Neha,6,1386.33
ORD-202604-03194,2026-04-06,CUST-2737,Desk Organizer,Office,West,Sneha,5,581.62
ORD-202604-03195,2026-05-01,CUST-2371,Headphones,Electronics,North,Neha,6,2609.36
ORD-202604-03196,2026-04-02,CUST-0175,Pen Set,Office,West,Amit,1,318.44
ORD-202604-03197,2026-04-17,,Study Table,Furniture,Central,Priya,2,5727.72
ORD-202604-03198,2026-04-18,CUST-2437,Keyboard,Electronics, North,Rahul,3,1198.32
ORD-202604-03199,2026-04-15,CUST-1626,Laptop Stand,Accessories,Central,Rahul,6,1570.64
ORD-202604-03200,2026-04-28,CUST-4794,Desk Organizer,Office,North,Rahul,7,640.81
ORD-202604-03201,2026-04-04,CUST-2465,Keyboard,Electronics,East,Neha,5,1266.53
ORD-202604-03202,2026-04-05,CUST-3244,Mouse Pad,Accessories,West,Sneha,6,429.94
ORD-202604-03203,2026-04-03,CUST-4518,Desk Organizer,Office,South,Amit,6,621.7
ORD-202604-03204,2026-04-08,CUST-2531,Keyboard,Electronics,West,Rahul,6,1353.65
ORD-202604-03205,2026-04-02,CUST-0386,Monitor Stand,Furniture,South,Rahul,3,2017.56
ORD-202604-03206,2026-04-05,CUST-0981,Headphones,Electronics,East,Sneha,7,2440.75
ORD-202604-03207,2026-04-20,CUST-1330,Desk Organizer,Office,North,Ananya,7,577.56
ORD-202604-03208,2026-04-20,CUST-2298,Headphones,Electronics,Central,Neha,5,2648.2
ORD-202604-03209,2026-04-23,CUST-0078,USB Hub,Accessories,South,Amit,2,960.03
ORD-202604-03210,2026-04-24,CUST-2752,Study Table,Furniture,Central,Neha,6,5314.11
ORD-202604-03211,2026-04-24,CUST-3830,Monitor Stand,Furniture,South,Karan,4,2051.57
ORD-202604-03212,2026-04-27,CUST-2509,Notebook,Office,North,Ananya,6,207.88
ORD-202604-03213,2026-04-24,CUST-3924,Headphones,Electronics,South,Sneha,1,2356.28
ORD-202604-03214,2026-04-08,CUST-2729,Wireless Mouse,Electronics,South ,Neha,3,819.81
ORD-202604-03215,2026-05-01,CUST-4300,Desk Organizer,Office,West,Rahul,4,579.75
ORD-202604-03216,2026-04-22,CUST-4833,Office Chair,Furniture,Central,Priya,1,6681.42
ORD-202604-03217,2026-04-04,CUST-3429,USB Hub,Accessories,West,Vikram,4,865.91
ORD-202604-03218,2026-04-14,CUST-0968,Desk Organizer,Office,Central,Karan,5,578.16
ORD-202604-03219,2026-04-29,CUST-3795,Headphones,Electronics,Central,Vikram,5,2496.54
ORD-202604-03220,2026-05-01,CUST-1992,Mouse Pad,Accessories,South,Rahul,6,387.4
ORD-202604-03221,2026-04-30,CUST-4432,Keyboard,Electronics,Central,Vikram,3,1355.95
ORD-202604-03222,2026-04-22,CUST-0743,Office Chair,Furniture,Central,Karan,2,7558.21
ORD-202604-03223,2026-04-18,CUST-2913,Office Chair,Furniture,Central,Vikram,2,7380.85
ORD-202604-03224,2026-04-04,CUST-2059,Desk Organizer,Office,west,Sneha,2,605.07
ORD-202604-03225,2026-04-19,CUST-2994,Wireless Mouse,Electronics,Central,Rahul,3,828.1
ORD-202604-03226,2026-04-10,CUST-0480,Mouse Pad,Accessories,East,Vikram,7,430.73
ORD-202604-03227,2026-04-09,CUST-4695,Mouse Pad,Accessories,West,Priya,6,406.34
ORD-202604-03228,2026-04-21,CUST-1774,Desk Organizer,Office,West,Priya,1,545.51
ORD-202604-03229,2026-04-08,CUST-1373,Desk Organizer,Office,Central,Amit,5,574.77
ORD-202604-03230,2026-04-22,CUST-1936,Wireless Mouse,Electronics,South,Priya,4,771.94
ORD-202604-03231,2026-04-14,CUST-1634,Study Table,Furniture,North,,2,6031.1
ORD-202604-03232,2026-04-13,CUST-3637,Mouse Pad,Accessories,East,Karan,6,418.0
ORD-202604-03233,2026-04-09,CUST-1985,Keyboard,Electronics,Central,Priya,1,1280.31
ORD-202604-03234,2026-04-10,CUST-4570,Laptop Stand,Accessories, East,Rahul,1,1454.66
ORD-202604-03235,2026-04-25,CUST-1354,Desk Organizer,Office,South,Ananya,5,654.31
ORD-202604-03236,2026-04-08,CUST-2532,Webcam,Electronics,South,Neha,4,1999.85
ORD-202604-03237,2026-04-20,,Mouse Pad,Accessories,West,Ananya,5,375.47
ORD-202604-03238,2026-04-11,CUST-3881,USB Hub,Accessories,North,Karan,5,894.41
ORD-202604-03239,2026-04-22,CUST-3828,Laptop Stand,Accessories,Central,Neha,7,1416.81
ORD-202604-03240,2026-04-03,CUST-2031,USB Hub,Accessories,East,Amit,1,987.08
ORD-202604-03241,2026-04-29,CUST-4903,Notebook,Office,West,Neha,6,201.87
ORD-202604-03242,2026-04-12,CUST-1414,Headphones,Electronics,North,Neha,3,2289.79
ORD-202604-03243,2026-04-06,CUST-4207,Pen Set,Office,Central,Sneha,2,287.71
ORD-202604-03244,2026-04-06,CUST-0751,Monitor Stand,Furniture,West,Ananya,4,2011.52
ORD-202604-03245,2026-04-24,CUST-2652,Desk Organizer,Office,North,Vikram,4,600.55
ORD-202604-03246,2026-04-07,CUST-1971,Wireless Mouse,Electronics,Central,Vikram,4,754.32
ORD-202604-03247,2026-04-09,CUST-3649,USB Hub,Accessories,East,Neha,2,932.32
ORD-202604-03248,2026-04-08,CUST-3791,Office Chair,Furniture,West,Neha,1,6625.68
ORD-202604-03249,2026-04-10,CUST-0132,Desk Organizer,Office,West,Priya,5,656.86
ORD-202604-03250,2026-04-06,CUST-3003,Desk Organizer,Office,East,Rahul,7,637.88
ORD-202604-03251,2026-04-19,CUST-4626,Pen Set,Office,,Ananya,7,295.85
ORD-202604-03252,2026-04-16,CUST-1092,Wireless Mouse,electronics,East,Amit,7,777.66
ORD-202604-03253,2026-04-03,CUST-3909,Desk Organizer,Office,Central,Vikram,2,560.26
ORD-202604-03254,2026-04-21,CUST-3739,Laptop Stand,Accessories,West,Vikram,6,1374.35
ORD-202604-03255,2026-04-29,CUST-0134,Wireless Mouse,Electronics,North,Priya,5,839.7
ORD-202604-03256,2026-04-27,CUST-0444,Notebook,Office,Central,Amit,4,214.4
ORD-202604-03257,2026-04-11,CUST-1843,Pen Set,Office,East,Neha,3,298.96
ORD-202604-03258,2026-04-17,CUST-0780,Headphones,Electronics,Central,Vikram,6,2696.56
ORD-202604-03259,2026-04-14,CUST-1507,Desk Organizer,Office,North,Priya,1,652.82
ORD-202604-03260,2026-04-02,CUST-0908,Desk Organizer,Office,West,Priya,6,609.83
ORD-202604-03261,2026-04-18,CUST-4162,Laptop Stand,Accessories,North,Rahul,7,1425.34
ORD-202604-03262,2026-04-11,CUST-3418,Laptop Stand,Accessories,East,Amit,7,1594.05
ORD-202604-03263,2026-04-27,CUST-0922,Study Table,Furniture,West,Vikram,7,5189.84
ORD-202604-03264,2026-04-17,CUST-1420,Keyboard,Electronics,South,Neha,6,1410.53
ORD-202604-03265,2026-04-12,CUST-3466,Pen Set,Office,North,Vikram,6,280.51
ORD-202604-03266,2026-04-23,CUST-4411,Pen Set,Office,North,Rahul,1,290.32
ORD-202604-03267,2026-04-06,CUST-4970,Webcam,Electronics,South,Vikram,3,1754.99
ORD-202604-03268,2026-04-08,CUST-0460,Webcam,Electronics,North,Neha,1,1816.63
ORD-202604-03269,,CUST-3125,Mouse Pad,Accessories,Central,Sneha,3,399.33
ORD-202604-03270,2026-04-24,CUST-4684,Laptop Stand,Accessories,South,Priya,4,1465.51
ORD-202604-03271,2026-04-26,CUST-4461,Keyboard,Electronics,West,Neha,7,1332.45
ORD-202604-03272,2026-04-23,CUST-0026,USB Hub,Accessories,North,Sneha,5,874.9
ORD-202604-03273,2026-04-22,CUST-0239,Desk Organizer,Office,Central,Sneha,6,607.33
ORD-202604-03274,2026-04-24,CUST-4587,USB Hub,Accessories,West,Amit,6,922.27
ORD-202604-03275,2026-04-25,CUST-1167,Desk Organizer,Office,East,Rahul,6,649.99
ORD-202604-03276,2026-04-21,CUST-0653,Office Chair,Furniture,North,Priya,1,7533.88
ORD-202604-03277,2026-04-16,CUST-0732,Notebook,Office,East,Ananya,7,189.64
ORD-202604-03278,2026-04-08,CUST-0117,Pen Set,Office,Central,Ananya,4,297.27
ORD-202604-03279,2026-04-24,CUST-2108,Wireless Mouse,Electronics,West,Vikram,2,734.99
ORD-202604-03280,2026-04-19,CUST-1344,Study Table,Furniture,South,Sneha,3,5193.62
ORD-202604-03281,2026-04-06,CUST-0346,Headphones,Electronics,North,Amit,4,2396.07
ORD-202604-03282,2026-04-09,CUST-1683,Office Chair,Furniture,Central,Amit,5,7634.98
ORD-202604-03283,2026-05-01,CUST-1501,Office Chair,Furniture,Central,Sneha,3,7357.17
ORD-202604-03284,,CUST-3677,Monitor Stand,Furniture,North,Amit,4,2157.57
ORD-202604-03285,2026-04-03,CUST-0976,Laptop Stand,Accessories,North,Sneha,3,1438.63
ORD-202604-03286,2026-04-02,CUST-4492,Laptop Stand,Accessories,North,Vikram,6,1606.58
ORD-202604-03287,2026-04-27,CUST-0513,Webcam,Electronics,Central,Ananya,1,2002.3
ORD-202604-03288,2026-04-21,CUST-1929,Notebook,Office,West,Neha,5,184.89
ORD-202604-03289,2026-04-16,CUST-4841,Headphones,Electronics,East,Ananya,4,2409.83
ORD-202604-03290,2026-04-28,,Office Chair,Furniture,West,Priya,4,7294.79
ORD-202604-03291,2026-04-15,CUST-4164,Pen Set,Office,South,Amit,3,288.6
ORD-202604-03292,2026-04-11,CUST-1402,Office Chair,Furniture,North,Priya,2,6651.43
ORD-202604-03293,2026-04-06,CUST-0352,Mouse Pad,Accessories,Central,Priya,2,438.21
ORD-202604-03294,2026-04-08,CUST-4379,Office Chair,Furniture,Central,,5,6976.78
ORD-202604-03295,2026-04-09,CUST-3988,Keyboard,Electronics,South,Neha,2,1259.57
ORD-202604-03296,2026-04-04,CUST-0271,USB Hub,Accessories,West,Amit,2,873.26
ORD-202604-03297,2026-04-14,CUST-2507,Pen Set,Office,Central,,4,306.07
ORD-202604-03298,2026-04-17,,Mouse Pad,Accessories,East,Ananya,5,410.57
ORD-202604-03299,2026-04-23,,Desk Organizer,Office,North,Rahul,3,642.78
ORD-202604-03300,2026-04-06,CUST-1104,Keyboard,Electronics,West,Karan,2,1339.86
ORD-202604-03301,2026-05-01,CUST-1573,Office Chair,Furniture,East,Amit,6,7611.16
ORD-202604-03302,2026-04-19,CUST-1785,Headphones,Electronics,West,Amit,2,2536.18
ORD-202604-03303,2026-04-06,CUST-4122,Keyboard,Electronics,West,Karan,7,1297.29
ORD-202604-03304,2026-04-18,CUST-1306,USB Hub,Accessories,North,Ananya,4,950.33
ORD-202604-03305,2026-04-16,CUST-1414,Office Chair,Furniture,Central,Amit,6,6597.66
ORD-202604-03306,2026-04-05,CUST-3905,Laptop Stand,Accessories,Central,Ananya,4,1539.32
ORD-202604-03307,2026-04-16,CUST-0921,Office Chair,Furniture,South,Priya,2,6859.58
ORD-202604-03308,2026-04-22,CUST-1262,Webcam,Electronics,Central,Vikram,7,1760.0
ORD-202604-03309,2026-04-01,CUST-2057,Office Chair,Furniture,West,Ananya,3,6744.21
ORD-202604-03310,2026-04-29,CUST-4504,Keyboard,Electronics,East,Amit,5,1333.4
ORD-202604-03311,2026-04-30,,Pen Set,Office,West,Sneha,6,325.42
ORD-202604-03312,2026-04-29,CUST-3533,Desk Organizer,Office,East,Sneha,3,605.23
ORD-202604-03313,2026-05-01,CUST-1447,Keyboard,Electronics,Central,Rahul,6,1276.39
ORD-202604-03314,2026-04-05,CUST-1464,Office Chair,Furniture,Central,Sneha,6,7551.86
ORD-202604-03315,2026-04-06,CUST-4839,Pen Set,Office,East,Vikram,2,281.01
ORD-202604-03316,2026-04-26,CUST-0328,Mouse Pad,Accessories,North,Rahul,1,365.58
ORD-202604-03317,2026-04-04,CUST-0689,Study Table,Furniture,Central,Karan,1,5304.5
ORD-202604-03318,2026-04-24,CUST-0861,Office Chair,Furniture,Central,Rahul,1,6421.26
ORD-202604-03319,2026-04-04,CUST-0807,Laptop Stand,Accessories,,Neha,4,1474.88
ORD-202604-03320,2026-04-30,CUST-2604,Study Table,Furniture,Central,Vikram,2,5214.28
ORD-202604-03321,2026-04-18,CUST-0815,Study Table,Furniture,West,Priya,3,5155.37
ORD-202604-03322,2026-04-08,CUST-4130,Keyboard,Electronics,East,Sneha,4,1219.12
ORD-202604-03323,2026-04-07,CUST-3325,Pen Set,Office,East,,3,283.98
ORD-202604-03324,2026-04-18,CUST-1919,Office Chair,Furniture,East,Sneha,5,7055.06
ORD-202604-03325,2026-04-06,CUST-2144,Keyboard,Electronics,North,Karan,3,1169.54
ORD-202604-03326,2026-04-17,CUST-2003,Wireless Mouse,Electronics,West,Priya,6,817.7
ORD-202604-03327,2026-04-24,CUST-2457,Desk Organizer,Office,,Vikram,2,623.44
ORD-202604-03328,2026-04-26,CUST-4575,Keyboard,Electronics,West,Vikram,5,1354.81
ORD-202604-03329,2026-05-01,CUST-1338,Laptop Stand,Accessories,West,Karan,3,1501.32
ORD-202604-03330,2026-04-03,CUST-2134,USB Hub,Accessories,Central,Rahul,1,892.57
ORD-202604-03331,2026-04-27,CUST-1720,Study Table,Furniture,South,Vikram,2,5610.96
ORD-202604-03332,2026-04-17,CUST-0851,Pen Set,Office,West,Priya,6,286.98
ORD-202604-03333,2026-04-26,CUST-3028,Webcam,Electronics,South,Vikram,7,1752.59
ORD-202604-03334,2026-04-14,CUST-0914,Mouse Pad,Accessories,Central,Amit,1,399.66
ORD-202604-03335,2026-04-16,CUST-3599,Mouse Pad,Accessories,South,Amit,2,428.3
ORD-202604-03336,2026-05-01,CUST-4251,Headphones,Electronics,South,Rahul,5,2492.08
ORD-202604-03337,2026-04-15,CUST-3195,USB Hub,Accessories,North,Ananya,6,859.37
ORD-202604-03338,2026-04-26,CUST-2400,Pen Set,Office,East,Rahul,4,281.74
ORD-202604-03339,2026-04-26,CUST-3566,Keyboard,Electronics,North,Ananya,1,1186.29
ORD-202604-03340,2026-04-30,CUST-3919,Study Table,Furniture,Central,Ananya,4,5966.12
ORD-202604-03341,2026-04-05,CUST-2496,Pen Set,Office,West,Rahul,4,288.7
ORD-202604-03342,2026-04-22,CUST-2863,Office Chair,Furniture,West,Ananya,6,-100.0
ORD-202604-03343,2026-04-22,CUST-1596,Mouse Pad,Accessories,Central,Neha,6,434.51
ORD-202604-03344,2026-04-08,CUST-1050,Webcam,Electronics, West,Sneha,1,1877.95
ORD-202604-03345,2026-04-17,CUST-0296,Desk Organizer,Office,South,Amit,7,589.66
ORD-202604-03346,2026-04-21,CUST-1245,Study Table,Furniture,East,Ananya,3,5296.42
ORD-202604-03347,2026-04-11,CUST-1698,Headphones,Electronics,North,Karan,5,2567.99
ORD-202604-03348,2026-04-26,CUST-0685,USB Hub,Accessories,East,Priya,7,847.55
ORD-202604-03349,2026-04-20,CUST-4365,Monitor Stand,Furniture,West,Sneha,5,1934.2
ORD-202604-03350,2026-04-10,CUST-0505,Study Table,Furniture,North,Vikram,1,5272.95
ORD-202604-03351,2026-04-24,CUST-1661,Study Table,Furniture,West,Vikram,2,5360.87
ORD-202604-03352,2026-04-19,CUST-3057,Keyboard,Electronics,West,Priya,7,1188.44
ORD-202604-03353,2026-04-30,CUST-0780,Keyboard,Electronics,South,Vikram,1,1306.53
ORD-202604-03354,2026-04-04,CUST-3953,Monitor Stand,Furniture,,Priya,5,1835.71
ORD-202604-03355,2026-04-19,CUST-3383,Study Table,Furniture,South,Neha,4,5810.92
ORD-202604-03356,2026-04-05,CUST-3426,Laptop Stand,Accessories,Central,Sneha,7,1475.09
ORD-202604-03357,2026-04-26,CUST-3851,Webcam,Electronics,East,Priya,7,1988.66
ORD-202604-03358,2026-04-13,CUST-4518,USB Hub,Accessories,East,Priya,1,832.53
ORD-202604-03359,2026-04-12,CUST-2626,Wireless Mouse,Electronics,,Amit,7,811.58
ORD-202604-03360,2026-04-17,CUST-4533,Office Chair,Furniture,East,Neha,6,6566.84
ORD-202604-03361,2026-04-06,CUST-4698,Study Table,Furniture,East,Ananya,7,5586.63
ORD-202604-03362,2026-04-14,CUST-4730,Pen Set,Office,East,Sneha,4,294.37
ORD-202604-03363,2026-04-18,CUST-4375,Headphones,Electronics,West,Amit,7,2572.23
ORD-202604-03364,2026-04-02,CUST-3848,Notebook,Office,Central,Vikram,2,182.71
ORD-202604-03365,2026-04-21,CUST-4902,USB Hub,Accessories,East,Priya,1,971.24
ORD-202604-03366,2026-04-26,CUST-2391,Pen Set,Office,East,Neha,4,297.94
ORD-202604-03367,2026-04-24,CUST-0962,Wireless Mouse,Electronics,Central,Rahul,2,826.64
ORD-202604-03368,2026-04-10,CUST-1740,Mouse Pad,Accessories,East,Rahul,7,379.58
ORD-202604-03369,2026-04-23,CUST-1312,Office Chair,Furniture,East,Vikram,5,7311.38
ORD-202604-03370,2026-04-29,CUST-0395,Wireless Mouse,Electronics,South,Priya,4,869.31
ORD-202604-03371,2026-04-10,CUST-2576,Monitor Stand,Furniture,West,Karan,1,2181.56
ORD-202604-03372,2026-04-08,CUST-4680,Mouse Pad,Accessories,Central,Karan,1,422.73
ORD-202604-03373,2026-05-01,CUST-4442,Wireless Mouse,Electronics,West,Rahul,5,783.05
ORD-202604-03374,2026-04-21,CUST-1428,Notebook,Office,West,,1,186.41
ORD-202604-03375,2026-04-03,CUST-1995,Pen Set,Office,Central,Ananya,5,285.0
ORD-202604-03376,2026-04-15,CUST-0770,Keyboard,Electronics,North,Sneha,1,1364.56
ORD-202604-03377,2026-04-29,,Mouse Pad,Accessories,South,Karan,3,381.69
ORD-202604-03378,2026-04-01,CUST-0425,Headphones,Electronics,North,Karan,2,2389.55
ORD-202604-03379,2026-04-27,CUST-0517,Study Table,Furniture,Central,Vikram,2,5250.32
ORD-202604-03380,2026-04-19,CUST-1224,Headphones,Electronics,East,Neha,4,2409.51
ORD-202604-03381,2026-04-19,CUST-3598,Keyboard,Electronics,West,Priya,3,1310.66
ORD-202604-03382,2026-04-01,CUST-4272,Notebook,Office,West,Priya,3,206.8
ORD-202604-03383,2026-04-24,CUST-4268,Study Table,Furniture,Central,Vikram,2,5377.27
ORD-202604-03384,2026-04-02,CUST-4746,Headphones,Electronics,,Sneha,7,2442.08
ORD-202604-03385,2026-04-11,CUST-0577,Study Table,Furniture,South,Vikram,2,5862.8
ORD-202604-03386,2026-04-21,CUST-1251,Headphones,Electronics,North,Priya,6,2348.23
ORD-202604-03387,2026-04-30,CUST-2658,Study Table,Furniture,Central,Vikram,7,5620.8
ORD-202604-03388,2026-04-16,CUST-4196,USB Hub,Accessories,West,Neha,4,908.99
ORD-202604-03389,2026-04-21,CUST-0421,USB Hub,Accessories,East,Priya,3,891.78
ORD-202604-03390,2026-04-28,CUST-2941,Office Chair,Furniture,North,Ananya,2,7561.92
ORD-202604-03391,2026-04-28,CUST-0722,Mouse Pad,Accessories,West,Rahul,2,360.03
ORD-202604-03392,2026-04-15,CUST-1448,Webcam,Electronics,East,Karan,3,2013.94
ORD-202604-03393,2026-04-27,CUST-3528,Laptop Stand,Accessories,Central,Karan,5,1471.36
ORD-202604-03394,,CUST-1470,Webcam,Electronics,Central,Karan,5,2022.16
ORD-202604-03395,2026-04-13,CUST-3730,USB Hub,Accessories,North,Sneha,2,890.4
ORD-202604-03396,2026-04-01,CUST-1996,Mouse Pad,Accessories,East,Rahul,1,373.6
ORD-202604-03397,2026-04-05,CUST-4783,Pen Set,Office,West,Ananya,6,302.88
ORD-202604-03398,2026-04-29,CUST-0715,Laptop Stand,Accessories,North,Amit,7,1640.89
ORD-202604-03399,2026-04-23,CUST-1063,Webcam,Electronics,Central,Ananya,1,1750.1
ORD-202604-03400,2026-04-07,CUST-3250,Monitor Stand,Furniture,East,Neha,5,2152.84
ORD-202604-03401,2026-04-22,CUST-4881,Office Chair,Furniture,Central,Rahul,3,7171.08
ORD-202604-03402,2026-04-06,,Office Chair,Furniture,North,Karan,7,7449.82
ORD-202604-03403,2026-04-28,CUST-3014,Laptop Stand,Accessories,South,Rahul,6,1596.37
ORD-202604-03404,2026-04-16,CUST-4453,USB Hub,Accessories,Central,Rahul,5,831.17
ORD-202604-03405,2026-04-27,CUST-4196,Pen Set,Office,South,Ananya,3,292.87
ORD-202604-03406,2026-04-21,CUST-3787,Keyboard,Electronics,East,Vikram,3,1317.93
ORD-202604-03407,2026-04-07,CUST-2511,Monitor Stand,Furniture,North,Karan,4,2126.03
ORD-202604-03408,2026-04-20,CUST-1719,Headphones,Electronics,South,Priya,4,2399.1
ORD-202604-03409,2026-04-21,CUST-3130,Webcam,Electronics,North,Sneha,1,2075.18
ORD-202604-03410,2026-04-11,CUST-2475,Office Chair,Furniture,East,,1,6358.83
ORD-202604-03411,2026-04-17,CUST-1598,Webcam,Electronics,Central,Rahul,5,1926.29
ORD-202604-03412,2026-04-20,CUST-2075,USB Hub,Accessories,North,Vikram,1,925.8
ORD-202604-03413,2026-04-03,CUST-0709,Monitor Stand,Furniture,North,Amit,4,2029.25
ORD-202604-03414,2026-04-14,CUST-4760,Headphones,Electronics,South,Ananya,1,2278.95
ORD-202604-03415,2026-04-23,CUST-0817,Keyboard,Electronics,Central,Amit,4,1287.05
ORD-202604-03416,2026-04-07,CUST-2454,Pen Set,Office,South,Rahul,3,280.61
ORD-202604-03417,2026-04-05,CUST-2166,Wireless Mouse,Electronics,South,Karan,1,806.04
ORD-202604-03418,2026-04-02,CUST-4736,Pen Set,Office,West,Ananya,3,290.98
ORD-202604-03419,2026-04-22,CUST-2470,Webcam,Electronics,Central,Vikram,1,2022.85
ORD-202604-03420,2026-04-21,CUST-3904,Laptop Stand,Accessories,East,Priya,3,1368.26
ORD-202604-03421,2026-04-01,CUST-2807,USB Hub,Accessories,South,Karan,-1,885.85
ORD-202604-03422,2026-04-19,CUST-3880,Keyboard,Electronics,North,Neha,3,1392.2
ORD-202604-03423,2026-04-13,CUST-1975,Study Table,Furniture,East,Ananya,1,5669.96
ORD-202604-03424,2026-04-16,CUST-3546,Notebook,Office,Central,Karan,3,186.11
ORD-202604-03425,2026-04-20,CUST-4514,Laptop Stand,Accessories,West,Sneha,3,1591.34
ORD-202604-03426,2026-04-15,CUST-3383,Notebook,Office,South,Vikram,4,192.46
ORD-202604-03427,2026-04-13,CUST-2084,Laptop Stand,Accessories,North,Vikram,3,1505.59
ORD-202604-03428,2026-04-16,CUST-1984,USB Hub,Accessories,Central,Sneha,7,914.56
ORD-202604-03429,2026-04-30,CUST-2533,Keyboard,Electronics,Central,Neha,7,1199.76
ORD-202604-03430,2026-04-04,CUST-0509,Monitor Stand,Furniture,South,Karan,4,2063.55
ORD-202604-03431,2026-04-11,CUST-0863,Office Chair,Furniture,West,Ananya,1,7256.58
ORD-202604-03432,2026-04-22,CUST-2518,Laptop Stand,Accessories,East,Vikram,6,1539.28
ORD-202604-03433,2026-04-15,CUST-1315,Notebook,Office,North,Sneha,5,206.03
ORD-202604-03434,2026-04-27,CUST-3916,Mouse Pad,Accessories,East,Rahul,6,378.28
ORD-202604-03435,2026-04-09,CUST-1762,Wireless Mouse,Electronics,East,Sneha,7,755.9
ORD-202604-03436,2026-04-04,CUST-0616,Pen Set,Office,West,Ananya,3,283.97
ORD-202604-03437,2026-04-07,CUST-2260,Mouse Pad,Accessories,South,Vikram,4,380.15
ORD-202604-03438,2026-04-24,CUST-2366,Pen Set,Office,South,Karan,2,290.77
ORD-202604-03439,2026-04-20,CUST-1410,Webcam,Electronics,East,Rahul,1,1804.09
ORD-202604-03440,2026-04-13,CUST-1270,Office Chair,Furniture,West,Vikram,1,7652.95
ORD-202604-03441,2026-04-07,CUST-2855,Desk Organizer,Office,South,Ananya,5,549.12
ORD-202604-03442,2026-04-25,CUST-2263,Headphones,Electronics,East,Priya,1,2673.2
ORD-202604-03443,2026-04-11,CUST-3616,Notebook,Office,Central,Sneha,7,193.3
ORD-202604-03444,2026-04-16,CUST-1017,Study Table,Furniture,,Rahul,2,5617.28
ORD-202604-03445,2026-04-26,CUST-4126,Wireless Mouse,Electronics,East,Ananya,4,769.73
ORD-202604-03446,2026-04-07,CUST-3387,Keyboard,Electronics,East,Neha,7,1403.45
ORD-202604-03447,2026-04-13,,Office Chair,Furniture,Central,Karan,2,6391.82
ORD-202604-03448,2026-04-13,CUST-3228,Wireless Mouse,Electronics,West,Sneha,1,761.33
ORD-202604-03449,2026-04-03,CUST-2240,Laptop Stand,Accessories,West,Amit,3,1637.21
ORD-202604-03450,2026-04-04,CUST-2148,Study Table,Furniture,Central,Karan,6,5342.67
ORD-202604-03451,2026-04-08,CUST-2852,Office Chair,Furniture,North,Vikram,2,6651.15
ORD-202604-03452,2026-04-01,CUST-1258,Laptop Stand,Accessories,East,Karan,4,1438.08
ORD-202604-03453,2026-04-14,CUST-4631,Notebook,Office,Central,Sneha,5,183.67
ORD-202604-03454,2026-04-01,CUST-1395,Office Chair,Furniture,North,Priya,5,6774.56
ORD-202604-03455,2026-04-20,CUST-4563,USB Hub,Accessories,South,Karan,6,866.35
ORD-202604-03456,2026-04-30,CUST-0987,Office Chair,Furniture,North,Priya,2,6689.59
ORD-202604-03457,2026-04-17,CUST-1042,Office Chair,Furniture,central,Rahul,7,6413.05
ORD-202604-03458,2026-05-01,CUST-4833,Pen Set,Office,South ,Sneha,6,304.65
ORD-202604-03459,2026-04-17,CUST-3002,Pen Set,Office,North,Priya,7,310.16
ORD-202604-03460,2026-04-02,CUST-1150,Headphones,Electronics,East,Rahul,1,2600.25
ORD-202604-03461,2026-04-13,CUST-2343,Office Chair,Furniture,Central,Karan,6,6525.1
ORD-202604-03462,2026-04-06,CUST-2130,USB Hub,Accessories,West,,4,925.47
ORD-202604-03463,2026-04-16,CUST-3806,Mouse Pad,Accessories,North,Karan,6,430.06
ORD-202604-03464,2026-04-16,CUST-2510,Office Chair,Furniture,West,Karan,1,7668.14
ORD-202604-03465,2026-04-23,CUST-0335,Laptop Stand,Accessories,South,Priya,4,1617.14
ORD-202604-03466,2026-04-20,CUST-3355,Keyboard,Electronics,North,Vikram,6,1204.71
ORD-202604-03467,2026-04-06,CUST-4132,Wireless Mouse,Electronics,Central,Amit,6,871.52
ORD-202604-03468,2026-04-06,CUST-3757,Mouse Pad,Accessories,East,Amit,5,384.96
ORD-202604-03469,2026-04-05,CUST-1058,Notebook,Office,Central,Karan,5,180.28
ORD-202604-03470,2026-04-07,CUST-1927,Keyboard,Electronics,West,Rahul,4,1263.73
ORD-202604-03471,2026-05-01,CUST-0201,Notebook,Office,South,Neha,6,191.33
ORD-202604-03472,2026-04-16,CUST-2586,Keyboard,Electronics,West,Sneha,2,1344.74
ORD-202604-03473,2026-04-08,CUST-1577,Pen Set,Office,South,Ananya,7,327.94
ORD-202604-03474,2026-04-02,CUST-4502,USB Hub,Accessories,East,,4,939.81
ORD-202604-03475,2026-04-16,CUST-1218,Monitor Stand,Furniture,West,Vikram,7,2070.1
ORD-202604-03476,2026-04-17,CUST-0575,Laptop Stand,Accessories,North,Sneha,1,1399.89
ORD-202604-03477,2026-04-20,CUST-3600,Office Chair,Furniture,Central,Rahul,4,7306.4
ORD-202604-03478,2026-04-28,CUST-2210,Office Chair,Furniture,East,Priya,4,6679.82
ORD-202604-03479,2026-04-13,CUST-3183,Monitor Stand,Furniture,Central,Sneha,4,1910.59
ORD-202604-03480,2026-05-01,CUST-0947,Mouse Pad,Accessories,North,Amit,2,393.66
ORD-202604-03481,2026-04-16,CUST-4370,Mouse Pad,Accessories,Central,Karan,3,430.38
ORD-202604-03482,2026-04-17,CUST-0231,Desk Organizer,Office,West,Ananya,7,565.1
ORD-202604-03483,2026-04-30,CUST-1979,Mouse Pad,Accessories,Central,Priya,1,430.3
ORD-202604-03484,2026-04-12,CUST-0775,Pen Set,Office,South,Rahul,2,298.78
ORD-202604-03485,2026-04-02,CUST-3581,USB Hub,Accessories,North,Neha,5,821.49
ORD-202604-03486,2026-04-24,CUST-1245,Monitor Stand,Furniture,North,Vikram,4,2068.39
ORD-202604-03487,2026-04-20,CUST-2323,Monitor Stand,Furniture,West,Vikram,7,2067.47
ORD-202604-03488,2026-04-28,CUST-2819,Webcam,Electronics,South,Rahul,1,2075.91
ORD-202604-03489,2026-04-29,CUST-1328,Keyboard,Electronics,North,Vikram,2,1252.18
ORD-202604-03490,2026-04-15,CUST-3835,Office Chair,Furniture,North,Priya,6,6437.21
ORD-202604-03491,2026-04-22,CUST-1283,Headphones,Electronics,North,Amit,2,2470.93
ORD-202604-03492,2026-04-27,CUST-4704,Headphones,Electronics,Central,Amit,2,2389.83
ORD-202604-03493,2026-04-24,CUST-3315,Office Chair,Furniture,East,Rahul,2,7064.98
ORD-202604-03494,2026-04-14,CUST-4791,Study Table,Furniture,North,Vikram,7,5574.34
ORD-202604-03495,2026-04-14,CUST-0336,Wireless Mouse,Electronics,Central,Amit,4,773.87
ORD-202604-03496,2026-04-14,CUST-4394,Study Table,Furniture,South,Amit,3,5997.46
ORD-202604-03497,2026-04-23,CUST-4864,Monitor Stand,Furniture,Central,Karan,6,1868.54
ORD-202604-03498,2026-04-18,CUST-2576,Office Chair,Furniture,West,Ananya,5,6602.95
ORD-202604-03499,2026-04-05,CUST-4433,Headphones,Electronics,South,Neha,2,2441.6
ORD-202604-03500,2026-04-14,CUST-2120,Laptop Stand,Accessories,Central,Rahul,7,1510.79
ORD-202604-03501,2026-04-11,CUST-2274,Pen Set,Office,South,Vikram,7,301.15
ORD-202604-03502,2026-04-08,,Keyboard,Electronics,Central ,Priya,6,1352.46
ORD-202604-03503,2026-04-29,CUST-3192,Office Chair,Furniture,North,Amit,3,6420.54
ORD-202604-03504,2026-04-28,CUST-4827,Office Chair,Furniture,South,Karan,3,7620.39
ORD-202604-03505,2026-04-20,CUST-1045,Study Table,Furniture,Central,Karan,3,5009.7
ORD-202604-03506,2026-04-30,CUST-2947,Notebook,Office,North,Sneha,7,204.46
ORD-202604-03507,2026-04-07,CUST-2478,Monitor Stand,Furniture,North,Karan,1,2009.19
ORD-202604-03508,2026-04-17,CUST-3727,USB Hub,Accessories,West,Priya,2,853.7
ORD-202604-03509,2026-04-22,CUST-2245,Laptop Stand,Accessories,South,Amit,2,1462.31
ORD-202604-03510,2026-04-25,CUST-0325,USB Hub,Accessories,East,Sneha,5,-100.0
ORD-202604-03511,2026-04-13,CUST-4007,Webcam,Electronics,South,Sneha,1,1729.7
ORD-202604-03512,2026-04-08,CUST-4870,Keyboard,Electronics,East,Neha,6,1262.88
ORD-202604-03513,2026-04-13,CUST-4748,Mouse Pad,Accessories,Central,Vikram,1,392.33
ORD-202604-03514,2026-04-22,,Pen Set,Office,West,Amit,3,298.53
ORD-202604-03515,2026-04-30,CUST-1723,Office Chair,Furniture,South,Priya,2,6974.64
ORD-202604-03516,2026-04-10,CUST-3014,Mouse Pad,Accessories,Central,Rahul,6,436.84
ORD-202604-03517,2026-04-11,CUST-4185,Monitor Stand,Furniture,South,Priya,5,2151.95
ORD-202604-03518,2026-04-06,CUST-4040,Monitor Stand,Furniture,South,Vikram,4,2079.53
ORD-202604-03519,2026-04-12,CUST-2797,Keyboard,Electronics,West,Neha,7,1422.84
ORD-202604-03520,2026-04-16,CUST-0423,Pen Set,Office,West,Rahul,7,288.75
ORD-202604-03521,2026-04-18,CUST-1247,Pen Set,Office,North,Priya,4,287.23
ORD-202604-03522,2026-04-01,CUST-0064,Monitor Stand,Furniture,East,Karan,2,1984.76
ORD-202604-03523,2026-04-06,CUST-2538,Office Chair,Furniture,East,Ananya,1,7252.59
ORD-202604-03524,2026-04-10,CUST-4777,Keyboard,Electronics,,Amit,7,-100.0
ORD-202604-03525,2026-04-16,CUST-3025,Headphones,Electronics,South,Karan,5,2575.2
ORD-202604-03526,2026-04-07,CUST-1067,Pen Set,Office,East,Sneha,4,280.61
ORD-202604-03527,2026-04-04,CUST-0194,Webcam,Electronics,North,Rahul,1,1791.87
ORD-202604-03528,2026-04-16,CUST-0529,Office Chair,Furniture,Central,Neha,4,6737.29
ORD-202604-03529,2026-05-01,CUST-1671,Notebook,Office,Central,Amit,7,196.39
ORD-202604-03530,2026-04-16,CUST-4679,Notebook,Office,South,Sneha,2,193.58
ORD-202604-03531,2026-04-29,CUST-0209,Study Table,Furniture,South,Ananya,3,5682.56
ORD-202604-03532,2026-04-22,CUST-1877,Notebook,Office,Central,Neha,1,205.68
ORD-202604-03533,2026-04-25,CUST-1969,Notebook,Office,South,Amit,3,191.78
ORD-202604-03534,2026-04-04,CUST-4272,Headphones,Electronics,West,Amit,3,2621.56
ORD-202604-03535,2026-04-25,CUST-3066,Study Table,Furniture,Central,Neha,6,5353.41
ORD-202604-03536,2026-04-14,CUST-4657,Laptop Stand,Accessories,Central,Neha,3,1359.47
ORD-202604-03537,2026-04-26,CUST-4276,Webcam,Electronics,West,Neha,5,1957.21
ORD-202604-03538,2026-04-02,CUST-0983,Pen Set,Office,West,Neha,5,316.26
ORD-202604-03539,2026-04-09,CUST-3038,Keyboard,Electronics,Central,Sneha,2,1345.25
ORD-202604-03540,2026-04-25,CUST-0347,Mouse Pad,Accessories,,Rahul,6,374.12
ORD-202604-03541,2026-04-03,CUST-3304,Pen Set,Office,South ,Neha,7,294.85
ORD-202604-03542,2026-04-28,CUST-0197,Study Table,Furniture,North,Karan,1,5828.91
ORD-202604-03543,2026-04-06,CUST-3183,Headphones,Electronics,Central,Rahul,5,2285.78
ORD-202604-03544,2026-05-01,CUST-1382,Office Chair,Furniture,West,Vikram,7,7620.47
ORD-202604-03545,2026-04-27,CUST-3545,Office Chair,Furniture,North,Ananya,4,6355.13
ORD-202604-03546,2026-04-17,CUST-0892,Mouse Pad,Accessories,South,Sneha,2,374.02
ORD-202604-03547,2026-04-02,CUST-1398,Study Table,Furniture,,Amit,1,5623.45
ORD-202604-03548,2026-04-27,CUST-4508,Notebook,Office,South,Ananya,5,197.94
ORD-202604-03549,2026-04-02,CUST-3095,Webcam,Electronics,South,Vikram,1,1937.15
ORD-202604-03550,2026-04-15,CUST-4644,Pen Set,Office,South,Vikram,6,296.19
ORD-202604-03551,2026-04-24,CUST-3807,Pen Set,Office,Central,Sneha,6,318.93
ORD-202604-03552,2026-04-07,CUST-2210,Pen Set,Office,Central,Rahul,3,326.82
ORD-202604-03553,2026-04-02,CUST-1861,Headphones,Electronics,Central,Karan,5,2634.32
ORD-202604-03554,2026-04-27,CUST-1764,Desk Organizer,Office,Central,Ananya,4,610.37
ORD-202604-03555,2026-04-27,CUST-2366,Study Table,Furniture,North,Neha,6,5366.47
ORD-202604-03556,2026-04-02,CUST-2040,Mouse Pad,Accessories,West,Ananya,1,409.57
ORD-202604-03557,2026-04-04,CUST-0647,Mouse Pad,Accessories,Central,Karan,4,422.45
ORD-202604-03558,2026-04-19,CUST-4169,Keyboard,Electronics,North,Amit,3,1373.71
ORD-202604-03559,2026-04-01,CUST-1170,Laptop Stand,Accessories,South,Vikram,4,1351.55
ORD-202604-03560,2026-04-30,CUST-0724,Monitor Stand,Furniture,South,,7,2078.81
ORD-202604-03561,2026-04-13,,Study Table,Furniture,East,Amit,4,5171.93
ORD-202604-03562,2026-04-09,CUST-0755,Wireless Mouse,Electronics,North,Priya,3,804.29
ORD-202604-03563,2026-04-08,CUST-3166,Pen Set,Office,North,Priya,5,313.68
ORD-202604-03564,2026-04-08,CUST-1401,Wireless Mouse,Electronics,Central,Vikram,7,872.15
ORD-202604-03565,2026-04-24,CUST-0081,Pen Set,Office,East,Karan,6,271.25
ORD-202604-03566,2026-04-04,CUST-2915,Monitor Stand,Furniture,North,Ananya,5,1930.12
ORD-202604-03567,2026-04-18,CUST-2181,Notebook,Office,South,Karan,7,181.55
ORD-202604-03568,2026-04-16,CUST-3562,Mouse Pad,Accessories,West,Rahul,7,420.62
ORD-202604-03569,2026-04-07,CUST-0910,Webcam,Electronics ,North,Sneha,2,1774.49
ORD-202604-03570,2026-04-20,,Office Chair,Furniture,East,Priya,2,6473.11
ORD-202604-03571,2026-04-11,CUST-0659,Study Table,Furniture,West,Ananya,4,5055.24
ORD-202604-03572,2026-04-16,CUST-0205,USB Hub,Accessories,South,Priya,5,936.8
ORD-202604-03573,2026-04-07,,Pen Set,Office,South,Vikram,7,274.49
ORD-202604-03574,2026-04-11,CUST-1785,USB Hub,Accessories,East,Rahul,1,889.7
ORD-202604-03575,2026-04-23,CUST-4549,Webcam,Electronics,West,Vikram,7,1769.95
ORD-202604-03576,2026-04-14,CUST-1540,Desk Organizer,Office,South,Neha,4,614.73
ORD-202604-03577,2026-04-19,CUST-3080,Notebook,Office,Central,Amit,5,184.84
ORD-202604-03578,2026-04-26,CUST-0211,Mouse Pad,Accessories,South,Vikram,6,377.7
ORD-202604-03579,2026-04-21,CUST-2957,Office Chair,Furniture,East,Ananya,2,7498.86
ORD-202604-03580,2026-04-30,CUST-3960,Study Table,Furniture,North,Karan,2,4967.5
ORD-202604-03581,2026-04-10,CUST-3615,Webcam,Electronics,West,Sneha,3,1722.29
ORD-202604-03582,2026-04-11,CUST-2130,Pen Set,Office,East,Ananya,7,312.99
ORD-202604-03583,2026-04-08,CUST-2715,USB Hub,Accessories,West,Ananya,6,847.18
ORD-202604-03584,2026-04-20,CUST-3071,Mouse Pad,Accessories,central,Vikram,4,377.61
ORD-202604-03585,2026-04-24,CUST-2162,Laptop Stand,Accessories,South,Sneha,6,1351.43
ORD-202604-03586,2026-04-26,CUST-2262,Office Chair,Furniture,South,Rahul,4,7014.12
ORD-202604-03587,2026-04-11,CUST-4679,Wireless Mouse,Electronics,South,Neha,1,782.4
ORD-202604-03588,2026-04-20,CUST-1831,Notebook,Office,East,Neha,7,212.27
ORD-202604-03589,2026-04-08,CUST-4601,Mouse Pad,Accessories,South,Rahul,6,367.38
ORD-202604-03590,2026-04-28,CUST-0688,Webcam,Electronics,South,Ananya,7,2088.23
ORD-202604-03591,2026-04-03,CUST-2384,Laptop Stand,Accessories,South,Amit,5,1365.71
ORD-202604-03592,2026-04-21,CUST-4455,Keyboard,Electronics,South,Ananya,7,1226.37
ORD-202604-03593,2026-04-10,CUST-1091,Headphones,Electronics,North,Karan,7,2319.03
ORD-202604-03594,2026-04-08,CUST-0598,Laptop Stand,Accessories,East,Priya,5,1581.94
ORD-202604-03595,2026-04-01,CUST-3201,Keyboard,Electronics,West,Priya,6,1242.81
ORD-202604-03596,2026-04-19,CUST-2893,Pen Set,Office,South,Karan,5,270.49
ORD-202604-03597,2026-04-08,CUST-2353,Notebook,Office,West,Rahul,3,200.22
ORD-202604-03598,2026-04-18,CUST-4881,Monitor Stand,Furniture,West,Karan,2,1894.52
ORD-202604-03599,2026-04-10,CUST-1925,Study Table,Furniture,North,Ananya,5,5630.44
ORD-202604-03600,2026-04-11,CUST-1433,Desk Organizer,Office,Central,Sneha,6,592.62
ORD-202604-03601,2026-04-06,CUST-1927,Mouse Pad,Accessories,South,Neha,6,365.94
ORD-202604-03602,2026-04-03,CUST-2387,Pen Set,Office,East,Sneha,5,322.93
ORD-202604-03603,2026-04-28,CUST-3359,Keyboard,Electronics,North,Sneha,5,1228.0
ORD-202604-03604,2026-04-26,CUST-3729,Headphones,Electronics,West,Amit,3,2253.06
ORD-202604-03605,2026-04-21,CUST-1976,Desk Organizer,Office,East,Priya,1,608.88
ORD-202604-03606,2026-04-25,CUST-1284,Desk Organizer,Office,South,Neha,7,638.25
ORD-202604-03607,2026-04-28,CUST-3094,Wireless Mouse,Electronics,East,Rahul,2,797.84
ORD-202604-03608,2026-04-01,CUST-1126,Mouse Pad,Accessories,East,Amit,4,426.89
ORD-202604-03609,2026-04-12,CUST-0745,Laptop Stand,Accessories,South,Sneha,7,1371.18
ORD-202604-03610,2026-04-23,CUST-0554,Desk Organizer,Office,East,Karan,6,573.27
ORD-202604-03611,2026-04-02,CUST-1274,Pen Set,office,West,Rahul,7,307.48
ORD-202604-03612,2026-04-21,CUST-0114,Laptop Stand,Accessories,Central,Karan,5,1580.89
ORD-202604-03613,2026-04-20,CUST-3327,Study Table,Furniture,Central,Sneha,-1,5035.31
ORD-202604-03614,2026-04-12,CUST-1414,Mouse Pad,Accessories,West,Neha,1,407.93
ORD-202604-03615,2026-04-27,CUST-0382,Laptop Stand,Accessories,Central,Priya,6,1579.83
ORD-202604-03616,2026-04-25,CUST-3396,Mouse Pad,Accessories,South,Priya,4,369.2
ORD-202604-03617,2026-04-22,CUST-4445,Study Table,Furniture,West,Karan,4,5111.4
ORD-202604-03618,2026-04-26,CUST-0376,Laptop Stand,Accessories,West,Neha,5,1501.26
ORD-202604-03619,2026-04-04,CUST-1117,Webcam,Electronics,West,Vikram,4,1873.4
ORD-202604-03620,2026-04-27,CUST-3840,Notebook,Office,Central,Priya,7,196.03
ORD-202604-03621,2026-04-19,CUST-3988,Webcam,Electronics,West,Amit,1,2038.59
ORD-202604-03622,2026-04-03,CUST-2137,Webcam,Electronics,East,Amit,2,1734.0
ORD-202604-03623,2026-04-18,CUST-2396,Notebook,Office,East,Ananya,1,208.38
ORD-202604-03624,2026-04-12,CUST-2770,Wireless Mouse,Electronics ,East,Amit,5,849.82
ORD-202604-03625,2026-04-19,CUST-2608,Study Table,Furniture,South,Karan,4,5371.91
ORD-202604-03626,2026-04-01,CUST-1561,Headphones,Electronics,West,Amit,4,2595.33
ORD-202604-03627,2026-04-01,CUST-4060,Desk Organizer,Office,Central,Priya,7,609.41
ORD-202604-03628,2026-04-23,CUST-3297,Mouse Pad,Accessories,East,Sneha,4,380.24
ORD-202604-03629,2026-04-26,CUST-2447,Webcam,Electronics,West,Vikram,6,1903.52
ORD-202604-03630,2026-04-14,CUST-3781,Wireless Mouse,Electronics,East,Amit,2,728.34
ORD-202604-03631,2026-04-12,,Webcam,Electronics,West,Priya,3,2016.61
ORD-202604-03632,2026-04-24,CUST-0426,USB Hub,Accessories,West,Rahul,4,819.15
ORD-202604-03633,2026-04-10,CUST-1484,Keyboard,Electronics,North,Rahul,6,1244.78
ORD-202604-03634,2026-04-25,CUST-4439,Pen Set,Office,South,Priya,1,293.59
ORD-202604-03635,2026-04-18,,Desk Organizer,Office,West,Rahul,4,598.94
ORD-202604-03636,2026-04-03,CUST-2942,Mouse Pad,Accessories,North,Neha,3,401.63
ORD-202604-03637,2026-04-22,CUST-2832,Headphones,Electronics,South,Amit,6,2550.71
ORD-202604-03638,2026-04-30,CUST-3248,Notebook, Office,South,Rahul,3,215.59
ORD-202604-03639,2026-04-24,CUST-4617,Office Chair,Furniture,Central,Sneha,3,6967.58
ORD-202604-03640,2026-04-16,CUST-2634,Desk Organizer,Office,South,Rahul,2,617.26
ORD-202604-03641,2026-04-20,CUST-1629,Laptop Stand,Accessories,Central,Priya,6,1375.84
ORD-202604-03642,2026-04-30,CUST-0467,Keyboard,Electronics ,Central,Sneha,7,1387.74
ORD-202604-03643,2026-04-17,CUST-0492,Mouse Pad,Accessories,West,Amit,6,386.07
ORD-202604-03644,2026-04-05,CUST-2229,Webcam,Electronics,Central,Ananya,5,1933.54
ORD-202604-03645,2026-04-06,CUST-3244,Office Chair,Furniture,North,Amit,4,7672.04
ORD-202604-03646,2026-04-11,CUST-0884,USB Hub,Accessories,West,Rahul,7,945.31
ORD-202604-03647,2026-04-27,CUST-0801,Desk Organizer,Office,West,Ananya,2,587.65
ORD-202604-03648,2026-04-15,CUST-2555,Webcam,Electronics,North,Rahul,6,1880.54
ORD-202604-03649,2026-04-22,CUST-0730,Headphones,Electronics,West,Vikram,2,2321.92
ORD-202604-03650,2026-04-30,CUST-4507,USB Hub,Accessories,North,Rahul,4,922.62
ORD-202604-03651,2026-04-21,CUST-4314,Desk Organizer,Office,North,Rahul,1,605.33
ORD-202604-03652,2026-04-04,CUST-2357,Study Table,Furniture,North,Neha,5,5601.09
ORD-202604-03653,2026-04-30,CUST-3865,Study Table,Furniture,West,Amit,3,5243.38
ORD-202604-03654,2026-04-17,CUST-1046,Keyboard,Electronics,East,Priya,2,1353.66
ORD-202604-03655,2026-04-14,CUST-0713,Pen Set,Office,South,Vikram,6,286.95
ORD-202604-03656,2026-04-05,CUST-2527,Webcam, Electronics,West,Rahul,2,1878.91
ORD-202604-03657,2026-04-15,CUST-3856,Headphones,Electronics,North,Sneha,6,2323.71
ORD-202604-03658,2026-04-07,CUST-1689,Study Table,Furniture,Central,Karan,4,5735.55
ORD-202604-03659,2026-04-13,CUST-1127,Keyboard,Electronics,North,Ananya,-1,1214.77
ORD-202604-03660,2026-04-19,CUST-4644,Notebook,Office,South,Ananya,2,202.47
ORD-202604-03661,2026-04-05,CUST-2209,Office Chair,Furniture,West,Karan,4,7454.51
ORD-202604-03662,2026-04-09,CUST-2131,Monitor Stand,Furniture,North,Amit,6,2034.96
ORD-202604-03663,2026-04-17,CUST-1346,Mouse Pad,Accessories,South,Priya,3,407.37
ORD-202604-03664,2026-04-09,CUST-3985,Headphones,Electronics,South,Karan,3,2688.82
ORD-202604-03665,2026-04-16,CUST-1087,USB Hub,Accessories,North,,3,988.42
ORD-202604-03666,2026-04-21,CUST-2409,Desk Organizer,Office,East,Neha,1,562.47
ORD-202604-03667,2026-04-09,CUST-0425,Mouse Pad,Accessories,West,Vikram,7,397.11
ORD-202604-03668,2026-04-26,CUST-1181,Office Chair,Furniture,North,Ananya,5,6806.54
ORD-202604-03669,2026-04-09,CUST-4842,Pen Set,Office,South,Neha,4,273.27
ORD-202604-03670,2026-04-02,CUST-3317,Monitor Stand,Furniture,Central,Neha,4,1945.77
ORD-202604-03671,2026-04-27,CUST-1215,Pen Set,Office,West,Sneha,1,310.93
ORD-202604-03672,2026-04-07,CUST-0095,Headphones,Electronics,West,Karan,2,2674.65
ORD-202604-03673,2026-04-13,CUST-1651,Wireless Mouse,Electronics,North,Sneha,1,850.51
ORD-202604-03674,2026-04-17,CUST-4083,Mouse Pad,Accessories,West,Ananya,1,360.71
ORD-202604-03675,2026-04-24,CUST-3270,Monitor Stand,Furniture,West,Amit,7,1957.02
ORD-202604-03676,,CUST-4461,USB Hub,Accessories,Central,Ananya,5,979.66
ORD-202604-03677,,CUST-3627,Wireless Mouse,Electronics,East,Neha,1,807.53
ORD-202604-03678,2026-04-12,CUST-2739,Notebook,Office,West,Sneha,6,218.11
ORD-202604-03679,2026-04-07,CUST-4846,Notebook,Office,East,Sneha,5,192.8
ORD-202604-03680,2026-04-09,CUST-1238,Keyboard,Electronics,Central,Karan,2,1272.98
ORD-202604-03681,2026-04-18,CUST-0748,Pen Set,Office,East,Vikram,3,296.35
ORD-202604-03682,2026-04-03,CUST-0872,Mouse Pad,Accessories,West,Neha,6,427.17
ORD-202604-03683,2026-04-27,CUST-3009,Headphones,Electronics ,East,Rahul,3,2394.07
ORD-202604-03684,2026-04-07,CUST-3608,Wireless Mouse,Electronics,South,Ananya,5,788.98
ORD-202604-03685,2026-04-19,CUST-3535,Notebook,Office,North,Vikram,4,210.37
ORD-202604-03686,2026-04-16,CUST-1073,Laptop Stand,Accessories,South,Neha,6,1448.24
ORD-202604-03687,2026-04-06,CUST-3588,Headphones,Electronics,East,Sneha,4,2452.9
ORD-202604-03688,2026-04-10,CUST-2556,Office Chair,Furniture,Central,Ananya,1,7531.74
ORD-202604-03689,2026-04-17,CUST-4978,Webcam,Electronics,South,Rahul,5,1842.9
ORD-202604-03690,2026-04-19,CUST-4315,Mouse Pad,Accessories,East,Rahul,7,402.77
ORD-202604-03691,2026-04-06,CUST-0662,Notebook,Office,East,Priya,6,181.79
ORD-202604-03692,2026-04-10,CUST-3821,Study Table,Furniture,East,Vikram,5,5994.69
ORD-202604-03693,2026-04-15,CUST-0506,Study Table,Furniture,Central,Neha,1,5677.06
ORD-202604-03694,2026-04-08,CUST-0074,Wireless Mouse,Electronics,South,Karan,2,872.96
ORD-202604-03695,2026-04-05,CUST-0920,Webcam,Electronics,South,Amit,7,2017.54
ORD-202604-03696,2026-04-20,CUST-3518,Desk Organizer,Office,North,Vikram,7,630.56
ORD-202604-03697,2026-04-06,CUST-4440,Pen Set,Office,North,Amit,1,277.18
ORD-202604-03698,2026-04-23,CUST-0060,Wireless Mouse,Electronics,East,Ananya,5,796.86
ORD-202604-03699,2026-04-05,CUST-4871,Webcam, Electronics,North,Vikram,6,1714.92
ORD-202604-03700,2026-04-29,CUST-1621,Headphones, Electronics,West,Rahul,2,2529.77
ORD-202604-03701,2026-04-17,CUST-1386,Headphones,Electronics,North,Sneha,7,2727.39
ORD-202604-03702,2026-04-18,CUST-1872,Office Chair,Furniture,Central,Karan,6,6839.92
ORD-202604-03703,2026-04-13,CUST-0204,Monitor Stand,Furniture,South,Priya,4,1938.22
ORD-202604-03704,2026-04-30,CUST-2360,Wireless Mouse,Electronics,South,Neha,6,764.79
ORD-202604-03705,2026-04-03,CUST-3550,Study Table,Furniture,Central,Ananya,1,5581.88
ORD-202604-03706,2026-04-07,CUST-3275,Laptop Stand,Accessories,East,Neha,2,1620.31
ORD-202604-03707,2026-04-23,CUST-3524,Office Chair,Furniture,West,Neha,1,7123.19
ORD-202604-03708,2026-04-17,,Monitor Stand,Furniture,Central,Amit,4,2100.55
ORD-202604-03709,2026-04-17,CUST-2635,USB Hub,Accessories,East,Neha,6,875.3
ORD-202604-03710,2026-04-15,CUST-0886,Headphones,Electronics,West,Amit,3,2434.15
ORD-202604-03711,2026-04-16,CUST-1428,Headphones,Electronics,North,Karan,3,2367.58
ORD-202604-03712,2026-04-22,CUST-3357,Monitor Stand,Furniture,South,Amit,1,1837.8
ORD-202604-03713,2026-04-16,,Office Chair,Furniture,North,Amit,2,7468.79
ORD-202604-03714,2026-04-08,CUST-0908,Headphones,Electronics,Central,Neha,4,2612.41
ORD-202604-03715,2026-04-26,CUST-3528,Study Table,Furniture,central,Neha,4,5093.6
ORD-202604-03716,2026-04-05,CUST-1663,Webcam,Electronics,North,Amit,2,1913.38
ORD-202604-03717,2026-04-29,CUST-0565,Wireless Mouse,Electronics,East,Vikram,2,819.0
ORD-202604-03718,2026-04-14,CUST-4071,Pen Set,Office,West,,2,320.82
ORD-202604-03719,2026-04-15,CUST-1537,Notebook,Office,East,Vikram,5,184.71
ORD-202604-03720,2026-04-22,CUST-0359,Wireless Mouse,Electronics,Central,Priya,1,737.18
ORD-202604-03721,2026-04-26,CUST-4786,Notebook,Office,North,Amit,3,189.35
ORD-202604-03722,2026-04-23,CUST-0100,Desk Organizer,Office ,North,Vikram,2,567.7
ORD-202604-03723,2026-04-05,CUST-1059,Laptop Stand,Accessories,Central,Sneha,3,1393.22
ORD-202604-03724,2026-04-21,CUST-1802,Study Table,Furniture,East,Vikram,6,5913.97
ORD-202604-03725,2026-04-24,CUST-2769,Laptop Stand,Accessories,East,Ananya,6,1646.92
ORD-202604-03726,2026-04-21,CUST-2199,Laptop Stand,accessories,South,Rahul,3,1545.49
ORD-202604-03727,2026-04-13,CUST-1520,Pen Set,Office,South,Amit,6,314.38
ORD-202604-03728,2026-04-05,CUST-2060,Notebook,Office,east,Neha,1,199.98
ORD-202604-03729,2026-04-03,CUST-3962,Monitor Stand,Furniture,West,Amit,6,2048.82
ORD-202604-03730,2026-04-25,CUST-2934,Laptop Stand,Accessories,South,Neha,2,1604.12
ORD-202604-03731,2026-04-27,,Keyboard,Electronics,North,Rahul,3,1399.26
ORD-202604-03732,2026-04-18,CUST-3675,Pen Set,Office,Central,Priya,5,288.6
ORD-202604-03733,2026-04-28,CUST-2422,Monitor Stand,Furniture,West,Sneha,3,2117.93
ORD-202604-03734,2026-04-03,CUST-3214,Mouse Pad,Accessories,North,Neha,3,360.38
ORD-202604-03735,2026-04-29,CUST-3238,Notebook,Office,North,Ananya,1,183.95
ORD-202604-03736,2026-04-08,CUST-3692,Mouse Pad,Accessories,North,Ananya,5,382.5
ORD-202604-03737,2026-04-12,CUST-1639,Laptop Stand,Accessories,Central,Sneha,4,1496.96
ORD-202604-03738,2026-04-09,CUST-2600,Wireless Mouse,Electronics,North,Ananya,1,756.25
ORD-202604-03739,2026-04-12,CUST-1094,Monitor Stand,Furniture,North,Rahul,2,2147.22
ORD-202604-03740,2026-04-05,CUST-2210,Pen Set,Office,North,Sneha,6,301.5
ORD-202604-03741,2026-04-16,,Office Chair,Furniture,East,Karan,3,6877.81
ORD-202604-03742,2026-04-05,CUST-0655,Mouse Pad,Accessories,East,Ananya,7,422.46
ORD-202604-03743,2026-04-06,CUST-1614,USB Hub,Accessories,South,Priya,7,935.95
ORD-202604-03744,2026-04-28,CUST-4929,Laptop Stand,Accessories,South,Vikram,6,1575.1
ORD-202604-03745,2026-04-04,CUST-3534,Headphones,Electronics,Central,Sneha,7,2410.89
ORD-202604-03746,2026-04-14,CUST-3284,Mouse Pad,Accessories,Central,Rahul,6,384.13
ORD-202604-03747,2026-04-16,CUST-4009,Keyboard,Electronics,South,Sneha,4,1247.05
ORD-202604-03748,2026-04-13,CUST-1151,Laptop Stand,Accessories,West,Neha,2,1586.09
ORD-202604-03749,2026-04-16,CUST-4935,Monitor Stand,Furniture,East,Vikram,5,1951.77
ORD-202604-03750,2026-04-26,CUST-3437,Webcam,Electronics,West,Sneha,3,1755.75
ORD-202604-03751,2026-04-11,CUST-2090,Webcam,Electronics,Central,Rahul,7,1899.61
ORD-202604-03752,2026-04-12,CUST-2689,Keyboard,Electronics,South,Sneha,2,1223.83
ORD-202604-03753,2026-04-07,CUST-1708,Study Table,Furniture,Central,Karan,4,5583.66
ORD-202604-03754,2026-04-10,CUST-2020,Headphones,Electronics,Central,Ananya,6,2511.47
ORD-202604-03755,2026-04-27,CUST-4588,Office Chair,Furniture,West,Amit,4,6679.02
ORD-202604-03756,2026-04-07,CUST-3076,Keyboard,Electronics,North,Amit,6,1409.62
ORD-202604-03757,2026-04-06,CUST-2596,Laptop Stand,Accessories,East,Rahul,1,1481.12
ORD-202604-03758,2026-04-03,CUST-1114,Wireless Mouse,Electronics,Central,Amit,1,804.14
ORD-202604-03759,2026-05-01,,Pen Set,Office,West,Rahul,1,311.81
ORD-202604-03760,2026-04-07,CUST-4859,Desk Organizer,Office,South,Sneha,6,615.49
ORD-202604-03761,2026-04-07,CUST-4024,Study Table,Furniture,Central,Karan,5,4993.05
ORD-202604-03762,2026-04-26,CUST-2189,Keyboard,Electronics,West,,4,1297.18
ORD-202604-03763,2026-04-28,CUST-4423,Office Chair,Furniture,Central,Vikram,3,7562.11
ORD-202604-03764,2026-04-18,CUST-2859,USB Hub,Accessories,West,Neha,7,968.94
ORD-202604-03765,2026-04-10,CUST-1870,Keyboard,Electronics,Central,Neha,4,1202.64
ORD-202604-03766,2026-04-19,CUST-0515,Pen Set,Office,East,Neha,7,286.89
ORD-202604-03767,2026-04-26,CUST-2976,Laptop Stand,Accessories,North,Neha,1,1431.57
ORD-202604-03768,2026-04-12,CUST-4398,Desk Organizer,Office,South,Priya,1,648.83
ORD-202604-03769,2026-04-25,CUST-4942,USB Hub,Accessories,East,Amit,6,983.2
ORD-202604-03770,2026-04-16,CUST-3403,Wireless Mouse,Electronics,South,Vikram,6,789.22
ORD-202604-03771,2026-04-22,CUST-1514,Office Chair,Furniture,East,Vikram,5,7272.66
ORD-202604-03772,2026-04-21,CUST-0497,Study Table,Furniture,East,Ananya,2,5132.73
ORD-202604-03773,2026-04-14,CUST-3425,Notebook,Office,North,Priya,3,205.36
ORD-202604-03774,2026-04-13,CUST-2139,Keyboard,Electronics,Central,Priya,4,1181.56
ORD-202604-03775,2026-04-26,,Mouse Pad,Accessories,East,Sneha,6,365.35
ORD-202604-03776,2026-04-11,CUST-1304,Mouse Pad,Accessories,South,Neha,4,390.52
ORD-202604-03777,2026-04-21,CUST-0389,Office Chair,Furniture,East,Rahul,5,7498.61
ORD-202604-03778,2026-04-08,CUST-2421,Office Chair,Furniture,West,Rahul,2,6317.07
ORD-202604-03779,2026-04-21,CUST-1940,Monitor Stand,Furniture,South,Amit,1,1931.24
ORD-202604-03780,2026-04-07,CUST-2082,USB Hub,Accessories,North,Sneha,6,923.17
ORD-202604-03781,2026-04-16,CUST-0544,Desk Organizer,Office,East,Karan,1,575.83
ORD-202604-03782,2026-04-18,CUST-3884,Monitor Stand,Furniture,North,Ananya,4,1801.95
ORD-202604-03783,2026-04-05,CUST-3073,Laptop Stand,Accessories,Central,Karan,4,1508.26
ORD-202604-03784,2026-04-03,CUST-2839,Desk Organizer,Office,North,Sneha,5,553.86
ORD-202604-03785,2026-04-08,CUST-0280,Monitor Stand,Furniture,Central,Ananya,5,1925.15
ORD-202604-03786,2026-04-05,CUST-2207,Laptop Stand,Accessories,Central,Rahul,5,1618.69
ORD-202604-03787,2026-04-10,CUST-1763,Keyboard,Electronics,West,,1,1323.26
ORD-202604-03788,2026-04-19,CUST-0871,Wireless Mouse,Electronics,West,Priya,3,836.06
ORD-202604-03789,2026-04-11,CUST-4642,Webcam,Electronics,Central,Neha,3,1769.4
ORD-202604-03790,2026-04-26,,Office Chair,Furniture,West,Karan,1,7346.2
ORD-202604-03791,2026-04-15,CUST-4658,Mouse Pad,Accessories,North,Rahul,7,372.6
ORD-202604-03792,2026-04-09,CUST-1517,Study Table,Furniture,West,Neha,2,5913.15
ORD-202604-03793,2026-04-01,CUST-0865,Pen Set,Office,East,Sneha,1,310.36
ORD-202604-03794,2026-04-01,CUST-0311,Pen Set,Office,North,Vikram,2,309.21
ORD-202604-03795,,CUST-2711,Wireless Mouse,Electronics,South,Sneha,6,754.29
ORD-202604-03796,2026-04-21,CUST-1483,Laptop Stand,Accessories,East ,Ananya,6,1478.52
ORD-202604-03797,2026-04-27,CUST-4545,Mouse Pad,Accessories,North,Vikram,2,362.27
ORD-202604-03798,2026-04-02,CUST-0918,Notebook,Office,Central,Vikram,2,192.87
ORD-202604-03799,2026-04-07,CUST-4703,Desk Organizer,Office,South,Ananya,4,541.83
ORD-202604-03800,2026-04-11,CUST-1836,Wireless Mouse,Electronics,West,Karan,3,720.04
ORD-202604-03801,2026-04-04,CUST-4424,Pen Set,Office,South,Ananya,5,279.91
ORD-202604-03802,2026-04-14,CUST-4087,USB Hub,Accessories,West,Priya,4,930.82
ORD-202604-03803,2026-04-29,CUST-3425,Monitor Stand,Furniture,Central,Priya,4,1892.41
ORD-202604-03804,2026-04-24,CUST-1892,Monitor Stand,Furniture,West,Amit,6,2159.01
ORD-202604-03805,2026-04-09,CUST-3697,Keyboard,Electronics,Central,Rahul,5,1312.72
ORD-202604-03806,2026-04-24,CUST-2293,Headphones,Electronics,South,Rahul,6,2473.46
ORD-202604-03807,2026-04-07,CUST-4832,Office Chair,Furniture,North,Priya,2,6891.98
ORD-202604-03808,2026-04-13,CUST-3977,Pen Set,Office,South,Vikram,2,295.93
ORD-202604-03809,2026-04-24,CUST-2823,Wireless Mouse,Electronics,West,Sneha,4,752.67
ORD-202604-03810,2026-04-28,CUST-2544,Keyboard,Electronics,North,Karan,3,1277.79
ORD-202604-03811,2026-04-23,CUST-0356,Webcam,Electronics,South,Karan,6,1714.36
ORD-202604-03812,2026-04-12,CUST-3625,Desk Organizer,Office,West,Karan,2,588.86
ORD-202604-03813,2026-04-09,CUST-4046,Webcam,Electronics,West,Karan,4,1854.12
ORD-202604-03814,2026-04-15,CUST-2413,USB Hub,Accessories,South,Vikram,7,816.78
ORD-202604-03815,2026-04-26,CUST-2202,Study Table,Furniture,South,Neha,3,5618.22
ORD-202604-03816,2026-04-13,CUST-1724,Laptop Stand,Accessories,South,Karan,4,1584.73
ORD-202604-03817,2026-04-15,CUST-2669,Notebook,Office,South,Vikram,4,186.7
ORD-202604-03818,2026-04-20,CUST-2516,Mouse Pad,Accessories,North,Vikram,1,395.88
ORD-202604-03819,2026-04-19,CUST-4227,Notebook,Office,South,Karan,2,215.45
ORD-202604-03820,2026-04-13,CUST-4893,Office Chair,Furniture,Central,Priya,1,7558.35
ORD-202604-03821,2026-04-08,,Study Table,Furniture,West,Amit,7,5234.75
ORD-202604-03822,2026-04-29,CUST-0540,Office Chair,Furniture,North,Ananya,6,6607.45
ORD-202604-03823,2026-05-01,CUST-2607,Notebook,Office,Central,Ananya,2,187.82
ORD-202604-03824,2026-04-27,CUST-4430,Laptop Stand,Accessories,East,Vikram,3,1525.7
ORD-202604-03825,2026-04-06,CUST-1104,Study Table,Furniture,South,Priya,7,5872.5
ORD-202604-03826,2026-04-13,CUST-3129,Pen Set,Office,,Vikram,7,283.66
ORD-202604-03827,2026-04-13,CUST-0342,Desk Organizer,Office,Central,Neha,4,616.09
ORD-202604-03828,2026-04-01,CUST-4841,Laptop Stand,Accessories,South,Karan,5,1561.95
ORD-202604-03829,2026-04-16,CUST-0699,Monitor Stand,Furniture,Central,Priya,7,1852.77
ORD-202604-03830,2026-04-17,CUST-1249,USB Hub,Accessories,Central,Amit,4,825.15
ORD-202604-03831,2026-04-23,CUST-1289,Webcam,Electronics,North,Ananya,3,1742.74
ORD-202604-03832,2026-04-08,CUST-1908,Pen Set,Office,South,Priya,6,296.04
ORD-202604-03833,2026-04-15,CUST-3887,Webcam,Electronics,East,Rahul,7,1806.61
ORD-202604-03834,2026-04-10,CUST-0549,Webcam,Electronics,South,Ananya,6,1844.58
ORD-202604-03835,2026-04-05,,Laptop Stand,Accessories,Central,Rahul,6,1641.51
ORD-202604-03836,2026-04-15,CUST-0263,Laptop Stand,Accessories,Central,Priya,5,1446.21
ORD-202604-03837,2026-04-07,CUST-0440,Keyboard,Electronics,,Amit,5,1254.54
ORD-202604-03838,2026-04-25,CUST-2323,Headphones,Electronics,East,Priya,1,2619.06
ORD-202604-03839,2026-04-15,CUST-0960,Study Table,Furniture ,North,Amit,1,5984.48
ORD-202604-03840,2026-04-24,CUST-0449,Notebook,Office,East,Sneha,6,204.78
ORD-202604-03841,2026-04-07,CUST-3498,Headphones,Electronics,Central,Rahul,7,2633.67
ORD-202604-03842,2026-04-18,CUST-3013,Office Chair,Furniture,West,Sneha,6,6618.35
ORD-202604-03843,2026-04-10,CUST-0298,Wireless Mouse,Electronics,South,Neha,5,749.04
ORD-202604-03844,2026-04-23,CUST-2820,Study Table,Furniture,South,Neha,7,6046.25
ORD-202604-03845,2026-04-28,CUST-1839,Desk Organizer,Office,West,Amit,4,654.77
ORD-202604-03846,2026-04-10,CUST-4727,Monitor Stand,Furniture,East,Amit,1,1936.66
ORD-202604-03847,2026-04-15,CUST-3557,Mouse Pad,Accessories,West,Priya,2,423.27
ORD-202604-03848,2026-04-16,CUST-4558,Office Chair,Furniture,South,Karan,7,6693.99
ORD-202604-03849,2026-04-07,CUST-3328,Webcam,Electronics,South,Sneha,7,1729.59
ORD-202604-03850,2026-04-03,CUST-1475,Mouse Pad,Accessories,North,Karan,4,414.48
ORD-202604-03851,2026-04-24,CUST-2110,Monitor Stand,Furniture,West,Rahul,1,2014.37
ORD-202604-03852,2026-04-02,,Office Chair,Furniture,West,Rahul,2,6372.63
ORD-202604-03853,2026-04-01,CUST-3638,Mouse Pad,Accessories,Central,Priya,6,392.89
ORD-202604-03854,2026-04-05,CUST-0273,Webcam,Electronics,South,Karan,5,1931.62
ORD-202604-03855,2026-04-15,CUST-1052,Mouse Pad,Accessories,West,Karan,6,390.59
ORD-202604-03856,2026-04-24,CUST-3665,Mouse Pad,Accessories,North ,Amit,6,362.57
ORD-202604-03857,2026-04-29,CUST-2155,Pen Set,office,Central,Priya,6,325.11
ORD-202604-03858,2026-04-29,CUST-2903,Study Table,Furniture,Central,Neha,1,5969.67
ORD-202604-03859,2026-04-29,CUST-2295,Keyboard,Electronics,East,Sneha,2,1399.49
ORD-202604-03860,2026-04-20,CUST-1776,Notebook,Office,East,Amit,3,206.86
ORD-202604-03861,2026-04-16,CUST-1737,Laptop Stand,Accessories,North,Rahul,5,1620.4
ORD-202604-03862,2026-04-02,CUST-4108,Notebook,Office,North,Sneha,4,213.15
ORD-202604-03863,2026-04-15,CUST-2279,Headphones,Electronics,North,Neha,2,2521.24
ORD-202604-03864,2026-04-20,CUST-1768,Pen Set,Office,South,Rahul,6,299.72
ORD-202604-03865,2026-04-22,CUST-4622,Wireless Mouse,Electronics,South,Karan,3,817.81
ORD-202604-03866,2026-04-09,CUST-2652,Office Chair,Furniture,West,Priya,1,6696.03
ORD-202604-03867,2026-04-10,CUST-3582,Laptop Stand,Accessories,,Priya,6,1384.72
ORD-202604-03868,2026-04-28,CUST-3427,Keyboard,Electronics,South,Priya,6,1410.48
ORD-202604-03869,2026-04-27,CUST-1328,Notebook,Office,Central,Karan,7,198.66
ORD-202604-03870,2026-04-23,CUST-1339,Laptop Stand,Accessories,North,Amit,7,1374.81
ORD-202604-03871,2026-04-12,CUST-2560,Study Table,Furniture,Central,Ananya,3,5989.09
ORD-202604-03872,2026-04-12,CUST-0583,Monitor Stand,Furniture,Central,,7,2122.29
ORD-202604-03873,2026-04-17,CUST-1588,Pen Set,Office,South,Ananya,6,307.76
ORD-202604-03874,2026-04-14,CUST-3475,Monitor Stand,Furniture,West,Neha,2,2195.38
ORD-202604-03875,2026-04-25,CUST-1074,Keyboard,Electronics,North,Rahul,5,1382.4
ORD-202604-03876,2026-04-23,CUST-0929,Notebook,Office,East,Priya,5,182.27
ORD-202604-03877,2026-04-06,CUST-4734,Office Chair,Furniture,North,Ananya,2,7307.31
ORD-202604-03878,2026-04-29,CUST-1062,Webcam,Electronics,West,Karan,4,1754.5
ORD-202604-03879,2026-04-15,CUST-3031,USB Hub,Accessories,West,Vikram,2,948.37
ORD-202604-03880,2026-04-10,CUST-1000,Study Table,Furniture,South,Vikram,5,5245.85
ORD-202604-03881,2026-04-14,CUST-4490,Study Table,Furniture,South,Vikram,4,5332.68
ORD-202604-03882,2026-04-24,CUST-3737,Study Table,Furniture,West,Karan,4,5864.32
ORD-202604-03883,2026-04-12,CUST-3593,Desk Organizer,Office,Central,Neha,5,554.85
ORD-202604-03884,2026-04-22,,Webcam,Electronics,North,Karan,7,-100.0
ORD-202604-03885,2026-04-19,CUST-3182,Keyboard,Electronics,North,Amit,3,1202.05
ORD-202604-03886,2026-04-08,CUST-3703,Desk Organizer,Office,South,Ananya,6,542.13
ORD-202604-03887,2026-04-18,CUST-3182,Wireless Mouse,Electronics,East,Sneha,4,723.19
ORD-202604-03888,2026-04-08,CUST-2838,Monitor Stand,Furniture,North,Priya,4,2122.87
ORD-202604-03889,2026-04-25,CUST-2672,Headphones,Electronics,Central,Priya,2,2488.89
ORD-202604-03890,2026-04-07,CUST-2536,USB Hub,Accessories,South,Neha,7,900.44
ORD-202604-03891,2026-04-11,CUST-2899,Monitor Stand,Furniture,East,Vikram,4,2132.74
ORD-202604-03892,2026-04-06,CUST-4521,Keyboard,Electronics,Central,Sneha,7,1302.4
ORD-202604-03893,2026-04-10,CUST-1193,Notebook,Office,East,Neha,5,217.19
ORD-202604-03894,2026-04-10,CUST-2890,Office Chair,Furniture,South,Karan,2,6304.68
ORD-202604-03895,2026-04-12,CUST-4091,Headphones,Electronics ,West,Neha,5,2330.34
ORD-202604-03896,2026-04-05,CUST-1184,Pen Set,Office,North,Vikram,5,316.23
ORD-202604-03897,2026-04-22,CUST-0535,Desk Organizer,Office,South,Priya,6,648.77
ORD-202604-03898,2026-04-08,CUST-4918,Desk Organizer,Office,Central,Vikram,7,623.69
ORD-202604-03899,2026-04-12,CUST-3908,Headphones,Electronics,Central,Sneha,1,2398.11
ORD-202604-03900,2026-04-12,CUST-1552,Pen Set,Office,East,Rahul,6,319.37
ORD-202604-03901,2026-05-01,CUST-0317,Notebook,Office,,Karan,5,187.86
ORD-202604-03902,2026-04-18,CUST-2370,USB Hub,Accessories,North,Karan,7,887.97
ORD-202604-03903,2026-04-27,,Mouse Pad,Accessories,Central,Vikram,3,421.69
ORD-202604-03904,2026-04-14,CUST-1884,Monitor Stand,Furniture,South,Sneha,5,1960.72
ORD-202604-03905,2026-04-25,CUST-3625,Wireless Mouse,Electronics,South,Karan,2,850.91
ORD-202604-03906,2026-04-10,CUST-3696,Pen Set,Office,North,Ananya,1,305.18
ORD-202604-03907,2026-04-17,CUST-1423,Notebook,Office,South,Sneha,1,213.39
ORD-202604-03908,2026-04-04,CUST-2322,Mouse Pad,Accessories,East,Sneha,1,377.85
ORD-202604-03909,2026-04-09,CUST-3925,Study Table,Furniture,Central,Rahul,4,5648.06
ORD-202604-03910,2026-04-18,CUST-1751,Notebook,Office,South,Karan,3,205.46
ORD-202604-03911,2026-04-12,CUST-1804,Office Chair,Furniture,Central,Neha,3,6879.35
ORD-202604-03912,2026-04-27,CUST-3237,Desk Organizer,Office,Central,Karan,5,590.95
ORD-202604-03913,2026-04-16,CUST-1983,Office Chair,Furniture, Central,Priya,7,7583.14
ORD-202604-03914,2026-04-20,CUST-2462,Notebook,Office,West,Vikram,7,187.92
ORD-202604-03915,2026-04-05,CUST-2953,Wireless Mouse,Electronics,East,Vikram,5,734.39
ORD-202604-03916,2026-04-18,CUST-0088,Wireless Mouse,Electronics,West,Neha,3,801.55
ORD-202604-03917,2026-04-03,CUST-3451,Mouse Pad,Accessories,Central,Sneha,3,429.35
ORD-202604-03918,2026-04-12,CUST-3225,Webcam,Electronics,Central,Rahul,5,2080.0
ORD-202604-03919,2026-04-04,CUST-3986,Webcam,Electronics,North,Vikram,7,2050.12
ORD-202604-03920,2026-04-17,CUST-0796,Mouse Pad,Accessories,North,Neha,4,420.65
ORD-202604-03921,2026-04-21,CUST-0122,Mouse Pad,Accessories,East,Vikram,3,367.78
ORD-202604-03922,2026-04-21,CUST-4803,Headphones,Electronics,East,Vikram,2,2559.52
ORD-202604-03923,2026-04-28,CUST-0238,USB Hub,Accessories,West,Vikram,1,926.14
ORD-202604-03924,2026-04-10,CUST-3722,Study Table,Furniture,West,Vikram,3,5493.41
ORD-202604-03925,2026-04-24,CUST-3656,Keyboard,Electronics,East,Sneha,6,1387.89
ORD-202604-03926,2026-04-30,CUST-1869,Office Chair,Furniture,East,Priya,3,7674.43
ORD-202604-03927,2026-04-17,CUST-1796,Office Chair,Furniture,Central,Priya,6,7660.26
ORD-202604-03928,2026-04-01,CUST-0301,Desk Organizer,Office,North,Neha,6,541.54
ORD-202604-03929,2026-04-25,CUST-4097,Headphones,Electronics,south,Karan,6,2267.04
ORD-202604-03930,2026-04-11,CUST-1639,Mouse Pad,Accessories,South,Neha,5,363.36
ORD-202604-03931,2026-04-03,CUST-4750,Monitor Stand,Furniture,South,Rahul,1,1924.02
ORD-202604-03932,2026-05-01,CUST-3258,Webcam,Electronics,North,Vikram,4,1992.26
ORD-202604-03933,2026-04-13,CUST-0112,Mouse Pad,Accessories,North,Sneha,6,404.96
ORD-202604-03934,2026-04-26,CUST-4494,Office Chair,Furniture,South,Amit,7,6979.5
ORD-202604-03935,2026-04-10,,Notebook,Office,Central,Vikram,6,208.34
ORD-202604-03936,2026-04-02,CUST-3739,Laptop Stand,Accessories,East,Ananya,3,1426.06
ORD-202604-03937,2026-04-17,CUST-4597,Keyboard,Electronics,Central,Rahul,5,1426.66
ORD-202604-03938,2026-04-12,CUST-3851,Notebook,Office,Central,,6,188.95
ORD-202604-03939,2026-04-21,CUST-3009,Mouse Pad,Accessories,South,Vikram,6,388.8
ORD-202604-03940,2026-04-22,CUST-0652,Webcam,Electronics,West,Priya,1,2032.76
ORD-202604-03941,2026-04-28,CUST-2279,Laptop Stand,Accessories,West,Neha,7,1585.4
ORD-202604-03942,2026-04-18,CUST-1147,Monitor Stand,Furniture,Central,Karan,4,1860.12
ORD-202604-03943,2026-04-22,CUST-1867,Pen Set,Office,North,Sneha,7,272.8
ORD-202604-03944,2026-04-29,CUST-3953,Desk Organizer,Office,Central,Priya,6,617.46
ORD-202604-03945,2026-04-30,CUST-4246,Wireless Mouse,Electronics,South,Rahul,4,830.24
ORD-202604-03946,2026-04-25,CUST-1882,Monitor Stand,Furniture,South,Amit,4,2155.96
ORD-202604-03947,2026-04-20,CUST-0967,Laptop Stand,Accessories,East,Amit,2,1358.09
ORD-202604-03948,2026-04-21,CUST-4292,Monitor Stand,Furniture,West,Ananya,5,2146.42
ORD-202604-03949,2026-04-27,CUST-3292,Monitor Stand,Furniture,East,Vikram,3,1934.01
ORD-202604-03950,2026-04-19,CUST-0203,Headphones,Electronics,West,Karan,4,2429.98
ORD-202604-03951,2026-04-20,CUST-2154,Laptop Stand,Accessories,South,Amit,2,1542.37
ORD-202604-03952,2026-05-01,CUST-3086,Desk Organizer,Office,North,Karan,2,642.12
ORD-202604-03953,2026-04-25,CUST-0615,Mouse Pad,Accessories,East,Ananya,7,392.08
ORD-202604-03954,2026-04-16,CUST-2545,Mouse Pad,Accessories,East,Amit,7,359.64
ORD-202604-03955,2026-04-18,CUST-2550,USB Hub,Accessories,East,Ananya,5,925.62
ORD-202604-03956,2026-04-01,CUST-4025,Pen Set,Office,West,Amit,5,302.2
ORD-202604-03957,2026-04-16,CUST-1989,Pen Set,Office,Central,Sneha,1,327.19
ORD-202604-03958,2026-04-24,CUST-0848,Mouse Pad,Accessories,East,Sneha,6,401.23
ORD-202604-03959,2026-04-10,CUST-2045,Notebook,Office,South,Rahul,7,204.19
ORD-202604-03960,2026-04-17,CUST-0991,Wireless Mouse,Electronics,East,Rahul,7,858.71
ORD-202604-03961,2026-04-15,CUST-3918,Laptop Stand,Accessories,West,Amit,1,1430.07
ORD-202604-03962,2026-04-27,CUST-2464,Pen Set,Office,East,Priya,5,269.95
ORD-202604-03963,2026-04-10,CUST-2543,Desk Organizer,Office,West,Vikram,4,628.86
ORD-202604-03964,2026-04-14,CUST-3022,Mouse Pad,Accessories,North ,Karan,1,413.6
ORD-202604-03965,2026-04-07,CUST-4330,Pen Set,Office,Central,Priya,6,321.77
ORD-202604-03966,2026-04-06,CUST-0813,Keyboard,Electronics,North,Rahul,5,1229.65
ORD-202604-03967,2026-04-18,,Pen Set,Office,West,Rahul,2,294.8
ORD-202604-03968,2026-04-21,CUST-4532,Pen Set,Office,North,Neha,4,272.0
ORD-202604-03969,2026-04-18,CUST-4803,Notebook,Office,East ,Amit,3,207.47
ORD-202604-03970,2026-04-29,CUST-4216,Headphones,Electronics,East,Sneha,2,2344.47
ORD-202604-03971,2026-04-22,CUST-0934,Study Table,Furniture,East,Priya,3,5558.4
ORD-202604-03972,2026-04-03,CUST-0629,Study Table,Furniture,East,Ananya,5,5504.13
ORD-202604-03973,2026-04-19,CUST-1794,Monitor Stand,Furniture,North,Vikram,1,1962.49
ORD-202604-03974,2026-04-06,CUST-4248,Wireless Mouse,Electronics,Central,Neha,5,726.88
ORD-202604-03975,2026-04-03,CUST-4403,Wireless Mouse,Electronics,East,Priya,4,815.95
ORD-202604-03976,2026-04-08,CUST-4573,USB Hub,Accessories,Central,Vikram,4,901.07
ORD-202604-03977,2026-04-25,CUST-1396,Monitor Stand,Furniture,North,Vikram,2,1895.94
ORD-202604-03978,2026-04-05,CUST-1223,Laptop Stand,Accessories,South,Rahul,2,1547.59
ORD-202604-03979,2026-05-01,CUST-1489,Laptop Stand,Accessories,South,Neha,4,1640.45
ORD-202604-03980,2026-04-18,CUST-4324,Study Table,Furniture,Central,Karan,5,5972.71
ORD-202604-03981,2026-04-12,CUST-0372,Wireless Mouse,Electronics,East,Vikram,5,861.08
ORD-202604-03982,2026-04-03,CUST-2816,Desk Organizer,Office,North,Vikram,1,629.15
ORD-202604-03983,2026-04-10,CUST-0502,Notebook,Office,East,Neha,4,210.97
ORD-202604-03984,2026-05-01,,Webcam,Electronics,South,Karan,2,1979.9
ORD-202604-03985,2026-04-14,CUST-1452,Pen Set,Office,East,Vikram,4,293.59
ORD-202604-03986,2026-04-06,CUST-3013,Laptop Stand,accessories,East,Sneha,6,1405.54
ORD-202604-03987,2026-04-30,CUST-2133,Office Chair,Furniture,West,Priya,7,7358.87
ORD-202604-03988,2026-04-02,CUST-1491,Pen Set,Office,South,Neha,4,305.96
ORD-202604-03989,2026-04-15,CUST-3879,Wireless Mouse,Electronics,South,Sneha,4,848.15
ORD-202604-03990,2026-04-11,CUST-3462,Monitor Stand,Furniture,East,Amit,5,2180.35
ORD-202604-03991,2026-04-13,CUST-4053,Desk Organizer,Office,South,Sneha,1,586.24
ORD-202604-03992,2026-04-15,CUST-3499,USB Hub,Accessories,North,Sneha,3,971.62
ORD-202604-03993,2026-04-14,CUST-3825,Pen Set,Office,South,Neha,3,273.22
ORD-202604-03994,2026-04-26,CUST-3606,Office Chair,Furniture,West,Priya,4,6656.78
ORD-202604-03995,2026-04-03,CUST-0573,Mouse Pad,Accessories,West,Sneha,2,396.39
ORD-202604-03996,2026-04-20,CUST-3801,Desk Organizer,Office,South,Rahul,1,651.64
ORD-202604-03997,2026-04-19,CUST-1996,Office Chair,Furniture,West,Ananya,3,7660.62
ORD-202604-03998,2026-05-01,CUST-3232,Desk Organizer,Office,South,Rahul,1,600.31
ORD-202604-03999,2026-04-29,CUST-0336,Mouse Pad,Accessories,North,Amit,5,405.62
ORD-202604-04000,2026-04-13,CUST-2171,Webcam,Electronics,,Sneha,7,1879.81
ORD-202604-04001,2026-04-18,CUST-1693,Headphones,Electronics,North,Neha,5,2695.33
ORD-202604-04002,2026-04-03,CUST-1663,Wireless Mouse,Electronics,Central,Ananya,3,855.51
ORD-202604-04003,2026-04-26,CUST-2135,USB Hub,Accessories,North,Neha,5,854.63
ORD-202604-04004,2026-04-29,CUST-4549,Mouse Pad,Accessories,east,Ananya,6,364.47
ORD-202604-04005,2026-04-27,CUST-3497,Laptop Stand,Accessories,East,Amit,7,1371.05
ORD-202604-04006,2026-04-18,CUST-4071,Notebook,Office,South,Priya,4,214.95
ORD-202604-04007,2026-04-27,CUST-2905,Laptop Stand,Accessories,South,Sneha,3,1567.28
ORD-202604-04008,2026-04-16,CUST-4177,Mouse Pad,Accessories,West,Neha,1,372.82
ORD-202604-04009,2026-04-05,CUST-3688,Office Chair,Furniture,East,Rahul,4,7282.55
ORD-202604-04010,2026-04-14,CUST-0457,Laptop Stand,Accessories,West,Priya,1,1471.82
ORD-202604-04011,2026-04-02,CUST-3271,Wireless Mouse,Electronics,North,Ananya,3,812.46
ORD-202604-04012,2026-04-06,CUST-2033,Webcam,Electronics,North,Amit,1,1936.41
ORD-202604-04013,2026-04-16,CUST-2462,USB Hub,Accessories,East,Karan,3,931.7
ORD-202604-04014,2026-04-12,CUST-1772,Study Table,Furniture,South,Ananya,4,5260.27
ORD-202604-04015,2026-04-01,CUST-0379,Wireless Mouse,Electronics,Central,Ananya,3,866.92
ORD-202604-04016,2026-04-11,CUST-4380,Headphones,Electronics,East,Amit,3,2687.94
ORD-202604-04017,2026-04-14,CUST-1142,Webcam,Electronics,Central,Priya,6,1713.74
ORD-202604-04018,2026-04-12,CUST-1657,Wireless Mouse,Electronics,East,Karan,7,828.8
ORD-202604-04019,2026-04-15,CUST-3155,Study Table,furniture,West,Sneha,2,5543.21
ORD-202604-04020,2026-04-09,CUST-4702,Keyboard,Electronics,North,Ananya,1,1300.89
ORD-202604-04021,2026-04-13,CUST-1336,Pen Set,office,South,Amit,1,275.83
ORD-202604-04022,2026-04-16,CUST-4049,USB Hub,Accessories,West,Vikram,3,905.87
ORD-202604-04023,2026-04-06,CUST-0628,Study Table,Furniture,South,Vikram,4,5759.66
ORD-202604-04024,2026-04-24,CUST-4344,Notebook,Office,West,Neha,1,179.68
ORD-202604-04025,2026-04-09,CUST-1137,Study Table,Furniture,East,Karan,4,5415.25
ORD-202604-04026,2026-04-30,CUST-0533,Desk Organizer,Office,West,Neha,5,613.5
ORD-202604-04027,2026-04-11,CUST-2991,Office Chair,Furniture,West,Ananya,4,6507.05
ORD-202604-04028,2026-04-04,CUST-4880,Notebook,Office,West,Rahul,1,218.44
ORD-202604-04029,2026-04-17,CUST-4705,Keyboard,Electronics,North,,4,1347.87
ORD-202604-04030,2026-04-28,CUST-1850,Pen Set,Office,North,Ananya,5,310.02
ORD-202604-04031,2026-04-17,CUST-0424,Laptop Stand,Accessories,West ,Karan,4,1484.5
ORD-202604-04032,2026-04-11,CUST-0402,Keyboard,Electronics,South,Vikram,6,1191.11
ORD-202604-04033,2026-04-27,CUST-0989,USB Hub,Accessories,West,Karan,-1,971.37
ORD-202604-04034,2026-04-17,CUST-3118,USB Hub,Accessories,East,Rahul,7,819.24
ORD-202604-04035,2026-04-15,CUST-2256,Monitor Stand,furniture,South,Amit,2,2110.26
ORD-202604-04036,2026-04-04,CUST-4323,Desk Organizer,Office,East,Sneha,2,559.32
ORD-202604-04037,2026-04-21,CUST-0456,Office Chair,Furniture,South,Karan,2,7304.95
ORD-202604-04038,2026-04-05,CUST-3641,Laptop Stand,Accessories,West,Neha,5,1495.67
ORD-202604-04039,2026-04-23,CUST-4737,USB Hub,Accessories,South,Ananya,5,890.69
ORD-202604-04040,2026-04-26,CUST-3527,Webcam,Electronics,North,Ananya,3,2088.49
ORD-202604-04041,2026-04-19,CUST-4736,Mouse Pad,Accessories,South,Priya,2,438.69
ORD-202604-04042,2026-04-16,CUST-4706,Webcam,Electronics,South,Neha,3,1729.82
ORD-202604-04043,2026-04-29,CUST-1707,Laptop Stand,Accessories,East,Amit,2,1617.87
ORD-202604-04044,2026-04-08,CUST-4837,Laptop Stand,Accessories,South,Amit,6,1350.79
ORD-202604-04045,2026-04-03,CUST-0835,Monitor Stand,Furniture,South,Karan,4,2039.34
ORD-202604-04046,2026-04-29,CUST-4120,Wireless Mouse,Electronics,East,Sneha,7,850.18
ORD-202604-04047,2026-04-09,CUST-4701,Study Table,Furniture,North,Rahul,7,5302.85
ORD-202604-04048,2026-04-27,CUST-3921,Study Table,Furniture,North,Karan,2,5721.03
ORD-202604-04049,2026-04-05,CUST-3986,Webcam,Electronics,Central,Vikram,1,1938.95
ORD-202604-04050,2026-04-12,CUST-1753,Headphones,Electronics,South,Priya,5,2478.65
ORD-202604-04051,2026-04-25,CUST-3572,Webcam,Electronics,,Rahul,1,2032.34
ORD-202604-04052,2026-04-07,CUST-2314,Study Table,Furniture,Central,Neha,6,5700.69
ORD-202604-04053,2026-04-07,CUST-0845,Keyboard,Electronics,East,Sneha,5,1375.75
ORD-202604-04054,2026-04-12,CUST-2650,Wireless Mouse,Electronics,West,Karan,3,731.27
ORD-202604-04055,2026-04-22,CUST-4412,Headphones,Electronics,,Vikram,4,2352.71
ORD-202604-04056,2026-04-22,CUST-2396,Webcam,Electronics,East,Ananya,2,1936.95
ORD-202604-04057,2026-04-22,CUST-2359,Pen Set,Office,East,Ananya,2,318.41
ORD-202604-04058,2026-04-11,CUST-4036,Notebook,Office,East,Ananya,6,209.79
ORD-202604-04059,2026-04-24,CUST-4842,Mouse Pad,Accessories,North,Sneha,3,396.46
ORD-202604-04060,2026-04-15,CUST-4967,Keyboard,Electronics,North,Karan,4,1382.31
ORD-202604-04061,2026-04-12,CUST-4447,Desk Organizer,Office,North,Amit,6,645.3
ORD-202604-04062,2026-04-30,CUST-1029,Monitor Stand,Furniture,Central,Rahul,2,2036.1
ORD-202604-04063,2026-05-01,CUST-1198,USB Hub,Accessories,West,Amit,4,836.0
ORD-202604-04064,2026-04-30,CUST-3944,Notebook,Office,South,Karan,1,203.21
ORD-202604-04065,2026-04-17,CUST-3956,Webcam,Electronics,Central,Amit,1,1828.26
ORD-202604-04066,2026-04-15,CUST-3056,Office Chair,Furniture,South,Sneha,7,6799.99
ORD-202604-04067,2026-04-04,CUST-3385,Notebook,Office,East,Priya,6,214.67
ORD-202604-04068,2026-04-28,CUST-3634,Webcam,Electronics,South,Amit,4,2083.33
ORD-202604-04069,2026-04-09,CUST-0847,Laptop Stand,Accessories,West,Rahul,3,1561.88
ORD-202604-04070,2026-04-12,CUST-2503,Headphones,Electronics,North,Sneha,4,2405.78
ORD-202604-04071,2026-04-11,CUST-3002,Monitor Stand,Furniture,South,Rahul,4,1911.0
ORD-202604-04072,2026-04-15,CUST-3481,Study Table,Furniture,Central,Sneha,1,4995.47
ORD-202604-04073,2026-04-12,CUST-1069,USB Hub,Accessories,North,Karan,2,819.84
ORD-202604-04074,2026-04-07,CUST-3127,Headphones,electronics,North,Neha,1,2286.43
ORD-202604-04075,2026-04-11,CUST-2098,Headphones,Electronics,South,Neha,5,2587.16
ORD-202604-04076,2026-04-08,CUST-3279,Laptop Stand,Accessories,East,Sneha,3,1406.2
ORD-202604-04077,2026-04-24,CUST-1245,Keyboard,Electronics,East,Vikram,5,1190.35
ORD-202604-04078,2026-04-22,CUST-4755,Desk Organizer,Office,West,Amit,2,657.76
ORD-202604-04079,2026-04-01,CUST-1907,Keyboard,Electronics,West,Vikram,3,1354.6
ORD-202604-04080,2026-04-25,CUST-0229,Webcam,Electronics,North,Ananya,1,1937.9
ORD-202604-04081,2026-04-20,CUST-1457,USB Hub,Accessories,East,Priya,3,907.51
ORD-202604-04082,2026-04-18,CUST-1481,Pen Set,Office,East,Neha,2,326.35
ORD-202604-04083,2026-04-16,CUST-1745,USB Hub,Accessories,Central,Rahul,7,919.73
ORD-202604-04084,2026-04-20,CUST-3223,Monitor Stand,Furniture,East,Neha,5,1813.55
ORD-202604-04085,2026-04-02,CUST-0230,Laptop Stand,Accessories,West,Ananya,4,1525.8
ORD-202604-04086,2026-04-10,CUST-1912,Mouse Pad,Accessories, West,Sneha,2,393.47
ORD-202604-04087,2026-04-19,CUST-0808,Mouse Pad,Accessories,East ,Sneha,3,438.83
ORD-202604-04088,2026-04-28,CUST-2250,Webcam,Electronics,Central,Vikram,7,1893.43
ORD-202604-04089,2026-04-08,CUST-1678,Notebook,Office,North,Neha,2,210.26
ORD-202604-04090,2026-04-22,CUST-2134,Monitor Stand,Furniture,North,Sneha,7,2126.29
ORD-202604-04091,2026-04-29,CUST-1950,Headphones,Electronics,West,,7,2275.02
ORD-202604-04092,2026-04-27,CUST-3892,Study Table,Furniture,South,Priya,3,6008.81
ORD-202604-04093,2026-04-24,CUST-4466,Office Chair,Furniture,South,Priya,2,7026.4
ORD-202604-04094,2026-04-24,CUST-0285,Pen Set,Office,West,Ananya,6,318.71
ORD-202604-04095,2026-04-20,CUST-1878,Desk Organizer,Office,East,Vikram,7,615.89
ORD-202604-04096,2026-04-15,CUST-2250,Desk Organizer,Office,Central,Priya,2,593.12
ORD-202604-04097,2026-04-28,CUST-1992,Laptop Stand,Accessories,South,Neha,7,1431.21
ORD-202604-04098,2026-04-21,CUST-3335,Desk Organizer,Office,Central,Priya,4,561.62
ORD-202604-04099,2026-04-29,CUST-3524,USB Hub,Accessories,Central,Sneha,6,937.14
ORD-202604-04100,2026-04-05,CUST-2047,USB Hub,Accessories,Central,Karan,4,823.05
ORD-202604-04101,2026-04-03,CUST-2937,Study Table,Furniture,West,Sneha,5,5216.77
ORD-202604-04102,2026-04-12,CUST-0325,Webcam,Electronics,Central,Vikram,7,1908.66
ORD-202604-04103,2026-04-05,CUST-0859,Keyboard,Electronics,North,Rahul,2,1226.2
ORD-202604-04104,2026-04-19,CUST-4749,Wireless Mouse,Electronics,North,Priya,3,806.96
ORD-202604-04105,2026-04-28,CUST-2844,USB Hub,Accessories,North,Vikram,4,874.04
ORD-202604-04106,2026-04-06,CUST-1896,Wireless Mouse,Electronics,Central,Vikram,2,762.13
ORD-202604-04107,2026-04-27,CUST-4882,Monitor Stand,Furniture,Central,Neha,1,2085.3
ORD-202604-04108,2026-04-26,CUST-4702,Wireless Mouse,Electronics,North,Ananya,5,757.86
ORD-202604-04109,2026-04-02,CUST-0289,Office Chair,Furniture,South,Neha,6,6575.09
ORD-202604-04110,2026-04-12,CUST-4608,Webcam,Electronics,East,Sneha,5,1773.54
ORD-202604-04111,2026-04-16,CUST-0827,Desk Organizer,Office,South,Sneha,5,563.39
ORD-202604-04112,2026-04-29,CUST-0683,Keyboard,Electronics,East,Priya,3,1172.37
ORD-202604-04113,2026-04-16,CUST-0513,Monitor Stand,Furniture,Central,Amit,7,2085.11
ORD-202604-04114,2026-04-26,CUST-3191,Wireless Mouse,Electronics,West,Priya,6,809.46
ORD-202604-04115,2026-04-14,CUST-2814,Laptop Stand,Accessories,Central,Rahul,4,1363.41
ORD-202604-04116,2026-04-09,CUST-1435,Notebook,Office,North,Ananya,5,198.31
ORD-202604-04117,2026-04-24,CUST-4303,Pen Set,Office,South,Priya,6,319.03
ORD-202604-04118,2026-04-01,CUST-1030,Laptop Stand,Accessories,West,Neha,2,1492.81
ORD-202604-04119,2026-04-16,CUST-1872,Wireless Mouse,Electronics,South,Neha,4,878.88
ORD-202604-04120,2026-04-03,CUST-2808,Monitor Stand,Furniture,North,Ananya,2,1840.03
ORD-202604-04121,2026-04-02,,Study Table,Furniture,West,Neha,3,5624.25
ORD-202604-04122,2026-04-03,CUST-2682,Pen Set,Office,Central,Priya,5,300.58
ORD-202604-04123,2026-04-05,CUST-4217,Laptop Stand,Accessories,West,Karan,6,1524.7
ORD-202604-04124,2026-04-10,CUST-4424,Monitor Stand,Furniture,East,Ananya,5,2006.26
ORD-202604-04125,2026-04-30,CUST-2786,Headphones,Electronics,West,Karan,7,2530.18
ORD-202604-04126,2026-04-01,CUST-3386,Wireless Mouse,Electronics,South ,Priya,1,864.48
ORD-202604-04127,2026-04-29,CUST-2115,Office Chair,Furniture,East,Sneha,2,6809.14
ORD-202604-04128,2026-04-15,CUST-3667,Webcam,Electronics,North,Neha,2,1959.76
ORD-202604-04129,2026-04-26,CUST-1664,Desk Organizer,Office,East,Neha,6,565.7
ORD-202604-04130,2026-04-19,CUST-3955,Office Chair,Furniture,Central,Sneha,1,6796.38
ORD-202604-04131,2026-04-23,CUST-0741,Keyboard,Electronics,South,Ananya,2,1308.77
ORD-202604-04132,2026-04-25,CUST-0339,Pen Set,Office,West,Priya,7,311.48
ORD-202604-04133,2026-04-22,CUST-0252,USB Hub,accessories,South,Ananya,3,973.34
ORD-202604-04134,2026-04-28,CUST-1814,Laptop Stand,Accessories,East,Priya,4,1560.08
ORD-202604-04135,2026-04-30,CUST-0780,Mouse Pad,Accessories,East,Neha,7,414.11
ORD-202604-04136,2026-04-01,CUST-3057,Office Chair,Furniture,West,,4,6897.74
ORD-202604-04137,2026-04-07,CUST-2846,Keyboard,Electronics,North,,2,1230.63
ORD-202604-04138,2026-05-01,CUST-3880,Mouse Pad,Accessories,Central,Priya,2,415.76
ORD-202604-04139,2026-04-25,CUST-1458,Desk Organizer,Office,North,Amit,3,583.87
ORD-202604-04140,2026-04-18,CUST-4030,Study Table,Furniture,East,Vikram,4,5911.13
ORD-202604-04141,2026-04-16,CUST-4155,Notebook,Office,South,Amit,5,213.4
ORD-202604-04142,2026-04-21,CUST-4358,Notebook,Office,Central,Vikram,7,182.22
ORD-202604-04143,2026-04-23,CUST-4079,Headphones,Electronics,East,Neha,4,2268.31
ORD-202604-04144,2026-04-07,CUST-3375,Notebook,Office,South,Karan,7,197.44
ORD-202604-04145,2026-04-27,CUST-0418,Monitor Stand,Furniture,Central,Sneha,1,1888.78
ORD-202604-04146,2026-04-15,CUST-0706,Laptop Stand,Accessories,West,Amit,4,1420.89
ORD-202604-04147,2026-04-24,CUST-4651,Mouse Pad,Accessories,Central,Sneha,3,391.87
ORD-202604-04148,2026-04-11,CUST-1388,Keyboard,Electronics,West,Sneha,7,1372.12
ORD-202604-04149,2026-04-26,CUST-4781,Webcam,Electronics,East,Vikram,7,1771.88
ORD-202604-04150,2026-04-13,CUST-3035,Wireless Mouse,Electronics,Central,Ananya,3,871.24
ORD-202604-04151,2026-04-15,CUST-2878,Study Table,Furniture,West,Priya,7,5615.53
ORD-202604-04152,2026-04-12,CUST-3157,Webcam,Electronics,Central,Karan,5,1999.81
ORD-202604-04153,2026-04-17,CUST-1789,Monitor Stand,Furniture,Central,Amit,4,1862.31
ORD-202604-04154,2026-04-06,CUST-0029,Study Table,Furniture,Central,Neha,3,5114.09
ORD-202604-04155,2026-04-06,CUST-1201,Headphones,Electronics,North,Sneha,1,2407.21
ORD-202604-04156,2026-04-11,CUST-2480,Laptop Stand,Accessories,West,Priya,5,1617.36
ORD-202604-04157,2026-04-22,CUST-1170,USB Hub,Accessories,Central,Neha,3,959.58
ORD-202604-04158,2026-04-23,CUST-4892,Office Chair,Furniture,East,Karan,5,6671.45
ORD-202604-04159,2026-04-20,CUST-2355,Monitor Stand,Furniture,Central,Sneha,3,1965.52
ORD-202604-04160,2026-04-09,CUST-0296,Monitor Stand,Furniture,East,Neha,1,1998.92
ORD-202604-04161,2026-04-05,CUST-1998,Mouse Pad,Accessories,Central,Priya,7,385.01
ORD-202604-04162,2026-04-24,CUST-1843,USB Hub,Accessories,East,Vikram,7,979.93
ORD-202604-04163,2026-04-21,CUST-3358,Keyboard,Electronics,West,Ananya,3,1345.6
ORD-202604-04164,2026-04-15,CUST-2936,USB Hub,Accessories,West,Neha,2,886.64
ORD-202604-04165,2026-04-15,CUST-2139,Headphones,Electronics,Central,Ananya,5,2253.01
ORD-202604-04166,2026-05-01,CUST-4686,Study Table,Furniture,North,Amit,6,5012.73
ORD-202604-04167,2026-04-20,CUST-3162,Laptop Stand,Accessories,Central,Priya,4,1513.39
ORD-202604-04168,2026-04-12,CUST-0374,Notebook,Office,South,,7,209.17
ORD-202604-04169,2026-04-11,CUST-1661,Headphones,Electronics,East,Rahul,4,2557.23
ORD-202604-04170,2026-04-30,CUST-4182,Office Chair,Furniture,East,Sneha,3,7434.86
ORD-202604-04171,2026-04-16,CUST-3494,Desk Organizer,Office,North,Vikram,5,631.82
ORD-202604-04172,2026-04-02,CUST-1542,Desk Organizer,Office,Central,Vikram,7,635.34
ORD-202604-04173,2026-04-06,CUST-1408,Office Chair,Furniture,South,Karan,5,7151.78
ORD-202604-04174,2026-04-04,CUST-1495,Laptop Stand,Accessories,North,Vikram,6,1607.7
ORD-202604-04175,2026-04-04,CUST-2871,Monitor Stand,Furniture,South,Vikram,7,1933.93
ORD-202604-04176,2026-04-09,CUST-1361,Pen Set,Office,North,Amit,6,278.3
ORD-202604-04177,2026-04-12,CUST-2173,Keyboard,Electronics,east,Karan,7,1377.08
ORD-202604-04178,2026-04-28,CUST-4431,Wireless Mouse,Electronics,Central,Sneha,1,766.75
ORD-202604-04179,,CUST-3005,Desk Organizer,Office ,South,,2,566.66
ORD-202604-04180,2026-04-23,CUST-0829,Mouse Pad,Accessories,East,Sneha,4,403.52
ORD-202604-04181,2026-04-30,CUST-2893,Monitor Stand,Furniture,South,Ananya,6,2023.64
ORD-202604-04182,2026-04-09,CUST-0364,Keyboard,Electronics,East,Amit,4,1188.66
ORD-202604-04183,2026-05-01,CUST-2669,Desk Organizer,Office,South,,6,613.9
ORD-202604-04184,2026-04-01,CUST-3981,Notebook,Office,North,Ananya,7,188.17
ORD-202604-04185,2026-04-01,CUST-1857,Wireless Mouse,Electronics ,North,Ananya,3,740.39
ORD-202604-04186,2026-04-26,CUST-4364,Office Chair,Furniture,East,Sneha,4,7649.52
ORD-202604-04187,2026-04-14,CUST-4505,Wireless Mouse,Electronics,South,Rahul,6,765.7
ORD-202604-04188,2026-04-27,CUST-1286,Headphones,Electronics,West,Sneha,3,2454.8
ORD-202604-04189,2026-04-05,CUST-1565,Study Table,Furniture,South,Ananya,1,5106.57
ORD-202604-04190,2026-04-09,CUST-4866,USB Hub,Accessories,North,Ananya,3,979.31
ORD-202604-04191,2026-04-27,CUST-1076,Office Chair,Furniture,South,Ananya,6,6320.93
ORD-202604-04192,2026-04-01,CUST-4664,Notebook,Office,West,Vikram,7,179.47
ORD-202604-04193,2026-04-29,CUST-2210,Mouse Pad,Accessories,South,Amit,2,391.48
ORD-202604-04194,2026-05-01,CUST-0607,Headphones,Electronics,Central,Amit,5,2309.56
ORD-202604-04195,2026-04-10,CUST-4695,Keyboard,Electronics,Central,Vikram,5,1219.66
ORD-202604-04196,2026-04-12,CUST-0779,Wireless Mouse,Electronics,East,Vikram,4,765.06
ORD-202604-04197,2026-04-07,CUST-3073,Wireless Mouse,Electronics,Central,Karan,7,794.07
ORD-202604-04198,2026-04-08,CUST-1898,Wireless Mouse,Electronics,,Karan,6,861.32
ORD-202604-04199,2026-04-26,CUST-4891,Monitor Stand,Furniture,Central,Neha,1,1967.9
ORD-202604-04200,2026-04-30,CUST-3362,Webcam,Electronics,West,Priya,2,2008.83
ORD-202604-04201,2026-04-21,CUST-4014,Study Table,Furniture,West,Ananya,1,6005.64
ORD-202604-04202,2026-04-24,CUST-0037,Webcam,Electronics,North,Priya,6,2029.65
ORD-202604-04203,2026-04-01,CUST-1804,Mouse Pad,Accessories,West,Neha,4,427.18
ORD-202604-04204,2026-04-06,CUST-3061,Mouse Pad,Accessories,North,Karan,5,422.87
ORD-202604-04205,2026-04-08,CUST-1825,Office Chair,Furniture,West,Karan,2,6459.53
ORD-202604-04206,2026-04-15,CUST-4280,Study Table,Furniture,West,Sneha,2,5137.01
ORD-202604-04207,2026-04-08,CUST-4068,Keyboard,Electronics,South,Vikram,2,1240.36
ORD-202604-04208,2026-04-14,CUST-2391,USB Hub,Accessories ,Central,Amit,1,930.43
ORD-202604-04209,2026-04-17,CUST-1845,Study Table,Furniture,North,Sneha,3,5409.91
ORD-202604-04210,2026-04-13,CUST-0402,Keyboard,Electronics,South,Priya,4,1299.67
ORD-202604-04211,2026-04-23,CUST-4287,Office Chair,Furniture,West,Neha,6,7436.75
ORD-202604-04212,2026-04-21,CUST-0950,Laptop Stand,Accessories,East,Neha,6,1358.98
ORD-202604-04213,2026-04-13,CUST-3904,Desk Organizer,Office,Central,Ananya,3,642.81
ORD-202604-04214,2026-04-05,CUST-3078,Webcam,Electronics,East,Sneha,3,1923.43
ORD-202604-04215,2026-05-01,CUST-3148,Mouse Pad,Accessories,West,Vikram,1,406.3
ORD-202604-04216,2026-04-14,CUST-3084,Notebook,Office,West,Amit,7,190.26
ORD-202604-04217,2026-04-13,CUST-2495,Webcam,Electronics,Central,Priya,2,1771.72
ORD-202604-04218,2026-04-17,CUST-0728,Pen Set,Office,North,Amit,4,303.3
ORD-202604-04219,2026-04-23,CUST-4624,Keyboard,Electronics,West,Rahul,5,1387.91
ORD-202604-04220,2026-04-20,CUST-3125,Wireless Mouse,Electronics,North,Sneha,6,839.86
ORD-202604-04221,2026-04-27,CUST-4693,Pen Set,Office,East,Amit,1,316.92
ORD-202604-04222,2026-04-05,CUST-1538,Notebook,Office,West,,1,192.53
ORD-202604-04223,2026-04-22,CUST-1268,Notebook,Office,West,Ananya,7,204.13
ORD-202604-04224,,CUST-0515,Webcam,Electronics,Central,Vikram,4,1923.82
ORD-202604-04225,2026-04-22,CUST-2496,Wireless Mouse,Electronics,West,Ananya,2,733.29
ORD-202604-04226,2026-04-18,CUST-2778,Desk Organizer,Office,Central,Rahul,7,603.67
ORD-202604-04227,2026-04-11,CUST-3004,Webcam,Electronics,West,Sneha,5,1709.71
ORD-202604-04228,2026-04-30,CUST-3422,Laptop Stand,Accessories,Central,Ananya,4,1569.6
ORD-202604-04229,2026-04-24,CUST-4050,Study Table,Furniture,Central,Amit,2,5926.77
ORD-202604-04230,2026-04-12,CUST-1313,Study Table,Furniture,Central,Vikram,6,5925.4
ORD-202604-04231,2026-05-01,CUST-0315,Laptop Stand,Accessories,North,Vikram,6,1446.2
ORD-202604-04232,2026-04-29,CUST-3881,USB Hub,Accessories,South,Amit,5,918.88
ORD-202604-04233,2026-04-13,CUST-3483,Monitor Stand,Furniture,East,,6,2097.4
ORD-202604-04234,2026-04-04,CUST-0321,Laptop Stand,Accessories,North,Priya,3,1541.1
ORD-202604-04235,2026-04-07,CUST-3160,Notebook,Office,Central,Sneha,6,179.65
ORD-202604-04236,2026-05-01,CUST-1348,Keyboard,Electronics,North,Amit,6,1305.42
ORD-202604-04237,2026-04-30,CUST-3954,Study Table,Furniture,North,Vikram,1,5515.4
ORD-202604-04238,2026-04-25,CUST-2225,Headphones,Electronics,West,Amit,4,2653.68
ORD-202604-04239,2026-04-05,,Laptop Stand,accessories,East,Priya,6,1590.15
ORD-202604-04240,2026-04-14,CUST-2415,Pen Set,Office,East,Priya,3,308.5
ORD-202604-04241,2026-04-19,CUST-2230,Study Table,Furniture,North,Sneha,3,5119.63
ORD-202604-04242,2026-04-03,CUST-3091,Notebook,Office,Central,Sneha,5,201.37
ORD-202604-04243,2026-04-19,CUST-3633,Study Table,Furniture,West,Sneha,1,5923.58
ORD-202604-04244,2026-04-25,,Notebook,Office,,Priya,2,185.58
ORD-202604-04245,2026-04-26,CUST-2144,Mouse Pad,Accessories,Central,Amit,2,427.52
ORD-202604-04246,2026-04-14,CUST-0812,Keyboard,Electronics,South,Sneha,7,1190.62
ORD-202604-04247,2026-04-23,CUST-4828,Laptop Stand,Accessories,North,Neha,2,1637.88
ORD-202604-04248,2026-04-20,CUST-4840,Keyboard,Electronics,North,Sneha,1,1419.81
ORD-202604-04249,2026-04-14,CUST-0997,Webcam,Electronics,North,Vikram,4,2082.82
ORD-202604-04250,2026-04-14,CUST-0579,USB Hub,Accessories,South,Neha,7,870.35
ORD-202604-04251,2026-04-25,CUST-1547,Monitor Stand,Furniture,South,Ananya,1,2140.35
ORD-202604-04252,2026-04-08,CUST-0029,Monitor Stand,Furniture,East,Amit,4,1936.37
ORD-202604-04253,2026-04-27,CUST-2407,Notebook,Office,Central,Sneha,7,183.12
ORD-202604-04254,2026-04-03,CUST-2716,USB Hub,Accessories,South,Sneha,5,886.62
ORD-202604-04255,2026-04-07,CUST-2573,Laptop Stand,Accessories,Central,Rahul,5,1589.57
ORD-202604-04256,2026-05-01,CUST-0765,Study Table,Furniture,North,Ananya,7,4975.98
ORD-202604-04257,2026-04-20,CUST-4655,Laptop Stand,Accessories,Central,Priya,1,1481.32
ORD-202604-04258,2026-04-08,CUST-3306,Monitor Stand,Furniture,,Rahul,7,2040.13
ORD-202604-04259,2026-04-03,CUST-4484,USB Hub,Accessories,East,Neha,2,955.74
ORD-202604-04260,2026-04-14,CUST-3288,Keyboard,Electronics,South,Rahul,6,1233.89
ORD-202604-04261,2026-04-28,CUST-1582,USB Hub,Accessories,Central,Ananya,6,828.83
ORD-202604-04262,2026-04-18,CUST-2516,Monitor Stand,Furniture,North,Sneha,6,1880.14
ORD-202604-04263,2026-04-03,CUST-0178,USB Hub,Accessories,East,Ananya,3,919.18
ORD-202604-04264,2026-04-25,CUST-1685,Desk Organizer,Office,South,Karan,4,613.14
ORD-202604-04265,2026-04-16,CUST-4361,Monitor Stand,Furniture,East,Sneha,4,1943.01
ORD-202604-04266,2026-04-09,CUST-3446,Keyboard,Electronics,Central,Priya,2,1303.51
ORD-202604-04267,2026-04-16,CUST-1520,Study Table,Furniture,West,Rahul,7,5359.33
ORD-202604-04268,2026-04-24,CUST-2961,Desk Organizer,Office,Central,Priya,4,549.97
ORD-202604-04269,2026-04-24,CUST-0750,Pen Set,Office,North,Priya,6,274.48
ORD-202604-04270,2026-04-04,CUST-1394,Mouse Pad,Accessories,,Karan,5,399.66
ORD-202604-04271,2026-04-07,CUST-1748,Pen Set,Office,East,Ananya,1,324.69
ORD-202604-04272,2026-04-26,CUST-0572,Keyboard,Electronics,North,Karan,2,1282.78
ORD-202604-04273,2026-04-10,CUST-2602,Monitor Stand,Furniture,Central,Sneha,7,2007.72
ORD-202604-04274,2026-04-29,CUST-0662,Webcam,Electronics,West,Vikram,5,2016.22
ORD-202604-04275,2026-04-05,CUST-2777,Keyboard,Electronics,East,Rahul,3,1310.71
ORD-202604-04276,2026-04-29,CUST-2857,Desk Organizer,Office,Central,Priya,4,545.63
ORD-202604-04277,2026-04-16,CUST-1809,Wireless Mouse,Electronics,South,,4,779.2
ORD-202604-04278,2026-04-02,CUST-2270,Laptop Stand,Accessories,East,Priya,6,1355.77
ORD-202604-04279,2026-04-04,CUST-1832,Webcam,Electronics,East,Vikram,7,2058.37
ORD-202604-04280,2026-04-16,CUST-3383,Monitor Stand,Furniture,East,Ananya,5,2190.81
ORD-202604-04281,2026-04-03,CUST-2676,Webcam,Electronics,East,Sneha,2,1793.98
ORD-202604-04282,2026-04-28,CUST-0226,Office Chair,Furniture,West,Priya,7,7061.68
ORD-202604-04283,2026-04-01,CUST-3967,Notebook,Office,Central,Vikram,1,182.13
ORD-202604-04284,2026-04-25,CUST-4858,Notebook,Office,West,,3,187.9
ORD-202604-04285,2026-04-28,CUST-1939,Pen Set,Office,Central,Vikram,2,274.34
ORD-202604-04286,2026-04-28,CUST-2787,Pen Set,Office,Central,Rahul,5,269.34
ORD-202604-04287,2026-04-07,CUST-3304,Webcam,Electronics,West,Rahul,7,1957.19
ORD-202604-04288,2026-04-23,CUST-1061,Study Table,Furniture,West,Ananya,5,5428.92
ORD-202604-04289,2026-04-23,CUST-3405,Wireless Mouse,Electronics,West,Amit,1,830.21
ORD-202604-04290,,CUST-1018,Laptop Stand,accessories,North,Neha,3,1639.81
ORD-202604-04291,2026-04-24,CUST-0494,Webcam,Electronics,East,Ananya,2,2049.33
ORD-202604-04292,2026-04-02,CUST-4378,Office Chair,Furniture,Central,Sneha,5,6349.59
ORD-202604-04293,2026-04-21,CUST-3804,Mouse Pad,Accessories,West,Sneha,3,391.73
ORD-202604-04294,2026-04-07,CUST-0418,USB Hub,Accessories,East,Priya,3,977.3
ORD-202604-04295,2026-04-03,CUST-0375,Wireless Mouse,Electronics,South,Amit,7,872.89
ORD-202604-04296,2026-04-23,CUST-0537,Study Table,Furniture,North,Sneha,6,5744.91
ORD-202604-04297,2026-04-13,CUST-4470,USB Hub,Accessories,East,Karan,4,854.6
ORD-202604-04298,2026-04-26,CUST-3906,Wireless Mouse,Electronics,West,Neha,7,787.92
ORD-202604-04299,2026-04-23,CUST-4915,Webcam,Electronics,West,,5,1816.27
ORD-202604-04300,2026-04-06,CUST-4738,Desk Organizer,Office,Central,Sneha,2,569.51
ORD-202604-04301,2026-04-11,CUST-4047,Wireless Mouse,Electronics,East,Neha,3,760.44
ORD-202604-04302,2026-04-25,CUST-2205,Office Chair,Furniture,West,Priya,5,7263.7
ORD-202604-04303,2026-04-17,CUST-4139,USB Hub,Accessories,East,Priya,3,935.71
ORD-202604-04304,2026-04-08,CUST-0485,Notebook,Office,North,Rahul,7,201.77
ORD-202604-04305,2026-04-23,CUST-0770,Desk Organizer,Office,West,Vikram,3,651.78
ORD-202604-04306,2026-04-21,CUST-3447,Webcam,Electronics,East,Rahul,5,1998.12
ORD-202604-04307,2026-04-28,CUST-0011,Mouse Pad,Accessories,West,Rahul,1,392.65
ORD-202604-04308,2026-04-17,CUST-1361,Keyboard,Electronics,West,Amit,3,1382.97
ORD-202604-04309,2026-04-26,CUST-1536,Mouse Pad,Accessories,North,Priya,3,378.44
ORD-202604-04310,2026-04-24,CUST-4747,Desk Organizer,Office,East,Priya,5,588.88
ORD-202604-04311,2026-04-08,CUST-0652,Keyboard,Electronics,East,Priya,7,1182.8
ORD-202604-04312,2026-04-14,CUST-4507,Keyboard,Electronics,South,Neha,3,1406.82
ORD-202604-04313,2026-04-15,CUST-3819,Keyboard,Electronics,South,Ananya,1,1240.8
ORD-202604-04314,2026-04-07,CUST-4398,Office Chair,Furniture,Central,Vikram,4,6443.05
ORD-202604-04315,2026-04-19,CUST-3909,Study Table,Furniture,South,Amit,4,5798.98
ORD-202604-04316,2026-04-26,CUST-0015,Mouse Pad,Accessories,North,Vikram,7,434.5
ORD-202604-04317,2026-04-03,CUST-0356,Notebook,Office,West,Neha,2,212.49
ORD-202604-04318,2026-04-29,CUST-4699,Laptop Stand,Accessories,North,Amit,3,1446.03
ORD-202604-04319,2026-04-26,CUST-1997,Mouse Pad,Accessories,East,Priya,1,438.72
ORD-202604-04320,2026-04-20,CUST-3423,Webcam,Electronics,West,Karan,7,1813.87
ORD-202604-04321,2026-04-28,CUST-4628,Mouse Pad,Accessories,East,Rahul,6,377.48
ORD-202604-04322,2026-04-27,CUST-0243,Wireless Mouse,Electronics,South,Rahul,6,751.17
ORD-202604-04323,2026-04-30,CUST-1580,Mouse Pad,Accessories,Central,Priya,5,360.29
ORD-202604-04324,2026-04-01,CUST-3592,Study Table,Furniture,Central,Ananya,3,5588.04
ORD-202604-04325,2026-04-29,CUST-2779,Desk Organizer,Office,North,Neha,6,627.18
ORD-202604-04326,2026-04-17,CUST-4600,Notebook,Office,Central,Rahul,7,203.32
ORD-202604-04327,2026-04-25,CUST-2442,Webcam,Electronics,West,Neha,2,1911.4
ORD-202604-04328,2026-04-12,CUST-1724,Desk Organizer,Office,East,Rahul,2,615.95
ORD-202604-04329,2026-04-15,CUST-1568,Monitor Stand,Furniture,South,Vikram,5,2147.4
ORD-202604-04330,2026-04-23,CUST-3397,Monitor Stand,Furniture,East,Vikram,7,1922.49
ORD-202604-04331,2026-04-13,CUST-1209,Monitor Stand,Furniture,South,Amit,5,1989.41
ORD-202604-04332,2026-04-11,CUST-1663,Headphones,Electronics,Central,Amit,5,2700.26
ORD-202604-04333,2026-04-05,CUST-2079,Headphones,Electronics,Central,Karan,3,2384.74
ORD-202604-04334,2026-04-01,CUST-3278,Wireless Mouse,Electronics,West,Amit,4,726.65
ORD-202604-04335,2026-04-28,CUST-0093,Study Table,Furniture,West,Amit,2,5315.23
ORD-202604-04336,2026-04-15,CUST-2635,Mouse Pad,Accessories,West,Sneha,4,412.08
ORD-202604-04337,2026-04-09,CUST-2370,Notebook,Office,South,Sneha,7,181.62
ORD-202604-04338,2026-04-19,CUST-0647,USB Hub,Accessories,,Neha,7,844.42
ORD-202604-04339,2026-05-01,CUST-1698,Pen Set,office,East,Amit,5,294.88
ORD-202604-04340,2026-04-22,CUST-0038,Wireless Mouse,Electronics,Central,Karan,6,779.04
ORD-202604-04341,2026-04-17,CUST-4994,Laptop Stand,Accessories,North,Sneha,4,1625.64
ORD-202604-04342,2026-04-26,CUST-3821,Mouse Pad,Accessories,North,Karan,4,401.37
ORD-202604-04343,2026-04-01,CUST-4031,Keyboard, Electronics,North,Sneha,3,1399.89
ORD-202604-04344,2026-05-01,CUST-1109,Notebook,Office,South,Amit,6,195.03
ORD-202604-04345,2026-04-23,CUST-2176,Desk Organizer,Office,Central,Sneha,1,608.93
ORD-202604-04346,2026-04-24,CUST-2047,Keyboard,Electronics,South,Neha,4,1315.81
ORD-202604-04347,2026-04-08,CUST-0472,Office Chair,Furniture,East,Rahul,3,6524.16
ORD-202604-04348,2026-04-10,CUST-4469,Desk Organizer,Office,South,Vikram,6,540.88
ORD-202604-04349,2026-04-20,CUST-0301,Wireless Mouse,Electronics,North,Sneha,4,762.06
ORD-202604-04350,2026-04-30,CUST-4233,Laptop Stand,Accessories,North,Karan,5,1364.55
ORD-202604-04351,2026-04-08,CUST-0815,Desk Organizer,Office,West,Rahul,6,628.43
ORD-202604-04352,2026-04-22,CUST-3188,Notebook,Office,West,Sneha,2,212.75
ORD-202604-04353,2026-04-10,CUST-4996,Wireless Mouse,Electronics,East,Rahul,6,773.55
ORD-202604-04354,2026-04-28,CUST-1385,Pen Set,Office,East,Priya,2,279.59
ORD-202604-04355,2026-04-19,CUST-1320,Webcam,Electronics,East,Karan,5,1765.88
ORD-202604-04356,2026-04-13,CUST-0623,Laptop Stand,Accessories,South,Ananya,6,1501.8
ORD-202604-04357,2026-05-01,CUST-4949,Wireless Mouse,Electronics,North,Amit,1,789.83
ORD-202604-04358,2026-04-05,CUST-0895,Desk Organizer,Office,Central,Neha,2,652.16
ORD-202604-04359,2026-04-13,CUST-3885,Webcam,Electronics,North,,2,2053.79
ORD-202604-04360,2026-04-22,CUST-4745,Pen Set,Office,East,Neha,7,325.85
ORD-202604-04361,2026-04-13,CUST-3618,USB Hub,Accessories,South,Vikram,3,926.48
ORD-202604-04362,2026-04-05,CUST-3154,Wireless Mouse,Electronics,South,Amit,4,854.74
ORD-202604-04363,2026-04-10,CUST-0499,Keyboard,Electronics,North,Rahul,3,1378.82
ORD-202604-04364,2026-04-27,CUST-2068,Keyboard,Electronics,Central,Sneha,1,1246.53
ORD-202604-04365,2026-04-06,CUST-3235,Wireless Mouse,Electronics,Central,Rahul,2,817.48
ORD-202604-04366,2026-04-20,CUST-4723,Wireless Mouse,Electronics,East,Vikram,6,800.01
ORD-202604-04367,2026-04-05,CUST-1548,Wireless Mouse,Electronics,Central,Rahul,3,810.1
ORD-202604-04368,2026-04-14,CUST-2665,Study Table,Furniture,East,Ananya,6,5432.34
ORD-202604-04369,2026-04-13,CUST-0027,Monitor Stand,Furniture,West,Priya,6,1898.81
ORD-202604-04370,2026-04-04,CUST-2014,Laptop Stand,Accessories,West,Sneha,5,1587.59
ORD-202604-04371,2026-04-25,CUST-2977,Keyboard,Electronics,East,Rahul,2,1209.16
ORD-202604-04372,2026-04-09,CUST-0630,Mouse Pad,Accessories,Central,,7,380.65
ORD-202604-04373,2026-04-18,CUST-4409,Desk Organizer,Office,East,Amit,5,636.81
ORD-202604-04374,2026-04-09,CUST-0423,Mouse Pad,Accessories,West,Ananya,6,430.73
ORD-202604-04375,2026-04-13,CUST-3807,USB Hub, Accessories,South,Ananya,7,977.28
ORD-202604-04376,2026-04-02,CUST-3349,Mouse Pad,Accessories,Central,Neha,6,435.24
ORD-202604-04377,2026-04-08,CUST-4293,Keyboard,Electronics,East,Amit,4,1206.73
ORD-202604-04378,2026-04-05,CUST-0277,USB Hub,Accessories,Central,Neha,4,906.11
ORD-202604-04379,2026-04-21,CUST-4742,Keyboard,Electronics,Central,Vikram,1,1215.65
ORD-202604-04380,2026-04-19,CUST-0411,Laptop Stand,Accessories,Central,Karan,6,1494.94
ORD-202604-04381,2026-04-08,CUST-4845,Keyboard,Electronics,Central,Amit,2,1360.95
ORD-202604-04382,2026-04-02,CUST-4808,Webcam,Electronics,,Rahul,3,2079.5
ORD-202604-04383,2026-04-11,CUST-0894,Headphones,Electronics,,Sneha,4,2733.36
ORD-202604-04384,2026-04-15,CUST-2966,Webcam,Electronics,East,Sneha,4,1928.5
ORD-202604-04385,2026-04-02,CUST-3561,Keyboard,Electronics,South,Neha,7,1270.98
ORD-202604-04386,2026-04-19,CUST-4472,Pen Set,Office,South,Neha,5,290.59
ORD-202604-04387,2026-04-15,CUST-1000,Webcam,Electronics,West,Neha,6,1916.74
ORD-202604-04388,2026-04-08,CUST-0848,Desk Organizer,Office,West,Vikram,6,553.16
ORD-202604-04389,2026-04-13,CUST-3014,Mouse Pad,Accessories,West ,Karan,5,389.22
ORD-202604-04390,2026-05-01,CUST-4751,Webcam,Electronics,East,Neha,1,1759.84
ORD-202604-04391,2026-04-30,CUST-2875,Headphones,Electronics,East,Rahul,2,2279.96
ORD-202604-04392,2026-04-15,CUST-3535,Keyboard,Electronics,East,Amit,4,1418.71
ORD-202604-04393,2026-04-28,CUST-4301,Study Table,Furniture,Central,Neha,6,5298.35
ORD-202604-04394,2026-04-24,CUST-1578,Office Chair,Furniture,West,Vikram,1,-100.0
ORD-202604-04395,2026-04-09,CUST-1996,Notebook,Office,West,Ananya,6,206.8
ORD-202604-04396,2026-04-07,CUST-4529,Wireless Mouse,Electronics,Central,Ananya,4,800.57
ORD-202604-04397,2026-04-03,CUST-1101,Notebook,Office,Central,Rahul,4,214.9
ORD-202604-04398,2026-04-02,CUST-0524,Notebook,Office,South,Amit,4,215.3
ORD-202604-04399,2026-04-14,CUST-0276,Monitor Stand,Furniture,,Neha,4,1910.21
ORD-202604-04400,2026-04-03,CUST-4474,Mouse Pad,Accessories,West,Rahul,1,393.29
ORD-202604-04401,2026-04-22,CUST-3666,Keyboard,Electronics,East,Priya,4,1221.11
ORD-202604-04402,2026-04-10,CUST-3306,Desk Organizer,Office,Central,Karan,3,650.65
ORD-202604-04403,2026-04-08,CUST-1644,USB Hub,Accessories,South,Neha,3,819.92
ORD-202604-04404,2026-04-10,CUST-2543,Office Chair,Furniture,Central,Neha,2,7427.94
ORD-202604-04405,2026-04-16,CUST-2481,Monitor Stand,Furniture,Central,Ananya,5,-100.0
ORD-202604-04406,2026-04-06,CUST-4403,Study Table,Furniture,North,Vikram,7,5915.46
ORD-202604-04407,2026-04-10,,Notebook,Office,West,Sneha,1,204.97
ORD-202604-04408,2026-04-11,CUST-0069,Webcam,Electronics,Central,Rahul,4,1905.01
ORD-202604-04409,2026-04-30,CUST-3050,Notebook,Office,North,Ananya,2,203.12
ORD-202604-04410,2026-04-04,CUST-2782,Wireless Mouse,Electronics,Central,Amit,1,749.67
ORD-202604-04411,2026-04-05,CUST-3158,Pen Set,Office,East,Amit,6,279.59
ORD-202604-04412,2026-04-28,CUST-2540,Notebook,Office,South,Vikram,3,210.64
ORD-202604-04413,2026-04-23,CUST-4829,Study Table,Furniture,West,Amit,4,5548.54
ORD-202604-04414,2026-04-10,CUST-0776,Laptop Stand,Accessories,Central,Rahul,5,1628.56
ORD-202604-04415,2026-04-03,CUST-1078,Desk Organizer,Office,Central,Ananya,2,571.16
ORD-202604-04416,2026-04-23,CUST-1298,USB Hub,Accessories,East,Ananya,7,859.89
ORD-202604-04417,2026-04-20,CUST-3479,Notebook,Office,South,Rahul,7,199.41
ORD-202604-04418,2026-04-29,CUST-0921,Office Chair,Furniture,West,Neha,7,6409.55
ORD-202604-04419,2026-04-02,CUST-1414,Laptop Stand,Accessories,Central,Sneha,2,1571.72
ORD-202604-04420,2026-04-30,CUST-1233,Laptop Stand,Accessories,North,Vikram,4,1399.12
ORD-202604-04421,2026-04-17,CUST-1289,USB Hub,Accessories,North,Rahul,2,910.21
ORD-202604-04422,2026-04-18,CUST-3520,Notebook,Office,North,Vikram,5,183.03
ORD-202604-04423,2026-04-25,CUST-0890,Wireless Mouse,Electronics,South,Neha,3,784.48
ORD-202604-04424,2026-04-11,CUST-4826,Keyboard,Electronics,East,Ananya,7,1314.24
ORD-202604-04425,2026-04-18,CUST-0513,Mouse Pad,Accessories,West,Neha,2,401.41
ORD-202604-04426,2026-04-29,CUST-3250,Office Chair,Furniture,North,,2,7664.19
ORD-202604-04427,2026-04-18,CUST-0115,Wireless Mouse,Electronics,Central,Priya,4,826.21
ORD-202604-04428,2026-05-01,CUST-2761,Mouse Pad,Accessories,East,Amit,7,401.64
ORD-202604-04429,2026-04-03,CUST-0131,Office Chair,Furniture,West,Ananya,1,7213.79
ORD-202604-04430,2026-04-24,CUST-2463,Laptop Stand,Accessories,South,Amit,6,1570.81
ORD-202604-04431,2026-04-30,CUST-1089,Monitor Stand,Furniture, North,Vikram,6,2180.79
ORD-202604-04432,2026-04-18,CUST-0700,USB Hub,Accessories,South,Priya,7,835.59
ORD-202604-04433,2026-04-01,CUST-1429,Pen Set,Office,East,Priya,4,311.81
ORD-202604-04434,2026-04-06,CUST-3752,Webcam,Electronics,West,Ananya,7,1713.97
ORD-202604-04435,2026-04-09,CUST-1461,Study Table,Furniture,,Sneha,3,4956.08
ORD-202604-04436,2026-04-20,CUST-4559,Notebook,Office,East,Rahul,2,207.51
ORD-202604-04437,2026-04-26,CUST-4327,Mouse Pad,Accessories,North,Priya,1,403.33
ORD-202604-04438,2026-04-08,CUST-1867,Headphones,Electronics,South ,Karan,4,2648.74
ORD-202604-04439,2026-04-05,CUST-2252,Office Chair,Furniture,West ,Neha,1,6827.74
ORD-202604-04440,2026-04-06,CUST-0582,Laptop Stand,Accessories,South,Neha,2,1394.87
ORD-202604-04441,2026-04-08,CUST-0017,Monitor Stand,Furniture,,Rahul,7,2056.34
ORD-202604-04442,2026-04-13,CUST-3492,Keyboard,Electronics,South,Neha,2,1304.39
ORD-202604-04443,2026-04-24,CUST-4114,Monitor Stand,Furniture,West,Neha,2,1918.4
ORD-202604-04444,2026-04-13,CUST-3730,Webcam,Electronics,South,Vikram,6,-100.0
ORD-202604-04445,2026-04-25,CUST-3190,Wireless Mouse,Electronics,South,Vikram,3,806.73
ORD-202604-04446,2026-04-16,CUST-0710,Laptop Stand,Accessories,Central,Vikram,7,1410.91
ORD-202604-04447,2026-04-22,CUST-3277,Laptop Stand,Accessories,North,Vikram,2,1569.09
ORD-202604-04448,2026-04-12,CUST-1207,Office Chair,Furniture,West,Amit,4,7149.39
ORD-202604-04449,2026-04-26,CUST-4465,Monitor Stand,Furniture,West,Ananya,1,1825.46
ORD-202604-04450,2026-04-02,CUST-1701,Pen Set,Office,South,Neha,6,299.03
ORD-202604-04451,2026-04-12,CUST-0233,Notebook,Office,West,Amit,7,189.84
ORD-202604-04452,2026-04-15,CUST-1618,Keyboard,Electronics,Central,Karan,2,1400.0
ORD-202604-04453,2026-04-26,CUST-2089,Webcam,Electronics,South,Rahul,5,1880.24
ORD-202604-04454,2026-04-10,CUST-1379,Notebook,Office,Central,Vikram,4,184.82
ORD-202604-04455,2026-04-07,CUST-0601,Pen Set,Office,North,Karan,7,308.92
ORD-202604-04456,2026-04-19,CUST-2932,USB Hub,Accessories,Central,Rahul,1,856.6
ORD-202604-04457,2026-04-17,CUST-1442,Office Chair,Furniture,East,Amit,7,7642.0
ORD-202604-04458,2026-04-13,CUST-4257,USB Hub,Accessories,West,Sneha,6,815.44
ORD-202604-04459,2026-04-18,CUST-2318,Study Table,Furniture,South,Ananya,4,5093.45
ORD-202604-04460,2026-04-13,CUST-2934,Keyboard,Electronics,West,Sneha,2,1427.05
ORD-202604-04461,2026-04-05,CUST-0690,Study Table,Furniture,South,Vikram,2,5991.89
ORD-202604-04462,2026-04-27,CUST-0803,Notebook,Office,East,Neha,1,181.53
ORD-202604-04463,2026-04-06,CUST-3787,Monitor Stand,Furniture,North,Ananya,1,1950.62
ORD-202604-04464,2026-04-23,CUST-0707,Headphones,Electronics,South,Rahul,3,2719.22
ORD-202604-04465,2026-04-07,CUST-3990,Keyboard,Electronics,South,Ananya,5,1239.44
ORD-202604-04466,2026-04-25,CUST-4835,Webcam,Electronics,East,Karan,3,2035.51
ORD-202604-04467,2026-04-07,CUST-1848,Notebook,Office,South,Karan,1,199.84
ORD-202604-04468,2026-04-20,CUST-0043,Office Chair,Furniture,West,Rahul,6,7429.67
ORD-202604-04469,2026-05-01,CUST-3287,Office Chair,Furniture,West,Neha,1,7227.94
ORD-202604-04470,2026-04-28,CUST-4673,Wireless Mouse,Electronics,South,Ananya,3,847.65
ORD-202604-04471,2026-04-07,CUST-2530,USB Hub,Accessories,North,Amit,7,871.02
ORD-202604-04472,2026-04-20,CUST-2327,Office Chair,Furniture,South,Ananya,3,7677.35
ORD-202604-04473,2026-04-10,CUST-3824,Desk Organizer,Office,North,Neha,3,586.49
ORD-202604-04474,2026-04-01,CUST-0029,USB Hub,Accessories,North,Ananya,1,815.96
ORD-202604-04475,2026-04-30,CUST-1682,USB Hub,Accessories,Central,Rahul,1,947.19
ORD-202604-04476,2026-04-16,CUST-1223,Webcam,Electronics,West,Priya,6,1791.77
ORD-202604-04477,2026-04-14,CUST-0019,Webcam,Electronics,North,Priya,2,1744.31
ORD-202604-04478,2026-04-18,CUST-3081,Mouse Pad,Accessories,West,Priya,1,413.77
ORD-202604-04479,2026-04-06,CUST-2484,Mouse Pad,Accessories,East,Sneha,7,421.32
ORD-202604-04480,2026-04-28,CUST-1038,Webcam,Electronics,East,Neha,3,1949.59
ORD-202604-04481,2026-04-14,CUST-1329,Wireless Mouse,Electronics,Central,,1,758.3
ORD-202604-04482,2026-04-16,CUST-4617,Office Chair,Furniture,South,Vikram,2,6592.68
ORD-202604-04483,2026-04-30,CUST-2695,Office Chair,Furniture,East,Sneha,2,6737.46
ORD-202604-04484,2026-04-08,CUST-0155,Wireless Mouse,Electronics,East,Rahul,7,829.05
ORD-202604-04485,2026-04-28,CUST-1302,Notebook,Office,Central,Rahul,6,181.46
ORD-202604-04486,2026-04-14,CUST-1693,Pen Set,Office,North,Ananya,5,320.6
ORD-202604-04487,2026-04-04,CUST-4161,Notebook,Office,North,Ananya,6,217.43
ORD-202604-04488,2026-04-14,CUST-1728,Office Chair,Furniture,North,Rahul,1,7537.89
ORD-202604-04489,2026-04-15,CUST-2443,Pen Set,Office,West,Amit,4,294.42
ORD-202604-04490,2026-04-18,CUST-3509,Headphones,Electronics,South,Vikram,5,2512.57
ORD-202604-04491,2026-04-18,CUST-0322,Laptop Stand,Accessories,Central,Sneha,6,1503.22
ORD-202604-04492,2026-04-09,CUST-4932,Office Chair,Furniture,North,Priya,7,7134.99
ORD-202604-04493,2026-04-28,CUST-0725,Monitor Stand,Furniture,West,Neha,6,2140.86
ORD-202604-04494,2026-04-11,CUST-4749,USB Hub,Accessories,North,Neha,5,964.72
ORD-202604-04495,2026-04-21,CUST-3099,USB Hub,Accessories,Central,Neha,2,865.0
ORD-202604-04496,2026-04-30,CUST-2095,Monitor Stand,Furniture,South,Neha,4,1843.47
ORD-202604-04497,2026-04-05,CUST-4730,Webcam,Electronics,Central,Neha,4,1920.21
ORD-202604-04498,2026-04-16,CUST-3186,Laptop Stand,Accessories,Central,Vikram,3,1360.66
ORD-202604-04499,2026-04-04,CUST-3428,Office Chair,Furniture,North,Sneha,5,7247.5
ORD-202604-04500,2026-04-27,CUST-4594,Laptop Stand,Accessories,North,Karan,5,1562.84
ORD-202604-04501,2026-04-26,CUST-1288,Pen Set,Office,South,Priya,6,309.25
ORD-202604-04502,2026-04-30,CUST-3751,Study Table,Furniture,Central,Rahul,1,5233.41
ORD-202604-04503,2026-04-29,CUST-1090,Monitor Stand,Furniture,Central,Karan,2,2095.94
ORD-202604-04504,2026-04-26,CUST-0758,Pen Set,Office,East,Ananya,2,286.61
ORD-202604-04505,2026-04-11,CUST-2168,Keyboard,Electronics,Central,Neha,2,1279.36
ORD-202604-04506,2026-04-13,CUST-4597,Office Chair,Furniture,North,Sneha,7,7277.74
ORD-202604-04507,2026-04-02,CUST-3268,Study Table,Furniture,East,Neha,3,5290.41
ORD-202604-04508,2026-04-07,CUST-2247,USB Hub,Accessories,East,Rahul,5,968.6
ORD-202604-04509,2026-04-14,CUST-0903,Desk Organizer,Office,West,,7,578.16
ORD-202604-04510,2026-04-25,CUST-2118,Mouse Pad,Accessories,West,Vikram,1,427.73
ORD-202604-04511,2026-04-28,CUST-3259,Monitor Stand,Furniture,East,Priya,-1,2175.0
ORD-202604-04512,2026-04-20,CUST-0337,Monitor Stand,Furniture,North,Rahul,5,1948.83
ORD-202604-04513,2026-04-06,CUST-2166,Notebook,Office,West,Karan,7,181.15
ORD-202604-04514,2026-04-10,CUST-4298,Notebook,Office,North,Karan,7,189.2
ORD-202604-04515,2026-04-07,CUST-0170,Desk Organizer,Office,Central,Ananya,3,631.37
ORD-202604-04516,2026-04-26,CUST-4573,Desk Organizer,Office,North,Rahul,5,550.51
ORD-202604-04517,2026-04-27,CUST-3274,Headphones,Electronics,North,Priya,2,2686.66
ORD-202604-04518,2026-04-18,CUST-4476,Monitor Stand,Furniture,West,Sneha,5,2038.4
ORD-202604-04519,2026-04-12,CUST-3153,Pen Set,Office,South,Vikram,7,316.76
ORD-202604-04520,2026-04-25,CUST-0969,Desk Organizer,Office,North,Amit,4,630.04
ORD-202604-04521,2026-04-26,CUST-3925,Keyboard,Electronics ,East,Sneha,7,1364.73
ORD-202604-04522,2026-04-16,CUST-0548,Desk Organizer,Office,West,Sneha,5,542.03
ORD-202604-04523,2026-04-24,CUST-0310,Headphones,Electronics,East,Neha,7,2618.42
ORD-202604-04524,2026-04-19,,Keyboard,Electronics,South,Karan,7,1345.16
ORD-202604-04525,2026-04-29,CUST-0507,Office Chair,Furniture,North,Karan,1,7141.4
ORD-202604-04526,2026-04-12,CUST-1259,Headphones,Electronics,East,Priya,3,2677.42
ORD-202604-04527,2026-04-06,CUST-0076,Webcam,Electronics,North,Vikram,1,1910.01
ORD-202604-04528,2026-04-11,CUST-1679,Office Chair,Furniture,North,Ananya,6,7097.56
ORD-202604-04529,2026-04-07,CUST-4508,USB Hub,Accessories,Central,Sneha,6,902.2
ORD-202604-04530,2026-04-23,CUST-2553,Monitor Stand,Furniture,,Amit,5,2096.73
ORD-202604-04531,2026-04-06,CUST-3707,Mouse Pad,Accessories,Central,Priya,1,433.36
ORD-202604-04532,2026-04-12,,USB Hub,Accessories,,Amit,1,916.83
ORD-202604-04533,2026-04-01,,Pen Set,Office,North,Sneha,6,290.24
ORD-202604-04534,2026-04-13,CUST-1842,Desk Organizer,Office,West,Vikram,2,600.39
ORD-202604-04535,2026-04-22,CUST-3152,Notebook,Office,North,Rahul,5,216.74
ORD-202604-04536,2026-04-10,CUST-1117,Wireless Mouse,Electronics,East,Vikram,7,748.41
ORD-202604-04537,2026-04-27,CUST-4817,Headphones,Electronics,East,Rahul,3,2702.09
ORD-202604-04538,2026-04-25,CUST-1032,Keyboard,Electronics,South,Rahul,3,1385.17
ORD-202604-04539,2026-04-03,CUST-4606,Notebook,Office,East,Priya,2,193.77
ORD-202604-04540,2026-04-26,CUST-2963,Keyboard,Electronics,West,Karan,3,1397.11
ORD-202604-04541,2026-04-14,CUST-1583,Study Table,Furniture,West,Vikram,5,5772.91
ORD-202604-04542,2026-04-05,CUST-3445,Keyboard,Electronics,East,Vikram,3,1415.5
ORD-202604-04543,2026-04-23,CUST-3526,Notebook,Office,North,Rahul,2,199.34
ORD-202604-04544,2026-04-22,CUST-2302,Wireless Mouse,Electronics,South,Ananya,4,833.63
ORD-202604-04545,2026-04-06,CUST-2505,Study Table,Furniture,North,Karan,1,5337.62
ORD-202604-04546,2026-04-08,CUST-4075,Wireless Mouse,Electronics,Central,Vikram,1,780.26
ORD-202604-04547,2026-04-15,CUST-3723,Pen Set,Office,South,Karan,5,279.88
ORD-202604-04548,2026-04-08,CUST-0077,Pen Set,Office,East,Neha,4,303.51
ORD-202604-04549,2026-04-18,CUST-3661,Mouse Pad,Accessories,South,Karan,7,359.4
ORD-202604-04550,2026-04-06,CUST-3050,USB Hub,Accessories,Central,Amit,4,974.27
ORD-202604-04551,2026-04-24,CUST-2162,Study Table,Furniture,East,Karan,3,5313.68
ORD-202604-04552,2026-04-07,CUST-3028,Notebook,Office,East,Vikram,6,203.87
ORD-202604-04553,2026-04-03,CUST-1494,Keyboard,Electronics,Central,Rahul,1,1422.19
ORD-202604-04554,2026-04-13,CUST-4495,Laptop Stand,Accessories,East,Karan,2,1474.58
ORD-202604-04555,2026-04-08,CUST-2597,Notebook,Office,East,Vikram,6,181.94
ORD-202604-04556,2026-04-10,CUST-1023,USB Hub,Accessories,South,Sneha,3,876.59
ORD-202604-04557,2026-04-13,CUST-2441,Laptop Stand,Accessories,West,Ananya,4,1643.04
ORD-202604-04558,2026-04-07,CUST-1865,Headphones,Electronics,South,Priya,4,2727.83
ORD-202604-04559,2026-04-03,CUST-0895,Webcam,Electronics,East,Sneha,5,1968.23
ORD-202604-04560,2026-04-20,CUST-2469,Pen Set,Office,South,Ananya,6,309.75
ORD-202604-04561,2026-04-21,CUST-1345,Office Chair,Furniture,West,Karan,4,6975.47
ORD-202604-04562,2026-04-25,CUST-2620,Keyboard,Electronics,West,Priya,5,1300.26
ORD-202604-04563,2026-04-17,CUST-0555,Headphones,Electronics,West,Ananya,6,2525.54
ORD-202604-04564,2026-04-14,CUST-1413,Study Table,Furniture,South,Priya,1,5385.11
ORD-202604-04565,2026-04-04,CUST-1462,Laptop Stand,Accessories,North,Ananya,4,1594.03
ORD-202604-04566,2026-04-01,CUST-2550,Webcam,Electronics,South,Amit,3,2054.09
ORD-202604-04567,2026-04-03,CUST-0118,Notebook,Office,East,Amit,3,213.44
ORD-202604-04568,2026-04-19,CUST-0814,Webcam,Electronics,Central,Sneha,2,1816.49
ORD-202604-04569,2026-04-15,CUST-2812,Study Table,Furniture,West,Amit,6,5170.33
ORD-202604-04570,2026-04-26,CUST-1856,Headphones,Electronics,Central,Ananya,1,2736.75
ORD-202604-04571,2026-04-29,CUST-0234,Notebook,Office,East,Ananya,1,185.35
ORD-202604-04572,2026-04-20,CUST-4722,Keyboard,Electronics,East,Rahul,2,1266.08
ORD-202604-04573,2026-04-07,CUST-4186,Study Table,Furniture,North,Amit,7,5004.42
ORD-202604-04574,2026-04-27,CUST-0926,Webcam,Electronics,North,Karan,5,1788.84
ORD-202604-04575,2026-04-27,CUST-1066,Office Chair,Furniture,East,Vikram,3,6897.2
ORD-202604-04576,2026-04-01,CUST-0686,Monitor Stand,Furniture,North,Priya,6,1823.57
ORD-202604-04577,2026-04-24,CUST-4147,Notebook, Office,South,Vikram,1,201.95
ORD-202604-04578,2026-04-07,CUST-0151,Wireless Mouse,Electronics,West,Rahul,7,787.89
ORD-202604-04579,2026-04-08,CUST-4924,Laptop Stand,Accessories,East,Vikram,3,1478.28
ORD-202604-04580,2026-04-21,CUST-3661,Mouse Pad,Accessories,West ,Amit,3,419.96
ORD-202604-04581,2026-04-14,CUST-0027,Keyboard,Electronics,West,Priya,7,1271.81
ORD-202604-04582,2026-04-12,CUST-3098,Laptop Stand,Accessories,West,Neha,2,1369.61
ORD-202604-04583,2026-04-14,CUST-3741,Notebook,Office, East,Sneha,2,206.3
ORD-202604-04584,2026-04-07,CUST-1009,Office Chair,Furniture,Central,Rahul,5,7275.0
ORD-202604-04585,2026-04-08,CUST-0496,Headphones,Electronics,South,Priya,2,2505.91
ORD-202604-04586,2026-04-29,CUST-2020,Notebook,Office,East,Sneha,5,179.32
ORD-202604-04587,2026-04-28,CUST-0995,Desk Organizer,Office,East,Vikram,5,652.77
ORD-202604-04588,2026-04-13,CUST-0960,Wireless Mouse,Electronics,Central,Priya,4,767.69
ORD-202604-04589,2026-04-29,CUST-3416,USB Hub,Accessories,East,Amit,4,864.13
ORD-202604-04590,2026-04-27,CUST-3494,Keyboard,Electronics,West,Priya,6,1217.13
ORD-202604-04591,2026-04-30,CUST-4440,Office Chair,Furniture,South,Rahul,6,7190.49
ORD-202604-04592,2026-04-30,CUST-0689,Pen Set,Office,West,Amit,3,304.7
ORD-202604-04593,2026-04-22,,Notebook,Office,West,Amit,2,214.46
ORD-202604-04594,2026-04-01,CUST-3778,Pen Set,Office,West,Vikram,3,306.5
ORD-202604-04595,2026-04-26,CUST-3336,Monitor Stand,Furniture,South,Karan,2,1907.68
ORD-202604-04596,2026-04-30,CUST-1700,Pen Set,Office,North,Amit,4,316.03
ORD-202604-04597,2026-05-01,CUST-2270,Webcam,Electronics,East,Ananya,7,1819.17
ORD-202604-04598,2026-04-23,CUST-2378,Pen Set,Office,Central,Karan,5,322.69
ORD-202604-04599,2026-05-01,CUST-3624,Office Chair,Furniture,West,Sneha,6,6447.83
ORD-202604-04600,2026-04-25,CUST-4036,Office Chair,Furniture,South,Neha,3,6893.1
ORD-202604-04601,2026-04-09,CUST-3885,Mouse Pad,Accessories,East,Karan,7,437.29
ORD-202604-04602,2026-04-06,CUST-2659,Laptop Stand,Accessories,North,Sneha,2,1575.66
ORD-202604-04603,2026-04-19,CUST-2070,USB Hub,Accessories,South,Ananya,5,871.03
ORD-202604-04604,2026-04-06,CUST-1931,Laptop Stand,Accessories,Central,Amit,7,1572.53
ORD-202604-04605,2026-04-21,CUST-4513,Headphones,Electronics,West,Neha,-1,2256.65
ORD-202604-04606,2026-04-15,CUST-1916,Office Chair,Furniture,South,Neha,5,6324.04
ORD-202604-04607,2026-04-17,CUST-2592,Monitor Stand,Furniture,East,Ananya,4,1960.99
ORD-202604-04608,2026-04-05,,Laptop Stand,Accessories,Central,Sneha,5,1636.42
ORD-202604-04609,2026-04-11,CUST-4056,Notebook,Office,East,Amit,6,201.67
ORD-202604-04610,2026-04-23,CUST-0822,Monitor Stand,Furniture,Central,Neha,2,1839.45
ORD-202604-04611,2026-04-22,CUST-0198,Laptop Stand,Accessories,South,Karan,7,1522.27
ORD-202604-04612,2026-04-28,CUST-1388,Desk Organizer,Office,West,Rahul,7,647.19
ORD-202604-04613,,CUST-0057,Office Chair,Furniture,East,Sneha,4,7102.92
ORD-202604-04614,2026-04-30,CUST-2785,Desk Organizer,Office,Central,Priya,4,573.02
ORD-202604-04615,2026-04-07,CUST-4861,Mouse Pad,Accessories,Central,Rahul,6,436.76
ORD-202604-04616,2026-04-10,CUST-1017,Study Table,Furniture,Central,Vikram,2,5984.15
ORD-202604-04617,2026-04-16,CUST-0565,Laptop Stand,Accessories,East,Vikram,3,1490.41
ORD-202604-04618,2026-04-17,CUST-3067,Desk Organizer,Office,West,Rahul,3,639.43
ORD-202604-04619,2026-04-16,CUST-4819,Webcam,Electronics,East,Karan,1,1825.68
ORD-202604-04620,2026-04-06,CUST-1287,Wireless Mouse,electronics,East,Vikram,3,754.35
ORD-202604-04621,2026-04-08,CUST-0411,Office Chair,Furniture,East,Neha,7,6931.24
ORD-202604-04622,2026-04-11,CUST-3184,USB Hub,Accessories,West,Sneha,1,969.1
ORD-202604-04623,2026-04-30,CUST-4862,Pen Set,Office,South,Neha,6,314.88
ORD-202604-04624,,,Laptop Stand,Accessories,North,Vikram,3,1647.65
ORD-202604-04625,2026-04-18,CUST-2812,Mouse Pad,Accessories,North,Ananya,3,421.99
ORD-202604-04626,2026-04-16,CUST-2512,USB Hub,Accessories,West,Amit,2,950.41
ORD-202604-04627,2026-04-13,CUST-1300,Notebook,Office,South,Priya,2,212.77
ORD-202604-04628,2026-04-09,CUST-3751,Webcam,Electronics,North,Neha,4,1725.85
ORD-202604-04629,2026-04-17,CUST-1512,Headphones,Electronics,Central,Neha,2,2605.75
ORD-202604-04630,2026-04-01,CUST-1577,Headphones,Electronics,Central ,Ananya,4,2288.27
ORD-202604-04631,2026-04-29,CUST-1928,Notebook,Office,East,Vikram,6,198.95
ORD-202604-04632,2026-04-09,CUST-3818,Notebook,Office,West,Vikram,3,198.12
ORD-202604-04633,2026-04-25,CUST-0248,Monitor Stand,Furniture,South,Ananya,7,2100.44
ORD-202604-04634,2026-04-05,CUST-1652,Desk Organizer,Office,North ,Priya,1,651.75
ORD-202604-04635,2026-04-25,CUST-3775,Webcam,Electronics,East,Neha,1,1774.54
ORD-202604-04636,2026-04-02,CUST-3864,Headphones,Electronics,Central,Neha,7,2715.15
ORD-202604-04637,2026-04-13,CUST-3792,Headphones,Electronics,Central,Ananya,6,2603.84
ORD-202604-04638,2026-04-15,CUST-4336,Webcam,Electronics,Central,Vikram,1,1941.65
ORD-202604-04639,2026-04-30,CUST-0933,Desk Organizer,Office,North,Neha,3,627.66
ORD-202604-04640,2026-04-20,CUST-0240,Pen Set,Office,East,Neha,3,282.2
ORD-202604-04641,2026-04-20,CUST-0701,Webcam,Electronics,South,Karan,1,1732.55
ORD-202604-04642,2026-04-29,CUST-1323,Pen Set,Office,North,Sneha,6,281.92
ORD-202604-04643,2026-04-28,CUST-1895,Headphones,Electronics,East,Ananya,4,2425.62
ORD-202604-04644,2026-04-07,CUST-4836,Keyboard,Electronics,Central,Sneha,7,1280.6
ORD-202604-04645,2026-04-13,CUST-4628,USB Hub,Accessories,South,Amit,3,830.78
ORD-202604-04646,2026-04-03,CUST-0468,Keyboard,Electronics,Central,Karan,5,1365.53
ORD-202604-04647,2026-04-24,CUST-0757,Office Chair,Furniture,East,Vikram,7,7071.61
ORD-202604-04648,2026-04-23,CUST-0650,Mouse Pad,Accessories,North,Sneha,2,411.85
ORD-202604-04649,2026-04-02,CUST-4335,Pen Set,Office,Central,Rahul,3,274.19
ORD-202604-04650,2026-04-17,CUST-0077,Office Chair,Furniture,East,Sneha,-1,6999.53
ORD-202604-04651,2026-04-27,CUST-2093,Desk Organizer,Office,South,Priya,5,643.89
ORD-202604-04652,2026-04-29,CUST-1331,Headphones,Electronics,Central,Rahul,3,2679.11
ORD-202604-04653,2026-04-11,CUST-4326,USB Hub,Accessories,South,Neha,1,935.18
ORD-202604-04654,2026-04-15,CUST-2949,Monitor Stand,Furniture,Central,Rahul,6,2041.35
ORD-202604-04655,2026-04-10,CUST-3218,Mouse Pad,Accessories,North,Rahul,5,432.88
ORD-202604-04656,2026-04-27,CUST-1278,Monitor Stand,Furniture,Central,Amit,3,1841.92
ORD-202604-04657,2026-04-10,CUST-3830,Notebook,Office,Central,Rahul,6,180.72
ORD-202604-04658,2026-04-03,CUST-4844,Notebook,Office,West,Priya,1,208.04
ORD-202604-04659,2026-04-26,CUST-4082,Notebook,Office,West,Rahul,4,193.18
ORD-202604-04660,2026-05-01,CUST-2304,Monitor Stand,furniture,South,Priya,4,1852.23
ORD-202604-04661,2026-04-05,CUST-0078,Notebook,Office,North,,1,216.37
ORD-202604-04662,2026-04-13,CUST-3062,USB Hub,Accessories,West,Priya,1,812.72
ORD-202604-04663,2026-04-24,CUST-2949,USB Hub,Accessories,Central,Amit,7,951.08
ORD-202604-04664,2026-04-27,CUST-1146,Mouse Pad,Accessories,East,Priya,5,391.25
ORD-202604-04665,2026-04-02,CUST-0195,Headphones,Electronics,West,Amit,6,2439.17
ORD-202604-04666,2026-04-02,CUST-3153,Desk Organizer,Office,West,Rahul,3,588.53
ORD-202604-04667,2026-04-29,CUST-3977,Laptop Stand,Accessories,North,Ananya,4,1453.91
ORD-202604-04668,2026-04-06,CUST-1362,Wireless Mouse,Electronics,East,,7,736.4
ORD-202604-04669,2026-04-02,CUST-2939,USB Hub,Accessories,Central,Ananya,4,936.68
ORD-202604-04670,2026-04-19,,Desk Organizer,Office,,Karan,4,601.05
ORD-202604-04671,2026-04-10,CUST-3045,Desk Organizer,Office,East,Amit,7,586.67
ORD-202604-04672,2026-04-01,CUST-4105,Monitor Stand,Furniture,West,,1,2012.3
ORD-202604-04673,2026-04-15,CUST-3778,Monitor Stand,Furniture,north,Karan,4,1990.72
ORD-202604-04674,2026-04-18,CUST-0060,Notebook,Office,South,Ananya,5,188.88
ORD-202604-04675,2026-04-20,CUST-3333,Notebook,Office,Central,Sneha,6,185.28
ORD-202604-04676,2026-04-09,CUST-2058,Headphones,Electronics,South,Vikram,6,2648.81
ORD-202604-04677,2026-05-01,CUST-0723,Monitor Stand,furniture,East,Neha,2,2084.8
ORD-202604-04678,2026-04-17,CUST-2075,Keyboard,Electronics,West,Ananya,1,1219.07
ORD-202604-04679,2026-04-03,CUST-0948,Monitor Stand,Furniture,South,Priya,2,1847.88
ORD-202604-04680,2026-04-24,CUST-2725,Headphones,Electronics,Central,Amit,6,2523.91
ORD-202604-04681,2026-04-13,CUST-1839,Study Table,Furniture,North,Rahul,2,5666.69
ORD-202604-04682,2026-04-20,CUST-4020,Headphones,Electronics,Central,Karan,6,2541.68
ORD-202604-04683,2026-04-21,CUST-4088,Desk Organizer,Office,North,Rahul,7,571.95
ORD-202604-04684,2026-04-24,CUST-4351,Study Table,Furniture,Central,Neha,5,5754.02
ORD-202604-04685,2026-04-06,CUST-3399,Desk Organizer,Office,North,Neha,1,564.47
ORD-202604-04686,2026-04-11,CUST-2893,Keyboard,Electronics,North,Karan,4,1302.26
ORD-202604-04687,2026-05-01,CUST-3245,Monitor Stand,Furniture,West,Priya,2,1875.13
ORD-202604-04688,2026-04-23,CUST-3486,Monitor Stand,Furniture,West,Rahul,5,1939.12
ORD-202604-04689,,CUST-2536,Pen Set,Office,West,Sneha,4,298.93
ORD-202604-04690,2026-04-17,CUST-1426,Office Chair,Furniture,West,Sneha,4,7100.41
ORD-202604-04691,2026-04-24,CUST-4142,USB Hub,Accessories,East,Amit,5,828.56
ORD-202604-04692,2026-04-16,CUST-0434,Desk Organizer,Office,South,Ananya,3,581.84
ORD-202604-04693,2026-04-24,CUST-1092,Monitor Stand,Furniture,West,Karan,7,2014.07
ORD-202604-04694,2026-04-20,CUST-0034,Pen Set,Office,South,Sneha,1,316.8
ORD-202604-04695,2026-04-26,CUST-1586,Webcam,Electronics,East,Neha,6,1807.26
ORD-202604-04696,2026-04-16,CUST-0115,Wireless Mouse,Electronics,West,Neha,4,845.4
ORD-202604-04697,2026-04-30,CUST-1281,Pen Set,Office,East ,Karan,5,326.79
ORD-202604-04698,2026-04-14,CUST-3642,Desk Organizer,Office,Central,Rahul,6,616.63
ORD-202604-04699,2026-04-21,CUST-1640,Office Chair,Furniture,West,Karan,7,7332.73
ORD-202604-04700,2026-04-10,CUST-1038,Laptop Stand,Accessories,North,Neha,1,1589.49
ORD-202604-04701,2026-04-25,CUST-1611,Desk Organizer,Office,North,Vikram,3,642.88
ORD-202604-04702,2026-04-19,CUST-3541,Keyboard,Electronics,West,Priya,1,1194.48
ORD-202604-04703,2026-04-04,CUST-0224,Office Chair,Furniture,Central,Vikram,3,6740.82
ORD-202604-04704,2026-04-10,CUST-0461,Office Chair,Furniture,East,Priya,2,7007.85
ORD-202604-04705,2026-04-19,CUST-4401,Webcam,Electronics, West,Neha,5,1836.32
ORD-202604-04706,2026-04-01,CUST-4060,Laptop Stand,Accessories,South,Neha,3,1415.29
ORD-202604-04707,2026-04-29,CUST-4648,Office Chair,Furniture,North,Neha,4,7579.3
ORD-202604-04708,2026-04-02,CUST-3128,Notebook,Office,South,Rahul,4,209.74
ORD-202604-04709,2026-04-04,CUST-4824,Mouse Pad,Accessories,Central,Sneha,1,376.92
ORD-202604-04710,2026-04-28,CUST-1896,Headphones,Electronics,Central,Amit,6,2369.58
ORD-202604-04711,2026-04-07,CUST-1387,Office Chair,Furniture,West,Vikram,4,7184.4
ORD-202604-04712,2026-04-27,CUST-4115,Keyboard,Electronics, North,Priya,1,1290.27
ORD-202604-04713,2026-04-11,CUST-4904,USB Hub,Accessories,North,Rahul,1,864.43
ORD-202604-04714,2026-04-30,CUST-3475,USB Hub,Accessories,West,Vikram,6,959.22
ORD-202604-04715,2026-04-10,CUST-4946,Desk Organizer,Office,North,Amit,7,650.96
ORD-202604-04716,2026-04-14,CUST-4174,Wireless Mouse,Electronics,South,Sneha,6,777.03
ORD-202604-04717,2026-04-28,CUST-1152,Wireless Mouse,Electronics,South,Ananya,3,822.3
ORD-202604-04718,2026-04-09,CUST-3550,Notebook,Office,South,Priya,4,192.45
ORD-202604-04719,2026-04-09,CUST-1547,Laptop Stand,Accessories,South,Sneha,2,1635.32
ORD-202604-04720,2026-05-01,CUST-0249,Keyboard,Electronics,West,Priya,2,1274.26
ORD-202604-04721,2026-04-05,CUST-1787,Office Chair,Furniture,South,Karan,7,6589.5
ORD-202604-04722,2026-04-19,CUST-2843,Mouse Pad,Accessories,,Ananya,1,390.92
ORD-202604-04723,2026-04-12,CUST-0541,Pen Set,Office,East,Vikram,4,288.14
ORD-202604-04724,2026-04-29,CUST-2717,Laptop Stand,Accessories,North,Ananya,2,1501.76
ORD-202604-04725,2026-04-17,CUST-1973,Headphones,Electronics,East,Neha,4,2295.74
ORD-202604-04726,2026-04-12,CUST-4110,Laptop Stand,Accessories,West,Sneha,3,1534.4
ORD-202604-04727,2026-04-11,CUST-4870,Study Table,Furniture,North,,3,5800.2
ORD-202604-04728,2026-04-24,CUST-0895,Desk Organizer,Office,East,Priya,4,570.61
ORD-202604-04729,2026-04-04,CUST-4082,Study Table,Furniture,West,Karan,3,5224.74
ORD-202604-04730,2026-04-25,CUST-1128,Mouse Pad,Accessories,South,Sneha,3,385.77
ORD-202604-04731,2026-04-03,CUST-2178,Study Table,Furniture,West,Vikram,3,5513.55
ORD-202604-04732,2026-04-21,CUST-0478,Headphones,Electronics,East,Rahul,-1,2300.59
ORD-202604-04733,2026-04-12,CUST-2559,Pen Set,Office,West,Vikram,5,302.14
ORD-202604-04734,2026-04-08,CUST-2258,USB Hub,Accessories,West,,7,927.86
ORD-202604-04735,2026-04-09,CUST-2201,Headphones,Electronics,South,Rahul,7,2738.44
ORD-202604-04736,2026-04-26,CUST-0026,USB Hub,Accessories,Central,Neha,1,982.63
ORD-202604-04737,2026-04-28,CUST-2272,Pen Set,Office,West,Amit,5,288.11
ORD-202604-04738,2026-04-15,CUST-3097,Mouse Pad,Accessories,North,Sneha,7,412.29
ORD-202604-04739,2026-04-01,CUST-0269,Study Table,Furniture,Central,Vikram,-1,5755.0
ORD-202604-04740,2026-04-24,CUST-0759,Pen Set,Office,West,Amit,2,318.87
ORD-202604-04741,2026-04-04,CUST-1531,Notebook,Office,North,Amit,2,182.51
ORD-202604-04742,,CUST-0757,Webcam,Electronics,North,Vikram,4,1758.32
ORD-202604-04743,2026-04-28,CUST-3999,Office Chair,Furniture,North,Amit,6,6716.72
ORD-202604-04744,2026-04-04,CUST-0495,Laptop Stand,Accessories,North,Karan,6,1429.31
ORD-202604-04745,2026-04-11,CUST-1555,Keyboard,Electronics,Central,Ananya,5,1372.36
ORD-202604-04746,2026-04-14,CUST-2287,Office Chair,Furniture,Central,Sneha,5,7440.18
ORD-202604-04747,2026-04-06,CUST-0001,Desk Organizer,Office,South,Vikram,6,595.13
ORD-202604-04748,2026-04-12,CUST-1078,Headphones,Electronics,Central,Karan,6,2486.82
ORD-202604-04749,2026-04-12,CUST-0197,Monitor Stand,Furniture,North,Sneha,4,2006.49
ORD-202604-04750,2026-04-29,CUST-0179,Pen Set,Office,South,Amit,5,271.01
ORD-202604-04751,2026-04-02,CUST-2674,Notebook,Office,West,Neha,-1,-100.0
ORD-202604-04752,2026-04-26,CUST-1106,Monitor Stand,Furniture,East,Karan,1,1835.68
ORD-202604-04753,2026-04-27,CUST-1973,Desk Organizer,Office,North,Amit,4,555.06
ORD-202604-04754,2026-04-10,CUST-3630,Office Chair,Furniture,East,Karan,4,7258.08
ORD-202604-04755,2026-04-26,CUST-4803,Notebook,Office,South,Ananya,6,200.76
ORD-202604-04756,2026-04-19,CUST-0028,Webcam,Electronics,West,Sneha,3,1874.44
ORD-202604-04757,2026-04-30,CUST-3501,Wireless Mouse,Electronics,,Neha,2,840.39
ORD-202604-04758,2026-04-14,CUST-1262,Wireless Mouse,Electronics,Central,Priya,7,811.96
ORD-202604-04759,2026-04-09,CUST-0884,Webcam,Electronics,West,Neha,5,1808.86
ORD-202604-04760,2026-04-21,CUST-1136,Webcam,Electronics,South,Vikram,7,1960.99
ORD-202604-04761,2026-04-14,CUST-0399,Laptop Stand,Accessories,North,Ananya,5,1435.21
ORD-202604-04762,2026-04-14,CUST-1295,Wireless Mouse,Electronics,West,Neha,2,736.83
ORD-202604-04763,2026-04-07,CUST-4893,Webcam,Electronics,West,Neha,3,2071.95
ORD-202604-04764,2026-04-13,CUST-1103,Notebook,Office,North,Ananya,5,212.27
ORD-202604-04765,2026-04-16,CUST-1471,Mouse Pad,Accessories,Central,Rahul,2,402.78
ORD-202604-04766,2026-04-25,CUST-1766,USB Hub,Accessories,Central,Priya,2,826.32
ORD-202604-04767,2026-04-27,CUST-3174,Study Table,Furniture,North,Ananya,6,5416.98
ORD-202604-04768,2026-04-30,CUST-3840,Notebook,Office,West,Amit,6,202.02
ORD-202604-04769,2026-04-08,CUST-2538,Notebook,Office,Central,,5,192.33
ORD-202604-04770,2026-04-02,CUST-3190,Office Chair,Furniture,East,Rahul,3,6568.98
ORD-202604-04771,2026-04-10,CUST-1867,Study Table,Furniture,North,Sneha,1,5507.02
ORD-202604-04772,2026-04-01,CUST-1644,Webcam,electronics,North,Ananya,6,2045.92
ORD-202604-04773,2026-04-30,CUST-1544,Study Table,furniture,North,Ananya,2,5298.34
ORD-202604-04774,2026-04-17,CUST-3582,Laptop Stand,Accessories,North,Ananya,1,1610.58
ORD-202604-04775,2026-04-22,CUST-0445,Study Table,Furniture,East,Vikram,4,5366.87
ORD-202604-04776,2026-04-23,CUST-1668,USB Hub,Accessories,North,Rahul,5,859.66
ORD-202604-04777,2026-04-05,CUST-2383,Desk Organizer,Office,North,Vikram,3,642.66
ORD-202604-04778,2026-04-29,CUST-2368,Desk Organizer,Office,South,Vikram,3,550.34
ORD-202604-04779,2026-04-29,CUST-3508,USB Hub,Accessories,West,Sneha,4,946.53
ORD-202604-04780,2026-04-10,CUST-3002,USB Hub,Accessories,East,Vikram,6,894.64
ORD-202604-04781,2026-04-19,CUST-0274,Laptop Stand,Accessories,North,Vikram,7,1372.89
ORD-202604-04782,2026-04-15,CUST-2786,Headphones,Electronics,East,Rahul,1,2586.05
ORD-202604-04783,2026-04-08,CUST-3103,Monitor Stand,Furniture,East,Rahul,2,1947.07
ORD-202604-04784,2026-04-26,CUST-1886,Study Table,Furniture,,Amit,7,5781.55
ORD-202604-04785,2026-04-25,CUST-0008,Keyboard,Electronics,Central,Sneha,3,1302.75
ORD-202604-04786,2026-04-11,CUST-1320,Wireless Mouse,Electronics ,East,Vikram,5,847.74
ORD-202604-04787,2026-04-28,CUST-0020,Office Chair,Furniture,North,Priya,1,6332.29
ORD-202604-04788,2026-04-03,CUST-3279,Pen Set,Office,East,Amit,3,298.11
ORD-202604-04789,2026-04-09,CUST-2005,Desk Organizer,Office,West,Vikram,5,599.0
ORD-202604-04790,2026-04-27,CUST-1984,Webcam,Electronics,North,Ananya,3,2033.91
ORD-202604-04791,2026-04-17,CUST-3279,Notebook,Office,Central,Amit,2,213.26
ORD-202604-04792,2026-04-09,CUST-2902,Mouse Pad,Accessories,North,Priya,3,397.39
ORD-202604-04793,2026-04-21,CUST-3928,Wireless Mouse,Electronics,North,Vikram,5,763.17
ORD-202604-04794,2026-05-01,CUST-2064,Monitor Stand,Furniture,West,Rahul,5,1975.1
ORD-202604-04795,2026-04-11,CUST-3468,Monitor Stand,Furniture,South,Neha,3,2089.03
ORD-202604-04796,2026-04-08,CUST-3959,Notebook,Office,Central,,1,182.16
ORD-202604-04797,2026-04-05,CUST-1343,Keyboard,Electronics,East,Ananya,2,1423.02
ORD-202604-04798,2026-04-20,CUST-4698,Pen Set,Office,North,,5,307.24
ORD-202604-04799,2026-04-15,CUST-3466,Webcam,Electronics,West,Sneha,6,1871.13
ORD-202604-04800,2026-04-29,CUST-4719,Pen Set,Office,East,Amit,6,304.63
ORD-202604-04801,2026-04-05,CUST-0539,Headphones,Electronics,Central,Karan,7,2695.66
ORD-202604-04802,2026-04-09,CUST-0181,Desk Organizer,Office,North,Neha,2,587.3
ORD-202604-04803,2026-04-26,,USB Hub,Accessories,Central,Sneha,6,849.81
ORD-202604-04804,2026-04-14,CUST-2369,USB Hub,Accessories,North,Ananya,1,929.2
ORD-202604-04805,2026-04-15,CUST-4984,Monitor Stand,Furniture,Central,,7,1821.07
ORD-202604-04806,2026-04-14,CUST-1821,Wireless Mouse,Electronics,North,Sneha,7,779.15
ORD-202604-04807,2026-04-22,CUST-3439,Study Table,Furniture,South,,4,5178.32
ORD-202604-04808,2026-04-17,CUST-0453,Study Table,Furniture,South,Vikram,5,5776.11
ORD-202604-04809,2026-04-04,CUST-4185,Monitor Stand,Furniture,East,Rahul,3,2142.5
ORD-202604-04810,2026-04-12,CUST-4193,Notebook,Office,East,Priya,5,211.15
ORD-202604-04811,2026-04-21,CUST-2312,Wireless Mouse,Electronics,Central,Priya,2,735.47
ORD-202604-04812,2026-04-17,CUST-3339,Study Table,Furniture,East,Ananya,5,5105.65
ORD-202604-04813,2026-04-20,CUST-3010,Pen Set,Office,Central,Priya,4,324.72
ORD-202604-04814,2026-04-20,CUST-2847,Desk Organizer,Office,East,Rahul,2,613.46
ORD-202604-04815,2026-04-05,CUST-4780,Webcam,Electronics, North,Ananya,6,1813.2
ORD-202604-04816,2026-04-10,CUST-4601,Desk Organizer,Office,South,Rahul,6,610.8
ORD-202604-04817,2026-04-03,CUST-1065,Headphones,Electronics,Central,Karan,1,2613.68
ORD-202604-04818,2026-04-20,CUST-3216,Pen Set,Office,South,Ananya,4,309.36
ORD-202604-04819,2026-04-11,CUST-3147,Desk Organizer,Office,East,Amit,5,583.09
ORD-202604-04820,2026-04-07,CUST-4602,Monitor Stand,Furniture,North,Amit,2,2046.31
ORD-202604-04821,2026-04-22,CUST-0966,Study Table,Furniture,East,Ananya,2,5045.9
ORD-202604-04822,2026-04-09,CUST-3352,Office Chair,Furniture,South,Neha,5,7578.83
ORD-202604-04823,2026-04-06,CUST-2806,Desk Organizer,Office,Central,Priya,3,635.04
ORD-202604-04824,2026-04-03,CUST-0391,USB Hub,Accessories,North,Rahul,7,967.55
ORD-202604-04825,2026-04-10,CUST-0859,Pen Set,Office,North,Amit,5,284.68
ORD-202604-04826,2026-04-27,CUST-0089,Webcam,Electronics,East,Priya,6,1799.29
ORD-202604-04827,2026-04-09,CUST-1423,Office Chair,Furniture,South,Karan,7,7084.47
ORD-202604-04828,2026-04-14,CUST-4379,USB Hub,Accessories,East,Vikram,5,876.57
ORD-202604-04829,2026-04-16,CUST-1235,Study Table,Furniture,East,Sneha,4,5166.88
ORD-202604-04830,2026-04-10,CUST-2678,Headphones,Electronics,South,Karan,2,2647.66
ORD-202604-04831,2026-04-23,CUST-2262,Keyboard,Electronics,North,Amit,2,1191.37
ORD-202604-04832,2026-04-21,CUST-1658,Webcam,Electronics,North,Rahul,2,1719.16
ORD-202604-04833,2026-04-01,CUST-1669,USB Hub,Accessories,Central,Karan,1,958.1
ORD-202604-04834,2026-04-12,CUST-3003,Headphones,Electronics,West,Rahul,6,2358.1
ORD-202604-04835,,CUST-3807,Notebook,Office,East,Neha,7,213.99
ORD-202604-04836,2026-04-16,CUST-2185,Wireless Mouse,Electronics,Central,Neha,6,808.23
ORD-202604-04837,2026-04-04,CUST-0072,Office Chair,Furniture,North,Rahul,3,7143.41
ORD-202604-04838,2026-04-12,CUST-1477,USB Hub,Accessories,South,Vikram,7,812.83
ORD-202604-04839,2026-04-12,CUST-1183,Office Chair,Furniture,North,Amit,5,6917.17
ORD-202604-04840,2026-04-09,CUST-1753,Desk Organizer,Office,West,Karan,7,648.59
ORD-202604-04841,2026-04-08,CUST-3525,Study Table,Furniture,Central,Amit,6,5768.57
ORD-202604-04842,2026-05-01,CUST-3119,Wireless Mouse,Electronics,North,Priya,3,760.23
ORD-202604-04843,2026-04-24,CUST-4741,Mouse Pad,Accessories,Central,Ananya,4,362.35
ORD-202604-04844,2026-04-01,CUST-3193,Pen Set,Office,South,Amit,5,277.59
ORD-202604-04845,2026-04-28,CUST-1482,Headphones,Electronics,Central,Rahul,3,2646.06
ORD-202604-04846,,CUST-4665,Monitor Stand,Furniture,,Ananya,4,1996.61
ORD-202604-04847,2026-04-08,CUST-4963,Study Table,Furniture,North,Rahul,6,5484.52
ORD-202604-04848,2026-04-21,CUST-3981,USB Hub,Accessories,East,Rahul,3,963.44
ORD-202604-04849,2026-04-30,CUST-0501,Monitor Stand,Furniture,Central,Sneha,2,1981.2
ORD-202604-04850,2026-04-15,CUST-3737,Webcam,Electronics,North,Vikram,4,1878.51
ORD-202604-04851,,CUST-2827,Monitor Stand,Furniture,Central,Neha,6,1824.62
ORD-202604-04852,2026-04-16,CUST-3965,Pen Set,Office,East,Ananya,7,316.27
ORD-202604-04853,2026-04-16,CUST-2441,Wireless Mouse,Electronics,West,Vikram,7,790.2
ORD-202604-04854,2026-04-19,CUST-0086,Pen Set,Office,Central,Sneha,7,325.37
ORD-202604-04855,2026-04-30,CUST-4894,Office Chair,Furniture,North,Rahul,3,6614.44
ORD-202604-04856,2026-04-24,CUST-4903,Webcam,Electronics,North,Karan,4,1781.07
ORD-202604-04857,2026-04-21,CUST-3420,Pen Set,Office,North,Neha,3,269.29
ORD-202604-04858,2026-04-04,CUST-4787,USB Hub,Accessories,East,Rahul,2,933.1
ORD-202604-04859,2026-04-07,CUST-1152,Monitor Stand,Furniture,East,Rahul,1,2014.39
ORD-202604-04860,2026-04-02,CUST-1160,Monitor Stand,Furniture,,Priya,6,1912.3
ORD-202604-04861,2026-04-13,CUST-3372,Notebook,Office,South,Karan,3,192.27
ORD-202604-04862,2026-04-11,CUST-4208,Mouse Pad,Accessories,East,Vikram,6,383.28
ORD-202604-04863,2026-04-01,CUST-0160,Keyboard,Electronics,South,Ananya,2,1268.72
ORD-202604-04864,2026-04-15,CUST-1897,Monitor Stand,Furniture,West,Vikram,4,1921.66
ORD-202604-04865,2026-04-07,CUST-3164,Pen Set,Office,West,,3,295.19
ORD-202604-04866,2026-04-26,CUST-3582,Mouse Pad,Accessories,North,Amit,4,426.61
ORD-202604-04867,2026-04-14,CUST-1850,Laptop Stand,Accessories,North,Neha,5,1508.26
ORD-202604-04868,2026-04-01,CUST-1324,Headphones,Electronics,South,Neha,2,2637.27
ORD-202604-04869,2026-04-23,CUST-2152,Headphones,Electronics,East,Sneha,4,2535.21
ORD-202604-04870,2026-04-20,CUST-4708,Office Chair,Furniture,East,Sneha,3,6686.42
ORD-202604-04871,2026-04-23,CUST-3125,Webcam,Electronics,South,Vikram,7,2077.22
ORD-202604-04872,2026-04-11,,Study Table,Furniture,Central,Vikram,1,5151.4
ORD-202604-04873,2026-04-30,CUST-1640,Monitor Stand,Furniture,East,Priya,7,2178.82
ORD-202604-04874,2026-04-14,CUST-4081,Wireless Mouse,Electronics,North,Sneha,4,868.69
ORD-202604-04875,2026-04-20,CUST-2068,Office Chair,Furniture,North,Neha,7,6557.18
ORD-202604-04876,2026-04-18,CUST-0293,Webcam,Electronics,south,Priya,1,1770.65
ORD-202604-04877,2026-04-18,CUST-4706,Mouse Pad,Accessories,East,Amit,3,382.45
ORD-202604-04878,2026-04-07,CUST-0345,USB Hub,Accessories,North,Vikram,4,918.29
ORD-202604-04879,2026-04-15,CUST-1848,Laptop Stand,Accessories,West,Amit,3,1477.92
ORD-202604-04880,2026-04-07,CUST-2642,Study Table,Furniture,West,Amit,2,5885.33
ORD-202604-04881,2026-04-08,CUST-4349,Headphones,Electronics,South,,1,2739.17
ORD-202604-04882,2026-04-24,CUST-4398,Study Table,Furniture,East,Ananya,7,5436.66
ORD-202604-04883,2026-04-25,CUST-1626,Study Table,Furniture,Central,Ananya,5,4964.9
ORD-202604-04884,2026-04-26,CUST-1100,Pen Set,Office,East,Rahul,-1,327.53
ORD-202604-04885,2026-04-19,CUST-2506,Desk Organizer,Office,North,Sneha,6,589.53
ORD-202604-04886,2026-04-09,CUST-0651,Desk Organizer,Office,North,Sneha,4,599.27
ORD-202604-04887,2026-04-04,CUST-0756,Pen Set,Office,East,Amit,7,306.58
ORD-202604-04888,2026-04-20,CUST-2292,Keyboard,Electronics,South,Amit,1,1367.33
ORD-202604-04889,2026-04-28,CUST-2040,Laptop Stand,Accessories,Central,Sneha,3,1493.29
ORD-202604-04890,2026-04-16,CUST-4669,Notebook,Office,Central,Vikram,4,180.64
ORD-202604-04891,2026-04-09,CUST-1601,Mouse Pad,Accessories,Central,Karan,5,408.76
ORD-202604-04892,2026-04-19,CUST-4725,Office Chair,Furniture,West,Ananya,3,6927.85
ORD-202604-04893,2026-04-06,CUST-3851,Monitor Stand,Furniture,East,Karan,3,2015.66
ORD-202604-04894,2026-04-27,CUST-4656,Webcam,Electronics,Central,Neha,1,1813.34
ORD-202604-04895,2026-04-12,CUST-0327,Office Chair,Furniture,East,Neha,6,6305.5
ORD-202604-04896,2026-04-19,CUST-2547,Keyboard,Electronics,West,Sneha,5,1203.22
ORD-202604-04897,2026-04-21,CUST-2132,Monitor Stand,Furniture,South,Ananya,7,2031.44
ORD-202604-04898,2026-04-27,CUST-4688,Notebook,Office,East,Rahul,4,204.8
ORD-202604-04899,2026-04-11,CUST-4937,Monitor Stand,Furniture,South,Neha,6,1848.82
ORD-202604-04900,2026-04-15,CUST-4909,Study Table,Furniture,Central,Amit,2,5429.82
ORD-202604-04901,2026-04-12,CUST-3551,Wireless Mouse,Electronics,East,Sneha,3,819.59
ORD-202604-04902,2026-04-02,CUST-4550,Monitor Stand, Furniture,East,Ananya,7,1969.46
ORD-202604-04903,2026-04-10,CUST-2993,Monitor Stand,Furniture,West,Vikram,2,2078.43
ORD-202604-04904,2026-04-05,CUST-2187,USB Hub,Accessories,West,Vikram,6,977.06
ORD-202604-04905,2026-04-24,CUST-4359,USB Hub,Accessories,Central,Sneha,7,867.77
ORD-202604-04906,2026-04-21,CUST-1253,Mouse Pad,Accessories,North,,5,422.39
ORD-202604-04907,2026-04-04,CUST-0555,Notebook,Office,Central,Priya,5,188.54
ORD-202604-04908,2026-04-12,CUST-3760,Pen Set,Office,North,Vikram,7,303.66
ORD-202604-04909,2026-04-01,CUST-3533,Keyboard,Electronics,Central,Amit,1,1396.28
ORD-202604-04910,2026-04-15,CUST-1314,Wireless Mouse,Electronics,East,Ananya,6,859.4
ORD-202604-04911,2026-04-08,CUST-1051,Wireless Mouse,Electronics,Central,Ananya,6,785.71
ORD-202604-04912,2026-04-24,CUST-1767,Notebook,Office,South,Neha,4,211.96
ORD-202604-04913,2026-04-30,CUST-4015,Notebook,Office,North,Karan,1,197.87
ORD-202604-04914,2026-04-20,CUST-2686,Pen Set,Office,South,Amit,7,307.8
ORD-202604-04915,2026-04-05,CUST-3408,Webcam,Electronics,North,Amit,5,1911.09
ORD-202604-04916,2026-04-23,CUST-4310,Keyboard,Electronics,South,Amit,5,1314.66
ORD-202604-04917,2026-04-16,CUST-0227,Webcam,Electronics,West,Vikram,6,1734.8
ORD-202604-04918,2026-04-02,CUST-2401,Office Chair,Furniture,West,Amit,1,7486.58
ORD-202604-04919,2026-04-03,CUST-3942,USB Hub,Accessories,Central,Priya,6,864.51
ORD-202604-04920,2026-04-29,CUST-0393,Mouse Pad,Accessories,West,Sneha,1,367.69
ORD-202604-04921,2026-04-24,CUST-2541,Keyboard,Electronics,Central,Priya,1,1262.96
ORD-202604-04922,2026-04-12,CUST-2900,Study Table,Furniture,North,Sneha,1,5037.96
ORD-202604-04923,2026-04-01,CUST-2966,Headphones,Electronics,East,Karan,6,2262.63
ORD-202604-04924,2026-04-23,CUST-0389,Notebook,Office,Central,Neha,3,194.0
ORD-202604-04925,2026-04-15,CUST-0823,Monitor Stand,Furniture,South,Ananya,7,1998.02
ORD-202604-04926,2026-04-13,CUST-1187,Laptop Stand,Accessories,West,Ananya,1,1619.22
ORD-202604-04927,2026-04-01,CUST-2291,Mouse Pad,Accessories,Central,Vikram,2,390.02
ORD-202604-04928,2026-04-07,CUST-0555,Laptop Stand,Accessories,South,Amit,4,1591.32
ORD-202604-04929,2026-04-08,CUST-3977,Webcam,Electronics,East,Amit,4,1945.86
ORD-202604-04930,2026-04-18,CUST-2899,Monitor Stand,Furniture,North,Ananya,4,1984.86
ORD-202604-04931,2026-04-20,CUST-4287,Desk Organizer,Office,North,Neha,1,544.79
ORD-202604-04932,2026-04-03,CUST-1231,USB Hub,Accessories,Central,Neha,3,962.32
ORD-202604-04933,2026-04-30,CUST-3883,Notebook,Office,North,Ananya,1,203.68
ORD-202604-04934,2026-04-02,CUST-3078,Mouse Pad,Accessories,South,Neha,4,376.43
ORD-202604-04935,2026-04-21,CUST-3805,Monitor Stand,Furniture,West,Rahul,2,1909.9
ORD-202604-04936,2026-04-09,CUST-3310,Desk Organizer,Office,South,Amit,3,628.28
ORD-202604-04937,2026-05-01,CUST-0635,Laptop Stand,Accessories,North,Sneha,5,1594.2
ORD-202604-04938,2026-04-14,,Office Chair,Furniture,South,Neha,7,7315.86
ORD-202604-04939,2026-04-19,CUST-1250,USB Hub,Accessories,Central,Karan,4,846.5
ORD-202604-04940,2026-04-08,CUST-0010,Study Table,Furniture,South,Priya,3,5029.83
ORD-202604-04941,2026-04-11,CUST-0180,Wireless Mouse,Electronics,North,Rahul,1,788.99
ORD-202604-04942,2026-05-01,CUST-0154,Desk Organizer,Office,west,Amit,7,603.72
ORD-202604-04943,2026-04-27,CUST-1112,Pen Set,Office,East,Amit,7,-100.0
ORD-202604-04944,2026-04-01,CUST-2410,Webcam,Electronics,West,Neha,6,1918.42
ORD-202604-04945,2026-04-22,CUST-3541,Pen Set,Office,Central,Rahul,5,311.52
ORD-202604-04946,2026-04-27,CUST-1051,Keyboard,electronics,South,Amit,3,1316.63
ORD-202604-04947,2026-04-21,CUST-2845,Headphones,Electronics,North,Priya,1,2367.49
ORD-202604-04948,2026-04-14,CUST-2412,USB Hub,Accessories,South,Priya,1,816.22
ORD-202604-04949,2026-04-14,CUST-3284,Office Chair,Furniture,South,Karan,7,6971.01
ORD-202604-04950,2026-04-24,CUST-2884,Keyboard,Electronics,Central,Rahul,6,1218.31
ORD-202604-04951,2026-04-29,CUST-0736,Webcam,Electronics,East,Rahul,6,1864.45
ORD-202604-04952,2026-04-29,CUST-2332,Study Table,Furniture,West,Neha,2,5200.57
ORD-202604-04953,2026-04-18,CUST-2512,USB Hub,Accessories,South,Priya,1,895.96
ORD-202604-04954,2026-04-19,CUST-2689,Monitor Stand,Furniture,West,Priya,1,1892.53
ORD-202604-04955,2026-04-23,CUST-2037,Headphones,Electronics,North,Priya,6,2399.47
ORD-202604-04956,2026-04-16,CUST-4832,Mouse Pad,Accessories,South,Sneha,7,374.28
ORD-202604-04957,2026-04-02,CUST-4405,Laptop Stand,Accessories,East,Vikram,5,1527.54
ORD-202604-04958,2026-04-20,CUST-3162,Wireless Mouse,Electronics,Central,Sneha,5,828.42
ORD-202604-04959,2026-04-25,CUST-0098,Study Table,Furniture,Central,Karan,6,5541.54
ORD-202604-04960,2026-05-01,CUST-0984,Webcam,Electronics,West,Priya,2,2087.99
ORD-202604-04961,2026-04-09,CUST-1192,Wireless Mouse,Electronics,,Amit,6,787.18
ORD-202604-04962,2026-04-03,CUST-0811,USB Hub,Accessories,South,Neha,3,842.18
ORD-202604-04963,2026-04-19,CUST-1313,Mouse Pad,Accessories,Central,Rahul,2,424.93
ORD-202604-04964,2026-04-18,CUST-4756,USB Hub,Accessories,Central,Vikram,6,890.73
ORD-202604-04965,2026-04-22,CUST-2925,Laptop Stand,Accessories,East,Priya,7,1463.03
ORD-202604-04966,2026-04-15,CUST-4903,Desk Organizer,Office,South,Priya,1,603.58
ORD-202604-04967,2026-04-21,CUST-2283,Desk Organizer,Office,East,Priya,3,555.3
ORD-202604-04968,2026-04-26,CUST-2292,Monitor Stand,Furniture,North,,6,2163.93
ORD-202604-04969,2026-04-08,CUST-3103,Keyboard,Electronics,East,Priya,6,1382.77
ORD-202604-04970,2026-04-04,CUST-4308,Wireless Mouse,Electronics,South,Neha,4,867.43
ORD-202604-04971,2026-04-25,CUST-0025,Study Table,Furniture,East,Rahul,4,5471.65
ORD-202604-04972,2026-04-20,CUST-3187,Monitor Stand,Furniture,Central,Amit,6,1931.67
ORD-202604-04973,2026-04-05,CUST-3985,Pen Set,Office,West,Priya,3,277.49
ORD-202604-04974,2026-04-10,CUST-0221,Study Table,Furniture,East,Rahul,5,5680.39
ORD-202604-04975,2026-04-18,CUST-1632,Notebook,Office,West,Karan,3,188.46
ORD-202604-04976,,CUST-3866,Study Table,Furniture,East,Priya,7,5283.02
ORD-202604-04977,2026-04-17,CUST-1947,Mouse Pad,Accessories,Central,Vikram,1,360.27
ORD-202604-04978,2026-04-03,CUST-1847,USB Hub,Accessories,East,Karan,6,982.05
ORD-202604-04979,2026-04-25,CUST-0507,Notebook,Office,North,Sneha,3,212.66
ORD-202604-04980,2026-04-27,CUST-2887,USB Hub,Accessories,Central,Neha,3,937.8
ORD-202604-04981,2026-04-02,CUST-3301,Laptop Stand,Accessories,East,Amit,2,1575.98
ORD-202604-04982,2026-04-01,CUST-4452,Mouse Pad,Accessories,North,Priya,4,425.46
ORD-202604-04983,2026-04-05,CUST-2214,Pen Set,Office,West,Vikram,7,282.32
ORD-202604-04984,2026-04-28,CUST-2634,Pen Set,Office,South,Vikram,7,297.06
ORD-202604-04985,2026-04-29,CUST-2588,Wireless Mouse,Electronics,North,Sneha,3,789.11
ORD-202604-04986,2026-04-15,CUST-2929,Webcam,Electronics,West,Neha,2,1725.57
ORD-202604-04987,2026-04-14,CUST-0528,Webcam,Electronics,Central,Neha,1,1942.08
ORD-202604-04988,2026-04-29,CUST-4039,USB Hub,Accessories,North,Neha,3,832.46
ORD-202604-04989,2026-04-08,CUST-0346,Pen Set,Office,East,Rahul,7,303.26
ORD-202604-04990,2026-04-01,CUST-4031,Monitor Stand,Furniture,South,Priya,5,2098.43
ORD-202604-04991,2026-04-27,CUST-2995,Desk Organizer,Office,Central,Sneha,2,551.22
ORD-202604-04992,2026-04-29,CUST-3145,Wireless Mouse,Electronics,Central,Ananya,3,746.87
ORD-202604-04993,,CUST-2166,Pen Set,Office,West,Karan,4,321.17
ORD-202604-04994,2026-04-17,CUST-0189,Headphones,Electronics,North,Karan,1,2612.06
ORD-202604-04995,2026-05-01,CUST-0578,Desk Organizer,Office,South,Sneha,7,632.93
ORD-202604-04996,2026-04-03,CUST-4372,Wireless Mouse,Electronics,North,Neha,2,743.87
ORD-202604-04997,2026-04-28,CUST-1908,Laptop Stand,Accessories,Central,Rahul,1,1554.53
ORD-202604-04998,2026-05-01,CUST-3122,Notebook,Office,South,Priya,4,184.57
ORD-202604-04999,2026-04-17,CUST-2001,Headphones,Electronics,North,Karan,4,2457.38
ORD-202604-05000,2026-04-09,CUST-2725,Mouse Pad,Accessories,West,Rahul,7,362.4
ORD-202604-05001,2026-04-07,CUST-2248,USB Hub,Accessories,West,Karan,2,867.96
ORD-202604-05002,2026-04-06,CUST-4243,Wireless Mouse,Electronics,South,Rahul,5,873.75
ORD-202604-05003,2026-04-04,CUST-4766,Laptop Stand,Accessories,Central,Priya,5,1557.67
ORD-202604-05004,2026-04-03,CUST-1884,Mouse Pad,Accessories,Central,Sneha,3,362.08
ORD-202604-05005,2026-04-17,CUST-3234,Notebook,Office,East,Rahul,2,209.64
ORD-202604-05006,2026-04-17,CUST-0493,Headphones,Electronics,North,Vikram,2,2443.51
ORD-202604-05007,2026-04-04,CUST-4956,Office Chair,Furniture,Central,Neha,3,6706.63
ORD-202604-05008,2026-04-21,CUST-1283,Pen Set,Office,North,Sneha,5,280.57
ORD-202604-05009,2026-04-17,CUST-0230,Office Chair,Furniture,East,Priya,4,6888.46
ORD-202604-05010,2026-04-10,CUST-4563,Office Chair,Furniture,Central ,Rahul,2,6661.2
ORD-202604-05011,2026-04-28,CUST-0500,Desk Organizer,Office,South,Karan,3,649.23
ORD-202604-05012,2026-04-22,CUST-3952,Keyboard,Electronics,South,Karan,1,1351.24
ORD-202604-05013,2026-04-12,CUST-1132,Laptop Stand,Accessories,Central,Vikram,3,1622.7
ORD-202604-05014,2026-04-27,CUST-2451,Desk Organizer,Office,East,Karan,1,543.3
ORD-202604-05015,2026-05-01,CUST-4997,USB Hub,Accessories,Central,Vikram,6,816.76
ORD-202604-05016,2026-04-15,CUST-4106,USB Hub,Accessories,Central,Sneha,5,921.99
ORD-202604-05017,2026-04-20,CUST-0331,USB Hub,Accessories,West,Sneha,5,919.79
ORD-202604-05018,2026-04-30,CUST-4358,Mouse Pad,Accessories,North,Priya,7,416.42
ORD-202604-05019,2026-04-15,CUST-3355,Wireless Mouse,Electronics,South,Rahul,5,809.6
ORD-202604-05020,2026-04-04,CUST-4001,USB Hub,Accessories,West,Sneha,4,815.43
ORD-202604-05021,2026-04-13,CUST-1810,Pen Set,Office,South,Rahul,4,310.26
ORD-202604-05022,2026-04-23,CUST-4981,Desk Organizer,Office,West,Ananya,2,638.46
ORD-202604-05023,2026-05-01,CUST-2019,Notebook,Office,West,Sneha,4,207.03
ORD-202604-05024,2026-04-23,CUST-4796,Desk Organizer,Office,East,Ananya,2,637.43
ORD-202604-05025,2026-04-30,CUST-4222,Wireless Mouse,Electronics,East,Ananya,4,789.95
ORD-202604-05026,2026-04-18,CUST-2810,Notebook,Office,South,Priya,2,183.25
ORD-202604-05027,2026-04-23,CUST-1108,Pen Set,Office,West,Priya,2,322.78
ORD-202604-05028,2026-04-05,CUST-3341,Headphones,Electronics,North,Priya,3,2631.18
ORD-202604-05029,2026-04-27,CUST-0815,USB Hub,Accessories,North,Amit,1,905.7
ORD-202604-05030,2026-04-17,CUST-4952,Laptop Stand,Accessories,East,Sneha,5,1391.56
ORD-202604-05031,2026-04-01,CUST-2268,Wireless Mouse,Electronics,North,Karan,2,746.27
ORD-202604-05032,2026-04-06,CUST-4538,Office Chair,Furniture,North,Karan,7,6569.61
ORD-202604-05033,2026-04-23,CUST-1841,Notebook,Office,,Karan,4,185.22
ORD-202604-05034,2026-04-03,CUST-2407,Laptop Stand,Accessories,South,Sneha,2,1595.07
ORD-202604-05035,2026-04-20,CUST-2123,Monitor Stand,Furniture,West,Ananya,7,1977.41
ORD-202604-05036,2026-04-17,,Study Table,Furniture,South,Rahul,3,5269.19
ORD-202604-05037,2026-04-15,CUST-4973,Wireless Mouse,Electronics,Central,Priya,4,772.74
ORD-202604-05038,2026-04-19,CUST-0833,Webcam,Electronics,East,Neha,5,1811.0
ORD-202604-05039,2026-04-21,CUST-4255,Monitor Stand,Furniture,West,Priya,7,2011.13
ORD-202604-05040,2026-04-25,CUST-0698,Notebook,Office,Central,Vikram,4,196.88
ORD-202604-05041,2026-04-17,CUST-0657,USB Hub,Accessories,East,Ananya,6,970.76
ORD-202604-05042,2026-04-07,CUST-0099,Notebook,Office,West,Rahul,1,186.02
ORD-202604-05043,2026-04-28,CUST-4258,Office Chair,Furniture,Central,Priya,1,7498.1
ORD-202604-05044,2026-04-29,CUST-3759,Headphones,Electronics,East,Priya,2,2405.5
ORD-202604-05045,2026-04-06,CUST-3851,Webcam,Electronics,East,Vikram,7,2080.14
ORD-202604-05046,2026-04-18,CUST-2665,Mouse Pad,Accessories,North,Priya,5,414.21
ORD-202604-05047,2026-04-15,CUST-1020,Headphones,Electronics,East,Sneha,4,2712.44
ORD-202604-05048,2026-04-20,CUST-2271,Webcam,Electronics ,North,Rahul,5,2051.52
ORD-202604-05049,2026-04-02,CUST-4041,Keyboard,Electronics,East,Karan,3,1295.84
ORD-202604-05050,2026-04-06,CUST-0007,Webcam,Electronics,South,Neha,5,1871.91
ORD-202604-05051,2026-04-06,CUST-2989,Notebook,Office,West,Karan,4,186.04
ORD-202604-05052,2026-04-25,CUST-2371,Mouse Pad,Accessories,East,Amit,6,386.74
ORD-202604-05053,2026-04-20,CUST-0791,Notebook,Office,Central,Priya,5,191.14
ORD-202604-05054,2026-04-21,CUST-0074,Webcam,Electronics,West,Neha,2,1841.63
ORD-202604-05055,2026-04-10,CUST-1595,Desk Organizer,Office,Central,Vikram,3,560.44
ORD-202604-05056,2026-04-06,CUST-3451,Notebook,Office,South,Vikram,4,187.5
ORD-202604-05057,2026-04-04,CUST-1745,Wireless Mouse,Electronics,West,Ananya,7,848.41
ORD-202604-05058,2026-04-16,CUST-4932,Desk Organizer,Office,East,Neha,4,634.2
ORD-202604-05059,2026-04-24,CUST-1558,Pen Set,Office,Central,Karan,4,320.62
ORD-202604-05060,2026-04-12,CUST-4452,Desk Organizer,Office,West,Vikram,2,560.64
ORD-202604-05061,2026-05-01,CUST-3786,Notebook,Office,West,Sneha,1,217.0
ORD-202604-05062,2026-05-01,CUST-0966,Headphones,Electronics,East,Amit,5,2374.07
ORD-202604-05063,2026-04-03,CUST-1270,Office Chair,Furniture,Central,Ananya,7,6570.85
ORD-202604-05064,2026-05-01,CUST-3200,Laptop Stand,Accessories,Central,,3,1388.76
ORD-202604-05065,2026-04-24,CUST-0558,Headphones,Electronics,South,Amit,2,2317.29
ORD-202604-05066,2026-04-19,CUST-1333,Monitor Stand,Furniture,North,Priya,5,1907.88
ORD-202604-05067,2026-04-07,CUST-3030,Notebook,Office,North,Priya,7,218.13
ORD-202604-05068,2026-04-12,CUST-2706,Study Table,Furniture,West,Neha,3,5741.4
ORD-202604-05069,2026-04-26,CUST-2558,Laptop Stand,Accessories,East,Vikram,7,1509.14
ORD-202604-05070,2026-04-15,CUST-2296,Study Table,Furniture,North,Karan,2,5331.16
ORD-202604-05071,2026-04-29,CUST-0373,Monitor Stand,Furniture,East,Neha,7,2035.16
ORD-202604-05072,2026-04-09,CUST-1288,Notebook,Office,North,Ananya,2,197.81
ORD-202604-05073,2026-04-10,CUST-4980,Laptop Stand,Accessories,East,Karan,1,1617.2
ORD-202604-05074,2026-04-24,CUST-2698,Notebook,Office,North,Ananya,4,189.84
ORD-202604-05075,2026-04-04,CUST-1664,Notebook,Office,North,Sneha,2,186.64
ORD-202604-05076,2026-04-16,CUST-3390,Mouse Pad,Accessories,South,Karan,2,381.08
ORD-202604-05077,2026-04-11,CUST-2498,Laptop Stand,Accessories,Central,Rahul,4,1573.5
ORD-202604-05078,2026-04-18,CUST-3431,Desk Organizer,Office,,Sneha,5,605.55
ORD-202604-05079,2026-04-06,CUST-3554,Desk Organizer,Office,South,Sneha,5,625.71
ORD-202604-05080,2026-04-02,CUST-0912,Wireless Mouse,Electronics,Central,Amit,5,797.75
ORD-202604-05081,2026-04-24,CUST-1034,Pen Set,Office,Central,Sneha,3,293.42
ORD-202604-05082,2026-04-03,CUST-0103,Headphones,Electronics,East,Sneha,6,2376.27
ORD-202604-05083,2026-04-12,CUST-2856,Monitor Stand,Furniture,Central,Karan,7,2121.4
ORD-202604-05084,2026-04-07,CUST-3981,Webcam,Electronics,West,Sneha,1,1843.58
ORD-202604-05085,2026-04-22,CUST-2910,Notebook,Office,South,Karan,2,180.74
ORD-202604-05086,2026-04-14,CUST-3301,Pen Set,Office,West,Priya,7,286.94
ORD-202604-05087,2026-05-01,CUST-3465,Office Chair,Furniture,Central,Amit,2,6518.26
ORD-202604-05088,2026-04-14,CUST-2271,Webcam,Electronics,Central,Rahul,4,1921.22
ORD-202604-05089,2026-04-09,CUST-3835,Office Chair,Furniture,East,Amit,5,6998.59
ORD-202604-05090,2026-04-27,CUST-3169,Keyboard,Electronics,North,Ananya,5,1293.68
ORD-202604-05091,2026-04-26,CUST-1808,Wireless Mouse,Electronics,West,Karan,2,759.26
ORD-202604-05092,2026-04-25,CUST-4428,Keyboard,Electronics,North,Sneha,7,1195.62
ORD-202604-05093,2026-04-15,CUST-2793,Wireless Mouse,Electronics,East,Amit,1,738.35
ORD-202604-05094,2026-04-20,CUST-1826,Study Table,Furniture,west,Vikram,4,5339.96
ORD-202604-05095,2026-04-09,CUST-1458,Keyboard,Electronics,East,Vikram,6,1332.11
ORD-202604-05096,2026-04-01,CUST-2233,Pen Set,Office,Central,Vikram,7,270.12
ORD-202604-05097,2026-04-03,CUST-2879,Mouse Pad,Accessories,Central,Sneha,1,359.69
ORD-202604-05098,2026-04-18,CUST-2613,USB Hub,Accessories,,Amit,3,832.62
ORD-202604-05099,2026-04-08,CUST-2987,Headphones,Electronics,West,Amit,7,2502.52
ORD-202604-05100,2026-05-01,CUST-3434,Keyboard,Electronics,East,Ananya,6,1255.6
ORD-202604-05101,2026-04-02,CUST-3760,Mouse Pad,Accessories,South,Vikram,1,394.48
ORD-202604-05102,2026-04-16,CUST-2463,Pen Set,Office,South,Neha,7,287.42
ORD-202604-05103,2026-04-18,CUST-4556,Pen Set,Office,,Priya,5,310.16
ORD-202604-05104,2026-04-18,CUST-3570,Pen Set,Office,Central,Amit,2,287.24
ORD-202604-05105,2026-04-16,CUST-2466,USB Hub,Accessories,West ,Ananya,2,846.09
ORD-202604-05106,2026-04-02,CUST-1371,Wireless Mouse,Electronics,West,Sneha,4,841.1
ORD-202604-05107,2026-04-21,CUST-0227,Office Chair,Furniture,East,Sneha,5,7650.06
ORD-202604-05108,2026-04-09,CUST-0610,Laptop Stand,Accessories,central,Priya,7,1517.47
ORD-202604-05109,2026-04-09,CUST-3206,Pen Set,Office,West,Vikram,4,272.54
ORD-202604-05110,2026-04-19,CUST-0315,Desk Organizer,Office,South,Vikram,3,635.12
ORD-202604-05111,2026-04-25,CUST-0004,Monitor Stand,Furniture,Central,Sneha,6,1970.5
ORD-202604-05112,2026-04-27,CUST-0415,Study Table,Furniture,North,Karan,5,5710.94
ORD-202604-05113,2026-04-27,CUST-3361,Study Table,Furniture,North,Amit,6,-100.0
ORD-202604-05114,2026-04-24,CUST-0108,Webcam,Electronics,West,Ananya,1,1899.25
ORD-202604-05115,2026-04-14,CUST-4207,Pen Set, Office,West,Karan,3,291.11
ORD-202604-05116,2026-04-26,CUST-4910,USB Hub,Accessories,West ,Priya,3,846.42
ORD-202604-05117,2026-04-29,CUST-3856,Mouse Pad,Accessories,North,Rahul,7,389.85
ORD-202604-05118,2026-04-25,CUST-3791,Office Chair,Furniture,East,Sneha,5,6524.82
ORD-202604-05119,2026-04-01,CUST-2760,Monitor Stand,Furniture,West,Rahul,5,2067.76
ORD-202604-05120,2026-04-20,CUST-2690,Notebook,Office,North,Amit,4,182.61
ORD-202604-05121,2026-04-29,CUST-1016,Keyboard,Electronics,West,Sneha,7,1354.97
ORD-202604-05122,2026-04-17,CUST-1311,Laptop Stand,Accessories,North,Karan,5,1588.45
ORD-202604-05123,2026-04-03,CUST-1141,Headphones,Electronics,East,Amit,5,2556.21
ORD-202604-05124,2026-04-12,CUST-3653,Monitor Stand,Furniture,West,Neha,4,2128.49
ORD-202604-05125,2026-04-22,CUST-4063,Monitor Stand,Furniture,Central,,2,1936.65
ORD-202604-05126,2026-04-26,CUST-4981,Mouse Pad,Accessories,North,Amit,7,398.98
ORD-202604-05127,2026-04-20,CUST-2093,Headphones,Electronics,Central,Neha,4,2500.35
ORD-202604-05128,2026-04-14,CUST-1809,Pen Set,Office,North,Priya,1,307.21
ORD-202604-05129,2026-04-16,CUST-0448,Monitor Stand,Furniture,East,Priya,2,1987.08
ORD-202604-05130,2026-04-17,CUST-1907,Mouse Pad,Accessories,West,Amit,5,363.86
ORD-202604-05131,2026-05-01,CUST-2630,Headphones,Electronics,South,Vikram,6,2506.48
ORD-202604-05132,2026-05-01,CUST-4255,Keyboard,Electronics,West,Priya,4,1176.24
ORD-202604-05133,2026-04-14,CUST-0379,Notebook,Office,North,Ananya,5,196.47
ORD-202604-05134,2026-04-09,CUST-1930,Notebook,Office,East,Sneha,7,180.39
ORD-202604-05135,2026-04-08,CUST-3853,Laptop Stand,Accessories,Central,Vikram,2,1493.47
ORD-202604-05136,2026-04-14,CUST-4396,Webcam,Electronics,West,Rahul,6,1850.21
ORD-202604-05137,2026-04-05,CUST-3328,Desk Organizer,Office,Central,Priya,4,600.14
ORD-202604-05138,2026-04-03,CUST-0852,Wireless Mouse,Electronics,South,Vikram,3,803.86
ORD-202604-05139,2026-04-10,CUST-2812,Desk Organizer,Office,North,Ananya,2,634.19
ORD-202604-05140,2026-04-11,CUST-4569,Headphones,Electronics,East,Priya,6,2720.1
ORD-202604-05141,2026-04-24,CUST-3729,Monitor Stand,Furniture,North,Rahul,4,1897.94
ORD-202604-05142,2026-04-28,CUST-0681,Monitor Stand,Furniture,Central,Priya,5,2163.83
ORD-202604-05143,2026-04-11,CUST-1628,Keyboard,Electronics,West,Karan,5,1266.75
ORD-202604-05144,2026-04-09,CUST-3677,Office Chair,Furniture,South,Rahul,3,6528.75
ORD-202604-05145,2026-04-13,CUST-3601,Notebook,Office,South,Ananya,1,203.05
ORD-202604-05146,2026-04-26,CUST-1589,Wireless Mouse,Electronics,North,Sneha,1,781.72
ORD-202604-05147,2026-04-10,,Laptop Stand,Accessories,Central,Rahul,5,1445.18
ORD-202604-05148,2026-04-17,CUST-4050,Notebook,Office,South,Priya,2,203.92
ORD-202604-05149,2026-04-15,CUST-1909,Keyboard,Electronics,,Rahul,1,1349.84
ORD-202604-05150,2026-04-17,CUST-0845,Notebook,Office,East,Ananya,5,196.89
ORD-202604-05151,2026-04-16,CUST-2900,Laptop Stand,Accessories,North,Neha,3,1432.3
ORD-202604-05152,2026-05-01,CUST-3173,Mouse Pad,Accessories,central,Rahul,4,421.84
ORD-202604-05153,2026-04-05,CUST-0110,Keyboard,Electronics,South,Karan,1,1337.23
ORD-202604-05154,2026-04-15,CUST-2534,Keyboard,Electronics,East,Priya,1,1332.74
ORD-202604-05155,2026-04-21,CUST-4816,Monitor Stand,Furniture,North,Vikram,5,2166.56
ORD-202604-05156,2026-04-10,CUST-1438,Monitor Stand,Furniture,West,Vikram,7,2197.56
ORD-202604-05157,2026-04-16,CUST-4734,Office Chair,Furniture,Central,Neha,2,6364.05
ORD-202604-05158,2026-04-20,CUST-2432,Mouse Pad,Accessories,East ,Rahul,5,379.41
ORD-202604-05159,2026-04-25,CUST-4107,Monitor Stand,Furniture,West,Ananya,2,2123.19
ORD-202604-05160,2026-04-16,CUST-4799,Desk Organizer,Office,East,Karan,7,551.15
ORD-202604-05161,2026-04-23,CUST-4212,Notebook,Office,Central,Amit,4,180.22
ORD-202604-05162,2026-04-15,CUST-3791,Study Table,Furniture,West,Sneha,2,5311.9
ORD-202604-05163,2026-04-14,,Study Table,Furniture,South,Amit,1,5815.39
ORD-202604-05164,2026-04-28,CUST-0291,Monitor Stand,Furniture,North,Vikram,2,1963.26
ORD-202604-05165,2026-04-12,CUST-1436,Monitor Stand,Furniture,East,Neha,6,1884.62
ORD-202604-05166,2026-04-23,CUST-4888,Keyboard,Electronics,West,Rahul,7,1213.34
ORD-202604-05167,2026-04-07,CUST-1880,Monitor Stand,Furniture,South,Karan,5,2019.31
ORD-202604-05168,2026-04-13,CUST-3602,Laptop Stand,Accessories,West,Vikram,6,1454.52
ORD-202604-05169,2026-04-06,CUST-1621,Pen Set,Office,East,Priya,2,306.74
ORD-202604-05170,2026-04-06,CUST-1264,Mouse Pad,Accessories,Central,Sneha,2,422.36
ORD-202604-05171,2026-04-10,CUST-0403,Laptop Stand,Accessories,South,Rahul,1,1350.29
ORD-202604-05172,2026-04-03,CUST-4801,Notebook,Office,South,Ananya,3,192.01
ORD-202604-05173,2026-04-20,CUST-0341,Notebook,Office,West,Priya,5,200.84
ORD-202604-05174,2026-04-08,CUST-2477,Study Table,Furniture,North,Amit,3,5692.53
ORD-202604-05175,2026-04-20,CUST-1112,Monitor Stand,Furniture,West,Vikram,1,1920.68
ORD-202604-05176,2026-05-01,CUST-2717,Mouse Pad,Accessories,South,Amit,5,396.91
ORD-202604-05177,2026-04-29,CUST-3068,Wireless Mouse,Electronics,East,Sneha,1,735.95
ORD-202604-05178,2026-04-04,CUST-1240,Desk Organizer,Office,South,Priya,2,550.75
ORD-202604-05179,2026-04-20,CUST-1299,Study Table,Furniture,West,Vikram,1,5896.03
ORD-202604-05180,2026-05-01,CUST-4982,USB Hub,Accessories,Central,Vikram,1,906.02
ORD-202604-05181,2026-04-22,CUST-2451,Laptop Stand,Accessories,West,Karan,1,1487.88
ORD-202604-05182,2026-04-20,CUST-1522,Laptop Stand,Accessories,West,Priya,6,1480.22
ORD-202604-05183,2026-04-25,CUST-2533,USB Hub,Accessories,Central,Sneha,2,980.49
ORD-202604-05184,2026-04-16,CUST-3211,Webcam,Electronics,East,Rahul,1,1869.55
ORD-202604-05185,2026-04-22,CUST-0399,Laptop Stand,accessories,South,Sneha,6,1427.21
ORD-202604-05186,2026-04-27,CUST-2917,Webcam,Electronics,West,Vikram,5,1745.45
ORD-202604-05187,2026-04-19,CUST-2535,Keyboard,Electronics,East,Rahul,7,1377.87
ORD-202604-05188,2026-04-10,CUST-3571,Pen Set,Office,North,Vikram,3,325.6
ORD-202604-05189,2026-04-24,CUST-4163,USB Hub,Accessories,West,Karan,7,976.18
ORD-202604-05190,2026-04-02,CUST-0369,Wireless Mouse,Electronics,South,Karan,3,746.17
ORD-202604-05191,2026-04-21,CUST-0174,Pen Set,Office,North,Rahul,5,307.62
ORD-202604-05192,2026-04-06,CUST-2483,Laptop Stand,Accessories,South,Neha,1,1508.58
ORD-202604-05193,2026-04-01,CUST-2828,Keyboard,Electronics,West,Vikram,1,1275.1
ORD-202604-05194,2026-04-25,CUST-1151,Pen Set,Office,Central,Karan,2,317.78
ORD-202604-05195,2026-04-25,CUST-1319,Desk Organizer,Office,Central,Ananya,6,646.8
ORD-202604-05196,2026-04-18,CUST-0612,Keyboard,Electronics,South,Amit,4,1204.42
ORD-202604-05197,2026-04-01,,Desk Organizer,Office,Central,Amit,6,539.72
ORD-202604-05198,2026-04-15,CUST-2628,Notebook,Office,South,Vikram,3,186.87
ORD-202604-05199,2026-04-14,CUST-3835,Headphones,Electronics,North,Karan,3,2653.72
ORD-202604-05200,2026-04-24,CUST-2266,USB Hub,Accessories,Central,Neha,4,973.84
ORD-202604-05201,2026-04-27,CUST-1058,Monitor Stand,Furniture,East,Rahul,3,2071.14
ORD-202604-05202,2026-04-15,CUST-2272,Wireless Mouse,Electronics,Central,Sneha,1,721.91
ORD-202604-05203,2026-04-22,CUST-0142,Mouse Pad,Accessories,Central,Rahul,3,405.26
ORD-202604-05204,2026-04-15,CUST-1901,Wireless Mouse,Electronics,West,Ananya,7,786.24
ORD-202604-05205,2026-04-29,CUST-3839,Headphones,Electronics,South,Priya,6,2639.56
ORD-202604-05206,2026-04-29,CUST-1562,Notebook,Office,North,Ananya,4,209.05
ORD-202604-05207,2026-04-23,CUST-4848,Notebook,Office,Central,Neha,3,187.01
ORD-202604-05208,2026-04-18,CUST-0144,Mouse Pad,Accessories,South,Sneha,4,384.36
ORD-202604-05209,2026-04-16,CUST-1327,Notebook,Office,Central,Vikram,5,187.7
ORD-202604-05210,2026-04-21,CUST-2966,Desk Organizer,Office,North,Priya,7,602.39
ORD-202604-05211,2026-04-12,CUST-1466,Mouse Pad,Accessories,North,Vikram,4,365.63
ORD-202604-05212,2026-04-20,CUST-4553,Pen Set,Office,Central,Karan,1,304.62
ORD-202604-05213,2026-04-01,CUST-0386,Study Table,Furniture,North,Neha,5,5475.54
ORD-202604-05214,2026-04-09,CUST-2454,Mouse Pad,Accessories,Central,Karan,4,403.84
ORD-202604-05215,2026-04-23,CUST-1624,Keyboard,Electronics,South,Karan,7,1386.92
ORD-202604-05216,2026-05-01,CUST-1469,USB Hub,accessories,West,Sneha,5,896.76
ORD-202604-05217,2026-04-06,CUST-0286,Desk Organizer,Office,South,,1,633.39
ORD-202604-05218,2026-04-02,CUST-1541,Laptop Stand,Accessories,Central,Neha,2,1629.56
ORD-202604-05219,2026-04-11,CUST-0216,Laptop Stand,Accessories,South,Rahul,2,1376.39
ORD-202604-05220,2026-04-10,CUST-1305,Wireless Mouse,Electronics,East,,2,731.4
ORD-202604-05221,2026-05-01,CUST-4179,Monitor Stand,Furniture,West,Vikram,4,1872.86
ORD-202604-05222,2026-04-11,CUST-2193,Keyboard,Electronics,North,Priya,2,1358.01
ORD-202604-05223,2026-04-29,CUST-1324,Study Table,Furniture,South,Sneha,6,5649.04
ORD-202604-05224,2026-05-01,CUST-0270,Notebook,Office,West,Vikram,5,203.09
ORD-202604-05225,2026-04-01,CUST-1491,Desk Organizer,Office,Central,Neha,3,619.76
ORD-202604-05226,2026-04-19,CUST-1183,Notebook,Office,Central,Neha,5,197.34
ORD-202604-05227,2026-04-09,CUST-2288,Keyboard,Electronics,Central,Rahul,7,1244.58
ORD-202604-05228,2026-04-12,CUST-4715,Wireless Mouse,Electronics, Central,Priya,3,748.7
ORD-202604-05229,2026-04-14,CUST-0230,Webcam,Electronics,West,Amit,4,2065.92
ORD-202604-05230,2026-04-10,CUST-2276,USB Hub,Accessories,South,Sneha,1,853.71
ORD-202604-05231,2026-04-06,CUST-2330,Monitor Stand,Furniture,North,Ananya,4,1935.49
ORD-202604-05232,2026-04-03,CUST-0233,Monitor Stand,Furniture,Central,Sneha,2,2087.47
ORD-202604-05233,2026-04-05,CUST-1299,Headphones,Electronics,North,Ananya,1,2624.36
ORD-202604-05234,2026-04-02,CUST-0058,Headphones,Electronics,East,Sneha,3,2513.0
ORD-202604-05235,2026-04-13,CUST-3551,Monitor Stand,Furniture,North,Sneha,5,2006.12
ORD-202604-05236,2026-04-05,CUST-4897,Desk Organizer,Office,East,Priya,2,654.91
ORD-202604-05237,2026-04-06,CUST-0265,Laptop Stand,Accessories,South,Vikram,2,1487.75
ORD-202604-05238,2026-04-15,CUST-3905,Mouse Pad,Accessories,East,Amit,6,430.82
ORD-202604-05239,2026-04-19,CUST-2661,Wireless Mouse,Electronics,Central,Amit,2,876.77
ORD-202604-05240,2026-04-09,CUST-1324,Office Chair,Furniture,South,Ananya,1,6387.66
ORD-202604-05241,2026-04-15,CUST-3175,Office Chair,Furniture,Central,Neha,1,7217.84
ORD-202604-05242,2026-05-01,CUST-1653,Webcam,Electronics,East,Rahul,3,2075.0
ORD-202604-05243,2026-04-28,CUST-4979,Wireless Mouse,Electronics,,Neha,3,790.05
ORD-202604-05244,2026-04-09,CUST-3778,Monitor Stand,Furniture,East,Ananya,7,1950.98
ORD-202604-05245,2026-04-22,CUST-1291,Mouse Pad,Accessories,Central,Karan,6,388.98
ORD-202604-05246,2026-04-26,CUST-3206,Laptop Stand,Accessories,Central,Vikram,3,1577.46
ORD-202604-05247,2026-04-18,CUST-4603,Wireless Mouse,Electronics,South,Neha,3,826.14
ORD-202604-05248,2026-04-27,CUST-3300,Pen Set,Office,Central,Vikram,6,295.36
ORD-202604-05249,2026-04-11,CUST-3306,Monitor Stand,Furniture,West,Priya,2,2032.94
ORD-202604-05250,2026-04-07,CUST-1868,Pen Set,Office,South,Neha,3,304.92
ORD-202604-05251,2026-04-14,CUST-3132,Monitor Stand,Furniture,North,Rahul,5,1915.79
ORD-202604-05252,2026-04-08,CUST-4189,Pen Set,Office,North,Amit,5,269.47
ORD-202604-05253,2026-04-19,CUST-0371,Desk Organizer,Office,North,Ananya,7,539.55
ORD-202604-05254,2026-04-23,CUST-3541,Mouse Pad,Accessories,South,Rahul,4,394.94
ORD-202604-05255,2026-04-28,CUST-1082,Office Chair,Furniture,West,Ananya,2,7259.91
ORD-202604-05256,2026-04-30,CUST-3635,Pen Set,Office,South,Sneha,4,324.24
ORD-202604-05257,2026-04-16,CUST-2565,Notebook,Office,South,Amit,3,212.5
ORD-202604-05258,2026-04-17,CUST-0985,Pen Set,Office,East,Neha,2,289.79
ORD-202604-05259,2026-04-01,CUST-4994,Study Table,Furniture,North,Rahul,4,5542.33
ORD-202604-05260,2026-04-12,CUST-1519,Desk Organizer,Office,East,Rahul,1,592.9
ORD-202604-05261,2026-04-09,CUST-4116,USB Hub,Accessories,South,Sneha,2,846.3
ORD-202604-05262,2026-04-01,CUST-1812,Desk Organizer,Office,North,Amit,1,563.97
ORD-202604-05263,2026-04-02,CUST-0700,Study Table,Furniture,Central,Vikram,-1,5875.37
ORD-202604-05264,2026-04-25,CUST-1524,Pen Set,Office,North,Rahul,6,276.55
ORD-202604-05265,2026-04-04,CUST-4839,Mouse Pad,Accessories,West,Amit,7,364.69
ORD-202604-05266,2026-04-08,CUST-1008,Study Table,Furniture,West,Priya,7,5252.8
ORD-202604-05267,2026-04-20,CUST-4144,Laptop Stand,Accessories,,Priya,7,1495.72
ORD-202604-05268,2026-04-07,CUST-3370,Study Table,Furniture,Central,Vikram,2,5000.91
ORD-202604-05269,2026-04-18,CUST-2163,Notebook,Office,East,Priya,1,192.66
ORD-202604-05270,2026-04-07,CUST-3250,Wireless Mouse,Electronics,West,Ananya,2,851.71
ORD-202604-05271,2026-04-12,CUST-2910,Wireless Mouse,Electronics,West,Priya,7,778.24
ORD-202604-05272,2026-04-21,CUST-2750,Monitor Stand,Furniture,North,Amit,3,2036.61
ORD-202604-05273,2026-04-26,CUST-3548,Webcam,Electronics,West,Ananya,6,2074.32
ORD-202604-05274,2026-04-13,CUST-3066,Office Chair,Furniture,East,Ananya,3,7283.99
ORD-202604-05275,2026-04-19,CUST-0275,Pen Set,Office,North,,5,309.79
ORD-202604-05276,2026-04-26,CUST-4864,Notebook,Office,Central,Amit,5,217.77
ORD-202604-05277,2026-04-26,CUST-4979,Mouse Pad,Accessories,South,Neha,7,366.55
ORD-202604-05278,2026-04-03,CUST-0343,Notebook,Office,Central,Ananya,4,216.37
ORD-202604-05279,2026-04-02,CUST-0032,Office Chair,Furniture,East,Amit,7,6512.3
ORD-202604-05280,2026-04-22,CUST-3370,USB Hub,Accessories,Central,Priya,5,815.48
ORD-202604-05281,2026-04-16,CUST-4292,Pen Set,Office,West,Vikram,3,296.93
ORD-202604-05282,2026-04-27,CUST-4049,USB Hub,Accessories,Central,Rahul,1,968.17
ORD-202604-05283,2026-04-19,CUST-2982,Pen Set,Office,North,Sneha,7,287.84
ORD-202604-05284,2026-04-27,CUST-2184,Laptop Stand,Accessories,West,Amit,6,1376.32
ORD-202604-05285,2026-04-24,CUST-4570,Headphones,Electronics,West,Ananya,7,2258.62
ORD-202604-05286,2026-04-06,CUST-1548,Monitor Stand,Furniture,Central,Vikram,6,1955.61
ORD-202604-05287,2026-04-28,CUST-4434,Monitor Stand,Furniture,Central,Rahul,3,2192.77
ORD-202604-05288,2026-04-19,,Notebook,Office,Central,Karan,-1,206.09
ORD-202604-05289,2026-04-03,CUST-2711,Pen Set,Office,East,Priya,2,299.51
ORD-202604-05290,2026-04-30,CUST-3811,Headphones,Electronics,East,Vikram,5,2351.71
ORD-202604-05291,2026-04-08,CUST-2890,Desk Organizer,Office,Central,Neha,3,652.95
ORD-202604-05292,2026-04-25,CUST-4328,Office Chair,Furniture,North,Sneha,5,6358.14
ORD-202604-05293,2026-04-12,CUST-4366,Keyboard,Electronics,East,Amit,1,1178.12
ORD-202604-05294,2026-04-27,CUST-3312,Desk Organizer,Office,North,Amit,5,574.85
ORD-202604-05295,2026-04-04,CUST-1787,Headphones,Electronics,East,Ananya,4,2476.4
ORD-202604-05296,2026-04-29,CUST-3219,Pen Set,Office,West,Rahul,1,322.29
ORD-202604-05297,2026-04-16,CUST-4910,Office Chair,Furniture,,Sneha,3,7295.63
ORD-202604-05298,2026-04-04,CUST-4478,Webcam,Electronics,West,,3,1859.34
ORD-202604-05299,2026-04-14,CUST-4362,Study Table,Furniture,Central,Neha,2,5664.3
ORD-202604-05300,2026-04-06,CUST-2664,Pen Set,Office,East,Rahul,7,312.44
ORD-202604-05301,2026-04-17,CUST-4808,Monitor Stand,Furniture,,Vikram,6,1873.9
ORD-202604-05302,2026-04-25,CUST-1805,Office Chair,Furniture,North,Neha,7,6772.88
ORD-202604-05303,2026-04-04,CUST-3694,Pen Set,Office,North,Amit,1,283.53
ORD-202604-05304,2026-04-25,CUST-0942,Headphones,Electronics,South,Vikram,7,2663.94
ORD-202604-05305,2026-04-26,CUST-1473,Monitor Stand,Furniture,Central,Neha,4,2153.95
ORD-202604-05306,2026-04-04,CUST-0670,Notebook,Office,Central,Priya,5,214.71
ORD-202604-05307,2026-04-26,CUST-1858,USB Hub,Accessories,North,Neha,7,915.58
ORD-202604-05308,2026-04-27,CUST-1860,Headphones,Electronics,North,Priya,2,2426.67
ORD-202604-05309,2026-04-20,CUST-1247,Mouse Pad,Accessories,West,Amit,7,399.64
ORD-202604-05310,2026-04-10,CUST-0141,Notebook,Office,Central,Priya,6,214.09
ORD-202604-05311,2026-04-06,CUST-1793,Wireless Mouse,Electronics,South,,3,827.97
ORD-202604-05312,2026-04-29,CUST-3193,Pen Set,Office,West,Rahul,5,318.91
ORD-202604-05313,2026-04-25,CUST-4272,Wireless Mouse,Electronics,Central,Neha,5,733.14
ORD-202604-05314,2026-04-02,CUST-4376,Office Chair,Furniture,North,Ananya,1,7041.28
ORD-202604-05315,2026-04-08,CUST-1873,Mouse Pad,Accessories,Central,Vikram,1,424.04
ORD-202604-05316,2026-04-19,CUST-3209,Mouse Pad,Accessories,East,Vikram,1,401.47
ORD-202604-05317,2026-04-19,CUST-0410,USB Hub,Accessories, Central,Rahul,6,864.01
ORD-202604-05318,2026-05-01,CUST-4905,Monitor Stand,Furniture,Central,Rahul,5,1939.77
ORD-202604-05319,2026-04-22,CUST-1501,Desk Organizer,Office,North,Neha,3,547.0
ORD-202604-05320,2026-04-19,CUST-4623,Study Table,Furniture,West,Sneha,5,5917.93
ORD-202604-05321,2026-04-11,CUST-2249,Office Chair,Furniture, South,Neha,5,7273.96
ORD-202604-05322,2026-04-04,CUST-2969,Office Chair,Furniture,Central,Ananya,3,7562.03
ORD-202604-05323,2026-04-09,CUST-2589,Office Chair,Furniture,Central,Rahul,4,6526.95
ORD-202604-05324,2026-04-03,CUST-0653,Notebook,Office,Central,Rahul,7,188.4
ORD-202604-05325,2026-04-30,CUST-1510,Laptop Stand,Accessories,South,Ananya,7,1512.03
ORD-202604-05326,2026-04-18,CUST-0981,Headphones,Electronics,Central,Amit,2,2295.48
ORD-202604-05327,,CUST-3489,Webcam,Electronics,North,Rahul,2,1945.4
ORD-202604-05328,2026-04-23,CUST-1776,Pen Set,Office,West,Priya,2,288.47
ORD-202604-05329,2026-04-20,CUST-4236,USB Hub,Accessories,North,Priya,7,839.37
ORD-202604-05330,2026-04-25,CUST-0854,Desk Organizer,Office,North,Neha,3,579.88
ORD-202604-05331,2026-04-02,CUST-2600,Notebook,Office,Central,Priya,4,216.62
ORD-202604-05332,2026-04-19,CUST-2071,Mouse Pad,Accessories,West,Priya,4,407.79
ORD-202604-05333,2026-04-01,CUST-0266,Webcam,Electronics,North,Vikram,1,1945.2
ORD-202604-05334,2026-04-10,CUST-4973,Monitor Stand,Furniture,West,Rahul,4,2103.29
ORD-202604-05335,2026-04-11,CUST-3120,Mouse Pad,Accessories,West,Ananya,1,425.41
ORD-202604-05336,2026-04-04,CUST-4984,Keyboard,Electronics,South,Sneha,5,1320.07
ORD-202604-05337,2026-04-30,CUST-0365,USB Hub,Accessories,Central,Neha,3,890.84
ORD-202604-05338,2026-04-21,,Study Table,Furniture,West,Sneha,2,5056.51
ORD-202604-05339,2026-04-26,CUST-3876,Laptop Stand,Accessories,,Rahul,2,1581.26
ORD-202604-05340,2026-04-18,CUST-3066,Study Table,Furniture,East,Vikram,4,5216.16
ORD-202604-05341,2026-04-16,CUST-0663,Webcam,Electronics,South,Neha,2,1770.07
ORD-202604-05342,2026-04-09,CUST-4262,Pen Set,Office,West,Karan,4,324.99
ORD-202604-05343,2026-04-07,CUST-2589,Mouse Pad,Accessories,Central,Rahul,1,412.17
ORD-202604-05344,,CUST-4812,Study Table,Furniture,West,Rahul,7,5600.26
ORD-202604-05345,2026-04-29,CUST-0253,Webcam,Electronics,South,Neha,2,1971.5
ORD-202604-05346,2026-04-18,CUST-4246,Headphones,Electronics,West,Ananya,6,2425.85
ORD-202604-05347,2026-04-27,CUST-1619,Webcam,Electronics,Central,Sneha,7,2045.06
ORD-202604-05348,2026-04-25,CUST-3256,Laptop Stand,Accessories,South,Sneha,7,1498.51
ORD-202604-05349,2026-04-24,CUST-2323,Webcam,Electronics,Central,Amit,6,1915.59
ORD-202604-05350,2026-04-19,CUST-2435,Headphones,Electronics,North,Karan,7,2417.94
ORD-202604-05351,2026-04-12,CUST-0321,Notebook,Office,Central,Rahul,4,218.06
ORD-202604-05352,2026-04-05,CUST-1875,Laptop Stand,Accessories,West,Ananya,1,1496.56
ORD-202604-05353,2026-04-15,CUST-0203,Headphones,Electronics,East,Karan,6,2266.84
ORD-202604-05354,2026-04-29,CUST-2191,Headphones,Electronics,South,Karan,4,2697.8
ORD-202604-05355,,CUST-4472,Keyboard,Electronics,West,Rahul,2,1277.23
ORD-202604-05356,2026-04-18,CUST-0802,Headphones,Electronics,Central,Amit,7,2542.57
ORD-202604-05357,2026-04-15,CUST-0282,Monitor Stand,Furniture,Central,Sneha,3,1905.35
ORD-202604-05358,2026-04-21,CUST-1314,Wireless Mouse,Electronics,Central,Neha,6,724.27
ORD-202604-05359,2026-04-23,CUST-1745,Monitor Stand,Furniture,Central,Karan,3,1836.71
ORD-202604-05360,2026-04-17,CUST-3826,Desk Organizer,Office,Central,Karan,7,573.36
ORD-202604-05361,2026-04-19,CUST-0653,Webcam,Electronics,East,Ananya,7,2025.5
ORD-202604-05362,2026-04-24,CUST-3200,Webcam,Electronics,East,Neha,1,2085.69
ORD-202604-05363,2026-04-07,CUST-0741,Keyboard,Electronics,South,Amit,7,1197.96
ORD-202604-05364,2026-04-30,CUST-1580,Notebook,Office,Central,Priya,3,204.75
ORD-202604-05365,2026-04-16,CUST-1871,Wireless Mouse,Electronics,South,Ananya,1,868.72
ORD-202604-05366,2026-04-11,CUST-2569,Desk Organizer,Office,North,Karan,1,576.23
ORD-202604-05367,2026-04-28,CUST-0833,USB Hub,Accessories,North,Neha,3,975.81
ORD-202604-05368,2026-04-27,CUST-1864,Pen Set,Office,West,Vikram,1,297.0
ORD-202604-05369,2026-04-06,CUST-1569,Monitor Stand,Furniture,,Neha,6,1937.5
ORD-202604-05370,2026-04-04,CUST-1196,Monitor Stand,Furniture,central,Vikram,4,2125.16
ORD-202604-05371,2026-04-27,CUST-2828,Headphones,Electronics,Central,Sneha,2,2299.93
ORD-202604-05372,2026-04-14,CUST-0532,Desk Organizer,Office,North,Rahul,7,597.57
ORD-202604-05373,2026-05-01,CUST-4934,Notebook,Office,Central,Sneha,4,187.22
ORD-202604-05374,2026-04-28,CUST-2656,Pen Set,Office,West,Amit,6,296.69
ORD-202604-05375,2026-04-04,CUST-4425,Keyboard,Electronics,Central,Amit,3,1306.02
ORD-202604-05376,2026-04-19,CUST-3146,Keyboard,Electronics,East,Karan,4,1331.31
ORD-202604-05377,2026-04-18,CUST-3524,Headphones,Electronics,West,Vikram,4,2319.98
ORD-202604-05378,2026-04-02,CUST-0009,Wireless Mouse,Electronics,North,,6,847.66
ORD-202604-05379,2026-04-11,CUST-4368,Keyboard,Electronics,East,Amit,6,1407.76
ORD-202604-05380,2026-04-12,CUST-0191,Desk Organizer,Office,South,Ananya,5,645.13
ORD-202604-05381,2026-04-19,CUST-1097,Laptop Stand,Accessories,South,Neha,2,1521.2
ORD-202604-05382,2026-04-23,CUST-0934,Study Table,Furniture,North,,1,5690.7
ORD-202604-05383,2026-04-05,CUST-4346,Office Chair,Furniture,East,Sneha,1,7568.11
ORD-202604-05384,2026-04-11,CUST-3751,Notebook,Office,West,Priya,5,183.36
ORD-202604-05385,2026-04-13,CUST-1548,Laptop Stand,Accessories,North,Sneha,7,1561.01
ORD-202604-05386,2026-04-08,CUST-3669,Monitor Stand,Furniture,West,Neha,1,2026.38
ORD-202604-05387,2026-04-27,CUST-1230,Pen Set,Office,Central,Priya,5,312.04
ORD-202604-05388,2026-04-25,CUST-2088,Study Table,furniture,Central,Ananya,3,5164.83
ORD-202604-05389,2026-04-04,CUST-2468,Webcam,Electronics,West,Karan,7,1822.08
ORD-202604-05390,2026-04-08,CUST-4992,Monitor Stand,Furniture,West,Priya,3,2165.59
ORD-202604-05391,2026-04-09,CUST-0274,Webcam,Electronics,North,Vikram,6,1744.55
ORD-202604-05392,2026-04-07,CUST-2529,Desk Organizer,Office,West,Amit,7,649.98
ORD-202604-05393,2026-04-05,CUST-2525,Monitor Stand,Furniture,West,Ananya,3,2087.23
ORD-202604-05394,2026-04-22,CUST-3286,Monitor Stand,Furniture,East,Neha,1,1901.85
ORD-202604-05395,2026-04-27,CUST-1927,Laptop Stand,Accessories,Central,Karan,7,1557.22
ORD-202604-05396,2026-04-22,CUST-2677,Notebook,Office,North,,6,214.9
ORD-202604-05397,2026-04-22,CUST-0305,Desk Organizer,Office,West,Priya,2,563.26
ORD-202604-05398,2026-04-01,CUST-4656,Mouse Pad,Accessories,East,Ananya,3,414.28
ORD-202604-05399,,CUST-4495,Mouse Pad,Accessories,Central,Neha,4,435.79
ORD-202604-05400,2026-04-18,CUST-0643,Wireless Mouse,Electronics,North,Neha,4,759.43
ORD-202604-05401,2026-04-20,CUST-0921,Keyboard,Electronics,North,Vikram,4,1406.96
ORD-202604-05402,2026-04-02,CUST-0276,Study Table,Furniture,Central,Neha,7,5091.08
ORD-202604-05403,2026-04-23,CUST-3204,Wireless Mouse,Electronics,West,Priya,6,835.34
ORD-202604-05404,2026-04-29,CUST-2751,USB Hub,Accessories,East,Priya,3,817.72
ORD-202604-05405,2026-04-21,CUST-3039,Desk Organizer,Office,West,Sneha,6,602.47
ORD-202604-05406,2026-04-23,CUST-3275,Keyboard,Electronics,West,Rahul,5,1183.31
ORD-202604-05407,2026-04-24,CUST-2306,Study Table,Furniture,East,Karan,4,6023.44
ORD-202604-05408,2026-04-23,CUST-4191,Desk Organizer,Office,Central,Priya,7,639.64
ORD-202604-05409,2026-04-17,CUST-1087,USB Hub,Accessories,Central,Ananya,6,964.03
ORD-202604-05410,2026-04-23,CUST-2450,Laptop Stand,Accessories,South,Priya,2,1626.51
ORD-202604-05411,2026-04-01,CUST-1262,Keyboard,Electronics,East,Priya,3,1356.23
ORD-202604-05412,2026-04-06,CUST-0841,Notebook,Office,South,Sneha,3,190.65
ORD-202604-05413,2026-04-15,CUST-1534,Desk Organizer,Office,South,Sneha,7,658.89
ORD-202604-05414,2026-04-04,CUST-1810,Monitor Stand,Furniture,South,Priya,5,1939.02
ORD-202604-05415,2026-04-15,CUST-0178,Webcam,Electronics, North,Neha,1,2039.7
ORD-202604-05416,2026-04-14,CUST-3906,Pen Set,Office,West,Vikram,3,314.0
ORD-202604-05417,2026-04-15,CUST-0339,Wireless Mouse,Electronics,North,Karan,5,820.62
ORD-202604-05418,2026-04-22,CUST-1438,Wireless Mouse,Electronics,South,Neha,4,826.49
ORD-202604-05419,2026-04-11,CUST-1824,Headphones,Electronics,East,Sneha,5,2249.19
ORD-202604-05420,2026-05-01,CUST-4294,Wireless Mouse,Electronics,South,Vikram,6,810.72
ORD-202604-05421,2026-04-02,CUST-3062,Webcam,Electronics,West,Rahul,1,1745.12
ORD-202604-05422,2026-04-09,CUST-0600,Notebook,Office,West,Vikram,7,218.86
ORD-202604-05423,2026-04-28,CUST-2716,Headphones,Electronics,North,Amit,5,2354.45
ORD-202604-05424,2026-04-29,CUST-2122,Wireless Mouse,Electronics,East,Vikram,3,854.75
ORD-202604-05425,2026-04-28,CUST-1309,Laptop Stand,Accessories,West,Amit,4,1586.27
ORD-202604-05426,2026-04-03,CUST-3560,Wireless Mouse,Electronics,South,Rahul,2,826.28
ORD-202604-05427,2026-04-15,CUST-0305,Pen Set,Office,North,Ananya,5,303.55
ORD-202604-05428,2026-04-10,CUST-1783,Laptop Stand,Accessories,East,Rahul,6,1477.42
ORD-202604-05429,2026-04-03,CUST-4145,Office Chair,furniture,East,Sneha,4,7366.79
ORD-202604-05430,2026-04-13,CUST-3317,Wireless Mouse,Electronics, East,Priya,5,781.17
ORD-202604-05431,2026-04-01,CUST-0767,Laptop Stand,Accessories,West,Sneha,6,1575.44
ORD-202604-05432,2026-04-11,CUST-4919,Study Table,Furniture,West,Neha,6,5150.36
ORD-202604-05433,2026-04-18,CUST-3825,Laptop Stand,Accessories,South,Ananya,6,1594.59
ORD-202604-05434,2026-04-26,CUST-0215,Laptop Stand,Accessories,East,Rahul,7,1579.96
ORD-202604-05435,2026-04-03,CUST-4384,Wireless Mouse,Electronics,Central,Neha,5,840.87
ORD-202604-05436,2026-04-14,CUST-0164,Mouse Pad,Accessories,Central,Sneha,2,391.71
ORD-202604-05437,2026-04-13,CUST-2489,Desk Organizer,Office,North,Priya,2,623.21
ORD-202604-05438,2026-04-24,CUST-3011,Desk Organizer,Office,,Amit,6,600.16
ORD-202604-05439,2026-04-08,CUST-1385,Headphones,Electronics,East,Vikram,1,2383.64
ORD-202604-05440,2026-04-28,CUST-4762,Laptop Stand,Accessories,East,Vikram,2,1489.83
ORD-202604-05441,2026-04-09,CUST-3939,Wireless Mouse,Electronics,West,Sneha,6,783.06
ORD-202604-05442,2026-04-16,CUST-2453,Laptop Stand,Accessories,Central,Sneha,-1,1397.61
ORD-202604-05443,2026-04-26,CUST-2307,Study Table,Furniture,South,Vikram,6,4965.7
ORD-202604-05444,2026-04-12,CUST-2327,Webcam,Electronics,South,Sneha,6,1957.66
ORD-202604-05445,2026-04-24,CUST-2240,Mouse Pad,Accessories,North,,3,418.24
ORD-202604-05446,2026-04-01,CUST-1131,Monitor Stand,Furniture,South,Ananya,3,1922.92
ORD-202604-05447,2026-04-30,CUST-3260,Monitor Stand,Furniture,Central,Vikram,3,2197.68
ORD-202604-05448,2026-04-23,CUST-1826,Headphones,Electronics,East,Neha,1,2358.87
ORD-202604-05449,2026-04-05,CUST-3813,USB Hub,Accessories,Central,Karan,5,918.61
ORD-202604-05450,2026-04-30,CUST-0022,Pen Set,Office,East,Ananya,3,317.9
ORD-202604-05451,2026-04-27,CUST-0877,Monitor Stand,Furniture,Central,Amit,2,2087.01
ORD-202604-05452,2026-04-08,CUST-2623,Pen Set,Office,Central ,Sneha,-1,292.81
ORD-202604-05453,2026-04-12,CUST-1456,Desk Organizer,Office,South,Neha,1,641.77
ORD-202604-05454,2026-04-30,,USB Hub,Accessories,Central,Vikram,1,942.97
ORD-202604-05455,2026-04-12,CUST-3226,Keyboard,Electronics,North,Priya,5,1235.56
ORD-202604-05456,2026-05-01,CUST-3905,Desk Organizer,Office,South,Rahul,3,627.51
ORD-202604-05457,2026-04-09,CUST-3757,USB Hub,Accessories,East,Ananya,2,868.53
ORD-202604-05458,2026-04-21,CUST-2203,Headphones,Electronics,North,Amit,3,2380.68
ORD-202604-05459,2026-04-07,CUST-0448,Mouse Pad,Accessories,North,Neha,6,389.37
ORD-202604-05460,2026-04-20,CUST-2187,Keyboard,Electronics,South,Vikram,4,1272.86
ORD-202604-05461,2026-04-26,CUST-1211,Pen Set,Office,South,Sneha,6,269.93
ORD-202604-05462,2026-04-27,CUST-3388,Pen Set,Office,East,Amit,4,284.83
ORD-202604-05463,2026-04-13,CUST-4783,USB Hub,Accessories,East,Sneha,7,932.05
ORD-202604-05464,2026-05-01,CUST-4679,Webcam,Electronics,North,Rahul,2,1850.91
ORD-202604-05465,2026-04-14,CUST-3740,Mouse Pad,Accessories,West,Rahul,7,409.59
ORD-202604-05466,2026-04-20,CUST-3711,Study Table,Furniture,South,Vikram,5,5669.4
ORD-202604-05467,2026-04-28,CUST-4826,Webcam,Electronics,Central,Neha,3,2080.88
ORD-202604-05468,2026-04-01,CUST-2494,Notebook,Office,Central,Rahul,7,196.1
ORD-202604-05469,2026-04-22,CUST-0063,Notebook,Office,East,Priya,4,202.66
ORD-202604-05470,2026-04-24,CUST-4553,Headphones,Electronics,East,Priya,6,2607.77
ORD-202604-05471,2026-04-14,CUST-2809,Mouse Pad,Accessories,,Priya,3,413.06
ORD-202604-05472,2026-04-10,CUST-4939,Webcam,Electronics,North,Vikram,2,1910.72
ORD-202604-05473,2026-04-23,CUST-4072,Office Chair,Furniture,East,Neha,4,7410.9
ORD-202604-05474,2026-04-16,CUST-3585,Notebook,Office,North,Amit,4,205.17
ORD-202604-05475,2026-04-04,CUST-2008,Notebook,Office,Central,Priya,1,205.72
ORD-202604-05476,2026-04-20,CUST-4519,Monitor Stand,Furniture,South,Sneha,2,1913.41
ORD-202604-05477,2026-04-30,CUST-4580,Laptop Stand,Accessories,East,Karan,2,1586.89
ORD-202604-05478,2026-04-12,CUST-4704,Laptop Stand,Accessories,North,Sneha,3,1518.09
ORD-202604-05479,2026-04-25,CUST-2697,Webcam,Electronics,South,Ananya,2,2029.91
ORD-202604-05480,2026-04-04,CUST-2851,Wireless Mouse,Electronics,south,Sneha,7,744.21
ORD-202604-05481,2026-04-02,CUST-3455,Office Chair,Furniture,East,Ananya,5,6844.36
ORD-202604-05482,2026-04-17,CUST-1471,Pen Set,Office,South,Amit,1,310.99
ORD-202604-05483,2026-04-08,CUST-0711,Pen Set,Office,South,Vikram,3,323.38
ORD-202604-05484,2026-04-15,CUST-3665,Notebook,Office,East,Amit,7,213.57
ORD-202604-05485,2026-04-12,CUST-2149,Pen Set,Office,East,Priya,6,305.63
ORD-202604-05486,2026-05-01,CUST-0829,Desk Organizer,Office,East,Amit,3,627.5
ORD-202604-05487,2026-04-12,CUST-4714,Keyboard,Electronics,South,Amit,2,1275.83
ORD-202604-05488,2026-04-03,CUST-1671,Mouse Pad,Accessories,West,Sneha,5,372.82
ORD-202604-05489,2026-04-08,CUST-3085,Office Chair,Furniture,North,Priya,6,6981.01
ORD-202604-05490,2026-04-27,CUST-1992,USB Hub,Accessories,East,Karan,4,980.76
ORD-202604-05491,2026-04-16,CUST-1954,Notebook,Office,Central,Rahul,4,193.98
ORD-202604-05492,2026-04-16,CUST-4238,USB Hub,Accessories,East,Amit,4,904.14
ORD-202604-05493,2026-04-26,CUST-4136,Study Table,Furniture,North,Rahul,5,5986.26
ORD-202604-05494,2026-04-07,CUST-2169,Office Chair,Furniture,West,Amit,5,6440.84
ORD-202604-05495,2026-04-26,CUST-2520,Office Chair,Furniture,Central,Rahul,3,6371.82
ORD-202604-05496,2026-04-10,CUST-3114,USB Hub,Accessories,South,Rahul,1,920.59
ORD-202604-05497,2026-04-24,CUST-0556,Monitor Stand,Furniture,North,Amit,5,1938.32
ORD-202604-05498,2026-04-01,CUST-4322,Mouse Pad,Accessories,South,Rahul,2,412.12
ORD-202604-05499,2026-04-13,CUST-2777,Desk Organizer,Office,West,Amit,5,586.44
ORD-202604-05500,2026-04-17,CUST-0681,Webcam,Electronics,West,Amit,6,1903.03
ORD-202604-04104,2026-04-19,CUST-4749,Wireless Mouse,Electronics,North,Priya,3,806.96
ORD-202604-02712,2026-04-20,CUST-4191,Laptop Stand,Accessories,South,Amit,6,1623.23
ORD-202604-03165,2026-04-11,CUST-1520,Monitor Stand,Furniture,North,Sneha,5,2162.98
ORD-202604-01066,2026-04-08,CUST-4518,Keyboard,Electronics,East,Amit,5,1408.74
ORD-202604-00336,2026-04-08,,USB Hub,Accessories,Central,Karan,5,898.35
ORD-202604-05148,2026-04-17,CUST-4050,Notebook,Office,South,Priya,2,203.92
ORD-202604-04932,2026-04-03,CUST-1231,USB Hub,Accessories,Central,Neha,3,962.32
ORD-202604-03895,2026-04-12,CUST-4091,Headphones,Electronics,West,Neha,5,2330.34
ORD-202604-02018,2026-04-08,CUST-4977,Desk Organizer,office,,Sneha,5,602.1
ORD-202604-05410,2026-04-23,CUST-2450,Laptop Stand,Accessories,South,Priya,2,1626.51
ORD-202604-03581,2026-04-10,CUST-3615,Webcam,Electronics,West,Sneha,3,1722.29
ORD-202604-02483,2026-04-28,CUST-2857,Webcam,Electronics,South,Vikram,4,1941.76
ORD-202604-04236,2026-05-01,CUST-1348,Keyboard,Electronics,North,Amit,6,1305.42
ORD-202604-03972,2026-04-03,CUST-0629,Study Table,Furniture,East,Ananya,5,5504.13
ORD-202604-05322,2026-04-04,CUST-2969,Office Chair,Furniture,Central,Ananya,3,7562.03
ORD-202604-00932,2026-04-15,CUST-3061,Notebook,Office,Central,Neha,7,209.3
ORD-202604-04442,2026-04-13,CUST-3492,Keyboard,Electronics,South,Neha,2,1304.39
ORD-202604-05321,2026-04-11,CUST-2249,Office Chair,Furniture,South,Neha,5,7273.96
ORD-202604-04600,2026-04-25,CUST-4036,Office Chair,Furniture,South,Neha,3,6893.1
ORD-202604-00315,2026-04-18,CUST-4403,Laptop Stand,Accessories,Central,Karan,7,1446.61
ORD-202604-01834,2026-04-15,CUST-1778,Webcam,Electronics,North,Priya,5,1983.11
ORD-202604-04385,2026-04-02,CUST-3561,Keyboard,Electronics,South,Neha,7,1270.98
ORD-202604-05320,2026-04-19,CUST-4623,Study Table,Furniture,West,Sneha,5,5917.93
ORD-202604-02282,2026-04-07,CUST-3651,Headphones,Electronics,South,Ananya,4,2701.52
ORD-202604-01540,2026-04-22,CUST-3628,Headphones,Electronics, North,Ananya,4,2288.08
ORD-202604-04070,2026-04-12,CUST-2503,Headphones,Electronics,North,Sneha,4,2405.78
ORD-202604-00955,2026-04-24,CUST-2310,USB Hub,Accessories,West,Vikram,7,922.1
ORD-202604-04367,2026-04-05,CUST-1548,Wireless Mouse,Electronics,Central,Rahul,3,810.1
ORD-202604-01887,2026-04-24,CUST-3943,Office Chair,Furniture,South,Amit,2,6950.04
ORD-202604-04891,2026-04-09,CUST-1601,Mouse Pad,Accessories,Central,Karan,5,408.76
ORD-202604-03876,2026-04-23,CUST-0929,Notebook,Office,East,Priya,5,182.27
ORD-202604-01929,2026-04-05,CUST-0955,Webcam,Electronics,Central,Rahul,1,1974.07
ORD-202604-05406,2026-04-23,CUST-3275,Keyboard,Electronics,West,Rahul,5,1183.31
ORD-202604-04876,2026-04-18,CUST-0293,Webcam,Electronics,South,Priya,1,1770.65
ORD-202604-00907,2026-04-29,CUST-0077,Wireless Mouse,Electronics,Central,Ananya,2,793.73
ORD-202604-04026,2026-04-30,CUST-0533,Desk Organizer,Office,West,Neha,5,613.5
ORD-202604-01599,2026-04-24,,Office Chair,Furniture,Central,Priya,3,6928.46
ORD-202604-02451,2026-04-15,CUST-0494,Laptop Stand,Accessories,East,Karan,7,1444.38
ORD-202604-00626,2026-04-03,CUST-2219,Headphones,Electronics,North,Neha,3,2512.09
ORD-202604-02567,2026-04-05,CUST-0664,Webcam,Electronics,Central,Priya,5,2045.68
ORD-202604-04865,2026-04-07,CUST-3164,Pen Set,Office,West,Sneha,3,295.19
ORD-202604-00394,2026-04-01,CUST-3520,Notebook,Office,North,Ananya,6,215.59
ORD-202604-01340,2026-04-24,CUST-3271,Study Table, Furniture,South,Sneha,2,5952.82
ORD-202604-00436,2026-04-03,CUST-3534,Laptop Stand, Accessories,Central,Ananya,3,1613.32
ORD-202604-05280,2026-04-22,CUST-3370,USB Hub,Accessories,Central,Priya,5,815.48
ORD-202604-01642,2026-04-16,CUST-1816,Desk Organizer,Office,West,Karan,1,602.0
ORD-202604-03545,2026-04-27,CUST-3545,Office Chair,Furniture,North,Ananya,4,6355.13
ORD-202604-01789,2026-04-25,CUST-2635,Headphones,Electronics,South,Neha,6,2645.54
ORD-202604-00796,2026-04-07,CUST-0993,Pen Set, Office,West,Rahul,2,324.02
ORD-202604-02212,2026-04-29,CUST-0515,Notebook,Office,East,Sneha,7,181.67
ORD-202604-05395,2026-04-27,CUST-1927,Laptop Stand,Accessories,Central,Karan,7,1557.22
ORD-202604-04768,2026-04-30,CUST-3840,Notebook,Office,West,Amit,6,202.02
ORD-202604-04699,2026-04-21,CUST-1640,Office Chair,Furniture,West,Karan,7,7332.73
ORD-202604-04587,2026-04-28,CUST-0995,Desk Organizer,Office,East,Vikram,5,652.77
ORD-202604-02243,2026-04-09,CUST-4035,Desk Organizer,Office,Central,Neha,7,612.44
ORD-202604-04466,2026-04-25,CUST-4835,Webcam, Electronics,East,Karan,3,2035.51
ORD-202604-03776,2026-04-11,CUST-1304,Mouse Pad,Accessories,South,Neha,4,390.52
ORD-202604-00341,2026-04-01,CUST-2207,Monitor Stand,Furniture,East,Ananya,2,2082.32
ORD-202604-02878,2026-04-05,CUST-4782,USB Hub,Accessories,South,Rahul,4,841.09
ORD-202604-01125,2026-04-01,CUST-3538,USB Hub,Accessories,North,Neha,1,929.38
ORD-202604-03363,2026-04-18,CUST-4375,Headphones,Electronics,West,Amit,7,2572.23
ORD-202604-01396,2026-04-12,CUST-1260,Study Table,Furniture,West,Karan,3,5659.98
ORD-202604-04512,2026-04-20,CUST-0337,Monitor Stand,Furniture,North,Rahul,5,1948.83
ORD-202604-04323,2026-04-30,CUST-1580,Mouse Pad,Accessories,Central,Priya,5,360.29
ORD-202604-03606,2026-04-25,CUST-1284,Desk Organizer,Office,South,Neha,7,638.25
ORD-202604-03698,2026-04-23,CUST-0060,Wireless Mouse,Electronics,East,Ananya,5,796.86
ORD-202604-02654,2026-04-15,,Office Chair,Furniture,West,Karan,5,6581.77
ORD-202604-00590,2026-04-30,CUST-4715,Wireless Mouse,Electronics,South,Ananya,4,802.44
ORD-202604-00340,2026-04-19,CUST-2100,Keyboard,Electronics,East,Karan,4,1198.5
ORD-202604-01162,2026-04-13,CUST-2825,Notebook,Office,East,Rahul,2,202.32
ORD-202604-02984,2026-04-08,CUST-2351,Notebook,Office,East,Rahul,6,212.45
ORD-202604-05243,2026-04-28,CUST-4979,Wireless Mouse,Electronics,South,Neha,3,790.05
ORD-202604-04996,2026-04-03,CUST-4372,Wireless Mouse,Electronics,North,Neha,2,743.87
ORD-202604-04074,2026-04-07,CUST-3127,Headphones,Electronics,North,Neha,1,2286.43
ORD-202604-04879,2026-04-15,CUST-1848,Laptop Stand,Accessories,West,Amit,3,1477.92
ORD-202604-00427,2026-04-08,CUST-4565,Desk Organizer,Office,North,Ananya,4,567.44
ORD-202604-04963,2026-04-19,CUST-1313,Mouse Pad,Accessories,Central,Rahul,2,424.93
ORD-202604-00002,2026-04-30,CUST-4618,Office Chair,Furniture,West,Priya,1,7076.29
ORD-202604-01845,2026-04-03,CUST-0200,Wireless Mouse,Electronics,East,Amit,2,764.96
ORD-202604-05134,2026-04-09,CUST-1930,Notebook,Office,East,Sneha,7,180.39
ORD-202604-01711,2026-04-29,CUST-4595,Monitor Stand,Furniture,West,Vikram,7,2089.51
ORD-202604-01921,2026-04-15,CUST-2914,Webcam,Electronics,East,Vikram,6,1908.38
