Order_ID,Order_Date,Customer_ID,Product,Category,Region,Salesperson,Quantity,Unit_Price
ORD-202602-00001,2026-02-09,CUST-4489,Study Table,Furniture,South,Ananya,4,5651.69
ORD-202602-00002,2026-02-16,CUST-4849,Webcam,Electronics,West,Sneha,1,1956.5
ORD-202602-00003,2026-02-17,CUST-0696,Study Table,Furniture,East,Vikram,1,5276.46
ORD-202602-00004,2026-03-03,CUST-2459,Keyboard,Electronics,North,Amit,6,1357.1
ORD-202602-00005,2026-02-23,CUST-4663,Monitor Stand,Furniture,North,Amit,4,2071.58
ORD-202602-00006,2026-03-03,CUST-4014,Webcam,Electronics,North,Neha,4,1884.45
ORD-202602-00007,2026-02-24,CUST-0507,Mouse Pad,Accessories,North,Vikram,3,413.57
ORD-202602-00008,2026-02-18,CUST-2745,Wireless Mouse,Electronics,North,Karan,4,857.67
ORD-202602-00009,2026-02-26,CUST-1743,Study Table,Furniture,West,Rahul,3,6005.33
ORD-202602-00010,2026-02-24,CUST-3520,Mouse Pad,Accessories,East,Priya,1,438.63
ORD-202602-00011,2026-02-26,CUST-2564,Monitor Stand,Furniture,North,Priya,4,1994.33
ORD-202602-00012,2026-02-08,CUST-1550,Laptop Stand,Accessories,East,Vikram,1,1358.92
ORD-202602-00013,2026-02-23,CUST-2087,Wireless Mouse,Electronics,South,Sneha,5,755.72
ORD-202602-00014,2026-02-07,CUST-4835,Pen Set,Office,East,Amit,7,280.87
ORD-202602-00015,2026-02-10,CUST-1829,Headphones,Electronics,East,Amit,5,2399.31
ORD-202602-00016,2026-02-22,CUST-1076,Notebook,Office,East,Amit,5,193.45
ORD-202602-00017,2026-02-16,CUST-0563,Wireless Mouse,Electronics,South,Vikram,7,825.95
ORD-202602-00018,2026-02-25,CUST-0796,Headphones,Electronics,North,Rahul,2,2511.84
ORD-202602-00019,2026-02-23,CUST-0267,Pen Set,Office,,Karan,6,307.95
ORD-202602-00020,2026-02-23,CUST-0228,Pen Set,Office,West,Karan,2,327.22
ORD-202602-00021,2026-02-05,CUST-2667,Keyboard,Electronics,Central,Vikram,1,1181.85
ORD-202602-00022,2026-02-04,CUST-2706,Headphones,Electronics,West,Amit,2,2256.3
ORD-202602-00023,2026-02-08,CUST-3979,Study Table,Furniture,South,Vikram,4,5681.02
ORD-202602-00024,2026-02-12,CUST-3095,Wireless Mouse,Electronics,West,Rahul,1,806.39
ORD-202602-00025,2026-02-26,CUST-0958,Headphones,electronics,Central,Karan,2,2490.38
ORD-202602-00026,2026-02-02,CUST-3248,Monitor Stand,Furniture,North,Ananya,1,2140.26
ORD-202602-00027,2026-02-17,CUST-2218,Notebook,Office,East,Sneha,2,185.42
ORD-202602-00028,2026-02-25,CUST-0862,Wireless Mouse,Electronics,West,Rahul,6,810.76
ORD-202602-00029,2026-02-12,CUST-3251,Study Table,Furniture,Central,Rahul,2,5974.03
ORD-202602-00030,2026-02-10,CUST-3258,Laptop Stand,Accessories,East,Neha,2,1482.77
ORD-202602-00031,2026-02-07,CUST-2116,Desk Organizer,Office,Central,Karan,1,608.57
ORD-202602-00032,2026-02-14,CUST-0826,Pen Set,Office,West,Vikram,3,273.29
ORD-202602-00033,2026-02-20,CUST-0149,Laptop Stand,Accessories,West,Rahul,6,1453.79
ORD-202602-00034,2026-02-18,CUST-3775,Laptop Stand,Accessories,North,Sneha,4,1361.51
ORD-202602-00035,2026-02-27,CUST-0779,Notebook,Office,East,Neha,2,201.88
ORD-202602-00036,2026-02-01,CUST-1377,Laptop Stand,Accessories,West,Sneha,3,1526.12
ORD-202602-00037,2026-02-10,CUST-3378,Headphones,Electronics,North,Ananya,5,2724.33
ORD-202602-00038,2026-02-11,CUST-2111,Desk Organizer,Office,Central,Amit,4,615.58
ORD-202602-00039,2026-02-13,CUST-4105,Pen Set,Office,West,Neha,4,269.28
ORD-202602-00040,2026-02-23,CUST-1837,Notebook,Office,Central,Ananya,7,212.26
ORD-202602-00041,2026-02-04,CUST-4461,Desk Organizer,Office,West,Sneha,6,578.59
ORD-202602-00042,2026-02-09,CUST-1839,Mouse Pad,Accessories,Central,Vikram,2,416.1
ORD-202602-00043,2026-02-02,CUST-0413,Monitor Stand,Furniture,Central,Amit,5,1904.66
ORD-202602-00044,2026-02-18,CUST-3605,Study Table,Furniture,North,Rahul,6,5785.2
ORD-202602-00045,2026-03-02,CUST-3301,Monitor Stand,Furniture,Central,Sneha,7,2169.91
ORD-202602-00046,2026-03-03,CUST-4989,Keyboard,Electronics,East,Neha,2,1189.71
ORD-202602-00047,2026-02-02,CUST-0497,Keyboard,Electronics,East,Neha,6,1310.53
ORD-202602-00048,2026-02-04,CUST-2637,Mouse Pad,Accessories,South,Sneha,2,402.22
ORD-202602-00049,2026-02-18,CUST-3549,Desk Organizer,Office,East,Neha,4,573.42
ORD-202602-00050,2026-02-09,CUST-2006,Webcam,Electronics,East,Karan,1,1838.87
ORD-202602-00051,2026-02-08,CUST-1312,Keyboard,Electronics,East,Amit,5,1344.77
ORD-202602-00052,2026-02-22,CUST-1469,Wireless Mouse,Electronics,West,Vikram,5,765.86
ORD-202602-00053,2026-02-10,CUST-0054,Notebook,Office,West,Amit,4,180.32
ORD-202602-00054,2026-02-19,CUST-3123,Monitor Stand,Furniture,West,Priya,3,2106.62
ORD-202602-00055,2026-02-02,CUST-3892,Mouse Pad,Accessories,East,Vikram,2,408.99
ORD-202602-00056,2026-03-03,CUST-2256,Desk Organizer,Office,Central,Vikram,6,569.1
ORD-202602-00057,2026-02-03,CUST-0197,Wireless Mouse,Electronics,Central,Amit,7,872.75
ORD-202602-00058,2026-02-02,CUST-3865,Headphones,Electronics,Central,Neha,1,2698.13
ORD-202602-00059,2026-02-13,CUST-4542,Pen Set,Office,West,Neha,2,326.77
ORD-202602-00060,2026-02-28,CUST-3034,USB Hub,Accessories,South,Neha,5,901.2
ORD-202602-00061,2026-02-20,CUST-0436,Wireless Mouse,Electronics,Central,Karan,3,756.68
ORD-202602-00062,2026-02-16,CUST-2060,Headphones,Electronics,Central,Sneha,1,2335.98
ORD-202602-00063,2026-02-09,CUST-2846,Office Chair,Furniture,South,Amit,1,7626.84
ORD-202602-00064,2026-02-08,CUST-4766,Pen Set,Office,Central,,2,322.37
ORD-202602-00065,2026-02-21,CUST-2496,Office Chair,Furniture,East,Amit,7,7336.26
ORD-202602-00066,2026-02-16,CUST-0057,Laptop Stand,Accessories,West,Sneha,5,1502.15
ORD-202602-00067,2026-02-19,CUST-3522,Monitor Stand,Furniture,South,Vikram,2,1952.79
ORD-202602-00068,2026-02-13,CUST-3448,Study Table,Furniture,South,Ananya,1,5722.75
ORD-202602-00069,2026-02-10,CUST-1178,Laptop Stand,Accessories,East,Priya,6,1351.96
ORD-202602-00070,2026-02-06,CUST-2054,Headphones,Electronics,North,Vikram,3,2511.13
ORD-202602-00071,2026-02-10,CUST-0215,Monitor Stand,Furniture,North,Vikram,3,2070.43
ORD-202602-00072,2026-02-07,CUST-0609,Laptop Stand,Accessories,East,Rahul,4,1575.08
ORD-202602-00073,2026-02-16,CUST-1556,Mouse Pad,Accessories,Central,Vikram,2,395.1
ORD-202602-00074,2026-02-09,CUST-0464,Monitor Stand,Furniture,North,Sneha,6,2097.01
ORD-202602-00075,2026-02-25,CUST-1381,Webcam,Electronics,South,Amit,3,1745.5
ORD-202602-00076,2026-02-18,CUST-3247,Study Table,Furniture,South,Neha,5,5205.66
ORD-202602-00077,2026-02-10,CUST-1914,Headphones,Electronics,South,Rahul,-1,2321.38
ORD-202602-00078,2026-02-03,CUST-0739,Webcam,Electronics,North,Priya,2,1838.17
ORD-202602-00079,2026-02-04,CUST-3123,USB Hub,Accessories,North,Neha,5,870.99
ORD-202602-00080,2026-02-03,CUST-4281,Mouse Pad,Accessories,East,Amit,1,388.94
ORD-202602-00081,2026-02-10,CUST-2953,Webcam,Electronics,East,Amit,6,1886.02
ORD-202602-00082,2026-02-11,CUST-1555,Study Table,Furniture,West,Karan,3,5428.98
ORD-202602-00083,2026-02-02,CUST-4034,Pen Set,Office,Central,Rahul,5,298.43
ORD-202602-00084,2026-02-22,CUST-1720,Pen Set,Office,North,Rahul,2,314.11
ORD-202602-00085,2026-02-17,CUST-0076,Desk Organizer,Office,South,Ananya,3,556.11
ORD-202602-00086,2026-03-03,CUST-3301,Pen Set,Office,Central,Karan,3,290.07
ORD-202602-00087,2026-02-28,CUST-3594,Pen Set,Office,South,Karan,2,269.11
ORD-202602-00088,2026-02-01,CUST-1101,Pen Set,Office,North,Ananya,3,270.79
ORD-202602-00089,2026-02-22,CUST-1885,Desk Organizer,Office,South,Rahul,1,611.75
ORD-202602-00090,2026-03-03,CUST-0036,Study Table,Furniture,South,Rahul,3,5912.53
ORD-202602-00091,2026-02-25,CUST-2350,Headphones,Electronics,South,Ananya,1,2401.99
ORD-202602-00092,2026-02-22,CUST-2230,Mouse Pad,Accessories,East,Karan,4,391.17
ORD-202602-00093,2026-02-05,CUST-1291,Headphones,Electronics,South,Sneha,1,2354.0
ORD-202602-00094,2026-02-28,CUST-2640,Headphones,Electronics,East,Karan,1,2320.47
ORD-202602-00095,2026-02-26,CUST-3395,Monitor Stand,Furniture,Central,Ananya,4,2152.56
ORD-202602-00096,2026-02-17,CUST-2230,Mouse Pad,Accessories,South,Priya,3,404.76
ORD-202602-00097,2026-03-01,CUST-3979,Desk Organizer,Office,East,Neha,7,-100.0
ORD-202602-00098,2026-02-15,CUST-2290,Desk Organizer,Office,West,Amit,2,644.75
ORD-202602-00099,2026-02-17,CUST-2047,Wireless Mouse,Electronics,North,Neha,3,813.13
ORD-202602-00100,2026-02-25,CUST-3329,Mouse Pad,Accessories,South,Vikram,2,373.49
ORD-202602-00101,2026-02-23,CUST-0857,Headphones,Electronics,West,Ananya,7,2605.62
ORD-202602-00102,2026-02-18,CUST-4229,Laptop Stand,Accessories,South,Priya,6,1573.29
ORD-202602-00103,2026-02-25,CUST-3025,Headphones,Electronics,East,Ananya,2,2455.99
ORD-202602-00104,2026-02-28,CUST-1828,Pen Set,Office,East,Rahul,2,305.99
ORD-202602-00105,2026-02-21,CUST-1173,Keyboard,Electronics,Central,Ananya,2,1294.99
ORD-202602-00106,2026-02-28,CUST-3951,USB Hub,Accessories,North,Sneha,2,868.97
ORD-202602-00107,2026-02-13,CUST-0070,Webcam,Electronics,West,Rahul,2,1964.48
ORD-202602-00108,2026-02-17,CUST-0314,Monitor Stand,Furniture,Central,Priya,6,1898.03
ORD-202602-00109,2026-02-21,CUST-3039,Office Chair,Furniture,Central,Sneha,4,6757.49
ORD-202602-00110,2026-02-18,CUST-2402,Laptop Stand,Accessories,East ,Neha,3,1470.73
ORD-202602-00111,2026-02-06,CUST-0860,Webcam,Electronics,South,Priya,2,1942.53
ORD-202602-00112,2026-02-15,CUST-1881,Desk Organizer,Office,North,Rahul,2,641.19
ORD-202602-00113,2026-02-05,CUST-3915,Pen Set,Office,South,Neha,4,305.87
ORD-202602-00114,2026-02-22,CUST-2330,Notebook,Office,West,Rahul,6,208.0
ORD-202602-00115,2026-02-25,CUST-2641,Wireless Mouse,Electronics,North,Sneha,4,765.87
ORD-202602-00116,2026-02-22,CUST-0458,Keyboard,Electronics,West,Rahul,5,1321.71
ORD-202602-00117,2026-02-27,CUST-3606,Pen Set,Office,Central,Neha,2,275.31
ORD-202602-00118,2026-02-21,CUST-0695,Mouse Pad,Accessories,East,Rahul,7,396.07
ORD-202602-00119,2026-02-12,CUST-1168,Office Chair,Furniture,Central,Ananya,6,7264.79
ORD-202602-00120,2026-02-02,CUST-1468,Wireless Mouse,Electronics,Central,Karan,7,747.82
ORD-202602-00121,2026-02-02,CUST-2155,Headphones,Electronics,West,Vikram,5,2699.97
ORD-202602-00122,2026-03-02,CUST-1368,Office Chair,Furniture,East,Karan,5,6883.09
ORD-202602-00123,2026-02-25,CUST-4079,Monitor Stand,Furniture,East,Rahul,1,2067.42
ORD-202602-00124,,CUST-1926,Desk Organizer,Office,South,Vikram,2,595.39
ORD-202602-00125,2026-03-02,CUST-0178,Wireless Mouse,Electronics,North,Ananya,1,836.11
ORD-202602-00126,2026-02-08,CUST-2287,Wireless Mouse,Electronics,West,,4,812.47
ORD-202602-00127,2026-02-24,CUST-0617,Study Table,Furniture,East,Rahul,5,5083.91
ORD-202602-00128,2026-02-07,CUST-1106,Mouse Pad,Accessories,Central,Priya,1,432.89
ORD-202602-00129,2026-02-23,CUST-2957,Mouse Pad,Accessories,West,Karan,6,411.77
ORD-202602-00130,2026-02-03,CUST-3097,Monitor Stand,Furniture,South,Vikram,4,1987.83
ORD-202602-00131,2026-02-22,CUST-3333,Webcam,Electronics,Central,Amit,5,1966.07
ORD-202602-00132,2026-02-15,CUST-1880,Webcam,Electronics,North,Karan,7,1808.19
ORD-202602-00133,2026-02-19,CUST-4190,Pen Set,Office,North,Neha,5,315.08
ORD-202602-00134,2026-02-02,CUST-0301,Study Table,Furniture,West,Vikram,1,5401.37
ORD-202602-00135,2026-02-12,CUST-1896,Laptop Stand,Accessories,West,Rahul,6,1590.45
ORD-202602-00136,2026-02-05,CUST-1219,Keyboard,Electronics,West,Sneha,7,1240.3
ORD-202602-00137,2026-02-20,CUST-0207,Wireless Mouse,Electronics,West,Neha,1,845.39
ORD-202602-00138,2026-02-01,CUST-2801,Wireless Mouse,Electronics,South,Vikram,4,863.99
ORD-202602-00139,2026-03-01,CUST-0285,Laptop Stand,Accessories,North,Vikram,4,1643.15
ORD-202602-00140,2026-02-06,CUST-3035,Mouse Pad,Accessories,Central,Sneha,2,421.08
ORD-202602-00141,2026-02-17,CUST-4275,Mouse Pad,Accessories,South,Vikram,2,415.28
ORD-202602-00142,2026-03-03,CUST-3999,Webcam,Electronics,North,Amit,6,1906.57
ORD-202602-00143,2026-02-13,CUST-3407,Pen Set,Office,North,Karan,3,275.42
ORD-202602-00144,2026-02-17,CUST-1228,Study Table,Furniture,Central,Amit,4,5564.83
ORD-202602-00145,2026-03-02,CUST-3268,Webcam,Electronics,Central,Vikram,6,1923.02
ORD-202602-00146,2026-02-03,CUST-2812,Pen Set,Office,Central,Rahul,4,272.97
ORD-202602-00147,2026-02-18,CUST-2472,Notebook,Office,,Neha,7,206.59
ORD-202602-00148,2026-02-18,CUST-2381,Pen Set,Office,North,Karan,4,278.01
ORD-202602-00149,2026-02-23,CUST-0709,Wireless Mouse,Electronics,North,Amit,7,814.44
ORD-202602-00150,2026-02-19,CUST-4243,Pen Set,Office,East,Amit,2,297.36
ORD-202602-00151,2026-02-15,CUST-4183,Desk Organizer,Office,East,Sneha,7,643.93
ORD-202602-00152,2026-02-17,CUST-3650,Pen Set,Office,North,Rahul,1,282.99
ORD-202602-00153,2026-02-09,CUST-2739,Office Chair,Furniture,Central,Neha,6,6538.76
ORD-202602-00154,2026-02-11,CUST-0660,Desk Organizer,Office,West,Sneha,5,605.13
ORD-202602-00155,2026-03-02,CUST-3173,Monitor Stand,Furniture,West,Ananya,4,1983.11
ORD-202602-00156,2026-02-21,CUST-4794,Pen Set,Office,East,Ananya,7,278.75
ORD-202602-00157,2026-02-22,CUST-0663,USB Hub,Accessories,Central,Amit,5,919.45
ORD-202602-00158,2026-02-05,CUST-1777,Office Chair,Furniture,West,Neha,5,7567.06
ORD-202602-00159,2026-02-12,CUST-4530,Desk Organizer,Office,East,Vikram,6,627.78
ORD-202602-00160,2026-02-07,CUST-4773,Notebook,Office,East,Amit,6,187.44
ORD-202602-00161,2026-03-02,CUST-2229,Notebook,Office,Central,Ananya,2,188.59
ORD-202602-00162,2026-03-03,CUST-1427,Laptop Stand,Accessories,South,Karan,6,1516.26
ORD-202602-00163,2026-02-11,CUST-1435,Notebook,Office,Central,Rahul,5,206.07
ORD-202602-00164,2026-02-13,CUST-2345,Mouse Pad,Accessories,North,Sneha,1,437.22
ORD-202602-00165,2026-02-22,CUST-1598,Keyboard,Electronics,North,Sneha,7,1196.33
ORD-202602-00166,2026-02-05,CUST-2753,USB Hub,Accessories,North,Ananya,6,907.33
ORD-202602-00167,2026-02-18,CUST-0399,Monitor Stand,Furniture,South,Rahul,7,2193.85
ORD-202602-00168,2026-02-07,CUST-0318,Laptop Stand,Accessories,East,Amit,6,1382.35
ORD-202602-00169,2026-02-17,CUST-0024,Pen Set,Office,Central,Ananya,3,327.26
ORD-202602-00170,2026-02-23,CUST-3579,USB Hub,Accessories,Central,Vikram,3,892.2
ORD-202602-00171,2026-02-23,CUST-4619,Webcam,Electronics,North,Ananya,2,1981.56
ORD-202602-00172,2026-02-04,CUST-0524,USB Hub,Accessories,West,Neha,3,885.56
ORD-202602-00173,2026-02-09,CUST-4575,Monitor Stand,Furniture,South,Priya,1,2135.35
ORD-202602-00174,2026-02-11,CUST-0821,Keyboard,Electronics,South,Sneha,6,1405.13
ORD-202602-00175,2026-02-23,CUST-0241,Pen Set,Office,Central,Sneha,6,279.07
ORD-202602-00176,2026-02-11,CUST-1452,Office Chair,Furniture,Central,Karan,7,7345.09
ORD-202602-00177,2026-02-15,CUST-1463,Headphones,Electronics,West,Amit,4,2259.47
ORD-202602-00178,2026-02-08,CUST-4804,Desk Organizer,Office,North,Karan,7,572.27
ORD-202602-00179,2026-02-11,CUST-0563,Pen Set,Office,North,Sneha,2,302.13
ORD-202602-00180,2026-02-15,CUST-4866,Laptop Stand,Accessories,Central,Neha,4,1529.94
ORD-202602-00181,2026-02-07,CUST-4310,Headphones,Electronics,South,Vikram,6,2431.66
ORD-202602-00182,2026-02-04,CUST-2447,Monitor Stand,Furniture,South,Amit,6,1907.22
ORD-202602-00183,2026-02-05,CUST-3366,Headphones,Electronics,East,Vikram,6,2334.89
ORD-202602-00184,2026-02-15,,Monitor Stand,Furniture,North,Karan,4,1894.94
ORD-202602-00185,2026-02-06,CUST-4551,Pen Set,Office,West,Priya,1,276.89
ORD-202602-00186,2026-02-02,CUST-1060,Study Table,Furniture,Central,Ananya,7,5236.33
ORD-202602-00187,2026-02-26,CUST-4779,Webcam,Electronics,South,Rahul,3,2021.02
ORD-202602-00188,2026-03-03,CUST-2091,Wireless Mouse,Electronics,East,Priya,5,765.05
ORD-202602-00189,2026-02-16,CUST-4661,Pen Set,Office,Central,Amit,1,323.38
ORD-202602-00190,2026-02-19,CUST-4923,Laptop Stand,Accessories,Central,Karan,7,1422.62
ORD-202602-00191,2026-02-06,CUST-4241,Notebook,Office,North,Priya,2,198.68
ORD-202602-00192,2026-02-03,CUST-3954,USB Hub,Accessories,West,Priya,7,839.23
ORD-202602-00193,2026-02-03,CUST-2174,Laptop Stand,Accessories,North,Sneha,6,1354.22
ORD-202602-00194,2026-02-06,CUST-3487,Desk Organizer,Office,North,Ananya,3,614.04
ORD-202602-00195,2026-02-04,CUST-1224,Mouse Pad,Accessories,West,Rahul,3,386.05
ORD-202602-00196,2026-02-23,CUST-1393,Pen Set,Office,North,Ananya,7,289.74
ORD-202602-00197,2026-02-24,CUST-3708,Pen Set,Office,North,Neha,5,293.48
ORD-202602-00198,2026-02-23,CUST-3816,Pen Set,Office,East,Amit,5,315.61
ORD-202602-00199,2026-02-09,CUST-1308,Laptop Stand,Accessories,East,Rahul,5,1468.94
ORD-202602-00200,2026-02-12,CUST-4833,Desk Organizer,Office,East,Karan,2,549.45
ORD-202602-00201,2026-02-12,CUST-3411,Headphones,Electronics,Central,Ananya,1,2388.42
ORD-202602-00202,2026-02-05,CUST-4940,Monitor Stand,Furniture,East,Neha,1,2029.44
ORD-202602-00203,2026-02-15,CUST-2395,Office Chair,Furniture,South,Sneha,3,7689.78
ORD-202602-00204,,CUST-2999,Notebook,Office,South,Vikram,5,184.8
ORD-202602-00205,2026-02-07,CUST-3262,Headphones,Electronics,Central,,3,2410.76
ORD-202602-00206,2026-02-09,CUST-0804,Study Table,Furniture,South,Sneha,2,5483.16
ORD-202602-00207,2026-02-15,CUST-1398,Notebook,Office,North,Amit,3,216.7
ORD-202602-00208,2026-02-04,,Office Chair,Furniture,East,Sneha,2,6450.87
ORD-202602-00209,2026-02-19,CUST-3369,Wireless Mouse,Electronics,West,Amit,4,845.95
ORD-202602-00210,2026-02-11,CUST-2707,Laptop Stand,Accessories,North,Neha,4,1565.84
ORD-202602-00211,2026-02-23,CUST-0014,Webcam,Electronics,West,Amit,2,1825.49
ORD-202602-00212,,CUST-0192,Office Chair,Furniture,East,Ananya,1,-100.0
ORD-202602-00213,2026-02-12,CUST-2783,Mouse Pad,Accessories,West,Rahul,1,404.97
ORD-202602-00214,2026-02-11,CUST-0408,Keyboard,Electronics,North,Vikram,3,1213.62
ORD-202602-00215,2026-02-17,CUST-0712,Notebook,Office,Central,Priya,2,190.47
ORD-202602-00216,2026-02-02,CUST-2887,Headphones,Electronics,Central,Karan,6,2413.2
ORD-202602-00217,2026-02-06,CUST-4805,USB Hub,Accessories,West,Neha,2,867.18
ORD-202602-00218,2026-02-04,CUST-4177,Monitor Stand,Furniture,West,Rahul,1,2097.5
ORD-202602-00219,2026-02-09,CUST-2328,USB Hub,Accessories,West,Amit,5,927.82
ORD-202602-00220,2026-02-19,CUST-4708,USB Hub,Accessories,North,Neha,5,956.51
ORD-202602-00221,2026-02-08,CUST-3030,Wireless Mouse,Electronics,Central,Ananya,5,800.73
ORD-202602-00222,2026-02-17,CUST-4723,USB Hub,Accessories,West,Amit,2,872.13
ORD-202602-00223,2026-02-22,CUST-1189,Monitor Stand,Furniture,,Vikram,5,1826.19
ORD-202602-00224,2026-02-21,CUST-2894,Monitor Stand,Furniture,East,Sneha,7,-100.0
ORD-202602-00225,2026-02-17,CUST-4613,Monitor Stand,Furniture,North,Karan,5,1828.99
ORD-202602-00226,2026-02-18,CUST-4908,Laptop Stand,Accessories,East,Sneha,3,1439.48
ORD-202602-00227,2026-02-14,CUST-4301,Wireless Mouse,Electronics,East,Sneha,4,825.99
ORD-202602-00228,2026-02-16,CUST-0748,Webcam, Electronics,South,Rahul,6,1999.33
ORD-202602-00229,2026-02-25,CUST-3095,Headphones,Electronics,Central,Priya,2,2283.34
ORD-202602-00230,2026-02-15,CUST-0474,Keyboard,Electronics,South,Vikram,6,1326.96
ORD-202602-00231,2026-02-11,CUST-1914,Desk Organizer,Office,Central,Ananya,2,555.53
ORD-202602-00232,2026-03-02,CUST-0152,Mouse Pad,Accessories,Central,Neha,7,419.53
ORD-202602-00233,2026-03-01,CUST-3797,Desk Organizer,Office,North,Priya,1,626.54
ORD-202602-00234,2026-02-27,CUST-3871,Headphones,Electronics,North,Priya,4,2622.98
ORD-202602-00235,2026-02-26,CUST-0463,Desk Organizer,Office,South,Vikram,3,546.74
ORD-202602-00236,2026-02-12,CUST-4583,Wireless Mouse,Electronics,West,Amit,4,808.5
ORD-202602-00237,2026-03-02,CUST-4197,Desk Organizer,Office,North,Ananya,3,567.95
ORD-202602-00238,2026-02-21,CUST-4200,Office Chair,Furniture,South,Karan,1,6993.13
ORD-202602-00239,2026-02-28,CUST-2237,Webcam,Electronics,Central,Karan,7,2084.88
ORD-202602-00240,2026-02-01,CUST-4699,Laptop Stand,Accessories,East,Rahul,4,1376.22
ORD-202602-00241,2026-02-04,CUST-4916,USB Hub,Accessories,East,Amit,5,-100.0
ORD-202602-00242,2026-02-01,CUST-2741,Notebook,Office,East,Vikram,4,185.67
ORD-202602-00243,2026-03-03,CUST-1893,Mouse Pad,Accessories,Central,Ananya,4,399.8
ORD-202602-00244,2026-02-10,CUST-3816,Keyboard,Electronics,North,Sneha,5,1304.43
ORD-202602-00245,2026-02-02,CUST-0221,Laptop Stand,Accessories,East,Amit,3,1485.88
ORD-202602-00246,2026-02-24,CUST-1684,Mouse Pad,Accessories,North,Amit,1,410.14
ORD-202602-00247,2026-02-25,CUST-0022,Notebook,Office,North,Priya,1,217.87
ORD-202602-00248,2026-03-01,CUST-3833,Pen Set,Office,East,Vikram,4,317.25
ORD-202602-00249,2026-02-18,CUST-0216,Pen Set,Office,Central,Priya,2,326.42
ORD-202602-00250,2026-02-22,CUST-3766,USB Hub,Accessories,East,Sneha,4,843.16
ORD-202602-00251,2026-02-20,CUST-2829,Mouse Pad,Accessories,West,Rahul,5,438.36
ORD-202602-00252,2026-02-22,CUST-2179,Laptop Stand,Accessories,Central,Karan,5,1440.59
ORD-202602-00253,2026-02-17,CUST-3155,Webcam,Electronics,North,Rahul,2,1722.08
ORD-202602-00254,2026-02-01,CUST-0219,Laptop Stand,Accessories,West,Priya,5,1479.88
ORD-202602-00255,2026-02-06,CUST-4056,USB Hub,Accessories,Central,Amit,7,853.37
ORD-202602-00256,2026-03-01,CUST-1332,Keyboard,Electronics,Central,Priya,3,1367.1
ORD-202602-00257,2026-02-02,CUST-4213,Headphones,Electronics,West,Karan,1,2292.55
ORD-202602-00258,2026-02-03,CUST-4426,Keyboard,Electronics,Central,Karan,4,1311.47
ORD-202602-00259,2026-02-25,CUST-2754,USB Hub,Accessories,West,Ananya,5,861.13
ORD-202602-00260,2026-03-02,CUST-2937,Mouse Pad,Accessories,North,Amit,3,375.6
ORD-202602-00261,2026-02-14,CUST-4618,Headphones,Electronics,Central,Rahul,5,2686.74
ORD-202602-00262,2026-02-05,CUST-2026,Keyboard,Electronics,Central,Vikram,6,1303.03
ORD-202602-00263,2026-02-19,CUST-1989,Mouse Pad,Accessories,North,,5,385.07
ORD-202602-00264,2026-02-02,CUST-4737,Headphones,Electronics,Central,Priya,6,2622.01
ORD-202602-00265,2026-02-12,CUST-2020,Study Table,Furniture,west,Priya,2,5887.44
ORD-202602-00266,2026-02-18,CUST-1833,Headphones,Electronics,East,Karan,3,2470.06
ORD-202602-00267,2026-02-28,CUST-0030,Mouse Pad,Accessories,Central,Neha,4,373.63
ORD-202602-00268,2026-02-04,CUST-1641,Office Chair,Furniture,West,Neha,2,7690.97
ORD-202602-00269,2026-02-19,CUST-1249,Keyboard,Electronics,West,Neha,7,1262.36
ORD-202602-00270,2026-02-01,CUST-3853,USB Hub,Accessories,South,Neha,5,846.05
ORD-202602-00271,2026-02-15,CUST-2502,Mouse Pad,Accessories,South,Neha,3,367.34
ORD-202602-00272,2026-02-21,CUST-1777,Notebook,Office,North,Karan,6,184.03
ORD-202602-00273,2026-02-02,CUST-4670,Study Table,Furniture,Central,Ananya,7,5986.26
ORD-202602-00274,2026-02-23,CUST-2232,Notebook,Office,South,Amit,1,216.78
ORD-202602-00275,2026-03-03,CUST-2080,Laptop Stand,Accessories,North,Priya,4,1501.38
ORD-202602-00276,2026-02-10,CUST-3613,USB Hub,Accessories,North,Vikram,3,933.55
ORD-202602-00277,2026-02-24,CUST-1306,Pen Set,Office,,Karan,6,318.89
ORD-202602-00278,2026-02-17,CUST-2151,Webcam,Electronics,East,Sneha,3,1920.82
ORD-202602-00279,2026-03-01,CUST-3531,Pen Set,Office,Central,Sneha,3,308.99
ORD-202602-00280,2026-02-19,CUST-1612,Laptop Stand,Accessories,West,Ananya,6,1639.0
ORD-202602-00281,2026-02-25,CUST-2147,Wireless Mouse,Electronics,Central,Priya,7,746.67
ORD-202602-00282,2026-02-05,CUST-0077,Mouse Pad,Accessories,North,Amit,2,370.17
ORD-202602-00283,2026-02-08,CUST-3971,Webcam,Electronics,North,Ananya,5,1995.1
ORD-202602-00284,2026-02-14,CUST-4303,Laptop Stand,Accessories,South,Sneha,6,1559.96
ORD-202602-00285,2026-03-01,CUST-3342,Laptop Stand,Accessories,South,Neha,2,1404.85
ORD-202602-00286,2026-02-20,CUST-2634,Keyboard,Electronics,North,Priya,5,1247.67
ORD-202602-00287,2026-02-07,CUST-4468,Webcam,Electronics,Central,Ananya,7,1969.36
ORD-202602-00288,2026-02-28,CUST-4257,Study Table,Furniture,Central,Rahul,6,5492.8
ORD-202602-00289,2026-02-20,CUST-2345,Laptop Stand,Accessories,East,Ananya,2,1616.96
ORD-202602-00290,2026-02-13,CUST-3090,Desk Organizer,Office,Central,Priya,7,639.39
ORD-202602-00291,2026-02-12,CUST-4694,USB Hub,Accessories,North,Rahul,3,896.68
ORD-202602-00292,2026-02-22,CUST-1004,Wireless Mouse,Electronics,North,Ananya,4,825.66
ORD-202602-00293,,CUST-3892,Office Chair,Furniture,Central,Karan,3,7199.82
ORD-202602-00294,2026-02-16,CUST-1816,Study Table,Furniture,Central,,5,5050.37
ORD-202602-00295,2026-02-27,CUST-0465,Webcam,Electronics,,Karan,1,1870.74
ORD-202602-00296,2026-02-22,CUST-2087,Headphones,Electronics,Central,Rahul,5,2468.95
ORD-202602-00297,2026-02-03,CUST-2591,Monitor Stand,Furniture,West,Ananya,1,2157.87
ORD-202602-00298,2026-02-25,CUST-3699,Keyboard,Electronics,Central,Neha,6,1399.1
ORD-202602-00299,2026-02-18,CUST-0759,Study Table,Furniture,Central,Ananya,3,5012.49
ORD-202602-00300,2026-02-17,CUST-2741,Headphones,Electronics,Central,Rahul,4,2671.52
ORD-202602-00301,2026-02-19,CUST-3307,Study Table,Furniture,Central,Amit,2,5621.83
ORD-202602-00302,2026-02-02,CUST-3183,Monitor Stand,Furniture,East,Karan,1,1805.59
ORD-202602-00303,2026-03-01,CUST-4163,Webcam,Electronics,Central,Amit,1,1854.05
ORD-202602-00304,2026-02-28,CUST-3766,Headphones,Electronics,,Vikram,7,2692.97
ORD-202602-00305,2026-03-03,CUST-2327,Keyboard,Electronics,South,Amit,1,1262.17
ORD-202602-00306,2026-02-19,CUST-1370,Office Chair,Furniture,Central,Vikram,1,7245.99
ORD-202602-00307,2026-02-08,CUST-4404,Laptop Stand,Accessories,South,Amit,4,1518.69
ORD-202602-00308,2026-02-19,CUST-4410,Pen Set,Office,Central,Priya,7,304.37
ORD-202602-00309,2026-02-09,CUST-0649,Notebook,Office,East,Sneha,1,198.24
ORD-202602-00310,2026-02-16,CUST-2267,Mouse Pad,Accessories,South,Sneha,2,397.59
ORD-202602-00311,2026-02-25,CUST-3760,Webcam,Electronics,East,Neha,4,2051.92
ORD-202602-00312,2026-02-06,CUST-3306,Laptop Stand,Accessories,East,Rahul,4,1473.16
ORD-202602-00313,2026-02-15,CUST-4375,Mouse Pad,Accessories,North,Ananya,2,374.37
ORD-202602-00314,2026-02-16,CUST-1092,Keyboard,Electronics,East,Neha,7,1278.15
ORD-202602-00315,2026-03-01,CUST-4707,USB Hub,Accessories,North,Priya,3,940.88
ORD-202602-00316,2026-02-17,CUST-1167,Desk Organizer,Office,East,Priya,5,596.03
ORD-202602-00317,2026-02-11,CUST-0480,USB Hub,Accessories,South,Vikram,4,940.73
ORD-202602-00318,2026-02-12,CUST-3675,USB Hub,Accessories,West,Sneha,5,852.21
ORD-202602-00319,2026-02-10,CUST-4640,Office Chair,Furniture,Central,Ananya,7,7114.85
ORD-202602-00320,2026-02-05,CUST-1753,Mouse Pad,Accessories,North,Vikram,3,428.07
ORD-202602-00321,2026-02-23,CUST-0800,Desk Organizer,Office,North,Karan,6,602.51
ORD-202602-00322,2026-02-24,CUST-4380,Wireless Mouse,Electronics,East,Amit,3,820.86
ORD-202602-00323,2026-02-07,CUST-0476,Monitor Stand,Furniture,West,Vikram,3,2070.49
ORD-202602-00324,2026-02-15,CUST-3324,Office Chair,Furniture,South,Priya,1,7334.5
ORD-202602-00325,2026-02-24,CUST-0634,Office Chair,Furniture,,Neha,3,6789.44
ORD-202602-00326,2026-02-22,CUST-3328,Pen Set,Office,North,Neha,5,306.59
ORD-202602-00327,2026-02-03,CUST-0570,Mouse Pad,Accessories,South,Ananya,5,392.31
ORD-202602-00328,2026-02-02,CUST-1902,Mouse Pad, Accessories,East,Priya,4,390.3
ORD-202602-00329,2026-02-03,CUST-2325,Pen Set,Office,West,Sneha,3,297.52
ORD-202602-00330,2026-02-16,CUST-4514,Mouse Pad,Accessories,South,Vikram,2,391.64
ORD-202602-00331,2026-03-01,CUST-3556,Desk Organizer,Office,Central,Rahul,7,542.2
ORD-202602-00332,2026-02-03,CUST-4724,Laptop Stand,Accessories,East,Rahul,3,1571.55
ORD-202602-00333,2026-02-22,CUST-2700,Office Chair,Furniture,West,Amit,3,7117.06
ORD-202602-00334,2026-02-23,CUST-1290,Laptop Stand,Accessories,North,Rahul,7,1390.35
ORD-202602-00335,2026-03-02,CUST-2124,Mouse Pad,Accessories,Central,Amit,5,379.95
ORD-202602-00336,2026-02-19,CUST-2573,Wireless Mouse,Electronics,East,Karan,6,816.74
ORD-202602-00337,2026-03-02,CUST-2820,Study Table,Furniture,East,Karan,3,5518.81
ORD-202602-00338,2026-02-14,CUST-4535,Pen Set,Office,South,Vikram,4,312.36
ORD-202602-00339,2026-02-09,CUST-4486,Webcam,Electronics,West,Sneha,6,1894.91
ORD-202602-00340,2026-03-03,CUST-0507,Wireless Mouse,Electronics,North,Amit,7,854.07
ORD-202602-00341,,CUST-3971,Study Table,Furniture,East,Sneha,6,5034.29
ORD-202602-00342,2026-02-11,CUST-1488,Wireless Mouse,electronics,West,Rahul,4,817.09
ORD-202602-00343,2026-02-20,CUST-2939,Mouse Pad,Accessories,West,Karan,5,388.75
ORD-202602-00344,2026-02-14,CUST-4773,Wireless Mouse,Electronics,West,Sneha,3,768.13
ORD-202602-00345,2026-02-24,CUST-4412,Desk Organizer,Office,South,Priya,4,652.15
ORD-202602-00346,2026-02-23,CUST-2425,Headphones,Electronics,East,Karan,3,2680.83
ORD-202602-00347,2026-02-01,CUST-0230,USB Hub,Accessories,North,Sneha,1,842.13
ORD-202602-00348,2026-02-17,CUST-4758,Notebook,Office,West,Karan,7,181.39
ORD-202602-00349,2026-02-27,CUST-4538,Laptop Stand,Accessories,South,Priya,1,1609.1
ORD-202602-00350,2026-02-21,CUST-1901,Pen Set,Office,South,Karan,2,279.22
ORD-202602-00351,2026-02-23,CUST-0687,Mouse Pad,Accessories,West,Rahul,2,433.17
ORD-202602-00352,2026-03-03,CUST-2638,USB Hub,Accessories,North,Amit,2,858.96
ORD-202602-00353,2026-02-11,CUST-4009,Laptop Stand,Accessories,South,Ananya,4,1472.51
ORD-202602-00354,2026-02-22,CUST-2271,USB Hub,Accessories,South,Amit,7,817.19
ORD-202602-00355,2026-02-01,CUST-0106,Laptop Stand,Accessories,Central,Vikram,3,1510.25
ORD-202602-00356,2026-02-05,CUST-2287,Notebook,Office,West,Amit,6,186.61
ORD-202602-00357,2026-02-22,CUST-2575,Desk Organizer,Office,South,Ananya,6,590.74
ORD-202602-00358,2026-02-07,CUST-4589,Notebook,Office,West,Priya,6,215.69
ORD-202602-00359,2026-02-25,CUST-4039,Wireless Mouse,Electronics,South,Ananya,5,759.46
ORD-202602-00360,2026-02-27,CUST-3474,Office Chair,Furniture,West,Karan,6,7187.86
ORD-202602-00361,2026-02-28,CUST-2024,Office Chair,Furniture,South,Amit,6,6581.85
ORD-202602-00362,2026-02-02,CUST-4729,Office Chair,Furniture,Central,Amit,5,7152.76
ORD-202602-00363,2026-02-11,CUST-1158,Wireless Mouse,Electronics,Central,Sneha,4,765.31
ORD-202602-00364,2026-02-16,CUST-1648,Office Chair,Furniture,South,Neha,1,7253.15
ORD-202602-00365,2026-02-01,CUST-4232,Mouse Pad,Accessories,East,Vikram,4,420.6
ORD-202602-00366,2026-03-01,CUST-4970,Office Chair,Furniture,Central,Priya,6,7531.87
ORD-202602-00367,2026-03-02,CUST-4074,Office Chair,Furniture,North,Neha,3,7584.95
ORD-202602-00368,2026-02-25,CUST-3539,Study Table,Furniture,West,Karan,2,5214.48
ORD-202602-00369,2026-02-09,CUST-4689,Keyboard,Electronics,East,Karan,5,1202.61
ORD-202602-00370,2026-02-04,CUST-0657,Notebook,Office,,Karan,1,181.03
ORD-202602-00371,2026-02-26,CUST-3346,Desk Organizer,Office,East,,6,625.4
ORD-202602-00372,2026-02-23,CUST-2065,Notebook,Office,East,Karan,7,186.54
ORD-202602-00373,2026-03-02,CUST-2991,Office Chair,Furniture,South,Neha,4,7419.17
ORD-202602-00374,2026-02-12,CUST-1244,Desk Organizer,Office,East,Neha,1,654.69
ORD-202602-00375,2026-02-06,CUST-2445,Wireless Mouse,Electronics,Central,Rahul,2,742.74
ORD-202602-00376,2026-02-28,CUST-1178,Headphones,Electronics,North,Sneha,1,2390.71
ORD-202602-00377,2026-02-04,CUST-3218,Pen Set,Office,North,Priya,4,300.44
ORD-202602-00378,2026-02-18,CUST-4648,Laptop Stand,Accessories,North,Sneha,3,1478.18
ORD-202602-00379,2026-02-15,CUST-0294,Laptop Stand,Accessories,West,Sneha,6,1476.8
ORD-202602-00380,2026-02-18,CUST-4800,Study Table,Furniture,South,Ananya,6,5187.87
ORD-202602-00381,2026-02-13,CUST-3297,Keyboard,Electronics,North,Amit,4,1400.12
ORD-202602-00382,2026-02-01,CUST-0071,Mouse Pad,Accessories,South,Vikram,7,413.49
ORD-202602-00383,2026-02-20,,Laptop Stand,Accessories,South,Amit,4,1395.23
ORD-202602-00384,2026-02-08,CUST-0691,Wireless Mouse,Electronics,North,Rahul,1,719.81
ORD-202602-00385,2026-02-04,CUST-4014,Laptop Stand,Accessories,West,Amit,7,1577.75
ORD-202602-00386,2026-02-13,CUST-1390,USB Hub,Accessories,North,Ananya,3,811.95
ORD-202602-00387,2026-02-10,CUST-0288,USB Hub,Accessories,Central,Neha,7,967.4
ORD-202602-00388,2026-02-23,CUST-4239,Headphones,Electronics,Central,Sneha,6,2513.71
ORD-202602-00389,2026-02-12,CUST-2684,Desk Organizer,Office,Central,Ananya,7,650.52
ORD-202602-00390,2026-02-17,CUST-3056,Laptop Stand,Accessories,South,Rahul,5,1580.5
ORD-202602-00391,2026-02-16,CUST-4159,Notebook,Office,South,,5,214.69
ORD-202602-00392,2026-02-27,CUST-2828,Notebook,Office,Central,Rahul,2,208.7
ORD-202602-00393,2026-02-04,CUST-3982,Notebook,Office,West,Rahul,2,202.05
ORD-202602-00394,2026-02-02,CUST-2992,Mouse Pad,Accessories,East,Rahul,3,372.91
ORD-202602-00395,2026-02-27,CUST-0140,Webcam,Electronics,Central,Ananya,3,1985.46
ORD-202602-00396,2026-02-11,CUST-4753,Mouse Pad,Accessories,North,Sneha,5,406.37
ORD-202602-00397,,CUST-4798,Mouse Pad,Accessories,East,Karan,7,395.38
ORD-202602-00398,2026-02-19,CUST-1379,Wireless Mouse,Electronics,North,Vikram,1,808.36
ORD-202602-00399,2026-02-24,CUST-3253,Desk Organizer,Office,West,Amit,5,566.92
ORD-202602-00400,2026-02-21,CUST-0617,USB Hub,Accessories,South,,6,881.82
ORD-202602-00401,2026-02-08,CUST-1425,Webcam,Electronics,North,Neha,4,1756.27
ORD-202602-00402,2026-02-16,CUST-3040,Wireless Mouse,Electronics,South,Vikram,2,784.58
ORD-202602-00403,2026-02-10,CUST-1740,Webcam,Electronics,East,Neha,4,1886.44
ORD-202602-00404,2026-02-13,CUST-4845,USB Hub,Accessories,South,Rahul,6,963.33
ORD-202602-00405,2026-02-17,CUST-0393,Office Chair,Furniture,Central,Rahul,7,7037.05
ORD-202602-00406,2026-02-03,CUST-3551,Pen Set,Office,Central,Vikram,5,323.45
ORD-202602-00407,2026-02-01,CUST-3064,USB Hub,Accessories,Central,Neha,4,983.13
ORD-202602-00408,2026-02-22,CUST-4461,Keyboard,Electronics,South,Priya,5,1181.83
ORD-202602-00409,2026-02-03,CUST-4046,Webcam,Electronics,South,Neha,5,1935.9
ORD-202602-00410,2026-03-01,CUST-4481,Study Table,Furniture,East,Neha,6,5278.2
ORD-202602-00411,2026-02-20,CUST-3970,Keyboard,Electronics,Central,Ananya,2,1390.27
ORD-202602-00412,2026-02-26,CUST-1097,Pen Set,Office,East,Neha,1,298.65
ORD-202602-00413,2026-02-15,CUST-2124,Mouse Pad,Accessories,South,Priya,3,365.33
ORD-202602-00414,2026-02-22,CUST-3428,Headphones,Electronics,West,,2,2356.56
ORD-202602-00415,2026-02-06,CUST-4996,Study Table,Furniture,North,Karan,5,5690.24
ORD-202602-00416,2026-02-20,CUST-4312,USB Hub,Accessories,Central,Neha,4,823.41
ORD-202602-00417,2026-02-10,,Pen Set,Office,West,Ananya,7,291.77
ORD-202602-00418,2026-02-24,CUST-0507,Keyboard,Electronics,East,,6,1395.55
ORD-202602-00419,2026-02-12,CUST-2105,Monitor Stand,Furniture,North,Rahul,2,1810.77
ORD-202602-00420,2026-02-25,CUST-3258,Wireless Mouse,Electronics,South,Sneha,6,830.35
ORD-202602-00421,2026-02-28,CUST-3859,Laptop Stand,Accessories,east,Sneha,6,1551.61
ORD-202602-00422,2026-02-01,CUST-1361,Study Table,Furniture,Central,Priya,3,5301.85
ORD-202602-00423,2026-02-02,CUST-2337,Pen Set,Office,East,Vikram,1,275.84
ORD-202602-00424,2026-02-12,CUST-4109,Pen Set,Office,Central,Sneha,6,275.22
ORD-202602-00425,2026-02-17,CUST-4170,Laptop Stand,Accessories,East,Vikram,2,1639.67
ORD-202602-00426,2026-02-27,CUST-1117,Office Chair,Furniture,West,Vikram,2,7246.65
ORD-202602-00427,2026-02-14,CUST-1269,Monitor Stand,Furniture,North,Sneha,4,1949.42
ORD-202602-00428,2026-02-27,CUST-1868,Pen Set,Office,West,Ananya,1,318.95
ORD-202602-00429,2026-02-23,CUST-3220,Headphones,Electronics,South,Karan,3,2300.75
ORD-202602-00430,2026-02-23,CUST-3384,Study Table,Furniture,East,Amit,2,5088.7
ORD-202602-00431,2026-03-01,CUST-3797,Wireless Mouse,Electronics,South,Vikram,1,750.67
ORD-202602-00432,2026-02-10,CUST-2780,Study Table,Furniture,East,Priya,7,5788.87
ORD-202602-00433,2026-02-21,CUST-4589,Wireless Mouse,Electronics,West,Priya,2,784.44
ORD-202602-00434,2026-02-25,CUST-0600,Wireless Mouse,Electronics,South,Ananya,4,821.78
ORD-202602-00435,2026-03-03,CUST-2624,Wireless Mouse,Electronics,North,Karan,6,756.25
ORD-202602-00436,2026-02-08,CUST-1127,Headphones,Electronics,West,Sneha,4,2637.59
ORD-202602-00437,2026-02-25,CUST-2695,Desk Organizer,Office,East,Karan,3,635.14
ORD-202602-00438,2026-02-07,CUST-4430,USB Hub,Accessories,Central,Vikram,6,883.4
ORD-202602-00439,2026-03-02,CUST-4427,Keyboard,Electronics,West,Neha,5,1223.47
ORD-202602-00440,2026-02-17,CUST-4944,Laptop Stand,Accessories,South,Priya,1,1537.99
ORD-202602-00441,2026-02-28,CUST-2449,Monitor Stand,Furniture,North,Karan,6,1901.5
ORD-202602-00442,2026-02-18,CUST-3470,Mouse Pad,Accessories,,Karan,1,370.93
ORD-202602-00443,2026-02-03,CUST-2385,Desk Organizer,Office,West,Priya,6,612.87
ORD-202602-00444,2026-02-11,,Webcam,Electronics,West,Sneha,1,1903.9
ORD-202602-00445,2026-02-19,CUST-1417,Mouse Pad,Accessories,South,Rahul,1,421.62
ORD-202602-00446,2026-02-19,,Office Chair,Furniture,South,Ananya,1,6708.27
ORD-202602-00447,2026-02-18,CUST-0270,Pen Set,Office,North,Priya,6,282.57
ORD-202602-00448,,CUST-3215,Wireless Mouse,Electronics,West,Priya,4,821.46
ORD-202602-00449,2026-02-18,CUST-2293,Notebook,Office,South,Vikram,5,207.0
ORD-202602-00450,2026-02-06,CUST-2060,Office Chair,Furniture,West,,2,6877.73
ORD-202602-00451,2026-02-03,CUST-3678,Keyboard,Electronics,East,Amit,1,1284.03
ORD-202602-00452,2026-02-09,CUST-1141,USB Hub,Accessories,North ,Sneha,6,831.31
ORD-202602-00453,2026-02-05,CUST-1296,Pen Set,Office,West,Sneha,6,297.17
ORD-202602-00454,2026-02-22,CUST-0829,Wireless Mouse,Electronics,South,Priya,6,872.72
ORD-202602-00455,2026-03-03,CUST-0543,Desk Organizer,Office,Central,Ananya,1,552.72
ORD-202602-00456,2026-03-01,CUST-0418,Study Table,Furniture,North,Priya,7,5573.75
ORD-202602-00457,2026-02-18,CUST-0520,Mouse Pad,Accessories,South,Ananya,4,360.57
ORD-202602-00458,2026-02-28,CUST-3197,USB Hub,Accessories,North,Ananya,2,867.6
ORD-202602-00459,2026-02-21,CUST-1500,Keyboard,Electronics,West,Ananya,2,1366.85
ORD-202602-00460,2026-02-05,CUST-1687,Desk Organizer,Office,,Vikram,4,607.05
ORD-202602-00461,2026-02-19,CUST-3766,Monitor Stand,Furniture,East,Amit,5,1831.54
ORD-202602-00462,2026-02-18,CUST-2591,Study Table,Furniture,West,Priya,1,5446.02
ORD-202602-00463,2026-02-18,CUST-0387,Notebook,Office,Central,Sneha,4,182.25
ORD-202602-00464,2026-02-25,CUST-2627,Wireless Mouse,Electronics,South,Vikram,2,778.79
ORD-202602-00465,2026-03-03,CUST-3306,Webcam,Electronics,East,Rahul,7,2001.15
ORD-202602-00466,2026-02-08,CUST-3037,Webcam,Electronics,West,Sneha,5,1807.18
ORD-202602-00467,2026-02-01,CUST-4342,Wireless Mouse,Electronics,Central,Neha,3,791.55
ORD-202602-00468,2026-02-20,CUST-2973,Keyboard,Electronics,North,Karan,3,1299.09
ORD-202602-00469,2026-02-04,CUST-4063,Notebook,Office,East,Karan,6,213.06
ORD-202602-00470,2026-02-14,CUST-2596,Keyboard,Electronics,,Amit,5,1200.67
ORD-202602-00471,2026-03-01,CUST-3183,Wireless Mouse,Electronics,South,Sneha,3,807.06
ORD-202602-00472,2026-02-21,CUST-0776,Monitor Stand,Furniture,South,Sneha,6,1811.41
ORD-202602-00473,2026-03-02,CUST-4962,Notebook,Office,East,Sneha,5,182.81
ORD-202602-00474,2026-02-01,CUST-0136,Office Chair,Furniture,West,Ananya,-1,6608.07
ORD-202602-00475,2026-02-22,CUST-4842,Webcam,Electronics,West,Ananya,5,1982.45
ORD-202602-00476,2026-02-10,CUST-2881,Laptop Stand,Accessories,North,Rahul,7,1361.42
ORD-202602-00477,2026-02-03,CUST-1688,Notebook,Office,South,Priya,7,216.71
ORD-202602-00478,2026-02-10,CUST-2117,Pen Set,Office,Central,Amit,1,294.67
ORD-202602-00479,2026-03-01,CUST-0383,Laptop Stand,Accessories,West,Priya,7,1600.53
ORD-202602-00480,2026-02-13,CUST-2051,Study Table,Furniture,East,Sneha,7,5193.12
ORD-202602-00481,2026-03-01,CUST-0356,Desk Organizer,Office,East ,Rahul,2,579.57
ORD-202602-00482,2026-02-04,CUST-2151,Headphones,Electronics,Central,Amit,5,2612.46
ORD-202602-00483,2026-02-21,CUST-0682,Keyboard,Electronics,Central,Ananya,6,1267.62
ORD-202602-00484,2026-02-14,CUST-0568,Wireless Mouse,Electronics,East,Priya,1,800.2
ORD-202602-00485,2026-02-10,CUST-3563,Office Chair,Furniture,South,Vikram,6,7431.89
ORD-202602-00486,2026-02-17,CUST-0897,Office Chair,Furniture,Central,Ananya,3,7210.5
ORD-202602-00487,2026-02-20,,Mouse Pad,Accessories,South,Vikram,3,425.8
ORD-202602-00488,2026-02-01,CUST-3311,Desk Organizer,Office,East,Karan,2,549.46
ORD-202602-00489,2026-02-21,CUST-2524,Study Table,Furniture,Central,Amit,4,5617.86
ORD-202602-00490,2026-02-10,CUST-2569,Headphones,Electronics,North,Rahul,6,2549.58
ORD-202602-00491,2026-02-25,CUST-2210,Monitor Stand,Furniture,West,Neha,6,2041.82
ORD-202602-00492,2026-02-06,CUST-3049,Mouse Pad,Accessories,West,Ananya,2,406.09
ORD-202602-00493,2026-02-09,CUST-3264,USB Hub,Accessories,South,Vikram,6,939.25
ORD-202602-00494,2026-03-03,CUST-0647,Headphones,Electronics,North,Karan,6,2670.95
ORD-202602-00495,2026-02-08,CUST-4816,Pen Set,Office,Central,Ananya,1,282.83
ORD-202602-00496,2026-02-05,CUST-4071,Notebook,Office,West,Karan,3,183.26
ORD-202602-00497,2026-02-18,CUST-2121,Wireless Mouse,Electronics,Central,Vikram,1,730.92
ORD-202602-00498,2026-02-20,CUST-1864,Pen Set,Office,South,Karan,7,278.57
ORD-202602-00499,2026-02-18,CUST-3629,Keyboard,Electronics,Central,Ananya,4,1339.52
ORD-202602-00500,2026-02-13,,Webcam,Electronics,West,Amit,2,1867.29
ORD-202602-00501,2026-02-04,CUST-4015,Notebook,Office,South,Rahul,7,193.01
ORD-202602-00502,2026-02-09,CUST-2329,Office Chair,Furniture,East,Sneha,5,7572.85
ORD-202602-00503,2026-02-02,CUST-2207,Keyboard,Electronics,South,Amit,7,1402.97
ORD-202602-00504,2026-02-27,CUST-2342,Mouse Pad,Accessories,East,Vikram,6,402.1
ORD-202602-00505,2026-02-09,CUST-1479,Webcam,Electronics,North,Karan,7,1883.24
ORD-202602-00506,2026-02-21,CUST-3893,Desk Organizer,Office, West,Neha,2,571.5
ORD-202602-00507,2026-02-09,CUST-3982,Office Chair,Furniture,East,Priya,2,6942.87
ORD-202602-00508,2026-02-20,CUST-0552,Pen Set,Office,West,Amit,1,293.67
ORD-202602-00509,2026-02-03,CUST-0468,Office Chair,Furniture,West,Ananya,3,6308.83
ORD-202602-00510,2026-02-03,CUST-0374,USB Hub,Accessories,West,Vikram,4,945.49
ORD-202602-00511,2026-02-10,CUST-1647,Notebook,Office,West,Ananya,4,196.56
ORD-202602-00512,2026-02-09,CUST-0506,Webcam,Electronics,West,Priya,5,1793.74
ORD-202602-00513,2026-02-10,CUST-2849,Monitor Stand,Furniture,East,Neha,6,2065.47
ORD-202602-00514,2026-02-09,CUST-4977,Headphones,Electronics,East,Vikram,6,2472.84
ORD-202602-00515,2026-02-22,CUST-3525,Study Table,Furniture,West,Karan,4,5294.14
ORD-202602-00516,2026-02-14,CUST-4636,Desk Organizer,Office ,Central,Priya,2,566.75
ORD-202602-00517,2026-02-05,CUST-0743,Monitor Stand,Furniture,East,Ananya,4,1822.74
ORD-202602-00518,2026-03-01,CUST-3503,Pen Set,Office,South,Ananya,7,299.18
ORD-202602-00519,2026-02-20,CUST-3643,Laptop Stand,Accessories,South,Vikram,6,1461.66
ORD-202602-00520,2026-02-13,CUST-2238,Webcam,Electronics,North,Amit,7,1724.42
ORD-202602-00521,2026-02-16,CUST-3729,Headphones,Electronics,West,Amit,4,2655.14
ORD-202602-00522,2026-02-11,CUST-0426,Monitor Stand,Furniture,West,Vikram,6,2122.25
ORD-202602-00523,2026-02-13,CUST-3078,Keyboard,Electronics,South,Vikram,3,1296.41
ORD-202602-00524,2026-02-03,CUST-4105,Office Chair,Furniture,East,Ananya,1,7473.39
ORD-202602-00525,2026-02-26,CUST-1966,Desk Organizer,Office, South,Karan,6,596.72
ORD-202602-00526,2026-02-12,CUST-0948,Keyboard,Electronics,Central,Neha,1,1212.98
ORD-202602-00527,2026-02-22,CUST-0052,Study Table,Furniture,Central,Rahul,5,5518.35
ORD-202602-00528,2026-02-02,CUST-1365,Headphones,Electronics,Central,Sneha,7,2405.32
ORD-202602-00529,2026-02-03,CUST-4107,Headphones,Electronics,Central,Ananya,1,2475.19
ORD-202602-00530,2026-02-12,CUST-4204,Notebook,Office, Central,Vikram,6,217.73
ORD-202602-00531,2026-02-02,CUST-3085,Keyboard,Electronics,East,Vikram,7,1261.47
ORD-202602-00532,2026-03-03,CUST-1287,Keyboard,Electronics,East,,5,1225.19
ORD-202602-00533,2026-02-02,CUST-1300,Pen Set,Office,South,Rahul,5,276.79
ORD-202602-00534,2026-02-18,CUST-4223,Monitor Stand,Furniture,West,Neha,7,2152.49
ORD-202602-00535,2026-02-11,CUST-2919,Wireless Mouse,Electronics,South,Amit,6,721.49
ORD-202602-00536,2026-02-07,CUST-3930,Pen Set,Office,South,Karan,1,323.37
ORD-202602-00537,2026-02-05,CUST-1852,Notebook,Office,Central,Vikram,6,181.56
ORD-202602-00538,2026-02-10,CUST-4187,Wireless Mouse,Electronics,North,Sneha,6,839.37
ORD-202602-00539,2026-02-02,CUST-2354,Keyboard,Electronics,North,Rahul,2,1245.39
ORD-202602-00540,2026-02-18,CUST-3372,USB Hub,Accessories,West,Neha,5,854.03
ORD-202602-00541,2026-02-08,CUST-4257,Desk Organizer,Office,West,Amit,6,560.66
ORD-202602-00542,2026-02-01,CUST-1761,Headphones,Electronics,West,Sneha,6,2316.33
ORD-202602-00543,2026-02-04,,USB Hub,Accessories,East,Rahul,7,821.01
ORD-202602-00544,2026-02-28,CUST-3266,Mouse Pad,Accessories,North,Priya,6,371.47
ORD-202602-00545,2026-02-08,CUST-2487,Desk Organizer,Office,South,Vikram,1,609.6
ORD-202602-00546,2026-02-18,CUST-4146,Webcam,Electronics,Central,Karan,4,1925.46
ORD-202602-00547,2026-02-13,CUST-2200,Pen Set,Office,West,Amit,2,285.91
ORD-202602-00548,2026-02-16,CUST-3748,Office Chair,Furniture,Central,Vikram,1,7250.8
ORD-202602-00549,2026-02-27,CUST-0382,Notebook,Office,North,Neha,2,209.73
ORD-202602-00550,2026-02-23,CUST-4311,Desk Organizer,Office,South,Priya,7,656.52
ORD-202602-00551,2026-02-18,CUST-4823,Headphones,Electronics,West,Rahul,5,2468.9
ORD-202602-00552,2026-02-07,CUST-4918,Study Table,Furniture,North,Ananya,6,5361.07
ORD-202602-00553,2026-02-27,CUST-4222,Webcam,Electronics,East,Sneha,4,2078.71
ORD-202602-00554,2026-02-01,CUST-3451,Headphones,Electronics,Central,Priya,3,2719.99
ORD-202602-00555,2026-02-18,CUST-3706,Notebook,Office,North,Ananya,4,215.99
ORD-202602-00556,2026-02-20,CUST-4641,USB Hub,Accessories, North,Sneha,7,918.56
ORD-202602-00557,2026-03-02,CUST-3651,USB Hub,Accessories,West,Karan,3,920.17
ORD-202602-00558,2026-02-05,CUST-1359,Office Chair,Furniture,South,Karan,3,7598.09
ORD-202602-00559,2026-02-09,CUST-0799,Mouse Pad,Accessories,North,Sneha,6,397.39
ORD-202602-00560,2026-02-01,CUST-4868,Laptop Stand,Accessories,East,Ananya,-1,1413.1
ORD-202602-00561,2026-02-08,CUST-0696,Office Chair,Furniture,West,Amit,7,7678.27
ORD-202602-00562,2026-03-01,CUST-4552,Laptop Stand,Accessories,Central,Priya,7,1601.55
ORD-202602-00563,2026-02-01,CUST-4680,Monitor Stand,Furniture,North,Neha,1,1821.51
ORD-202602-00564,2026-02-25,CUST-0207,Monitor Stand,Furniture,West,Sneha,5,1844.06
ORD-202602-00565,2026-03-01,CUST-4037,Mouse Pad,Accessories,,Priya,1,429.49
ORD-202602-00566,2026-02-04,CUST-2953,Office Chair,Furniture,West,Karan,7,6720.56
ORD-202602-00567,2026-02-12,CUST-1948,Desk Organizer,Office,South,Ananya,1,622.53
ORD-202602-00568,2026-02-28,CUST-2515,Study Table,Furniture,Central,Ananya,7,5078.68
ORD-202602-00569,2026-02-23,CUST-2143,USB Hub,Accessories,North,Amit,6,839.76
ORD-202602-00570,2026-02-03,CUST-4079,USB Hub,Accessories,West,Rahul,4,943.48
ORD-202602-00571,2026-02-27,CUST-2058,Webcam,Electronics,North,Neha,2,2081.03
ORD-202602-00572,2026-02-25,CUST-0632,Notebook,Office,West,Neha,2,199.09
ORD-202602-00573,2026-02-10,CUST-1985,Pen Set,Office,East,Sneha,4,271.67
ORD-202602-00574,2026-02-13,CUST-2639,USB Hub,Accessories,North,Rahul,6,851.23
ORD-202602-00575,2026-02-10,CUST-2252,Laptop Stand,Accessories,North,Karan,7,1412.87
ORD-202602-00576,2026-02-17,CUST-2507,USB Hub,Accessories,East,Karan,4,977.26
ORD-202602-00577,2026-02-25,CUST-4936,Mouse Pad,Accessories ,South,Ananya,2,392.55
ORD-202602-00578,2026-02-21,CUST-1978,Keyboard,Electronics,East,Rahul,4,1415.31
ORD-202602-00579,2026-03-03,CUST-4090,Pen Set,Office,East,Amit,6,320.5
ORD-202602-00580,2026-02-04,CUST-4961,Office Chair,Furniture,North,Priya,4,6930.14
ORD-202602-00581,2026-03-01,CUST-4153,Laptop Stand,Accessories,East,,7,1356.55
ORD-202602-00582,2026-03-01,CUST-2698,USB Hub,Accessories,East,Priya,1,984.04
ORD-202602-00583,2026-02-12,CUST-4948,Keyboard,Electronics,South,Sneha,4,1171.72
ORD-202602-00584,2026-02-05,CUST-2067,Notebook,Office,South,Neha,1,213.17
ORD-202602-00585,2026-02-07,CUST-1397,USB Hub,Accessories,North,Rahul,5,883.4
ORD-202602-00586,2026-03-02,CUST-4283,Study Table,Furniture,North,Vikram,5,5280.48
ORD-202602-00587,2026-02-01,CUST-4595,Study Table,Furniture,West,Priya,3,5398.15
ORD-202602-00588,2026-02-03,CUST-0696,Office Chair,Furniture,East,Karan,6,6798.7
ORD-202602-00589,2026-02-03,,Headphones,Electronics,Central,Vikram,7,2593.52
ORD-202602-00590,2026-02-06,CUST-1438,Headphones,Electronics,South,Sneha,4,2535.35
ORD-202602-00591,2026-02-25,CUST-4100,Mouse Pad,Accessories,East,Karan,4,379.6
ORD-202602-00592,2026-02-02,,Pen Set,Office,North,Amit,2,300.64
ORD-202602-00593,2026-03-02,CUST-3317,Wireless Mouse,Electronics,Central,Sneha,1,783.81
ORD-202602-00594,2026-02-13,CUST-4669,Mouse Pad,Accessories,West,Amit,3,432.57
ORD-202602-00595,2026-02-17,CUST-4550,Keyboard,Electronics,North,Karan,4,1400.94
ORD-202602-00596,2026-02-19,CUST-4402,Webcam,Electronics,Central,Rahul,6,1943.57
ORD-202602-00597,2026-02-26,CUST-2647,Laptop Stand,Accessories,Central,Rahul,7,1638.52
ORD-202602-00598,2026-02-20,CUST-3034,Wireless Mouse,Electronics,West,Karan,1,779.05
ORD-202602-00599,2026-02-02,CUST-3628,Webcam,Electronics,Central,Rahul,2,1742.51
ORD-202602-00600,2026-02-26,CUST-1599,Pen Set,Office,North,Sneha,4,271.95
ORD-202602-00601,2026-02-03,CUST-2506,Monitor Stand,Furniture,South,Amit,3,2132.31
ORD-202602-00602,2026-02-17,CUST-2341,Office Chair,Furniture,West,Priya,5,6835.91
ORD-202602-00603,2026-02-27,CUST-4003,Webcam,Electronics,East,Rahul,3,2035.83
ORD-202602-00604,2026-02-16,CUST-2856,Monitor Stand,Furniture,West,Rahul,3,1982.5
ORD-202602-00605,2026-02-13,CUST-2227,USB Hub,Accessories,Central,Karan,4,811.11
ORD-202602-00606,2026-02-11,CUST-2701,Laptop Stand,Accessories,South,Sneha,5,1507.59
ORD-202602-00607,2026-02-25,CUST-0861,Study Table,Furniture,Central,Neha,1,5602.98
ORD-202602-00608,2026-02-21,CUST-1280,USB Hub,Accessories,North,Vikram,7,890.28
ORD-202602-00609,2026-02-26,CUST-4004,Desk Organizer,Office,East,Rahul,3,639.5
ORD-202602-00610,2026-03-01,CUST-0653,Headphones,Electronics,East,Neha,2,2570.98
ORD-202602-00611,2026-02-19,CUST-3414,Laptop Stand,Accessories,Central,Rahul,5,1458.45
ORD-202602-00612,2026-02-12,CUST-4539,Monitor Stand,Furniture,East,Priya,1,2086.56
ORD-202602-00613,2026-02-19,CUST-3419,Webcam,Electronics ,Central,Ananya,5,1830.49
ORD-202602-00614,2026-02-12,CUST-3205,Study Table,Furniture,North,Amit,1,5871.33
ORD-202602-00615,2026-02-07,CUST-3588,Mouse Pad,Accessories,Central,,2,381.45
ORD-202602-00616,2026-02-11,CUST-0726,Monitor Stand,Furniture,North,Amit,6,2065.61
ORD-202602-00617,2026-02-15,CUST-0685,USB Hub,Accessories,East,Neha,3,883.73
ORD-202602-00618,2026-02-08,CUST-4950,Mouse Pad,Accessories,East,Ananya,7,367.17
ORD-202602-00619,2026-02-10,CUST-2134,USB Hub,Accessories,North,Vikram,3,922.32
ORD-202602-00620,2026-02-18,CUST-2057,Headphones,Electronics,East,Ananya,5,2440.55
ORD-202602-00621,2026-02-05,CUST-0792,Office Chair,Furniture,Central,Vikram,1,7186.94
ORD-202602-00622,2026-02-04,CUST-3665,Notebook,Office,East,Rahul,7,200.59
ORD-202602-00623,2026-02-25,CUST-0171,Mouse Pad,Accessories,West,Sneha,5,362.42
ORD-202602-00624,2026-02-26,CUST-0884,Laptop Stand,Accessories,Central,Vikram,5,1410.55
ORD-202602-00625,2026-02-10,CUST-1123,Office Chair,Furniture,South,Amit,3,7279.55
ORD-202602-00626,2026-02-05,CUST-4664,Laptop Stand,Accessories,North,Priya,3,1489.3
ORD-202602-00627,2026-02-15,CUST-4751,Webcam,Electronics,West,Ananya,4,1886.27
ORD-202602-00628,2026-02-06,CUST-0397,Keyboard,Electronics,West,Amit,2,1169.72
ORD-202602-00629,2026-02-28,CUST-0698,Study Table,Furniture,North,Priya,1,5282.12
ORD-202602-00630,2026-02-03,CUST-4780,Wireless Mouse,Electronics,south,Amit,5,826.08
ORD-202602-00631,2026-02-16,CUST-3172,Office Chair,Furniture,South,Karan,6,7540.71
ORD-202602-00632,2026-02-12,CUST-3636,Laptop Stand,Accessories,West,Amit,5,1521.19
ORD-202602-00633,2026-02-15,CUST-2838,Wireless Mouse,Electronics,Central,Priya,4,805.5
ORD-202602-00634,2026-02-24,CUST-1137,Monitor Stand,Furniture,West,,4,1987.13
ORD-202602-00635,2026-02-09,CUST-3652,Desk Organizer,Office,South,Amit,7,620.38
ORD-202602-00636,2026-03-01,CUST-0905,Desk Organizer,Office,West,Priya,4,634.72
ORD-202602-00637,2026-03-03,CUST-0146,Notebook,Office,South,Karan,5,187.88
ORD-202602-00638,2026-02-14,CUST-4186,Desk Organizer,Office,,Priya,3,624.63
ORD-202602-00639,2026-02-12,CUST-1900,Keyboard,Electronics,Central,Priya,1,1232.45
ORD-202602-00640,2026-02-08,CUST-0200,Webcam,Electronics,West,Karan,3,1721.17
ORD-202602-00641,2026-02-26,CUST-2173,Notebook,Office,West,Amit,6,182.07
ORD-202602-00642,2026-02-23,CUST-0572,Desk Organizer,Office,West,Rahul,5,544.68
ORD-202602-00643,2026-02-14,CUST-2355,Notebook,Office,East,Rahul,5,190.25
ORD-202602-00644,2026-02-22,CUST-3365,USB Hub,Accessories,North,Priya,6,831.97
ORD-202602-00645,2026-02-12,CUST-1691,Pen Set,Office,Central,Neha,2,274.2
ORD-202602-00646,2026-02-22,CUST-0387,Wireless Mouse,Electronics,South,Priya,6,742.68
ORD-202602-00647,2026-02-26,CUST-4452,Mouse Pad,Accessories,Central,Karan,6,362.15
ORD-202602-00648,2026-02-14,CUST-2707,USB Hub,Accessories,Central,Priya,3,870.87
ORD-202602-00649,,CUST-0116,Mouse Pad,Accessories,West,Neha,4,424.76
ORD-202602-00650,2026-02-18,CUST-2871,Keyboard,Electronics,East,Amit,7,1312.97
ORD-202602-00651,2026-02-03,,Study Table,Furniture,South,Amit,2,5020.55
ORD-202602-00652,2026-02-02,CUST-0090,Study Table,Furniture,North,Ananya,3,5361.44
ORD-202602-00653,2026-02-09,CUST-3934,Monitor Stand,Furniture,Central ,Neha,2,1970.95
ORD-202602-00654,2026-02-08,CUST-1886,Office Chair,Furniture,Central,Neha,3,6540.44
ORD-202602-00655,2026-02-06,CUST-3538,Pen Set,Office,West,Rahul,2,291.41
ORD-202602-00656,2026-03-01,CUST-0143,Webcam,Electronics,Central,Priya,6,1837.0
ORD-202602-00657,2026-02-19,CUST-4535,Keyboard,Electronics,South,Sneha,7,1297.39
ORD-202602-00658,2026-02-02,CUST-4835,Notebook,Office,East,Karan,7,206.85
ORD-202602-00659,2026-03-01,CUST-2750,Monitor Stand,Furniture,North,Neha,3,-100.0
ORD-202602-00660,2026-02-10,CUST-1077,Laptop Stand,Accessories,East,Amit,7,1371.27
ORD-202602-00661,2026-03-03,CUST-0756,Monitor Stand,Furniture,Central,Sneha,1,1821.18
ORD-202602-00662,2026-02-08,CUST-3449,Headphones,Electronics,South,Neha,1,2692.9
ORD-202602-00663,2026-02-03,CUST-3968,Webcam,Electronics ,East,Priya,3,1972.97
ORD-202602-00664,2026-02-05,CUST-3369,Pen Set,Office,East,Priya,3,308.4
ORD-202602-00665,2026-02-12,CUST-2467,Mouse Pad,Accessories,East,Sneha,-1,431.97
ORD-202602-00666,2026-03-01,CUST-3862,Desk Organizer,Office,Central,Amit,6,603.97
ORD-202602-00667,2026-02-18,CUST-3688,Laptop Stand,Accessories,East,Rahul,6,1371.2
ORD-202602-00668,,CUST-1677,Office Chair, Furniture,South,Vikram,6,7299.1
ORD-202602-00669,2026-02-10,CUST-3884,Webcam,Electronics,South,Rahul,6,1770.73
ORD-202602-00670,2026-02-16,CUST-0922,Keyboard,Electronics ,South,Priya,4,1342.18
ORD-202602-00671,2026-02-17,CUST-4102,Notebook,Office,South,Ananya,1,195.05
ORD-202602-00672,2026-02-27,CUST-2653,Mouse Pad,Accessories,Central,Amit,1,361.35
ORD-202602-00673,2026-02-02,CUST-3736,Notebook,Office,East,Sneha,7,181.31
ORD-202602-00674,2026-02-01,CUST-3472,Wireless Mouse,Electronics,South,Neha,4,781.84
ORD-202602-00675,2026-02-23,CUST-0480,USB Hub,Accessories,North,Ananya,7,916.0
ORD-202602-00676,2026-02-04,CUST-3777,Keyboard,Electronics,Central,Karan,1,1213.5
ORD-202602-00677,2026-02-22,CUST-3920,Office Chair,Furniture,North,Karan,5,6448.53
ORD-202602-00678,2026-02-11,CUST-0245,Keyboard,Electronics,South,Neha,2,1266.84
ORD-202602-00679,2026-02-13,CUST-1130,Monitor Stand,Furniture,West,Amit,3,2120.61
ORD-202602-00680,2026-02-05,CUST-3764,Wireless Mouse,Electronics,North,Amit,5,844.38
ORD-202602-00681,2026-02-24,CUST-1805,Notebook,Office,South,Rahul,4,206.33
ORD-202602-00682,2026-02-06,CUST-0563,Laptop Stand,Accessories,Central,Rahul,1,1476.62
ORD-202602-00683,2026-02-01,CUST-4273,Keyboard,Electronics,North,Sneha,7,1283.92
ORD-202602-00684,2026-02-19,CUST-2624,Laptop Stand,Accessories,South,Neha,5,1416.84
ORD-202602-00685,2026-02-05,CUST-1971,Wireless Mouse,Electronics,North,Sneha,3,741.02
ORD-202602-00686,2026-02-06,CUST-2778,Desk Organizer,Office,West,Rahul,5,541.0
ORD-202602-00687,2026-02-07,CUST-1999,Study Table,Furniture,North,,2,5895.09
ORD-202602-00688,2026-02-20,CUST-0636,Laptop Stand,Accessories,North,Rahul,4,1497.86
ORD-202602-00689,2026-02-24,CUST-2809,USB Hub,Accessories,East,Sneha,3,809.65
ORD-202602-00690,2026-03-01,CUST-4820,Keyboard,Electronics,West,Vikram,3,1306.58
ORD-202602-00691,2026-03-03,CUST-4759,Mouse Pad,Accessories,,Amit,4,379.71
ORD-202602-00692,2026-02-08,CUST-3191,Monitor Stand,Furniture,South,Sneha,7,1969.96
ORD-202602-00693,2026-02-07,CUST-0813,Mouse Pad,Accessories,East,Priya,1,412.76
ORD-202602-00694,2026-02-07,CUST-1120,Study Table,Furniture,Central,Karan,4,5839.66
ORD-202602-00695,2026-02-06,CUST-1578,Office Chair,Furniture,West,Karan,7,7279.63
ORD-202602-00696,2026-02-01,CUST-0255,Keyboard,Electronics,Central,Priya,7,1401.96
ORD-202602-00697,2026-02-19,CUST-0701,Wireless Mouse,Electronics,North,Vikram,7,756.61
ORD-202602-00698,2026-02-01,CUST-3876,Laptop Stand,Accessories,North,Karan,3,1547.38
ORD-202602-00699,2026-02-02,CUST-2146,Monitor Stand,Furniture,West,Sneha,4,2154.85
ORD-202602-00700,2026-02-13,CUST-4207,Headphones,Electronics,South,Neha,5,2403.29
ORD-202602-00701,2026-02-26,CUST-0309,Wireless Mouse,Electronics,West,Neha,6,846.85
ORD-202602-00702,2026-02-16,CUST-0454,Monitor Stand,Furniture,West,Karan,7,2175.0
ORD-202602-00703,2026-02-13,CUST-3449,Headphones,Electronics,East,Neha,2,2570.91
ORD-202602-00704,2026-02-06,CUST-1288,Laptop Stand,Accessories,Central,Vikram,1,1398.35
ORD-202602-00705,2026-02-22,CUST-1130,Office Chair,Furniture,Central,Amit,2,6664.25
ORD-202602-00706,2026-02-11,CUST-3212,Keyboard,Electronics,South,Ananya,2,1345.76
ORD-202602-00707,2026-03-03,CUST-4566,Headphones,Electronics,North,Rahul,3,2682.01
ORD-202602-00708,2026-02-05,CUST-2095,Desk Organizer, Office,Central,Rahul,7,541.95
ORD-202602-00709,2026-02-25,CUST-3813,Wireless Mouse,Electronics,Central,Sneha,2,771.25
ORD-202602-00710,2026-02-22,CUST-1713,Desk Organizer,Office,Central,Ananya,3,567.08
ORD-202602-00711,2026-02-12,CUST-4196,Notebook,Office,North,Vikram,3,195.9
ORD-202602-00712,,,Webcam,Electronics,West,Vikram,2,2000.97
ORD-202602-00713,2026-03-02,CUST-0759,Notebook,Office,Central,Karan,2,199.11
ORD-202602-00714,2026-02-23,CUST-2527,Laptop Stand,Accessories,South,Vikram,7,1504.48
ORD-202602-00715,2026-02-02,CUST-1463,Monitor Stand,Furniture,West,Priya,5,2042.59
ORD-202602-00716,2026-02-18,CUST-0924,USB Hub,Accessories,East,Vikram,1,901.82
ORD-202602-00717,2026-02-23,CUST-0920,Desk Organizer,Office,East,Ananya,5,621.55
ORD-202602-00718,2026-02-12,CUST-1941,Webcam,Electronics,West,Amit,5,1749.75
ORD-202602-00719,2026-02-22,CUST-0050,Office Chair,Furniture,East,Priya,3,6331.02
ORD-202602-00720,2026-02-20,CUST-0350,Webcam,Electronics,West,Neha,6,2023.11
ORD-202602-00721,2026-02-11,CUST-2948,Mouse Pad,Accessories,South,Vikram,6,397.32
ORD-202602-00722,2026-02-01,CUST-0031,Office Chair,Furniture,South,Amit,6,6716.9
ORD-202602-00723,2026-02-02,CUST-3861,Monitor Stand,Furniture,West,Neha,5,1980.73
ORD-202602-00724,2026-02-22,CUST-4876,Desk Organizer,Office,East,Priya,4,616.98
ORD-202602-00725,2026-02-25,CUST-0919,Pen Set,Office,South,Ananya,2,276.38
ORD-202602-00726,2026-02-12,CUST-0275,Desk Organizer,Office,central,Neha,1,601.83
ORD-202602-00727,2026-02-15,CUST-1053,USB Hub,Accessories,South,Amit,7,829.01
ORD-202602-00728,2026-02-16,CUST-0218,Pen Set,Office,East,Neha,6,320.5
ORD-202602-00729,2026-02-28,CUST-1347,Notebook,Office,South,Sneha,2,201.48
ORD-202602-00730,2026-02-17,CUST-4450,Mouse Pad,Accessories,East,Amit,6,423.81
ORD-202602-00731,2026-02-18,CUST-4099,Laptop Stand,Accessories,East,Neha,1,1565.26
ORD-202602-00732,2026-02-18,CUST-4881,Laptop Stand,Accessories,South,Priya,2,1593.51
ORD-202602-00733,2026-02-05,CUST-4059,Keyboard,Electronics,West,Sneha,2,1257.9
ORD-202602-00734,2026-02-22,CUST-4223,Desk Organizer,Office,North,Neha,3,555.81
ORD-202602-00735,2026-03-01,CUST-2961,Wireless Mouse,Electronics,West,Ananya,3,861.58
ORD-202602-00736,2026-02-04,CUST-0698,Keyboard,Electronics,North,Sneha,4,1398.93
ORD-202602-00737,2026-02-03,CUST-3844,Webcam,Electronics,South,Amit,4,2044.57
ORD-202602-00738,2026-02-16,CUST-3198,Keyboard,Electronics,East,Neha,1,1426.11
ORD-202602-00739,2026-02-24,CUST-4811,Desk Organizer,Office,East,Amit,2,610.52
ORD-202602-00740,2026-02-03,CUST-3485,Keyboard,Electronics,West,Karan,6,1302.25
ORD-202602-00741,2026-02-24,CUST-2728,USB Hub,Accessories,Central,Vikram,4,952.46
ORD-202602-00742,2026-02-08,CUST-3859,Desk Organizer,Office,West,Neha,7,552.29
ORD-202602-00743,2026-02-06,CUST-3281,Notebook,Office,East,Rahul,1,210.27
ORD-202602-00744,2026-02-06,CUST-0565,Notebook,Office,North,Priya,3,211.43
ORD-202602-00745,2026-02-17,CUST-3057,Laptop Stand,Accessories,Central,Sneha,2,1522.14
ORD-202602-00746,2026-02-19,CUST-1954,USB Hub,Accessories,South,Amit,7,878.85
ORD-202602-00747,2026-02-15,CUST-0814,Desk Organizer,Office,West,Priya,2,617.72
ORD-202602-00748,2026-02-19,CUST-1381,Mouse Pad,Accessories,Central,Neha,6,432.12
ORD-202602-00749,2026-02-25,CUST-4174,Desk Organizer,Office,West,Neha,2,558.02
ORD-202602-00750,2026-02-26,CUST-3273,Office Chair,Furniture,North,Sneha,6,6734.58
ORD-202602-00751,2026-02-23,CUST-0291,Webcam,Electronics,South,Rahul,4,1964.11
ORD-202602-00752,2026-02-17,CUST-1719,Keyboard,Electronics,Central,Rahul,7,1385.57
ORD-202602-00753,2026-02-07,CUST-3428,Mouse Pad,Accessories,West,Priya,1,411.14
ORD-202602-00754,2026-02-24,CUST-2545,Laptop Stand,Accessories,West,Rahul,3,1526.23
ORD-202602-00755,2026-02-21,CUST-3881,Keyboard,Electronics,East,Rahul,6,1191.38
ORD-202602-00756,2026-02-28,CUST-3133,Desk Organizer,Office,Central,Ananya,7,591.06
ORD-202602-00757,2026-02-23,CUST-0186,Pen Set,Office,West,Karan,4,322.33
ORD-202602-00758,2026-02-05,CUST-4330,Pen Set,Office,West,Ananya,1,290.73
ORD-202602-00759,,CUST-2853,Desk Organizer,Office,Central,Karan,5,584.74
ORD-202602-00760,2026-02-23,CUST-4605,USB Hub,Accessories,Central,Vikram,4,873.39
ORD-202602-00761,2026-03-03,CUST-1102,Mouse Pad,Accessories,Central,Ananya,6,388.05
ORD-202602-00762,2026-02-11,CUST-3468,Headphones,Electronics,West,Rahul,4,2451.4
ORD-202602-00763,2026-02-27,CUST-0147,Desk Organizer,Office,South,Sneha,7,631.75
ORD-202602-00764,2026-02-09,CUST-0782,Monitor Stand,Furniture,South,Sneha,1,1981.03
ORD-202602-00765,2026-02-12,CUST-4415,Study Table,Furniture,North,Amit,5,5616.77
ORD-202602-00766,2026-03-02,CUST-4445,USB Hub,Accessories,Central,Rahul,6,888.65
ORD-202602-00767,2026-02-06,CUST-4772,Wireless Mouse,Electronics,South,Ananya,3,858.74
ORD-202602-00768,2026-02-07,CUST-1023,Study Table,Furniture,South,Rahul,4,5145.69
ORD-202602-00769,2026-02-26,CUST-4461,Notebook,Office,West,Vikram,5,183.99
ORD-202602-00770,2026-03-01,CUST-0266,Office Chair,Furniture,East,Karan,4,6869.83
ORD-202602-00771,2026-02-04,CUST-2004,Webcam,Electronics,South,Sneha,3,2079.13
ORD-202602-00772,2026-02-26,CUST-2187,Study Table,Furniture,South,Sneha,5,5718.74
ORD-202602-00773,2026-02-19,CUST-3963,Office Chair,Furniture,East,Ananya,6,7161.75
ORD-202602-00774,2026-02-28,CUST-3424,Wireless Mouse,Electronics,West,Sneha,1,781.48
ORD-202602-00775,2026-02-16,CUST-1796,Notebook,Office,North,Ananya,7,190.85
ORD-202602-00776,2026-02-19,CUST-0747,Mouse Pad,Accessories,West,Vikram,2,435.43
ORD-202602-00777,2026-02-08,CUST-1827,Pen Set,Office,North,Priya,1,294.63
ORD-202602-00778,2026-02-19,CUST-1497,Webcam,Electronics,Central,Karan,2,1979.17
ORD-202602-00779,2026-02-13,CUST-3351,Keyboard,Electronics,North,Rahul,1,1379.65
ORD-202602-00780,2026-02-13,CUST-0401,Webcam,Electronics,South,Priya,7,-100.0
ORD-202602-00781,2026-02-09,CUST-2057,Mouse Pad,Accessories,South,Karan,3,377.66
ORD-202602-00782,2026-02-13,CUST-3092,Webcam,Electronics,Central,Sneha,6,1818.48
ORD-202602-00783,2026-02-06,CUST-3232,Mouse Pad,Accessories,South,Sneha,2,360.93
ORD-202602-00784,2026-02-27,CUST-3542,USB Hub,Accessories,Central,Karan,4,983.39
ORD-202602-00785,2026-02-13,CUST-1432,Desk Organizer,Office,South,Sneha,3,639.09
ORD-202602-00786,2026-02-13,CUST-2599,USB Hub,Accessories,South,Neha,5,881.74
ORD-202602-00787,2026-03-03,CUST-0493,Keyboard,Electronics,East,Amit,7,1400.95
ORD-202602-00788,2026-02-16,CUST-2223,Pen Set,Office,North,Priya,5,278.29
ORD-202602-00789,2026-02-22,CUST-4911,Headphones,Electronics,North,Priya,5,2270.11
ORD-202602-00790,2026-03-03,CUST-4239,Webcam,Electronics,South,Karan,2,1760.48
ORD-202602-00791,2026-02-27,CUST-3113,Desk Organizer,Office, West,Neha,1,644.93
ORD-202602-00792,2026-02-11,CUST-2096,Webcam,Electronics,North,Neha,1,1770.05
ORD-202602-00793,2026-02-17,,Wireless Mouse,Electronics,Central,Sneha,3,729.99
ORD-202602-00794,2026-02-26,CUST-2209,Laptop Stand,Accessories ,West,Sneha,4,1404.73
ORD-202602-00795,2026-02-16,CUST-3817,USB Hub,Accessories,South,Priya,1,883.73
ORD-202602-00796,2026-02-09,CUST-2887,Pen Set,Office,North,Karan,2,298.79
ORD-202602-00797,2026-02-17,CUST-0107,Desk Organizer,Office,East,Ananya,5,567.36
ORD-202602-00798,2026-02-01,CUST-3520,Wireless Mouse,Electronics,East,Karan,7,847.85
ORD-202602-00799,2026-02-28,CUST-4467,Desk Organizer,Office,North,,7,-100.0
ORD-202602-00800,2026-02-19,CUST-3886,Desk Organizer,Office,West,Rahul,2,573.94
ORD-202602-00801,2026-02-08,CUST-3074,Headphones,Electronics,Central,Karan,1,2714.46
ORD-202602-00802,2026-02-15,CUST-0205,Laptop Stand,Accessories,East,Ananya,5,1594.31
ORD-202602-00803,2026-02-01,CUST-0117,Desk Organizer,Office,East,Ananya,7,645.25
ORD-202602-00804,2026-02-25,CUST-4256,Notebook,Office,Central,Karan,3,181.48
ORD-202602-00805,2026-02-17,CUST-2375,Laptop Stand,Accessories,South,Karan,7,1599.15
ORD-202602-00806,2026-02-01,,Desk Organizer,Office,South,Neha,6,609.29
ORD-202602-00807,2026-02-15,CUST-3205,Pen Set,Office,Central,Sneha,7,271.39
ORD-202602-00808,2026-02-03,CUST-4530,Mouse Pad,Accessories,East,Amit,7,419.24
ORD-202602-00809,2026-02-13,CUST-2184,Wireless Mouse,Electronics, Central,Priya,1,757.73
ORD-202602-00810,2026-02-27,CUST-2682,Pen Set,Office,Central,Ananya,3,316.77
ORD-202602-00811,2026-02-21,CUST-2794,Headphones,Electronics,Central,Neha,1,2561.97
ORD-202602-00812,2026-02-15,CUST-2380,Study Table,Furniture,South,Rahul,1,5490.57
ORD-202602-00813,2026-02-16,CUST-3283,Headphones,Electronics,West,Vikram,4,2260.79
ORD-202602-00814,2026-02-16,CUST-0977,Wireless Mouse,Electronics,East,Priya,5,861.27
ORD-202602-00815,2026-02-04,CUST-1866,Laptop Stand,Accessories ,West,Amit,7,1393.34
ORD-202602-00816,2026-02-07,CUST-2349,Laptop Stand,Accessories,Central,Amit,1,1597.84
ORD-202602-00817,2026-02-26,CUST-2597,Laptop Stand,Accessories,West,Sneha,1,1555.41
ORD-202602-00818,2026-03-01,CUST-2465,Monitor Stand,Furniture,East,Rahul,1,1826.92
ORD-202602-00819,2026-02-05,CUST-2093,Webcam,Electronics,Central,Sneha,7,1915.03
ORD-202602-00820,2026-03-01,CUST-4473,Office Chair,Furniture,Central,Vikram,5,7645.36
ORD-202602-00821,2026-02-01,CUST-4004,Headphones,Electronics,,Rahul,4,2710.32
ORD-202602-00822,2026-02-17,CUST-4436,Pen Set,Office,Central,Amit,1,277.85
ORD-202602-00823,2026-02-26,CUST-2974,Keyboard,Electronics,East,,3,1214.09
ORD-202602-00824,2026-02-07,CUST-2433,Headphones,Electronics,South,Vikram,1,2325.89
ORD-202602-00825,2026-03-02,CUST-2155,Keyboard,electronics,South,Vikram,1,1365.55
ORD-202602-00826,2026-03-03,CUST-4338,Laptop Stand,Accessories, West,Sneha,4,1397.29
ORD-202602-00827,2026-02-14,CUST-3330,USB Hub,Accessories,South,Priya,4,820.71
ORD-202602-00828,2026-02-28,CUST-4272,Study Table,Furniture,,Vikram,4,5378.39
ORD-202602-00829,2026-02-03,CUST-4250,Desk Organizer,Office,East,Amit,7,654.93
ORD-202602-00830,2026-02-17,CUST-4742,Desk Organizer,Office,Central,Vikram,7,576.03
ORD-202602-00831,2026-02-10,CUST-2727,Mouse Pad,Accessories,North,Priya,1,416.89
ORD-202602-00832,2026-02-20,CUST-1809,Webcam,Electronics,East,Priya,2,1763.78
ORD-202602-00833,2026-02-08,,Webcam,Electronics,South,Neha,4,1945.01
ORD-202602-00834,2026-02-14,CUST-1062,Keyboard,Electronics,West,Neha,3,1320.09
ORD-202602-00835,2026-02-23,CUST-1615,Pen Set,Office,Central,Amit,4,323.17
ORD-202602-00836,2026-02-07,CUST-4720,Office Chair,Furniture,South,Vikram,5,7302.14
ORD-202602-00837,2026-02-27,CUST-3570,Notebook,Office,Central,Neha,2,183.91
ORD-202602-00838,2026-02-22,CUST-2925,Notebook,Office,West,Karan,6,195.21
ORD-202602-00839,2026-02-08,CUST-2652,Laptop Stand,Accessories,North,Vikram,2,1349.27
ORD-202602-00840,2026-02-21,CUST-2334,Monitor Stand,Furniture,West,Sneha,3,1895.45
ORD-202602-00841,2026-02-10,CUST-4482,Study Table,Furniture,East,Amit,2,6017.36
ORD-202602-00842,2026-02-17,CUST-2058,USB Hub,Accessories,Central,Neha,5,891.04
ORD-202602-00843,2026-02-19,CUST-2398,Desk Organizer,Office,East,Karan,5,643.04
ORD-202602-00844,2026-02-26,CUST-0424,Laptop Stand,Accessories,South,Priya,5,1356.21
ORD-202602-00845,2026-02-11,CUST-0574,Keyboard,Electronics,North,Priya,4,1397.74
ORD-202602-00846,2026-02-15,CUST-1021,Webcam,Electronics,North,Ananya,3,2046.89
ORD-202602-00847,2026-02-14,CUST-1499,Office Chair,Furniture,West,Amit,5,7213.77
ORD-202602-00848,2026-02-27,CUST-1458,Mouse Pad,Accessories,Central,Sneha,1,368.38
ORD-202602-00849,2026-02-27,CUST-3335,Study Table,Furniture,West,Sneha,3,5912.54
ORD-202602-00850,2026-02-07,CUST-2757,Laptop Stand,Accessories,West,Sneha,5,1618.88
ORD-202602-00851,2026-02-04,CUST-0022,USB Hub,Accessories,North,Karan,5,845.25
ORD-202602-00852,2026-03-02,CUST-2584,Wireless Mouse,Electronics,North,Sneha,2,869.34
ORD-202602-00853,2026-02-06,CUST-0411,Office Chair,Furniture,East,Sneha,3,7532.38
ORD-202602-00854,2026-02-07,CUST-2715,Laptop Stand,Accessories,East,,3,1410.52
ORD-202602-00855,2026-02-04,CUST-0251,Keyboard,Electronics,East,Priya,7,1271.41
ORD-202602-00856,2026-02-05,CUST-0383,Headphones,Electronics,Central,Karan,5,-100.0
ORD-202602-00857,2026-02-02,CUST-4131,Pen Set,Office,South,Neha,1,298.89
ORD-202602-00858,2026-02-19,CUST-0049,Office Chair,Furniture,Central,Amit,2,7543.52
ORD-202602-00859,2026-02-16,CUST-4863,Monitor Stand,Furniture,South,Neha,1,2148.66
ORD-202602-00860,2026-02-03,CUST-2316,Webcam,Electronics,South,Amit,2,1775.82
ORD-202602-00861,2026-02-21,CUST-4131,Notebook,Office,South,Vikram,2,201.04
ORD-202602-00862,2026-02-06,CUST-0968,USB Hub,Accessories,West,Ananya,4,905.12
ORD-202602-00863,2026-02-17,CUST-2335,Desk Organizer,Office,South,Amit,6,593.06
ORD-202602-00864,2026-02-23,CUST-4459,Pen Set,Office,East,Amit,7,311.84
ORD-202602-00865,2026-02-14,CUST-0386,Wireless Mouse,Electronics,North,Sneha,4,822.33
ORD-202602-00866,2026-02-10,CUST-2155,Keyboard,Electronics,South ,Neha,6,1240.57
ORD-202602-00867,2026-02-28,CUST-0615,Notebook,Office,North,Amit,5,192.96
ORD-202602-00868,2026-02-25,CUST-1760,Mouse Pad,Accessories,West,Amit,3,429.99
ORD-202602-00869,2026-02-27,CUST-4854,Study Table,Furniture,Central,Neha,5,5307.38
ORD-202602-00870,2026-02-05,CUST-2721,Study Table,Furniture,South,Amit,3,5437.51
ORD-202602-00871,2026-02-09,CUST-1670,Wireless Mouse,Electronics,Central,,3,874.57
ORD-202602-00872,2026-02-12,CUST-3144,Notebook,Office,East,Priya,7,213.22
ORD-202602-00873,2026-02-06,CUST-1409,USB Hub,Accessories,Central,Ananya,7,934.77
ORD-202602-00874,2026-02-12,CUST-0410,Mouse Pad,Accessories,South,Vikram,5,383.36
ORD-202602-00875,2026-02-08,CUST-2827,Wireless Mouse,Electronics,Central,Karan,-1,819.57
ORD-202602-00876,2026-02-15,CUST-3707,Office Chair,Furniture,North,Rahul,5,7197.8
ORD-202602-00877,2026-02-22,CUST-0894,Headphones,Electronics,South,Amit,6,2454.8
ORD-202602-00878,2026-02-13,CUST-0688,Monitor Stand,Furniture,South,Vikram,1,1813.54
ORD-202602-00879,2026-02-23,CUST-2990,Monitor Stand,Furniture,North,Sneha,3,1945.64
ORD-202602-00880,2026-02-12,CUST-1934,Office Chair,Furniture,Central,Ananya,1,7010.39
ORD-202602-00881,2026-02-16,CUST-4678,Keyboard,Electronics,South,Priya,4,1415.95
ORD-202602-00882,2026-02-11,CUST-1785,USB Hub,Accessories,East,Amit,3,939.9
ORD-202602-00883,2026-02-03,CUST-1962,Wireless Mouse,electronics,North,Amit,3,736.35
ORD-202602-00884,2026-02-01,CUST-2846,Notebook,Office,West,Karan,6,191.1
ORD-202602-00885,2026-02-06,CUST-4890,Study Table,Furniture,North,Rahul,2,5522.85
ORD-202602-00886,2026-02-20,CUST-3448,Mouse Pad,Accessories,South,Amit,7,395.1
ORD-202602-00887,2026-02-04,CUST-3332,Wireless Mouse,Electronics,Central,Rahul,3,719.92
ORD-202602-00888,2026-02-15,CUST-4005,Webcam,Electronics,Central,Karan,2,2064.25
ORD-202602-00889,2026-02-05,CUST-4080,Headphones,Electronics,North,Neha,2,2700.94
ORD-202602-00890,2026-02-12,CUST-2636,USB Hub, Accessories,West,Sneha,5,975.19
ORD-202602-00891,2026-02-09,CUST-1433,Laptop Stand,Accessories,,Vikram,7,1477.58
ORD-202602-00892,2026-02-07,CUST-0777,Office Chair,Furniture,Central,Sneha,7,7465.66
ORD-202602-00893,2026-02-16,CUST-2837,Headphones,Electronics,South,Priya,2,2603.23
ORD-202602-00894,2026-02-28,CUST-3480,Webcam,Electronics,South,Vikram,7,1903.46
ORD-202602-00895,2026-02-21,CUST-1832,Webcam,Electronics,South,Neha,2,1738.39
ORD-202602-00896,2026-02-08,CUST-2394,Study Table,Furniture,East,Karan,4,5133.7
ORD-202602-00897,2026-02-27,CUST-2227,Webcam,Electronics,West,Priya,1,1799.58
ORD-202602-00898,2026-03-01,CUST-2945,Monitor Stand,Furniture,North,Priya,2,2157.29
ORD-202602-00899,2026-02-24,CUST-4094,Pen Set,Office,North,Priya,3,308.89
ORD-202602-00900,2026-02-07,CUST-2219,Webcam,Electronics,North,Sneha,7,2082.46
ORD-202602-00901,2026-02-06,CUST-2597,Notebook,Office,South,Sneha,2,201.64
ORD-202602-00902,2026-03-03,,Keyboard,Electronics,East,Amit,2,1191.11
ORD-202602-00903,2026-02-28,CUST-1510,Study Table,Furniture,South,Neha,2,5474.54
ORD-202602-00904,2026-02-14,CUST-3507,Monitor Stand,Furniture,Central,Vikram,2,1843.79
ORD-202602-00905,2026-02-15,,Webcam,Electronics,West,Sneha,4,2051.44
ORD-202602-00906,2026-02-17,CUST-2621,Headphones,Electronics,,Neha,2,2388.26
ORD-202602-00907,2026-02-28,CUST-1474,USB Hub,Accessories,Central,Karan,3,844.57
ORD-202602-00908,2026-02-10,CUST-4339,Office Chair,Furniture,West,Karan,4,7015.28
ORD-202602-00909,2026-02-22,CUST-4024,Pen Set,Office,Central,Vikram,6,317.36
ORD-202602-00910,2026-03-02,CUST-3718,Wireless Mouse,Electronics,West,Ananya,1,800.65
ORD-202602-00911,2026-02-10,CUST-4078,Wireless Mouse,Electronics,West,Amit,3,725.21
ORD-202602-00912,2026-02-09,CUST-2382,Webcam,Electronics,East,Rahul,4,1991.27
ORD-202602-00913,2026-02-05,CUST-3140,Desk Organizer,Office,West,Karan,7,543.18
ORD-202602-00914,2026-02-23,CUST-1072,Webcam,Electronics,West,Priya,7,1938.64
ORD-202602-00915,2026-02-09,CUST-3915,Study Table,Furniture,Central,Vikram,7,5627.6
ORD-202602-00916,2026-02-01,CUST-0088,Webcam,Electronics,East,Karan,4,1788.3
ORD-202602-00917,2026-02-16,CUST-2543,Study Table,Furniture,West,Vikram,1,5440.24
ORD-202602-00918,2026-02-18,CUST-1027,Study Table,Furniture,Central ,Sneha,7,4955.91
ORD-202602-00919,2026-02-01,CUST-2979,Desk Organizer,Office, West,Karan,5,573.08
ORD-202602-00920,2026-02-23,CUST-1407,Headphones,Electronics,West,Amit,7,2558.65
ORD-202602-00921,2026-02-18,CUST-4822,Wireless Mouse,Electronics,North ,Vikram,7,764.51
ORD-202602-00922,2026-02-15,CUST-0591,Headphones,Electronics,Central,Ananya,6,2272.91
ORD-202602-00923,2026-02-11,CUST-4113,Pen Set,Office,Central,Ananya,3,309.42
ORD-202602-00924,2026-02-20,CUST-3346,Pen Set,Office,South,Vikram,5,313.5
ORD-202602-00925,2026-02-24,CUST-4980,Monitor Stand,Furniture,Central,Neha,5,2144.12
ORD-202602-00926,2026-02-24,CUST-1631,Monitor Stand,Furniture,Central,Rahul,7,2149.14
ORD-202602-00927,2026-02-13,CUST-3526,Laptop Stand,Accessories,South,,2,1497.9
ORD-202602-00928,2026-02-16,,USB Hub,Accessories,Central,Amit,4,882.34
ORD-202602-00929,2026-02-08,CUST-3385,Office Chair,Furniture, East,Karan,5,7119.19
ORD-202602-00930,2026-02-07,CUST-2185,Office Chair,Furniture,North,Ananya,2,7408.68
ORD-202602-00931,2026-02-27,,Laptop Stand,Accessories,North,Rahul,3,1491.6
ORD-202602-00932,2026-02-13,CUST-3922,Wireless Mouse,Electronics,,Priya,7,878.13
ORD-202602-00933,2026-02-09,CUST-2433,Keyboard,Electronics,East,Vikram,1,1334.73
ORD-202602-00934,2026-02-23,CUST-1699,Office Chair,Furniture,Central,Karan,4,6730.39
ORD-202602-00935,2026-02-22,CUST-3566,Laptop Stand,Accessories,East,Sneha,5,1587.05
ORD-202602-00936,2026-02-09,CUST-4512,Desk Organizer,Office,South,Rahul,7,557.16
ORD-202602-00937,2026-02-06,CUST-1797,Office Chair,Furniture,South,Neha,2,7609.01
ORD-202602-00938,2026-02-20,CUST-4264,Study Table,Furniture,East,Vikram,3,5323.42
ORD-202602-00939,2026-03-01,CUST-2219,Mouse Pad,Accessories,South,Vikram,1,413.77
ORD-202602-00940,2026-02-05,CUST-4447,Pen Set,Office,West,Rahul,3,306.49
ORD-202602-00941,2026-02-08,CUST-3245,Headphones,Electronics,North,Karan,7,2297.02
ORD-202602-00942,2026-03-01,CUST-3339,Monitor Stand,Furniture,Central,Ananya,6,2087.6
ORD-202602-00943,2026-02-23,CUST-3442,Study Table,Furniture,South,Karan,3,5292.04
ORD-202602-00944,2026-02-19,CUST-4033,USB Hub,Accessories,North,Amit,5,877.64
ORD-202602-00945,2026-02-11,CUST-4307,Laptop Stand,Accessories,Central,Ananya,7,1378.04
ORD-202602-00946,2026-02-15,CUST-1945,Desk Organizer,Office,South,Rahul,4,636.15
ORD-202602-00947,2026-02-06,CUST-3730,USB Hub,Accessories,West,Karan,3,963.78
ORD-202602-00948,,CUST-3467,Desk Organizer,Office,South,Vikram,7,555.19
ORD-202602-00949,2026-02-16,CUST-2959,Keyboard,electronics,Central,Vikram,6,1380.22
ORD-202602-00950,2026-02-25,CUST-1120,Webcam,Electronics,North,Vikram,4,2050.16
ORD-202602-00951,2026-02-28,CUST-2328,Office Chair,Furniture,East,Priya,1,6435.29
ORD-202602-00952,2026-02-04,CUST-1024,Study Table,Furniture,North,Vikram,1,6046.07
ORD-202602-00953,2026-02-27,CUST-0684,Wireless Mouse,Electronics,East,Sneha,1,719.83
ORD-202602-00954,2026-02-10,CUST-4719,Office Chair,Furniture,West,Amit,5,7478.3
ORD-202602-00955,2026-02-11,CUST-3620,Wireless Mouse,Electronics,East,Priya,2,808.31
ORD-202602-00956,2026-02-15,CUST-2745,Study Table,Furniture,Central,Amit,1,6001.92
ORD-202602-00957,2026-02-10,CUST-2210,Webcam,Electronics,West,Neha,5,1837.51
ORD-202602-00958,2026-02-11,CUST-0359,Laptop Stand,Accessories,Central,Priya,4,1457.28
ORD-202602-00959,2026-02-22,CUST-1756,Desk Organizer,Office,Central,Vikram,4,639.78
ORD-202602-00960,2026-02-10,CUST-0987,Office Chair,Furniture,Central,Amit,2,7293.92
ORD-202602-00961,2026-02-19,CUST-2692,USB Hub,Accessories,East,Amit,2,917.07
ORD-202602-00962,2026-02-11,CUST-2307,Laptop Stand,Accessories,Central,Priya,2,1542.29
ORD-202602-00963,2026-02-11,CUST-4817,Monitor Stand,Furniture,West,Ananya,5,2072.02
ORD-202602-00964,2026-02-05,CUST-4230,Monitor Stand,Furniture,North,Amit,7,1818.23
ORD-202602-00965,2026-02-27,CUST-3005,Mouse Pad,Accessories,North,Vikram,7,368.5
ORD-202602-00966,2026-02-04,CUST-4480,Wireless Mouse,Electronics,South,Vikram,1,748.06
ORD-202602-00967,2026-02-18,CUST-1648,Monitor Stand,Furniture,,Rahul,5,1869.78
ORD-202602-00968,2026-02-09,,Pen Set, Office,North,Amit,6,319.51
ORD-202602-00969,2026-03-03,CUST-2803,Notebook,Office,East,Ananya,1,194.8
ORD-202602-00970,2026-02-03,CUST-0311,Keyboard,Electronics,West,Neha,5,1296.25
ORD-202602-00971,2026-02-14,CUST-4715,Monitor Stand,Furniture,West,Vikram,4,1834.84
ORD-202602-00972,2026-02-16,CUST-0609,Desk Organizer,Office,,Karan,2,643.4
ORD-202602-00973,2026-03-03,CUST-4282,Headphones,Electronics,South,Amit,6,2254.23
ORD-202602-00974,2026-02-05,CUST-3357,Laptop Stand,Accessories,North,Karan,7,1374.07
ORD-202602-00975,2026-02-26,CUST-1234,Laptop Stand,Accessories,Central,Amit,5,1592.57
ORD-202602-00976,2026-02-03,CUST-2665,Study Table,Furniture,East,Vikram,2,5092.73
ORD-202602-00977,2026-02-09,,Mouse Pad,Accessories,,Amit,4,422.41
ORD-202602-00978,2026-02-26,CUST-3690,Study Table,Furniture,East,Amit,4,5334.49
ORD-202602-00979,2026-02-12,CUST-2135,Pen Set,Office,East,Neha,7,315.51
ORD-202602-00980,2026-02-19,CUST-2967,Laptop Stand,Accessories,North,Vikram,6,1364.2
ORD-202602-00981,2026-02-13,CUST-2079,USB Hub,Accessories,East,Rahul,5,870.46
ORD-202602-00982,2026-02-28,CUST-0480,Office Chair,Furniture,Central,Rahul,6,6972.79
ORD-202602-00983,2026-02-03,CUST-3555,Mouse Pad,Accessories,North,Priya,5,409.03
ORD-202602-00984,2026-03-03,CUST-1289,Pen Set,Office,South,Vikram,3,319.11
ORD-202602-00985,2026-02-08,CUST-1395,Keyboard,Electronics,Central,Neha,1,1232.61
ORD-202602-00986,2026-02-19,CUST-1658,USB Hub,Accessories,East,Sneha,6,927.57
ORD-202602-00987,2026-02-09,CUST-2833,Notebook,Office,North,Neha,4,185.14
ORD-202602-00988,2026-02-25,CUST-3539,Laptop Stand,Accessories,Central,Vikram,7,1587.49
ORD-202602-00989,2026-02-22,CUST-4074,Study Table,Furniture,North,Sneha,5,5975.46
ORD-202602-00990,2026-02-05,CUST-2985,Headphones,Electronics,South,Sneha,4,2272.73
ORD-202602-00991,2026-02-08,CUST-1990,Study Table,Furniture,East,Neha,5,5036.93
ORD-202602-00992,2026-02-22,CUST-4735,Wireless Mouse,Electronics,South,Priya,5,844.95
ORD-202602-00993,2026-02-16,CUST-2376,USB Hub,Accessories,East,Neha,7,967.37
ORD-202602-00994,2026-02-18,CUST-0728,Mouse Pad,Accessories,West,Rahul,3,410.83
ORD-202602-00995,2026-02-12,CUST-4009,Webcam,Electronics,East,Neha,3,1884.26
ORD-202602-00996,2026-02-21,CUST-4694,Notebook,Office,East ,Priya,3,209.71
ORD-202602-00997,2026-03-01,CUST-1454,Study Table,Furniture,West,Neha,1,5278.72
ORD-202602-00998,2026-02-04,CUST-1101,USB Hub,Accessories,West,Amit,4,987.42
ORD-202602-00999,2026-02-22,,Notebook,Office,West,Sneha,4,212.85
ORD-202602-01000,2026-03-02,CUST-1718,Monitor Stand,Furniture,East,Amit,2,2153.78
ORD-202602-01001,2026-02-07,CUST-0963,Monitor Stand,Furniture,East,Sneha,6,2140.88
ORD-202602-01002,2026-02-13,CUST-0173,Wireless Mouse,Electronics,South,Sneha,5,868.18
ORD-202602-01003,2026-02-18,CUST-0939,Desk Organizer,Office,East,Sneha,2,546.83
ORD-202602-01004,2026-02-25,CUST-1483,Study Table,Furniture,North,,2,5948.41
ORD-202602-01005,2026-02-22,CUST-0942,Monitor Stand,Furniture,North,Karan,5,1898.49
ORD-202602-01006,2026-03-03,CUST-0999,Office Chair,Furniture,Central,Sneha,1,6801.87
ORD-202602-01007,2026-02-18,CUST-4717,Keyboard,Electronics,Central,Karan,2,1265.37
ORD-202602-01008,2026-02-28,CUST-1087,Desk Organizer,Office,South,Karan,4,566.95
ORD-202602-01009,2026-02-17,CUST-4109,Office Chair,Furniture,East,Neha,7,6912.81
ORD-202602-01010,2026-02-10,CUST-2862,Mouse Pad,Accessories,Central,Ananya,1,399.44
ORD-202602-01011,2026-02-21,CUST-2181,Wireless Mouse,Electronics,East,Priya,4,742.86
ORD-202602-01012,2026-02-13,CUST-3904,Headphones,Electronics,North,Sneha,4,2428.79
ORD-202602-01013,2026-02-21,CUST-0085,Webcam,Electronics,East ,Neha,2,1841.33
ORD-202602-01014,,CUST-3725,Study Table,Furniture,Central,Rahul,4,5691.1
ORD-202602-01015,2026-02-03,CUST-2081,Keyboard,Electronics,South,Rahul,5,1319.99
ORD-202602-01016,2026-02-17,CUST-4146,Desk Organizer,Office,Central,Karan,1,624.89
ORD-202602-01017,2026-02-01,CUST-4812,Headphones,Electronics,West,Priya,7,2640.91
ORD-202602-01018,2026-02-13,CUST-3657,Office Chair,Furniture,North,Ananya,2,7232.78
ORD-202602-01019,2026-02-21,CUST-0573,Wireless Mouse,Electronics,,Rahul,3,757.65
ORD-202602-01020,2026-02-21,CUST-4883,Webcam,Electronics,West,Vikram,1,1899.81
ORD-202602-01021,2026-02-04,CUST-3800,Keyboard,Electronics,South,Vikram,5,1290.32
ORD-202602-01022,2026-03-01,CUST-0093,Notebook,Office,West,Vikram,5,182.05
ORD-202602-01023,2026-02-23,CUST-0952,Office Chair,Furniture,Central,Priya,1,7551.2
ORD-202602-01024,2026-02-10,CUST-4940,USB Hub,Accessories,West,Sneha,3,825.54
ORD-202602-01025,2026-02-14,CUST-4184,Mouse Pad,Accessories,Central,Sneha,6,437.02
ORD-202602-01026,2026-02-04,CUST-2050,Pen Set,Office ,Central,Sneha,5,271.0
ORD-202602-01027,2026-02-12,CUST-4783,USB Hub,Accessories,South,Neha,3,940.3
ORD-202602-01028,2026-02-21,CUST-2390,Desk Organizer,Office,North,Priya,5,573.55
ORD-202602-01029,2026-02-28,CUST-4337,Webcam,Electronics,Central,Vikram,6,2052.71
ORD-202602-01030,2026-02-19,CUST-2887,Headphones,Electronics,Central,,3,2660.95
ORD-202602-01031,2026-02-09,CUST-3301,Headphones,Electronics,South,Ananya,2,2261.6
ORD-202602-01032,2026-03-01,CUST-0043,Headphones,Electronics,East,Rahul,1,2260.07
ORD-202602-01033,2026-02-17,CUST-4851,Wireless Mouse,Electronics,East,Priya,7,815.49
ORD-202602-01034,2026-02-24,CUST-0909,Wireless Mouse,Electronics,,Karan,3,743.0
ORD-202602-01035,2026-02-22,CUST-1067,Wireless Mouse,Electronics,East,Ananya,6,721.36
ORD-202602-01036,2026-02-13,CUST-2230,Headphones,Electronics,East,Amit,3,2732.79
ORD-202602-01037,2026-02-01,CUST-3777,Pen Set,Office,Central,Karan,5,306.95
ORD-202602-01038,2026-02-20,CUST-3848,Webcam,Electronics,South,Ananya,3,1713.21
ORD-202602-01039,2026-02-28,CUST-3133,Notebook,Office,North,Rahul,5,198.62
ORD-202602-01040,2026-02-27,CUST-4351,Wireless Mouse,Electronics,East,Neha,7,744.27
ORD-202602-01041,2026-02-27,CUST-3468,Office Chair,Furniture,North,Neha,6,7426.19
ORD-202602-01042,2026-02-11,CUST-0739,Laptop Stand,Accessories,North,Sneha,2,1357.7
ORD-202602-01043,2026-03-01,CUST-3918,USB Hub,Accessories,West,Vikram,4,875.79
ORD-202602-01044,2026-02-01,CUST-1315,Pen Set,Office,Central,Karan,2,283.33
ORD-202602-01045,2026-02-10,CUST-2599,Monitor Stand,Furniture,North,Amit,2,2191.25
ORD-202602-01046,2026-02-20,CUST-3037,Office Chair,Furniture,South,Vikram,6,6408.44
ORD-202602-01047,2026-02-10,CUST-1961,USB Hub,Accessories,North,Amit,7,938.54
ORD-202602-01048,2026-02-01,CUST-1805,Laptop Stand,Accessories,East,Neha,7,1492.41
ORD-202602-01049,2026-02-06,CUST-1340,Laptop Stand,Accessories,,Vikram,6,1593.88
ORD-202602-01050,2026-03-02,CUST-1490,Keyboard,Electronics,Central,Karan,4,1224.76
ORD-202602-01051,2026-02-14,CUST-4931,Laptop Stand,Accessories,Central,Rahul,4,1605.52
ORD-202602-01052,2026-02-06,CUST-1917,Desk Organizer,Office, Central,Priya,4,652.95
ORD-202602-01053,2026-02-20,CUST-2365,Webcam,Electronics,East,Karan,6,1790.04
ORD-202602-01054,2026-02-12,CUST-3508,USB Hub,Accessories,West,Vikram,1,852.75
ORD-202602-01055,2026-02-13,CUST-1244,Wireless Mouse,Electronics,South,Ananya,6,873.09
ORD-202602-01056,2026-03-02,CUST-0994,Webcam,Electronics,North,Sneha,6,1873.98
ORD-202602-01057,2026-02-17,CUST-1051,Wireless Mouse,Electronics,Central,Amit,7,852.57
ORD-202602-01058,2026-02-03,CUST-0310,Mouse Pad,Accessories,Central,Vikram,5,426.33
ORD-202602-01059,2026-03-02,CUST-2257,Webcam,Electronics,North,Amit,4,1827.16
ORD-202602-01060,2026-02-01,CUST-0018,Monitor Stand,Furniture,North,Sneha,4,1870.58
ORD-202602-01061,2026-02-22,CUST-1894,Notebook,Office,Central,Neha,5,193.69
ORD-202602-01062,2026-02-04,CUST-2634,Laptop Stand,Accessories,East,Neha,3,1526.55
ORD-202602-01063,2026-02-09,CUST-1291,Mouse Pad,Accessories,West,Priya,6,398.77
ORD-202602-01064,2026-03-03,CUST-1251,Monitor Stand,Furniture,Central,Ananya,4,2093.67
ORD-202602-01065,2026-02-06,CUST-3004,Headphones,Electronics,,Vikram,2,2523.39
ORD-202602-01066,2026-03-03,CUST-2809,Webcam,Electronics,North,Sneha,6,2015.03
ORD-202602-01067,2026-02-10,CUST-3944,Notebook,Office,West,Amit,3,183.24
ORD-202602-01068,2026-02-12,CUST-4405,Keyboard,Electronics,North,Ananya,1,1283.18
ORD-202602-01069,2026-03-02,CUST-1242,Mouse Pad,Accessories,West,Sneha,4,360.38
ORD-202602-01070,2026-02-24,CUST-1469,Headphones,Electronics,East,Sneha,4,2309.48
ORD-202602-01071,2026-02-10,CUST-2623,Study Table,Furniture,East,Vikram,3,5313.69
ORD-202602-01072,2026-02-23,CUST-0918,Office Chair,Furniture,East,Karan,1,7561.04
ORD-202602-01073,2026-02-15,CUST-3641,Wireless Mouse,Electronics,Central,Amit,4,779.85
ORD-202602-01074,2026-02-04,CUST-0008,Mouse Pad,Accessories,South,Amit,6,380.92
ORD-202602-01075,2026-02-08,CUST-1838,Headphones,Electronics,Central,Ananya,6,2584.36
ORD-202602-01076,2026-02-08,CUST-4907,Notebook, Office,Central,Rahul,2,207.1
ORD-202602-01077,2026-02-15,CUST-3670,Notebook,Office,Central,Ananya,4,198.26
ORD-202602-01078,2026-02-28,CUST-2585,Monitor Stand,Furniture,Central,Ananya,7,1914.45
ORD-202602-01079,2026-02-18,CUST-0019,Headphones,Electronics,West,Ananya,3,2399.94
ORD-202602-01080,2026-02-06,CUST-4011,Mouse Pad,Accessories,Central,Sneha,4,-100.0
ORD-202602-01081,2026-02-19,CUST-2230,Monitor Stand,Furniture,West ,Priya,5,1944.06
ORD-202602-01082,2026-02-17,CUST-4291,Keyboard,Electronics,North,,4,1212.81
ORD-202602-01083,2026-02-13,CUST-3919,Webcam,Electronics,North,Karan,6,1953.28
ORD-202602-01084,2026-02-08,CUST-4977,Desk Organizer,Office,,Rahul,3,646.28
ORD-202602-01085,2026-02-23,CUST-0590,Keyboard,Electronics,East,Priya,4,1235.15
ORD-202602-01086,2026-02-18,CUST-4299,Headphones,Electronics,Central,Vikram,4,2370.16
ORD-202602-01087,2026-02-14,CUST-3559,Monitor Stand,Furniture,East,Sneha,6,2158.18
ORD-202602-01088,2026-02-07,CUST-1471,Notebook,Office,South,Ananya,3,201.71
ORD-202602-01089,2026-02-04,CUST-4223,Wireless Mouse,Electronics,Central,Amit,2,835.72
ORD-202602-01090,2026-02-07,CUST-2822,Study Table,Furniture,East,Neha,3,5926.97
ORD-202602-01091,2026-02-20,CUST-3300,Mouse Pad,Accessories,Central,Neha,2,412.16
ORD-202602-01092,2026-02-02,CUST-4814,Mouse Pad,Accessories,,Vikram,2,418.35
ORD-202602-01093,2026-02-03,CUST-2865,Monitor Stand,Furniture,North,Vikram,6,1953.8
ORD-202602-01094,2026-03-03,CUST-3167,Laptop Stand,Accessories,North,Sneha,3,1630.36
ORD-202602-01095,2026-02-09,CUST-4328,Laptop Stand,Accessories,Central,Karan,2,1560.13
ORD-202602-01096,2026-02-04,CUST-3846,Notebook,Office,North,Vikram,6,181.95
ORD-202602-01097,2026-03-02,CUST-3206,Webcam,Electronics,West,Priya,6,1935.16
ORD-202602-01098,2026-02-13,CUST-4534,Keyboard,Electronics,West,Priya,2,1193.69
ORD-202602-01099,2026-02-01,CUST-4553,Keyboard,Electronics,Central,Priya,3,1304.75
ORD-202602-01100,2026-02-13,CUST-3069,Webcam,Electronics,West,Vikram,6,1742.71
ORD-202602-01101,2026-02-01,CUST-0493,Keyboard,Electronics,North,Priya,2,1332.06
ORD-202602-01102,2026-02-10,CUST-3463,Mouse Pad,Accessories,North,Priya,7,395.52
ORD-202602-01103,2026-03-02,CUST-1664,Monitor Stand,Furniture,North,Priya,5,2020.22
ORD-202602-01104,2026-02-25,CUST-2942,Webcam,Electronics,East,Ananya,5,1955.57
ORD-202602-01105,2026-02-13,CUST-1886,Wireless Mouse,Electronics,East,Rahul,4,759.11
ORD-202602-01106,2026-02-11,CUST-1694,Wireless Mouse,Electronics,North,Sneha,1,770.16
ORD-202602-01107,2026-02-19,CUST-4874,Headphones,Electronics,North,Neha,6,2490.04
ORD-202602-01108,2026-02-20,CUST-1244,Notebook,Office,South,Ananya,4,201.64
ORD-202602-01109,2026-02-24,CUST-0803,Mouse Pad,Accessories,East,Vikram,2,432.81
ORD-202602-01110,2026-02-17,CUST-3168,USB Hub,Accessories,Central,Sneha,6,872.37
ORD-202602-01111,2026-02-03,CUST-3222,Desk Organizer,Office,Central,Priya,3,609.99
ORD-202602-01112,2026-02-27,CUST-4906,USB Hub,Accessories,East,Ananya,3,974.97
ORD-202602-01113,2026-02-11,CUST-0288,Pen Set,Office,South,Vikram,5,312.03
ORD-202602-01114,2026-02-26,,Monitor Stand,Furniture,West,Neha,2,1930.37
ORD-202602-01115,2026-02-26,CUST-4199,Headphones,Electronics,Central,,1,2456.37
ORD-202602-01116,2026-02-07,CUST-1050,Keyboard,Electronics,South,Vikram,3,1397.41
ORD-202602-01117,2026-02-16,,Headphones,Electronics,East,Ananya,5,2467.86
ORD-202602-01118,2026-02-24,CUST-4214,Headphones,Electronics,North,Vikram,3,2375.07
ORD-202602-01119,2026-02-12,CUST-0575,Office Chair,Furniture,North,Amit,5,7031.29
ORD-202602-01120,2026-02-25,CUST-0106,Study Table,Furniture,Central,Neha,1,5153.66
ORD-202602-01121,2026-02-17,CUST-3304,Notebook,Office,South,Sneha,2,202.27
ORD-202602-01122,2026-03-01,CUST-2948,Keyboard,Electronics,North,Amit,2,1426.69
ORD-202602-01123,2026-02-28,CUST-4316,Study Table,Furniture,South,Priya,1,6015.11
ORD-202602-01124,2026-03-02,CUST-4652,Study Table,Furniture,South,Ananya,5,5624.16
ORD-202602-01125,2026-02-07,CUST-0521,USB Hub,Accessories,South,Priya,2,968.45
ORD-202602-01126,2026-02-23,CUST-4797,Pen Set,Office,West,Amit,4,317.85
ORD-202602-01127,2026-02-24,CUST-4267,Notebook,Office,East,Karan,7,216.94
ORD-202602-01128,2026-02-14,CUST-3016,Mouse Pad,Accessories,East,Priya,2,428.77
ORD-202602-01129,2026-02-06,CUST-1806,Laptop Stand,Accessories,Central,Priya,2,1618.87
ORD-202602-01130,2026-02-10,CUST-3155,Webcam,Electronics,Central,Neha,7,1796.28
ORD-202602-01131,2026-02-16,CUST-2824,Webcam,Electronics,South,Karan,3,1769.12
ORD-202602-01132,2026-02-27,CUST-1950,Laptop Stand,Accessories,Central,Sneha,3,1362.28
ORD-202602-01133,2026-03-01,CUST-0392,Desk Organizer,Office,West,Rahul,6,618.08
ORD-202602-01134,2026-03-01,CUST-3619,Office Chair,Furniture,North,Rahul,1,7605.82
ORD-202602-01135,2026-03-02,CUST-1529,Keyboard,Electronics,South,Vikram,3,1427.3
ORD-202602-01136,2026-02-04,CUST-1229,Wireless Mouse,Electronics,South,Karan,2,855.3
ORD-202602-01137,2026-03-03,CUST-1876,Mouse Pad,Accessories,West,Amit,7,425.41
ORD-202602-01138,2026-02-18,CUST-0170,Desk Organizer,Office,West,Neha,3,601.26
ORD-202602-01139,2026-02-04,CUST-1959,Notebook,Office,West,Amit,4,197.09
ORD-202602-01140,2026-02-05,CUST-4177,Office Chair,Furniture,North,Priya,4,7195.42
ORD-202602-01141,2026-02-08,,Desk Organizer,Office,East,Ananya,4,541.82
ORD-202602-01142,2026-02-08,CUST-0302,Desk Organizer,Office,East,Amit,1,634.26
ORD-202602-01143,2026-02-04,CUST-1651,Notebook,Office,,Karan,2,205.27
ORD-202602-01144,2026-02-12,CUST-3324,Wireless Mouse,Electronics,South,Amit,6,746.27
ORD-202602-01145,2026-02-17,CUST-4656,Headphones,Electronics,North,Karan,4,2566.82
ORD-202602-01146,2026-02-10,CUST-2185,Desk Organizer, Office,Central,Neha,7,610.92
ORD-202602-01147,2026-02-21,CUST-4942,Laptop Stand,Accessories,East,Vikram,4,1585.34
ORD-202602-01148,2026-02-23,CUST-0217,Desk Organizer,Office,Central,Neha,3,639.43
ORD-202602-01149,2026-02-13,CUST-4552,Laptop Stand,Accessories,East,Rahul,3,1425.08
ORD-202602-01150,2026-02-03,CUST-0800,Wireless Mouse,Electronics,South,,6,849.25
ORD-202602-01151,2026-02-10,CUST-3647,Pen Set,Office,East,Rahul,2,279.99
ORD-202602-01152,2026-02-20,CUST-0504,Study Table,Furniture,North,Amit,5,5382.66
ORD-202602-01153,2026-02-13,CUST-4948,USB Hub,Accessories,East,Amit,7,897.68
ORD-202602-01154,2026-02-19,CUST-1073,Keyboard,Electronics,Central,Rahul,6,1378.22
ORD-202602-01155,2026-02-27,CUST-1841,USB Hub,Accessories,South,Priya,3,971.11
ORD-202602-01156,2026-02-25,CUST-3177,Monitor Stand,Furniture,North,Amit,2,1805.98
ORD-202602-01157,2026-02-20,CUST-0251,Laptop Stand,Accessories,North,Amit,5,1570.13
ORD-202602-01158,2026-02-03,CUST-2854,Wireless Mouse,Electronics,North,Karan,5,859.33
ORD-202602-01159,2026-02-24,CUST-1461,Desk Organizer,Office,South,Neha,6,653.43
ORD-202602-01160,2026-02-11,CUST-2165,Webcam,Electronics,South,,1,1810.84
ORD-202602-01161,2026-02-13,CUST-1665,Wireless Mouse,Electronics,West,Sneha,4,746.74
ORD-202602-01162,2026-02-22,CUST-4216,Pen Set,Office,south,Vikram,1,298.94
ORD-202602-01163,2026-02-26,CUST-2283,Laptop Stand,Accessories,South,Priya,7,1619.22
ORD-202602-01164,2026-02-23,CUST-3766,Keyboard,Electronics,North,Ananya,7,1251.1
ORD-202602-01165,2026-02-10,CUST-0208,Wireless Mouse,Electronics,East,Ananya,6,799.81
ORD-202602-01166,2026-02-14,CUST-3414,Headphones,Electronics,South,Rahul,3,2746.68
ORD-202602-01167,2026-02-12,CUST-1918,Keyboard,Electronics,West,Ananya,6,1287.58
ORD-202602-01168,2026-02-15,CUST-2995,Wireless Mouse,Electronics,North,Priya,4,819.49
ORD-202602-01169,2026-02-24,CUST-4234,Laptop Stand,Accessories,West,Sneha,5,1647.58
ORD-202602-01170,2026-03-02,CUST-3481,Office Chair,Furniture,Central,Vikram,2,6813.19
ORD-202602-01171,2026-02-13,CUST-1768,USB Hub,Accessories,West,Rahul,4,858.17
ORD-202602-01172,2026-02-11,CUST-1133,Wireless Mouse,Electronics,South,,7,764.28
ORD-202602-01173,2026-02-28,CUST-4437,Study Table,Furniture,West,Vikram,2,5627.69
ORD-202602-01174,2026-02-05,CUST-1300,Pen Set,Office,Central,Sneha,3,278.83
ORD-202602-01175,2026-02-13,CUST-0177,Monitor Stand,Furniture,East,Amit,3,1864.88
ORD-202602-01176,2026-03-02,CUST-1491,Notebook,Office,West,Rahul,2,189.45
ORD-202602-01177,2026-02-28,CUST-0054,Mouse Pad,Accessories,Central,Neha,3,402.27
ORD-202602-01178,2026-02-26,CUST-3706,Mouse Pad,Accessories,East,Rahul,5,426.47
ORD-202602-01179,2026-02-28,CUST-4449,Wireless Mouse,Electronics,North,Vikram,1,803.68
ORD-202602-01180,2026-02-08,CUST-2162,Laptop Stand,Accessories,Central,Rahul,2,1583.74
ORD-202602-01181,2026-02-02,CUST-3070,USB Hub,Accessories,South,Sneha,6,981.27
ORD-202602-01182,2026-02-27,CUST-4798,Webcam,Electronics,South,Priya,2,1990.15
ORD-202602-01183,2026-02-16,CUST-4626,Office Chair,Furniture,West,Priya,3,7198.88
ORD-202602-01184,,CUST-0202,Monitor Stand,Furniture,North,Sneha,5,1802.38
ORD-202602-01185,2026-02-15,CUST-0346,Mouse Pad,Accessories,South,Ananya,6,394.88
ORD-202602-01186,2026-02-26,CUST-1916,Office Chair,Furniture,East,Amit,7,6674.32
ORD-202602-01187,2026-02-16,CUST-1396,Headphones,Electronics,West,Karan,2,2505.21
ORD-202602-01188,2026-02-20,CUST-0774,Study Table,Furniture,North,Priya,6,5995.1
ORD-202602-01189,2026-02-16,CUST-0756,Desk Organizer,Office,Central,Ananya,6,577.49
ORD-202602-01190,2026-02-15,CUST-4082,Desk Organizer,Office,South,Amit,1,558.36
ORD-202602-01191,2026-03-02,CUST-0970,Notebook,Office,Central,Rahul,7,211.97
ORD-202602-01192,2026-03-01,CUST-2399,Office Chair,Furniture,Central,Karan,3,7685.72
ORD-202602-01193,2026-02-14,CUST-0225,Mouse Pad,Accessories,West,Amit,3,421.35
ORD-202602-01194,2026-02-26,CUST-3101,Monitor Stand,Furniture,Central,Neha,6,1854.43
ORD-202602-01195,2026-02-23,CUST-3707,Pen Set,Office,North,Neha,4,302.03
ORD-202602-01196,2026-02-05,CUST-2990,USB Hub,Accessories,East,Priya,2,881.95
ORD-202602-01197,2026-02-27,CUST-1425,Headphones,Electronics,North,Amit,3,2565.69
ORD-202602-01198,2026-02-22,CUST-0396,Study Table,Furniture,East,Neha,6,5684.44
ORD-202602-01199,2026-02-27,CUST-2002,Wireless Mouse,Electronics,East,Rahul,2,848.07
ORD-202602-01200,2026-02-25,CUST-3919,Wireless Mouse,Electronics,East,Amit,4,757.47
ORD-202602-01201,2026-03-01,CUST-0599,Wireless Mouse,Electronics,North,Ananya,6,873.26
ORD-202602-01202,2026-02-17,CUST-4110,Keyboard,Electronics,North,Amit,7,1224.88
ORD-202602-01203,2026-02-02,CUST-4567,Webcam,Electronics,Central,Neha,6,1756.23
ORD-202602-01204,2026-02-09,CUST-3038,Mouse Pad,Accessories,South,Sneha,3,425.24
ORD-202602-01205,2026-02-05,CUST-4221,Webcam,Electronics,East,Rahul,2,1885.04
ORD-202602-01206,2026-02-08,CUST-1405,USB Hub,Accessories,East,Ananya,7,897.24
ORD-202602-01207,2026-02-18,CUST-3107,USB Hub,Accessories,North,Neha,5,866.41
ORD-202602-01208,2026-03-03,CUST-3621,USB Hub,Accessories,South,Ananya,3,817.45
ORD-202602-01209,2026-02-24,CUST-3575,Wireless Mouse,Electronics,,Karan,7,750.04
ORD-202602-01210,2026-02-14,CUST-3504,Mouse Pad,Accessories,South,Neha,6,419.88
ORD-202602-01211,2026-02-16,CUST-0971,Webcam,Electronics,West,Ananya,4,1794.33
ORD-202602-01212,2026-02-17,CUST-4563,Mouse Pad,Accessories,West,Neha,2,438.31
ORD-202602-01213,2026-02-13,CUST-3410,Wireless Mouse,Electronics,Central,Rahul,1,844.74
ORD-202602-01214,2026-02-19,CUST-0587,Study Table,Furniture,East,Karan,4,5882.38
ORD-202602-01215,2026-03-02,CUST-3198,Desk Organizer,Office,Central,Neha,1,643.72
ORD-202602-01216,2026-02-04,CUST-4550,Laptop Stand,Accessories ,South,Amit,3,1564.63
ORD-202602-01217,2026-02-12,CUST-0120,Laptop Stand,Accessories,West,Rahul,5,1488.86
ORD-202602-01218,2026-02-03,CUST-4436,Laptop Stand,Accessories,Central,Ananya,1,1624.02
ORD-202602-01219,2026-02-27,CUST-1652,Monitor Stand,Furniture,Central,Ananya,7,1969.63
ORD-202602-01220,2026-02-07,CUST-1488,Desk Organizer,Office,West,Vikram,4,550.58
ORD-202602-01221,2026-02-21,CUST-2439,USB Hub,Accessories,East,Neha,7,916.34
ORD-202602-01222,2026-02-03,CUST-3581,Pen Set,Office,East,Rahul,2,275.41
ORD-202602-01223,2026-02-15,CUST-0516,Wireless Mouse,Electronics,East,Amit,4,823.83
ORD-202602-01224,2026-02-28,CUST-1319,Office Chair,Furniture,South,Priya,7,7695.44
ORD-202602-01225,2026-03-02,CUST-4038,Notebook,Office,South,Sneha,5,205.97
ORD-202602-01226,2026-02-05,CUST-1176,Laptop Stand,Accessories,West,Karan,6,1412.22
ORD-202602-01227,2026-02-21,CUST-1748,Desk Organizer,Office,West,Amit,5,555.62
ORD-202602-01228,2026-02-08,CUST-3208,Wireless Mouse,Electronics,West,Sneha,6,776.05
ORD-202602-01229,2026-02-23,CUST-1254,Mouse Pad,Accessories,West,Karan,3,370.73
ORD-202602-01230,2026-02-17,CUST-0251,Monitor Stand,Furniture,East,Amit,4,2026.86
ORD-202602-01231,2026-02-25,CUST-2638,Desk Organizer,Office,East,Neha,1,632.92
ORD-202602-01232,2026-02-28,CUST-0483,Wireless Mouse,Electronics,West,Priya,2,824.27
ORD-202602-01233,2026-02-11,CUST-1932,Notebook,Office,South,Ananya,1,203.66
ORD-202602-01234,2026-02-02,CUST-3301,Pen Set, Office,North,Ananya,3,295.15
ORD-202602-01235,2026-02-10,CUST-3698,Mouse Pad,Accessories,West,Priya,6,372.88
ORD-202602-01236,2026-02-07,CUST-4760,Laptop Stand,Accessories,South,Karan,2,1540.31
ORD-202602-01237,2026-02-04,CUST-4359,Pen Set,Office,West,Rahul,4,294.18
ORD-202602-01238,2026-02-23,CUST-0171,USB Hub,Accessories,Central,Neha,4,864.02
ORD-202602-01239,2026-02-28,CUST-2433,Monitor Stand,Furniture,South,Amit,2,2062.68
ORD-202602-01240,2026-02-17,CUST-0115,Office Chair, Furniture,North,Sneha,6,6828.97
ORD-202602-01241,2026-02-17,CUST-4007,Study Table,Furniture,North,Priya,6,5134.23
ORD-202602-01242,2026-02-19,CUST-0374,USB Hub,Accessories,East,Karan,2,896.04
ORD-202602-01243,2026-02-28,CUST-3887,Pen Set,Office,Central,Karan,1,286.39
ORD-202602-01244,2026-02-01,CUST-0009,Keyboard,Electronics,Central,Priya,1,1359.66
ORD-202602-01245,2026-02-17,CUST-0555,Desk Organizer,Office,Central,Amit,3,544.74
ORD-202602-01246,2026-02-27,CUST-4642,Desk Organizer,Office,North,Priya,1,641.27
ORD-202602-01247,2026-02-06,CUST-0931,Office Chair,Furniture,North,Karan,1,6944.89
ORD-202602-01248,2026-02-18,CUST-2371,Wireless Mouse,Electronics,Central,Amit,4,721.65
ORD-202602-01249,2026-02-01,CUST-2602,USB Hub,Accessories,West,Vikram,4,833.08
ORD-202602-01250,2026-02-26,CUST-3461,Webcam,Electronics,Central,Sneha,1,2068.18
ORD-202602-01251,2026-02-21,CUST-4676,Study Table,Furniture,Central,Rahul,5,5539.7
ORD-202602-01252,2026-03-02,CUST-2082,Mouse Pad,Accessories,West,Vikram,3,420.43
ORD-202602-01253,2026-02-10,CUST-3018,Notebook,Office,East,Amit,2,214.23
ORD-202602-01254,2026-02-23,CUST-4987,USB Hub,Accessories,West,Sneha,1,866.69
ORD-202602-01255,2026-02-24,CUST-0542,Keyboard,Electronics,West,Vikram,6,1311.19
ORD-202602-01256,2026-02-01,CUST-2400,Pen Set,Office,Central,Ananya,1,307.99
ORD-202602-01257,2026-02-24,CUST-1518,Notebook,Office,Central,Rahul,2,212.6
ORD-202602-01258,2026-02-23,CUST-4697,Laptop Stand,Accessories,North,Ananya,5,1475.04
ORD-202602-01259,2026-02-20,CUST-3075,Pen Set,Office,,Ananya,5,326.01
ORD-202602-01260,2026-02-18,CUST-3249,USB Hub,Accessories,West,Priya,7,918.26
ORD-202602-01261,2026-02-25,CUST-0937,Pen Set,Office,West,Vikram,1,321.36
ORD-202602-01262,2026-02-04,CUST-4739,Laptop Stand,Accessories,South,Amit,2,1374.09
ORD-202602-01263,2026-02-13,CUST-0337,Office Chair,Furniture,East,Ananya,5,6947.69
ORD-202602-01264,2026-02-09,CUST-2476,Study Table,Furniture,Central,Sneha,2,5146.15
ORD-202602-01265,2026-02-27,CUST-3498,Mouse Pad,Accessories,North,Karan,3,431.87
ORD-202602-01266,2026-02-06,CUST-4395,Wireless Mouse,Electronics,East,Neha,3,756.65
ORD-202602-01267,,CUST-1367,Pen Set,Office,Central,Sneha,6,311.74
ORD-202602-01268,2026-03-01,CUST-1670,Monitor Stand,Furniture,West,Sneha,6,1824.24
ORD-202602-01269,2026-02-13,CUST-0190,Desk Organizer,Office,North,Neha,6,563.16
ORD-202602-01270,2026-02-25,CUST-3306,Laptop Stand,Accessories,North,Rahul,4,1444.99
ORD-202602-01271,2026-02-08,CUST-0985,Notebook,Office,,Priya,4,210.22
ORD-202602-01272,2026-02-22,CUST-3086,Laptop Stand,Accessories,South,Vikram,4,1424.4
ORD-202602-01273,2026-03-01,CUST-0425,Office Chair,Furniture,Central,Neha,1,7442.57
ORD-202602-01274,2026-02-24,CUST-2435,Desk Organizer,Office,Central,Vikram,4,633.58
ORD-202602-01275,2026-02-10,CUST-2393,Pen Set,Office,Central,Sneha,2,328.43
ORD-202602-01276,2026-02-19,CUST-2508,USB Hub,Accessories,South,Amit,7,930.85
ORD-202602-01277,2026-02-26,CUST-1544,Headphones,Electronics,South,Rahul,2,2567.69
ORD-202602-01278,2026-02-27,CUST-0851,Pen Set,Office,East,Vikram,1,305.07
ORD-202602-01279,2026-02-10,CUST-3880,Laptop Stand,Accessories,North,Ananya,7,1381.96
ORD-202602-01280,2026-02-08,CUST-4531,Study Table,Furniture,West,Sneha,2,5513.54
ORD-202602-01281,2026-02-14,CUST-1385,Wireless Mouse,Electronics,Central,Karan,4,855.17
ORD-202602-01282,2026-02-08,CUST-2272,Study Table,Furniture,North,Neha,3,4972.04
ORD-202602-01283,2026-02-23,CUST-0545,Office Chair,Furniture,North,Vikram,2,6476.39
ORD-202602-01284,2026-02-19,CUST-0758,Mouse Pad,Accessories,South,Neha,4,407.02
ORD-202602-01285,2026-02-15,CUST-1763,Monitor Stand,Furniture,Central,Amit,6,2137.74
ORD-202602-01286,2026-02-26,CUST-3522,Desk Organizer,Office,South,Ananya,1,575.92
ORD-202602-01287,2026-02-07,CUST-3365,Wireless Mouse,Electronics,West,Karan,5,858.36
ORD-202602-01288,2026-02-26,CUST-3636,USB Hub,Accessories,Central,Karan,7,869.79
ORD-202602-01289,2026-02-18,CUST-0445,Office Chair,Furniture,East,Rahul,3,6950.65
ORD-202602-01290,2026-03-03,CUST-0226,Office Chair,Furniture,North,Karan,5,7633.15
ORD-202602-01291,2026-02-19,CUST-1376,Headphones,Electronics,Central,Priya,7,2457.81
ORD-202602-01292,2026-02-24,CUST-1665,Headphones,Electronics,South,Neha,7,2548.72
ORD-202602-01293,2026-02-06,CUST-2571,Monitor Stand,Furniture,East,Rahul,5,2173.1
ORD-202602-01294,2026-02-08,CUST-2922,Wireless Mouse,Electronics,Central,Neha,7,761.35
ORD-202602-01295,2026-02-18,CUST-0941,Monitor Stand,Furniture,Central,,6,1835.86
ORD-202602-01296,2026-02-08,CUST-4108,Notebook,Office,Central,Neha,4,217.23
ORD-202602-01297,2026-02-02,CUST-3734,Office Chair,Furniture,South,Karan,1,7082.75
ORD-202602-01298,2026-02-14,CUST-1554,Headphones,Electronics,West,Sneha,6,2731.83
ORD-202602-01299,2026-02-09,CUST-3230,Laptop Stand,Accessories,South,Priya,3,1608.95
ORD-202602-01300,2026-02-21,CUST-1499,Desk Organizer,Office,East,Sneha,6,610.34
ORD-202602-01301,2026-02-18,CUST-0303,Headphones,Electronics,South,Amit,5,2484.68
ORD-202602-01302,2026-02-16,CUST-3683,Keyboard,Electronics,Central,Vikram,3,1293.87
ORD-202602-01303,2026-02-26,CUST-0431,Notebook,Office,West,Neha,6,185.71
ORD-202602-01304,2026-02-03,CUST-1097,Wireless Mouse,Electronics,Central,Rahul,5,791.58
ORD-202602-01305,2026-02-25,CUST-1515,Monitor Stand,furniture,South,Ananya,6,2127.63
ORD-202602-01306,2026-02-15,CUST-4480,Pen Set,Office,Central,Sneha,7,328.23
ORD-202602-01307,2026-02-22,CUST-2931,Desk Organizer,Office,South,Amit,2,654.15
ORD-202602-01308,2026-02-26,CUST-3953,Mouse Pad,Accessories,West,Priya,6,435.88
ORD-202602-01309,2026-02-10,CUST-4541,Pen Set,Office,North,Vikram,1,270.24
ORD-202602-01310,2026-02-08,CUST-4466,Monitor Stand,Furniture,West,Amit,5,2005.31
ORD-202602-01311,2026-02-24,CUST-3046,Wireless Mouse,Electronics,West,Rahul,2,751.08
ORD-202602-01312,2026-02-20,CUST-1769,Webcam,Electronics,West,Neha,2,1942.78
ORD-202602-01313,2026-02-06,CUST-2019,Desk Organizer,Office,South,Neha,2,652.41
ORD-202602-01314,2026-02-09,CUST-0829,Keyboard,Electronics,,Ananya,6,1396.85
ORD-202602-01315,2026-02-27,CUST-2944,Webcam,Electronics,North,Neha,3,2038.23
ORD-202602-01316,2026-02-18,CUST-2926,Wireless Mouse,Electronics,West ,Amit,3,777.54
ORD-202602-01317,2026-03-01,CUST-4862,Wireless Mouse,Electronics,East,Ananya,3,799.19
ORD-202602-01318,2026-02-22,CUST-0950,USB Hub,Accessories,North,Rahul,5,859.79
ORD-202602-01319,2026-02-07,CUST-3785,Pen Set,Office,Central,Amit,7,302.22
ORD-202602-01320,2026-02-07,CUST-1331,Keyboard,Electronics,West,Karan,5,1247.92
ORD-202602-01321,2026-03-02,,Monitor Stand,Furniture,North,,1,2122.43
ORD-202602-01322,2026-02-23,CUST-2003,Office Chair,Furniture,south,Ananya,4,6949.19
ORD-202602-01323,2026-02-19,,Pen Set,Office,West,Ananya,1,310.98
ORD-202602-01324,2026-02-21,CUST-2314,Wireless Mouse,Electronics,North,Amit,2,858.55
ORD-202602-01325,2026-02-13,CUST-0930,Mouse Pad,Accessories,East,Karan,2,383.02
ORD-202602-01326,2026-02-10,CUST-1613,Study Table,Furniture,North,Priya,5,5633.28
ORD-202602-01327,2026-02-26,CUST-3474,Webcam,Electronics,North,Ananya,7,2030.34
ORD-202602-01328,2026-02-28,CUST-1424,Notebook,Office,South,Ananya,2,216.94
ORD-202602-01329,2026-03-01,CUST-1158,Notebook,Office,West,Amit,7,185.59
ORD-202602-01330,2026-02-25,CUST-1234,Desk Organizer,Office,East,Amit,2,620.73
ORD-202602-01331,2026-02-28,CUST-0410,Study Table,Furniture,South,Karan,3,5427.75
ORD-202602-01332,2026-02-17,CUST-3451,Keyboard,Electronics,South,Amit,1,1243.28
ORD-202602-01333,2026-02-10,CUST-1603,Wireless Mouse,Electronics,Central,Priya,1,744.31
ORD-202602-01334,2026-02-03,CUST-1530,Keyboard,Electronics,West,Sneha,5,1321.18
ORD-202602-01335,2026-02-10,CUST-1643,Webcam,Electronics,Central,Amit,3,1835.99
ORD-202602-01336,2026-02-14,CUST-3472,Laptop Stand,Accessories,Central,Vikram,1,1549.35
ORD-202602-01337,2026-02-03,CUST-4371,Study Table,Furniture,West,Rahul,4,5258.14
ORD-202602-01338,2026-02-11,CUST-3715,Mouse Pad,Accessories,North,Neha,3,359.15
ORD-202602-01339,2026-03-01,CUST-2839,Desk Organizer,Office,Central,Priya,3,631.01
ORD-202602-01340,2026-02-09,CUST-3572,Notebook,Office,North,Vikram,7,185.52
ORD-202602-01341,2026-02-13,CUST-1135,Monitor Stand,Furniture,West,Rahul,3,1900.05
ORD-202602-01342,2026-02-20,CUST-4573,Laptop Stand,Accessories,South,Ananya,4,1419.66
ORD-202602-01343,2026-02-28,CUST-3063,Pen Set,Office,West,Karan,5,289.57
ORD-202602-01344,2026-03-01,CUST-4773,Webcam,Electronics,Central,Neha,7,1893.43
ORD-202602-01345,,,Webcam,Electronics,West,Amit,6,2017.67
ORD-202602-01346,2026-02-05,CUST-0735,Monitor Stand,Furniture,South,Ananya,4,2059.06
ORD-202602-01347,2026-02-04,CUST-3574,Wireless Mouse,Electronics,West,Neha,3,742.43
ORD-202602-01348,2026-02-23,CUST-1603,Webcam,Electronics,North,Ananya,2,1778.86
ORD-202602-01349,2026-02-28,CUST-1040,USB Hub,Accessories,Central,Karan,1,961.4
ORD-202602-01350,2026-02-20,CUST-3939,Keyboard,Electronics,North,Priya,6,1234.01
ORD-202602-01351,2026-03-01,CUST-2665,Office Chair,Furniture,Central,Amit,6,6605.21
ORD-202602-01352,2026-02-21,CUST-3910,Laptop Stand,Accessories,North,Neha,3,1350.17
ORD-202602-01353,2026-02-11,CUST-1219,USB Hub,Accessories,South,Sneha,7,948.28
ORD-202602-01354,2026-02-27,CUST-0355,Webcam,Electronics,West,Rahul,7,1989.56
ORD-202602-01355,2026-02-24,CUST-2049,Study Table,Furniture, Central,Neha,5,5331.41
ORD-202602-01356,2026-02-12,CUST-4811,USB Hub,Accessories,West,Karan,2,810.42
ORD-202602-01357,2026-02-19,CUST-2929,Office Chair,Furniture,South,,4,7398.75
ORD-202602-01358,2026-02-18,CUST-4282,Pen Set,Office,South,Karan,6,275.04
ORD-202602-01359,2026-02-04,CUST-4216,Monitor Stand,Furniture,West,Sneha,4,1983.2
ORD-202602-01360,2026-02-09,CUST-4497,Notebook,Office,East,Karan,4,212.54
ORD-202602-01361,2026-02-08,CUST-2295,Monitor Stand,Furniture,South,Priya,4,1896.76
ORD-202602-01362,2026-02-09,CUST-1022,Desk Organizer,Office,West,Neha,6,584.58
ORD-202602-01363,2026-02-17,CUST-4499,Wireless Mouse,Electronics,East,Karan,3,824.7
ORD-202602-01364,2026-02-16,CUST-2505,Headphones,Electronics,Central,Vikram,2,2585.55
ORD-202602-01365,2026-02-27,CUST-1601,Office Chair,Furniture,North,Priya,4,6946.8
ORD-202602-01366,2026-02-01,CUST-2203,Wireless Mouse,Electronics,West,Ananya,5,788.41
ORD-202602-01367,2026-02-26,CUST-3913,Headphones,Electronics,West,Priya,7,2458.77
ORD-202602-01368,2026-02-08,CUST-1802,Office Chair,Furniture,Central,Rahul,1,6979.45
ORD-202602-01369,2026-02-11,CUST-4158,Laptop Stand,Accessories,West,Sneha,7,1453.02
ORD-202602-01370,2026-02-05,CUST-1137,Headphones,Electronics,Central,Sneha,6,2377.26
ORD-202602-01371,2026-02-01,CUST-1589,Headphones,Electronics,,Amit,5,2407.06
ORD-202602-01372,2026-02-04,CUST-0699,Laptop Stand,Accessories,South,Neha,2,1492.33
ORD-202602-01373,2026-02-07,CUST-4357,Office Chair,Furniture,Central,Rahul,2,6834.02
ORD-202602-01374,2026-02-12,CUST-4353,USB Hub,Accessories,North,Vikram,3,914.38
ORD-202602-01375,2026-02-10,CUST-1036,Monitor Stand,Furniture,Central,Karan,2,2051.43
ORD-202602-01376,2026-02-04,CUST-2653,Desk Organizer,Office,West,Karan,5,658.44
ORD-202602-01377,2026-02-11,CUST-3958,Webcam,Electronics,East,Priya,6,1942.74
ORD-202602-01378,2026-02-05,CUST-3005,Headphones,Electronics,North,Ananya,4,2616.27
ORD-202602-01379,2026-02-22,CUST-3227,Monitor Stand,Furniture,West,Amit,5,1838.29
ORD-202602-01380,2026-02-21,CUST-1309,Study Table,Furniture,East,Vikram,6,5785.44
ORD-202602-01381,2026-02-02,CUST-0147,Keyboard,Electronics,North,Vikram,7,1301.31
ORD-202602-01382,2026-02-21,CUST-4676,Laptop Stand,Accessories,West,Neha,5,1608.89
ORD-202602-01383,2026-03-01,CUST-4566,Desk Organizer,Office ,Central,Sneha,2,655.41
ORD-202602-01384,2026-03-02,CUST-4682,Monitor Stand,Furniture,East,Ananya,1,1891.2
ORD-202602-01385,2026-02-02,CUST-0216,Study Table,Furniture,North,Sneha,7,5970.46
ORD-202602-01386,2026-03-01,CUST-3358,Webcam,Electronics,South,Neha,6,1964.19
ORD-202602-01387,2026-02-13,CUST-1255,Study Table,Furniture,East,Neha,6,5761.98
ORD-202602-01388,2026-02-28,CUST-1603,Desk Organizer,Office,East,Vikram,3,595.69
ORD-202602-01389,2026-02-07,CUST-2064,Mouse Pad,Accessories,East,Priya,2,387.41
ORD-202602-01390,2026-02-22,CUST-1165,Laptop Stand,Accessories,South,Karan,5,1588.95
ORD-202602-01391,2026-02-25,CUST-2975,Office Chair,Furniture,West,Rahul,5,6329.86
ORD-202602-01392,2026-02-09,CUST-2977,Office Chair,Furniture,North,Amit,2,7055.83
ORD-202602-01393,2026-02-23,CUST-4641,Study Table,Furniture,Central,Neha,4,5030.3
ORD-202602-01394,2026-02-06,CUST-4165,Mouse Pad,Accessories,East,Ananya,3,379.42
ORD-202602-01395,2026-02-22,CUST-3512,Webcam,Electronics,Central,Vikram,2,1984.53
ORD-202602-01396,2026-03-02,CUST-4835,Study Table,Furniture,North,Amit,6,5779.16
ORD-202602-01397,2026-02-10,CUST-2142,Webcam,Electronics,West,Amit,4,2046.76
ORD-202602-01398,2026-03-02,CUST-0341,Desk Organizer,Office,Central,Ananya,7,-100.0
ORD-202602-01399,2026-02-21,CUST-4396,Mouse Pad,Accessories,Central,Sneha,1,412.94
ORD-202602-01400,2026-02-16,CUST-1671,Notebook,Office,East,Priya,7,216.72
ORD-202602-01401,2026-02-11,CUST-2232,Headphones,Electronics,South,Sneha,5,2517.7
ORD-202602-01402,2026-02-18,CUST-1956,Webcam,Electronics,Central,Neha,5,1957.44
ORD-202602-01403,,CUST-4556,Pen Set,Office,West,Priya,3,321.01
ORD-202602-01404,2026-02-01,CUST-1846,Webcam,Electronics,Central,Rahul,1,1999.15
ORD-202602-01405,2026-02-27,CUST-3420,Pen Set,Office,South,Sneha,2,315.14
ORD-202602-01406,2026-02-05,CUST-3339,Monitor Stand,Furniture,East,Rahul,4,2013.69
ORD-202602-01407,2026-02-28,CUST-2780,Keyboard,Electronics,South,Karan,3,1306.23
ORD-202602-01408,2026-02-17,CUST-2737,Monitor Stand,Furniture,East,Ananya,2,2058.45
ORD-202602-01409,2026-02-28,CUST-0362,Headphones,Electronics,Central,Karan,1,2599.23
ORD-202602-01410,2026-02-06,CUST-4457,Keyboard,Electronics,,Neha,5,1310.98
ORD-202602-01411,2026-02-02,CUST-1668,Office Chair,Furniture,East,Amit,5,6558.72
ORD-202602-01412,2026-02-15,CUST-1113,Headphones,Electronics,North,Neha,2,2373.26
ORD-202602-01413,2026-02-25,CUST-1098,Pen Set,Office,East,Sneha,6,298.59
ORD-202602-01414,2026-02-25,CUST-1997,Keyboard,Electronics,East,Sneha,7,1222.12
ORD-202602-01415,2026-02-24,CUST-3120,Keyboard,Electronics,West,Neha,7,1279.12
ORD-202602-01416,2026-02-25,CUST-2706,Headphones,Electronics,,Amit,2,2322.64
ORD-202602-01417,2026-02-25,CUST-4176,Mouse Pad,Accessories,East,Priya,3,370.77
ORD-202602-01418,2026-02-27,CUST-4084,Webcam,Electronics,West,,1,2029.35
ORD-202602-01419,2026-02-06,CUST-1678,Headphones,Electronics,East,Sneha,1,2520.12
ORD-202602-01420,2026-02-08,CUST-4117,Office Chair,Furniture,Central,Vikram,6,7391.55
ORD-202602-01421,2026-02-01,CUST-3410,Headphones,Electronics,South,Neha,7,2254.87
ORD-202602-01422,2026-02-14,CUST-4297,Keyboard,Electronics,,Karan,2,1243.31
ORD-202602-01423,2026-02-09,CUST-0002,Keyboard,Electronics,East,Priya,4,1173.69
ORD-202602-01424,2026-02-20,CUST-2596,Study Table,Furniture,East,Rahul,1,4952.82
ORD-202602-01425,2026-02-18,CUST-3128,Mouse Pad,Accessories, East,Ananya,6,361.65
ORD-202602-01426,2026-02-19,CUST-1208,Monitor Stand,Furniture,East,Neha,4,2007.61
ORD-202602-01427,2026-02-21,CUST-3278,Office Chair,Furniture,East,Vikram,3,6426.23
ORD-202602-01428,2026-03-03,CUST-3632,Webcam,Electronics,East,Karan,7,2012.32
ORD-202602-01429,2026-02-04,CUST-0695,Office Chair,Furniture,Central,Ananya,1,7021.66
ORD-202602-01430,2026-02-09,CUST-4774,USB Hub,Accessories,West,Vikram,2,853.21
ORD-202602-01431,2026-02-13,CUST-4729,Notebook,Office,East,Amit,6,212.48
ORD-202602-01432,2026-02-03,CUST-1427,Mouse Pad,Accessories ,Central,Karan,3,399.77
ORD-202602-01433,2026-02-26,CUST-0999,Desk Organizer,Office,South,Amit,5,581.13
ORD-202602-01434,2026-02-13,CUST-0992,Headphones,Electronics,South,Amit,2,2532.96
ORD-202602-01435,2026-02-06,CUST-0183,Wireless Mouse,Electronics,North,Priya,5,826.58
ORD-202602-01436,2026-02-17,CUST-0113,Desk Organizer,Office, South,Rahul,4,606.04
ORD-202602-01437,2026-02-06,CUST-1562,Monitor Stand,Furniture,North ,Karan,1,2172.03
ORD-202602-01438,2026-02-13,CUST-3333,Notebook,Office,North,Vikram,3,193.19
ORD-202602-01439,2026-02-20,CUST-3406,Keyboard,Electronics,West,Sneha,3,1275.6
ORD-202602-01440,2026-02-10,CUST-2726,Keyboard,Electronics ,West,Amit,5,1392.23
ORD-202602-01441,2026-02-26,CUST-3251,Notebook,Office,,Sneha,4,204.47
ORD-202602-01442,2026-02-08,CUST-0674,Study Table,Furniture,Central,Neha,4,6011.8
ORD-202602-01443,2026-02-04,CUST-4975,Notebook,Office,Central,Vikram,2,210.63
ORD-202602-01444,2026-02-14,CUST-0998,Webcam,Electronics,South,Amit,7,1903.91
ORD-202602-01445,2026-02-06,CUST-1835,Pen Set,Office,North,Ananya,6,307.06
ORD-202602-01446,2026-02-22,CUST-3312,Headphones,Electronics,East,Vikram,5,2452.06
ORD-202602-01447,2026-02-17,CUST-0637,Mouse Pad,Accessories,Central,Ananya,2,369.29
ORD-202602-01448,2026-02-05,CUST-2181,Monitor Stand,Furniture,Central,Sneha,5,1961.86
ORD-202602-01449,2026-02-11,CUST-4670,Pen Set,Office,South,Priya,2,285.93
ORD-202602-01450,2026-02-27,CUST-1167,Keyboard,Electronics,North,Sneha,4,1345.27
ORD-202602-01451,2026-02-26,CUST-3099,Headphones,Electronics,West,Neha,2,2583.56
ORD-202602-01452,2026-02-20,CUST-3030,Wireless Mouse,Electronics,Central,Rahul,3,868.89
ORD-202602-01453,2026-02-28,CUST-0386,USB Hub,Accessories,Central,Ananya,5,823.39
ORD-202602-01454,2026-02-04,CUST-0264,Webcam,Electronics,Central,Amit,3,1886.68
ORD-202602-01455,2026-02-23,CUST-0732,Monitor Stand,Furniture,south,Ananya,6,1958.48
ORD-202602-01456,2026-02-01,CUST-0082,Laptop Stand,Accessories,West,Sneha,4,1507.23
ORD-202602-01457,2026-02-19,CUST-2659,Wireless Mouse,Electronics,West,Priya,7,738.21
ORD-202602-01458,2026-02-02,,USB Hub,Accessories,South,Vikram,2,897.46
ORD-202602-01459,2026-02-11,CUST-2992,Desk Organizer,Office,north,Karan,7,617.81
ORD-202602-01460,2026-02-03,CUST-1448,Pen Set,Office,West,Vikram,1,287.86
ORD-202602-01461,2026-02-08,CUST-1751,Monitor Stand,Furniture,South,Sneha,4,2059.15
ORD-202602-01462,2026-02-20,CUST-0522,Laptop Stand,Accessories,South ,Karan,3,1428.75
ORD-202602-01463,,CUST-3977,Mouse Pad,Accessories,North,Rahul,6,388.57
ORD-202602-01464,2026-03-02,CUST-0575,Notebook,Office,North,Neha,1,215.21
ORD-202602-01465,2026-03-03,CUST-4564,Wireless Mouse,Electronics,North,Ananya,2,723.1
ORD-202602-01466,2026-02-05,,Wireless Mouse,Electronics,North,Neha,2,762.7
ORD-202602-01467,2026-03-01,CUST-4953,Office Chair,Furniture,Central,Neha,7,7608.93
ORD-202602-01468,2026-02-09,CUST-3624,USB Hub,Accessories,North,Karan,4,835.54
ORD-202602-01469,2026-02-28,CUST-4117,Pen Set,Office,South,Amit,2,292.86
ORD-202602-01470,2026-02-27,CUST-4031,Monitor Stand,Furniture,Central,Neha,6,1980.65
ORD-202602-01471,,CUST-2228,Webcam,Electronics,North,Neha,2,1956.98
ORD-202602-01472,2026-02-16,CUST-0909,Office Chair,Furniture,West,Ananya,2,7155.46
ORD-202602-01473,2026-02-24,CUST-3383,Headphones,Electronics,South,Sneha,4,2562.36
ORD-202602-01474,2026-02-14,CUST-3284,Desk Organizer,Office,South,Sneha,6,651.76
ORD-202602-01475,2026-02-03,CUST-4037,Headphones,Electronics,East,Rahul,6,2445.41
ORD-202602-01476,2026-02-15,,Webcam,Electronics,,Neha,1,1895.13
ORD-202602-01477,2026-02-07,CUST-4096,Mouse Pad,Accessories,West,Amit,7,436.03
ORD-202602-01478,2026-02-04,CUST-4401,Mouse Pad,Accessories,West,Sneha,7,369.33
ORD-202602-01479,2026-02-05,CUST-3656,Wireless Mouse,Electronics,North,Rahul,3,870.62
ORD-202602-01480,2026-02-07,CUST-1345,Office Chair,Furniture,North,Rahul,4,7626.5
ORD-202602-01481,2026-02-25,CUST-1235,Wireless Mouse,Electronics,West,Neha,3,871.47
ORD-202602-01482,2026-03-02,CUST-0649,Study Table,Furniture, South,Sneha,4,5022.82
ORD-202602-01483,2026-02-27,CUST-4148,Headphones,Electronics,North,Sneha,5,2537.77
ORD-202602-01484,2026-02-20,,Desk Organizer,Office,East,Rahul,5,639.51
ORD-202602-01485,2026-02-28,CUST-1534,Desk Organizer,Office,South,Ananya,4,576.68
ORD-202602-01486,2026-02-09,CUST-0772,USB Hub,Accessories,Central,Priya,4,915.28
ORD-202602-01487,2026-03-01,CUST-2471,Mouse Pad,Accessories,Central,Neha,4,379.56
ORD-202602-01488,2026-03-02,CUST-0992,Wireless Mouse,Electronics,North,Ananya,3,739.81
ORD-202602-01489,2026-02-05,CUST-4180,Study Table,Furniture,West,Vikram,-1,5886.41
ORD-202602-01490,2026-02-13,CUST-1696,Keyboard,Electronics,Central,Sneha,3,1424.02
ORD-202602-01491,2026-02-09,CUST-2230,Pen Set,Office,West,Vikram,6,273.27
ORD-202602-01492,2026-02-05,CUST-3304,Wireless Mouse,Electronics,West,Karan,7,738.49
ORD-202602-01493,2026-02-06,CUST-3497,Desk Organizer,Office,East,Neha,6,609.62
ORD-202602-01494,2026-03-02,CUST-0585,Laptop Stand,Accessories,East,Ananya,7,1374.98
ORD-202602-01495,2026-02-06,CUST-0382,Mouse Pad,Accessories,North,Karan,6,409.47
ORD-202602-01496,2026-02-21,CUST-1421,Wireless Mouse,Electronics,North,,4,834.07
ORD-202602-01497,2026-02-28,CUST-3735,Headphones,electronics,West,Rahul,5,2456.33
ORD-202602-01498,2026-02-24,CUST-4292,USB Hub,Accessories,East,,6,945.07
ORD-202602-01499,2026-02-15,,Desk Organizer,Office,North,Ananya,2,552.71
ORD-202602-01500,2026-02-01,CUST-1369,Notebook,Office,South,,2,191.09
ORD-202602-01501,2026-02-13,CUST-3818,Webcam,Electronics,West,Amit,2,2015.84
ORD-202602-01502,2026-02-09,CUST-0843,Notebook,Office,North,Amit,4,182.62
ORD-202602-01503,2026-02-27,CUST-0947,Headphones,Electronics,South,Amit,6,2391.59
ORD-202602-01504,2026-03-02,CUST-2669,Notebook,Office,Central,Priya,4,203.82
ORD-202602-01505,2026-02-08,CUST-0489,Notebook,Office,East,Rahul,7,188.95
ORD-202602-01506,2026-02-05,CUST-0167,Headphones,Electronics,East,Rahul,3,2489.44
ORD-202602-01507,2026-02-26,CUST-4977,Headphones,Electronics,North,Amit,4,2667.53
ORD-202602-01508,2026-02-28,CUST-4020,Mouse Pad,Accessories,North,Sneha,7,380.62
ORD-202602-01509,2026-03-03,CUST-3380,Notebook,Office,West,Karan,2,196.45
ORD-202602-01510,,CUST-1113,Monitor Stand,Furniture,South,Priya,6,1806.4
ORD-202602-01511,2026-02-15,CUST-0382,Mouse Pad,Accessories,South,Neha,2,415.63
ORD-202602-01512,2026-02-12,CUST-0665,USB Hub,Accessories,North,Neha,7,872.94
ORD-202602-01513,2026-02-02,CUST-2108,Mouse Pad,Accessories,West,Karan,3,427.73
ORD-202602-01514,2026-02-28,CUST-4042,Study Table,Furniture,Central,Amit,5,5046.5
ORD-202602-01515,2026-03-03,CUST-2969,Webcam,Electronics,South,Karan,5,2006.19
ORD-202602-01516,2026-03-01,CUST-4214,Laptop Stand,Accessories,South,Amit,3,1593.08
ORD-202602-01517,2026-02-18,CUST-4546,Laptop Stand,Accessories,West,Vikram,4,1581.77
ORD-202602-01518,2026-02-27,CUST-3674,Pen Set,Office,East,Vikram,6,313.02
ORD-202602-01519,2026-02-01,CUST-0500,Desk Organizer,Office,West,Priya,7,567.59
ORD-202602-01520,2026-02-13,CUST-1173,Mouse Pad,Accessories,West,Amit,1,392.36
ORD-202602-01521,2026-02-04,CUST-1687,Webcam,Electronics, West,Neha,4,1855.68
ORD-202602-01522,2026-02-19,CUST-2635,Pen Set,Office,North,Sneha,6,283.51
ORD-202602-01523,2026-02-01,CUST-3965,Webcam,Electronics,East,Vikram,4,1895.84
ORD-202602-01524,2026-02-10,CUST-4846,Study Table,Furniture,East,Sneha,1,5716.25
ORD-202602-01525,2026-02-14,CUST-4917,Pen Set,Office,Central,Rahul,1,297.73
ORD-202602-01526,2026-02-05,CUST-2389,USB Hub,Accessories,West,,6,984.31
ORD-202602-01527,2026-02-03,CUST-4958,Webcam,Electronics,West,Karan,3,-100.0
ORD-202602-01528,2026-02-28,CUST-4749,Desk Organizer,Office,Central,Neha,5,592.14
ORD-202602-01529,2026-02-09,CUST-0834,Notebook,Office,West,Sneha,7,195.18
ORD-202602-01530,2026-03-03,CUST-3382,Study Table,Furniture,West,Sneha,1,5590.95
ORD-202602-01531,2026-02-12,CUST-2195,Desk Organizer,Office,East,Vikram,4,590.83
ORD-202602-01532,2026-02-02,CUST-4225,Office Chair,Furniture,North,Neha,2,6609.77
ORD-202602-01533,2026-02-04,CUST-4341,Keyboard,Electronics,West,Priya,6,1304.47
ORD-202602-01534,2026-02-22,CUST-0963,Wireless Mouse,Electronics,South,Priya,4,826.6
ORD-202602-01535,,CUST-3019,Pen Set,Office,North,Sneha,7,290.54
ORD-202602-01536,2026-03-02,CUST-4634,Wireless Mouse,Electronics,South,Rahul,3,764.38
ORD-202602-01537,2026-02-08,CUST-3337,Study Table,Furniture,South,Sneha,2,5188.19
ORD-202602-01538,2026-02-19,CUST-4267,Study Table,Furniture,South,Rahul,7,5348.13
ORD-202602-01539,2026-02-14,CUST-3617,Notebook,Office,South,Rahul,5,188.83
ORD-202602-01540,2026-02-02,CUST-3926,Desk Organizer,Office,Central,Vikram,2,630.52
ORD-202602-01541,2026-02-22,CUST-4237,USB Hub,Accessories,Central,Rahul,5,923.94
ORD-202602-01542,2026-02-01,CUST-4707,Monitor Stand,Furniture,North,Neha,3,1913.82
ORD-202602-01543,2026-02-25,CUST-0991,Wireless Mouse,Electronics,East,Neha,1,877.59
ORD-202602-01544,2026-02-16,CUST-3945,Webcam,Electronics,South,Karan,2,1954.33
ORD-202602-01545,2026-02-10,CUST-1920,Desk Organizer,Office,Central,Karan,6,556.17
ORD-202602-01546,2026-03-02,CUST-2884,Office Chair,Furniture,East,Ananya,1,7460.01
ORD-202602-01547,2026-02-07,CUST-3286,Webcam,Electronics,,Sneha,3,1995.36
ORD-202602-01548,2026-02-09,CUST-3244,Office Chair,Furniture,North,Rahul,2,6999.04
ORD-202602-01549,2026-02-21,CUST-0985,USB Hub,Accessories,West,Ananya,6,851.08
ORD-202602-01550,2026-02-11,CUST-4105,Study Table,Furniture,East,Neha,7,5840.9
ORD-202602-01551,2026-02-16,CUST-3576,Webcam,Electronics,Central,Neha,6,1756.39
ORD-202602-01552,2026-02-25,CUST-3746,Pen Set,Office,North,Ananya,6,294.1
ORD-202602-01553,2026-03-01,CUST-3083,Headphones,Electronics,South,Rahul,1,2657.6
ORD-202602-01554,2026-02-25,CUST-2959,Keyboard,Electronics,Central,Priya,7,1377.31
ORD-202602-01555,2026-02-03,CUST-1388,Desk Organizer,Office,South,Neha,2,614.56
ORD-202602-01556,2026-03-02,CUST-2991,Pen Set,Office,South,Amit,3,269.56
ORD-202602-01557,2026-02-14,CUST-1404,Webcam,Electronics,South,Vikram,6,1835.62
ORD-202602-01558,2026-02-26,CUST-4402,Notebook,Office,East,Ananya,2,213.06
ORD-202602-01559,2026-02-09,CUST-0251,Monitor Stand,Furniture,North,Priya,2,2087.5
ORD-202602-01560,2026-02-19,CUST-0050,Laptop Stand,Accessories,West,Neha,1,1592.12
ORD-202602-01561,2026-03-02,CUST-3644,Mouse Pad,Accessories,Central,Rahul,3,364.13
ORD-202602-01562,2026-03-02,CUST-3590,Headphones,Electronics,South,Amit,4,2719.3
ORD-202602-01563,2026-02-21,CUST-2798,Mouse Pad,Accessories,North,Priya,4,377.38
ORD-202602-01564,2026-02-20,CUST-2829,Study Table,Furniture,South,Neha,1,5314.56
ORD-202602-01565,2026-02-01,CUST-0175,Pen Set,Office,West,Vikram,2,319.37
ORD-202602-01566,2026-02-19,CUST-4192,Keyboard,Electronics,East,Vikram,1,1274.64
ORD-202602-01567,2026-02-14,CUST-4236,Desk Organizer,Office,West,Amit,2,616.14
ORD-202602-01568,2026-02-01,CUST-1028,USB Hub,Accessories,Central,Amit,5,908.41
ORD-202602-01569,2026-03-02,CUST-0078,Wireless Mouse,Electronics,Central,Amit,1,857.5
ORD-202602-01570,2026-02-15,CUST-2627,Pen Set,Office,East,Karan,2,278.44
ORD-202602-01571,2026-02-24,CUST-1264,Webcam,Electronics,West,Ananya,4,1746.24
ORD-202602-01572,2026-02-02,CUST-0639,Monitor Stand,Furniture,East,Neha,4,2051.92
ORD-202602-01573,2026-02-08,CUST-0564,Monitor Stand,Furniture,North,Amit,7,2136.79
ORD-202602-01574,2026-02-28,CUST-3297,Pen Set, Office,East,Amit,5,324.3
ORD-202602-01575,2026-03-02,CUST-1796,Pen Set,Office,Central,Neha,7,293.02
ORD-202602-01576,2026-02-01,CUST-3819,Webcam,Electronics,East,Karan,6,1988.2
ORD-202602-01577,2026-02-28,CUST-1572,Wireless Mouse,Electronics,East,Amit,4,781.55
ORD-202602-01578,2026-02-10,CUST-3118,Wireless Mouse,Electronics,West,Vikram,3,770.06
ORD-202602-01579,2026-02-07,CUST-1361,Mouse Pad,Accessories,Central,Vikram,1,361.03
ORD-202602-01580,2026-03-03,CUST-2774,Laptop Stand,Accessories,North,Sneha,5,1424.08
ORD-202602-01581,2026-02-17,CUST-3495,Monitor Stand,Furniture,North,Rahul,7,1867.13
ORD-202602-01582,2026-02-25,CUST-1717,Webcam,Electronics,East,Rahul,3,1811.12
ORD-202602-01583,2026-02-05,CUST-4440,Headphones,Electronics,North,Vikram,3,2393.41
ORD-202602-01584,2026-02-24,CUST-3199,Office Chair,Furniture,Central,Neha,1,7501.4
ORD-202602-01585,2026-02-12,CUST-1008,Office Chair,Furniture,West,Priya,5,6583.79
ORD-202602-01586,2026-02-23,CUST-4498,Laptop Stand,Accessories,West,Ananya,3,1594.73
ORD-202602-01587,2026-02-21,CUST-2494,Keyboard,Electronics,East,Sneha,1,1392.36
ORD-202602-01588,2026-02-02,CUST-3608,Keyboard,Electronics,East,Sneha,1,1289.59
ORD-202602-01589,2026-02-28,CUST-1729,Mouse Pad,Accessories,North,Amit,3,416.92
ORD-202602-01590,2026-02-09,CUST-0115,Study Table,Furniture,West,Karan,4,5299.5
ORD-202602-01591,2026-02-12,CUST-2817,USB Hub,Accessories,East ,Ananya,4,812.3
ORD-202602-01592,2026-02-25,CUST-2544,Wireless Mouse,Electronics,South,Ananya,6,832.5
ORD-202602-01593,2026-02-28,CUST-3620,Laptop Stand,Accessories,East,Neha,4,1530.9
ORD-202602-01594,2026-02-28,CUST-3683,Wireless Mouse,Electronics,East,Karan,6,792.83
ORD-202602-01595,2026-02-15,CUST-3442,USB Hub,Accessories,Central,Vikram,3,970.68
ORD-202602-01596,2026-02-11,CUST-2521,Mouse Pad,Accessories,North,Amit,2,417.14
ORD-202602-01597,2026-02-26,CUST-0031,Desk Organizer,Office,North,Priya,4,590.08
ORD-202602-01598,2026-02-09,CUST-2957,Wireless Mouse,Electronics,North,Ananya,1,727.63
ORD-202602-01599,2026-02-20,CUST-4749,Mouse Pad,Accessories,West,Neha,6,429.01
ORD-202602-01600,2026-02-08,CUST-4558,Headphones,Electronics,North,Vikram,2,2741.22
ORD-202602-01601,2026-02-07,CUST-0407,Mouse Pad,Accessories,West,Karan,7,409.73
ORD-202602-01602,2026-02-17,CUST-4370,Monitor Stand,Furniture,West,Rahul,7,2106.23
ORD-202602-01603,2026-02-27,CUST-0723,Desk Organizer,Office,West,,4,599.72
ORD-202602-01604,2026-02-10,CUST-0407,Office Chair,Furniture,East,Priya,3,6630.35
ORD-202602-01605,2026-02-23,CUST-0133,Wireless Mouse,Electronics,East,Neha,3,864.85
ORD-202602-01606,2026-02-01,CUST-2553,Desk Organizer,Office,Central,Rahul,4,621.56
ORD-202602-01607,2026-02-22,CUST-0884,Study Table,Furniture,Central,Ananya,4,5552.41
ORD-202602-01608,2026-02-13,CUST-3112,Pen Set,Office,North,Amit,1,309.89
ORD-202602-01609,2026-02-03,CUST-2335,Office Chair,Furniture,South,Rahul,2,7015.6
ORD-202602-01610,2026-02-18,CUST-4261,Wireless Mouse,Electronics,South,Rahul,6,728.43
ORD-202602-01611,2026-02-08,CUST-1053,Desk Organizer,Office,East,Ananya,1,618.22
ORD-202602-01612,2026-02-20,CUST-1328,Office Chair,Furniture,West,Amit,4,6306.4
ORD-202602-01613,2026-02-02,CUST-2589,Headphones,Electronics,South,Ananya,7,2359.23
ORD-202602-01614,2026-02-11,CUST-0700,Mouse Pad,Accessories,North,Ananya,1,371.55
ORD-202602-01615,2026-02-08,CUST-2292,USB Hub,Accessories,South,Ananya,7,870.25
ORD-202602-01616,2026-02-10,CUST-2986,Keyboard,Electronics,East,,4,1405.08
ORD-202602-01617,,CUST-3087,Keyboard,Electronics,West,Ananya,3,1189.81
ORD-202602-01618,2026-02-09,CUST-2339,Webcam,Electronics,North,Priya,5,1844.84
ORD-202602-01619,2026-02-03,CUST-0506,Keyboard,Electronics,West,Vikram,6,1366.43
ORD-202602-01620,2026-02-20,CUST-1289,Mouse Pad,Accessories,North,Ananya,4,427.97
ORD-202602-01621,2026-02-15,CUST-0358,Wireless Mouse,Electronics,South,Priya,1,836.73
ORD-202602-01622,2026-02-09,CUST-4715,Wireless Mouse,Electronics,East,Priya,7,873.34
ORD-202602-01623,2026-02-20,CUST-2907,Pen Set,Office,North,Rahul,1,310.72
ORD-202602-01624,2026-03-01,CUST-1588,Webcam,Electronics,East,Neha,7,1991.98
ORD-202602-01625,2026-02-17,CUST-1510,Laptop Stand,Accessories,North,Amit,4,1475.64
ORD-202602-01626,2026-02-09,CUST-0277,Laptop Stand,Accessories,South,Sneha,4,1439.66
ORD-202602-01627,2026-02-13,CUST-2365,Mouse Pad,accessories,East,Ananya,6,395.96
ORD-202602-01628,2026-02-25,CUST-0294,Mouse Pad,Accessories,South,Karan,7,420.38
ORD-202602-01629,2026-02-04,CUST-3510,Keyboard,Electronics,East,Karan,2,1338.04
ORD-202602-01630,2026-02-10,CUST-1006,Wireless Mouse,Electronics,South,Vikram,6,842.45
ORD-202602-01631,2026-02-15,CUST-0502,USB Hub,Accessories,East,Karan,5,921.94
ORD-202602-01632,2026-02-20,CUST-0584,Notebook,Office,North,Vikram,3,208.28
ORD-202602-01633,2026-02-18,CUST-0143,Desk Organizer,Office,North,Karan,3,557.75
ORD-202602-01634,2026-02-22,CUST-1974,Headphones,Electronics,Central,Amit,6,2410.86
ORD-202602-01635,2026-03-02,CUST-0295,Keyboard,Electronics,South,Karan,1,1314.9
ORD-202602-01636,2026-02-06,CUST-0403,Notebook,Office,West,Neha,4,179.76
ORD-202602-01637,2026-02-15,CUST-1095,Study Table,Furniture,North,Neha,6,5952.44
ORD-202602-01638,2026-02-12,CUST-2806,Webcam,Electronics,North,Rahul,4,1800.06
ORD-202602-01639,2026-02-03,CUST-1101,Keyboard,Electronics,West,Neha,4,1192.09
ORD-202602-01640,2026-02-04,CUST-2042,USB Hub,Accessories,South,Neha,4,928.53
ORD-202602-01641,2026-02-20,CUST-2147,Notebook,Office,South,Rahul,4,186.81
ORD-202602-01642,2026-02-16,CUST-2990,Pen Set,Office,North,Sneha,6,302.7
ORD-202602-01643,2026-02-10,CUST-0234,Keyboard,Electronics,South,Vikram,6,1233.78
ORD-202602-01644,2026-03-01,CUST-4947,Pen Set,Office,South,Karan,7,279.02
ORD-202602-01645,2026-02-10,CUST-0463,Laptop Stand,Accessories,West,Sneha,1,1569.45
ORD-202602-01646,2026-02-19,CUST-4960,Wireless Mouse,Electronics,Central,Vikram,3,781.16
ORD-202602-01647,2026-03-03,CUST-1426,Study Table,Furniture,North,Rahul,7,5580.87
ORD-202602-01648,2026-02-22,CUST-2086,Mouse Pad,Accessories,North,Ananya,5,376.35
ORD-202602-01649,2026-02-23,CUST-0335,Webcam,Electronics,West,Amit,3,1918.91
ORD-202602-01650,2026-02-09,CUST-1836,Office Chair,Furniture,Central,Ananya,5,6888.74
ORD-202602-01651,2026-03-01,CUST-4495,Office Chair,Furniture,South,Amit,4,6370.8
ORD-202602-01652,2026-02-15,CUST-3408,Headphones,Electronics,Central,Neha,7,2612.3
ORD-202602-01653,2026-02-10,CUST-3116,Monitor Stand,Furniture,North,Rahul,4,2019.94
ORD-202602-01654,2026-02-23,CUST-1839,Mouse Pad,Accessories,West,Karan,4,433.1
ORD-202602-01655,2026-02-17,CUST-4630,Webcam,Electronics,Central,Ananya,5,2015.96
ORD-202602-01656,2026-02-05,CUST-3892,USB Hub,Accessories,East,Vikram,2,911.79
ORD-202602-01657,2026-02-01,CUST-1261,Headphones,Electronics,East,Ananya,6,2270.62
ORD-202602-01658,2026-02-04,CUST-3009,Study Table,Furniture,South,Ananya,2,5776.06
ORD-202602-01659,2026-02-05,CUST-1983,Webcam,Electronics,West,Priya,1,1917.63
ORD-202602-01660,2026-02-07,CUST-0998,USB Hub,Accessories,Central,Amit,1,959.24
ORD-202602-01661,2026-02-11,CUST-3279,Wireless Mouse,Electronics,Central,Sneha,1,811.42
ORD-202602-01662,2026-02-08,CUST-2075,Monitor Stand,Furniture,Central,Vikram,1,1799.91
ORD-202602-01663,2026-02-28,CUST-0490,Webcam,Electronics,North,Ananya,1,2018.6
ORD-202602-01664,2026-03-02,CUST-4319,Pen Set,Office,East,Rahul,3,316.9
ORD-202602-01665,2026-03-03,CUST-3031,Laptop Stand,Accessories,East,Karan,7,1378.9
ORD-202602-01666,2026-02-05,CUST-2767,Notebook,Office,North,Amit,1,206.32
ORD-202602-01667,2026-02-17,CUST-4998,Notebook,Office,Central,Neha,5,200.04
ORD-202602-01668,2026-02-04,CUST-3550,Webcam,Electronics,North,Ananya,7,1933.15
ORD-202602-01669,2026-02-22,CUST-4896,USB Hub,Accessories,East,Neha,6,969.01
ORD-202602-01670,2026-02-05,CUST-3550,Notebook,Office,North,Sneha,3,189.03
ORD-202602-01671,2026-02-09,CUST-0847,Headphones,Electronics,West,Amit,1,2255.68
ORD-202602-01672,2026-02-07,CUST-2411,Keyboard,Electronics,North,Ananya,3,1223.28
ORD-202602-01673,2026-02-15,CUST-2546,Headphones,Electronics,East,Sneha,5,2706.48
ORD-202602-01674,2026-02-12,CUST-1478,USB Hub,Accessories,East,Amit,6,847.11
ORD-202602-01675,2026-02-17,CUST-1547,Headphones,Electronics,North,Ananya,1,2586.22
ORD-202602-01676,2026-02-07,CUST-2982,Webcam,Electronics,Central,Amit,3,2009.02
ORD-202602-01677,2026-02-16,CUST-2059,Pen Set,Office,North,Vikram,5,317.73
ORD-202602-01678,2026-02-03,CUST-0566,Pen Set,Office,West,Rahul,6,269.72
ORD-202602-01679,2026-02-02,CUST-2907,Monitor Stand,Furniture,North,Karan,3,1802.86
ORD-202602-01680,2026-02-05,CUST-2987,Desk Organizer,Office,West,Priya,6,657.58
ORD-202602-01681,2026-02-09,CUST-4084,USB Hub,Accessories,South,Rahul,6,903.93
ORD-202602-01682,2026-02-25,CUST-0514,Monitor Stand,Furniture,West,Amit,3,1824.57
ORD-202602-01683,2026-02-11,CUST-2287,Study Table,Furniture,East,Ananya,4,4978.58
ORD-202602-01684,2026-02-17,CUST-4509,Headphones,Electronics,West,Amit,4,-100.0
ORD-202602-01685,2026-02-22,CUST-1325,Headphones,Electronics,Central,Ananya,5,2701.4
ORD-202602-01686,2026-02-24,CUST-3720,Study Table,Furniture,East,Rahul,3,5525.94
ORD-202602-01687,2026-02-19,CUST-1719,Study Table,Furniture,West,Sneha,3,5357.91
ORD-202602-01688,2026-02-06,CUST-0907,Office Chair,Furniture,Central,Priya,3,7282.26
ORD-202602-01689,2026-02-21,CUST-3555,USB Hub,Accessories,South,Ananya,2,813.13
ORD-202602-01690,2026-02-10,CUST-3924,Study Table,Furniture,South,Priya,5,5937.73
ORD-202602-01691,2026-02-19,CUST-4575,Desk Organizer,Office,West,Amit,7,569.78
ORD-202602-01692,2026-03-03,CUST-3630,Desk Organizer,Office,Central,Karan,3,-100.0
ORD-202602-01693,2026-02-03,CUST-1534,Notebook,Office,North,Sneha,7,191.47
ORD-202602-01694,,,Webcam,Electronics,North,Sneha,4,1733.3
ORD-202602-01695,2026-02-08,CUST-0163,Desk Organizer,Office,North,Priya,2,585.77
ORD-202602-01696,2026-02-14,CUST-1677,Study Table,Furniture,West,Karan,4,5735.18
ORD-202602-01697,2026-02-15,CUST-1066,Study Table,Furniture,East,Neha,4,5497.03
ORD-202602-01698,2026-02-10,CUST-2614,Notebook,Office,East,Priya,1,205.69
ORD-202602-01699,2026-02-28,CUST-3451,Wireless Mouse,Electronics,South,Neha,4,753.26
ORD-202602-01700,2026-02-01,CUST-2929,Desk Organizer,Office,East,Priya,2,586.77
ORD-202602-01701,2026-02-17,CUST-0906,Webcam,Electronics,West,Vikram,6,1906.4
ORD-202602-01702,2026-02-18,CUST-1885,Headphones,Electronics,East,Vikram,4,2535.26
ORD-202602-01703,2026-02-24,CUST-0453,Keyboard,Electronics,South,Priya,3,1217.53
ORD-202602-01704,2026-02-18,CUST-2802,Headphones,Electronics,North,Karan,1,2652.77
ORD-202602-01705,2026-02-05,CUST-3716,Mouse Pad,Accessories,South,Vikram,4,366.3
ORD-202602-01706,2026-02-10,CUST-1221,Webcam,Electronics,,Ananya,5,1746.43
ORD-202602-01707,2026-02-06,CUST-2640,Laptop Stand,Accessories,North,Priya,3,1423.96
ORD-202602-01708,2026-02-15,CUST-4375,Mouse Pad,Accessories,South,Karan,7,411.31
ORD-202602-01709,2026-03-01,CUST-0572,Mouse Pad,Accessories,South,Rahul,2,365.25
ORD-202602-01710,2026-02-13,CUST-4802,USB Hub,Accessories,East,Neha,6,810.49
ORD-202602-01711,2026-02-12,CUST-1660,USB Hub,Accessories,Central,Priya,4,894.0
ORD-202602-01712,2026-02-15,CUST-1634,Study Table,Furniture,Central,Sneha,3,5330.35
ORD-202602-01713,2026-02-06,CUST-3572,Webcam,Electronics,South,Vikram,3,1768.63
ORD-202602-01714,2026-02-27,CUST-1712,Wireless Mouse,Electronics,East ,Karan,4,823.92
ORD-202602-01715,2026-02-21,CUST-2031,Office Chair,Furniture,Central,Vikram,1,7196.98
ORD-202602-01716,2026-02-23,CUST-1082,Keyboard,Electronics,Central,Amit,5,1200.77
ORD-202602-01717,2026-02-11,CUST-0675,Office Chair,Furniture,West,Ananya,3,6620.78
ORD-202602-01718,2026-02-09,CUST-4324,Laptop Stand,Accessories,North,Rahul,5,1458.52
ORD-202602-01719,2026-02-15,CUST-0487,Office Chair,Furniture,South,Vikram,4,7684.96
ORD-202602-01720,2026-02-08,CUST-0817,Headphones,Electronics,South,Vikram,7,2633.24
ORD-202602-01721,2026-02-01,CUST-4125,Headphones,Electronics,West,Karan,1,2417.62
ORD-202602-01722,2026-02-23,CUST-3995,USB Hub,Accessories,South,Priya,4,982.69
ORD-202602-01723,2026-02-27,CUST-1079,USB Hub,Accessories,North,Sneha,4,890.9
ORD-202602-01724,2026-02-07,CUST-4162,Desk Organizer,office,Central,Neha,2,584.66
ORD-202602-01725,2026-02-20,CUST-3626,Pen Set,Office,North,Ananya,5,325.57
ORD-202602-01726,2026-03-01,CUST-1582,Monitor Stand,Furniture,West,,3,2093.42
ORD-202602-01727,2026-02-23,CUST-0396,Pen Set,Office,Central,Vikram,6,301.86
ORD-202602-01728,2026-02-26,CUST-3884,Headphones,Electronics,Central,Vikram,7,2549.33
ORD-202602-01729,2026-02-28,CUST-3404,Keyboard,Electronics,East,Vikram,6,1421.84
ORD-202602-01730,2026-02-08,CUST-2265,Webcam,Electronics,East,Karan,5,1767.17
ORD-202602-01731,2026-02-03,CUST-1371,Monitor Stand,Furniture,West,Rahul,6,1937.88
ORD-202602-01732,2026-02-25,CUST-1743,Desk Organizer,Office,South,Rahul,7,589.54
ORD-202602-01733,2026-02-25,CUST-1365,Desk Organizer,Office,East,Sneha,7,657.07
ORD-202602-01734,2026-02-06,CUST-4467,Webcam,Electronics,South,Sneha,6,1741.08
ORD-202602-01735,2026-03-01,CUST-1020,Mouse Pad,Accessories,South,Neha,7,368.01
ORD-202602-01736,2026-02-01,CUST-2268,Desk Organizer,Office,East,Rahul,7,591.26
ORD-202602-01737,2026-02-12,,Monitor Stand,Furniture,East,Ananya,2,1866.76
ORD-202602-01738,2026-03-02,CUST-0277,Notebook,Office,North,Sneha,4,206.36
ORD-202602-01739,2026-02-11,CUST-2510,Wireless Mouse,Electronics,North,Sneha,3,776.74
ORD-202602-01740,2026-02-24,CUST-3173,Study Table,Furniture,West,Priya,7,5879.76
ORD-202602-01741,2026-02-02,CUST-2639,Monitor Stand,Furniture,East,Priya,6,2098.39
ORD-202602-01742,2026-02-16,CUST-3291,Wireless Mouse,Electronics,Central,Vikram,7,794.33
ORD-202602-01743,2026-02-25,CUST-2441,USB Hub,Accessories,North,Priya,3,961.03
ORD-202602-01744,2026-02-27,CUST-3174,Monitor Stand,Furniture,South,Sneha,6,1839.41
ORD-202602-01745,2026-02-14,CUST-4888,Monitor Stand,Furniture,South,Rahul,1,2031.42
ORD-202602-01746,2026-02-03,CUST-1802,Monitor Stand,Furniture,West,Rahul,7,2041.03
ORD-202602-01747,2026-02-17,CUST-1785,Monitor Stand,Furniture,East,Sneha,2,1897.46
ORD-202602-01748,2026-02-23,CUST-3394,Wireless Mouse,Electronics,East,Karan,4,727.03
ORD-202602-01749,2026-02-14,CUST-0448,Keyboard,Electronics,Central,Sneha,6,1308.14
ORD-202602-01750,2026-03-02,CUST-1456,Mouse Pad,Accessories,North,Vikram,6,400.09
ORD-202602-01751,2026-02-10,CUST-0834,Notebook,Office,Central,Karan,2,205.11
ORD-202602-01752,2026-02-26,CUST-2322,USB Hub,Accessories,South,Neha,4,847.38
ORD-202602-01753,2026-02-24,CUST-0609,Webcam,Electronics,North,Amit,4,1777.33
ORD-202602-01754,2026-02-14,CUST-1084,Webcam,Electronics,East,Ananya,6,2080.51
ORD-202602-01755,2026-02-04,CUST-2126,Notebook,Office,South,Amit,3,183.62
ORD-202602-01756,2026-02-11,CUST-3067,Monitor Stand,Furniture,West,Priya,6,2198.66
ORD-202602-01757,2026-02-24,CUST-2152,Office Chair,Furniture,West,Rahul,5,7306.92
ORD-202602-01758,2026-02-28,CUST-4053,Headphones,Electronics,East,Ananya,6,2563.64
ORD-202602-01759,2026-02-15,CUST-4000,Keyboard,Electronics,West,Karan,7,1257.38
ORD-202602-01760,2026-02-10,CUST-0489,Webcam,Electronics,North,Priya,3,2038.69
ORD-202602-01761,2026-02-24,CUST-3478,Desk Organizer,Office,South,Ananya,4,648.13
ORD-202602-01762,2026-03-02,CUST-0136,Wireless Mouse,Electronics,North,Ananya,6,834.46
ORD-202602-01763,2026-02-05,CUST-0868,Desk Organizer,Office,West,,6,624.14
ORD-202602-01764,2026-02-10,CUST-3806,Notebook,Office,West,Vikram,7,198.73
ORD-202602-01765,2026-02-25,CUST-2914,Pen Set,Office,West,Neha,4,273.75
ORD-202602-01766,2026-02-04,CUST-1615,Study Table,Furniture,South,Priya,5,6047.83
ORD-202602-01767,2026-03-03,CUST-0768,Notebook,Office,Central,Priya,1,179.72
ORD-202602-01768,2026-02-08,CUST-1620,Pen Set,Office,West,Amit,4,298.72
ORD-202602-01769,2026-02-16,CUST-3897,Mouse Pad,Accessories,East,Neha,2,388.4
ORD-202602-01770,2026-02-17,CUST-2824,Pen Set,Office,South,Vikram,6,315.51
ORD-202602-01771,2026-02-12,CUST-0651,Laptop Stand,Accessories,Central,Priya,1,1569.69
ORD-202602-01772,2026-02-05,CUST-2434,Wireless Mouse,Electronics,West,Amit,6,819.46
ORD-202602-01773,2026-02-01,CUST-1006,Wireless Mouse,Electronics,Central,Ananya,6,731.04
ORD-202602-01774,2026-02-12,CUST-0608,Desk Organizer,Office,South,Ananya,4,567.47
ORD-202602-01775,2026-02-09,CUST-0433,Pen Set,Office,East,Sneha,5,274.73
ORD-202602-01776,2026-03-01,CUST-3803,USB Hub,Accessories,North,Sneha,5,985.12
ORD-202602-01777,2026-02-21,CUST-0802,Desk Organizer,Office,East,Sneha,5,554.41
ORD-202602-01778,2026-02-03,CUST-0882,Mouse Pad,Accessories,East,,5,436.28
ORD-202602-01779,2026-02-24,CUST-4331,Webcam,Electronics,Central,Rahul,2,1751.91
ORD-202602-01780,2026-02-20,CUST-4131,Notebook,Office,West,Neha,5,213.42
ORD-202602-01781,2026-02-04,CUST-2512,Laptop Stand,Accessories,Central,Ananya,7,1521.37
ORD-202602-01782,2026-02-13,CUST-3822,Monitor Stand,Furniture,Central,Sneha,-1,2131.62
ORD-202602-01783,2026-02-23,CUST-0115,Desk Organizer,Office,North,Karan,3,615.06
ORD-202602-01784,2026-02-21,CUST-0837,Desk Organizer,Office,Central,Sneha,3,631.21
ORD-202602-01785,2026-02-18,CUST-1768,Pen Set,Office,North,Amit,7,312.8
ORD-202602-01786,2026-02-16,CUST-3792,Pen Set,Office,East,Amit,7,284.66
ORD-202602-01787,2026-02-22,CUST-0453,Office Chair,Furniture,Central,Neha,3,7607.98
ORD-202602-01788,2026-02-28,CUST-3305,USB Hub,Accessories,West,Karan,7,924.83
ORD-202602-01789,2026-02-06,CUST-0351,Office Chair,Furniture,Central,Rahul,6,6581.98
ORD-202602-01790,2026-02-13,CUST-4910,Wireless Mouse,Electronics,East,Priya,3,768.01
ORD-202602-01791,2026-02-27,CUST-1044,Pen Set,Office,West,Priya,6,300.98
ORD-202602-01792,2026-02-16,CUST-3560,Notebook,Office,East,Ananya,7,214.2
ORD-202602-01793,2026-02-06,CUST-3114,Wireless Mouse,Electronics,Central,Karan,7,846.42
ORD-202602-01794,2026-02-05,CUST-1952,Pen Set,Office,North,Rahul,4,287.16
ORD-202602-01795,2026-02-23,CUST-3817,Wireless Mouse,Electronics,South,Amit,2,829.12
ORD-202602-01796,2026-02-16,CUST-3101,Desk Organizer,Office,West,Priya,2,539.3
ORD-202602-01797,2026-02-25,CUST-2253,Mouse Pad,Accessories,East,Rahul,6,385.64
ORD-202602-01798,2026-02-04,CUST-3310,Notebook,Office,Central,Neha,-1,212.52
ORD-202602-01799,2026-02-19,CUST-1435,Notebook,Office,East,Neha,5,185.12
ORD-202602-01800,2026-02-19,CUST-3729,Webcam,Electronics,North,Priya,1,1843.32
ORD-202602-01801,2026-02-15,CUST-3504,Pen Set,Office,West,Sneha,7,269.16
ORD-202602-01802,2026-02-14,CUST-2344,Headphones,Electronics,South,Neha,1,2260.66
ORD-202602-01803,2026-02-09,CUST-3290,Desk Organizer,Office,East,Priya,5,556.59
ORD-202602-01804,2026-02-25,CUST-4139,Keyboard,Electronics,North,Neha,7,1195.56
ORD-202602-01805,2026-02-11,CUST-3211,Keyboard,Electronics,Central,Ananya,2,1296.33
ORD-202602-01806,2026-02-13,CUST-1435,Desk Organizer,Office,East,Sneha,4,646.92
ORD-202602-01807,2026-02-27,CUST-1384,Wireless Mouse,Electronics,Central,Neha,6,732.63
ORD-202602-01808,2026-02-20,CUST-4817,Monitor Stand,Furniture,East,Vikram,2,2146.86
ORD-202602-01809,2026-02-02,CUST-4043,Wireless Mouse,Electronics,Central,Rahul,1,825.87
ORD-202602-01810,2026-02-02,CUST-1553,Mouse Pad,Accessories,South,Ananya,4,372.58
ORD-202602-01811,2026-02-17,CUST-3584,Monitor Stand,Furniture,North,Ananya,6,1914.94
ORD-202602-01812,2026-02-23,CUST-0188,Pen Set,Office,East,Priya,5,280.71
ORD-202602-01813,2026-02-15,CUST-3463,Pen Set,Office,North,Vikram,4,316.3
ORD-202602-01814,2026-03-02,CUST-1001,Desk Organizer,Office,Central,Sneha,5,625.97
ORD-202602-01815,2026-02-27,CUST-1557,Desk Organizer,Office,Central,Priya,1,575.57
ORD-202602-01816,2026-02-14,CUST-4638,Headphones,Electronics,South,Neha,3,2276.26
ORD-202602-01817,2026-02-08,CUST-0696,Laptop Stand,Accessories,North,Ananya,7,1399.69
ORD-202602-01818,2026-02-01,CUST-3951,Headphones,Electronics,West,Amit,3,2563.91
ORD-202602-01819,2026-02-02,CUST-2016,Headphones,Electronics,West,Vikram,7,2294.27
ORD-202602-01820,2026-02-19,CUST-2197,Headphones,Electronics,West,Vikram,4,2517.23
ORD-202602-01821,2026-02-11,CUST-2309,Pen Set,Office,East,Vikram,7,305.75
ORD-202602-01822,2026-02-05,CUST-4526,Monitor Stand,Furniture,East,Rahul,5,2074.06
ORD-202602-01823,2026-02-03,CUST-2501,Notebook,Office,South,Karan,3,184.09
ORD-202602-01824,2026-02-15,CUST-1234,Wireless Mouse,Electronics,South,,7,792.56
ORD-202602-01825,2026-02-19,,Pen Set,Office,West,Vikram,2,296.81
ORD-202602-01826,2026-02-02,CUST-1168,Notebook,Office ,Central,Rahul,3,212.34
ORD-202602-01827,2026-02-13,CUST-0793,Office Chair,Furniture,South,Karan,6,6955.21
ORD-202602-01828,2026-02-14,CUST-0645,Laptop Stand,Accessories,South,Neha,7,1471.06
ORD-202602-01829,2026-02-02,CUST-4965,USB Hub,Accessories,East,Neha,2,831.3
ORD-202602-01830,2026-02-28,CUST-2213,Pen Set,Office,North,Rahul,7,310.63
ORD-202602-01831,2026-02-08,CUST-4996,Desk Organizer,Office,West,Vikram,4,613.35
ORD-202602-01832,2026-02-05,CUST-2571,Headphones,Electronics,North,Karan,3,2607.43
ORD-202602-01833,2026-02-05,CUST-1097,Notebook,Office,West,Vikram,1,205.22
ORD-202602-01834,2026-02-16,CUST-0726,Monitor Stand,Furniture,Central,Priya,1,2149.04
ORD-202602-01835,2026-02-22,CUST-3799,Wireless Mouse,Electronics,Central,Amit,4,859.3
ORD-202602-01836,2026-02-08,CUST-0574,Laptop Stand,Accessories,North,Priya,5,1441.34
ORD-202602-01837,2026-02-24,CUST-0260,Mouse Pad,Accessories,East,Sneha,1,373.66
ORD-202602-01838,2026-02-09,CUST-1953,Monitor Stand,Furniture,East,Amit,7,2169.51
ORD-202602-01839,2026-02-06,CUST-1577,Monitor Stand,Furniture,East,Priya,4,2084.17
ORD-202602-01840,2026-02-20,CUST-1164,Notebook,Office,West,Neha,1,217.74
ORD-202602-01841,2026-02-24,CUST-2570,Notebook,Office,Central,Priya,6,198.88
ORD-202602-01842,2026-02-24,CUST-2872,USB Hub,Accessories,East,Amit,2,982.11
ORD-202602-01843,2026-02-18,CUST-2171,USB Hub,Accessories,East,Priya,5,831.16
ORD-202602-01844,2026-02-28,CUST-2622,Desk Organizer,Office,West,Amit,5,609.83
ORD-202602-01845,2026-02-27,CUST-3342,Notebook,Office,East,Vikram,6,198.87
ORD-202602-01846,2026-02-09,CUST-0813,Notebook,Office,South,Rahul,6,179.21
ORD-202602-01847,2026-02-20,CUST-1849,Office Chair,Furniture,Central,Rahul,7,6569.12
ORD-202602-01848,2026-02-03,CUST-0067,Keyboard,Electronics,West,Sneha,1,1208.97
ORD-202602-01849,2026-02-03,CUST-4844,Monitor Stand,Furniture,East,Sneha,3,1823.41
ORD-202602-01850,2026-02-14,CUST-3224,Desk Organizer,Office,North,Amit,3,652.69
ORD-202602-01851,2026-02-22,CUST-4015,Notebook,Office,South,Sneha,3,217.52
ORD-202602-01852,2026-02-19,CUST-3865,Notebook,Office,South,Amit,2,214.59
ORD-202602-01853,2026-02-06,CUST-0031,Notebook,Office,West,Vikram,2,218.46
ORD-202602-01854,2026-02-23,CUST-2442,Notebook,Office,North,Vikram,7,212.16
ORD-202602-01855,2026-02-19,CUST-4350,Laptop Stand,Accessories,South,Vikram,7,1628.57
ORD-202602-01856,2026-02-24,CUST-2878,Desk Organizer,Office ,East,Neha,5,562.78
ORD-202602-01857,2026-02-19,CUST-2990,Webcam,Electronics,West,Ananya,4,1806.66
ORD-202602-01858,2026-02-27,CUST-4809,Pen Set,Office,North,Amit,4,320.65
ORD-202602-01859,2026-02-12,CUST-3748,Mouse Pad,Accessories,West,Neha,5,397.36
ORD-202602-01860,2026-02-01,CUST-3839,Laptop Stand,Accessories,East,Sneha,7,1564.05
ORD-202602-01861,2026-02-19,CUST-3995,Office Chair,Furniture,West,Vikram,3,7085.66
ORD-202602-01862,2026-03-03,CUST-1670,Laptop Stand,Accessories,North,Ananya,4,1440.73
ORD-202602-01863,2026-02-04,CUST-4867,Pen Set,Office,East,,7,286.13
ORD-202602-01864,2026-03-02,CUST-4252,Webcam,Electronics,East,Neha,7,1993.26
ORD-202602-01865,2026-02-24,CUST-0165,Headphones,Electronics,South,Amit,2,2515.04
ORD-202602-01866,2026-02-02,CUST-2743,Notebook,Office,North,Vikram,2,193.4
ORD-202602-01867,2026-02-17,CUST-1238,Monitor Stand,Furniture,South,Rahul,2,2045.79
ORD-202602-01868,2026-02-10,CUST-2610,Webcam,Electronics,East,Karan,1,1868.59
ORD-202602-01869,2026-02-21,CUST-4042,Keyboard,Electronics,,Karan,5,1292.52
ORD-202602-01870,2026-02-24,CUST-3460,Keyboard,Electronics,Central,Amit,4,1345.22
ORD-202602-01871,2026-02-12,CUST-3999,Mouse Pad,Accessories,West,Rahul,1,-100.0
ORD-202602-01872,2026-02-15,CUST-2148,Office Chair,Furniture,South,Sneha,2,7628.83
ORD-202602-01873,2026-02-02,CUST-0388,Desk Organizer,Office,North,Amit,4,597.23
ORD-202602-01874,2026-02-01,CUST-4404,Headphones,Electronics,West,Amit,6,2729.82
ORD-202602-01875,2026-02-24,CUST-0396,Office Chair,Furniture,North,Sneha,5,7485.69
ORD-202602-01876,2026-02-11,CUST-0837,Headphones,Electronics,East,Neha,4,2694.39
ORD-202602-01877,2026-02-28,CUST-3613,Notebook,Office,South,Vikram,2,209.48
ORD-202602-01878,2026-02-18,CUST-2110,Study Table,Furniture,South,Priya,3,5613.96
ORD-202602-01879,2026-02-13,CUST-2383,Office Chair,Furniture,West,Neha,6,7044.73
ORD-202602-01880,2026-02-28,CUST-0325,Desk Organizer,Office,South,Ananya,6,605.19
ORD-202602-01881,2026-02-02,CUST-0855,Laptop Stand,Accessories,South,Rahul,7,1409.5
ORD-202602-01882,2026-02-26,CUST-3527,Desk Organizer,Office,South,Karan,4,564.78
ORD-202602-01883,2026-02-03,CUST-2832,USB Hub,Accessories,North,Sneha,2,815.24
ORD-202602-01884,2026-03-02,CUST-1352,Laptop Stand,Accessories,West,Vikram,4,1572.62
ORD-202602-01885,2026-02-18,CUST-2001,Mouse Pad,Accessories,East,Rahul,7,369.06
ORD-202602-01886,2026-02-15,CUST-2128,Pen Set,Office,South,Priya,2,303.91
ORD-202602-01887,2026-02-21,CUST-4615,Headphones,Electronics,South,Amit,6,2318.03
ORD-202602-01888,2026-02-25,CUST-4432,Monitor Stand,Furniture,Central,Karan,7,1825.71
ORD-202602-01889,2026-02-09,CUST-2400,Study Table,Furniture,East,Sneha,6,5535.95
ORD-202602-01890,2026-02-04,CUST-0932,Webcam,Electronics,West,Sneha,5,2040.7
ORD-202602-01891,2026-03-02,CUST-2838,Webcam,Electronics,Central,Sneha,3,1844.31
ORD-202602-01892,2026-02-17,CUST-0012,Wireless Mouse,Electronics,East,Priya,6,865.99
ORD-202602-01893,2026-02-09,CUST-3235,USB Hub,Accessories,South,Ananya,2,810.95
ORD-202602-01894,2026-03-01,CUST-2891,Headphones,Electronics,Central,Rahul,6,2481.88
ORD-202602-01895,2026-02-02,CUST-4495,Monitor Stand,Furniture,East,Priya,3,1857.78
ORD-202602-01896,2026-02-27,CUST-2188,Study Table,Furniture,South,Vikram,4,5296.4
ORD-202602-01897,2026-02-01,CUST-2810,Office Chair,Furniture,Central,Ananya,4,6332.32
ORD-202602-01898,2026-02-21,CUST-0275,Webcam,Electronics,West,Ananya,1,1722.52
ORD-202602-01899,2026-02-02,CUST-4124,Pen Set,Office,East,Neha,7,311.73
ORD-202602-01900,2026-02-05,CUST-1482,Mouse Pad,Accessories,South,Priya,5,411.33
ORD-202602-01901,2026-02-11,CUST-3787,Webcam,Electronics,West,Amit,5,1788.23
ORD-202602-01902,2026-02-06,CUST-1196,Mouse Pad,Accessories,East,Amit,1,431.01
ORD-202602-01903,2026-02-02,CUST-1738,Headphones,Electronics,South,Karan,6,2592.95
ORD-202602-01904,2026-02-22,CUST-1304,Monitor Stand,Furniture,North,Vikram,7,1933.5
ORD-202602-01905,2026-02-24,CUST-4494,Headphones,Electronics,Central,Rahul,6,2452.85
ORD-202602-01906,2026-02-11,CUST-3949,Webcam,Electronics,Central,Karan,2,1820.21
ORD-202602-01907,2026-02-22,CUST-3521,Headphones,Electronics,Central,,2,2664.23
ORD-202602-01908,2026-02-11,CUST-1524,Mouse Pad,Accessories,South,Rahul,3,398.52
ORD-202602-01909,2026-02-07,CUST-3669,Pen Set,Office,West,Karan,1,277.19
ORD-202602-01910,2026-02-27,CUST-2449,Monitor Stand,Furniture,East,Vikram,4,1879.75
ORD-202602-01911,2026-02-17,CUST-3575,USB Hub,Accessories,South,Ananya,4,862.42
ORD-202602-01912,2026-02-01,CUST-1328,Headphones,Electronics,Central,Karan,4,2450.6
ORD-202602-01913,2026-02-22,CUST-2697,Wireless Mouse,Electronics,South,Rahul,7,813.8
ORD-202602-01914,2026-02-13,CUST-4753,Notebook,Office,North,Amit,5,217.47
ORD-202602-01915,2026-02-03,CUST-0393,Monitor Stand,Furniture, North,Ananya,3,1903.82
ORD-202602-01916,2026-02-08,CUST-3872,Wireless Mouse,Electronics,,Rahul,6,771.58
ORD-202602-01917,2026-02-10,CUST-3490,Monitor Stand,Furniture,North,Sneha,3,1808.68
ORD-202602-01918,2026-02-01,CUST-2117,Webcam,Electronics,East,Rahul,6,1850.6
ORD-202602-01919,2026-02-23,CUST-4550,Study Table,Furniture,East,Karan,7,5691.55
ORD-202602-01920,2026-02-07,CUST-3635,Wireless Mouse,Electronics,West,Ananya,7,873.0
ORD-202602-01921,2026-02-05,CUST-2638,Study Table,Furniture,Central,Ananya,4,5763.16
ORD-202602-01922,2026-02-06,CUST-1575,Laptop Stand,Accessories,East,Ananya,4,1384.48
ORD-202602-01923,2026-02-23,CUST-3433,Webcam,Electronics,West,Amit,3,2047.14
ORD-202602-01924,2026-02-16,CUST-0412,Headphones,Electronics,Central,Karan,4,2668.27
ORD-202602-01925,2026-02-26,CUST-1286,Keyboard,Electronics,Central,Rahul,7,1218.21
ORD-202602-01926,2026-02-14,CUST-2153,Office Chair,Furniture,Central,Vikram,7,7606.99
ORD-202602-01927,2026-02-22,CUST-1123,Wireless Mouse,Electronics,West,Rahul,5,833.21
ORD-202602-01928,2026-02-15,CUST-2823,Mouse Pad,Accessories,South,Priya,2,421.57
ORD-202602-01929,2026-02-19,CUST-4359,Monitor Stand,Furniture,East,Neha,3,1982.66
ORD-202602-01930,2026-02-28,CUST-1747,USB Hub,Accessories,West,Neha,2,845.18
ORD-202602-01931,2026-02-20,CUST-2036,Office Chair,Furniture,South,Sneha,2,7417.69
ORD-202602-01932,2026-02-16,CUST-2008,Desk Organizer,Office,Central,Neha,1,596.3
ORD-202602-01933,2026-02-27,CUST-3624,Office Chair,Furniture,East,Sneha,6,7653.31
ORD-202602-01934,2026-02-20,CUST-3573,Monitor Stand,Furniture,West,Ananya,6,1860.4
ORD-202602-01935,2026-03-01,CUST-1172,Keyboard,Electronics,East,Ananya,2,1261.43
ORD-202602-01936,2026-02-21,CUST-4478,Webcam,Electronics,Central,Sneha,5,1988.46
ORD-202602-01937,2026-02-22,CUST-3238,Laptop Stand,Accessories,West,Sneha,2,1520.67
ORD-202602-01938,2026-02-17,CUST-4471,Wireless Mouse,Electronics,West,Neha,2,788.34
ORD-202602-01939,2026-02-27,CUST-4377,Keyboard,Electronics,West,Neha,2,1351.38
ORD-202602-01940,2026-02-10,CUST-2879,Keyboard,Electronics,South,Ananya,1,1359.62
ORD-202602-01941,2026-02-17,CUST-3519,Monitor Stand,Furniture,South,Priya,6,2029.9
ORD-202602-01942,2026-02-28,CUST-3148,Study Table,Furniture,Central,Priya,1,5300.05
ORD-202602-01943,2026-02-07,CUST-3048,Notebook,Office,East,Rahul,3,203.73
ORD-202602-01944,2026-02-14,CUST-2665,Office Chair,Furniture,West,Vikram,4,7062.33
ORD-202602-01945,2026-02-01,CUST-1156,Laptop Stand,Accessories,East,Sneha,5,1588.24
ORD-202602-01946,2026-02-18,CUST-1857,Mouse Pad,Accessories,North,Ananya,2,411.25
ORD-202602-01947,2026-02-11,CUST-3527,Study Table,Furniture,East,Rahul,4,5495.45
ORD-202602-01948,2026-02-18,CUST-3691,Keyboard,Electronics,North,Karan,6,1173.96
ORD-202602-01949,2026-02-08,CUST-2338,Keyboard,Electronics,North,Vikram,3,1212.47
ORD-202602-01950,2026-02-26,CUST-0557,Mouse Pad,Accessories,South,Sneha,7,385.96
ORD-202602-01951,2026-03-03,CUST-0671,Webcam,Electronics,South,Vikram,4,1937.5
ORD-202602-01952,2026-02-17,,Pen Set,Office,West,Sneha,6,316.48
ORD-202602-01953,2026-02-19,CUST-0630,Pen Set,Office,South,Karan,1,326.51
ORD-202602-01954,2026-02-15,CUST-1419,Laptop Stand,Accessories,West,Vikram,6,1528.92
ORD-202602-01955,2026-02-10,CUST-0314,Keyboard,Electronics,South,Karan,4,1358.45
ORD-202602-01956,2026-02-15,CUST-1095,Keyboard,Electronics,Central,Karan,7,1330.55
ORD-202602-01957,2026-02-16,CUST-4198,USB Hub,Accessories,East,Priya,5,886.46
ORD-202602-01958,,CUST-1370,Laptop Stand,Accessories,North,Ananya,6,1531.88
ORD-202602-01959,2026-02-22,CUST-4176,Wireless Mouse, Electronics,North,Sneha,2,783.13
ORD-202602-01960,2026-02-11,CUST-4059,Pen Set,Office,North,Vikram,4,296.23
ORD-202602-01961,2026-02-20,CUST-3501,Monitor Stand,Furniture,east,Neha,6,2163.32
ORD-202602-01962,2026-03-01,CUST-1345,Monitor Stand,Furniture,South,Amit,6,2024.53
ORD-202602-01963,2026-02-13,CUST-4987,Keyboard,Electronics,North,Ananya,3,1195.19
ORD-202602-01964,2026-02-27,CUST-3048,Headphones,Electronics,West,Sneha,4,2510.88
ORD-202602-01965,2026-02-15,CUST-3850,USB Hub,Accessories,Central,Vikram,2,980.5
ORD-202602-01966,2026-02-05,CUST-1716,Study Table,Furniture,Central,Sneha,4,5059.13
ORD-202602-01967,2026-02-06,CUST-3316,Notebook,Office,North,Priya,4,217.75
ORD-202602-01968,2026-02-10,CUST-3283,USB Hub,Accessories,Central,Vikram,1,986.68
ORD-202602-01969,2026-02-19,CUST-2986,Monitor Stand,Furniture,East,Karan,7,2023.27
ORD-202602-01970,2026-03-01,CUST-2959,Pen Set,Office,South,Rahul,5,288.98
ORD-202602-01971,2026-02-13,CUST-3516,Monitor Stand,Furniture,North,Karan,2,1802.55
ORD-202602-01972,2026-02-09,CUST-4989,Study Table,Furniture,West,Amit,7,4966.15
ORD-202602-01973,2026-02-21,CUST-4346,Monitor Stand,Furniture,South,Karan,5,1954.26
ORD-202602-01974,2026-02-10,CUST-1555,Notebook,Office,West,Amit,5,210.27
ORD-202602-01975,2026-02-14,,Laptop Stand,Accessories,East,Amit,7,1631.62
ORD-202602-01976,2026-02-07,CUST-1750,Wireless Mouse,Electronics,Central,Karan,3,743.83
ORD-202602-01977,2026-02-10,CUST-1244,Desk Organizer,Office,West,Sneha,3,597.53
ORD-202602-01978,2026-02-02,CUST-0994,Webcam,Electronics,West,Neha,5,1899.66
ORD-202602-01979,2026-02-18,CUST-3518,Wireless Mouse,Electronics,East,Priya,7,779.87
ORD-202602-01980,2026-02-15,CUST-2320,Office Chair,Furniture,East,Vikram,6,7054.93
ORD-202602-01981,2026-02-06,CUST-4140,USB Hub,Accessories,North,Rahul,6,975.42
ORD-202602-01982,2026-02-24,CUST-4187,Notebook,Office,West,Rahul,6,196.55
ORD-202602-01983,2026-02-07,CUST-2692,Office Chair,Furniture,West,Amit,1,6491.96
ORD-202602-01984,2026-02-21,CUST-1055,Laptop Stand,Accessories,South,Vikram,4,1548.6
ORD-202602-01985,2026-02-04,CUST-0560,Office Chair,Furniture,North,Priya,3,6343.02
ORD-202602-01986,2026-02-01,CUST-4808,Notebook,Office,West,Karan,3,216.52
ORD-202602-01987,2026-02-04,CUST-1536,Notebook,Office,West,Priya,6,216.51
ORD-202602-01988,2026-02-17,CUST-0066,Webcam,Electronics,West,Sneha,3,1744.1
ORD-202602-01989,2026-02-06,CUST-1985,Office Chair,Furniture,North,Ananya,6,7070.23
ORD-202602-01990,2026-02-11,CUST-4026,Webcam,Electronics,Central,Neha,7,2011.95
ORD-202602-01991,2026-02-17,CUST-0458,Pen Set,Office,South,Neha,4,296.88
ORD-202602-01992,2026-02-20,CUST-3459,Office Chair, Furniture,South,Rahul,2,6969.28
ORD-202602-01993,2026-02-25,CUST-2080,Keyboard,Electronics,East,Amit,5,1421.16
ORD-202602-01994,2026-02-13,CUST-4527,USB Hub,Accessories,Central,Amit,7,-100.0
ORD-202602-01995,2026-02-04,CUST-2244,Pen Set,Office,Central,Vikram,3,300.57
ORD-202602-01996,2026-03-03,CUST-2610,Webcam,Electronics,North,Karan,2,1752.76
ORD-202602-01997,2026-02-25,CUST-2285,Wireless Mouse,Electronics,central,Ananya,4,767.43
ORD-202602-01998,2026-02-26,CUST-3405,USB Hub,Accessories,west,Karan,7,962.09
ORD-202602-01999,2026-03-01,CUST-0355,Mouse Pad,Accessories,Central,Ananya,4,416.27
ORD-202602-02000,2026-02-22,CUST-0248,Study Table,Furniture,Central,Rahul,4,5622.18
ORD-202602-02001,2026-03-03,CUST-2912,Office Chair,Furniture,East,Sneha,4,6458.52
ORD-202602-02002,2026-02-16,CUST-1972,Headphones,Electronics,North,Priya,6,2674.28
ORD-202602-02003,2026-02-18,CUST-0837,Webcam,Electronics,North,,3,1822.32
ORD-202602-02004,2026-02-19,CUST-3854,Headphones,Electronics,West,Ananya,6,2516.48
ORD-202602-02005,2026-02-16,CUST-3748,Study Table,Furniture,North,Amit,7,5205.88
ORD-202602-02006,2026-02-14,CUST-0545,Laptop Stand,Accessories,West,Karan,6,1505.22
ORD-202602-02007,2026-02-11,CUST-0921,Study Table,Furniture,North,Rahul,7,5567.34
ORD-202602-02008,2026-02-25,CUST-3912,Wireless Mouse,Electronics,Central,Ananya,6,773.51
ORD-202602-02009,2026-02-11,CUST-2391,Notebook,Office,South,Ananya,6,199.24
ORD-202602-02010,2026-03-01,CUST-1542,Wireless Mouse,Electronics,North,Amit,1,783.99
ORD-202602-02011,2026-02-24,CUST-2647,Notebook,Office,South,Rahul,3,206.86
ORD-202602-02012,2026-03-03,CUST-1765,Wireless Mouse,Electronics,Central,Sneha,2,806.01
ORD-202602-02013,2026-02-21,CUST-0469,Headphones,Electronics,East,Sneha,7,2687.96
ORD-202602-02014,2026-02-19,CUST-3237,Keyboard,Electronics,Central,Vikram,2,1182.0
ORD-202602-02015,2026-02-11,CUST-3482,Desk Organizer,Office,South,Neha,7,542.29
ORD-202602-02016,2026-02-22,CUST-0391,Pen Set,Office,West,Vikram,5,280.38
ORD-202602-02017,2026-02-18,CUST-1247,Notebook,Office,North,Ananya,1,183.82
ORD-202602-02018,2026-02-13,CUST-3124,Headphones,Electronics,East,Amit,5,2511.94
ORD-202602-02019,2026-02-03,CUST-3787,Webcam,Electronics,South,Rahul,3,1785.11
ORD-202602-02020,2026-02-01,CUST-4569,Laptop Stand,Accessories,West,Amit,3,1353.91
ORD-202602-02021,2026-02-08,CUST-3020,Monitor Stand,Furniture,West,Vikram,7,1912.09
ORD-202602-02022,2026-02-22,CUST-0469,Desk Organizer,Office,North,Priya,6,600.1
ORD-202602-02023,2026-03-01,CUST-1764,Wireless Mouse,Electronics,West,Sneha,6,833.24
ORD-202602-02024,2026-03-01,CUST-1265,Wireless Mouse,Electronics,West,Neha,3,789.16
ORD-202602-02025,2026-02-17,CUST-4939,Laptop Stand,Accessories,South,Sneha,5,1637.72
ORD-202602-02026,2026-02-27,CUST-0069,Headphones,Electronics,North,Sneha,3,2348.79
ORD-202602-02027,2026-02-01,CUST-1878,USB Hub,Accessories,East,Rahul,5,901.53
ORD-202602-02028,2026-02-28,CUST-2590,Monitor Stand,Furniture,South ,Ananya,3,1900.32
ORD-202602-02029,2026-03-02,CUST-1497,Headphones,Electronics,West,Amit,5,2652.27
ORD-202602-02030,2026-02-13,CUST-3655,Notebook,Office,North,Sneha,6,186.57
ORD-202602-02031,2026-02-02,CUST-0657,Mouse Pad,Accessories,South,Karan,3,435.84
ORD-202602-02032,2026-02-23,CUST-4632,Pen Set,Office,West,Ananya,1,311.95
ORD-202602-02033,2026-02-01,CUST-2002,Notebook,Office,Central,Vikram,1,201.26
ORD-202602-02034,,CUST-1841,Mouse Pad,Accessories ,East,Amit,7,401.58
ORD-202602-02035,2026-02-10,CUST-4617,Webcam,Electronics,North,Rahul,7,1846.77
ORD-202602-02036,2026-02-17,CUST-0744,Monitor Stand,Furniture,West,Ananya,5,1807.51
ORD-202602-02037,2026-03-01,CUST-2346,Webcam,Electronics,North,Priya,1,2056.66
ORD-202602-02038,2026-02-05,CUST-0146,Keyboard,Electronics,North,Ananya,5,1375.62
ORD-202602-02039,2026-02-02,CUST-2558,Keyboard,Electronics,West,Karan,4,1204.14
ORD-202602-02040,2026-02-18,CUST-1626,Wireless Mouse,Electronics,South,Sneha,2,738.61
ORD-202602-02041,2026-02-22,CUST-3702,Laptop Stand,Accessories,North,Amit,3,1441.47
ORD-202602-02042,2026-02-10,CUST-2562,Office Chair,Furniture,East,Vikram,6,7367.34
ORD-202602-02043,2026-02-06,CUST-3127,Headphones,Electronics,South,Priya,7,2500.58
ORD-202602-02044,2026-02-22,CUST-4504,Wireless Mouse,Electronics,West,Priya,7,823.64
ORD-202602-02045,2026-02-22,CUST-4753,Mouse Pad,Accessories,Central,Sneha,2,359.59
ORD-202602-02046,2026-03-02,CUST-1083,Notebook,Office,North,Ananya,4,215.86
ORD-202602-02047,2026-02-27,CUST-2511,Notebook,Office,,Ananya,4,185.69
ORD-202602-02048,2026-02-23,CUST-3907,Wireless Mouse,Electronics,West,Karan,3,770.06
ORD-202602-02049,2026-02-01,CUST-0637,Headphones,Electronics,Central,Amit,4,2722.49
ORD-202602-02050,2026-02-09,CUST-2405,Laptop Stand,Accessories,South,Vikram,3,1568.82
ORD-202602-02051,2026-02-21,CUST-2786,Desk Organizer,Office,North,Priya,1,600.33
ORD-202602-02052,2026-02-15,CUST-4338,Pen Set,Office,Central,Amit,3,320.7
ORD-202602-02053,2026-02-02,CUST-0442,Office Chair,Furniture,North,Sneha,3,6384.85
ORD-202602-02054,2026-02-18,CUST-4316,Notebook,Office,East,Neha,3,182.14
ORD-202602-02055,2026-02-24,CUST-1190,USB Hub,Accessories, West,Priya,5,837.0
ORD-202602-02056,2026-02-23,CUST-4289,Notebook,Office,North,Karan,5,189.63
ORD-202602-02057,2026-03-01,CUST-3274,USB Hub,Accessories,South,Ananya,1,936.58
ORD-202602-02058,2026-02-05,CUST-2007,Headphones,Electronics,North,Rahul,3,2515.2
ORD-202602-02059,2026-03-02,CUST-0670,Notebook,Office,Central,Karan,1,196.06
ORD-202602-02060,2026-02-17,CUST-1732,Webcam,Electronics,South,Ananya,6,2006.33
ORD-202602-02061,2026-02-10,CUST-3700,Webcam,Electronics,West,Rahul,7,1829.56
ORD-202602-02062,2026-02-27,CUST-1037,Desk Organizer,Office,south,Rahul,4,549.34
ORD-202602-02063,2026-02-04,CUST-3349,Wireless Mouse,Electronics,West,Priya,7,782.5
ORD-202602-02064,2026-02-01,CUST-1143,Wireless Mouse,Electronics,West,Rahul,5,841.57
ORD-202602-02065,2026-02-23,CUST-0406,Laptop Stand,Accessories,North,Rahul,7,1491.23
ORD-202602-02066,2026-02-23,CUST-3082,Notebook,Office,West,Rahul,7,217.99
ORD-202602-02067,2026-02-03,CUST-4063,Office Chair,Furniture,West,Priya,5,7497.51
ORD-202602-02068,2026-02-28,CUST-4810,Mouse Pad,Accessories,North,Priya,4,422.22
ORD-202602-02069,2026-02-27,CUST-2510,Webcam,Electronics,South,Ananya,6,2002.75
ORD-202602-02070,2026-02-25,CUST-3030,Laptop Stand,Accessories,Central,Rahul,2,1523.32
ORD-202602-02071,2026-02-13,CUST-3407,Laptop Stand,Accessories,East,Amit,3,1619.26
ORD-202602-02072,2026-03-01,CUST-2062,Laptop Stand,Accessories,North,Ananya,4,1525.94
ORD-202602-02073,2026-02-05,CUST-0182,Pen Set,Office,West,Priya,2,291.38
ORD-202602-02074,2026-02-25,CUST-1213,Office Chair,Furniture,West,Neha,4,6573.32
ORD-202602-02075,2026-02-27,CUST-1896,Desk Organizer,Office,East,Karan,6,636.51
ORD-202602-02076,2026-02-17,CUST-3260,Laptop Stand,Accessories,North,Rahul,6,1460.37
ORD-202602-02077,2026-02-11,CUST-1525,Webcam,Electronics,North,Priya,7,2009.49
ORD-202602-02078,2026-02-15,CUST-1055,Keyboard,Electronics,South,Ananya,7,1424.48
ORD-202602-02079,2026-02-02,CUST-4527,Office Chair,Furniture,East,Amit,3,6857.21
ORD-202602-02080,2026-02-01,CUST-0467,Monitor Stand,Furniture,West,Vikram,5,1935.33
ORD-202602-02081,2026-02-11,CUST-3941,Wireless Mouse,Electronics,West,Karan,3,746.28
ORD-202602-02082,2026-02-01,CUST-0468,Keyboard,Electronics,South,Neha,7,1292.6
ORD-202602-02083,2026-02-20,CUST-1603,Headphones,Electronics,West,Priya,2,2575.98
ORD-202602-02084,2026-02-20,CUST-4253,Office Chair,Furniture,North,Karan,2,6736.94
ORD-202602-02085,2026-02-27,CUST-4209,Headphones,Electronics,North,Ananya,7,2491.84
ORD-202602-02086,2026-02-09,CUST-1912,Wireless Mouse,Electronics,West,Neha,2,804.92
ORD-202602-02087,2026-02-26,CUST-0088,Laptop Stand,Accessories,Central,Priya,5,-100.0
ORD-202602-02088,2026-02-10,CUST-4702,Laptop Stand,Accessories,West,Vikram,3,1356.15
ORD-202602-02089,2026-02-17,CUST-4443,USB Hub,Accessories,East,Karan,2,847.87
ORD-202602-02090,2026-02-26,CUST-2484,Mouse Pad,Accessories,Central,Amit,5,423.19
ORD-202602-02091,2026-02-12,CUST-0143,Webcam,Electronics,South,Neha,6,1814.71
ORD-202602-02092,2026-02-04,CUST-3458,Wireless Mouse,Electronics,West,Rahul,2,721.31
ORD-202602-02093,2026-02-26,,Keyboard,Electronics,West,Rahul,7,1279.5
ORD-202602-02094,2026-02-09,CUST-4135,Desk Organizer,Office,North,Priya,1,620.86
ORD-202602-02095,2026-02-07,CUST-3655,Pen Set,Office,Central,Ananya,1,314.09
ORD-202602-02096,2026-02-22,CUST-4373,Webcam,Electronics,West,Sneha,7,1866.3
ORD-202602-02097,2026-02-17,CUST-2552,Monitor Stand,Furniture,South,Amit,1,2027.73
ORD-202602-02098,2026-02-01,CUST-0813,Notebook,Office ,Central,Amit,3,208.77
ORD-202602-02099,2026-03-01,CUST-3447,Office Chair,Furniture,South,Neha,1,7543.86
ORD-202602-02100,2026-02-17,CUST-1084,Office Chair,Furniture,North,Ananya,2,7194.83
ORD-202602-02101,2026-02-09,CUST-3150,Webcam,Electronics,West,Amit,1,1971.49
ORD-202602-02102,2026-02-03,CUST-0751,Notebook,Office,North,Karan,3,183.03
ORD-202602-02103,2026-02-22,CUST-0197,Notebook,Office,East,Ananya,3,195.83
ORD-202602-02104,2026-02-24,CUST-2228,USB Hub,Accessories,West,Rahul,2,968.93
ORD-202602-02105,2026-02-24,CUST-2961,Pen Set,Office,North,Rahul,6,278.71
ORD-202602-02106,2026-02-20,CUST-0776,Laptop Stand,Accessories,West,Rahul,1,1442.03
ORD-202602-02107,2026-02-28,CUST-3925,Keyboard,Electronics,East,Ananya,4,1345.23
ORD-202602-02108,2026-02-19,CUST-3255,Wireless Mouse,Electronics,South,Priya,3,863.25
ORD-202602-02109,2026-02-08,CUST-4003,USB Hub,Accessories,North,Rahul,5,819.72
ORD-202602-02110,2026-02-07,CUST-1815,Study Table,Furniture,West,Rahul,3,5906.47
ORD-202602-02111,2026-02-12,CUST-3297,Headphones,Electronics,North,Rahul,4,2359.22
ORD-202602-02112,2026-02-23,CUST-4821,Notebook,Office,North,Sneha,6,213.36
ORD-202602-02113,2026-02-01,CUST-0912,Headphones,Electronics,South,Amit,2,2693.54
ORD-202602-02114,2026-02-10,CUST-4083,Pen Set,Office,East,Amit,4,315.47
ORD-202602-02115,2026-02-14,CUST-3146,Headphones,Electronics,Central,Neha,4,2710.82
ORD-202602-02116,2026-02-18,CUST-3622,USB Hub,Accessories,West,Neha,6,981.92
ORD-202602-02117,2026-02-05,CUST-3129,Office Chair,Furniture,West,Sneha,4,7594.18
ORD-202602-02118,2026-02-03,CUST-3444,Laptop Stand,Accessories,North,Rahul,6,1502.94
ORD-202602-02119,2026-03-01,CUST-3899,Monitor Stand,Furniture,West,Vikram,6,1984.48
ORD-202602-02120,2026-02-03,CUST-0199,Wireless Mouse,Electronics,South,Ananya,6,735.91
ORD-202602-02121,2026-02-03,CUST-0159,Keyboard,Electronics,East,Ananya,5,1225.24
ORD-202602-02122,2026-02-07,CUST-0419,Headphones,Electronics,West,Rahul,7,2575.15
ORD-202602-02123,2026-02-11,CUST-4648,Webcam,Electronics,North,Karan,1,1757.46
ORD-202602-02124,2026-02-07,CUST-2161,USB Hub,Accessories,South,Rahul,4,978.54
ORD-202602-02125,2026-02-26,CUST-4957,Study Table,Furniture,south,Neha,6,5198.81
ORD-202602-02126,2026-02-04,CUST-4574,Webcam,Electronics,Central,Amit,1,1742.5
ORD-202602-02127,2026-02-05,CUST-1725,Laptop Stand,Accessories,Central,Sneha,6,1419.63
ORD-202602-02128,2026-02-04,CUST-0471,Wireless Mouse,Electronics,Central,Sneha,1,726.92
ORD-202602-02129,2026-02-21,CUST-4215,Desk Organizer, Office,East,Priya,6,559.0
ORD-202602-02130,2026-02-28,CUST-2101,Notebook,Office,West,Vikram,2,202.49
ORD-202602-02131,2026-02-06,CUST-1490,Wireless Mouse,Electronics,West,Karan,5,765.31
ORD-202602-02132,2026-02-18,CUST-3970,Mouse Pad,Accessories,West,Amit,6,423.03
ORD-202602-02133,2026-02-12,,Headphones,Electronics,West,Ananya,6,2451.39
ORD-202602-02134,2026-02-20,CUST-1599,USB Hub,Accessories,Central,Karan,5,937.47
ORD-202602-02135,2026-02-21,CUST-1983,Webcam,Electronics,South,Ananya,7,1978.11
ORD-202602-02136,2026-02-09,CUST-4647,Office Chair,Furniture,West,Karan,1,6489.16
ORD-202602-02137,2026-02-19,CUST-1513,Wireless Mouse,Electronics,West,Priya,2,728.14
ORD-202602-02138,2026-02-02,CUST-4674,Notebook,Office,West,Neha,1,212.61
ORD-202602-02139,2026-02-16,CUST-2947,Office Chair,Furniture,Central,Ananya,6,7280.15
ORD-202602-02140,2026-03-03,CUST-0285,Wireless Mouse,Electronics,North,Sneha,7,747.06
ORD-202602-02141,2026-02-28,CUST-0565,Study Table,Furniture,Central,Amit,7,5696.96
ORD-202602-02142,2026-02-02,CUST-3083,Desk Organizer,Office,Central,Priya,4,578.57
ORD-202602-02143,2026-02-02,CUST-0685,Webcam,Electronics,Central,Rahul,1,1730.66
ORD-202602-02144,2026-02-26,CUST-0728,Mouse Pad,Accessories,South,Karan,2,377.36
ORD-202602-02145,2026-02-07,CUST-2315,Pen Set,Office,East,Karan,5,314.3
ORD-202602-02146,2026-02-21,CUST-2206,Mouse Pad,Accessories,North,Karan,7,390.28
ORD-202602-02147,2026-02-17,CUST-4707,Desk Organizer,Office,North,Ananya,7,604.37
ORD-202602-02148,2026-02-13,CUST-4490,Study Table,Furniture,East,Vikram,6,5099.27
ORD-202602-02149,2026-02-10,CUST-4650,Laptop Stand,Accessories,Central,Neha,7,1376.88
ORD-202602-02150,2026-02-24,CUST-0367,Keyboard,Electronics,South,Vikram,4,1231.26
ORD-202602-02151,2026-02-08,CUST-4019,USB Hub,Accessories,West,Amit,2,894.06
ORD-202602-02152,2026-02-24,CUST-4687,Notebook,Office,North,Amit,4,212.81
ORD-202602-02153,2026-02-08,CUST-3059,Office Chair,Furniture,North,Amit,1,7367.7
ORD-202602-02154,2026-02-28,CUST-4973,Webcam,Electronics,West,Priya,5,1769.89
ORD-202602-02155,2026-02-22,CUST-4015,Monitor Stand,Furniture,South,Rahul,3,1827.67
ORD-202602-02156,,CUST-3352,Wireless Mouse,Electronics,North,Neha,3,755.14
ORD-202602-02157,2026-02-04,CUST-2029,Notebook,Office,Central,Sneha,1,213.02
ORD-202602-02158,2026-02-07,CUST-1782,USB Hub,Accessories,,Sneha,7,901.85
ORD-202602-02159,2026-02-20,CUST-1976,Desk Organizer,Office,North,Karan,3,635.77
ORD-202602-02160,2026-02-18,CUST-1256,Webcam,Electronics,Central,Priya,6,1849.47
ORD-202602-02161,2026-02-04,CUST-2893,Monitor Stand,Furniture,North,Vikram,4,2035.16
ORD-202602-02162,2026-02-04,CUST-2164,Wireless Mouse,Electronics,West,Neha,5,814.14
ORD-202602-02163,2026-02-19,,Office Chair,Furniture,West,Ananya,4,7176.39
ORD-202602-02164,2026-02-12,CUST-0900,Mouse Pad,Accessories,South,Amit,5,396.62
ORD-202602-02165,2026-02-15,CUST-2581,Mouse Pad,Accessories,North,Amit,2,378.19
ORD-202602-02166,2026-02-19,CUST-0101,Laptop Stand,Accessories,East,,7,1477.56
ORD-202602-02167,2026-02-27,CUST-1868,USB Hub,Accessories,Central,Amit,3,984.36
ORD-202602-02168,2026-02-08,CUST-0314,USB Hub,Accessories,North,Rahul,1,858.03
ORD-202602-02169,2026-02-22,CUST-1678,Laptop Stand,Accessories,Central,Neha,7,1566.4
ORD-202602-02170,2026-02-27,CUST-3318,Wireless Mouse,Electronics,West,Sneha,1,870.07
ORD-202602-02171,2026-03-01,CUST-3189,USB Hub,Accessories,Central,Ananya,4,910.91
ORD-202602-02172,2026-03-03,CUST-0104,USB Hub,Accessories,South,Priya,6,897.08
ORD-202602-02173,2026-02-01,CUST-3541,Desk Organizer,Office,West,Vikram,3,553.58
ORD-202602-02174,2026-02-03,CUST-1508,Mouse Pad,Accessories,East,Amit,2,419.21
ORD-202602-02175,2026-02-27,CUST-2380,Notebook,Office,West,Sneha,2,215.38
ORD-202602-02176,2026-02-07,CUST-3382,Mouse Pad,Accessories,North,Amit,5,437.36
ORD-202602-02177,2026-02-09,CUST-0182,USB Hub,Accessories,East,Priya,5,845.36
ORD-202602-02178,2026-02-15,CUST-0874,Desk Organizer,Office,Central,Vikram,4,649.32
ORD-202602-02179,,CUST-0827,Pen Set,Office,Central,Ananya,4,291.24
ORD-202602-02180,2026-02-02,CUST-1662,Monitor Stand,Furniture,South,Vikram,3,2046.64
ORD-202602-02181,2026-02-21,CUST-0080,Mouse Pad,Accessories,North,Sneha,7,376.95
ORD-202602-02182,2026-02-03,CUST-0158,Wireless Mouse,Electronics,East,Priya,2,758.79
ORD-202602-02183,2026-02-12,CUST-2562,Notebook,Office,South,Sneha,6,203.73
ORD-202602-02184,2026-02-28,CUST-0563,USB Hub,Accessories,South,Priya,6,896.27
ORD-202602-02185,2026-02-04,CUST-2178,Keyboard,Electronics,North,Ananya,1,1419.65
ORD-202602-02186,2026-02-02,CUST-1130,Study Table,Furniture,East,Rahul,2,5239.96
ORD-202602-02187,2026-02-15,CUST-4977,Pen Set,Office,North,Ananya,4,321.61
ORD-202602-02188,2026-02-08,CUST-0631,Pen Set,Office,Central,Amit,2,296.64
ORD-202602-02189,2026-02-08,CUST-2401,Pen Set,Office,North,Ananya,6,277.15
ORD-202602-02190,2026-02-14,CUST-2361,Monitor Stand,Furniture,North,Karan,4,1894.7
ORD-202602-02191,2026-02-06,CUST-3694,Pen Set,Office,East,Rahul,6,314.29
ORD-202602-02192,2026-02-01,CUST-0635,Desk Organizer,Office, North,Karan,1,638.13
ORD-202602-02193,2026-03-01,CUST-4823,Desk Organizer,Office,East,Vikram,1,543.84
ORD-202602-02194,2026-02-26,CUST-1526,Desk Organizer,Office,North,Rahul,5,588.22
ORD-202602-02195,2026-02-13,CUST-0175,Desk Organizer,Office,Central,Vikram,6,598.3
ORD-202602-02196,2026-02-26,CUST-3618,Wireless Mouse,Electronics,East,Vikram,7,817.38
ORD-202602-02197,2026-03-03,CUST-2712,USB Hub,Accessories,South,Rahul,6,926.08
ORD-202602-02198,2026-02-13,CUST-3270,Webcam,Electronics,West,Rahul,6,2024.55
ORD-202602-02199,2026-02-05,CUST-4558,Study Table,Furniture,East,Neha,1,5249.77
ORD-202602-02200,2026-02-07,CUST-1915,Notebook,Office,Central,Amit,5,183.55
ORD-202602-02201,2026-03-02,CUST-4540,Mouse Pad,Accessories,West,Vikram,5,373.98
ORD-202602-02202,2026-02-28,CUST-4656,Mouse Pad,Accessories,Central,Vikram,3,433.86
ORD-202602-02203,2026-02-22,CUST-2739,Pen Set,Office,Central,Vikram,7,301.79
ORD-202602-02204,2026-02-22,CUST-3937,Desk Organizer,Office,North,Ananya,7,565.35
ORD-202602-02205,2026-02-10,CUST-0169,Headphones,Electronics,West,Neha,6,2641.88
ORD-202602-02206,2026-02-17,CUST-3036,Monitor Stand,Furniture,Central,Rahul,7,2033.79
ORD-202602-02207,2026-02-12,CUST-0403,Desk Organizer,Office,North,Karan,4,583.11
ORD-202602-02208,2026-02-13,CUST-2184,Headphones,Electronics,Central,Priya,6,2258.25
ORD-202602-02209,2026-02-23,CUST-3750,Notebook,Office,West,Amit,1,210.25
ORD-202602-02210,2026-02-17,CUST-0301,USB Hub,Accessories,West,Rahul,2,938.1
ORD-202602-02211,2026-02-14,CUST-2033,Laptop Stand,Accessories,West,Ananya,5,1427.68
ORD-202602-02212,2026-02-08,CUST-2065,Study Table,Furniture,South,Rahul,1,5241.23
ORD-202602-02213,2026-02-21,CUST-1191,Webcam,Electronics,Central,Priya,6,1812.21
ORD-202602-02214,2026-02-14,CUST-2727,Office Chair,Furniture,West,Neha,2,7237.55
ORD-202602-02215,2026-02-02,CUST-4041,Pen Set,Office,East,Priya,3,286.69
ORD-202602-02216,2026-02-22,CUST-4956,Office Chair,Furniture,West,Karan,2,6733.55
ORD-202602-02217,2026-02-11,CUST-4531,Desk Organizer,Office,Central,Amit,4,584.22
ORD-202602-02218,2026-02-13,CUST-4759,Pen Set,Office,South,Priya,1,327.72
ORD-202602-02219,2026-03-03,CUST-1018,Headphones,Electronics,Central,Karan,6,2479.06
ORD-202602-02220,2026-02-22,CUST-0562,Monitor Stand,Furniture,North,Ananya,7,1949.97
ORD-202602-02221,2026-02-03,CUST-0915,Pen Set,Office,,Priya,6,297.21
ORD-202602-02222,2026-02-23,CUST-4897,Laptop Stand, Accessories,East,Sneha,2,1564.72
ORD-202602-02223,2026-02-10,CUST-1093,Webcam,Electronics,West,Amit,3,2044.73
ORD-202602-02224,2026-02-24,CUST-3774,Keyboard,Electronics,East,Priya,2,1426.51
ORD-202602-02225,2026-02-11,CUST-2029,Laptop Stand,Accessories,East,Priya,5,1494.82
ORD-202602-02226,2026-02-18,CUST-3410,Keyboard,Electronics,North,Vikram,7,1288.65
ORD-202602-02227,2026-02-22,CUST-3765,Study Table,Furniture,South,Vikram,7,5312.38
ORD-202602-02228,2026-02-06,CUST-4518,USB Hub,Accessories,Central,Rahul,7,949.18
ORD-202602-02229,2026-02-05,CUST-0435,Pen Set,Office,East,Priya,5,308.3
ORD-202602-02230,2026-02-22,CUST-1626,Office Chair,Furniture,North,Vikram,2,6807.74
ORD-202602-02231,2026-02-03,CUST-0591,Monitor Stand,Furniture,North,Neha,3,2006.41
ORD-202602-02232,2026-02-26,CUST-1997,USB Hub,Accessories,South,Sneha,3,846.11
ORD-202602-02233,2026-02-14,CUST-1825,Wireless Mouse,Electronics,West,Amit,1,830.0
ORD-202602-02234,2026-02-03,CUST-4355,Notebook,Office,South,Sneha,6,189.13
ORD-202602-02235,2026-02-24,CUST-3518,Monitor Stand,Furniture,East,Karan,5,1938.85
ORD-202602-02236,2026-02-28,CUST-0520,Laptop Stand,Accessories,West,Neha,7,1369.52
ORD-202602-02237,2026-02-03,CUST-2228,Keyboard,Electronics,West,Ananya,6,1226.22
ORD-202602-02238,2026-03-02,CUST-3546,Desk Organizer,Office,North,Karan,5,562.45
ORD-202602-02239,2026-02-13,CUST-3705,Pen Set,Office,South,Sneha,1,313.07
ORD-202602-02240,2026-02-21,CUST-4050,Keyboard,Electronics,West,Vikram,4,1349.52
ORD-202602-02241,2026-02-09,CUST-1124,Wireless Mouse,Electronics,West,Amit,4,805.1
ORD-202602-02242,2026-02-04,CUST-4426,Mouse Pad,Accessories,East,Karan,5,389.99
ORD-202602-02243,2026-03-03,CUST-4518,Keyboard,Electronics,South,,4,1400.17
ORD-202602-02244,2026-02-21,CUST-1096,Headphones,Electronics,North,Sneha,6,2690.96
ORD-202602-02245,2026-02-08,CUST-3301,Laptop Stand,Accessories,North,Karan,1,1529.83
ORD-202602-02246,2026-02-12,CUST-3397,Mouse Pad,Accessories,North,Ananya,1,411.6
ORD-202602-02247,2026-02-24,CUST-4398,Office Chair,Furniture,Central,Rahul,7,7413.97
ORD-202602-02248,2026-02-10,CUST-0429,USB Hub,Accessories,East,Amit,4,939.05
ORD-202602-02249,2026-02-22,CUST-1163,Office Chair,Furniture,South,Neha,6,6613.92
ORD-202602-02250,2026-02-02,CUST-4305,Notebook,Office,East,Priya,7,199.13
ORD-202602-02251,2026-03-03,CUST-0180,USB Hub,Accessories,East,Sneha,1,836.41
ORD-202602-02252,2026-02-23,CUST-2409,Mouse Pad,Accessories,North,Karan,5,423.69
ORD-202602-02253,2026-02-11,CUST-1468,Keyboard,Electronics,Central,Priya,2,1338.9
ORD-202602-02254,2026-02-18,CUST-3121,Monitor Stand,Furniture,East,Amit,2,2190.54
ORD-202602-02255,2026-02-06,CUST-2366,Webcam,Electronics,East,Sneha,2,1760.95
ORD-202602-02256,2026-02-14,CUST-4257,Study Table,Furniture,East,Vikram,6,5510.16
ORD-202602-02257,2026-02-11,CUST-0387,Pen Set,Office,Central,Ananya,1,312.4
ORD-202602-02258,2026-02-13,CUST-2531,Webcam,Electronics,,Vikram,5,2038.52
ORD-202602-02259,2026-02-26,CUST-2593,Mouse Pad,Accessories,North,Rahul,3,427.2
ORD-202602-02260,2026-02-13,CUST-2544,Keyboard,Electronics,West,Karan,2,1221.58
ORD-202602-02261,2026-02-01,CUST-0387,Pen Set,Office,North,Priya,2,327.84
ORD-202602-02262,2026-02-15,CUST-2324,Wireless Mouse,Electronics, North,Karan,3,875.92
ORD-202602-02263,2026-02-02,CUST-4404,Pen Set,Office,East,Sneha,3,327.05
ORD-202602-02264,2026-02-15,CUST-3004,Headphones,Electronics,East,Amit,3,2555.78
ORD-202602-02265,2026-02-22,CUST-0546,Keyboard,Electronics,East,Karan,4,1385.24
ORD-202602-02266,2026-02-04,CUST-3587,Headphones,Electronics,North,Ananya,7,2287.1
ORD-202602-02267,2026-02-02,CUST-4643,Keyboard, Electronics,West,Karan,4,1235.47
ORD-202602-02268,2026-02-12,CUST-4026,Study Table,Furniture,East,Karan,2,5050.28
ORD-202602-02269,2026-02-15,CUST-0469,Monitor Stand,Furniture,North,Sneha,5,2001.22
ORD-202602-02270,2026-02-02,CUST-0150,Monitor Stand,Furniture,South,Amit,6,2184.8
ORD-202602-02271,2026-02-11,CUST-0882,Desk Organizer,Office,North,Rahul,5,616.87
ORD-202602-02272,2026-02-25,CUST-1741,Headphones,Electronics,Central,Neha,4,2479.63
ORD-202602-02273,2026-02-18,CUST-4627,Desk Organizer,Office,West,,5,634.08
ORD-202602-02274,2026-02-17,CUST-2163,Desk Organizer,Office,East,Ananya,7,605.03
ORD-202602-02275,2026-02-04,CUST-4851,Webcam,Electronics,North,Vikram,1,1882.91
ORD-202602-02276,2026-02-25,CUST-0494,Office Chair,Furniture,Central,Rahul,7,7180.03
ORD-202602-02277,,CUST-3808,Monitor Stand,Furniture ,South,Amit,7,2003.72
ORD-202602-02278,2026-02-14,CUST-3759,Laptop Stand,accessories,East,Rahul,7,1541.44
ORD-202602-02279,2026-02-20,CUST-4798,Notebook,Office,West,Neha,4,211.04
ORD-202602-02280,2026-02-05,CUST-2615,Study Table, Furniture,South,Amit,6,5457.67
ORD-202602-02281,2026-02-22,CUST-3028,Webcam,Electronics,Central,Priya,1,1866.73
ORD-202602-02282,2026-02-10,CUST-0010,Monitor Stand,Furniture,South,Karan,3,2022.45
ORD-202602-02283,2026-02-02,CUST-4408,Webcam,Electronics,South,Priya,7,2052.73
ORD-202602-02284,2026-02-08,CUST-3157,Monitor Stand,Furniture,North,Priya,2,1968.21
ORD-202602-02285,2026-02-12,CUST-3505,Webcam,Electronics,South,Amit,6,2031.08
ORD-202602-02286,2026-02-14,CUST-1696,Desk Organizer,Office,West,Neha,3,613.04
ORD-202602-02287,2026-02-08,CUST-0389,Mouse Pad,Accessories,East,Amit,5,360.09
ORD-202602-02288,2026-02-25,CUST-3635,Laptop Stand,Accessories,Central,Vikram,5,1491.87
ORD-202602-02289,2026-02-09,CUST-3664,USB Hub,Accessories,Central,Amit,7,846.95
ORD-202602-02290,2026-02-04,CUST-0899,Headphones,Electronics,South,Amit,3,2324.25
ORD-202602-02291,2026-02-07,CUST-4124,Pen Set,Office,West,Sneha,6,283.12
ORD-202602-02292,2026-02-13,CUST-0007,Monitor Stand,Furniture,East,Neha,4,2083.93
ORD-202602-02293,2026-02-02,CUST-3265,Notebook,Office, East,Rahul,3,204.07
ORD-202602-02294,2026-02-03,CUST-0435,Webcam,Electronics,South,Priya,1,1913.0
ORD-202602-02295,2026-02-05,CUST-3760,Pen Set,Office,North,Neha,1,298.72
ORD-202602-02296,2026-02-13,CUST-2203,USB Hub,Accessories,East,Priya,6,879.07
ORD-202602-02297,2026-03-02,CUST-1637,Study Table,Furniture,West,Priya,1,5924.15
ORD-202602-02298,2026-02-19,CUST-3741,Webcam,Electronics,Central,Rahul,1,2063.25
ORD-202602-02299,2026-02-03,CUST-4017,Mouse Pad,Accessories,East,Priya,2,420.1
ORD-202602-02300,2026-02-03,CUST-3020,Mouse Pad,Accessories,North,Neha,3,382.1
ORD-202602-02301,2026-02-04,CUST-3667,Study Table,Furniture,East,Neha,2,5954.17
ORD-202602-02302,2026-02-03,CUST-0075,Keyboard,Electronics,South,Neha,5,1381.91
ORD-202602-02303,2026-02-16,CUST-4108,Pen Set,Office,Central,Karan,6,276.52
ORD-202602-02304,2026-02-23,CUST-2959,Office Chair,Furniture,West,Amit,4,6777.38
ORD-202602-02305,2026-02-14,CUST-0786,Laptop Stand,Accessories,Central,Rahul,5,1447.32
ORD-202602-02306,2026-02-13,CUST-2411,Mouse Pad,Accessories,South,Rahul,7,417.36
ORD-202602-02307,2026-02-19,CUST-3136,Webcam,Electronics,East,Neha,7,1908.08
ORD-202602-02308,2026-02-11,CUST-3983,USB Hub,Accessories,North,Amit,5,857.09
ORD-202602-02309,2026-02-26,CUST-2591,Monitor Stand,Furniture,North,Rahul,1,1891.37
ORD-202602-02310,2026-02-22,CUST-1284,Laptop Stand,Accessories,South,Rahul,6,1486.26
ORD-202602-02311,2026-03-03,CUST-1272,Headphones,Electronics,South,Sneha,6,2581.95
ORD-202602-02312,,CUST-3595,Notebook,Office,West,Amit,3,199.35
ORD-202602-02313,2026-02-14,CUST-4312,Mouse Pad,Accessories,South,Neha,2,379.93
ORD-202602-02314,2026-02-27,CUST-3159,Office Chair,Furniture,Central,Priya,1,7166.96
ORD-202602-02315,2026-02-21,CUST-3996,Wireless Mouse,Electronics,West,Sneha,2,878.73
ORD-202602-02316,2026-02-25,CUST-3115,Study Table,Furniture ,Central,Vikram,6,5143.4
ORD-202602-02317,2026-02-15,CUST-2457,Desk Organizer,Office,South,Rahul,7,602.4
ORD-202602-02318,2026-02-13,CUST-2028,Office Chair, Furniture,East,Sneha,2,6824.94
ORD-202602-02319,2026-02-24,CUST-2447,USB Hub,Accessories,East,Ananya,3,848.37
ORD-202602-02320,2026-02-15,CUST-0065,USB Hub,Accessories,West,,6,966.51
ORD-202602-02321,2026-02-13,CUST-2893,Laptop Stand,Accessories,Central,Ananya,1,1636.24
ORD-202602-02322,2026-02-13,CUST-0939,Office Chair,Furniture,East,Ananya,7,6789.3
ORD-202602-02323,2026-02-04,CUST-4501,Wireless Mouse,Electronics,Central,Vikram,1,774.6
ORD-202602-02324,2026-02-25,CUST-4222,Mouse Pad,Accessories,East,Amit,2,366.42
ORD-202602-02325,2026-02-27,CUST-2471,Webcam,Electronics,South,Ananya,1,1943.72
ORD-202602-02326,2026-02-01,CUST-3085,Pen Set,Office,North,Rahul,6,270.69
ORD-202602-02327,2026-02-13,CUST-0189,Monitor Stand,Furniture,,Amit,3,1997.48
ORD-202602-02328,2026-02-21,CUST-2891,Pen Set,Office,South,Neha,4,278.24
ORD-202602-02329,2026-02-05,CUST-4251,Wireless Mouse,Electronics,South,Neha,4,826.54
ORD-202602-02330,2026-02-10,CUST-2629,USB Hub,Accessories,East,Amit,3,976.12
ORD-202602-02331,2026-03-02,CUST-4304,Wireless Mouse,Electronics,South,Priya,6,733.29
ORD-202602-02332,2026-02-25,CUST-0385,Mouse Pad,Accessories,Central,Ananya,4,421.16
ORD-202602-02333,2026-02-28,CUST-4874,Headphones,Electronics,South,Ananya,6,2664.22
ORD-202602-02334,2026-03-03,CUST-1739,Desk Organizer,Office,West,Priya,5,560.21
ORD-202602-02335,2026-02-22,CUST-0136,Mouse Pad,Accessories,West,Priya,5,432.73
ORD-202602-02336,2026-02-09,CUST-3096,Laptop Stand,Accessories,Central,Karan,7,1535.25
ORD-202602-02337,2026-03-02,CUST-3073,Study Table,Furniture,West,Amit,4,5537.42
ORD-202602-02338,2026-02-14,CUST-0628,Desk Organizer,Office,South,Vikram,3,619.54
ORD-202602-02339,2026-02-17,CUST-1735,Pen Set,Office,,Neha,6,286.33
ORD-202602-02340,2026-02-17,CUST-4605,Laptop Stand,Accessories,North,Ananya,5,1356.72
ORD-202602-02341,2026-02-18,CUST-0946,Webcam,Electronics,South,Amit,4,1876.99
ORD-202602-02342,2026-02-18,CUST-0364,Notebook,Office,Central,Priya,3,208.69
ORD-202602-02343,2026-02-25,CUST-4109,Office Chair,Furniture,North,Karan,7,7585.03
ORD-202602-02344,2026-02-05,CUST-3399,Office Chair,Furniture,South,Rahul,2,6901.16
ORD-202602-02345,2026-02-14,CUST-2495,Office Chair,Furniture,North,Neha,1,6668.15
ORD-202602-02346,2026-02-19,CUST-1507,Wireless Mouse,Electronics,East,Ananya,5,740.08
ORD-202602-02347,2026-02-18,CUST-4357,Monitor Stand,Furniture,West,Neha,1,2173.11
ORD-202602-02348,2026-02-23,CUST-4319,Webcam,Electronics,North,Neha,6,1796.81
ORD-202602-02349,2026-02-11,CUST-0005,Wireless Mouse,Electronics,North,Amit,6,864.69
ORD-202602-02350,2026-03-02,CUST-4135,Notebook,Office,Central,Ananya,6,186.41
ORD-202602-02351,2026-02-01,CUST-2365,USB Hub,Accessories,South,Priya,2,812.36
ORD-202602-02352,2026-02-23,CUST-1667,Keyboard,Electronics,North,Neha,7,1227.35
ORD-202602-02353,2026-02-06,CUST-1742,Headphones,Electronics,North,Rahul,1,2495.4
ORD-202602-02354,2026-02-19,CUST-2311,Headphones,Electronics,Central,Ananya,1,2423.38
ORD-202602-02355,2026-02-01,CUST-2869,USB Hub,Accessories,Central,Ananya,3,972.31
ORD-202602-02356,2026-02-08,CUST-4796,Desk Organizer,Office,North,Ananya,4,604.4
ORD-202602-02357,2026-02-13,CUST-0126,Pen Set,Office,South,Vikram,5,276.14
ORD-202602-02358,2026-02-04,CUST-3040,Wireless Mouse,Electronics,North,Rahul,3,819.03
ORD-202602-02359,2026-02-11,CUST-0329,Headphones,Electronics, East,Rahul,7,2443.5
ORD-202602-02360,2026-02-20,CUST-0031,Notebook,Office,Central,Sneha,6,-100.0
ORD-202602-02361,2026-02-06,CUST-1516,Office Chair, Furniture,West,Ananya,2,7399.59
ORD-202602-02362,2026-02-20,CUST-3887,Wireless Mouse,Electronics,South,Ananya,1,876.59
ORD-202602-02363,2026-02-15,CUST-1729,Laptop Stand,Accessories,West,Karan,5,1521.98
ORD-202602-02364,2026-02-27,CUST-1807,Keyboard,Electronics,South,Amit,2,1264.38
ORD-202602-02365,2026-02-20,CUST-4513,Mouse Pad,Accessories,Central,Amit,2,393.7
ORD-202602-02366,2026-02-14,CUST-1380,USB Hub,Accessories,East,Amit,6,881.49
ORD-202602-02367,,CUST-3840,Headphones,Electronics,Central,Neha,2,2474.28
ORD-202602-02368,2026-02-06,CUST-4161,Monitor Stand,Furniture,South,Ananya,3,1811.12
ORD-202602-02369,2026-02-18,CUST-3240,Desk Organizer,Office,Central,Sneha,7,568.73
ORD-202602-02370,2026-02-07,CUST-4838,Notebook,office,South,Ananya,5,218.41
ORD-202602-02371,2026-02-14,CUST-4919,Desk Organizer,Office,West,Ananya,5,650.28
ORD-202602-02372,2026-02-15,CUST-0311,Laptop Stand,Accessories,North,Sneha,7,1363.58
ORD-202602-02373,2026-02-19,CUST-0851,Monitor Stand,Furniture,South,Priya,6,2190.74
ORD-202602-02374,2026-02-10,CUST-1952,USB Hub,Accessories,East,Ananya,4,951.49
ORD-202602-02375,2026-02-21,CUST-3331,USB Hub,Accessories,East,Ananya,5,809.59
ORD-202602-02376,2026-02-06,CUST-1399,Notebook,Office,North,Priya,4,215.46
ORD-202602-02377,2026-02-06,CUST-3187,Notebook,Office,North,Neha,3,217.32
ORD-202602-02378,2026-02-04,CUST-4489,Pen Set,Office,Central,Amit,7,306.7
ORD-202602-02379,2026-02-15,CUST-0032,Office Chair,Furniture,South,Neha,5,-100.0
ORD-202602-02380,2026-02-13,CUST-4339,Webcam,Electronics,West,Vikram,6,1835.4
ORD-202602-02381,2026-02-26,CUST-2431,Desk Organizer,Office,North,Neha,3,607.66
ORD-202602-02382,2026-02-11,CUST-4506,Headphones,Electronics,South,Neha,2,2614.73
ORD-202602-02383,2026-02-19,CUST-3402,Webcam,Electronics,North,Ananya,1,1922.27
ORD-202602-02384,2026-03-02,CUST-0214,Mouse Pad,Accessories,East,Sneha,6,383.41
ORD-202602-02385,2026-02-20,CUST-4512,Mouse Pad,Accessories,East,Neha,4,410.91
ORD-202602-02386,2026-02-27,CUST-0251,Pen Set,Office,East,Ananya,4,319.24
ORD-202602-02387,2026-02-16,CUST-1252,Keyboard,Electronics,West,Neha,1,1386.29
ORD-202602-02388,2026-02-06,CUST-2758,Office Chair,Furniture,West,Sneha,6,6484.11
ORD-202602-02389,2026-02-14,CUST-4520,Notebook,Office,South,Vikram,2,196.83
ORD-202602-02390,2026-02-24,CUST-0835,Notebook,Office,east,Karan,5,180.64
ORD-202602-02391,2026-02-04,CUST-2691,Desk Organizer,Office,North,Rahul,3,614.91
ORD-202602-02392,2026-02-15,CUST-0564,Desk Organizer,Office,West,,2,568.11
ORD-202602-02393,2026-02-17,CUST-1699,USB Hub,Accessories,South,,2,976.38
ORD-202602-02394,2026-03-01,CUST-1302,Mouse Pad,Accessories,North,Vikram,6,408.44
ORD-202602-02395,2026-03-03,CUST-2140,Webcam,electronics,Central,Priya,1,1861.25
ORD-202602-02396,2026-02-19,CUST-3548,Notebook,Office,East,Vikram,1,208.21
ORD-202602-02397,2026-02-07,CUST-3604,Headphones,Electronics,North,Priya,3,2352.75
ORD-202602-02398,2026-02-07,CUST-3359,Pen Set,Office,North,Vikram,7,274.57
ORD-202602-02399,2026-02-19,CUST-0138,USB Hub,Accessories,South,Neha,5,824.81
ORD-202602-02400,2026-02-07,CUST-3926,Webcam,Electronics,Central,Karan,6,1930.45
ORD-202602-02401,2026-02-21,CUST-3234,Mouse Pad,Accessories,North,Amit,2,430.03
ORD-202602-02402,2026-03-02,CUST-0314,Monitor Stand,Furniture,East,Priya,7,1888.16
ORD-202602-02403,2026-02-06,CUST-4734,Notebook,Office,South,Ananya,1,209.35
ORD-202602-02404,2026-03-01,CUST-3833,Laptop Stand,Accessories,West,Sneha,1,1360.38
ORD-202602-02405,2026-02-02,CUST-3459,USB Hub,Accessories,East,Karan,4,872.63
ORD-202602-02406,2026-02-15,CUST-2454,Notebook,Office,East,Vikram,4,205.12
ORD-202602-02407,2026-02-12,CUST-3974,Keyboard,Electronics,Central,Rahul,3,1383.76
ORD-202602-02408,2026-02-18,CUST-1565,Notebook,Office,North,Neha,2,216.64
ORD-202602-02409,2026-02-15,CUST-3624,Wireless Mouse,Electronics,South,Karan,3,820.18
ORD-202602-02410,2026-02-17,CUST-3052,Study Table,Furniture,North,Priya,3,5457.95
ORD-202602-02411,2026-02-04,CUST-3052,Notebook,Office,South,Sneha,5,181.51
ORD-202602-02412,2026-02-24,CUST-3998,Keyboard,Electronics,South,Rahul,3,1240.71
ORD-202602-02413,2026-03-02,CUST-0866,Mouse Pad,Accessories,Central,Neha,2,432.76
ORD-202602-02414,2026-02-15,CUST-0520,Study Table,Furniture,West,Vikram,5,5590.17
ORD-202602-02415,2026-02-27,CUST-2777,Monitor Stand,Furniture,South,Rahul,5,1936.1
ORD-202602-02416,2026-02-04,CUST-4037,Keyboard,Electronics,West,Priya,4,1233.74
ORD-202602-02417,2026-02-23,CUST-1268,Webcam,Electronics,Central,Rahul,1,1752.27
ORD-202602-02418,2026-02-11,CUST-2848,Keyboard,Electronics,North,Amit,7,1364.37
ORD-202602-02419,2026-02-21,CUST-4786,Laptop Stand,Accessories,East,Ananya,4,1472.73
ORD-202602-02420,2026-02-18,CUST-3101,Study Table,Furniture,East,Rahul,2,5979.12
ORD-202602-02421,2026-02-02,CUST-0394,Desk Organizer,Office,Central ,Neha,6,593.54
ORD-202602-02422,2026-02-11,CUST-4395,Webcam,Electronics,South,Rahul,3,2019.92
ORD-202602-02423,2026-02-14,CUST-4881,Laptop Stand,Accessories,west,Priya,2,1388.15
ORD-202602-02424,2026-02-26,CUST-3550,Notebook,Office,East,Sneha,5,185.11
ORD-202602-02425,2026-02-04,CUST-3053,Notebook,Office,South,Rahul,1,189.97
ORD-202602-02426,2026-03-02,CUST-2918,Mouse Pad,Accessories,South,Vikram,2,374.36
ORD-202602-02427,2026-02-02,CUST-3117,USB Hub,Accessories,Central,Rahul,5,984.72
ORD-202602-02428,2026-02-08,CUST-1681,Monitor Stand,Furniture,Central,Neha,6,2122.2
ORD-202602-02429,2026-02-05,CUST-3224,Mouse Pad,Accessories,South,Priya,7,386.9
ORD-202602-02430,2026-02-28,CUST-2552,Office Chair,Furniture,East,Sneha,5,7026.75
ORD-202602-02431,2026-02-18,CUST-3961,Monitor Stand,Furniture,North,Vikram,2,2012.29
ORD-202602-02432,2026-02-23,CUST-4183,Laptop Stand,Accessories,East,Rahul,5,1531.14
ORD-202602-02433,2026-02-22,CUST-3550,Office Chair,Furniture,Central,Vikram,6,6444.14
ORD-202602-02434,2026-02-19,CUST-4979,Office Chair,Furniture,West,Sneha,5,6787.6
ORD-202602-02435,2026-02-10,,Headphones,Electronics,East,Vikram,6,2292.05
ORD-202602-02436,2026-02-05,CUST-3781,Headphones,Electronics,West,Sneha,6,2708.45
ORD-202602-02437,2026-02-14,CUST-1714,Headphones,Electronics,East,Ananya,4,2450.75
ORD-202602-02438,2026-02-13,CUST-3951,Pen Set,Office,East,Ananya,7,312.58
ORD-202602-02439,2026-02-14,CUST-1337,Desk Organizer,Office,North,Rahul,5,649.42
ORD-202602-02440,2026-03-03,,Desk Organizer,Office,North,Vikram,1,576.17
ORD-202602-02441,2026-02-04,CUST-0072,USB Hub,Accessories,East,Vikram,2,824.9
ORD-202602-02442,2026-02-21,CUST-3835,Desk Organizer,Office,North,Karan,4,579.38
ORD-202602-02443,2026-02-05,CUST-1453,Wireless Mouse,Electronics,North,Ananya,4,826.32
ORD-202602-02444,2026-02-19,CUST-1216,Pen Set,Office,South,Rahul,6,298.99
ORD-202602-02445,2026-02-21,CUST-1671,Mouse Pad,Accessories,East,Neha,5,365.08
ORD-202602-02446,,CUST-2120,Office Chair,Furniture,West,Rahul,1,6397.36
ORD-202602-02447,2026-02-15,CUST-0642,Monitor Stand,Furniture,Central ,Sneha,4,2078.78
ORD-202602-02448,2026-02-10,CUST-2780,Notebook,Office,West,Priya,4,208.41
ORD-202602-02449,2026-02-16,CUST-0620,Pen Set,Office,Central,Vikram,7,275.65
ORD-202602-02450,2026-02-16,CUST-2748,Monitor Stand,Furniture,South,Rahul,5,2116.83
ORD-202602-02451,2026-02-15,CUST-1844,Laptop Stand,Accessories,West,Priya,2,1452.7
ORD-202602-02452,2026-02-20,CUST-2987,Keyboard,Electronics,North,Priya,2,1186.82
ORD-202602-02453,2026-02-07,CUST-0757,Mouse Pad,Accessories,North,Amit,3,385.74
ORD-202602-02454,2026-02-27,CUST-4868,Laptop Stand,Accessories,West,Karan,3,1568.1
ORD-202602-02455,2026-02-27,CUST-0075,Pen Set,office,South,Karan,1,308.32
ORD-202602-02456,2026-02-15,CUST-4277,Office Chair,Furniture,East,Amit,6,6973.06
ORD-202602-02457,2026-03-01,CUST-1760,Mouse Pad,Accessories,Central,Rahul,1,381.42
ORD-202602-02458,2026-02-09,,Laptop Stand,Accessories,West,Neha,1,1474.4
ORD-202602-02459,2026-02-07,CUST-2982,Notebook,Office,South,Priya,1,194.29
ORD-202602-02460,2026-02-09,CUST-4152,USB Hub,Accessories,West,Rahul,1,879.23
ORD-202602-02461,2026-02-25,CUST-2776,Headphones,Electronics,Central,Sneha,4,2493.85
ORD-202602-02462,2026-02-05,CUST-3967,Office Chair,Furniture,South,Neha,6,6936.41
ORD-202602-02463,2026-02-10,CUST-3278,Laptop Stand,Accessories,East,Vikram,7,1379.82
ORD-202602-02464,2026-02-05,CUST-3397,Notebook,Office,West,Karan,6,190.65
ORD-202602-02465,2026-02-14,CUST-2858,Study Table,Furniture,West,Amit,5,5091.09
ORD-202602-02466,2026-02-10,CUST-1283,Headphones,Electronics,East,Karan,5,2550.03
ORD-202602-02467,2026-02-26,CUST-4245,USB Hub,Accessories,East,Neha,3,885.12
ORD-202602-02468,2026-02-24,,Headphones,Electronics,East,Ananya,3,2584.93
ORD-202602-02469,2026-02-28,CUST-3616,USB Hub,Accessories,East,Sneha,7,824.85
ORD-202602-02470,2026-02-13,CUST-1399,Webcam,Electronics,South,Ananya,1,1840.1
ORD-202602-02471,2026-02-17,CUST-2037,Study Table, Furniture,Central,Rahul,6,5147.45
ORD-202602-02472,2026-02-27,CUST-3625,Webcam,Electronics,West,Karan,6,1744.07
ORD-202602-02473,2026-02-23,CUST-0934,Notebook,Office,West,Priya,1,209.88
ORD-202602-02474,2026-03-02,CUST-0555,Keyboard,Electronics,north,Neha,2,1203.12
ORD-202602-02475,2026-03-03,CUST-2014,USB Hub,Accessories,East,Ananya,3,840.55
ORD-202602-02476,2026-02-03,CUST-2737,Office Chair,Furniture,South,Neha,7,6812.52
ORD-202602-02477,2026-02-08,CUST-4469,Pen Set,Office,North,Karan,4,286.61
ORD-202602-02478,2026-02-23,CUST-1595,Webcam,Electronics,South,Priya,6,2058.45
ORD-202602-02479,2026-02-04,CUST-1082,Monitor Stand,Furniture,North,Ananya,5,-100.0
ORD-202602-02480,2026-02-03,CUST-3523,Office Chair,Furniture,West,Priya,1,6890.38
ORD-202602-02481,2026-02-05,CUST-4376,USB Hub,Accessories,East,Vikram,5,845.26
ORD-202602-02482,2026-02-03,CUST-4277,Monitor Stand,Furniture,West,Sneha,5,1998.25
ORD-202602-02483,2026-02-21,CUST-3163,Headphones,Electronics,Central,Sneha,7,2496.84
ORD-202602-02484,2026-02-09,CUST-0078,Laptop Stand,Accessories,South,Karan,7,1488.82
ORD-202602-02485,2026-03-02,CUST-3265,Monitor Stand,Furniture,North,Ananya,5,1807.23
ORD-202602-02486,2026-02-04,CUST-0572,Monitor Stand,Furniture,North,Neha,7,1850.43
ORD-202602-02487,2026-02-15,CUST-3938,Office Chair,Furniture,North,Rahul,1,6496.48
ORD-202602-02488,2026-02-21,CUST-4628,Headphones,Electronics,North,Amit,5,2424.91
ORD-202602-02489,2026-02-12,CUST-3054,Headphones,Electronics,East,Vikram,5,2539.38
ORD-202602-02490,2026-02-23,CUST-1197,Pen Set,Office,West,Ananya,2,321.6
ORD-202602-02491,2026-02-27,CUST-1494,Wireless Mouse,Electronics,South,Karan,4,754.79
ORD-202602-02492,2026-02-20,CUST-3654,Monitor Stand,Furniture,East,Sneha,5,2107.43
ORD-202602-02493,2026-02-19,CUST-3800,Monitor Stand,Furniture,South,Priya,3,1889.54
ORD-202602-02494,2026-02-18,CUST-4063,Office Chair,Furniture,West,Sneha,5,6344.76
ORD-202602-02495,2026-03-03,CUST-0509,Monitor Stand,Furniture,,Rahul,6,2058.91
ORD-202602-02496,2026-02-25,CUST-3703,Headphones,Electronics,West,Ananya,5,2356.37
ORD-202602-02497,2026-02-02,CUST-4803,Study Table,Furniture,East,Ananya,3,5960.54
ORD-202602-02498,2026-02-24,CUST-0161,Webcam,Electronics,Central,Ananya,2,2063.61
ORD-202602-02499,2026-02-06,CUST-2156,Keyboard,Electronics,,Neha,5,1196.39
ORD-202602-02500,2026-02-27,CUST-3678,Webcam,Electronics,East,Amit,7,1783.05
ORD-202602-02501,2026-02-11,CUST-2646,Office Chair,Furniture,North,Vikram,4,6593.64
ORD-202602-02502,2026-02-22,CUST-4808,Monitor Stand,Furniture,Central,Amit,4,2163.49
ORD-202602-02503,2026-02-23,CUST-3382,Notebook,Office,North,Ananya,7,182.21
ORD-202602-02504,2026-02-12,CUST-1844,Webcam,Electronics,East,Rahul,3,1994.39
ORD-202602-02505,2026-03-02,CUST-3111,Notebook,Office,North,Priya,6,190.55
ORD-202602-02506,2026-02-17,CUST-3552,Mouse Pad,Accessories,West,Vikram,2,405.58
ORD-202602-02507,2026-02-14,CUST-3908,Mouse Pad,Accessories,East,Priya,2,373.25
ORD-202602-02508,2026-02-16,CUST-1383,Laptop Stand, Accessories,East,Sneha,2,1590.9
ORD-202602-02509,2026-02-10,CUST-4581,Keyboard,Electronics,Central,Amit,1,1343.37
ORD-202602-02510,2026-02-04,CUST-4988,Laptop Stand,Accessories,Central,Karan,4,1355.44
ORD-202602-02511,2026-03-03,CUST-1079,Study Table,Furniture,East,Karan,3,5209.9
ORD-202602-02512,2026-02-26,CUST-1042,USB Hub,Accessories,South,Rahul,2,892.95
ORD-202602-02513,2026-02-26,CUST-1924,Wireless Mouse,Electronics,South,Vikram,6,803.98
ORD-202602-02514,2026-03-01,CUST-1528,Laptop Stand, Accessories,West,Rahul,4,1597.12
ORD-202602-02515,2026-02-19,CUST-0933,USB Hub,Accessories,Central,Priya,2,878.68
ORD-202602-02516,2026-03-03,CUST-0840,Notebook,Office,East,Rahul,2,215.99
ORD-202602-02517,2026-03-03,,Pen Set,Office,East,Rahul,6,280.69
ORD-202602-02518,2026-02-08,CUST-4776,USB Hub,Accessories,Central,Vikram,2,963.32
ORD-202602-02519,2026-02-14,CUST-0479,Keyboard,Electronics,North,Vikram,3,1404.04
ORD-202602-02520,2026-02-03,CUST-2858,USB Hub,Accessories,North,Karan,1,921.78
ORD-202602-02521,2026-02-22,,Wireless Mouse,Electronics,North,Vikram,6,873.71
ORD-202602-02522,2026-02-04,CUST-1235,Mouse Pad,Accessories,East,Karan,3,391.86
ORD-202602-02523,2026-02-24,CUST-2861,USB Hub,Accessories,Central,Sneha,5,934.83
ORD-202602-02524,2026-02-25,CUST-0673,Laptop Stand,Accessories,South,Sneha,3,1352.13
ORD-202602-02525,2026-02-13,CUST-0416,Pen Set,Office,West,Neha,6,285.53
ORD-202602-02526,2026-02-20,CUST-4375,Desk Organizer,Office,,Vikram,3,606.95
ORD-202602-02527,2026-03-02,CUST-2231,Webcam,Electronics,Central,Karan,7,2041.78
ORD-202602-02528,2026-02-24,CUST-0314,Mouse Pad,Accessories,West,Ananya,6,435.14
ORD-202602-02529,2026-02-14,CUST-4383,Mouse Pad,Accessories, South,Priya,4,405.34
ORD-202602-02530,2026-03-01,CUST-3217,Mouse Pad,accessories,West,Sneha,4,427.4
ORD-202602-02531,2026-02-02,CUST-3693,USB Hub,Accessories,East,Karan,5,952.8
ORD-202602-02532,2026-02-08,CUST-3051,Headphones,Electronics,East,Ananya,5,2635.78
ORD-202602-02533,2026-02-11,CUST-2370,Headphones,Electronics,West,Sneha,5,2304.81
ORD-202602-02534,2026-02-12,CUST-3859,Wireless Mouse,Electronics,West,Priya,1,795.59
ORD-202602-02535,2026-02-21,CUST-1724,Wireless Mouse,Electronics,Central,Sneha,2,796.8
ORD-202602-02536,2026-02-25,CUST-3410,Office Chair,Furniture,East,Rahul,4,7401.38
ORD-202602-02537,2026-02-02,CUST-4413,Wireless Mouse,Electronics,West,Karan,4,812.76
ORD-202602-02538,2026-02-09,CUST-4183,Study Table,Furniture,South,Amit,1,5850.77
ORD-202602-02539,2026-02-26,CUST-2773,Study Table,Furniture,East,,2,6001.0
ORD-202602-02540,2026-02-16,CUST-0191,Webcam,Electronics,Central,Amit,4,1919.76
ORD-202602-02541,2026-02-10,CUST-0077,USB Hub,Accessories,West,Sneha,4,951.45
ORD-202602-02542,2026-02-14,CUST-2152,Laptop Stand,Accessories,East,Neha,5,1517.16
ORD-202602-02543,2026-02-19,CUST-3315,USB Hub,Accessories,East,Karan,1,921.6
ORD-202602-02544,2026-02-19,CUST-0405,Laptop Stand,Accessories,South,Ananya,6,1491.81
ORD-202602-02545,,,Laptop Stand,Accessories,South,Neha,3,1636.79
ORD-202602-02546,2026-03-03,,Pen Set,Office,West,Priya,4,317.99
ORD-202602-02547,2026-02-26,CUST-2295,USB Hub,Accessories,North,Neha,7,944.3
ORD-202602-02548,2026-02-04,CUST-2805,Headphones,Electronics,North,Rahul,3,2413.83
ORD-202602-02549,2026-02-14,CUST-1396,Laptop Stand, Accessories,East,Rahul,3,1494.63
ORD-202602-02550,2026-02-16,CUST-2969,Monitor Stand,Furniture,West,Rahul,2,-100.0
ORD-202602-02551,2026-02-20,CUST-2264,Monitor Stand,Furniture,Central,Priya,5,2173.47
ORD-202602-02552,2026-03-02,CUST-4624,Wireless Mouse,Electronics,East,Karan,7,878.51
ORD-202602-02553,2026-02-14,,Notebook,Office,north,Sneha,4,208.33
ORD-202602-02554,2026-02-11,,Monitor Stand,Furniture,West,Priya,2,2091.29
ORD-202602-02555,2026-02-28,CUST-4811,Headphones,Electronics,South,Priya,7,2296.02
ORD-202602-02556,2026-02-23,CUST-1549,Wireless Mouse,Electronics,North,Amit,1,839.2
ORD-202602-02557,2026-02-15,CUST-2038,Headphones,Electronics,West,Neha,3,2422.4
ORD-202602-02558,,CUST-3496,Laptop Stand,Accessories,West,Vikram,1,1608.31
ORD-202602-02559,2026-02-10,CUST-2293,Monitor Stand,Furniture,North,Rahul,1,1803.6
ORD-202602-02560,2026-02-08,CUST-3564,Webcam,Electronics,West,Vikram,7,2063.98
ORD-202602-02561,2026-02-01,CUST-1296,Laptop Stand,Accessories,East,Rahul,1,1494.17
ORD-202602-02562,2026-02-03,CUST-4786,Webcam,Electronics,West,Amit,7,1757.7
ORD-202602-02563,2026-02-27,CUST-3491,USB Hub,Accessories,West,Priya,4,917.16
ORD-202602-02564,2026-02-03,CUST-0420,Monitor Stand,Furniture,East,Karan,3,2075.78
ORD-202602-02565,2026-02-24,CUST-1216,Keyboard,Electronics,South,Sneha,7,1371.69
ORD-202602-02566,2026-02-03,CUST-3086,USB Hub,Accessories,West,Neha,1,935.29
ORD-202602-02567,2026-02-08,CUST-1466,Notebook,Office,North,Vikram,5,201.12
ORD-202602-02568,2026-02-11,CUST-2037,Keyboard,Electronics,East,Vikram,6,1190.39
ORD-202602-02569,2026-02-07,CUST-3233,Wireless Mouse,Electronics,West,Rahul,3,856.99
ORD-202602-02570,2026-02-04,CUST-1737,Monitor Stand,Furniture,South,Ananya,3,2192.27
ORD-202602-02571,2026-03-03,CUST-4521,Webcam,Electronics,North,Neha,1,2004.59
ORD-202602-02572,2026-02-13,CUST-3088,Webcam,Electronics,North,Amit,1,1722.3
ORD-202602-02573,2026-02-14,CUST-2098,Laptop Stand,Accessories,East,Neha,1,1575.66
ORD-202602-02574,2026-02-24,CUST-1398,Wireless Mouse,Electronics,East,Priya,4,762.19
ORD-202602-02575,2026-03-01,CUST-1479,Keyboard,Electronics,West,Neha,4,1419.05
ORD-202602-02576,2026-02-10,CUST-0180,Wireless Mouse,Electronics,Central,Neha,3,729.25
ORD-202602-02577,2026-02-15,CUST-0431,Mouse Pad,Accessories,Central,Neha,5,366.46
ORD-202602-02578,2026-02-15,CUST-3889,Mouse Pad,Accessories,South,Priya,3,373.57
ORD-202602-02579,2026-02-09,CUST-3844,Webcam,Electronics,North,Sneha,6,1995.15
ORD-202602-02580,2026-02-04,CUST-0434,Study Table,Furniture,West,Amit,5,5665.52
ORD-202602-02581,2026-03-01,CUST-2763,Webcam,Electronics,North,Rahul,7,1985.3
ORD-202602-02582,2026-02-22,CUST-1641,Wireless Mouse,Electronics,West,Rahul,6,775.65
ORD-202602-02583,2026-02-22,CUST-3488,Keyboard,Electronics,South,Neha,1,1397.61
ORD-202602-02584,2026-02-10,CUST-2975,Desk Organizer,Office,South ,Neha,4,592.56
ORD-202602-02585,2026-02-21,CUST-3998,Mouse Pad,Accessories,North,Sneha,5,369.8
ORD-202602-02586,2026-02-05,CUST-3119,Webcam,Electronics,North,Karan,1,2000.59
ORD-202602-02587,2026-02-04,CUST-1000,Webcam,Electronics,North,Amit,1,1910.22
ORD-202602-02588,2026-03-02,CUST-3332,Headphones,Electronics,East,Vikram,1,2545.69
ORD-202602-02589,2026-02-08,CUST-4175,USB Hub,Accessories,South,Vikram,2,878.34
ORD-202602-02590,2026-02-24,CUST-4973,Desk Organizer,Office,South,Sneha,7,624.24
ORD-202602-02591,2026-02-09,CUST-3519,Pen Set,Office,North,Rahul,2,271.23
ORD-202602-02592,,CUST-2007,Desk Organizer,Office,North,Neha,2,597.94
ORD-202602-02593,2026-02-19,CUST-2546,Wireless Mouse,Electronics,West,Sneha,4,787.36
ORD-202602-02594,2026-02-23,CUST-0688,Notebook,Office,Central,Neha,3,208.81
ORD-202602-02595,2026-03-02,CUST-3185,Desk Organizer,Office,West,Vikram,7,570.95
ORD-202602-02596,2026-02-14,CUST-0690,Headphones,Electronics,Central,Rahul,1,2365.91
ORD-202602-02597,2026-02-27,CUST-1302,Notebook,Office,West,Karan,6,191.83
ORD-202602-02598,2026-02-10,CUST-2552,Wireless Mouse,Electronics,North,Amit,2,795.89
ORD-202602-02599,2026-03-02,CUST-2393,Study Table,Furniture,West,Sneha,3,5179.92
ORD-202602-02600,2026-02-16,CUST-1919,Desk Organizer,Office,South,Priya,4,621.07
ORD-202602-02601,2026-02-27,CUST-3237,Pen Set,Office,West,Vikram,7,288.93
ORD-202602-02602,2026-02-26,CUST-4566,Notebook,Office,West,Amit,2,195.88
ORD-202602-02603,2026-02-20,CUST-4615,Pen Set,Office,Central,Amit,3,302.44
ORD-202602-02604,2026-03-02,CUST-2555,USB Hub,Accessories,Central,Ananya,5,876.86
ORD-202602-02605,2026-02-21,CUST-2759,Monitor Stand,Furniture,West,Karan,5,2079.45
ORD-202602-02606,2026-02-19,CUST-2260,Headphones,Electronics,Central,Rahul,3,2577.07
ORD-202602-02607,2026-02-08,CUST-4486,Office Chair,Furniture,East,Amit,1,7358.52
ORD-202602-02608,2026-02-12,CUST-4312,Desk Organizer,Office,Central,Amit,6,601.76
ORD-202602-02609,2026-02-01,CUST-0272,Office Chair,Furniture,North,Sneha,7,6813.42
ORD-202602-02610,2026-02-23,CUST-3981,Wireless Mouse,Electronics,East,Karan,5,751.24
ORD-202602-02611,2026-02-19,CUST-0150,USB Hub,Accessories,West,Neha,7,887.65
ORD-202602-02612,2026-02-22,CUST-3570,Pen Set,Office,Central,Rahul,2,321.31
ORD-202602-02613,2026-02-20,CUST-1694,Pen Set,Office,Central ,Ananya,7,276.34
ORD-202602-02614,2026-02-08,CUST-2637,Pen Set,Office,South,Sneha,6,281.98
ORD-202602-02615,2026-03-03,CUST-3915,Pen Set,Office,West,Ananya,7,308.88
ORD-202602-02616,2026-02-14,CUST-1174,Headphones,Electronics,North,Karan,7,2536.46
ORD-202602-02617,2026-02-22,CUST-0665,Office Chair,Furniture,North,Karan,3,7581.58
ORD-202602-02618,2026-02-05,CUST-2838,Mouse Pad,Accessories,West,Rahul,1,361.42
ORD-202602-02619,2026-02-19,CUST-4190,Monitor Stand,Furniture,South,Ananya,6,2150.33
ORD-202602-02620,2026-02-13,CUST-0579,Mouse Pad,Accessories,East,Priya,5,416.99
ORD-202602-02621,2026-03-01,CUST-1939,Mouse Pad,Accessories,South,Priya,5,420.99
ORD-202602-02622,2026-02-24,CUST-2685,Notebook,Office,West,Sneha,5,194.17
ORD-202602-02623,2026-03-01,CUST-1137,Study Table,Furniture,North,Rahul,1,5287.1
ORD-202602-02624,2026-02-10,CUST-4258,Study Table,Furniture,West,Karan,5,4964.91
ORD-202602-02625,2026-02-21,CUST-2993,Notebook,Office,West,Rahul,4,210.44
ORD-202602-02626,2026-02-20,CUST-2576,Notebook,Office,Central,Sneha,1,185.53
ORD-202602-02627,2026-02-08,CUST-0694,Wireless Mouse,Electronics,South,Rahul,6,755.24
ORD-202602-02628,2026-02-11,CUST-0343,Wireless Mouse,Electronics,South,Amit,1,763.29
ORD-202602-02629,2026-02-21,CUST-0828,Desk Organizer,Office,East,Neha,2,643.29
ORD-202602-02630,2026-02-05,CUST-0157,Laptop Stand,Accessories,South,Vikram,3,1435.41
ORD-202602-02631,2026-02-13,CUST-2674,USB Hub,Accessories,West,Neha,6,885.64
ORD-202602-02632,2026-02-23,CUST-4303,Pen Set,Office,West,Rahul,1,313.79
ORD-202602-02633,2026-02-27,CUST-3791,Headphones,Electronics,West,Karan,3,2695.06
ORD-202602-02634,2026-02-19,CUST-1122,Laptop Stand,Accessories,East,Rahul,3,1586.3
ORD-202602-02635,2026-02-21,CUST-0981,Wireless Mouse,Electronics,,Ananya,3,804.66
ORD-202602-02636,2026-02-26,CUST-2629,Desk Organizer,Office,North,Amit,7,539.36
ORD-202602-02637,2026-02-08,CUST-3888,Mouse Pad,Accessories,North,Karan,3,371.7
ORD-202602-02638,2026-02-22,CUST-3884,Headphones,Electronics ,South,Ananya,3,2375.85
ORD-202602-02639,2026-02-23,CUST-2610,Notebook,Office,South,Priya,3,195.57
ORD-202602-02640,2026-02-26,CUST-1267,Keyboard,Electronics,Central,Vikram,3,1263.2
ORD-202602-02641,2026-02-19,CUST-2416,Office Chair, Furniture,South,Ananya,7,7019.17
ORD-202602-02642,2026-02-05,CUST-3688,Webcam,Electronics,Central,Karan,2,1865.59
ORD-202602-02643,2026-02-02,CUST-4399,Webcam,Electronics,East,Neha,1,1984.86
ORD-202602-02644,2026-02-20,CUST-0377,Study Table,Furniture,West,Amit,3,5006.54
ORD-202602-02645,2026-02-09,CUST-3872,Desk Organizer,Office,North,Amit,1,658.27
ORD-202602-02646,2026-02-12,CUST-3744,Pen Set,Office,West,Sneha,6,319.51
ORD-202602-02647,2026-02-15,CUST-1067,Notebook,Office,East,Amit,7,192.43
ORD-202602-02648,2026-02-24,CUST-0320,Mouse Pad,Accessories,Central,Rahul,6,390.76
ORD-202602-02649,2026-02-11,CUST-1545,Headphones,Electronics,North,Karan,6,2730.76
ORD-202602-02650,2026-02-18,CUST-1386,Webcam,Electronics,South,Sneha,3,2064.52
ORD-202602-02651,2026-02-16,CUST-0567,Monitor Stand,Furniture,Central,Neha,5,1956.29
ORD-202602-02652,2026-02-02,CUST-1284,Study Table,Furniture,East,Ananya,3,5014.67
ORD-202602-02653,2026-02-22,CUST-0978,Desk Organizer,Office,East,Vikram,6,657.46
ORD-202602-02654,2026-02-17,CUST-4458,Study Table,Furniture,East,,2,5668.1
ORD-202602-02655,2026-02-07,CUST-0430,Office Chair,Furniture,South,Neha,1,7269.16
ORD-202602-02656,2026-02-24,CUST-2673,USB Hub,Accessories,Central,Karan,7,858.47
ORD-202602-02657,2026-02-04,CUST-1633,Desk Organizer,Office,East,Ananya,3,637.18
ORD-202602-02658,2026-02-09,CUST-4216,Desk Organizer,Office,North,Vikram,3,605.89
ORD-202602-02659,2026-02-08,,Keyboard,Electronics,South,Karan,5,1291.27
ORD-202602-02660,2026-02-21,CUST-2912,Study Table,Furniture,Central,Priya,3,5764.27
ORD-202602-02661,2026-03-03,CUST-1980,Mouse Pad,Accessories,East,Vikram,6,388.78
ORD-202602-02662,2026-02-27,CUST-4035,Laptop Stand,Accessories,West,Priya,4,1477.84
ORD-202602-02663,2026-02-05,CUST-3340,Mouse Pad,Accessories,North,Amit,6,411.16
ORD-202602-02664,2026-02-03,CUST-2757,Laptop Stand,Accessories,North,Sneha,1,1540.85
ORD-202602-02665,2026-02-25,CUST-1983,Laptop Stand,Accessories,South,Karan,6,1640.26
ORD-202602-02666,2026-02-18,CUST-2250,Notebook,Office,East,Sneha,3,201.5
ORD-202602-02667,2026-02-12,CUST-1264,Monitor Stand,Furniture,West,Neha,3,1927.43
ORD-202602-02668,2026-02-28,CUST-3290,USB Hub,Accessories,North,Vikram,7,860.78
ORD-202602-02669,2026-02-06,CUST-1476,Headphones,Electronics,Central ,Amit,4,2516.0
ORD-202602-02670,2026-02-04,CUST-1433,Desk Organizer, Office,West,Priya,1,553.42
ORD-202602-02671,2026-02-16,CUST-2333,Webcam,Electronics,South,Amit,4,1932.46
ORD-202602-02672,2026-02-09,CUST-4594,Mouse Pad,Accessories,East,Rahul,2,390.24
ORD-202602-02673,2026-02-08,CUST-2198,Webcam,Electronics,East,Neha,4,1842.79
ORD-202602-02674,2026-02-20,CUST-4541,Headphones,Electronics,West,Priya,2,2345.3
ORD-202602-02675,2026-02-10,CUST-2634,Webcam,Electronics,North,Karan,5,1897.26
ORD-202602-02676,2026-02-19,CUST-0364,Laptop Stand,Accessories,East,Vikram,2,1360.38
ORD-202602-02677,2026-02-18,CUST-2920,Monitor Stand,Furniture,East,Neha,4,2041.85
ORD-202602-02678,2026-02-25,CUST-4584,Pen Set,Office,West,Neha,7,286.18
ORD-202602-02679,2026-03-03,CUST-4411,Desk Organizer,Office,South,Vikram,5,647.53
ORD-202602-02680,2026-02-20,CUST-0910,Wireless Mouse,Electronics,South,Neha,5,803.21
ORD-202602-02681,2026-02-09,CUST-1340,Wireless Mouse,Electronics,Central,Karan,6,843.84
ORD-202602-02682,2026-02-18,CUST-3407,Laptop Stand,Accessories,Central,Karan,7,1604.29
ORD-202602-02683,2026-02-15,CUST-2185,Study Table,Furniture,Central,Priya,7,5915.81
ORD-202602-02684,2026-02-15,CUST-4116,Wireless Mouse,Electronics,Central,Sneha,7,858.23
ORD-202602-02685,2026-02-11,CUST-2603,Desk Organizer,Office,North,Neha,3,566.11
ORD-202602-02686,2026-02-03,CUST-1207,Office Chair,Furniture ,West,Priya,5,6723.68
ORD-202602-02687,2026-02-08,CUST-1659,Webcam,Electronics,West,Karan,6,1977.97
ORD-202602-02688,2026-02-19,CUST-0564,Keyboard,Electronics,South,Neha,4,1308.77
ORD-202602-02689,2026-02-03,CUST-1431,Keyboard,Electronics,East,Priya,1,1327.4
ORD-202602-02690,2026-02-05,CUST-3781,Keyboard,Electronics,Central,Vikram,4,1345.17
ORD-202602-02691,2026-02-18,CUST-1111,Office Chair,Furniture,North,Neha,2,6459.03
ORD-202602-02692,2026-03-03,CUST-2213,Office Chair,Furniture,Central,Priya,5,6534.7
ORD-202602-02693,2026-02-06,CUST-0900,Pen Set,Office,South,Ananya,7,307.24
ORD-202602-02694,2026-02-03,CUST-2434,Keyboard,Electronics,Central,Neha,5,1331.57
ORD-202602-02695,2026-02-11,,Monitor Stand,Furniture,East,Vikram,4,2125.91
ORD-202602-02696,2026-02-03,CUST-3810,Pen Set,Office,North,Amit,5,310.59
ORD-202602-02697,2026-02-28,CUST-3822,Office Chair,Furniture,North,Rahul,4,6589.81
ORD-202602-02698,2026-02-25,CUST-1269,Laptop Stand,Accessories,Central,Amit,4,1370.11
ORD-202602-02699,2026-02-04,CUST-1537,Headphones,Electronics,West,Rahul,2,2444.53
ORD-202602-02700,2026-02-04,CUST-0486,Office Chair,Furniture,South,Karan,5,6818.81
ORD-202602-02701,2026-02-17,CUST-4606,Wireless Mouse,Electronics,West,Sneha,3,841.73
ORD-202602-02702,2026-02-13,CUST-4789,Headphones,Electronics,East,Rahul,2,2584.71
ORD-202602-02703,2026-02-22,CUST-1695,Keyboard,Electronics,North,Ananya,6,1395.7
ORD-202602-02704,2026-03-01,CUST-3499,Keyboard,Electronics,West,Ananya,4,1300.11
ORD-202602-02705,2026-02-11,CUST-1056,Notebook,Office,North,Karan,4,190.59
ORD-202602-02706,2026-02-25,CUST-3261,Headphones,Electronics,East,Amit,4,2501.12
ORD-202602-02707,2026-02-11,CUST-0476,Monitor Stand,Furniture,North,Rahul,1,1885.26
ORD-202602-02708,2026-02-08,CUST-1665,Monitor Stand,Furniture,South,Ananya,4,1823.3
ORD-202602-02709,2026-03-03,CUST-1967,Headphones,Electronics,Central,Rahul,4,2498.84
ORD-202602-02710,2026-02-08,CUST-4979,Office Chair,Furniture,East,Ananya,4,6878.06
ORD-202602-02711,2026-02-05,CUST-2337,Wireless Mouse,Electronics,West,Sneha,1,724.25
ORD-202602-02712,2026-02-19,CUST-1113,Webcam,Electronics,South,Karan,6,1983.04
ORD-202602-02713,2026-02-19,CUST-0236,Pen Set,Office,North,Neha,5,307.63
ORD-202602-02714,2026-02-16,CUST-0891,Headphones,Electronics,West,Priya,6,2285.99
ORD-202602-02715,2026-02-03,CUST-1212,Keyboard,Electronics,South,Rahul,4,1353.56
ORD-202602-02716,2026-02-04,CUST-1592,Headphones,Electronics,North,Vikram,3,2290.49
ORD-202602-02717,2026-02-24,CUST-0682,Pen Set,Office,East,Ananya,6,300.06
ORD-202602-02718,2026-02-05,CUST-3695,Headphones,Electronics,East,Sneha,3,2560.1
ORD-202602-02719,2026-02-09,CUST-1935,Webcam,Electronics,North,Karan,4,1898.61
ORD-202602-02720,2026-02-25,CUST-1186,Headphones,Electronics,East,Priya,1,2622.65
ORD-202602-02721,2026-02-11,CUST-2629,Study Table,Furniture,East,Amit,2,5373.15
ORD-202602-02722,2026-02-11,CUST-1564,Study Table,Furniture,Central,Amit,1,5183.31
ORD-202602-02723,2026-03-01,CUST-3420,Office Chair,Furniture,North,Priya,3,6979.97
ORD-202602-02724,2026-02-25,CUST-2649,Wireless Mouse,Electronics,East,Rahul,2,773.79
ORD-202602-02725,2026-02-22,CUST-4662,Webcam,Electronics,West,Amit,3,1766.55
ORD-202602-02726,2026-02-06,CUST-3250,Study Table,Furniture,East,Sneha,6,5467.2
ORD-202602-02727,2026-02-09,CUST-1835,Notebook,Office,South,Rahul,5,187.12
ORD-202602-02728,2026-02-19,CUST-0747,Wireless Mouse,Electronics,Central,Priya,6,794.25
ORD-202602-02729,2026-02-27,CUST-0509,Webcam,Electronics,South,Vikram,6,1934.14
ORD-202602-02730,2026-02-16,CUST-3274,Office Chair,Furniture,Central,Amit,2,7394.02
ORD-202602-02731,2026-02-24,CUST-0165,Study Table,Furniture,,Karan,5,5887.41
ORD-202602-02732,2026-02-11,CUST-1906,USB Hub,Accessories,West,Sneha,7,929.24
ORD-202602-02733,2026-02-12,CUST-0103,Keyboard,Electronics,West,Sneha,3,1401.24
ORD-202602-02734,2026-02-19,CUST-1731,Keyboard,Electronics,East,Neha,3,1314.01
ORD-202602-02735,2026-02-18,CUST-4418,Headphones,Electronics,West,Ananya,4,2604.17
ORD-202602-02736,2026-02-04,CUST-0396,Office Chair,Furniture,South,Priya,6,7377.45
ORD-202602-02737,2026-02-13,CUST-4873,Office Chair,Furniture,North,Amit,2,7453.72
ORD-202602-02738,2026-02-27,CUST-4870,Webcam,Electronics,West,Vikram,4,1994.65
ORD-202602-02739,2026-02-17,CUST-4319,Monitor Stand,Furniture,Central,Ananya,2,2159.89
ORD-202602-02740,2026-02-24,CUST-3466,Study Table,Furniture,Central,Amit,5,5469.15
ORD-202602-02741,2026-02-26,CUST-0893,Monitor Stand,Furniture,West,Sneha,2,2180.3
ORD-202602-02742,2026-02-09,CUST-0500,Desk Organizer,Office,Central,Neha,3,587.05
ORD-202602-02743,2026-02-08,CUST-4596,Notebook,Office,East,Vikram,3,181.89
ORD-202602-02744,2026-02-18,CUST-1832,Monitor Stand,Furniture,North,Amit,1,1871.91
ORD-202602-02745,2026-02-15,CUST-2249,Pen Set,Office,South,Sneha,5,302.48
ORD-202602-02746,2026-02-28,CUST-0401,Office Chair,Furniture,South,Vikram,2,6319.52
ORD-202602-02747,2026-02-06,CUST-0300,USB Hub,Accessories,Central,Neha,4,837.4
ORD-202602-02748,2026-02-14,CUST-2708,Webcam,Electronics,Central,Vikram,5,1851.17
ORD-202602-02749,2026-02-02,CUST-2028,Notebook,Office,West,Karan,6,203.95
ORD-202602-02750,2026-02-12,CUST-3501,USB Hub,Accessories,Central,Amit,7,838.87
ORD-202602-02751,2026-02-19,CUST-4171,Laptop Stand,Accessories,South,Amit,1,1521.44
ORD-202602-02752,2026-02-25,CUST-0283,Desk Organizer,Office,West,Vikram,5,618.54
ORD-202602-02753,2026-02-27,CUST-4852,Notebook,Office,North,Karan,3,209.49
ORD-202602-02754,2026-02-01,CUST-4611,Laptop Stand,Accessories,North,Sneha,6,1547.11
ORD-202602-02755,2026-02-28,CUST-2867,Webcam,Electronics,,Amit,3,1804.08
ORD-202602-02756,2026-02-22,CUST-1871,Notebook,Office,West,Neha,1,218.79
ORD-202602-02757,2026-02-07,CUST-0834,Laptop Stand,Accessories,East,,6,1615.4
ORD-202602-02758,2026-02-07,CUST-1174,Webcam,Electronics,East,Sneha,6,1850.96
ORD-202602-02759,2026-02-25,CUST-3506,Headphones,Electronics,West,Rahul,3,2263.69
ORD-202602-02760,2026-02-22,CUST-0650,Pen Set,Office,South,Sneha,6,300.72
ORD-202602-02761,2026-02-07,CUST-4828,USB Hub,Accessories,South,Karan,3,964.66
ORD-202602-02762,2026-02-14,CUST-0729,Laptop Stand,Accessories,South,Priya,3,1595.52
ORD-202602-02763,2026-02-27,CUST-3774,Keyboard,Electronics,South,Karan,3,1402.29
ORD-202602-02764,2026-02-01,CUST-4249,Wireless Mouse,Electronics,,Vikram,4,874.03
ORD-202602-02765,2026-02-16,CUST-1479,Desk Organizer,Office,North,Karan,7,624.52
ORD-202602-02766,2026-02-28,CUST-2401,Monitor Stand,Furniture,East,Karan,1,1864.03
ORD-202602-02767,2026-02-01,CUST-2885,Laptop Stand,Accessories,East,Priya,5,1360.02
ORD-202602-02768,2026-02-17,CUST-3993,Office Chair,Furniture, North,Ananya,2,6511.04
ORD-202602-02769,2026-02-18,CUST-0256,Notebook,Office,Central,Neha,1,187.1
ORD-202602-02770,2026-02-10,CUST-1136,Webcam,Electronics,East,Karan,1,1732.42
ORD-202602-02771,2026-02-17,CUST-0750,Notebook,Office,North,Priya,2,197.15
ORD-202602-02772,2026-02-22,CUST-1590,Keyboard,Electronics,North,Rahul,6,1372.75
ORD-202602-02773,2026-02-09,CUST-3365,Laptop Stand,Accessories,North,Priya,6,1350.37
ORD-202602-02774,2026-02-16,CUST-2064,Desk Organizer,Office,East,Sneha,6,635.37
ORD-202602-02775,2026-02-17,CUST-2461,Study Table,Furniture,South,Rahul,2,5966.75
ORD-202602-02776,2026-02-02,CUST-2273,Headphones,Electronics,Central,Priya,1,2325.06
ORD-202602-02777,2026-02-07,CUST-0027,Study Table,Furniture,East,Ananya,7,4972.58
ORD-202602-02778,2026-02-21,CUST-0489,Notebook,Office,West,Ananya,7,198.18
ORD-202602-02779,2026-02-16,CUST-1136,Headphones,Electronics,South,Ananya,5,2683.19
ORD-202602-02780,2026-03-03,CUST-0226,Office Chair,Furniture,North,Sneha,6,7330.52
ORD-202602-02781,2026-02-27,CUST-4112,Study Table,Furniture,South,Sneha,6,4987.26
ORD-202602-02782,2026-02-07,,Webcam,Electronics,West,Rahul,5,1964.81
ORD-202602-02783,2026-03-03,CUST-2424,Keyboard,Electronics,West,Sneha,4,1381.55
ORD-202602-02784,2026-02-27,CUST-3333,Webcam,Electronics,North,Vikram,7,1812.04
ORD-202602-02785,2026-02-14,CUST-0282,Desk Organizer,Office,South,Sneha,5,617.38
ORD-202602-02786,2026-02-20,CUST-0274,Wireless Mouse,Electronics,East,Ananya,7,798.03
ORD-202602-02787,2026-02-09,CUST-3025,Webcam,Electronics,South,Amit,2,1787.2
ORD-202602-02788,2026-02-03,CUST-3863,Laptop Stand,Accessories,South,Sneha,2,1619.37
ORD-202602-02789,2026-02-08,CUST-4647,Wireless Mouse,Electronics,Central,,5,754.74
ORD-202602-02790,2026-02-23,CUST-1806,Notebook,Office,Central,Neha,7,212.55
ORD-202602-02791,2026-02-18,CUST-2093,Office Chair,Furniture,South,Rahul,5,7281.28
ORD-202602-02792,2026-02-14,CUST-3983,Headphones,Electronics,North,Vikram,4,2359.51
ORD-202602-02793,2026-02-15,CUST-0704,Study Table,Furniture,South,Sneha,1,5731.41
ORD-202602-02794,2026-02-25,CUST-4750,Monitor Stand,Furniture,Central,Priya,2,1809.5
ORD-202602-02795,2026-02-22,CUST-1489,Study Table,Furniture,Central,Priya,2,5208.95
ORD-202602-02796,2026-02-20,CUST-0133,Desk Organizer,Office,West,Amit,2,573.29
ORD-202602-02797,2026-02-16,CUST-3952,USB Hub,Accessories,West,Priya,5,968.98
ORD-202602-02798,2026-02-01,CUST-4822,Headphones,Electronics,South,Amit,5,2706.61
ORD-202602-02799,2026-02-11,CUST-2409,Study Table,Furniture,East,Priya,3,5247.14
ORD-202602-02800,2026-02-04,CUST-0829,Mouse Pad,Accessories,Central,Neha,7,396.98
ORD-202602-02801,2026-02-25,CUST-0758,USB Hub,Accessories,South,Karan,3,985.6
ORD-202602-02802,2026-02-11,CUST-1487,USB Hub,Accessories,East,Vikram,4,928.84
ORD-202602-02803,2026-02-08,CUST-2669,Headphones,Electronics,Central,Priya,4,2283.94
ORD-202602-02804,2026-02-15,CUST-3135,Laptop Stand,Accessories,West,Amit,5,1466.45
ORD-202602-02805,2026-02-15,CUST-3492,Office Chair,Furniture,North,Sneha,2,6889.03
ORD-202602-02806,2026-03-01,CUST-3580,Notebook,Office,West,Priya,3,191.29
ORD-202602-02807,2026-02-06,CUST-1205,USB Hub,Accessories,North,Karan,-1,902.58
ORD-202602-02808,2026-02-26,CUST-0852,Keyboard,Electronics,South,Rahul,6,1360.32
ORD-202602-02809,2026-02-07,CUST-4757,USB Hub,Accessories,Central,Ananya,3,933.43
ORD-202602-02810,2026-02-25,CUST-0685,Headphones,Electronics,North,Sneha,1,2424.8
ORD-202602-02811,2026-02-17,CUST-2549,USB Hub,Accessories,North,Sneha,6,941.55
ORD-202602-02812,2026-02-17,CUST-1433,Keyboard,Electronics,Central,Amit,5,1307.85
ORD-202602-02813,2026-02-22,CUST-3657,Monitor Stand,Furniture,West,Vikram,4,2106.75
ORD-202602-02814,2026-02-03,CUST-1628,Headphones,Electronics,South,Neha,5,2306.02
ORD-202602-02815,2026-02-25,CUST-0503,Keyboard,Electronics,South,Sneha,6,1274.26
ORD-202602-02816,2026-02-24,CUST-1592,Pen Set,Office,Central,Karan,1,292.7
ORD-202602-02817,2026-02-07,CUST-0503,Laptop Stand,Accessories,West,Priya,3,1454.57
ORD-202602-02818,2026-02-03,CUST-0857,Monitor Stand,Furniture,South,Karan,7,2078.17
ORD-202602-02819,2026-02-23,CUST-2365,USB Hub,Accessories,North,Rahul,3,909.27
ORD-202602-02820,2026-02-03,CUST-4855,Pen Set,Office,East,Ananya,7,292.18
ORD-202602-02821,2026-02-18,CUST-1017,Office Chair,Furniture,South,Priya,2,7049.82
ORD-202602-02822,2026-02-08,CUST-3991,Monitor Stand,Furniture,East,Rahul,4,2080.72
ORD-202602-02823,2026-02-23,CUST-2603,Office Chair,Furniture,North,Amit,1,7244.14
ORD-202602-02824,2026-03-01,CUST-4901,Notebook,Office,East,Amit,6,209.37
ORD-202602-02825,2026-02-27,CUST-2603,Office Chair,Furniture,South,Sneha,2,7490.99
ORD-202602-02826,2026-02-24,CUST-0519,Webcam,Electronics,Central,Priya,6,1989.92
ORD-202602-02827,2026-02-20,CUST-2052,Study Table,Furniture,South ,Vikram,1,5147.22
ORD-202602-02828,2026-02-03,CUST-0378,Study Table,Furniture,South,Karan,1,5880.17
ORD-202602-02829,2026-03-02,CUST-1110,Laptop Stand,Accessories,South,Amit,4,1448.64
ORD-202602-02830,2026-03-01,,Wireless Mouse,Electronics,West,Rahul,1,825.52
ORD-202602-02831,2026-02-02,CUST-4501,Pen Set,Office,West,Neha,3,328.36
ORD-202602-02832,2026-02-25,CUST-3073,Keyboard,Electronics,South,Rahul,5,1245.65
ORD-202602-02833,2026-02-04,CUST-1824,Wireless Mouse,Electronics,West,Sneha,4,762.28
ORD-202602-02834,2026-02-19,CUST-3176,Monitor Stand,Furniture,North,Priya,4,1871.93
ORD-202602-02835,2026-02-08,CUST-1222,Notebook,Office,North,Ananya,1,218.27
ORD-202602-02836,2026-02-04,CUST-0467,Pen Set,Office,South,Neha,5,294.63
ORD-202602-02837,2026-02-08,CUST-3669,Study Table,Furniture,West,Neha,1,5811.2
ORD-202602-02838,2026-02-10,CUST-4219,Monitor Stand,Furniture,East,Rahul,5,1818.79
ORD-202602-02839,2026-02-11,CUST-3062,Monitor Stand,Furniture,East,Ananya,6,1871.23
ORD-202602-02840,2026-02-10,CUST-2449,Keyboard,Electronics,West,Rahul,6,1185.52
ORD-202602-02841,2026-02-15,CUST-2290,Laptop Stand,Accessories,North,Ananya,3,1593.63
ORD-202602-02842,2026-02-20,CUST-1841,Desk Organizer,Office,South,Amit,2,551.87
ORD-202602-02843,2026-02-15,CUST-4850,Wireless Mouse,Electronics,West,Rahul,6,866.62
ORD-202602-02844,2026-02-19,CUST-2523,Webcam,Electronics,Central,Neha,-1,1961.2
ORD-202602-02845,2026-02-12,CUST-4360,Mouse Pad,Accessories,North,Priya,4,431.68
ORD-202602-02846,2026-02-09,CUST-0203,Laptop Stand,Accessories,South,Amit,2,1471.68
ORD-202602-02847,2026-02-05,CUST-1763,Headphones,Electronics,Central,Priya,1,2511.82
ORD-202602-02848,2026-02-10,CUST-1076,Study Table,Furniture,Central,Vikram,3,4979.42
ORD-202602-02849,2026-02-06,CUST-0583,USB Hub,Accessories,South,Sneha,4,892.87
ORD-202602-02850,2026-02-17,CUST-4993,USB Hub,Accessories,North,Ananya,6,915.31
ORD-202602-02851,2026-02-21,CUST-0261,Pen Set,Office,East,Sneha,6,275.12
ORD-202602-02852,2026-02-27,CUST-2763,Pen Set,Office,West,Vikram,6,327.78
ORD-202602-02853,2026-02-10,CUST-1088,Mouse Pad,Accessories,South,Amit,6,359.45
ORD-202602-02854,2026-02-04,CUST-0393,Study Table,Furniture,South,Priya,3,5243.24
ORD-202602-02855,2026-02-26,CUST-4913,Webcam,Electronics,West,Karan,3,1942.91
ORD-202602-02856,2026-02-23,CUST-1465,Study Table,Furniture,East,Vikram,5,5496.4
ORD-202602-02857,2026-02-10,CUST-1758,Study Table,Furniture,South,Karan,4,5212.17
ORD-202602-02858,2026-03-03,CUST-0924,Wireless Mouse,Electronics,central,Neha,3,876.78
ORD-202602-02859,2026-02-20,CUST-3432,Desk Organizer,Office,Central,Sneha,1,561.73
ORD-202602-02860,2026-02-24,CUST-4624,Headphones,Electronics,West,Rahul,4,2533.16
ORD-202602-02861,2026-02-11,CUST-1697,Mouse Pad,Accessories,Central,Karan,4,368.35
ORD-202602-02862,2026-02-14,CUST-4032,Study Table,Furniture,South,Priya,7,5010.84
ORD-202602-02863,2026-02-11,CUST-2046,Headphones,Electronics,North,Neha,6,2492.94
ORD-202602-02864,2026-02-23,CUST-2735,Notebook,Office,West,Sneha,2,211.13
ORD-202602-02865,2026-02-26,CUST-4002,Office Chair,Furniture,East,Karan,1,7042.83
ORD-202602-02866,2026-02-27,CUST-4759,Mouse Pad,Accessories,East,Neha,6,382.53
ORD-202602-02867,2026-02-11,CUST-3045,Keyboard,Electronics,South,Sneha,4,1173.45
ORD-202602-02868,2026-02-24,CUST-1865,Wireless Mouse,Electronics,North,Neha,1,-100.0
ORD-202602-02869,2026-02-22,CUST-2345,Mouse Pad,Accessories,North,Sneha,6,376.01
ORD-202602-02870,2026-02-01,CUST-4325,Wireless Mouse,Electronics,West,Amit,3,810.92
ORD-202602-02871,2026-02-25,CUST-1767,Wireless Mouse,Electronics,South,Karan,2,721.58
ORD-202602-02872,2026-02-05,CUST-2338,Monitor Stand,Furniture,Central,Ananya,5,1837.96
ORD-202602-02873,2026-02-04,CUST-3877,Mouse Pad,Accessories,East,Priya,6,372.68
ORD-202602-02874,2026-02-04,CUST-4244,Mouse Pad,Accessories,North,Rahul,6,368.06
ORD-202602-02875,2026-02-18,CUST-2234,Keyboard,Electronics,West,Karan,2,1306.99
ORD-202602-02876,2026-02-01,CUST-4504,Office Chair,Furniture,West,Ananya,5,6854.9
ORD-202602-02877,2026-02-16,CUST-4312,Mouse Pad,Accessories,North,Priya,4,423.04
ORD-202602-02878,2026-02-23,CUST-2315,Headphones,Electronics,Central,Amit,7,2307.18
ORD-202602-02879,2026-02-17,CUST-1387,Desk Organizer,Office,,Rahul,2,590.74
ORD-202602-02880,2026-02-09,CUST-0891,Webcam,Electronics,East,Rahul,6,1871.75
ORD-202602-02881,2026-02-11,CUST-0604,Mouse Pad,Accessories,North,Ananya,3,377.52
ORD-202602-02882,2026-02-23,CUST-0962,Notebook,Office,East,Ananya,5,182.92
ORD-202602-02883,2026-02-11,CUST-0344,Webcam,Electronics,Central,Rahul,4,1713.15
ORD-202602-02884,2026-02-21,CUST-1445,Study Table,Furniture,South,Neha,3,4969.81
ORD-202602-02885,2026-02-22,CUST-4958,Desk Organizer,Office,Central,Priya,2,586.86
ORD-202602-02886,2026-02-17,CUST-1115,Webcam,Electronics,North,Amit,3,1729.71
ORD-202602-02887,2026-02-12,CUST-1924,Headphones,Electronics,West,Sneha,5,2446.3
ORD-202602-02888,2026-02-02,CUST-1942,Laptop Stand,Accessories,South,Karan,5,1480.24
ORD-202602-02889,2026-02-24,CUST-2599,Mouse Pad,Accessories,North,Karan,5,394.64
ORD-202602-02890,2026-02-10,CUST-2534,Notebook,Office,West,Sneha,5,186.73
ORD-202602-02891,2026-02-15,CUST-2906,USB Hub,Accessories,East,Amit,1,898.77
ORD-202602-02892,2026-02-01,CUST-0436,Wireless Mouse,Electronics,south,Neha,3,781.79
ORD-202602-02893,2026-02-24,CUST-1606,Pen Set,Office,South,Ananya,3,328.27
ORD-202602-02894,2026-03-01,CUST-4549,Laptop Stand,Accessories,East,Vikram,3,1362.7
ORD-202602-02895,2026-02-28,CUST-4881,Laptop Stand,Accessories,,Karan,3,1365.25
ORD-202602-02896,2026-02-10,CUST-0013,Notebook,Office,East,Rahul,2,211.92
ORD-202602-02897,2026-02-03,CUST-3152,Office Chair,Furniture,North,Amit,7,6671.47
ORD-202602-02898,2026-02-03,CUST-0692,Wireless Mouse,Electronics,South,Vikram,1,748.47
ORD-202602-02899,2026-02-12,CUST-2679,Monitor Stand,Furniture,East,Ananya,5,2148.72
ORD-202602-02900,2026-02-01,CUST-0043,Pen Set,Office,West,Ananya,4,300.96
ORD-202602-02901,2026-02-06,CUST-3781,Notebook,Office,South,Priya,5,203.61
ORD-202602-02902,2026-02-19,CUST-4933,Wireless Mouse,Electronics,West,Ananya,6,720.37
ORD-202602-02903,2026-02-02,CUST-0616,Desk Organizer,Office,Central,Ananya,5,570.34
ORD-202602-02904,2026-02-20,CUST-2054,Desk Organizer,Office,East,Rahul,6,570.15
ORD-202602-02905,2026-02-27,CUST-0971,Notebook,Office,West,Rahul,2,209.38
ORD-202602-02906,2026-03-03,CUST-0981,Office Chair,Furniture,East,Priya,7,6838.8
ORD-202602-02907,2026-03-03,CUST-3965,Office Chair,Furniture,South,Amit,1,7107.39
ORD-202602-02908,2026-02-09,CUST-0594,Office Chair,Furniture,South,Vikram,5,7603.58
ORD-202602-02909,2026-02-21,,Laptop Stand,Accessories,South,Rahul,2,1644.31
ORD-202602-02910,2026-02-02,CUST-1853,Pen Set,Office,East,Ananya,2,276.71
ORD-202602-02911,2026-02-08,CUST-1545,Wireless Mouse,Electronics,North,Vikram,6,807.93
ORD-202602-02912,2026-02-25,CUST-4880,Notebook,Office,West,Vikram,5,206.93
ORD-202602-02913,2026-02-07,CUST-1973,Keyboard,Electronics,North,Sneha,5,1372.28
ORD-202602-02914,2026-02-10,CUST-2744,Webcam,Electronics,,Priya,6,2058.56
ORD-202602-02915,2026-02-13,CUST-0516,Pen Set,Office,East,Amit,2,312.65
ORD-202602-02916,2026-02-11,CUST-1772,USB Hub,Accessories,West,Rahul,5,933.15
ORD-202602-02917,2026-02-23,CUST-1031,Study Table,Furniture,North,Amit,2,5008.6
ORD-202602-02918,2026-03-01,,Keyboard,Electronics,South,Ananya,4,1310.64
ORD-202602-02919,2026-02-17,CUST-1519,Monitor Stand,Furniture,South,Rahul,3,2038.49
ORD-202602-02920,2026-02-18,CUST-0587,Desk Organizer,Office,West,Priya,5,622.54
ORD-202602-02921,2026-02-23,CUST-2774,USB Hub,Accessories,South,Amit,1,-100.0
ORD-202602-02922,2026-02-13,CUST-2586,Wireless Mouse,Electronics, South,Sneha,1,784.53
ORD-202602-02923,2026-02-15,CUST-2594,Wireless Mouse,Electronics,North,Neha,1,797.0
ORD-202602-02924,2026-03-02,CUST-2121,USB Hub,Accessories,South,Neha,2,983.02
ORD-202602-02925,2026-02-12,CUST-2625,Notebook,Office,Central,Priya,5,192.2
ORD-202602-02926,2026-02-09,CUST-3645,Mouse Pad,Accessories,North,Karan,2,421.7
ORD-202602-02927,2026-02-01,CUST-1308,Webcam,Electronics,,Ananya,7,1939.81
ORD-202602-02928,2026-02-01,CUST-0960,Pen Set,Office,Central,Rahul,3,295.64
ORD-202602-02929,2026-02-24,CUST-3389,Notebook,Office,Central,Karan,3,195.59
ORD-202602-02930,2026-02-08,CUST-0687,Laptop Stand,Accessories,West,Rahul,7,1510.16
ORD-202602-02931,2026-02-23,CUST-1758,Laptop Stand,Accessories,West,Sneha,2,1588.88
ORD-202602-02932,2026-02-02,CUST-2908,USB Hub,Accessories,,Sneha,2,831.06
ORD-202602-02933,2026-02-25,CUST-2923,Desk Organizer,Office,West,Neha,3,648.2
ORD-202602-02934,2026-02-13,CUST-3711,Notebook,Office,East,Vikram,1,209.91
ORD-202602-02935,2026-02-26,CUST-2359,Keyboard,Electronics,East,Karan,5,1259.78
ORD-202602-02936,2026-02-26,CUST-2488,Monitor Stand,Furniture,Central,Amit,6,1803.17
ORD-202602-02937,2026-02-18,CUST-0222,Headphones,Electronics,South,Neha,3,2301.69
ORD-202602-02938,2026-03-03,CUST-3951,Pen Set,Office,East,Sneha,7,277.73
ORD-202602-02939,2026-03-02,CUST-1185,Wireless Mouse,Electronics,North,Priya,1,735.65
ORD-202602-02940,2026-02-22,CUST-4206,Webcam,electronics,West,Rahul,4,1748.14
ORD-202602-02941,2026-02-16,CUST-3223,Notebook,Office,North,Karan,6,217.31
ORD-202602-02942,2026-03-01,CUST-4584,Study Table,Furniture,North,Ananya,3,5673.27
ORD-202602-02943,,CUST-4376,Notebook,Office,South,Neha,7,211.76
ORD-202602-02944,2026-02-13,CUST-1891,Wireless Mouse,Electronics,West,Priya,4,809.04
ORD-202602-02945,2026-02-11,CUST-1970,Monitor Stand,Furniture,Central,Priya,7,2046.77
ORD-202602-02946,2026-02-10,CUST-4522,Webcam,Electronics,East,Karan,5,2043.7
ORD-202602-02947,2026-03-01,CUST-4417,Laptop Stand,Accessories,West,Vikram,2,1427.64
ORD-202602-02948,2026-02-05,CUST-3546,Keyboard,Electronics,South,Sneha,6,1349.54
ORD-202602-02949,2026-02-01,CUST-4618,Desk Organizer,Office,North,Amit,1,646.84
ORD-202602-02950,2026-02-16,CUST-3125,USB Hub,Accessories,North,,2,977.45
ORD-202602-02951,2026-03-02,CUST-0124,Headphones,Electronics,North,Amit,6,2471.04
ORD-202602-02952,2026-02-11,CUST-2769,Pen Set,Office,South,Priya,7,320.33
ORD-202602-02953,2026-02-16,CUST-1851,Headphones,Electronics,West,Amit,3,2500.93
ORD-202602-02954,2026-02-04,CUST-0099,Mouse Pad,Accessories,North,Vikram,5,379.68
ORD-202602-02955,2026-02-26,CUST-2780,Pen Set,Office,South,Priya,5,284.11
ORD-202602-02956,2026-03-01,CUST-2802,Office Chair,Furniture,West,Priya,6,6931.48
ORD-202602-02957,2026-02-20,CUST-3660,Desk Organizer,Office,North,Sneha,7,570.0
ORD-202602-02958,2026-02-04,CUST-3895,Notebook,Office,East,Neha,1,180.29
ORD-202602-02959,2026-02-04,CUST-1613,Wireless Mouse,Electronics,South,Vikram,2,735.97
ORD-202602-02960,2026-02-23,CUST-4942,Webcam,Electronics,Central,Vikram,7,2031.63
ORD-202602-02961,2026-02-04,CUST-2209,Notebook,Office,East,Neha,4,214.22
ORD-202602-02962,2026-02-03,CUST-2166,Mouse Pad,Accessories,East,Priya,4,428.77
ORD-202602-02963,2026-02-28,CUST-0904,Mouse Pad,Accessories,Central,Neha,3,403.29
ORD-202602-02964,2026-02-17,CUST-4951,Desk Organizer,Office,West,Sneha,3,651.14
ORD-202602-02965,2026-02-19,CUST-1971,Study Table,Furniture,East,Ananya,2,5498.0
ORD-202602-02966,2026-02-21,CUST-0856,Mouse Pad,Accessories,West,Ananya,3,396.01
ORD-202602-02967,2026-02-11,CUST-4233,Keyboard,Electronics,East,Vikram,1,1292.34
ORD-202602-02968,2026-02-08,CUST-4791,USB Hub,Accessories,West,Rahul,3,854.79
ORD-202602-02969,2026-02-17,CUST-1071,Webcam,Electronics,South,Neha,7,1942.11
ORD-202602-02970,2026-02-03,CUST-2949,Mouse Pad,Accessories,South,Neha,2,394.93
ORD-202602-02971,2026-02-10,CUST-4526,Notebook,Office,Central,Vikram,6,217.89
ORD-202602-02972,2026-02-19,CUST-3313,Notebook,Office,East,Karan,1,185.94
ORD-202602-02973,2026-03-02,CUST-2184,Notebook,Office,East,Amit,6,182.15
ORD-202602-02974,2026-02-19,CUST-2869,Laptop Stand,Accessories,North,Neha,2,1454.37
ORD-202602-02975,2026-02-24,CUST-0509,Headphones,Electronics,South,Rahul,5,2356.83
ORD-202602-02976,2026-02-10,CUST-4915,Study Table,Furniture,West,Sneha,4,6040.0
ORD-202602-02977,2026-02-02,CUST-2566,USB Hub,Accessories,East,Priya,6,909.53
ORD-202602-02978,2026-02-12,CUST-0222,Headphones,Electronics,South,Amit,5,2428.89
ORD-202602-02979,2026-02-22,CUST-1690,Monitor Stand,Furniture,North,Ananya,4,2056.07
ORD-202602-02980,2026-02-02,CUST-2053,Wireless Mouse,Electronics,East,Rahul,6,791.51
ORD-202602-02981,2026-02-27,CUST-4973,Laptop Stand,Accessories,South,Priya,7,1411.71
ORD-202602-02982,2026-02-10,CUST-4377,Desk Organizer,Office,Central,Vikram,5,586.36
ORD-202602-02983,2026-02-22,CUST-1520,USB Hub,Accessories,North,Sneha,2,860.59
ORD-202602-02984,2026-02-28,CUST-0836,Office Chair,Furniture,West,Priya,1,7191.6
ORD-202602-02985,2026-02-19,CUST-0214,Laptop Stand,Accessories,South,Vikram,4,1593.91
ORD-202602-02986,2026-02-06,CUST-2848,Pen Set,Office,South,Rahul,4,284.8
ORD-202602-02987,2026-02-08,CUST-2228,USB Hub,Accessories,West,Priya,5,920.81
ORD-202602-02988,2026-02-15,CUST-2618,Mouse Pad,Accessories,East,Vikram,5,415.64
ORD-202602-02989,2026-03-03,CUST-1364,Mouse Pad,Accessories,North,Sneha,2,388.63
ORD-202602-02990,2026-02-21,CUST-4038,Monitor Stand,Furniture, West,Rahul,6,1994.02
ORD-202602-02991,2026-02-20,CUST-2583,Desk Organizer,Office,North,Priya,7,582.09
ORD-202602-02992,2026-02-25,CUST-4592,Laptop Stand,Accessories,Central,Priya,3,1460.9
ORD-202602-02993,2026-02-05,CUST-1199,USB Hub,Accessories,South,Vikram,7,889.33
ORD-202602-02994,2026-02-03,CUST-1295,USB Hub,Accessories,West,Rahul,7,862.22
ORD-202602-02995,2026-02-19,CUST-2931,Desk Organizer,Office,South,Vikram,3,597.6
ORD-202602-02996,2026-02-19,CUST-3466,Notebook,Office,South,Amit,6,209.04
ORD-202602-02997,2026-02-08,CUST-1476,Mouse Pad,Accessories,North,Ananya,7,390.56
ORD-202602-02998,2026-02-20,CUST-2739,USB Hub,Accessories,Central,Priya,6,979.09
ORD-202602-02999,2026-02-05,CUST-2555,USB Hub,Accessories,East,Amit,3,848.3
ORD-202602-03000,2026-02-07,CUST-3314,Notebook,Office,North,Amit,5,196.99
ORD-202602-03001,2026-02-28,CUST-3182,Office Chair,Furniture,North,Karan,5,7141.34
ORD-202602-03002,2026-02-01,CUST-1002,Monitor Stand,Furniture,South,Sneha,3,2016.3
ORD-202602-03003,2026-02-18,CUST-0569,Wireless Mouse,Electronics,East,Neha,5,870.42
ORD-202602-03004,2026-02-27,CUST-1364,Webcam,Electronics,North,Priya,7,1832.28
ORD-202602-03005,2026-02-23,CUST-0632,Pen Set,Office,South,Karan,1,291.68
ORD-202602-03006,2026-02-14,CUST-2750,Keyboard,Electronics,South,Amit,7,1323.86
ORD-202602-03007,2026-02-10,CUST-2561,Notebook,Office,Central,Rahul,3,202.84
ORD-202602-03008,2026-02-02,CUST-0015,USB Hub,Accessories,East,Sneha,6,950.68
ORD-202602-03009,2026-02-04,CUST-4124,Headphones,Electronics,North,Neha,1,2646.2
ORD-202602-03010,2026-02-18,CUST-3583,Mouse Pad,Accessories,South,Karan,7,359.97
ORD-202602-03011,2026-02-17,CUST-2333,Mouse Pad,Accessories,Central,Rahul,4,420.08
ORD-202602-03012,2026-02-12,CUST-0808,Desk Organizer,Office,North,Rahul,7,625.1
ORD-202602-03013,2026-02-10,CUST-0805,Office Chair,Furniture,North,Rahul,3,7119.06
ORD-202602-03014,2026-02-03,CUST-4657,Monitor Stand,Furniture,North,Sneha,6,1925.83
ORD-202602-03015,2026-02-04,CUST-1181,USB Hub,Accessories,North,Neha,5,972.19
ORD-202602-03016,2026-02-09,CUST-4304,Pen Set,Office,Central,Karan,2,313.25
ORD-202602-03017,2026-03-01,CUST-3318,Office Chair,Furniture,Central,Sneha,2,6659.25
ORD-202602-03018,,CUST-3117,Monitor Stand,Furniture,West,Ananya,4,1921.13
ORD-202602-03019,2026-02-04,CUST-4180,Pen Set,Office,North,Rahul,4,311.59
ORD-202602-03020,2026-02-18,CUST-4456,Webcam,Electronics,West,Vikram,5,2057.63
ORD-202602-03021,2026-02-04,CUST-1353,Laptop Stand,Accessories,West,Rahul,6,1496.16
ORD-202602-03022,2026-02-13,CUST-4937,Headphones,Electronics,West,Vikram,6,2688.52
ORD-202602-03023,2026-02-23,CUST-0641,Headphones,Electronics,West,Ananya,1,2440.08
ORD-202602-03024,2026-02-04,CUST-3875,Webcam,Electronics,West,Sneha,4,1859.18
ORD-202602-03025,2026-03-01,CUST-1931,Mouse Pad,Accessories,East,Karan,2,413.84
ORD-202602-03026,2026-02-20,CUST-3134,Office Chair,Furniture,North,Neha,4,6369.84
ORD-202602-03027,2026-03-01,CUST-4176,Webcam,Electronics,Central,Karan,4,1761.86
ORD-202602-03028,2026-02-23,CUST-2247,Headphones,Electronics,Central,Karan,7,2613.17
ORD-202602-03029,2026-03-02,CUST-0408,Keyboard,Electronics,East,Rahul,3,1231.99
ORD-202602-03030,2026-02-16,CUST-4068,Headphones,Electronics,East,Amit,4,2336.6
ORD-202602-03031,2026-02-01,CUST-0658,USB Hub,Accessories, Central,Neha,4,825.11
ORD-202602-03032,2026-02-02,CUST-3523,USB Hub,Accessories,East,Ananya,1,849.53
ORD-202602-03033,2026-02-06,CUST-2201,USB Hub,Accessories,South,Priya,1,854.13
ORD-202602-03034,2026-02-04,CUST-2364,Laptop Stand,Accessories,Central,Sneha,5,1451.38
ORD-202602-03035,2026-02-26,CUST-1312,USB Hub,Accessories,Central,Sneha,3,977.81
ORD-202602-03036,2026-03-02,CUST-2501,Pen Set,Office,South,,3,307.65
ORD-202602-03037,2026-02-20,CUST-0936,Wireless Mouse,Electronics,South,Neha,7,829.89
ORD-202602-03038,2026-02-06,CUST-1145,Study Table,Furniture,South,Rahul,2,5095.1
ORD-202602-03039,2026-03-03,CUST-2367,Webcam,Electronics,,Karan,7,1782.27
ORD-202602-03040,2026-02-10,,Keyboard,Electronics,Central,Karan,5,1402.57
ORD-202602-03041,2026-02-28,CUST-2569,Headphones,Electronics,Central,Ananya,2,2566.13
ORD-202602-03042,2026-02-22,CUST-4392,Notebook,Office,East,Ananya,7,211.32
ORD-202602-03043,2026-02-14,CUST-1372,Mouse Pad,Accessories,West,Karan,5,387.63
ORD-202602-03044,2026-02-25,CUST-0083,Keyboard,Electronics,East,Ananya,3,1319.06
ORD-202602-03045,2026-02-21,CUST-1541,Mouse Pad,Accessories,Central,Ananya,4,399.18
ORD-202602-03046,2026-03-01,CUST-0560,Headphones,Electronics,Central,Sneha,-1,2351.76
ORD-202602-03047,2026-02-19,CUST-2616,Study Table,Furniture,West,Vikram,6,5856.18
ORD-202602-03048,2026-02-13,CUST-4957,Laptop Stand,Accessories,Central,Amit,4,1449.16
ORD-202602-03049,2026-02-03,CUST-2444,Monitor Stand,Furniture,North,Neha,1,1985.76
ORD-202602-03050,2026-03-03,CUST-0891,Notebook,Office,Central,Ananya,5,184.39
ORD-202602-03051,2026-02-25,CUST-2919,Monitor Stand,Furniture,East,,6,2054.32
ORD-202602-03052,2026-02-04,CUST-3683,Notebook,Office,South,Ananya,3,210.59
ORD-202602-03053,2026-02-19,CUST-4353,Keyboard,Electronics,Central,Rahul,7,1275.72
ORD-202602-03054,2026-02-26,CUST-2405,Pen Set,Office,Central,Priya,3,327.59
ORD-202602-03055,2026-02-22,CUST-2122,Mouse Pad,Accessories,North,Karan,2,379.66
ORD-202602-03056,2026-02-09,CUST-2607,Office Chair,Furniture,West,Priya,5,7521.24
ORD-202602-03057,2026-02-05,CUST-1070,USB Hub,Accessories,Central,Amit,1,938.77
ORD-202602-03058,2026-03-02,CUST-0542,Headphones,Electronics,West,Ananya,7,2712.55
ORD-202602-03059,2026-02-12,CUST-3859,Keyboard,Electronics,East,Vikram,5,1361.52
ORD-202602-03060,2026-02-27,CUST-0690,Desk Organizer,Office,North,Ananya,3,598.38
ORD-202602-03061,2026-02-15,CUST-3446,Webcam, Electronics,East,Neha,1,1866.14
ORD-202602-03062,2026-02-24,CUST-2890,Pen Set,Office,East,Vikram,5,318.7
ORD-202602-03063,2026-02-08,CUST-2358,Keyboard,electronics,Central,Rahul,5,1387.43
ORD-202602-03064,2026-02-19,CUST-1889,Keyboard,Electronics,South,Neha,6,1322.1
ORD-202602-03065,2026-02-18,CUST-4920,Desk Organizer,Office,South,Priya,2,623.21
ORD-202602-03066,2026-02-07,CUST-3988,Laptop Stand,Accessories,Central,Ananya,2,1487.86
ORD-202602-03067,2026-02-22,CUST-0819,Notebook,Office,Central,Vikram,3,187.79
ORD-202602-03068,2026-02-15,CUST-4860,Wireless Mouse,Electronics,East,Rahul,6,727.09
ORD-202602-03069,2026-02-21,CUST-0649,Headphones,Electronics,East,Vikram,7,2575.82
ORD-202602-03070,2026-02-02,CUST-4062,Keyboard,Electronics,West,Priya,3,1342.96
ORD-202602-03071,2026-02-04,CUST-2134,Webcam,Electronics,North,Ananya,1,1961.77
ORD-202602-03072,2026-02-22,CUST-2030,Webcam,Electronics,South,Vikram,1,1922.7
ORD-202602-03073,2026-03-03,CUST-2522,Laptop Stand,Accessories,East,Ananya,4,1451.75
ORD-202602-03074,2026-02-04,CUST-2411,Webcam,Electronics,,Vikram,1,1801.03
ORD-202602-03075,2026-02-01,CUST-0631,USB Hub,Accessories,North,Karan,6,820.91
ORD-202602-03076,2026-02-09,CUST-0784,Study Table,Furniture,East,Karan,1,5111.88
ORD-202602-03077,2026-02-02,CUST-3679,Keyboard,Electronics,West,Rahul,3,1332.33
ORD-202602-03078,2026-02-08,CUST-3479,Study Table,Furniture,Central,Neha,6,5793.82
ORD-202602-03079,2026-02-22,CUST-1965,USB Hub,Accessories,West,Vikram,4,972.29
ORD-202602-03080,2026-02-25,CUST-2237,Notebook,Office,,Karan,5,182.44
ORD-202602-03081,2026-02-20,CUST-1917,Pen Set,Office,East,Amit,3,317.78
ORD-202602-03082,2026-02-13,CUST-4287,Desk Organizer,Office,North,Sneha,6,610.67
ORD-202602-03083,2026-02-05,CUST-0347,Monitor Stand,Furniture,South,Rahul,3,1919.57
ORD-202602-03084,2026-02-17,CUST-3261,Monitor Stand,Furniture,East,Neha,6,2089.27
ORD-202602-03085,2026-03-02,CUST-1541,Keyboard,Electronics,East,Rahul,7,1426.13
ORD-202602-03086,2026-02-07,CUST-0853,USB Hub,Accessories,South,Vikram,3,877.32
ORD-202602-03087,2026-02-17,CUST-0786,Notebook,Office,West,Rahul,2,204.07
ORD-202602-03088,,CUST-2055,Mouse Pad,Accessories,East,Sneha,7,379.91
ORD-202602-03089,2026-02-12,CUST-0726,Monitor Stand,Furniture,South,Rahul,5,1881.07
ORD-202602-03090,2026-02-16,CUST-3385,Pen Set,Office,East,Rahul,7,278.02
ORD-202602-03091,2026-02-06,CUST-1640,USB Hub,Accessories,West,Amit,3,814.88
ORD-202602-03092,2026-02-07,CUST-4290,Study Table,Furniture,North,Ananya,3,5745.15
ORD-202602-03093,2026-02-02,CUST-0730,Desk Organizer,Office,South,Sneha,1,556.59
ORD-202602-03094,2026-02-22,CUST-1755,Office Chair,Furniture,South,Vikram,6,7245.75
ORD-202602-03095,2026-03-01,CUST-1913,Pen Set,Office,South,Sneha,6,321.1
ORD-202602-03096,2026-02-14,CUST-3348,Wireless Mouse,Electronics,West,Neha,6,854.39
ORD-202602-03097,2026-02-20,CUST-1481,Monitor Stand,Furniture,South,Ananya,3,1918.63
ORD-202602-03098,2026-03-03,CUST-0868,Desk Organizer,Office,East,Karan,4,554.0
ORD-202602-03099,2026-02-24,CUST-2029,Keyboard,Electronics,South,Ananya,4,1284.21
ORD-202602-03100,2026-02-08,CUST-4524,Webcam,Electronics,North,Priya,1,1777.95
ORD-202602-03101,2026-02-25,CUST-4072,Laptop Stand,Accessories,Central,Sneha,1,1461.08
ORD-202602-03102,,CUST-2876,Webcam,Electronics,East,Amit,3,1925.14
ORD-202602-03103,,CUST-4979,Pen Set,Office,South,Amit,4,307.63
ORD-202602-03104,2026-03-01,CUST-3844,Notebook,Office,East,Priya,7,187.79
ORD-202602-03105,2026-02-02,CUST-3828,Headphones,Electronics,Central,Ananya,7,2362.7
ORD-202602-03106,2026-02-28,CUST-1985,Desk Organizer,Office,North,Sneha,6,642.84
ORD-202602-03107,2026-02-08,,Webcam,Electronics,Central,Vikram,7,2067.97
ORD-202602-03108,2026-02-16,CUST-4703,Headphones,Electronics,North,Rahul,6,2570.19
ORD-202602-03109,2026-02-24,CUST-4631,Monitor Stand,Furniture,Central,Neha,4,2021.72
ORD-202602-03110,2026-02-04,CUST-3601,Laptop Stand,Accessories,South,Ananya,7,1546.39
ORD-202602-03111,2026-02-01,CUST-0487,Webcam,Electronics,South,Priya,7,1757.95
ORD-202602-03112,2026-02-13,CUST-0769,Desk Organizer,Office,West,Priya,2,646.57
ORD-202602-03113,2026-02-19,CUST-2285,Desk Organizer,Office,North,Rahul,2,564.09
ORD-202602-03114,2026-02-19,CUST-2751,Keyboard,Electronics,North,Neha,7,1343.08
ORD-202602-03115,2026-03-02,CUST-3118,Wireless Mouse,Electronics,East,Ananya,1,754.57
ORD-202602-03116,2026-02-08,CUST-1359,Study Table,Furniture,Central,Vikram,4,5725.33
ORD-202602-03117,2026-02-23,CUST-3901,Mouse Pad, Accessories,South,Amit,3,419.22
ORD-202602-03118,2026-02-06,CUST-4167,USB Hub,Accessories,East,Priya,6,942.34
ORD-202602-03119,2026-02-14,CUST-1043,USB Hub,Accessories,South,Amit,7,886.18
ORD-202602-03120,2026-02-17,CUST-3915,Notebook,Office,West,Neha,3,203.26
ORD-202602-03121,2026-02-14,CUST-0754,Pen Set,Office,Central,Vikram,2,304.86
ORD-202602-03122,2026-02-06,CUST-2473,Keyboard,Electronics,Central,Rahul,3,1356.24
ORD-202602-03123,2026-02-06,CUST-4390,Webcam,Electronics,South,Amit,6,1898.62
ORD-202602-03124,2026-02-28,CUST-1510,Monitor Stand,Furniture,South,Amit,3,2001.92
ORD-202602-03125,2026-03-02,CUST-3426,Headphones,Electronics,Central,Ananya,5,2591.17
ORD-202602-03126,2026-02-03,CUST-4264,Study Table,Furniture,East,Neha,3,5136.23
ORD-202602-03127,2026-02-08,CUST-2455,USB Hub,Accessories,South,Sneha,6,926.42
ORD-202602-03128,2026-03-03,CUST-4253,Headphones,Electronics,South,Vikram,1,2323.19
ORD-202602-03129,2026-02-04,CUST-3189,Notebook,Office,North,Rahul,3,207.95
ORD-202602-03130,2026-02-17,CUST-2527,Pen Set,Office,North,Amit,3,292.36
ORD-202602-03131,2026-02-09,CUST-0592,Laptop Stand,Accessories,South,Ananya,5,1600.81
ORD-202602-03132,2026-03-03,CUST-3587,Office Chair,Furniture,West,Rahul,5,6422.86
ORD-202602-03133,2026-02-24,CUST-1555,Wireless Mouse,Electronics,West,Vikram,6,792.69
ORD-202602-03134,2026-02-24,CUST-1428,Keyboard,Electronics,North,Neha,7,1212.54
ORD-202602-03135,2026-02-03,CUST-4598,Pen Set,Office,North,Amit,6,321.06
ORD-202602-03136,2026-02-05,CUST-1745,Notebook,Office,Central,Sneha,1,184.08
ORD-202602-03137,2026-02-25,CUST-1799,Desk Organizer,Office,West,Amit,5,597.23
ORD-202602-03138,2026-02-08,CUST-4721,Study Table,Furniture,West,Vikram,1,5064.86
ORD-202602-03139,2026-02-14,CUST-1448,Monitor Stand,Furniture,Central,Priya,3,2118.03
ORD-202602-03140,2026-02-04,CUST-3682,Mouse Pad,Accessories,West,Sneha,5,381.61
ORD-202602-03141,2026-02-01,CUST-2601,Mouse Pad,Accessories,South,Rahul,3,406.51
ORD-202602-03142,2026-02-23,CUST-0361,Monitor Stand,Furniture,East,Vikram,5,1867.12
ORD-202602-03143,2026-02-06,CUST-2909,Monitor Stand,Furniture,West,Amit,6,1939.67
ORD-202602-03144,2026-02-06,CUST-2289,Wireless Mouse,Electronics,Central,Karan,5,737.27
ORD-202602-03145,2026-02-27,CUST-3629,Mouse Pad,Accessories,East,Priya,4,403.06
ORD-202602-03146,2026-02-23,CUST-1979,Study Table,Furniture,North,Amit,7,4952.9
ORD-202602-03147,2026-02-07,CUST-1202,Wireless Mouse,Electronics,West,Rahul,5,877.79
ORD-202602-03148,2026-02-27,CUST-1155,Monitor Stand,Furniture,West,Vikram,2,1965.53
ORD-202602-03149,2026-03-03,CUST-2641,Desk Organizer,Office,Central,Rahul,5,614.51
ORD-202602-03150,2026-02-13,CUST-4975,Headphones,Electronics,North,Rahul,4,2392.43
ORD-202602-03151,2026-02-15,CUST-2254,Pen Set,Office,Central,Amit,1,284.24
ORD-202602-03152,2026-02-21,CUST-0679,USB Hub,Accessories,North,Ananya,7,961.24
ORD-202602-03153,2026-02-05,CUST-4112,Laptop Stand,Accessories,West,Rahul,6,1576.4
ORD-202602-03154,2026-02-28,CUST-1572,Pen Set,Office,South,Sneha,5,307.57
ORD-202602-03155,2026-02-04,CUST-2123,Desk Organizer,Office,North,Neha,5,629.23
ORD-202602-03156,2026-02-24,CUST-4244,Study Table,Furniture,South,Ananya,5,5141.91
ORD-202602-03157,2026-02-18,CUST-0555,USB Hub,Accessories,East,Rahul,3,977.05
ORD-202602-03158,2026-02-05,CUST-0662,Headphones,Electronics,North,Amit,7,2476.38
ORD-202602-03159,2026-02-14,CUST-1008,Study Table,Furniture,East,Ananya,4,5904.51
ORD-202602-03160,2026-02-10,CUST-1881,Laptop Stand,Accessories,West,Vikram,3,1569.77
ORD-202602-03161,2026-03-02,CUST-4289,Desk Organizer,Office,Central,Sneha,5,573.35
ORD-202602-03162,2026-02-17,CUST-3171,Office Chair,Furniture,East,Ananya,2,7096.03
ORD-202602-03163,2026-02-12,CUST-3878,Wireless Mouse,Electronics,West,Ananya,3,873.57
ORD-202602-03164,2026-02-09,CUST-1685,USB Hub,Accessories,Central,Amit,1,815.77
ORD-202602-03165,2026-02-05,CUST-2063,Keyboard,Electronics,North,Karan,1,1279.9
ORD-202602-03166,2026-02-16,CUST-2045,Notebook,Office,West,Priya,6,203.8
ORD-202602-03167,2026-02-16,CUST-0568,Office Chair,Furniture,Central,Ananya,4,6774.89
ORD-202602-03168,2026-03-02,CUST-2751,Notebook,Office,Central,Ananya,6,191.75
ORD-202602-03169,2026-02-21,CUST-1662,Laptop Stand,Accessories,Central,Karan,5,1573.56
ORD-202602-03170,2026-02-15,CUST-4764,Monitor Stand,Furniture,Central,Rahul,2,2165.45
ORD-202602-03171,2026-02-12,CUST-3457,Keyboard,Electronics,East,Neha,2,1308.78
ORD-202602-03172,2026-02-09,CUST-4355,Keyboard,Electronics,,Amit,4,1415.44
ORD-202602-03173,2026-02-21,CUST-0976,Laptop Stand,Accessories,South,Rahul,1,1379.46
ORD-202602-03174,2026-02-05,CUST-0560,Monitor Stand,Furniture,North,Sneha,5,1890.04
ORD-202602-03175,2026-02-01,CUST-2184,Study Table,Furniture,North,Priya,4,5045.57
ORD-202602-03176,2026-02-28,CUST-2848,Notebook,Office,North,Sneha,1,196.43
ORD-202602-03177,2026-02-02,,Monitor Stand,Furniture,West,Amit,4,2049.66
ORD-202602-03178,2026-02-08,CUST-3267,Study Table,Furniture,East,Rahul,6,5169.58
ORD-202602-03179,2026-02-18,CUST-4162,Notebook,Office,Central,Neha,7,196.95
ORD-202602-03180,2026-02-07,CUST-1629,Keyboard,Electronics,South,Sneha,3,1346.91
ORD-202602-03181,2026-02-21,CUST-1458,Study Table,Furniture,West,Vikram,1,5652.41
ORD-202602-03182,2026-02-18,CUST-1321,Pen Set,Office,Central,Karan,7,306.73
ORD-202602-03183,2026-02-03,CUST-1816,Keyboard,Electronics,South,Karan,4,1326.55
ORD-202602-03184,2026-02-15,CUST-2989,Office Chair,Furniture,East,Vikram,6,7680.16
ORD-202602-03185,2026-02-26,CUST-4015,USB Hub,Accessories,East,Ananya,1,937.46
ORD-202602-03186,2026-02-12,CUST-2075,Office Chair,Furniture,Central,Ananya,3,7569.66
ORD-202602-03187,2026-02-22,,Webcam,Electronics,South,Vikram,2,2070.57
ORD-202602-03188,2026-02-18,CUST-4526,Wireless Mouse,Electronics,South,Sneha,6,856.48
ORD-202602-03189,2026-02-15,CUST-1716,USB Hub,Accessories,West,Neha,5,826.21
ORD-202602-03190,2026-02-18,CUST-0818,USB Hub,Accessories,Central,Ananya,-1,904.26
ORD-202602-03191,2026-02-16,CUST-1724,Study Table,Furniture,North,Rahul,3,5368.69
ORD-202602-03192,2026-02-03,CUST-0206,Keyboard,Electronics,North,Rahul,3,1194.32
ORD-202602-03193,2026-02-14,CUST-1830,Study Table,Furniture,Central,Rahul,2,5569.62
ORD-202602-03194,2026-02-13,CUST-4499,Keyboard,Electronics,East,Priya,2,1224.39
ORD-202602-03195,2026-02-25,CUST-4051,Monitor Stand,Furniture,East,Karan,2,2031.68
ORD-202602-03196,2026-02-23,CUST-4481,Desk Organizer,Office,Central,Neha,6,637.02
ORD-202602-03197,2026-02-18,CUST-1501,Laptop Stand,Accessories,South,Ananya,5,1467.17
ORD-202602-03198,2026-02-12,CUST-2084,Monitor Stand,Furniture,East,Priya,5,2178.84
ORD-202602-03199,2026-02-20,CUST-4243,Laptop Stand,Accessories,Central,Ananya,7,1578.89
ORD-202602-03200,2026-03-03,CUST-3770,Pen Set,Office,West,Amit,6,317.2
ORD-202602-03201,2026-02-26,CUST-0926,Wireless Mouse,Electronics,West,Ananya,3,737.04
ORD-202602-03202,2026-02-08,CUST-4229,Keyboard,Electronics,South,Neha,3,1413.8
ORD-202602-03203,2026-02-09,CUST-0515,Laptop Stand,Accessories,West,Amit,1,1359.45
ORD-202602-03204,2026-02-16,CUST-1275,Webcam,Electronics,Central,Rahul,6,2029.61
ORD-202602-03205,2026-02-21,CUST-2665,Headphones,Electronics,Central,Amit,7,2263.92
ORD-202602-03206,2026-02-21,CUST-3273,Laptop Stand,Accessories,West,Amit,6,1397.8
ORD-202602-03207,,CUST-3991,Notebook,Office,Central,Karan,4,191.65
ORD-202602-03208,2026-02-17,CUST-3686,Keyboard,Electronics,Central,Karan,3,1360.77
ORD-202602-03209,2026-02-26,CUST-1422,Desk Organizer,Office,West,Karan,4,646.85
ORD-202602-03210,2026-02-02,CUST-1788,Study Table,Furniture,East,Amit,2,5682.12
ORD-202602-03211,2026-02-07,CUST-3610,Office Chair,Furniture,East,Vikram,2,7317.83
ORD-202602-03212,2026-02-16,CUST-4730,Headphones,Electronics,West,Ananya,4,2393.93
ORD-202602-03213,2026-02-17,CUST-4339,Study Table,Furniture,Central,Rahul,2,6021.82
ORD-202602-03214,2026-03-02,CUST-4836,Keyboard,Electronics,East,Vikram,6,1275.03
ORD-202602-03215,2026-02-21,CUST-3377,Keyboard,Electronics,West,Rahul,7,1406.28
ORD-202602-03216,2026-02-13,CUST-2434,Desk Organizer,Office,East,Sneha,2,632.45
ORD-202602-03217,2026-02-19,CUST-3834,Desk Organizer,Office,,Priya,1,583.1
ORD-202602-03218,2026-02-04,CUST-0380,Keyboard,Electronics,West,Rahul,7,1258.25
ORD-202602-03219,2026-02-13,CUST-4682,USB Hub,Accessories,North,Karan,3,931.27
ORD-202602-03220,2026-02-01,CUST-4595,USB Hub,Accessories,North,Priya,2,978.2
ORD-202602-03221,2026-02-05,CUST-2524,Desk Organizer,Office,North,Sneha,6,619.65
ORD-202602-03222,2026-02-13,CUST-2615,Mouse Pad,Accessories,West,Ananya,6,427.52
ORD-202602-03223,2026-02-01,CUST-2649,Notebook,Office,Central,Sneha,5,217.56
ORD-202602-03224,2026-02-06,CUST-0695,Keyboard,Electronics ,South,Vikram,2,1254.83
ORD-202602-03225,2026-02-28,CUST-1029,Monitor Stand,Furniture,North,Sneha,5,2014.39
ORD-202602-03226,2026-02-26,CUST-3661,Notebook,Office,North,Karan,6,203.34
ORD-202602-03227,2026-02-18,CUST-0164,Pen Set,Office,East,Karan,4,282.09
ORD-202602-03228,2026-03-02,CUST-3436,Mouse Pad,Accessories,West,Priya,4,422.74
ORD-202602-03229,2026-02-01,CUST-1526,Webcam,Electronics,South,Karan,4,1808.52
ORD-202602-03230,2026-03-02,CUST-0700,Pen Set,Office,West,Rahul,5,311.37
ORD-202602-03231,2026-02-16,CUST-2982,Webcam,Electronics,North,Karan,4,1908.05
ORD-202602-03232,2026-02-12,CUST-1375,Headphones,Electronics,West,Amit,7,2667.27
ORD-202602-03233,2026-02-25,CUST-2237,Notebook,Office,South,Amit,1,199.46
ORD-202602-03234,2026-02-15,CUST-4322,Laptop Stand,Accessories,Central,Ananya,1,1524.98
ORD-202602-03235,2026-02-19,CUST-3490,Study Table,Furniture,West,Amit,2,5148.24
ORD-202602-03236,2026-02-10,CUST-4848,Pen Set,Office,East,Rahul,2,317.43
ORD-202602-03237,2026-02-17,CUST-1986,Laptop Stand,Accessories,Central,Neha,4,1469.66
ORD-202602-03238,2026-02-05,CUST-2027,Wireless Mouse,Electronics,Central,Priya,1,811.74
ORD-202602-03239,2026-02-07,CUST-3436,Laptop Stand,Accessories,North,Ananya,2,1602.75
ORD-202602-03240,2026-02-18,CUST-0673,Keyboard,Electronics,East,Vikram,4,1293.65
ORD-202602-03241,2026-03-02,CUST-4286,Headphones,Electronics,West,Ananya,7,2386.28
ORD-202602-03242,2026-02-06,CUST-1760,Webcam,Electronics,South,Rahul,6,1809.9
ORD-202602-03243,2026-02-18,CUST-2350,Pen Set,Office,Central,Amit,2,302.97
ORD-202602-03244,2026-02-02,CUST-2539,Keyboard,Electronics,West,Amit,1,1244.75
ORD-202602-03245,2026-02-16,CUST-0334,Headphones,Electronics,West,Rahul,6,2418.31
ORD-202602-03246,2026-02-27,CUST-1503,Wireless Mouse,Electronics,North,Priya,6,756.62
ORD-202602-03247,2026-02-11,CUST-0699,Study Table,furniture,Central,Vikram,7,5439.93
ORD-202602-03248,2026-02-25,CUST-3057,Monitor Stand,Furniture,Central,Karan,4,1985.44
ORD-202602-03249,2026-02-13,CUST-3533,Webcam,Electronics,Central,Rahul,1,1908.84
ORD-202602-03250,2026-03-01,CUST-0040,USB Hub,Accessories,East,Vikram,7,915.7
ORD-202602-03251,2026-02-20,CUST-0041,Webcam,Electronics,Central,Sneha,3,1932.39
ORD-202602-03252,2026-02-11,CUST-4083,Mouse Pad, Accessories,North,Neha,3,388.41
ORD-202602-03253,2026-02-09,CUST-1674,Notebook,Office,South,Priya,3,214.95
ORD-202602-03254,2026-02-27,CUST-4224,Webcam,Electronics,West,Neha,7,1903.43
ORD-202602-03255,2026-02-15,CUST-3292,Pen Set,Office,West,Amit,3,318.86
ORD-202602-03256,2026-02-13,CUST-3918,Wireless Mouse,Electronics,North,Sneha,4,808.17
ORD-202602-03257,2026-02-19,CUST-1922,Pen Set,Office,South,Sneha,4,291.26
ORD-202602-03258,2026-02-03,CUST-1518,Desk Organizer,Office,North,Amit,7,627.59
ORD-202602-03259,2026-02-06,CUST-3613,Wireless Mouse,Electronics,North,Rahul,7,747.38
ORD-202602-03260,2026-02-15,CUST-3162,Desk Organizer,Office,North,Priya,5,655.27
ORD-202602-03261,2026-02-10,CUST-2851,Desk Organizer,Office,Central,Sneha,1,607.66
ORD-202602-03262,2026-02-18,CUST-1827,Monitor Stand,Furniture,Central,Karan,3,1840.75
ORD-202602-03263,2026-02-11,CUST-3069,Office Chair,Furniture,West,Rahul,5,6888.92
ORD-202602-03264,2026-02-14,,Wireless Mouse,Electronics,North,Vikram,6,832.96
ORD-202602-03265,2026-02-25,CUST-4452,Keyboard,Electronics,West,Ananya,6,1186.79
ORD-202602-03266,2026-02-25,CUST-3546,Keyboard,Electronics,East,Sneha,4,1237.01
ORD-202602-03267,2026-02-10,CUST-1986,Notebook,Office,West,Karan,5,215.89
ORD-202602-03268,2026-02-11,CUST-4218,Desk Organizer,Office,East,Ananya,3,581.77
ORD-202602-03269,2026-02-20,CUST-0356,Pen Set,Office,,Neha,5,278.62
ORD-202602-03270,2026-03-01,CUST-4155,Laptop Stand,Accessories,Central,Ananya,4,1378.6
ORD-202602-03271,2026-02-17,CUST-2075,Headphones,Electronics,Central,Ananya,5,2558.51
ORD-202602-03272,2026-02-03,CUST-1156,Wireless Mouse,Electronics,Central,Vikram,7,808.29
ORD-202602-03273,2026-02-19,CUST-4152,Laptop Stand,Accessories,West,Priya,6,1543.29
ORD-202602-03274,2026-02-23,CUST-3291,Webcam,Electronics,Central,Amit,6,2072.96
ORD-202602-03275,2026-03-02,CUST-0371,Webcam,Electronics,North,Vikram,6,1731.93
ORD-202602-03276,2026-03-01,CUST-1336,Keyboard,Electronics,East,Sneha,2,1220.45
ORD-202602-03277,2026-02-22,CUST-2256,Webcam,Electronics,South,Sneha,2,1797.91
ORD-202602-03278,2026-02-18,,Office Chair,Furniture,East,Vikram,6,6896.94
ORD-202602-03279,2026-02-06,CUST-4033,Webcam,Electronics,North,Sneha,4,1755.07
ORD-202602-03280,2026-02-28,CUST-1837,Study Table,Furniture,Central,Amit,4,5399.87
ORD-202602-03281,2026-02-15,CUST-4044,Keyboard,Electronics,South,Karan,5,1381.15
ORD-202602-03282,2026-02-22,CUST-3950,Pen Set,Office,North,Priya,1,278.89
ORD-202602-03283,2026-02-23,CUST-1891,Keyboard,Electronics,North,Rahul,2,1407.23
ORD-202602-03284,2026-02-01,CUST-4688,USB Hub,Accessories,North,Rahul,2,972.94
ORD-202602-03285,2026-02-12,CUST-4721,Monitor Stand,Furniture,West,Priya,4,2004.19
ORD-202602-03286,2026-02-21,CUST-1450,Desk Organizer,Office,Central,Rahul,1,642.15
ORD-202602-03287,2026-02-15,CUST-2783,Mouse Pad,Accessories,North,Vikram,1,415.88
ORD-202602-03288,2026-02-21,CUST-4345,Pen Set,Office,North,Amit,5,290.43
ORD-202602-03289,2026-02-18,CUST-2695,Pen Set,Office,Central,Priya,6,302.69
ORD-202602-03290,2026-02-01,CUST-3701,Office Chair,Furniture,South,Rahul,2,6462.34
ORD-202602-03291,2026-02-10,CUST-3997,Notebook,Office,North,Amit,5,198.83
ORD-202602-03292,2026-02-13,CUST-2831,Mouse Pad,Accessories,North,Sneha,1,425.33
ORD-202602-03293,2026-02-12,CUST-1799,Wireless Mouse,Electronics,West,Neha,3,812.62
ORD-202602-03294,2026-02-02,CUST-2625,Monitor Stand,Furniture,North,Vikram,3,1951.84
ORD-202602-03295,2026-02-01,CUST-4162,Notebook,Office,East,Vikram,3,205.51
ORD-202602-03296,2026-02-10,CUST-1597,Webcam,Electronics,Central,Rahul,7,2080.11
ORD-202602-03297,2026-02-27,CUST-4222,Keyboard,Electronics,East,Rahul,1,1186.63
ORD-202602-03298,2026-03-03,CUST-1017,Notebook,Office,North,Amit,5,192.25
ORD-202602-03299,2026-02-26,CUST-2311,Office Chair,Furniture,West,Karan,2,6517.38
ORD-202602-03300,2026-03-02,CUST-0417,Office Chair,Furniture,East,Karan,4,7638.64
ORD-202602-03301,2026-03-01,CUST-4271,Study Table,Furniture,South,Ananya,2,5549.48
ORD-202602-03302,2026-02-22,CUST-3563,Study Table,Furniture,South,Ananya,6,5091.71
ORD-202602-03303,2026-02-04,CUST-0592,Pen Set,Office,West,Karan,1,305.71
ORD-202602-03304,2026-02-12,CUST-1113,Monitor Stand,Furniture,East,Amit,1,1999.17
ORD-202602-03305,2026-02-23,CUST-2639,Wireless Mouse,Electronics,East,Ananya,3,728.58
ORD-202602-03306,2026-02-13,CUST-2477,USB Hub,Accessories,West,Sneha,7,964.54
ORD-202602-03307,2026-02-09,CUST-0563,Mouse Pad,Accessories,South,Karan,1,415.69
ORD-202602-03308,2026-02-02,CUST-4450,Desk Organizer,Office,West,Rahul,2,539.73
ORD-202602-03309,2026-02-11,CUST-2305,Webcam,Electronics,North,Vikram,4,2073.58
ORD-202602-03310,2026-02-11,CUST-3356,Webcam,Electronics,East,Rahul,1,1769.59
ORD-202602-03311,2026-02-26,CUST-3763,Study Table,Furniture,East,Priya,4,4949.39
ORD-202602-03312,2026-02-25,CUST-0847,Pen Set,Office,East,Rahul,3,294.65
ORD-202602-03313,2026-02-04,CUST-1668,Pen Set,Office,South,Rahul,5,277.52
ORD-202602-03314,2026-02-17,CUST-3673,Headphones,Electronics,North,Sneha,1,2534.06
ORD-202602-03315,2026-02-28,CUST-3869,Mouse Pad,Accessories,Central,Neha,2,383.95
ORD-202602-03316,2026-02-15,CUST-1075,USB Hub,Accessories,East ,Karan,2,842.4
ORD-202602-03317,2026-03-02,CUST-1599,Pen Set,Office,West,Sneha,6,328.02
ORD-202602-03318,2026-02-03,,Study Table,Furniture,Central,Ananya,6,5315.04
ORD-202602-03319,2026-02-10,CUST-1720,Webcam,Electronics,East,Neha,1,1866.62
ORD-202602-03320,2026-03-01,CUST-0389,Office Chair,Furniture,Central,Neha,3,6710.98
ORD-202602-03321,2026-02-23,CUST-2490,Pen Set,Office,East,Karan,5,319.15
ORD-202602-03322,2026-02-09,CUST-0709,Mouse Pad,Accessories,North,Rahul,1,374.8
ORD-202602-03323,2026-02-28,CUST-2970,Monitor Stand,Furniture,Central,Neha,1,1850.14
ORD-202602-03324,2026-02-12,CUST-4671,Keyboard,Electronics,Central,Rahul,5,1398.1
ORD-202602-03325,2026-02-25,CUST-0505,Pen Set,Office,East,,4,280.06
ORD-202602-03326,2026-02-11,CUST-1402,USB Hub,Accessories,Central,Rahul,5,963.36
ORD-202602-03327,2026-02-11,CUST-2832,Pen Set,Office,West,Amit,4,303.68
ORD-202602-03328,2026-02-11,CUST-0754,Keyboard,Electronics,Central,Karan,7,1383.01
ORD-202602-03329,2026-02-12,CUST-2675,Desk Organizer,Office,North,Karan,1,547.5
ORD-202602-03330,2026-02-19,CUST-1075,Wireless Mouse,Electronics,Central,Ananya,2,873.09
ORD-202602-03331,2026-02-26,CUST-3180,Laptop Stand,Accessories,South,Karan,5,1438.97
ORD-202602-03332,2026-02-20,CUST-1806,Study Table,Furniture,Central,Neha,7,5013.58
ORD-202602-03333,2026-02-01,CUST-4628,Pen Set,Office,Central,Vikram,1,314.84
ORD-202602-03334,,,Mouse Pad,Accessories,North,Sneha,5,373.34
ORD-202602-03335,2026-02-14,CUST-4968,Laptop Stand,Accessories,West,Amit,7,1454.36
ORD-202602-03336,2026-02-03,CUST-0763,Keyboard,Electronics,South,Priya,4,1323.59
ORD-202602-03337,2026-02-11,CUST-4741,Keyboard,Electronics,South,Karan,6,1186.93
ORD-202602-03338,2026-03-03,CUST-0079,Desk Organizer,Office,Central,Amit,2,563.29
ORD-202602-03339,2026-02-11,CUST-1096,Webcam,Electronics,East,Karan,6,1894.85
ORD-202602-03340,2026-02-23,CUST-4325,Wireless Mouse,Electronics,East,Rahul,4,786.52
ORD-202602-03341,2026-02-07,CUST-4312,USB Hub,Accessories,South,Ananya,3,909.35
ORD-202602-03342,2026-02-28,CUST-1499,USB Hub,Accessories,West,Sneha,2,940.11
ORD-202602-03343,2026-02-26,CUST-4209,Monitor Stand,Furniture,South,Vikram,6,1940.23
ORD-202602-03344,2026-02-05,CUST-0385,Headphones,Electronics,South,Amit,6,2451.22
ORD-202602-03345,2026-02-22,CUST-1681,Webcam,Electronics,West,Vikram,6,1812.55
ORD-202602-03346,2026-03-01,CUST-0139,Headphones,Electronics,South,Amit,5,2418.88
ORD-202602-03347,2026-03-01,CUST-2587,Headphones,Electronics,West,Sneha,2,2274.6
ORD-202602-03348,2026-02-23,CUST-4498,Mouse Pad,Accessories,Central,Rahul,2,405.39
ORD-202602-03349,2026-02-23,CUST-3068,Headphones,Electronics,,Sneha,5,2335.45
ORD-202602-03350,2026-02-16,CUST-2616,Desk Organizer,Office,South,Sneha,2,624.91
ORD-202602-03351,2026-02-05,CUST-0991,Office Chair,Furniture,North,Rahul,5,6358.16
ORD-202602-03352,2026-02-01,CUST-3053,Mouse Pad,Accessories,East,Rahul,7,363.88
ORD-202602-03353,2026-02-10,CUST-1622,Webcam,Electronics,East,Karan,6,1817.23
ORD-202602-03354,2026-02-08,CUST-3081,Office Chair,Furniture,South,Ananya,4,6912.78
ORD-202602-03355,2026-03-01,CUST-0653,Monitor Stand,Furniture,South,Vikram,7,2076.4
ORD-202602-03356,2026-02-27,CUST-2611,Study Table,Furniture,Central,Karan,4,5710.36
ORD-202602-03357,2026-02-11,CUST-2488,Study Table,furniture,North,Rahul,4,6019.62
ORD-202602-03358,2026-02-12,CUST-3847,Office Chair,Furniture,South,Ananya,7,6791.33
ORD-202602-03359,2026-02-24,CUST-4546,Desk Organizer,Office,South,Rahul,3,546.21
ORD-202602-03360,2026-02-22,CUST-4531,Monitor Stand,Furniture,Central,Amit,2,2143.43
ORD-202602-03361,2026-02-28,CUST-1709,Laptop Stand,Accessories,South,Rahul,1,1568.15
ORD-202602-03362,2026-02-23,CUST-3206,Monitor Stand,Furniture ,South,Priya,5,1826.34
ORD-202602-03363,2026-02-22,CUST-3267,Wireless Mouse,Electronics,South,Sneha,4,732.42
ORD-202602-03364,2026-02-25,CUST-4220,Office Chair,Furniture,Central,Rahul,6,6966.3
ORD-202602-03365,2026-02-28,CUST-4036,Laptop Stand,Accessories,South,Sneha,2,1451.53
ORD-202602-03366,2026-02-12,CUST-0049,Webcam,Electronics,South,Karan,3,1935.6
ORD-202602-03367,2026-02-08,CUST-4005,Pen Set,Office,South,Rahul,1,282.21
ORD-202602-03368,2026-03-01,CUST-2401,Headphones,Electronics,Central,Karan,3,2728.58
ORD-202602-03369,2026-02-06,,Monitor Stand,Furniture,West,Amit,7,2003.85
ORD-202602-03370,2026-02-10,CUST-3021,Desk Organizer,Office,East,Priya,7,629.04
ORD-202602-03371,2026-02-05,CUST-1935,Wireless Mouse,Electronics,South,Karan,4,739.2
ORD-202602-03372,2026-02-26,CUST-1007,Office Chair,Furniture,North,Neha,1,7162.67
ORD-202602-03373,2026-03-01,CUST-4747,Keyboard,Electronics,North,Priya,7,1393.87
ORD-202602-03374,2026-02-14,CUST-0802,Office Chair,Furniture,South,Priya,2,6331.28
ORD-202602-03375,2026-02-04,CUST-0451,Office Chair,Furniture,West,Karan,1,7054.97
ORD-202602-03376,2026-02-08,CUST-0682,Pen Set,Office,West,Neha,3,283.86
ORD-202602-03377,2026-02-18,CUST-2758,Notebook,Office,West,Neha,7,198.14
ORD-202602-03378,2026-02-11,CUST-1425,Office Chair,Furniture, West,Rahul,6,7441.33
ORD-202602-03379,2026-02-24,CUST-2905,Study Table,Furniture,East,Amit,3,5708.04
ORD-202602-03380,2026-02-25,CUST-4118,Desk Organizer,Office,South,Sneha,4,629.49
ORD-202602-03381,2026-02-14,CUST-1456,Headphones,Electronics,West,Priya,1,2354.9
ORD-202602-03382,2026-02-20,CUST-0139,Pen Set,Office, North,Neha,2,318.88
ORD-202602-03383,2026-02-02,CUST-1796,Headphones,Electronics,North,Karan,5,2555.97
ORD-202602-03384,2026-02-05,CUST-3013,Wireless Mouse,Electronics,Central,Amit,3,730.17
ORD-202602-03385,2026-02-11,CUST-3642,Keyboard,Electronics,East,Vikram,7,1393.23
ORD-202602-03386,2026-02-04,CUST-0341,USB Hub,Accessories,West,Vikram,4,819.12
ORD-202602-03387,2026-02-01,CUST-4393,Monitor Stand,Furniture,Central,Ananya,6,1810.6
ORD-202602-03388,2026-02-22,CUST-2966,Wireless Mouse,Electronics,West,Sneha,6,852.33
ORD-202602-03389,2026-02-01,CUST-2409,Wireless Mouse,Electronics,West,Amit,4,721.18
ORD-202602-03390,2026-02-08,CUST-1262,Keyboard,Electronics,East,Rahul,7,1192.08
ORD-202602-03391,2026-02-23,CUST-4794,Headphones,Electronics,South,Rahul,7,2257.57
ORD-202602-03392,2026-02-07,CUST-0787,Notebook,Office,South,Karan,3,214.14
ORD-202602-03393,2026-02-08,CUST-2245,Office Chair,Furniture,Central,Neha,2,6361.66
ORD-202602-03394,2026-02-24,CUST-2330,Wireless Mouse,Electronics,South,Neha,5,778.65
ORD-202602-03395,2026-02-01,CUST-2735,Office Chair,Furniture,Central,Rahul,1,6602.85
ORD-202602-03396,2026-02-11,CUST-1156,Study Table,Furniture,North,Vikram,5,5324.86
ORD-202602-03397,2026-02-17,CUST-4718,Keyboard,Electronics,South,Vikram,4,1244.6
ORD-202602-03398,2026-02-03,CUST-1892,USB Hub,Accessories,Central,Vikram,6,968.74
ORD-202602-03399,2026-02-21,CUST-3562,Office Chair,Furniture,East,Vikram,1,7375.13
ORD-202602-03400,2026-02-14,CUST-3166,Desk Organizer,Office,South,Karan,5,645.13
ORD-202602-03401,2026-02-10,CUST-1015,Headphones,Electronics,North,Karan,4,2608.98
ORD-202602-03402,2026-02-18,CUST-4682,Keyboard,Electronics,East,Vikram,1,1254.92
ORD-202602-03403,2026-02-02,CUST-2301,USB Hub,Accessories,Central,Sneha,4,842.51
ORD-202602-03404,2026-02-19,CUST-3090,Study Table,Furniture,South,Neha,5,5531.75
ORD-202602-03405,2026-02-15,CUST-3230,Monitor Stand,Furniture,East,Amit,3,1941.7
ORD-202602-03406,2026-02-02,CUST-2536,Mouse Pad,Accessories,South,Karan,5,410.44
ORD-202602-03407,2026-02-25,CUST-3191,Mouse Pad,Accessories,Central,Karan,3,362.21
ORD-202602-03408,2026-02-15,CUST-2786,Notebook,Office,West,Amit,5,207.48
ORD-202602-03409,2026-02-03,CUST-3703,Mouse Pad,Accessories,West,,2,383.0
ORD-202602-03410,2026-02-12,CUST-2361,Pen Set,Office,West,Rahul,2,296.74
ORD-202602-03411,2026-02-24,CUST-4063,Webcam,Electronics,East,Vikram,1,2080.78
ORD-202602-03412,2026-02-14,CUST-2815,Notebook,Office,Central,,1,187.68
ORD-202602-03413,2026-02-13,CUST-4993,Notebook,Office,West,Ananya,1,183.78
ORD-202602-03414,2026-02-02,CUST-2851,Notebook,Office,North,Vikram,2,187.45
ORD-202602-03415,2026-02-03,CUST-2951,Monitor Stand,Furniture,South,Karan,6,1939.63
ORD-202602-03416,2026-02-10,CUST-2461,Desk Organizer,Office,Central,Karan,2,603.34
ORD-202602-03417,2026-02-09,CUST-1987,Desk Organizer,Office,South,Rahul,3,656.53
ORD-202602-03418,2026-02-20,CUST-3942,Office Chair,Furniture,Central,Vikram,2,7516.76
ORD-202602-03419,2026-02-15,CUST-3173,Mouse Pad,Accessories,Central,Vikram,3,416.15
ORD-202602-03420,2026-02-04,CUST-1954,Webcam,Electronics,Central,Neha,2,1982.76
ORD-202602-03421,2026-02-21,CUST-4035,Mouse Pad,Accessories,West,Sneha,3,381.75
ORD-202602-03422,2026-03-02,CUST-0543,Study Table,Furniture,North,Amit,1,5969.68
ORD-202602-03423,2026-02-27,CUST-0312,Study Table,Furniture,North,Sneha,4,5542.5
ORD-202602-03424,2026-03-03,CUST-3216,Laptop Stand,Accessories,East,Sneha,2,1397.82
ORD-202602-03425,2026-02-15,CUST-2291,Mouse Pad,Accessories,South,Rahul,5,434.93
ORD-202602-03426,2026-02-12,CUST-3981,Webcam,Electronics,Central,Rahul,7,1901.48
ORD-202602-03427,2026-02-02,CUST-3321,Wireless Mouse,Electronics,Central,Amit,-1,743.95
ORD-202602-03428,2026-02-22,CUST-3901,Laptop Stand,Accessories,West,Priya,4,1569.52
ORD-202602-03429,2026-02-14,CUST-1328,Keyboard,Electronics,Central,Priya,6,1229.84
ORD-202602-03430,2026-02-20,CUST-1261,Laptop Stand,Accessories,North,Karan,3,1405.36
ORD-202602-03431,2026-02-10,CUST-1257,Wireless Mouse,Electronics,,Karan,1,761.86
ORD-202602-03432,2026-02-06,CUST-3236,Laptop Stand,Accessories,Central,Sneha,6,1522.47
ORD-202602-03433,2026-02-22,CUST-3372,Desk Organizer,Office,Central,Rahul,5,574.15
ORD-202602-03434,2026-02-13,CUST-4993,Office Chair,Furniture,Central,Rahul,4,6356.23
ORD-202602-03435,2026-02-17,CUST-1085,Study Table,Furniture,Central,Karan,3,5375.27
ORD-202602-03436,2026-03-03,CUST-0523,Notebook,Office,West,Vikram,1,188.43
ORD-202602-03437,2026-02-09,CUST-4791,Notebook,Office,North,Amit,4,199.46
ORD-202602-03438,2026-02-04,CUST-2614,Monitor Stand,Furniture,East,Karan,4,1982.83
ORD-202602-03439,2026-02-23,CUST-1834,Notebook,Office,Central,Amit,4,182.21
ORD-202602-03440,2026-02-18,CUST-1527,Keyboard,Electronics,West,Amit,3,1232.83
ORD-202602-03441,2026-02-13,CUST-4418,Monitor Stand,Furniture,South,Sneha,2,1911.64
ORD-202602-03442,2026-02-19,CUST-3957,Notebook,Office,West,Sneha,4,198.39
ORD-202602-03443,2026-03-01,CUST-0875,Pen Set,office,North,Ananya,5,318.27
ORD-202602-03444,2026-02-06,CUST-1624,Keyboard,Electronics,South,Rahul,2,1225.89
ORD-202602-03445,2026-02-25,CUST-4352,Mouse Pad,Accessories,West,Priya,1,371.72
ORD-202602-03446,2026-02-17,CUST-3668,USB Hub,Accessories,West,Neha,4,809.28
ORD-202602-03447,2026-02-25,CUST-4076,Office Chair,Furniture,East,Vikram,1,7148.08
ORD-202602-03448,2026-03-01,CUST-0803,Laptop Stand,Accessories,South,Amit,2,1446.73
ORD-202602-03449,2026-02-05,CUST-2897,Laptop Stand,Accessories,East,Ananya,5,1550.01
ORD-202602-03450,2026-02-04,CUST-0335,Pen Set,Office,North,Amit,3,310.37
ORD-202602-03451,2026-02-01,CUST-2253,Wireless Mouse,Electronics,Central,Neha,4,726.24
ORD-202602-03452,2026-02-06,CUST-0521,Desk Organizer,Office,Central,Amit,5,589.23
ORD-202602-03453,2026-02-11,CUST-1342,Wireless Mouse,Electronics,West,,2,873.78
ORD-202602-03454,2026-02-08,CUST-1302,Webcam,Electronics,South,Rahul,2,1813.6
ORD-202602-03455,2026-02-26,CUST-0943,Mouse Pad,Accessories,,Vikram,3,401.36
ORD-202602-03456,2026-02-24,CUST-4248,Headphones,Electronics,North,Sneha,3,2517.9
ORD-202602-03457,2026-02-11,CUST-1856,Wireless Mouse,Electronics,South,Amit,4,760.74
ORD-202602-03458,2026-02-18,CUST-0753,USB Hub,Accessories,Central,Vikram,1,949.21
ORD-202602-03459,2026-02-10,CUST-4942,Desk Organizer,Office,South,Karan,4,539.54
ORD-202602-03460,2026-02-16,CUST-0167,Webcam,Electronics,West,Rahul,5,1795.24
ORD-202602-03461,2026-02-10,CUST-0742,Webcam,Electronics,North,Karan,6,1934.14
ORD-202602-03462,2026-02-25,CUST-4268,Pen Set,Office,Central,Neha,4,323.95
ORD-202602-03463,2026-02-08,CUST-2257,Monitor Stand,Furniture,North,Amit,5,1802.91
ORD-202602-03464,2026-03-03,CUST-1875,Mouse Pad,Accessories,South,Rahul,6,407.05
ORD-202602-03465,2026-03-01,CUST-1526,Notebook,Office,North,Neha,6,179.23
ORD-202602-03466,2026-02-07,CUST-2944,Office Chair,Furniture,West,Vikram,4,7170.92
ORD-202602-03467,2026-02-18,CUST-1795,Wireless Mouse,Electronics,North,Priya,4,784.87
ORD-202602-03468,2026-02-26,CUST-0419,Monitor Stand,Furniture,North,Vikram,7,1972.79
ORD-202602-03469,2026-02-27,CUST-4820,Mouse Pad,Accessories,South,Karan,6,436.31
ORD-202602-03470,2026-02-12,CUST-4537,Laptop Stand,Accessories,North,Neha,2,1553.64
ORD-202602-03471,2026-02-17,CUST-0881,Pen Set,Office,South,Priya,4,280.85
ORD-202602-03472,2026-02-05,CUST-2523,Study Table,Furniture,South,Ananya,6,6045.97
ORD-202602-03473,2026-02-08,CUST-2268,Monitor Stand,Furniture,Central,Ananya,4,1901.72
ORD-202602-03474,2026-02-08,CUST-0448,Office Chair,Furniture,East,Neha,4,7259.23
ORD-202602-03475,2026-02-09,CUST-1994,Mouse Pad,Accessories,East,Karan,5,413.39
ORD-202602-03476,2026-02-13,CUST-3170,Keyboard,Electronics,West,Karan,3,1389.86
ORD-202602-03477,2026-02-22,CUST-0521,Headphones,Electronics,,Amit,5,2448.45
ORD-202602-03478,2026-02-28,CUST-1828,Office Chair,Furniture,North,,6,7273.31
ORD-202602-03479,2026-02-19,CUST-1257,Keyboard,Electronics,North,Ananya,7,1331.72
ORD-202602-03480,2026-02-15,CUST-1768,Mouse Pad,Accessories,Central,,7,393.93
ORD-202602-03481,2026-02-22,CUST-3150,USB Hub,Accessories,West,Priya,5,973.79
ORD-202602-03482,2026-02-20,CUST-2042,Desk Organizer,Office,Central,Priya,6,569.28
ORD-202602-03483,2026-02-14,CUST-3840,Laptop Stand,Accessories,Central,Rahul,6,1416.34
ORD-202602-03484,2026-02-02,CUST-2541,Desk Organizer,Office,North,Rahul,3,614.62
ORD-202602-03485,2026-02-17,CUST-3460,Mouse Pad,Accessories,North,Ananya,7,374.28
ORD-202602-03486,2026-02-02,CUST-3097,Study Table,Furniture,Central,Sneha,4,5861.93
ORD-202602-03487,2026-02-19,CUST-4085,Headphones,Electronics,East,Neha,7,2418.87
ORD-202602-03488,2026-03-02,CUST-0733,Desk Organizer,Office, West,Karan,2,589.55
ORD-202602-03489,2026-02-25,CUST-4955,Desk Organizer,Office,South,Vikram,3,620.84
ORD-202602-03490,2026-02-26,CUST-3772,Office Chair,Furniture,East,Sneha,5,7538.07
ORD-202602-03491,2026-02-15,CUST-0991,Mouse Pad,Accessories,Central,Neha,5,414.16
ORD-202602-03492,2026-02-16,CUST-0136,Laptop Stand,Accessories,East,Ananya,3,1377.34
ORD-202602-03493,2026-02-17,CUST-0128,Mouse Pad,Accessories,West,Karan,2,386.08
ORD-202602-03494,2026-02-07,CUST-3496,Monitor Stand,Furniture,West,Sneha,2,2098.98
ORD-202602-03495,2026-03-03,CUST-2115,Headphones,Electronics,Central,Neha,6,2702.79
ORD-202602-03496,2026-02-02,CUST-0917,Pen Set,Office,South,Rahul,1,307.0
ORD-202602-03497,2026-03-03,CUST-1589,Headphones,Electronics,Central,Amit,1,2547.06
ORD-202602-03498,2026-03-03,CUST-2235,Office Chair,Furniture,West,Vikram,7,6829.93
ORD-202602-03499,2026-03-02,CUST-0207,USB Hub,Accessories,Central,Vikram,7,895.05
ORD-202602-03500,2026-02-01,CUST-2808,Study Table,Furniture,South,Neha,1,5424.46
ORD-202602-03501,2026-03-02,CUST-0182,Headphones,Electronics,North,,1,2276.68
ORD-202602-03502,2026-02-08,CUST-3237,Keyboard,Electronics,North,Karan,3,1174.78
ORD-202602-03503,2026-02-09,CUST-0306,Monitor Stand,Furniture,South,Sneha,5,2045.94
ORD-202602-03504,2026-02-22,CUST-3956,Laptop Stand,Accessories,East,Sneha,2,1501.95
ORD-202602-03505,2026-02-13,CUST-1266,Keyboard,Electronics,South,Neha,7,1232.72
ORD-202602-03506,2026-03-02,CUST-2581,Office Chair,Furniture,South,Ananya,4,7548.77
ORD-202602-03507,2026-02-16,CUST-1930,USB Hub,Accessories,Central,Karan,4,846.25
ORD-202602-03508,2026-02-04,CUST-4401,Study Table,Furniture,West,Karan,2,5719.51
ORD-202602-03509,2026-02-08,CUST-3972,USB Hub,Accessories,West,Rahul,3,950.85
ORD-202602-03510,2026-02-24,CUST-4776,Desk Organizer,Office,west,Sneha,6,639.76
ORD-202602-03511,2026-02-18,CUST-3578,Notebook,Office,Central,Ananya,5,212.51
ORD-202602-03512,2026-02-11,CUST-4881,Mouse Pad,Accessories,South,Amit,2,422.48
ORD-202602-03513,2026-02-07,CUST-1127,Mouse Pad,Accessories,Central,Priya,4,395.63
ORD-202602-03514,2026-02-22,CUST-1598,Webcam,Electronics,Central,Neha,2,1946.06
ORD-202602-03515,2026-02-09,CUST-4048,Desk Organizer,Office,South,Sneha,3,641.85
ORD-202602-03516,2026-02-03,CUST-0161,Mouse Pad,Accessories,South,Ananya,2,392.64
ORD-202602-03517,2026-02-18,CUST-0895,Wireless Mouse,Electronics,North,Ananya,7,826.3
ORD-202602-03518,2026-02-27,CUST-3579,USB Hub,Accessories,West,Vikram,3,837.78
ORD-202602-03519,2026-02-10,CUST-2000,USB Hub,Accessories,South,Sneha,4,910.63
ORD-202602-03520,2026-02-22,CUST-1260,Study Table,Furniture,South,Vikram,5,5104.22
ORD-202602-03521,2026-02-14,CUST-1518,USB Hub,Accessories,West,Neha,1,927.82
ORD-202602-03522,2026-03-02,CUST-3839,Notebook,Office, North,Neha,2,194.1
ORD-202602-03523,2026-02-19,CUST-2401,Keyboard,Electronics,North,Vikram,7,1228.29
ORD-202602-03524,2026-02-16,CUST-0026,USB Hub,Accessories,Central,Priya,5,873.96
ORD-202602-03525,2026-02-08,CUST-2583,Webcam,Electronics,North,Sneha,2,1975.5
ORD-202602-03526,2026-02-28,CUST-3886,Mouse Pad,Accessories,Central,Sneha,4,431.56
ORD-202602-03527,2026-02-02,CUST-0833,Study Table,Furniture,,Neha,7,4961.51
ORD-202602-03528,2026-02-17,CUST-0351,Monitor Stand,Furniture,South,Ananya,2,1866.21
ORD-202602-03529,2026-02-09,CUST-3139,Webcam,Electronics,East,Karan,3,1977.14
ORD-202602-03530,2026-02-16,CUST-4397,Notebook,Office,South,Vikram,2,201.74
ORD-202602-03531,2026-03-03,CUST-0354,Monitor Stand,Furniture,East,Amit,5,1926.71
ORD-202602-03532,2026-02-03,CUST-3257,Headphones,Electronics,West,Amit,4,2574.85
ORD-202602-03533,2026-02-02,CUST-3894,USB Hub,Accessories,Central,Ananya,4,965.02
ORD-202602-03534,2026-02-26,CUST-0809,Mouse Pad,Accessories,South,Amit,3,379.69
ORD-202602-03535,2026-02-22,CUST-1302,Wireless Mouse,Electronics,East,Karan,3,796.71
ORD-202602-03536,2026-02-13,CUST-2540,Mouse Pad,Accessories,Central,Neha,4,360.76
ORD-202602-03537,2026-02-07,CUST-3055,Keyboard,Electronics,North ,Karan,6,1414.87
ORD-202602-03538,2026-02-19,CUST-2527,Laptop Stand,Accessories,North,Priya,6,1589.43
ORD-202602-03539,2026-02-08,CUST-0919,Keyboard,Electronics,West,Neha,6,1300.32
ORD-202602-03540,2026-02-21,CUST-4396,Desk Organizer,Office,North,Priya,1,657.94
ORD-202602-03541,2026-02-13,CUST-2105,Office Chair,Furniture,Central,Neha,4,6607.36
ORD-202602-03542,2026-02-25,CUST-2662,Webcam,Electronics,North,Amit,3,1991.66
ORD-202602-03543,2026-02-21,CUST-2679,Wireless Mouse,Electronics,West,Rahul,7,842.07
ORD-202602-03544,2026-02-18,CUST-2753,Mouse Pad,Accessories,South,Rahul,3,425.4
ORD-202602-03545,2026-02-04,CUST-1450,Keyboard,Electronics,Central,Vikram,2,1347.09
ORD-202602-03546,2026-02-20,CUST-1595,USB Hub,Accessories,Central,Amit,2,843.37
ORD-202602-03547,2026-02-22,CUST-0695,Notebook,Office,West,Rahul,2,182.74
ORD-202602-03548,2026-02-17,CUST-3643,Mouse Pad,Accessories,West,Ananya,4,373.49
ORD-202602-03549,2026-02-19,CUST-1569,Mouse Pad,Accessories,South,,2,427.59
ORD-202602-03550,2026-02-20,CUST-0252,Notebook,Office,North,Vikram,4,195.1
ORD-202602-03551,2026-02-08,CUST-0233,Headphones,Electronics,South,Karan,2,2522.07
ORD-202602-03552,2026-02-14,CUST-4840,Pen Set,Office,North,Vikram,5,270.62
ORD-202602-03553,2026-02-04,CUST-2140,Pen Set,Office,West,Sneha,5,298.49
ORD-202602-03554,2026-02-25,CUST-3032,Keyboard,Electronics,South,Sneha,5,1275.43
ORD-202602-03555,2026-02-05,CUST-2671,USB Hub,Accessories,East,Vikram,7,905.21
ORD-202602-03556,2026-02-26,CUST-4229,Webcam,Electronics,West,Neha,1,1851.63
ORD-202602-03557,2026-02-20,CUST-4440,USB Hub,Accessories,West,Rahul,1,822.66
ORD-202602-03558,2026-02-17,CUST-3906,Office Chair,Furniture,East,Karan,4,6360.64
ORD-202602-03559,2026-02-16,CUST-4911,Notebook,Office,West,Karan,4,216.9
ORD-202602-03560,2026-02-05,CUST-1091,Study Table,Furniture,North,Priya,6,5613.18
ORD-202602-03561,2026-02-21,CUST-2247,Notebook,Office,South,Ananya,2,204.71
ORD-202602-03562,2026-02-12,CUST-1446,Wireless Mouse,Electronics,West,Rahul,4,865.38
ORD-202602-03563,2026-02-25,CUST-4165,Desk Organizer,Office,West,Sneha,5,605.09
ORD-202602-03564,2026-02-27,CUST-1391,Wireless Mouse,Electronics,West,Rahul,5,817.47
ORD-202602-03565,2026-03-01,CUST-3972,Laptop Stand,Accessories,Central,Amit,4,1505.91
ORD-202602-03566,2026-03-01,CUST-1128,Monitor Stand,Furniture,Central,Sneha,5,1869.45
ORD-202602-03567,2026-02-24,CUST-3465,Monitor Stand,Furniture,North,Vikram,2,1923.64
ORD-202602-03568,2026-02-09,CUST-0080,Keyboard,Electronics,East,Sneha,4,1398.85
ORD-202602-03569,2026-02-09,CUST-3944,Monitor Stand,Furniture,Central,Sneha,4,1976.56
ORD-202602-03570,2026-03-02,CUST-4135,Monitor Stand,Furniture,South,Neha,1,1880.72
ORD-202602-03571,2026-03-02,CUST-2816,Study Table,Furniture,North,Neha,7,5859.78
ORD-202602-03572,2026-02-09,CUST-2690,Office Chair,Furniture,,Karan,5,6421.31
ORD-202602-03573,2026-02-21,CUST-2297,Wireless Mouse,Electronics,West,Neha,6,821.3
ORD-202602-03574,2026-03-01,CUST-2956,Keyboard,Electronics,Central,Priya,4,1350.99
ORD-202602-03575,2026-02-27,CUST-2828,Notebook,Office,West,Vikram,7,191.19
ORD-202602-03576,2026-03-01,CUST-2459,Keyboard,Electronics,North,Vikram,1,1212.46
ORD-202602-03577,2026-02-11,CUST-2604,Webcam,Electronics,East,Karan,7,1879.36
ORD-202602-03578,2026-02-16,CUST-0622,Monitor Stand,Furniture,South,Priya,2,2100.96
ORD-202602-03579,2026-02-19,CUST-2330,Study Table,Furniture,Central,Neha,7,5924.28
ORD-202602-03580,2026-03-02,CUST-2181,Webcam,Electronics,East,Vikram,1,2018.76
ORD-202602-03581,2026-03-03,CUST-4477,Notebook,Office,South,Sneha,3,183.46
ORD-202602-03582,2026-02-18,CUST-1469,Notebook,Office,East,Priya,4,187.97
ORD-202602-03583,2026-02-27,,Webcam, Electronics,West,Vikram,5,1943.43
ORD-202602-03584,2026-02-12,CUST-4461,Webcam,Electronics,East,Vikram,1,1978.72
ORD-202602-03585,2026-02-19,CUST-3916,USB Hub,Accessories,East,Sneha,3,810.67
ORD-202602-03586,2026-02-26,CUST-3507,Notebook,Office,West,Neha,6,184.77
ORD-202602-03587,2026-02-28,CUST-1585,Office Chair,Furniture,South,Priya,2,6430.7
ORD-202602-03588,2026-02-04,CUST-0814,Office Chair,Furniture,North,Vikram,7,-100.0
ORD-202602-03589,2026-02-03,CUST-3950,Wireless Mouse,electronics,Central,Karan,5,827.89
ORD-202602-03590,2026-02-07,CUST-3510,Pen Set,Office,West,Priya,7,325.5
ORD-202602-03591,2026-02-04,CUST-4158,Pen Set,Office,West,Ananya,7,274.45
ORD-202602-03592,2026-02-07,CUST-2742,Wireless Mouse,Electronics,Central,Vikram,2,799.97
ORD-202602-03593,2026-03-02,CUST-4492,Office Chair,Furniture,West,Karan,7,6820.48
ORD-202602-03594,2026-02-20,CUST-0409,Notebook,Office,North,Rahul,4,194.95
ORD-202602-03595,2026-02-04,CUST-0549,Desk Organizer,Office,Central,Karan,2,547.25
ORD-202602-03596,2026-02-22,CUST-0348,Pen Set,Office,North,Priya,7,286.34
ORD-202602-03597,2026-03-02,CUST-1608,Laptop Stand,Accessories,West,Vikram,4,1424.79
ORD-202602-03598,2026-02-26,CUST-0738,Headphones,Electronics,Central,Vikram,5,2608.11
ORD-202602-03599,2026-02-27,CUST-0204,Laptop Stand,Accessories,East,Rahul,5,1541.53
ORD-202602-03600,2026-02-28,CUST-4053,Desk Organizer,Office,South,Priya,3,615.33
ORD-202602-03601,2026-02-24,CUST-0781,Pen Set,Office,Central,Sneha,7,300.15
ORD-202602-03602,2026-02-28,CUST-4150,Pen Set,Office,East,Neha,6,289.56
ORD-202602-03603,2026-02-25,CUST-3214,Keyboard,Electronics,Central,Sneha,4,1232.44
ORD-202602-03604,2026-02-22,CUST-3041,Wireless Mouse,Electronics,South,Rahul,5,720.9
ORD-202602-03605,2026-02-07,CUST-0585,Pen Set,Office,North,Ananya,1,277.95
ORD-202602-03606,2026-03-01,CUST-0079,Monitor Stand,Furniture,East,Vikram,6,1887.01
ORD-202602-03607,2026-02-03,CUST-0698,Laptop Stand,Accessories,South,Neha,7,1641.57
ORD-202602-03608,2026-02-09,CUST-1586,USB Hub,Accessories,West,Neha,7,983.59
ORD-202602-03609,2026-02-23,CUST-4783,Monitor Stand,Furniture,South,Rahul,4,2106.01
ORD-202602-03610,2026-02-23,CUST-2005,Webcam,Electronics,West,Priya,7,1940.9
ORD-202602-03611,2026-02-28,,Mouse Pad,Accessories,South,Ananya,6,412.47
ORD-202602-03612,2026-02-03,CUST-1422,Keyboard,Electronics,South,Rahul,4,1325.12
ORD-202602-03613,2026-02-25,CUST-1675,Webcam,Electronics,West,Vikram,6,1954.77
ORD-202602-03614,2026-02-04,CUST-2906,Laptop Stand,Accessories,South,Vikram,2,1414.83
ORD-202602-03615,2026-02-19,CUST-4032,Pen Set,Office,South,Sneha,5,327.51
ORD-202602-03616,2026-02-08,CUST-0312,Laptop Stand,Accessories,East,Karan,5,1575.94
ORD-202602-03617,2026-02-18,CUST-3874,USB Hub,Accessories,South,Priya,4,851.22
ORD-202602-03618,2026-02-04,CUST-0100,Webcam,Electronics,South,Amit,5,1904.18
ORD-202602-03619,2026-02-02,CUST-1609,Keyboard,Electronics,South,Sneha,6,1374.14
ORD-202602-03620,2026-03-02,CUST-2940,Office Chair,Furniture,West,Amit,5,7574.54
ORD-202602-03621,2026-02-16,CUST-0525,Pen Set,Office,South,,3,292.05
ORD-202602-03622,2026-02-15,CUST-1323,Pen Set,Office,West,Karan,3,298.03
ORD-202602-03623,2026-02-13,CUST-3193,Notebook,Office,South,Karan,4,191.43
ORD-202602-03624,2026-03-01,CUST-3433,Keyboard,Electronics,Central,Rahul,5,1266.94
ORD-202602-03625,2026-02-25,CUST-0415,Mouse Pad,Accessories,Central,Rahul,3,377.27
ORD-202602-03626,2026-02-15,CUST-3888,Desk Organizer,Office,North,Rahul,4,542.68
ORD-202602-03627,2026-02-04,CUST-2041,Mouse Pad,Accessories,North,Priya,3,392.32
ORD-202602-03628,2026-02-22,CUST-3056,Desk Organizer,Office,North,Priya,7,595.48
ORD-202602-03629,2026-02-07,CUST-1064,Laptop Stand,Accessories,North,Priya,4,1582.91
ORD-202602-03630,2026-02-10,CUST-4949,Mouse Pad,Accessories,West,Sneha,6,400.81
ORD-202602-03631,2026-02-21,CUST-3806,Laptop Stand,Accessories,South,Neha,3,1446.95
ORD-202602-03632,2026-03-02,CUST-3215,Monitor Stand,Furniture,East,Vikram,3,1984.3
ORD-202602-03633,2026-02-07,CUST-0930,Headphones,Electronics,South,Ananya,3,2647.01
ORD-202602-03634,2026-02-02,CUST-3864,Webcam,Electronics ,North,Priya,4,1891.77
ORD-202602-03635,2026-02-14,CUST-1888,Pen Set,Office,North,Sneha,5,302.3
ORD-202602-03636,2026-02-22,CUST-3206,Wireless Mouse,Electronics, Central,Neha,4,746.75
ORD-202602-03637,2026-02-21,CUST-3251,Mouse Pad,Accessories,East,Vikram,6,359.71
ORD-202602-03638,2026-03-02,CUST-4028,Wireless Mouse,Electronics,West,Rahul,4,867.66
ORD-202602-03639,2026-02-07,CUST-4181,Mouse Pad,Accessories,North,Rahul,6,380.48
ORD-202602-03640,2026-02-25,CUST-1954,Laptop Stand,Accessories,East,Priya,1,1453.3
ORD-202602-03641,2026-02-24,CUST-0406,Headphones,Electronics,West,Vikram,3,2306.5
ORD-202602-03642,2026-02-26,CUST-2172,Mouse Pad,Accessories,West,Sneha,5,400.04
ORD-202602-03643,2026-02-28,CUST-2001,Laptop Stand,Accessories,West,Amit,3,1570.08
ORD-202602-03644,2026-02-10,CUST-1676,Keyboard,Electronics,East,Neha,6,1347.34
ORD-202602-03645,2026-02-10,CUST-2444,Mouse Pad,Accessories,West,Neha,5,427.38
ORD-202602-03646,2026-02-15,CUST-2883,Notebook,Office,South,Ananya,4,190.51
ORD-202602-03647,2026-02-11,CUST-3117,Pen Set,Office,West,Ananya,4,287.92
ORD-202602-03648,2026-02-05,CUST-1874,Study Table,Furniture,South,Sneha,7,6011.04
ORD-202602-03649,2026-02-11,CUST-3083,Desk Organizer,Office,West,Rahul,5,593.8
ORD-202602-03650,2026-02-12,CUST-4940,Office Chair,Furniture,East,Priya,7,7467.25
ORD-202602-03651,2026-02-24,CUST-3254,Pen Set,Office,East,Neha,1,305.67
ORD-202602-03652,2026-02-01,CUST-3016,Pen Set,Office,East,Priya,6,279.92
ORD-202602-03653,2026-02-24,CUST-1429,Office Chair,Furniture,East,Neha,7,7639.32
ORD-202602-03654,2026-02-25,CUST-1679,Pen Set,Office,West,Rahul,7,288.5
ORD-202602-03655,2026-02-05,CUST-0259,Mouse Pad,Accessories,South,Rahul,4,410.31
ORD-202602-03656,2026-03-02,CUST-2541,Desk Organizer,Office,East,Ananya,4,569.59
ORD-202602-03657,2026-02-23,CUST-0373,Monitor Stand,Furniture,East,Priya,5,2029.25
ORD-202602-03658,2026-02-22,CUST-3904,Mouse Pad,Accessories,North,,7,402.28
ORD-202602-03659,2026-02-24,CUST-4786,Headphones,Electronics,Central,Ananya,7,2379.57
ORD-202602-03660,2026-02-26,CUST-4031,USB Hub,Accessories,West,Neha,7,986.88
ORD-202602-03661,2026-02-13,CUST-0784,Wireless Mouse,Electronics,North,Karan,7,741.58
ORD-202602-03662,2026-02-16,CUST-3186,Webcam,Electronics,North,Amit,5,1877.36
ORD-202602-03663,2026-02-19,CUST-2153,Study Table,Furniture,Central,Neha,2,4983.61
ORD-202602-03664,2026-02-06,CUST-0012,Keyboard,Electronics,Central,Amit,2,1346.47
ORD-202602-03665,2026-02-02,CUST-3583,Study Table,Furniture,West,Amit,7,5457.32
ORD-202602-03666,2026-02-23,CUST-4344,Notebook,Office,West,Neha,2,201.39
ORD-202602-03667,2026-02-08,CUST-2309,Laptop Stand,Accessories,Central,Rahul,1,1558.51
ORD-202602-03668,2026-02-10,CUST-4550,Mouse Pad,Accessories,East,Priya,4,420.07
ORD-202602-03669,2026-02-04,CUST-0278,Study Table,Furniture,North,Sneha,6,6011.32
ORD-202602-03670,2026-02-15,CUST-4359,Keyboard,Electronics,East,Karan,6,1393.57
ORD-202602-03671,2026-02-18,CUST-3406,Notebook,Office,South,Neha,2,191.99
ORD-202602-03672,2026-02-28,CUST-3356,Webcam,Electronics,North,Sneha,4,1985.32
ORD-202602-03673,2026-02-16,CUST-2516,Notebook,Office,Central,Amit,7,182.12
ORD-202602-03674,2026-02-12,CUST-0136,Office Chair,Furniture,West,Sneha,6,6489.76
ORD-202602-03675,2026-02-25,CUST-2262,Study Table,Furniture,Central,Sneha,7,5454.58
ORD-202602-03676,2026-02-09,CUST-4754,Webcam,Electronics,North,Neha,6,1883.67
ORD-202602-03677,2026-02-01,CUST-2313,Pen Set,Office,Central,Ananya,1,299.34
ORD-202602-03678,2026-02-01,CUST-0340,USB Hub,Accessories,West,Rahul,2,894.54
ORD-202602-03679,2026-02-27,CUST-2471,Mouse Pad,Accessories,East,Sneha,2,410.28
ORD-202602-03680,2026-02-22,CUST-0748,Headphones,Electronics,North,Neha,1,2726.08
ORD-202602-03681,2026-02-06,CUST-2107,Study Table,Furniture,West,Priya,7,5139.02
ORD-202602-03682,2026-02-07,CUST-3140,Headphones,Electronics,East,Amit,5,2427.76
ORD-202602-03683,2026-02-26,CUST-0335,Wireless Mouse,Electronics,West,Ananya,7,730.97
ORD-202602-03684,2026-02-20,CUST-2310,Desk Organizer,Office,North,Sneha,3,563.06
ORD-202602-03685,2026-02-15,CUST-2529,USB Hub,Accessories,West,Ananya,7,986.62
ORD-202602-03686,2026-02-12,CUST-3774,Wireless Mouse,Electronics,North,Ananya,7,725.42
ORD-202602-03687,2026-02-12,CUST-0340,Pen Set,Office,North,Karan,1,281.88
ORD-202602-03688,2026-02-25,CUST-3166,Webcam,Electronics,East,Rahul,7,1871.09
ORD-202602-03689,2026-02-07,CUST-3109,Monitor Stand,Furniture,North,Rahul,1,1916.11
ORD-202602-03690,2026-02-28,CUST-0021,Monitor Stand,Furniture,West,Karan,4,2017.08
ORD-202602-03691,2026-02-08,CUST-0598,Notebook,Office,East,Ananya,2,218.52
ORD-202602-03692,2026-02-08,CUST-3215,Mouse Pad,Accessories,South,Priya,5,415.27
ORD-202602-03693,2026-02-12,CUST-4301,USB Hub,Accessories,South,Amit,1,882.07
ORD-202602-03694,2026-02-25,CUST-4292,Notebook,Office,East,Karan,6,206.28
ORD-202602-03695,2026-02-01,CUST-3844,Study Table,Furniture,East,Karan,4,5908.41
ORD-202602-03696,2026-02-05,CUST-4261,Pen Set,Office,West,Neha,7,282.79
ORD-202602-03697,2026-02-12,CUST-3034,Keyboard,Electronics,East,Karan,4,1355.36
ORD-202602-03698,2026-02-05,CUST-0788,Headphones,Electronics,East,Karan,4,2555.95
ORD-202602-03699,2026-02-12,CUST-2658,Pen Set,Office,West,Ananya,6,312.98
ORD-202602-03700,2026-02-14,CUST-1737,Laptop Stand,Accessories,East,Sneha,7,1374.33
ORD-202602-03701,2026-02-20,CUST-1276,Mouse Pad,Accessories,South,Sneha,3,417.59
ORD-202602-03702,,CUST-0598,USB Hub,Accessories,South,Rahul,4,950.79
ORD-202602-03703,2026-02-17,CUST-0100,Notebook,Office,East,Sneha,3,206.45
ORD-202602-03704,2026-03-03,CUST-3758,Headphones,Electronics,North,Vikram,1,2347.68
ORD-202602-03705,2026-02-15,CUST-0852,Wireless Mouse,Electronics,South,Neha,7,744.88
ORD-202602-03706,2026-02-25,CUST-3138,Webcam,Electronics,North,Priya,4,1989.54
ORD-202602-03707,2026-02-09,CUST-1513,Pen Set,Office,East,Ananya,3,307.83
ORD-202602-03708,2026-02-28,CUST-2423,Notebook,Office,Central,Karan,6,218.25
ORD-202602-03709,2026-02-18,CUST-1988,Office Chair,Furniture,Central,Priya,6,6935.65
ORD-202602-03710,2026-02-05,CUST-1499,Keyboard,Electronics,North,Neha,7,1228.68
ORD-202602-03711,2026-03-01,CUST-2404,Keyboard,Electronics,Central,Sneha,4,1369.07
ORD-202602-03712,2026-02-23,CUST-3936,Keyboard,Electronics,North,Sneha,1,1363.57
ORD-202602-03713,2026-02-11,CUST-2521,Notebook,Office,Central,Neha,4,199.9
ORD-202602-03714,2026-02-19,CUST-3958,Notebook,Office,South,,4,208.79
ORD-202602-03715,2026-03-02,CUST-4554,Headphones,Electronics,North,Karan,2,2404.33
ORD-202602-03716,2026-02-04,CUST-2456,USB Hub,Accessories,West,Rahul,5,847.89
ORD-202602-03717,2026-02-02,CUST-4014,Wireless Mouse,Electronics,Central,Neha,3,739.25
ORD-202602-03718,2026-02-25,CUST-0623,Notebook,Office,South,Amit,7,190.66
ORD-202602-03719,2026-02-09,CUST-2830,Notebook,Office,East,Amit,1,205.15
ORD-202602-03720,2026-02-27,CUST-2327,Wireless Mouse,Electronics,West,Vikram,6,760.4
ORD-202602-03721,2026-02-24,CUST-0029,Keyboard,Electronics,Central,Amit,5,1398.62
ORD-202602-03722,2026-03-01,CUST-4481,Desk Organizer,Office,East,Rahul,2,569.02
ORD-202602-03723,2026-02-24,CUST-3708,Study Table,Furniture,West,Priya,3,5701.86
ORD-202602-03724,2026-03-02,CUST-2921,Study Table,Furniture,West,Rahul,7,5529.32
ORD-202602-03725,2026-02-20,CUST-3479,Notebook,Office,West,Priya,3,187.52
ORD-202602-03726,2026-02-04,CUST-3771,Mouse Pad,Accessories,Central,Vikram,5,403.48
ORD-202602-03727,2026-02-07,CUST-3889,Office Chair,Furniture,Central,Karan,4,7635.54
ORD-202602-03728,2026-02-28,CUST-1474,Office Chair,Furniture,East,Vikram,7,7620.76
ORD-202602-03729,2026-02-10,CUST-2090,Study Table,Furniture,South,Karan,5,5269.8
ORD-202602-03730,2026-03-02,CUST-1716,USB Hub, Accessories,Central,Vikram,6,905.56
ORD-202602-03731,2026-02-28,CUST-4556,Mouse Pad,Accessories,East,Ananya,7,371.14
ORD-202602-03732,2026-02-22,CUST-0586,Keyboard,Electronics,Central,Rahul,1,1290.96
ORD-202602-03733,2026-02-05,CUST-4537,Headphones,Electronics,Central,Rahul,6,2409.78
ORD-202602-03734,2026-02-06,CUST-1715,Laptop Stand,Accessories,North,Priya,7,1627.76
ORD-202602-03735,2026-02-24,CUST-3893,Office Chair,Furniture,North,Vikram,1,7184.73
ORD-202602-03736,2026-02-13,CUST-0849,USB Hub,Accessories,East,Priya,4,842.35
ORD-202602-03737,2026-02-13,CUST-4218,Notebook,Office,North,Ananya,2,218.6
ORD-202602-03738,2026-02-03,CUST-2695,Study Table,Furniture,West,Ananya,7,5712.55
ORD-202602-03739,2026-02-15,CUST-4925,Mouse Pad,Accessories,North,Sneha,3,369.85
ORD-202602-03740,2026-02-01,CUST-1970,Laptop Stand,Accessories,,Neha,2,1588.81
ORD-202602-03741,2026-02-05,CUST-4973,Desk Organizer,Office,East,Sneha,1,605.9
ORD-202602-03742,2026-03-01,CUST-4179,Laptop Stand,Accessories,West,Neha,6,1469.1
ORD-202602-03743,2026-02-24,CUST-0041,USB Hub,Accessories,East,Ananya,1,844.4
ORD-202602-03744,2026-03-03,CUST-1914,Study Table,Furniture,West,Sneha,3,5254.76
ORD-202602-03745,2026-03-01,CUST-2029,USB Hub,Accessories,West,Vikram,4,839.17
ORD-202602-03746,2026-03-01,CUST-1062,Webcam,Electronics,South,Sneha,-1,2014.21
ORD-202602-03747,2026-02-13,CUST-4391,Office Chair,Furniture,Central,Vikram,2,6681.21
ORD-202602-03748,2026-02-08,CUST-0422,Pen Set,Office ,Central,Amit,7,297.2
ORD-202602-03749,2026-02-22,CUST-1294,Desk Organizer,Office,South,Neha,4,655.06
ORD-202602-03750,2026-02-20,CUST-1263,Laptop Stand,Accessories,North,Karan,3,1647.27
ORD-202602-03751,2026-02-14,,Office Chair,Furniture,East,Ananya,7,7406.72
ORD-202602-03752,2026-02-16,,Monitor Stand,Furniture,West,Priya,1,2118.5
ORD-202602-03753,2026-02-07,CUST-0035,Headphones,Electronics,West,Rahul,2,2721.33
ORD-202602-03754,2026-02-16,CUST-3132,Headphones,Electronics,South,Ananya,7,2647.35
ORD-202602-03755,2026-03-02,CUST-2025,Notebook,Office,East,Karan,6,197.05
ORD-202602-03756,2026-02-14,CUST-3100,Desk Organizer,Office,West,Priya,4,546.33
ORD-202602-03757,2026-02-17,CUST-0309,Wireless Mouse,Electronics,East,Neha,7,752.4
ORD-202602-03758,2026-03-02,CUST-4291,Notebook,Office,West,Priya,5,196.79
ORD-202602-03759,2026-02-27,CUST-2887,Keyboard,electronics,West,Rahul,6,1238.05
ORD-202602-03760,2026-02-25,CUST-1265,Monitor Stand,Furniture,North,Sneha,7,1930.71
ORD-202602-03761,2026-02-01,CUST-3948,Desk Organizer,Office,South,Amit,4,546.16
ORD-202602-03762,2026-02-27,CUST-2354,Monitor Stand,Furniture,West,Vikram,4,2019.84
ORD-202602-03763,2026-02-03,CUST-1952,Headphones,Electronics,West,Neha,5,2424.82
ORD-202602-03764,2026-02-02,CUST-0841,Office Chair,Furniture,Central,Rahul,1,6661.42
ORD-202602-03765,2026-02-11,CUST-2453,Laptop Stand,Accessories,South,Sneha,4,1532.09
ORD-202602-03766,2026-02-13,CUST-1094,Keyboard,Electronics,North,Sneha,5,1241.01
ORD-202602-03767,2026-02-04,CUST-3669,Mouse Pad,Accessories,South,Amit,3,397.11
ORD-202602-03768,2026-02-19,CUST-1855,Mouse Pad,Accessories,,Rahul,5,378.76
ORD-202602-03769,2026-03-01,CUST-0593,Mouse Pad,Accessories,North,Priya,3,413.41
ORD-202602-03770,2026-02-21,CUST-3536,Study Table,Furniture,North,Amit,2,5888.5
ORD-202602-03771,2026-03-02,CUST-4226,Webcam,Electronics,North,Vikram,2,1740.13
ORD-202602-03772,2026-02-28,CUST-4169,Pen Set,Office,North,Neha,4,318.13
ORD-202602-03773,2026-02-26,CUST-2425,Headphones,Electronics,South,Neha,2,2674.78
ORD-202602-03774,2026-02-06,CUST-1537,Study Table,Furniture,Central,Ananya,3,6010.33
ORD-202602-03775,2026-02-20,CUST-1108,USB Hub,Accessories,South,Sneha,4,957.95
ORD-202602-03776,2026-02-03,CUST-1989,Office Chair,Furniture,South,Ananya,1,7072.34
ORD-202602-03777,2026-02-24,CUST-0508,Webcam,Electronics,East,Vikram,3,1735.78
ORD-202602-03778,2026-02-28,CUST-4439,Laptop Stand,Accessories,West,,3,1371.42
ORD-202602-03779,2026-02-04,CUST-1246,Monitor Stand,Furniture,South,Neha,3,1877.74
ORD-202602-03780,2026-02-16,CUST-3902,Headphones,Electronics,North,Vikram,7,2472.56
ORD-202602-03781,2026-02-04,,Notebook,Office, South,Rahul,7,217.13
ORD-202602-03782,2026-02-17,CUST-3452,Laptop Stand,Accessories,North,Vikram,3,1401.67
ORD-202602-03783,2026-02-14,CUST-4554,USB Hub,Accessories,North,Neha,7,905.98
ORD-202602-03784,2026-02-28,CUST-2036,Desk Organizer,Office,West,Rahul,2,658.67
ORD-202602-03785,2026-02-09,,Office Chair,Furniture,North,Karan,3,6318.39
ORD-202602-03786,2026-02-24,CUST-1706,Mouse Pad,Accessories,,Amit,7,362.85
ORD-202602-03787,2026-02-21,CUST-1273,Pen Set,Office,South,Karan,1,285.24
ORD-202602-03788,2026-02-23,CUST-3618,Wireless Mouse,Electronics,Central,Priya,3,755.08
ORD-202602-03789,2026-03-02,CUST-0704,Webcam,Electronics,North,Neha,6,1898.47
ORD-202602-03790,,CUST-0467,Desk Organizer,Office,North,Ananya,7,589.47
ORD-202602-03791,2026-02-01,CUST-1841,Pen Set,Office,East,Sneha,7,304.0
ORD-202602-03792,2026-02-20,CUST-2718,Wireless Mouse,Electronics,West,Karan,7,742.6
ORD-202602-03793,2026-02-04,CUST-2341,Study Table,Furniture,East,Ananya,7,5703.39
ORD-202602-03794,2026-02-14,CUST-0305,USB Hub,Accessories,West,Neha,4,847.7
ORD-202602-03795,2026-02-17,CUST-2742,Webcam,Electronics,Central,Rahul,3,1880.77
ORD-202602-03796,2026-02-19,CUST-3117,Mouse Pad,Accessories,West,Rahul,3,361.76
ORD-202602-03797,2026-02-01,CUST-1424,USB Hub,Accessories,East,Karan,1,952.56
ORD-202602-03798,2026-02-18,CUST-2843,Mouse Pad,Accessories,West,Vikram,1,409.14
ORD-202602-03799,2026-02-25,CUST-1775,Headphones,Electronics,South,Amit,7,2353.44
ORD-202602-03800,2026-02-01,CUST-0299,Keyboard,Electronics,South,Amit,2,1325.44
ORD-202602-03801,2026-02-13,CUST-3721,Monitor Stand,Furniture,South,Amit,5,1973.82
ORD-202602-03802,2026-02-11,CUST-2100,Desk Organizer,Office,West,Vikram,2,638.09
ORD-202602-03803,2026-02-11,CUST-4919,Laptop Stand,Accessories,Central,Sneha,5,1644.02
ORD-202602-03804,2026-02-15,CUST-0963,Study Table,Furniture,East,Neha,4,5086.05
ORD-202602-03805,2026-02-05,CUST-0038,Office Chair,Furniture,West,Priya,1,6985.15
ORD-202602-03806,2026-02-16,CUST-3991,Desk Organizer,Office,West,Neha,3,570.01
ORD-202602-03807,2026-02-03,CUST-4312,Desk Organizer,Office,South,Ananya,6,628.91
ORD-202602-03808,2026-02-04,CUST-4567,Monitor Stand,Furniture,North,Amit,6,1812.88
ORD-202602-03809,2026-02-17,CUST-4948,Office Chair,Furniture,West,Ananya,3,7061.4
ORD-202602-03810,2026-02-28,CUST-1574,Webcam,Electronics,North,Sneha,3,2034.62
ORD-202602-03811,2026-02-22,CUST-3395,Desk Organizer,Office,North,Sneha,6,585.74
ORD-202602-03812,2026-02-11,CUST-0147,Headphones,Electronics,South,Priya,3,2667.88
ORD-202602-03813,2026-02-11,CUST-2088,Mouse Pad,Accessories,West,Sneha,1,370.82
ORD-202602-03814,2026-02-16,CUST-4489,Wireless Mouse,Electronics,South,Amit,1,865.85
ORD-202602-03815,2026-02-02,CUST-3172,Headphones,Electronics,North,Neha,3,2644.67
ORD-202602-03816,2026-02-21,CUST-4223,Desk Organizer,Office,North,Neha,2,585.95
ORD-202602-03817,2026-02-05,CUST-4731,Laptop Stand,Accessories,South,Ananya,1,1388.26
ORD-202602-03818,2026-02-23,CUST-3985,Headphones,Electronics,North,Karan,6,2509.21
ORD-202602-03819,2026-02-12,CUST-3437,Monitor Stand,Furniture,South,Vikram,4,2067.14
ORD-202602-03820,2026-02-12,CUST-1782,Monitor Stand,Furniture,North,Karan,5,1850.64
ORD-202602-03821,2026-02-14,CUST-2658,Headphones,Electronics,Central,Sneha,1,2715.5
ORD-202602-03822,2026-02-05,CUST-0399,Notebook,Office,North,Vikram,3,209.46
ORD-202602-03823,2026-02-08,CUST-2886,Webcam,Electronics,North,Vikram,4,2070.53
ORD-202602-03824,2026-02-07,CUST-4875,Office Chair,Furniture,North,Vikram,5,6717.98
ORD-202602-03825,2026-02-27,CUST-0740,Pen Set,Office,South,Rahul,7,295.02
ORD-202602-03826,2026-02-06,CUST-2468,USB Hub,Accessories,Central,Neha,4,852.27
ORD-202602-03827,2026-02-04,CUST-4498,Monitor Stand,Furniture,East,Vikram,4,1908.56
ORD-202602-03828,2026-02-08,CUST-1784,Desk Organizer,Office,Central,Amit,7,556.51
ORD-202602-03829,2026-02-14,CUST-2946,Keyboard,Electronics,West,Neha,3,1201.64
ORD-202602-03830,2026-02-19,CUST-3887,USB Hub,Accessories,East,Rahul,3,929.71
ORD-202602-03831,2026-02-14,CUST-3941,Office Chair,Furniture,Central,Ananya,2,6518.79
ORD-202602-03832,2026-02-17,CUST-3354,Notebook,Office,North,Neha,6,184.41
ORD-202602-03833,2026-02-17,CUST-0314,Keyboard,Electronics,North,Priya,1,1307.99
ORD-202602-03834,2026-02-06,CUST-0210,Office Chair,Furniture,South,Vikram,2,7284.56
ORD-202602-03835,2026-02-01,CUST-3774,Mouse Pad,Accessories,Central,Neha,3,421.19
ORD-202602-03836,2026-02-22,CUST-4792,Webcam,Electronics,Central,Ananya,4,1929.47
ORD-202602-03837,2026-03-02,CUST-1339,Office Chair,Furniture,East,Ananya,1,6581.25
ORD-202602-03838,2026-02-02,CUST-2781,Study Table,Furniture,Central,Sneha,4,5579.54
ORD-202602-03839,2026-03-01,CUST-0357,Notebook,Office,West,Vikram,7,204.01
ORD-202602-03840,2026-03-01,CUST-0942,Desk Organizer,Office,South,Vikram,1,570.02
ORD-202602-03841,2026-02-25,CUST-2423,Webcam,Electronics,North,Rahul,4,1763.98
ORD-202602-03842,2026-02-18,CUST-0080,Desk Organizer,office,North,Ananya,5,649.99
ORD-202602-03843,2026-02-11,CUST-2944,Study Table,Furniture,Central,Neha,3,5054.62
ORD-202602-03844,2026-02-19,CUST-2762,Webcam,Electronics,South,Sneha,5,1814.37
ORD-202602-03845,2026-02-01,CUST-0464,Monitor Stand,Furniture,East,Ananya,3,1891.63
ORD-202602-03846,2026-02-09,CUST-2971,Keyboard,Electronics,South,Rahul,2,1400.84
ORD-202602-03847,2026-02-13,CUST-2278,USB Hub,Accessories,North,Sneha,6,899.35
ORD-202602-03848,2026-02-16,CUST-0499,Wireless Mouse,Electronics,North,Neha,7,871.96
ORD-202602-03849,2026-02-09,CUST-1094,USB Hub,Accessories,West,Vikram,3,958.01
ORD-202602-03850,2026-02-14,CUST-2725,Pen Set,Office,West,Ananya,1,314.24
ORD-202602-03851,2026-02-23,CUST-4055,Study Table,Furniture,South,Ananya,2,5143.52
ORD-202602-03852,2026-03-02,CUST-2159,Keyboard,Electronics,North,Vikram,7,1258.56
ORD-202602-03853,2026-02-26,CUST-3161,Study Table,furniture,East,Ananya,7,5851.23
ORD-202602-03854,2026-02-03,CUST-2189,Monitor Stand,Furniture,North,Sneha,4,2192.32
ORD-202602-03855,2026-02-19,CUST-4308,Wireless Mouse,Electronics,South,Priya,7,859.39
ORD-202602-03856,2026-02-15,CUST-4877,Monitor Stand,Furniture,West,Vikram,2,2178.28
ORD-202602-03857,2026-02-17,CUST-2113,Study Table,Furniture,North,Vikram,3,5655.01
ORD-202602-03858,2026-02-25,CUST-1480,Wireless Mouse,Electronics,West,Sneha,1,796.25
ORD-202602-03859,2026-02-11,CUST-2880,Wireless Mouse,Electronics,Central,Vikram,4,801.35
ORD-202602-03860,2026-02-17,CUST-4421,Desk Organizer,Office,North,Priya,5,594.03
ORD-202602-03861,2026-02-28,CUST-2998,USB Hub,Accessories,West,Karan,7,836.95
ORD-202602-03862,2026-02-18,CUST-1723,Webcam,Electronics,West,Karan,-1,1825.23
ORD-202602-03863,2026-02-18,CUST-3882,USB Hub,Accessories,East,Karan,5,-100.0
ORD-202602-03864,2026-03-01,CUST-0898,Laptop Stand,Accessories,,Priya,5,1375.65
ORD-202602-03865,2026-02-01,CUST-1365,Monitor Stand,Furniture,Central,Priya,5,1923.77
ORD-202602-03866,2026-02-12,CUST-0762,Webcam,Electronics,South,Amit,3,1962.09
ORD-202602-03867,2026-02-16,CUST-4565,Keyboard,Electronics,South,Neha,4,1328.54
ORD-202602-03868,2026-02-01,CUST-4704,Office Chair,Furniture,North,Amit,2,7082.24
ORD-202602-03869,2026-02-15,CUST-4793,Office Chair,Furniture,Central,Karan,1,7347.46
ORD-202602-03870,2026-03-01,CUST-0117,Study Table,Furniture,South,Vikram,6,5413.98
ORD-202602-03871,2026-02-25,CUST-4497,Monitor Stand,Furniture,North,Rahul,4,1975.85
ORD-202602-03872,2026-02-02,CUST-1096,Wireless Mouse,Electronics,North,Rahul,7,801.88
ORD-202602-03873,2026-02-28,CUST-4763,Desk Organizer,Office,South,Neha,1,547.08
ORD-202602-03874,2026-02-25,CUST-1703,Webcam,Electronics,West,Priya,3,1930.03
ORD-202602-03875,2026-02-28,CUST-1531,USB Hub,Accessories,West,Neha,2,943.99
ORD-202602-03876,2026-02-05,CUST-3284,USB Hub,Accessories,Central,Ananya,6,856.5
ORD-202602-03877,2026-02-28,CUST-3951,Monitor Stand,Furniture,West,Neha,3,2140.85
ORD-202602-03878,2026-02-01,CUST-1880,Mouse Pad,Accessories,North,Neha,5,380.34
ORD-202602-03879,2026-02-02,CUST-4122,Headphones,Electronics,Central,Karan,1,2505.6
ORD-202602-03880,2026-02-11,CUST-0103,Keyboard,Electronics,South,Neha,4,1396.29
ORD-202602-03881,2026-02-26,CUST-4493,Notebook,Office,Central,Amit,4,208.48
ORD-202602-03882,2026-02-27,CUST-2585,Office Chair,Furniture,South,Vikram,5,7105.56
ORD-202602-03883,2026-02-20,CUST-2684,Desk Organizer,Office,North,Priya,5,613.7
ORD-202602-03884,2026-02-02,CUST-4423,Monitor Stand,Furniture,South,Karan,1,1842.63
ORD-202602-03885,2026-02-28,CUST-0275,Wireless Mouse,Electronics,East,Priya,1,830.85
ORD-202602-03886,2026-02-09,CUST-4433,USB Hub,Accessories,Central,Ananya,1,919.12
ORD-202602-03887,2026-02-24,CUST-1016,Notebook,Office, East,Neha,2,182.46
ORD-202602-03888,2026-02-09,CUST-4958,Study Table,Furniture,North,Neha,6,5085.81
ORD-202602-03889,2026-02-18,CUST-3596,Laptop Stand,Accessories,North,Sneha,2,1640.21
ORD-202602-03890,2026-02-03,CUST-1712,Pen Set,Office,West,Karan,7,279.75
ORD-202602-03891,2026-03-03,CUST-0332,Headphones,Electronics,North,Priya,1,2696.81
ORD-202602-03892,2026-02-03,CUST-0613,Notebook,Office,East,Karan,4,190.08
ORD-202602-03893,2026-03-02,CUST-0610,Office Chair,Furniture,,Rahul,6,6853.59
ORD-202602-03894,2026-03-01,CUST-0348,Office Chair,Furniture,Central,Neha,1,7076.67
ORD-202602-03895,2026-02-05,CUST-3080,USB Hub,Accessories,West,Karan,4,921.63
ORD-202602-03896,2026-02-22,CUST-4336,Mouse Pad,Accessories,South,Priya,1,398.82
ORD-202602-03897,2026-02-11,CUST-3999,Study Table,Furniture,East,Neha,6,5332.31
ORD-202602-03898,2026-02-10,CUST-3742,Notebook,Office,North,Amit,4,198.95
ORD-202602-03899,2026-02-11,CUST-4903,Laptop Stand,Accessories,West,Vikram,7,1559.17
ORD-202602-03900,2026-02-08,CUST-3138,Webcam,Electronics,North,Ananya,5,1859.68
ORD-202602-03901,2026-03-02,CUST-0475,Desk Organizer,Office,North,Vikram,3,604.42
ORD-202602-03902,2026-02-02,CUST-2484,Desk Organizer,Office,West,Sneha,2,584.52
ORD-202602-03903,2026-02-11,CUST-3791,Mouse Pad,Accessories,East,Ananya,2,385.43
ORD-202602-03904,2026-02-12,CUST-2287,Headphones,Electronics,East,Amit,1,2398.45
ORD-202602-03905,,CUST-1536,Headphones,Electronics,East,Priya,3,2361.03
ORD-202602-03906,2026-02-10,CUST-2470,Webcam,Electronics,East,Neha,6,1998.04
ORD-202602-03907,2026-02-21,CUST-3906,Wireless Mouse,Electronics,East,Neha,3,876.33
ORD-202602-03908,2026-03-01,CUST-1820,Mouse Pad,Accessories,North,Priya,2,361.41
ORD-202602-03909,2026-02-21,CUST-1766,USB Hub,Accessories,East,Vikram,1,844.35
ORD-202602-03910,2026-02-07,CUST-2374,USB Hub,Accessories,North,Vikram,4,982.47
ORD-202602-03911,2026-03-03,CUST-2097,Monitor Stand,Furniture,North,Neha,2,1935.74
ORD-202602-03912,2026-02-13,CUST-1052,Webcam,Electronics,East,Karan,6,1856.83
ORD-202602-03913,2026-02-10,CUST-1400,Office Chair,Furniture,West,Neha,3,7227.12
ORD-202602-03914,2026-02-22,CUST-0589,Headphones,Electronics,North,Karan,1,2425.37
ORD-202602-03915,2026-03-03,CUST-3758,Notebook,Office,South,Ananya,2,198.71
ORD-202602-03916,2026-02-10,CUST-1057,Study Table,Furniture,Central,Sneha,4,5939.71
ORD-202602-03917,2026-02-07,CUST-4893,Office Chair,Furniture,West,Ananya,1,7089.68
ORD-202602-03918,2026-02-25,CUST-4855,Notebook,Office,Central,Neha,1,205.64
ORD-202602-03919,,CUST-3362,Headphones,Electronics,West,Amit,7,2357.6
ORD-202602-03920,2026-02-23,,Laptop Stand,Accessories,North,Ananya,3,1427.48
ORD-202602-03921,2026-02-15,CUST-4319,USB Hub,Accessories,South,Vikram,6,969.4
ORD-202602-03922,2026-02-02,CUST-3758,Office Chair,Furniture,East,Sneha,7,7583.53
ORD-202602-03923,2026-02-12,CUST-1779,Laptop Stand,Accessories,West,Vikram,1,-100.0
ORD-202602-03924,2026-02-27,CUST-4186,Office Chair,Furniture,North,Ananya,5,6469.97
ORD-202602-03925,2026-03-02,CUST-1705,Monitor Stand,Furniture,Central,Sneha,6,2126.35
ORD-202602-03926,2026-02-12,CUST-0518,Keyboard,Electronics,Central,Sneha,1,1174.1
ORD-202602-03927,2026-02-22,CUST-2829,Monitor Stand,Furniture,North ,Priya,3,2037.6
ORD-202602-03928,2026-02-03,CUST-0616,Notebook,Office,East,Priya,1,205.98
ORD-202602-03929,2026-02-07,CUST-0462,Notebook,Office,North,Karan,1,196.07
ORD-202602-03930,2026-02-22,CUST-0464,Webcam,Electronics,South,Priya,3,1891.11
ORD-202602-03931,2026-02-02,CUST-4558,Laptop Stand,Accessories,Central,Karan,2,1571.51
ORD-202602-03932,2026-02-24,CUST-0316,Notebook,Office,West,Priya,7,214.72
ORD-202602-03933,2026-03-02,CUST-1973,Headphones,Electronics,South,Rahul,2,2343.73
ORD-202602-03934,2026-02-03,CUST-3737,Desk Organizer,Office,North ,Karan,6,555.69
ORD-202602-03935,2026-02-19,CUST-4011,Pen Set,Office,Central,Priya,1,306.77
ORD-202602-03936,2026-02-11,CUST-0283,Wireless Mouse,Electronics,South,Amit,5,755.98
ORD-202602-03937,2026-02-20,CUST-4470,Headphones,Electronics,West,Karan,5,2346.17
ORD-202602-03938,2026-02-28,CUST-4746,Mouse Pad,Accessories,South,Karan,2,375.34
ORD-202602-03939,2026-02-03,CUST-4850,Desk Organizer,Office,West,Karan,4,562.68
ORD-202602-03940,2026-02-21,CUST-3271,Webcam,Electronics,South,Neha,7,1890.31
ORD-202602-03941,2026-02-06,CUST-2562,Study Table,Furniture,West,Karan,5,6009.74
ORD-202602-03942,2026-02-17,CUST-0855,Mouse Pad,Accessories,North,Ananya,6,425.18
ORD-202602-03943,2026-02-14,CUST-0618,Notebook,Office,West,Neha,3,200.72
ORD-202602-03944,2026-02-16,CUST-4088,Keyboard,Electronics,Central,Ananya,2,1190.19
ORD-202602-03945,2026-02-24,CUST-4252,Pen Set,Office,East,,4,309.34
ORD-202602-03946,2026-02-19,CUST-4119,Office Chair,Furniture,East,Neha,3,6930.61
ORD-202602-03947,2026-02-11,CUST-3092,Headphones,Electronics,West,Karan,7,2638.12
ORD-202602-03948,2026-02-21,CUST-2820,Notebook,Office,Central,Priya,3,198.76
ORD-202602-03949,2026-02-19,CUST-0968,Wireless Mouse,Electronics,Central,Neha,5,825.89
ORD-202602-03950,2026-02-03,CUST-0455,Headphones,Electronics,North,Vikram,5,2349.08
ORD-202602-03951,2026-02-20,CUST-1005,Wireless Mouse,Electronics,South,Vikram,3,852.25
ORD-202602-03952,2026-02-11,CUST-2004,Office Chair,Furniture,Central,Sneha,3,7390.14
ORD-202602-03953,2026-02-05,CUST-1507,Monitor Stand,Furniture,Central,Ananya,6,1948.63
ORD-202602-03954,2026-02-17,CUST-2743,Wireless Mouse,Electronics,West,Amit,2,873.09
ORD-202602-03955,2026-02-17,CUST-3909,Desk Organizer,Office,North,Sneha,3,558.32
ORD-202602-03956,2026-02-23,CUST-3719,Notebook,Office,West,Priya,5,179.9
ORD-202602-03957,2026-02-14,CUST-4141,Desk Organizer,Office,Central,Vikram,1,630.52
ORD-202602-03958,2026-02-24,CUST-1493,Mouse Pad,Accessories,Central,Karan,5,407.03
ORD-202602-03959,2026-02-09,CUST-4679,Monitor Stand,Furniture,West,Vikram,6,1843.45
ORD-202602-03960,2026-02-19,CUST-4366,Wireless Mouse,Electronics,East,Amit,4,744.59
ORD-202602-03961,2026-03-02,CUST-1745,Keyboard,Electronics,Central,Rahul,5,1203.1
ORD-202602-03962,2026-02-19,CUST-1254,Webcam,Electronics,West,Amit,4,1772.47
ORD-202602-03963,2026-02-22,CUST-4440,Office Chair,Furniture,,Neha,5,6944.98
ORD-202602-03964,2026-02-12,CUST-4991,Keyboard,Electronics,Central,Sneha,1,1182.34
ORD-202602-03965,,CUST-2326,Keyboard,Electronics,North,Rahul,5,1304.04
ORD-202602-03966,2026-02-26,CUST-0576,Desk Organizer,Office,North,Karan,4,611.62
ORD-202602-03967,2026-02-28,CUST-3033,USB Hub,Accessories,Central,Amit,1,939.88
ORD-202602-03968,2026-03-01,CUST-4165,Desk Organizer,Office,North,Rahul,6,652.43
ORD-202602-03969,2026-02-10,CUST-2345,Laptop Stand,Accessories,Central,Vikram,2,1373.83
ORD-202602-03970,2026-02-27,CUST-0662,Keyboard,Electronics,Central,Sneha,5,1178.23
ORD-202602-03971,2026-02-11,CUST-3678,Notebook,Office,,Vikram,6,184.64
ORD-202602-03972,2026-02-28,CUST-3797,Keyboard,Electronics,Central,Ananya,7,1256.73
ORD-202602-03973,2026-02-01,CUST-4375,Mouse Pad,Accessories,East,Karan,5,401.02
ORD-202602-03974,2026-03-01,CUST-4312,Study Table,Furniture,East,Amit,6,4953.81
ORD-202602-03975,2026-02-07,CUST-2390,Headphones,Electronics,Central,Sneha,5,2595.15
ORD-202602-03976,2026-02-07,CUST-1565,Headphones,Electronics,West,Neha,6,2727.35
ORD-202602-03977,2026-02-18,CUST-0828,Monitor Stand,Furniture,central,Rahul,7,1898.96
ORD-202602-03978,2026-02-16,CUST-0507,Webcam,electronics,Central,Karan,4,1712.44
ORD-202602-03979,2026-02-05,CUST-4135,Laptop Stand,Accessories,West,Neha,3,1574.92
ORD-202602-03980,2026-02-17,CUST-5000,Pen Set,Office,East,Ananya,2,315.15
ORD-202602-03981,2026-02-25,CUST-3217,Keyboard,Electronics,North,Rahul,7,1180.4
ORD-202602-03982,2026-02-16,CUST-4856,Wireless Mouse,Electronics,North,Vikram,7,817.75
ORD-202602-03983,2026-02-19,CUST-1538,Office Chair,Furniture,South,Priya,5,6639.03
ORD-202602-03984,2026-02-27,CUST-3785,Monitor Stand,Furniture,East,Neha,5,2052.12
ORD-202602-03985,2026-02-06,CUST-1985,Monitor Stand,Furniture,North,Neha,2,2089.51
ORD-202602-03986,2026-02-11,CUST-1933,Wireless Mouse,Electronics,South,Priya,7,754.69
ORD-202602-03987,,CUST-3201,Mouse Pad,Accessories,West,Sneha,1,379.91
ORD-202602-03988,2026-02-06,CUST-0673,Study Table,Furniture,North,Vikram,5,5621.71
ORD-202602-03989,2026-02-08,CUST-2062,Office Chair,Furniture,South,Karan,2,7114.15
ORD-202602-03990,2026-02-09,CUST-2091,Laptop Stand,Accessories,Central,Priya,4,1614.77
ORD-202602-03991,2026-02-26,CUST-2153,Mouse Pad,Accessories,South,Neha,1,399.83
ORD-202602-03992,2026-02-05,CUST-3602,Keyboard,Electronics,West,Karan,1,1376.88
ORD-202602-03993,2026-02-12,CUST-1391,Keyboard,Electronics,West,Priya,3,1359.28
ORD-202602-03994,2026-02-13,CUST-0762,Laptop Stand,Accessories,West,Priya,3,1548.68
ORD-202602-03995,2026-02-03,CUST-3055,Headphones,Electronics,West,Sneha,7,2344.95
ORD-202602-03996,2026-02-04,CUST-0085,Monitor Stand,Furniture,East,Amit,5,1909.59
ORD-202602-03997,2026-02-12,CUST-4941,Keyboard,Electronics,Central,Neha,1,1316.35
ORD-202602-03998,2026-02-03,CUST-4521,Mouse Pad,Accessories,South,Amit,7,364.36
ORD-202602-03999,2026-03-03,CUST-1915,Notebook,Office,South,Rahul,5,180.89
ORD-202602-04000,2026-02-14,CUST-3500,Wireless Mouse,Electronics,East,Karan,6,727.06
ORD-202602-04001,2026-02-01,CUST-2595,USB Hub,Accessories,West,Rahul,7,974.75
ORD-202602-04002,2026-02-19,CUST-3470,Monitor Stand,Furniture,West,Neha,4,2074.51
ORD-202602-04003,2026-02-24,CUST-1097,Keyboard,Electronics ,Central,Sneha,2,1386.49
ORD-202602-04004,2026-02-19,CUST-4736,Keyboard,Electronics,East,Neha,4,1419.4
ORD-202602-04005,2026-02-18,CUST-4408,Headphones,Electronics,West,Vikram,5,2599.44
ORD-202602-04006,2026-02-03,CUST-2604,Wireless Mouse,Electronics,North,Vikram,1,801.45
ORD-202602-04007,2026-02-23,CUST-4388,Study Table,Furniture,North,Ananya,7,5475.92
ORD-202602-04008,2026-03-03,CUST-1591,Wireless Mouse,Electronics,Central,Vikram,3,838.32
ORD-202602-04009,2026-02-12,CUST-3929,Webcam,Electronics, East,Karan,5,2038.73
ORD-202602-04010,2026-02-04,CUST-4548,Office Chair,Furniture,South,Sneha,7,7460.4
ORD-202602-04011,2026-02-07,CUST-3481,Monitor Stand, Furniture,West,Sneha,7,1996.18
ORD-202602-04012,2026-02-21,CUST-4930,Keyboard,Electronics,South,Rahul,6,1370.06
ORD-202602-04013,2026-02-20,CUST-1071,Laptop Stand,Accessories,North,Priya,3,1491.98
ORD-202602-04014,2026-02-28,CUST-0103,Headphones,Electronics,East,Priya,4,2441.22
ORD-202602-04015,2026-02-13,CUST-2634,Headphones,Electronics,North,Karan,4,2397.88
ORD-202602-04016,2026-02-28,CUST-1654,Monitor Stand,Furniture,Central,Karan,7,1820.91
ORD-202602-04017,2026-02-09,CUST-3197,Laptop Stand,Accessories,South,Priya,1,1409.41
ORD-202602-04018,2026-02-16,CUST-1813,Notebook,Office,South,Neha,1,208.15
ORD-202602-04019,2026-02-21,CUST-4344,Headphones,electronics,Central,Amit,1,2334.92
ORD-202602-04020,2026-02-09,CUST-0557,Webcam,Electronics,North,Vikram,7,2051.37
ORD-202602-04021,2026-02-12,CUST-4819,Laptop Stand,Accessories,West,Ananya,4,1372.66
ORD-202602-04022,2026-02-26,CUST-1108,Notebook,Office,Central,Priya,5,181.13
ORD-202602-04023,2026-02-18,CUST-1635,Study Table,Furniture,North,Sneha,1,5478.19
ORD-202602-04024,2026-02-19,CUST-0123,Webcam,Electronics,Central,Karan,1,1793.67
ORD-202602-04025,2026-02-20,CUST-3394,Pen Set,Office,West,Sneha,5,275.26
ORD-202602-04026,2026-02-25,CUST-3483,Mouse Pad,Accessories,North,Sneha,5,363.88
ORD-202602-04027,2026-03-03,CUST-4648,Office Chair,Furniture,Central,Amit,3,7037.21
ORD-202602-04028,2026-02-13,CUST-0535,Laptop Stand,Accessories,Central,Neha,1,1426.89
ORD-202602-04029,2026-02-11,CUST-2413,USB Hub,Accessories,Central,Neha,4,909.03
ORD-202602-04030,2026-03-01,CUST-4439,Pen Set,Office,Central,Amit,5,277.97
ORD-202602-04031,2026-02-15,CUST-0151,USB Hub,Accessories,West,Sneha,2,813.49
ORD-202602-04032,2026-03-01,CUST-2920,Desk Organizer,Office,North,Amit,-1,542.37
ORD-202602-04033,,CUST-1150,Wireless Mouse,Electronics,West,Ananya,6,737.11
ORD-202602-04034,2026-02-23,CUST-1781,Laptop Stand,Accessories,West,Rahul,2,1587.75
ORD-202602-04035,2026-02-23,CUST-3779,Headphones,Electronics,West,Vikram,1,2473.27
ORD-202602-04036,2026-03-02,CUST-4045,Keyboard,Electronics,North,Neha,5,1331.18
ORD-202602-04037,2026-02-09,CUST-0029,Wireless Mouse,Electronics,West,Priya,1,858.92
ORD-202602-04038,2026-02-15,CUST-3254,Laptop Stand,Accessories,Central,Neha,4,1412.84
ORD-202602-04039,2026-02-17,CUST-1972,Headphones,Electronics,North,Ananya,4,2684.6
ORD-202602-04040,2026-02-07,CUST-3766,Desk Organizer,Office,North,Vikram,1,628.43
ORD-202602-04041,2026-02-17,CUST-4208,Mouse Pad,Accessories,North,Priya,5,417.28
ORD-202602-04042,2026-02-21,CUST-4389,Office Chair,Furniture,West,Rahul,6,7517.96
ORD-202602-04043,2026-02-16,CUST-0512,Study Table,Furniture,South,Ananya,7,5087.54
ORD-202602-04044,2026-02-21,CUST-4039,Office Chair,Furniture,Central,Priya,2,7055.69
ORD-202602-04045,2026-02-04,CUST-4823,USB Hub,Accessories,Central,Vikram,3,896.04
ORD-202602-04046,2026-02-16,CUST-3896,Monitor Stand,Furniture,North,Sneha,5,2064.57
ORD-202602-04047,2026-03-01,CUST-1885,USB Hub,Accessories,West,Vikram,-1,851.89
ORD-202602-04048,2026-02-09,CUST-3650,Office Chair,Furniture,West,Rahul,5,6477.33
ORD-202602-04049,2026-02-15,CUST-0339,Headphones,Electronics,North,Ananya,3,2735.63
ORD-202602-04050,2026-02-20,CUST-1888,Monitor Stand,Furniture,North,Sneha,1,1985.28
ORD-202602-04051,2026-02-20,CUST-4122,Webcam,Electronics,Central,Ananya,1,1797.22
ORD-202602-04052,2026-02-06,,Pen Set,Office,,Vikram,7,276.79
ORD-202602-04053,2026-02-04,CUST-1326,Laptop Stand,Accessories,North,Vikram,3,1527.06
ORD-202602-04054,2026-02-24,CUST-2829,Headphones,Electronics,Central,Amit,4,2322.95
ORD-202602-04055,2026-02-17,CUST-0009,Laptop Stand,Accessories,West,Amit,5,1403.98
ORD-202602-04056,2026-03-01,CUST-4818,Notebook,Office,Central,Vikram,2,217.0
ORD-202602-04057,2026-03-03,CUST-2754,Keyboard,Electronics,South,Neha,3,1176.68
ORD-202602-04058,2026-02-06,CUST-2505,Headphones,Electronics,West,Sneha,4,2342.48
ORD-202602-04059,2026-02-12,CUST-1667,Study Table,Furniture,West,Neha,1,5687.31
ORD-202602-04060,2026-02-26,CUST-1110,Keyboard,Electronics,central,Karan,5,1225.45
ORD-202602-04061,2026-02-10,CUST-1644,Desk Organizer,Office,South,Ananya,2,560.9
ORD-202602-04062,2026-02-07,CUST-2289,Webcam,Electronics,North,Rahul,1,1920.46
ORD-202602-04063,2026-02-05,CUST-2129,Laptop Stand,Accessories,South,Karan,5,1557.75
ORD-202602-04064,2026-02-16,CUST-2074,Laptop Stand,Accessories,East,Amit,3,1478.2
ORD-202602-04065,2026-02-12,CUST-2541,Laptop Stand,Accessories,East,Ananya,6,1583.33
ORD-202602-04066,2026-03-01,CUST-2343,Desk Organizer,Office,Central,Neha,4,636.76
ORD-202602-04067,2026-03-02,CUST-1550,Office Chair,Furniture,West,Ananya,1,7171.29
ORD-202602-04068,2026-02-03,CUST-2906,Laptop Stand,Accessories,Central,Amit,5,1522.33
ORD-202602-04069,2026-02-28,CUST-1232,Headphones,Electronics,West,Priya,1,2657.09
ORD-202602-04070,2026-02-03,CUST-4741,Wireless Mouse,Electronics,South,Rahul,3,721.5
ORD-202602-04071,2026-02-23,CUST-3336,Desk Organizer,Office,Central,Vikram,5,600.27
ORD-202602-04072,2026-03-02,CUST-1406,Study Table,Furniture,South,Sneha,3,5090.68
ORD-202602-04073,2026-02-11,CUST-3464,Wireless Mouse,Electronics,Central,,3,754.5
ORD-202602-04074,2026-02-05,CUST-4846,Notebook,Office,West,Ananya,2,216.87
ORD-202602-04075,2026-02-03,CUST-3825,Headphones,Electronics,South,Amit,4,2250.95
ORD-202602-04076,2026-02-11,CUST-3898,Headphones,Electronics,North,Karan,3,2402.55
ORD-202602-04077,2026-03-02,CUST-1091,Office Chair,Furniture,Central,Karan,7,6515.17
ORD-202602-04078,2026-02-15,CUST-0915,Webcam,Electronics,West,Vikram,5,1925.74
ORD-202602-04079,2026-02-13,CUST-2808,Webcam, Electronics,North,Amit,7,2029.75
ORD-202602-04080,2026-02-01,CUST-1403,Keyboard,Electronics,South,Priya,3,1270.65
ORD-202602-04081,2026-02-21,CUST-0602,Study Table,Furniture,East,Karan,7,5869.84
ORD-202602-04082,2026-02-06,CUST-4547,Study Table,Furniture,East,Priya,2,5433.27
ORD-202602-04083,2026-02-22,CUST-1727,Study Table,Furniture,South,Rahul,3,5948.87
ORD-202602-04084,2026-02-26,,Headphones,Electronics,North,,3,2672.4
ORD-202602-04085,2026-02-25,CUST-3659,Headphones,Electronics,West,Priya,5,2338.47
ORD-202602-04086,2026-02-17,CUST-0717,Monitor Stand,Furniture,West,Neha,5,2152.95
ORD-202602-04087,2026-02-21,CUST-0939,Notebook,Office,West,Ananya,1,186.76
ORD-202602-04088,2026-02-13,CUST-2923,Webcam,Electronics,Central,Neha,4,1895.35
ORD-202602-04089,2026-02-22,CUST-3120,Wireless Mouse,Electronics,South,Sneha,7,750.42
ORD-202602-04090,2026-02-22,CUST-1385,Office Chair,Furniture,East,Priya,3,6840.07
ORD-202602-04091,2026-02-06,CUST-0767,Office Chair,Furniture,South,Vikram,5,7678.75
ORD-202602-04092,2026-02-11,CUST-3149,Wireless Mouse,Electronics,Central,Rahul,5,841.37
ORD-202602-04093,2026-02-25,CUST-1181,Mouse Pad,Accessories,East,,7,403.32
ORD-202602-04094,2026-02-14,CUST-0868,Mouse Pad,Accessories,East,Priya,5,433.75
ORD-202602-04095,2026-02-08,CUST-1893,Mouse Pad, Accessories,West,Ananya,4,387.8
ORD-202602-04096,2026-03-03,CUST-1760,Laptop Stand,Accessories,South,Priya,1,1401.03
ORD-202602-04097,2026-02-27,CUST-2012,Laptop Stand,Accessories,South,Karan,6,1597.62
ORD-202602-04098,2026-02-25,CUST-1943,Laptop Stand,Accessories,Central,Sneha,3,1352.75
ORD-202602-04099,2026-02-14,CUST-2829,Study Table,Furniture,North,Rahul,7,5833.99
ORD-202602-04100,2026-02-18,CUST-2689,Monitor Stand,Furniture,North,Ananya,2,1807.84
ORD-202602-04101,2026-03-02,CUST-0187,Keyboard,Electronics,Central,Vikram,4,1242.98
ORD-202602-04102,2026-02-17,CUST-1197,Desk Organizer,Office,South,Karan,6,581.69
ORD-202602-04103,2026-02-26,CUST-2523,Notebook,Office,West,Sneha,2,191.78
ORD-202602-04104,2026-02-27,CUST-3639,Webcam,Electronics,West,Karan,2,1801.56
ORD-202602-04105,2026-02-25,CUST-0152,Headphones,Electronics,North,Rahul,6,2303.17
ORD-202602-04106,2026-02-19,CUST-4047,Desk Organizer,Office,North,Vikram,3,539.48
ORD-202602-04107,2026-02-11,CUST-0472,Laptop Stand,Accessories,Central,Amit,7,1581.36
ORD-202602-04108,2026-02-11,CUST-3200,Keyboard,Electronics,Central,Rahul,4,1287.81
ORD-202602-04109,2026-02-26,CUST-1094,Monitor Stand,Furniture,South,Rahul,6,1863.85
ORD-202602-04110,2026-02-13,CUST-4516,Monitor Stand,Furniture,East,Neha,4,1831.95
ORD-202602-04111,2026-02-08,CUST-3466,USB Hub,Accessories,Central,Karan,1,859.16
ORD-202602-04112,2026-02-06,CUST-3953,USB Hub,Accessories,South,Amit,6,872.82
ORD-202602-04113,2026-02-20,CUST-4058,USB Hub,Accessories,West,Neha,3,892.06
ORD-202602-04114,2026-03-02,CUST-0221,Headphones,Electronics,South,Karan,3,2299.61
ORD-202602-04115,2026-02-12,CUST-4235,Keyboard,Electronics,Central,Priya,6,1423.68
ORD-202602-04116,2026-02-21,CUST-0424,Webcam,Electronics,South,Karan,2,1811.17
ORD-202602-04117,2026-02-10,CUST-2714,USB Hub,Accessories,East,Amit,3,888.45
ORD-202602-04118,2026-02-13,CUST-3300,Headphones,Electronics,West,Vikram,5,2603.47
ORD-202602-04119,2026-02-13,CUST-4500,Wireless Mouse,Electronics,West,Sneha,5,768.67
ORD-202602-04120,2026-02-12,CUST-3610,Monitor Stand,Furniture,North,Neha,6,1832.08
ORD-202602-04121,2026-02-27,CUST-3560,Study Table,Furniture,North,Ananya,1,5363.22
ORD-202602-04122,2026-03-01,CUST-4840,Webcam,Electronics,Central,Priya,7,1919.08
ORD-202602-04123,2026-02-09,CUST-0082,Notebook,Office,West,Neha,5,212.6
ORD-202602-04124,2026-02-12,CUST-0017,Keyboard,Electronics,North,Amit,5,1264.69
ORD-202602-04125,2026-02-01,CUST-0952,Monitor Stand,Furniture,West,Amit,7,2154.73
ORD-202602-04126,2026-02-24,CUST-1185,Office Chair,Furniture,South,Rahul,4,7063.5
ORD-202602-04127,2026-02-22,CUST-2500,Headphones,Electronics,East,Sneha,1,2607.7
ORD-202602-04128,2026-02-26,CUST-4159,Headphones,Electronics,West,Sneha,1,2264.18
ORD-202602-04129,2026-02-18,CUST-1964,Laptop Stand,Accessories,West,Amit,7,1617.64
ORD-202602-04130,2026-03-01,CUST-4458,Keyboard,Electronics,South,Amit,7,1224.55
ORD-202602-04131,2026-02-05,CUST-3205,Laptop Stand,Accessories,Central,Ananya,1,1446.8
ORD-202602-04132,2026-02-12,CUST-2323,Pen Set,Office,East,Sneha,5,300.41
ORD-202602-04133,2026-02-14,CUST-3966,Desk Organizer,Office,Central,Vikram,5,654.09
ORD-202602-04134,2026-02-24,CUST-2419,Wireless Mouse,Electronics,East,Vikram,2,774.34
ORD-202602-04135,2026-02-07,CUST-0214,Laptop Stand,Accessories,South,Vikram,6,1415.21
ORD-202602-04136,2026-02-11,CUST-4269,Office Chair,Furniture,South,Neha,4,7643.93
ORD-202602-04137,2026-02-03,CUST-0664,Study Table,Furniture,North,Ananya,2,5838.25
ORD-202602-04138,2026-03-02,CUST-2300,Notebook,Office,East,Amit,4,205.5
ORD-202602-04139,2026-02-15,CUST-0780,Desk Organizer,Office,East,Amit,7,588.17
ORD-202602-04140,2026-02-01,CUST-3938,Webcam,Electronics,Central,Amit,2,1868.79
ORD-202602-04141,2026-02-08,CUST-3187,Study Table,Furniture,south,Priya,5,5994.65
ORD-202602-04142,2026-02-18,,Mouse Pad,Accessories,North,Vikram,6,364.6
ORD-202602-04143,2026-02-16,CUST-4333,Pen Set,Office,Central,Rahul,5,314.4
ORD-202602-04144,2026-02-16,CUST-1310,Webcam,Electronics,East,Vikram,5,1937.42
ORD-202602-04145,2026-02-02,CUST-1263,Headphones,Electronics,North,Amit,6,2733.12
ORD-202602-04146,2026-02-28,CUST-1372,Mouse Pad,Accessories,south,Neha,2,403.66
ORD-202602-04147,2026-02-26,CUST-0769,Mouse Pad,Accessories,Central,Priya,1,381.49
ORD-202602-04148,2026-02-07,CUST-4694,Notebook,Office,Central,Rahul,7,210.14
ORD-202602-04149,2026-02-12,CUST-0414,Office Chair,Furniture,East,Ananya,3,7678.78
ORD-202602-04150,2026-02-03,CUST-2122,Office Chair,Furniture,,Amit,7,7569.35
ORD-202602-04151,2026-02-04,CUST-1409,Webcam,Electronics,West,Karan,2,1821.04
ORD-202602-04152,2026-02-27,CUST-0079,Mouse Pad,Accessories,North,Rahul,2,386.74
ORD-202602-04153,2026-02-04,CUST-4154,Keyboard,Electronics,South,Karan,1,1365.2
ORD-202602-04154,2026-02-11,CUST-2513,Office Chair,Furniture,East,Ananya,4,7136.45
ORD-202602-04155,2026-03-03,CUST-4389,Keyboard,Electronics,West,Sneha,7,1172.12
ORD-202602-04156,2026-02-11,CUST-3084,Wireless Mouse,Electronics,West,Vikram,7,741.77
ORD-202602-04157,2026-02-22,CUST-2480,Mouse Pad,Accessories,East,Neha,3,365.92
ORD-202602-04158,2026-02-04,CUST-1224,Study Table,Furniture,North,Priya,3,5145.67
ORD-202602-04159,2026-02-28,CUST-2956,Laptop Stand,Accessories,North,Amit,5,1440.51
ORD-202602-04160,2026-03-01,CUST-3638,Headphones,Electronics,Central,Karan,7,2732.51
ORD-202602-04161,2026-03-01,CUST-0140,Headphones,Electronics,West,Ananya,5,2587.2
ORD-202602-04162,2026-02-20,CUST-1165,Office Chair,furniture,South,Priya,2,6375.75
ORD-202602-04163,2026-03-03,CUST-1809,Pen Set,Office,West,Amit,3,305.42
ORD-202602-04164,2026-02-22,CUST-0599,Mouse Pad,Accessories,Central,Karan,6,393.95
ORD-202602-04165,2026-02-12,CUST-0422,Monitor Stand,Furniture,North,Amit,1,2100.57
ORD-202602-04166,2026-02-28,CUST-1247,Keyboard,Electronics,Central,Vikram,5,1398.74
ORD-202602-04167,2026-02-09,CUST-1705,Pen Set,Office,South,Rahul,6,273.0
ORD-202602-04168,2026-02-27,CUST-2670,Laptop Stand,Accessories,West,Ananya,3,1642.88
ORD-202602-04169,2026-03-01,CUST-4069,Webcam,Electronics,East,Amit,4,1731.09
ORD-202602-04170,2026-02-15,CUST-4279,Study Table,Furniture,West,Amit,6,5754.56
ORD-202602-04171,2026-02-08,CUST-1908,Monitor Stand,Furniture,North,Priya,5,2160.17
ORD-202602-04172,2026-02-05,CUST-2647,Office Chair,furniture,West,Ananya,1,7351.36
ORD-202602-04173,2026-02-17,CUST-0071,Keyboard,Electronics,Central,Ananya,5,1208.28
ORD-202602-04174,2026-02-21,CUST-4245,Desk Organizer,Office,West,Ananya,2,564.02
ORD-202602-04175,2026-02-19,CUST-1174,Laptop Stand,Accessories,West,Vikram,6,1361.45
ORD-202602-04176,2026-02-21,CUST-0321,Laptop Stand,Accessories,North,Priya,2,1388.4
ORD-202602-04177,2026-02-01,CUST-3013,Headphones,Electronics,South,Priya,7,2279.6
ORD-202602-04178,2026-02-02,CUST-1863,Notebook,Office,Central,Priya,1,181.23
ORD-202602-04179,2026-02-09,CUST-2056,Study Table,Furniture,East,Priya,7,5567.31
ORD-202602-04180,2026-02-28,CUST-2176,Webcam,Electronics,East,Ananya,1,1738.23
ORD-202602-04181,2026-02-16,CUST-3141,Mouse Pad,Accessories,North,Neha,5,393.02
ORD-202602-04182,2026-02-11,CUST-4009,Pen Set,Office,West,Neha,3,311.54
ORD-202602-04183,2026-02-21,CUST-2859,Pen Set,Office,East,Priya,2,270.01
ORD-202602-04184,2026-02-14,CUST-3054,Webcam,electronics,East,Ananya,2,1951.75
ORD-202602-04185,2026-02-05,CUST-4044,Wireless Mouse,Electronics,Central ,Karan,1,840.1
ORD-202602-04186,2026-02-16,CUST-3926,Office Chair,Furniture,West,Amit,1,7050.33
ORD-202602-04187,2026-02-22,CUST-0863,Notebook,Office,East,Sneha,3,198.03
ORD-202602-04188,2026-03-01,CUST-1693,Desk Organizer,Office,South,Priya,2,626.65
ORD-202602-04189,2026-02-12,CUST-2469,Mouse Pad,Accessories,West,Sneha,7,401.37
ORD-202602-04190,2026-02-06,CUST-4671,USB Hub,Accessories,East,Ananya,6,900.67
ORD-202602-04191,2026-02-27,CUST-3035,Webcam,Electronics,South,Sneha,-1,2013.63
ORD-202602-04192,2026-02-12,CUST-4069,Pen Set,Office ,South,Priya,1,319.19
ORD-202602-04193,2026-02-05,CUST-3975,Office Chair, Furniture,South,Vikram,7,6814.81
ORD-202602-04194,2026-02-16,CUST-4578,Laptop Stand,Accessories,West,Amit,6,1473.66
ORD-202602-04195,2026-02-02,CUST-2592,Wireless Mouse,Electronics,East,Neha,2,847.06
ORD-202602-04196,2026-03-03,CUST-1314,Headphones,Electronics,,Priya,1,2521.43
ORD-202602-04197,2026-02-25,CUST-2057,Notebook,Office,North,Amit,5,206.44
ORD-202602-04198,2026-02-14,CUST-0033,Webcam,Electronics,Central,Karan,1,1737.65
ORD-202602-04199,2026-02-17,CUST-3419,Office Chair,Furniture,Central,Karan,5,6432.6
ORD-202602-04200,2026-02-13,,Webcam,Electronics,Central,Rahul,4,1911.08
ORD-202602-04201,2026-02-15,CUST-0826,Mouse Pad,Accessories,West,Neha,7,424.47
ORD-202602-04202,2026-03-01,CUST-2463,Headphones,Electronics,Central,Vikram,3,2407.31
ORD-202602-04203,2026-02-23,CUST-3581,USB Hub,Accessories,West,Vikram,4,981.82
ORD-202602-04204,2026-02-21,CUST-3895,Pen Set,Office,Central,Vikram,4,314.57
ORD-202602-04205,2026-03-03,CUST-3880,Office Chair,Furniture,Central,Rahul,7,7393.34
ORD-202602-04206,2026-02-06,CUST-0488,Desk Organizer,Office,East,Rahul,5,639.02
ORD-202602-04207,2026-03-01,CUST-1869,Mouse Pad,Accessories,South,Sneha,5,379.41
ORD-202602-04208,2026-02-06,CUST-2978,USB Hub,Accessories,Central,Amit,3,868.49
ORD-202602-04209,2026-02-09,CUST-0527,Laptop Stand,Accessories,Central,Neha,4,1384.61
ORD-202602-04210,2026-02-20,CUST-0995,Monitor Stand,Furniture,East,Rahul,2,1951.17
ORD-202602-04211,2026-02-05,CUST-4715,Desk Organizer,Office,Central,Priya,-1,543.39
ORD-202602-04212,2026-02-15,CUST-2573,Study Table,Furniture,North,Priya,6,5775.59
ORD-202602-04213,2026-02-11,CUST-2892,Desk Organizer,Office,Central,Amit,1,635.25
ORD-202602-04214,2026-02-01,CUST-0792,Keyboard,Electronics,,Sneha,2,1224.6
ORD-202602-04215,2026-02-06,CUST-3170,Webcam,Electronics,North,Karan,5,1895.16
ORD-202602-04216,2026-02-14,CUST-4562,USB Hub,Accessories,North,Ananya,6,929.92
ORD-202602-04217,2026-02-03,CUST-4800,Laptop Stand,Accessories,North,Sneha,7,1571.71
ORD-202602-04218,2026-03-02,CUST-0917,Study Table,Furniture,North,Karan,5,6015.29
ORD-202602-04219,2026-02-14,CUST-1110,Mouse Pad,Accessories,South,Priya,5,375.11
ORD-202602-04220,2026-02-24,CUST-2876,Headphones,Electronics,South,Karan,3,2372.41
ORD-202602-04221,2026-02-07,CUST-4434,Notebook,Office,East,Karan,3,213.08
ORD-202602-04222,2026-02-18,CUST-0029,Laptop Stand,Accessories,Central,Amit,3,1378.24
ORD-202602-04223,2026-02-04,CUST-1126,Keyboard,Electronics,East,Sneha,1,1373.27
ORD-202602-04224,2026-02-07,CUST-0783,Monitor Stand,Furniture,South,Ananya,3,1852.41
ORD-202602-04225,2026-02-22,CUST-3948,Monitor Stand,Furniture,North,Sneha,2,1984.8
ORD-202602-04226,2026-02-11,CUST-2497,Office Chair,Furniture,Central,Neha,5,7128.12
ORD-202602-04227,2026-03-03,CUST-3573,Laptop Stand,Accessories,South,Ananya,6,1579.31
ORD-202602-04228,2026-03-03,CUST-0205,Office Chair,Furniture,Central,Karan,7,6459.42
ORD-202602-04229,2026-02-05,CUST-0662,Webcam,Electronics,West,Ananya,7,2022.08
ORD-202602-04230,2026-02-21,CUST-2714,Study Table,Furniture,Central,Sneha,3,5884.54
ORD-202602-04231,2026-02-25,CUST-2100,Study Table,Furniture,North,Priya,7,5821.79
ORD-202602-04232,2026-02-09,CUST-0922,Headphones,Electronics,West,Rahul,7,2717.57
ORD-202602-04233,2026-02-27,CUST-1305,Laptop Stand,Accessories,West,Amit,4,1610.59
ORD-202602-04234,2026-02-23,CUST-3633,Desk Organizer, Office,Central,Vikram,2,631.1
ORD-202602-04235,2026-02-11,CUST-0069,Webcam,Electronics,West,Amit,6,1929.13
ORD-202602-04236,2026-02-03,CUST-4342,Office Chair,furniture,North,Rahul,1,7431.01
ORD-202602-04237,2026-02-14,,Pen Set,Office,East,Ananya,3,327.42
ORD-202602-04238,2026-02-12,CUST-3793,Headphones,Electronics,East,Sneha,4,2567.63
ORD-202602-04239,2026-02-17,CUST-3149,Office Chair,Furniture,East,Priya,7,6638.7
ORD-202602-04240,2026-02-08,CUST-0317,Wireless Mouse,Electronics,South,Rahul,7,758.71
ORD-202602-04241,2026-02-10,CUST-3823,Laptop Stand,Accessories,Central,Amit,6,1587.74
ORD-202602-04242,2026-02-28,CUST-2482,Headphones,Electronics,South,Rahul,4,2743.63
ORD-202602-04243,2026-02-27,CUST-1506,Wireless Mouse,Electronics,East,Ananya,1,752.71
ORD-202602-04244,2026-02-23,CUST-0556,Desk Organizer,Office,East,Sneha,6,655.32
ORD-202602-04245,2026-02-11,CUST-0578,Keyboard,Electronics,West,Neha,6,1238.8
ORD-202602-04246,2026-02-16,CUST-2046,Desk Organizer,Office,,Amit,4,588.55
ORD-202602-04247,2026-02-10,CUST-1473,Wireless Mouse,Electronics,Central,Rahul,4,864.22
ORD-202602-04248,2026-02-13,CUST-4198,Study Table,Furniture,Central,Neha,6,6006.9
ORD-202602-04249,2026-02-17,CUST-2715,Monitor Stand,Furniture,East,Vikram,-1,2025.77
ORD-202602-04250,2026-02-27,CUST-0206,Laptop Stand,Accessories,South,Vikram,6,1633.94
ORD-202602-04251,2026-02-25,CUST-4385,Mouse Pad,Accessories,West,Karan,4,426.33
ORD-202602-04252,2026-02-07,CUST-1259,Pen Set,Office,Central,Vikram,5,320.91
ORD-202602-04253,2026-03-02,CUST-3033,Notebook,Office,Central,Neha,2,213.66
ORD-202602-04254,2026-02-03,CUST-4133,Wireless Mouse,Electronics,,Amit,5,780.82
ORD-202602-04255,2026-02-02,CUST-3340,Monitor Stand,furniture,North,Sneha,2,1811.36
ORD-202602-04256,2026-02-27,CUST-2030,Monitor Stand,Furniture,West,Amit,4,1864.93
ORD-202602-04257,2026-02-09,CUST-0038,Mouse Pad,Accessories,South,Rahul,4,365.04
ORD-202602-04258,2026-02-27,CUST-1177,Notebook,Office,South,Neha,7,188.75
ORD-202602-04259,2026-02-03,CUST-2848,Headphones,Electronics,,,5,2276.74
ORD-202602-04260,2026-02-08,CUST-4748,Desk Organizer,Office,Central,Neha,4,572.28
ORD-202602-04261,2026-02-26,CUST-0180,Mouse Pad,Accessories,North,Neha,3,406.1
ORD-202602-04262,2026-02-07,CUST-0779,Webcam,Electronics,West,Sneha,3,1762.67
ORD-202602-04263,2026-02-17,CUST-1792,Webcam,Electronics,Central,Rahul,5,1829.02
ORD-202602-04264,2026-02-23,,Keyboard,Electronics,North,Karan,7,1227.33
ORD-202602-04265,2026-02-11,CUST-4751,Office Chair,Furniture,West,Amit,5,6432.22
ORD-202602-04266,2026-02-05,CUST-0891,Wireless Mouse,Electronics,Central,Vikram,5,827.14
ORD-202602-04267,2026-02-26,CUST-2903,Notebook,Office,East,Ananya,3,214.64
ORD-202602-04268,2026-02-20,CUST-4816,Office Chair,Furniture,,Priya,4,7301.35
ORD-202602-04269,2026-03-01,CUST-4993,Wireless Mouse,Electronics,West,Karan,5,828.44
ORD-202602-04270,2026-02-22,CUST-3931,Keyboard,Electronics,Central,Sneha,5,1424.49
ORD-202602-04271,2026-02-24,CUST-3894,Desk Organizer,Office,East,Amit,3,626.71
ORD-202602-04272,2026-02-20,CUST-1383,Office Chair,Furniture,North,Priya,3,6365.03
ORD-202602-04273,2026-02-21,CUST-1548,Keyboard,Electronics,west,Priya,3,1225.8
ORD-202602-04274,2026-02-14,CUST-4919,Webcam,Electronics,South,Sneha,3,1951.21
ORD-202602-04275,2026-03-01,CUST-3114,Notebook,Office,Central,Rahul,3,204.53
ORD-202602-04276,2026-02-26,CUST-0573,Notebook,Office,South,Sneha,2,212.24
ORD-202602-04277,2026-02-08,CUST-0346,Mouse Pad,Accessories,West,Neha,4,371.78
ORD-202602-04278,2026-03-01,CUST-4298,Webcam,Electronics,West,Sneha,6,2081.77
ORD-202602-04279,2026-02-08,CUST-0649,Notebook,Office,East,Vikram,1,199.65
ORD-202602-04280,2026-02-22,CUST-3498,Wireless Mouse,Electronics,West,Rahul,5,866.18
ORD-202602-04281,2026-03-01,CUST-1609,Study Table,Furniture,Central,Vikram,6,5531.27
ORD-202602-04282,2026-02-13,CUST-0870,Notebook,Office,West,Priya,6,186.54
ORD-202602-04283,2026-02-06,CUST-0571,Laptop Stand,Accessories,West,Priya,6,1454.34
ORD-202602-04284,2026-03-03,CUST-2732,Laptop Stand,Accessories, North,Ananya,3,1415.41
ORD-202602-04285,2026-02-25,CUST-4019,Laptop Stand,Accessories,South,Karan,1,1428.31
ORD-202602-04286,2026-02-14,CUST-0060,USB Hub,Accessories,East,Neha,7,969.19
ORD-202602-04287,2026-03-03,CUST-3520,Headphones,Electronics,North,Karan,5,2437.72
ORD-202602-04288,2026-02-04,CUST-2866,Notebook,Office,East,Neha,3,186.37
ORD-202602-04289,2026-02-17,CUST-3972,Headphones,Electronics,North,Rahul,6,2431.3
ORD-202602-04290,2026-02-06,CUST-2912,Laptop Stand,Accessories,South,Vikram,3,1534.15
ORD-202602-04291,2026-02-06,CUST-0631,Study Table,Furniture,North,Neha,6,5170.03
ORD-202602-04292,2026-02-11,CUST-2043,Notebook,Office,East,Ananya,7,181.13
ORD-202602-04293,2026-02-18,CUST-4936,Study Table,Furniture,East,Sneha,6,5908.26
ORD-202602-04294,2026-02-06,CUST-4123,Pen Set,Office,East,Rahul,5,283.41
ORD-202602-04295,2026-02-17,CUST-1758,Office Chair,Furniture,Central,Neha,2,7609.82
ORD-202602-04296,2026-02-25,CUST-4654,Keyboard,Electronics,East,Rahul,7,1181.35
ORD-202602-04297,2026-02-05,CUST-0037,Mouse Pad,Accessories,North,Vikram,3,411.04
ORD-202602-04298,2026-02-01,CUST-2669,Laptop Stand, Accessories,West,Vikram,5,1548.54
ORD-202602-04299,,CUST-3870,Wireless Mouse,Electronics,Central,Neha,5,744.03
ORD-202602-04300,2026-02-13,CUST-3370,Keyboard,Electronics,South,Amit,2,1341.93
ORD-202602-04301,2026-02-06,CUST-0895,Headphones,Electronics,North,Sneha,5,2442.84
ORD-202602-04302,2026-02-28,CUST-0730,Wireless Mouse,Electronics,Central,Ananya,3,780.11
ORD-202602-04303,2026-02-14,CUST-3718,USB Hub,Accessories,North,Ananya,3,966.87
ORD-202602-04304,2026-02-04,CUST-4991,Wireless Mouse,Electronics,Central,Karan,7,871.3
ORD-202602-04305,2026-02-10,CUST-3821,Office Chair,Furniture,East,,6,6537.23
ORD-202602-04306,2026-02-18,CUST-4290,Notebook,Office ,West,Sneha,4,206.33
ORD-202602-04307,2026-02-10,CUST-4553,Monitor Stand,Furniture,West,Amit,1,1860.95
ORD-202602-04308,2026-03-01,CUST-4746,Keyboard,Electronics,Central,Karan,5,-100.0
ORD-202602-04309,2026-02-20,CUST-3950,Keyboard,Electronics,West,Sneha,6,1207.95
ORD-202602-04310,2026-02-03,CUST-3891,Study Table,Furniture,East,Vikram,2,5647.09
ORD-202602-04311,2026-02-11,CUST-3949,USB Hub,Accessories,South,Ananya,6,939.71
ORD-202602-04312,2026-02-11,CUST-1615,Desk Organizer,Office,Central,Karan,3,599.84
ORD-202602-04313,2026-02-05,CUST-2703,Headphones,Electronics,North,Vikram,6,2724.74
ORD-202602-04314,2026-02-02,CUST-1109,Wireless Mouse,Electronics,South,Neha,6,841.21
ORD-202602-04315,2026-02-04,CUST-2655,Mouse Pad,Accessories,South,Karan,5,372.0
ORD-202602-04316,2026-02-22,CUST-2556,Notebook,Office,East,Karan,7,187.38
ORD-202602-04317,2026-02-08,CUST-0343,Keyboard,Electronics,South,Amit,1,1323.96
ORD-202602-04318,2026-02-13,CUST-0413,Wireless Mouse,Electronics,Central,Amit,3,772.36
ORD-202602-04319,2026-02-05,CUST-4754,Headphones,Electronics,East,Ananya,1,2249.55
ORD-202602-04320,2026-03-02,CUST-2760,Keyboard,Electronics,Central,Ananya,2,1175.41
ORD-202602-04321,2026-03-03,CUST-0164,Monitor Stand,Furniture,North,Karan,3,1962.26
ORD-202602-04322,2026-02-22,CUST-1850,Monitor Stand,Furniture,East,Amit,1,2008.44
ORD-202602-04323,2026-02-11,CUST-4457,Wireless Mouse,Electronics,East,Priya,3,823.5
ORD-202602-04324,2026-02-19,CUST-3640,USB Hub,Accessories,Central,Amit,1,946.31
ORD-202602-04325,2026-02-12,,Laptop Stand,Accessories,West,,1,1639.53
ORD-202602-04326,2026-03-01,CUST-3129,Wireless Mouse,Electronics,West,Vikram,6,853.15
ORD-202602-04327,2026-02-19,CUST-3502,Pen Set,Office,Central,Rahul,6,290.39
ORD-202602-04328,2026-02-05,CUST-1233,Study Table,Furniture,South,Amit,4,5537.16
ORD-202602-04329,2026-02-03,CUST-4210,Notebook,Office,Central,Vikram,4,187.69
ORD-202602-04330,2026-02-25,CUST-3668,Study Table,Furniture,Central,Rahul,3,6014.53
ORD-202602-04331,2026-02-23,CUST-1197,Pen Set,Office,Central,,4,301.12
ORD-202602-04332,2026-02-23,CUST-1556,Notebook,Office,East,Karan,6,189.04
ORD-202602-04333,2026-02-11,CUST-3836,Monitor Stand,Furniture,North,Rahul,4,2088.57
ORD-202602-04334,2026-02-21,CUST-1243,Desk Organizer,Office,Central,Vikram,6,597.55
ORD-202602-04335,2026-02-09,CUST-3346,Desk Organizer,Office,East,Amit,4,658.51
ORD-202602-04336,2026-02-20,CUST-2093,Office Chair,Furniture,Central,Ananya,3,6403.68
ORD-202602-04337,2026-02-11,CUST-1436,Wireless Mouse,Electronics,North,Vikram,7,772.71
ORD-202602-04338,2026-02-04,CUST-0790,Desk Organizer,Office,North,Karan,7,651.93
ORD-202602-04339,2026-02-26,CUST-3609,Desk Organizer,Office,South,Rahul,2,594.35
ORD-202602-04340,2026-02-26,CUST-1626,Mouse Pad,Accessories,Central,Neha,4,383.98
ORD-202602-04341,2026-02-25,CUST-2781,Notebook,Office,North,Neha,6,203.17
ORD-202602-04342,2026-02-20,CUST-1300,Office Chair,Furniture,North,Sneha,2,7229.26
ORD-202602-04343,2026-02-20,CUST-0737,Keyboard,Electronics,East,Amit,6,1193.21
ORD-202602-04344,2026-02-24,CUST-0109,Mouse Pad,Accessories,Central,Priya,7,379.8
ORD-202602-04345,2026-02-18,CUST-4698,Office Chair,Furniture,North,Sneha,2,6731.6
ORD-202602-04346,2026-02-28,CUST-1505,Webcam,Electronics,West,Amit,2,1802.46
ORD-202602-04347,2026-02-24,CUST-2881,Webcam,Electronics,East,Rahul,7,1854.52
ORD-202602-04348,2026-02-17,CUST-2335,Wireless Mouse,Electronics,West,Rahul,7,772.59
ORD-202602-04349,2026-02-19,CUST-1850,Laptop Stand,Accessories,West,Karan,7,1568.38
ORD-202602-04350,2026-03-02,CUST-4149,Laptop Stand,Accessories,Central,Karan,5,1528.66
ORD-202602-04351,2026-02-16,CUST-4555,Monitor Stand,Furniture,North,Karan,1,1970.69
ORD-202602-04352,2026-02-04,CUST-0903,Keyboard, Electronics,West,Amit,7,1221.06
ORD-202602-04353,2026-02-27,CUST-0156,Pen Set,Office,East,Priya,2,294.25
ORD-202602-04354,2026-02-01,CUST-1637,Wireless Mouse,Electronics,South,Neha,2,747.94
ORD-202602-04355,2026-02-08,CUST-0516,Office Chair,Furniture,West,Ananya,6,7631.91
ORD-202602-04356,2026-02-11,CUST-0147,Mouse Pad,Accessories,East,Vikram,3,372.97
ORD-202602-04357,2026-02-01,,USB Hub,Accessories,,Vikram,7,963.49
ORD-202602-04358,2026-02-07,CUST-0376,Monitor Stand,Furniture,West,Karan,7,2045.21
ORD-202602-04359,2026-02-06,CUST-0352,Desk Organizer,Office,East,Priya,6,636.24
ORD-202602-04360,2026-02-18,CUST-1781,Keyboard,Electronics,South,Karan,6,1399.95
ORD-202602-04361,2026-02-28,CUST-2840,Webcam,Electronics,South,Ananya,4,2014.45
ORD-202602-04362,2026-02-09,CUST-2500,Webcam,Electronics,South,Priya,7,1932.91
ORD-202602-04363,2026-02-13,CUST-3729,Notebook,Office,South,Neha,7,189.73
ORD-202602-04364,2026-02-22,CUST-3742,Office Chair,Furniture,East,Rahul,2,7222.98
ORD-202602-04365,2026-02-21,CUST-0083,Pen Set,Office,North,Rahul,3,269.39
ORD-202602-04366,2026-03-02,CUST-3816,USB Hub,Accessories,Central,Ananya,5,876.97
ORD-202602-04367,2026-02-17,CUST-0214,Desk Organizer,Office,East,Rahul,7,641.88
ORD-202602-04368,2026-02-24,CUST-4570,Desk Organizer,Office,West,Karan,3,608.65
ORD-202602-04369,2026-02-27,CUST-1530,Keyboard,Electronics,East,Amit,2,1236.81
ORD-202602-04370,2026-02-14,CUST-4539,Notebook,Office,Central,Priya,3,214.61
ORD-202602-04371,2026-02-26,CUST-4997,Desk Organizer,Office,Central,Sneha,6,540.93
ORD-202602-04372,2026-03-03,CUST-0508,Notebook,Office,East,Ananya,4,214.24
ORD-202602-04373,2026-02-04,CUST-1905,Webcam,Electronics,South,Neha,2,1997.54
ORD-202602-04374,2026-02-24,CUST-0561,Headphones,Electronics,Central,Priya,6,2322.26
ORD-202602-04375,2026-02-20,CUST-4843,Webcam,Electronics,East,Rahul,5,1732.99
ORD-202602-04376,2026-02-26,CUST-2484,Laptop Stand,Accessories,West,Priya,4,1634.28
ORD-202602-04377,2026-02-18,CUST-4188,Study Table,Furniture,North,Sneha,5,5022.82
ORD-202602-04378,2026-02-07,CUST-2948,Pen Set,Office,South,Rahul,2,327.33
ORD-202602-04379,2026-02-14,CUST-4239,Office Chair,Furniture,South,Sneha,2,6887.9
ORD-202602-04380,2026-02-22,CUST-2990,Wireless Mouse,Electronics,East,Karan,6,775.59
ORD-202602-04381,2026-02-28,CUST-0243,Office Chair,Furniture,East,Rahul,5,7209.03
ORD-202602-04382,2026-02-03,CUST-2432,Headphones,Electronics,Central,Ananya,7,2497.02
ORD-202602-04383,2026-02-06,CUST-3275,Notebook,Office,North,Neha,7,194.62
ORD-202602-04384,2026-02-08,CUST-4906,USB Hub,Accessories,Central,Neha,3,924.2
ORD-202602-04385,2026-02-19,CUST-4165,Study Table,Furniture,Central,Karan,4,5334.1
ORD-202602-04386,2026-02-01,CUST-2545,Pen Set,Office,East,Ananya,6,271.15
ORD-202602-04387,2026-03-02,CUST-4030,USB Hub,Accessories,South,Priya,1,957.37
ORD-202602-04388,2026-02-22,CUST-4677,Mouse Pad,Accessories,Central,Neha,7,400.17
ORD-202602-04389,2026-03-01,CUST-4380,Desk Organizer,Office,North,,2,621.36
ORD-202602-04390,2026-02-01,CUST-4941,Desk Organizer,Office,Central,Priya,2,608.01
ORD-202602-04391,2026-02-09,CUST-1797,Notebook,Office,Central,Ananya,4,203.54
ORD-202602-04392,2026-02-14,CUST-2221,Desk Organizer,Office,South,Karan,5,565.33
ORD-202602-04393,2026-02-24,CUST-0072,Office Chair,Furniture,East,Vikram,3,7607.44
ORD-202602-04394,2026-02-21,CUST-0669,Wireless Mouse,Electronics,East,Amit,7,790.65
ORD-202602-04395,,CUST-4083,Laptop Stand,Accessories,West,Karan,6,1624.95
ORD-202602-04396,2026-02-10,CUST-1630,Study Table,Furniture,West,Sneha,6,5836.55
ORD-202602-04397,2026-02-11,CUST-2195,Laptop Stand,Accessories,Central,Ananya,6,1564.98
ORD-202602-04398,2026-02-12,CUST-1793,Office Chair,Furniture,North,Karan,1,6943.17
ORD-202602-04399,2026-02-22,CUST-4634,Notebook,Office,Central,Amit,6,180.0
ORD-202602-04400,2026-02-27,CUST-4442,Webcam,Electronics,Central,Ananya,5,1828.82
ORD-202602-04401,2026-02-15,CUST-3698,Laptop Stand,Accessories,West,Karan,2,1548.42
ORD-202602-04402,2026-02-28,CUST-4809,Mouse Pad,Accessories,South,Vikram,6,385.49
ORD-202602-04403,2026-02-10,CUST-2734,Keyboard,Electronics,West,Vikram,1,1194.85
ORD-202602-04404,2026-02-27,,Laptop Stand,Accessories,East,Karan,5,1504.32
ORD-202602-04405,2026-02-01,CUST-3174,Pen Set,Office,South,Ananya,4,278.34
ORD-202602-04406,2026-02-24,CUST-0101,Study Table,Furniture,South,Amit,1,5285.88
ORD-202602-04407,2026-03-02,CUST-2099,Monitor Stand,Furniture,East,Priya,3,1999.76
ORD-202602-04408,2026-02-09,CUST-4154,Laptop Stand,Accessories,West,Vikram,1,1383.96
ORD-202602-04409,2026-02-22,CUST-0902,Office Chair,Furniture,South,Vikram,7,6456.62
ORD-202602-04410,2026-02-03,CUST-2794,USB Hub,Accessories,South,Rahul,6,846.87
ORD-202602-04411,2026-02-27,CUST-3887,Office Chair,Furniture,South,Priya,7,7127.51
ORD-202602-04412,2026-02-16,CUST-3756,Study Table,Furniture,East,Ananya,4,5975.43
ORD-202602-04413,2026-02-14,CUST-2960,USB Hub,Accessories,Central,Rahul,3,852.08
ORD-202602-04414,2026-03-01,CUST-1659,Notebook,Office,South,Ananya,7,207.75
ORD-202602-04415,2026-03-01,CUST-1211,Study Table,Furniture,Central,Ananya,3,5157.38
ORD-202602-04416,2026-02-07,CUST-0793,Keyboard,Electronics,North,Priya,3,1334.21
ORD-202602-04417,2026-03-02,CUST-3684,Webcam,Electronics,East,Karan,1,1761.41
ORD-202602-04418,2026-02-07,CUST-1324,Pen Set,Office,Central,Priya,6,319.65
ORD-202602-04419,2026-02-26,CUST-3250,Headphones,Electronics,South,Neha,1,2620.21
ORD-202602-04420,2026-02-25,CUST-0243,Office Chair,Furniture,South,Vikram,1,7251.98
ORD-202602-04421,2026-02-16,CUST-1459,Webcam,Electronics,West,Sneha,6,1714.67
ORD-202602-04422,2026-02-19,CUST-1930,Laptop Stand,Accessories,South,Sneha,6,1599.86
ORD-202602-04423,2026-02-13,CUST-3865,Office Chair,Furniture, North,Ananya,6,6510.26
ORD-202602-04424,2026-02-13,CUST-0497,Mouse Pad,Accessories,North,Ananya,7,401.67
ORD-202602-04425,2026-02-16,CUST-2352,Office Chair,Furniture,East,Vikram,1,7386.27
ORD-202602-04426,2026-02-27,CUST-2319,Pen Set,Office,East,Neha,3,306.87
ORD-202602-04427,2026-02-15,CUST-1608,Mouse Pad,Accessories,North,Vikram,6,424.46
ORD-202602-04428,2026-02-19,CUST-3997,Mouse Pad,Accessories,South,Sneha,3,415.67
ORD-202602-04429,2026-02-22,CUST-4902,Office Chair,Furniture,West,Ananya,6,7357.46
ORD-202602-04430,2026-03-01,CUST-0239,Monitor Stand,Furniture,East,Karan,7,1918.55
ORD-202602-04431,2026-02-27,CUST-4662,Wireless Mouse,Electronics,West,Vikram,7,779.68
ORD-202602-04432,2026-02-12,CUST-4484,Mouse Pad,Accessories, West,Ananya,6,399.12
ORD-202602-04433,2026-02-27,CUST-4212,Office Chair,Furniture,Central,Karan,6,7119.61
ORD-202602-04434,2026-02-14,CUST-0616,Pen Set,Office,North,Neha,5,310.46
ORD-202602-04435,2026-02-03,CUST-1940,Mouse Pad,Accessories,East,Ananya,1,403.43
ORD-202602-04436,2026-02-03,CUST-3280,Office Chair,Furniture,South,Neha,4,7293.6
ORD-202602-04437,2026-02-07,CUST-1021,Mouse Pad,Accessories,West,Vikram,7,371.13
ORD-202602-04438,2026-02-12,CUST-1203,Keyboard,Electronics,South,Rahul,7,1271.63
ORD-202602-04439,2026-02-13,CUST-2816,Webcam,Electronics,North,Karan,2,2055.97
ORD-202602-04440,2026-02-06,CUST-4225,Wireless Mouse,Electronics,Central,Karan,6,753.77
ORD-202602-04441,2026-02-06,CUST-0814,Desk Organizer,Office,East,Sneha,3,556.31
ORD-202602-04442,2026-02-02,CUST-0052,Monitor Stand,Furniture,North,Rahul,3,2096.87
ORD-202602-04443,2026-03-01,CUST-4980,Laptop Stand,Accessories,South,Sneha,5,1407.39
ORD-202602-04444,2026-02-08,CUST-2107,Desk Organizer,Office,West,Ananya,4,593.92
ORD-202602-04445,2026-02-21,CUST-0381,Monitor Stand,Furniture,East,Rahul,5,2083.69
ORD-202602-04446,2026-02-16,CUST-4810,USB Hub,Accessories,Central,Karan,1,896.28
ORD-202602-04447,2026-02-12,CUST-1367,Study Table,Furniture,North,Vikram,3,5940.58
ORD-202602-04448,2026-02-08,CUST-0565,Wireless Mouse,Electronics,North,Vikram,6,859.43
ORD-202602-04449,2026-02-02,CUST-3343,Pen Set,Office,West,Karan,5,299.18
ORD-202602-04450,2026-02-04,CUST-3804,Headphones,Electronics,South,Priya,6,2729.33
ORD-202602-04451,2026-02-21,CUST-0633,Office Chair,Furniture,Central,Neha,7,6707.53
ORD-202602-04452,2026-02-14,CUST-3634,Wireless Mouse,Electronics,West,Amit,3,756.48
ORD-202602-04453,2026-03-03,,Office Chair, Furniture,North,Neha,2,7237.31
ORD-202602-04454,2026-02-05,CUST-1596,USB Hub,Accessories,Central,Ananya,3,912.09
ORD-202602-04455,2026-03-01,,Webcam,Electronics,Central,Sneha,5,1804.47
ORD-202602-04456,2026-02-03,CUST-0303,Notebook,Office,South,Priya,2,193.87
ORD-202602-04457,2026-02-23,CUST-0841,Monitor Stand,Furniture,West,Sneha,3,1892.26
ORD-202602-04458,2026-03-02,CUST-4166,Headphones,Electronics,West,Amit,2,2367.54
ORD-202602-04459,2026-02-05,CUST-4929,Laptop Stand,Accessories,North,Amit,3,1459.3
ORD-202602-04460,2026-02-15,CUST-4525,Pen Set,Office,West,Rahul,7,324.37
ORD-202602-04461,2026-03-01,CUST-3917,Keyboard,Electronics,,Rahul,3,1386.01
ORD-202602-04462,2026-02-25,CUST-0640,Monitor Stand,Furniture,East,Vikram,6,2003.96
ORD-202602-04463,2026-02-07,CUST-1545,Mouse Pad,Accessories,Central,Priya,4,397.23
ORD-202602-04464,2026-02-06,CUST-4240,Monitor Stand,Furniture,West,Vikram,4,1811.69
ORD-202602-04465,2026-02-11,CUST-3566,USB Hub,Accessories,West,Sneha,5,892.22
ORD-202602-04466,2026-02-15,,Office Chair,Furniture,East,Priya,1,7172.26
ORD-202602-04467,2026-02-10,CUST-2054,Laptop Stand,Accessories,West ,Neha,3,1582.52
ORD-202602-04468,2026-02-03,CUST-2886,USB Hub,Accessories,Central,Vikram,1,873.11
ORD-202602-04469,2026-02-16,CUST-3685,Laptop Stand,Accessories,East,,2,1624.73
ORD-202602-04470,2026-02-13,CUST-3918,Notebook,Office,East,Neha,5,212.54
ORD-202602-04471,2026-02-10,,Headphones,Electronics,North,Amit,2,2290.2
ORD-202602-04472,2026-02-26,CUST-0198,Mouse Pad,Accessories,East,Neha,2,431.16
ORD-202602-04473,2026-02-09,CUST-1013,Office Chair,Furniture,Central,Sneha,5,6611.02
ORD-202602-04474,2026-02-28,CUST-2481,Headphones,Electronics,West,Karan,3,2710.57
ORD-202602-04475,2026-02-01,CUST-3496,Office Chair,Furniture,West,Karan,1,7181.93
ORD-202602-04476,2026-02-17,CUST-4835,Study Table,Furniture,North,Amit,7,5402.13
ORD-202602-04477,2026-03-02,CUST-1505,Wireless Mouse,Electronics,Central,,7,788.84
ORD-202602-04478,2026-02-09,CUST-3877,Pen Set,Office,East,Vikram,5,302.75
ORD-202602-04479,2026-02-21,CUST-3321,Mouse Pad,Accessories,East,Rahul,-1,426.44
ORD-202602-04480,2026-02-23,CUST-1341,Pen Set,Office,North,Priya,6,319.15
ORD-202602-04481,2026-02-11,CUST-0866,Webcam,Electronics,Central,Priya,7,1866.68
ORD-202602-04482,2026-02-20,CUST-3118,Headphones,Electronics,West,Priya,1,2673.44
ORD-202602-04483,2026-02-21,CUST-1641,Webcam,Electronics,South,Amit,1,1888.35
ORD-202602-04484,2026-02-15,CUST-1063,Keyboard,Electronics,East,Vikram,3,1277.58
ORD-202602-04485,2026-02-12,CUST-1094,USB Hub,Accessories,Central,Neha,3,852.84
ORD-202602-04486,2026-02-15,CUST-1111,Study Table,Furniture,Central,Ananya,7,5859.66
ORD-202602-04487,2026-02-05,CUST-0457,Office Chair,Furniture,South,Priya,4,7167.06
ORD-202602-04488,2026-02-16,CUST-0947,Headphones,Electronics,West,Vikram,6,2464.57
ORD-202602-04489,2026-02-11,CUST-4879,Notebook,Office,North,Priya,5,205.46
ORD-202602-04490,2026-02-11,CUST-0950,Wireless Mouse,Electronics,East,Sneha,6,856.69
ORD-202602-04491,2026-02-08,CUST-2045,Wireless Mouse,Electronics,East,Priya,7,750.71
ORD-202602-04492,2026-02-17,CUST-2497,Pen Set,Office,West,Karan,5,292.57
ORD-202602-04493,2026-02-01,CUST-3511,Webcam,Electronics,North,Ananya,6,1853.54
ORD-202602-04494,2026-02-02,CUST-1549,Desk Organizer,Office,South,Priya,2,548.21
ORD-202602-04495,2026-02-07,CUST-4135,Headphones,Electronics,South,Amit,2,2416.07
ORD-202602-04496,2026-02-18,CUST-3890,Keyboard,Electronics,south,,5,1367.01
ORD-202602-04497,2026-02-08,CUST-2543,Desk Organizer,Office,West,Amit,7,569.45
ORD-202602-04498,2026-02-16,CUST-4471,Headphones,Electronics,North,Vikram,1,2654.4
ORD-202602-04499,2026-02-05,CUST-1742,Wireless Mouse,Electronics,West,Ananya,4,871.75
ORD-202602-04500,2026-02-14,CUST-2438,Office Chair,Furniture,North,Ananya,2,6612.61
ORD-202602-04501,2026-02-15,CUST-2992,Desk Organizer,Office,East,Sneha,7,588.18
ORD-202602-04502,2026-02-11,CUST-0957,Monitor Stand,Furniture,Central,Neha,4,1851.61
ORD-202602-04503,2026-02-02,CUST-0410,Notebook,Office,Central,Vikram,1,206.65
ORD-202602-04504,2026-02-20,CUST-4990,Mouse Pad,Accessories,Central,Sneha,1,397.58
ORD-202602-04505,2026-02-07,CUST-0243,Pen Set,Office,East,Karan,5,304.3
ORD-202602-04506,2026-02-16,CUST-0236,Office Chair,Furniture,East,Neha,2,7389.11
ORD-202602-04507,2026-02-22,CUST-0508,Pen Set,Office,Central,Neha,1,315.52
ORD-202602-04508,2026-02-04,CUST-2749,Laptop Stand,Accessories,North,Karan,2,1503.79
ORD-202602-04509,2026-02-22,CUST-1342,Study Table,Furniture,Central,Vikram,2,5919.48
ORD-202602-04510,2026-02-12,CUST-1099,Desk Organizer,Office,North,Neha,3,650.75
ORD-202602-04511,2026-02-16,CUST-4302,Study Table,Furniture,North,Karan,6,5642.76
ORD-202602-04512,2026-02-03,CUST-4689,Notebook,Office,North,Karan,7,180.63
ORD-202602-04513,2026-02-16,CUST-4380,USB Hub,Accessories,South,Neha,4,948.62
ORD-202602-04514,2026-02-12,CUST-1625,Office Chair,Furniture,Central,Neha,7,7547.61
ORD-202602-04515,2026-02-06,CUST-0427,Notebook,Office,South,Ananya,-1,201.25
ORD-202602-04516,2026-02-17,CUST-4791,Office Chair,Furniture,East,Amit,2,7279.46
ORD-202602-04517,2026-02-21,CUST-2729,Study Table,Furniture,Central,,6,5340.68
ORD-202602-04518,2026-02-13,CUST-4865,Webcam,Electronics,Central,Neha,2,1899.8
ORD-202602-04519,2026-02-20,CUST-0837,Headphones,Electronics,East,Karan,7,2647.99
ORD-202602-04520,2026-02-11,CUST-4715,Keyboard,Electronics,South,Vikram,6,1396.67
ORD-202602-04521,2026-02-26,CUST-1549,Notebook,Office,East,Neha,1,183.69
ORD-202602-04522,2026-02-09,CUST-3964,Office Chair,Furniture,East,Amit,2,6323.16
ORD-202602-04523,2026-02-25,CUST-0551,Monitor Stand,Furniture,South,Amit,4,1948.46
ORD-202602-04524,2026-02-12,CUST-3707,Wireless Mouse,Electronics,West,Ananya,6,781.57
ORD-202602-04525,2026-02-18,CUST-2368,Wireless Mouse,Electronics,Central,Priya,4,842.68
ORD-202602-04526,2026-02-03,CUST-4764,Pen Set,Office,North,Karan,1,269.61
ORD-202602-04527,2026-02-03,CUST-0739,Webcam,Electronics,Central,Neha,5,1999.27
ORD-202602-04528,2026-03-03,CUST-1119,Mouse Pad,Accessories,West,Karan,5,401.9
ORD-202602-04529,2026-02-01,CUST-3182,Keyboard,Electronics,North,Neha,7,1350.4
ORD-202602-04530,2026-02-18,,Wireless Mouse,Electronics,West,,2,800.48
ORD-202602-04531,2026-02-15,CUST-4442,Mouse Pad,accessories,East,Priya,1,422.2
ORD-202602-04532,2026-02-20,CUST-0568,Pen Set,Office,North,Neha,6,295.24
ORD-202602-04533,2026-02-01,CUST-0035,Study Table,Furniture,North,Karan,5,5329.46
ORD-202602-04534,2026-02-06,CUST-1810,Mouse Pad,Accessories,North,Karan,4,409.89
ORD-202602-04535,2026-02-11,CUST-0488,Pen Set,Office,East,Neha,5,295.68
ORD-202602-04536,2026-03-01,CUST-2010,Study Table,Furniture,East,Sneha,2,5282.81
ORD-202602-04537,2026-02-11,CUST-2384,USB Hub,Accessories,South,Amit,1,973.36
ORD-202602-04538,2026-02-18,CUST-4977,Headphones,Electronics,Central,Amit,3,2610.59
ORD-202602-04539,2026-02-18,CUST-0167,Office Chair,Furniture,North,Amit,7,6574.69
ORD-202602-04540,2026-02-13,CUST-1605,Wireless Mouse,Electronics,Central,Amit,4,837.37
ORD-202602-04541,2026-02-26,CUST-1693,Webcam,Electronics,North,Amit,5,1804.96
ORD-202602-04542,2026-02-23,CUST-2774,Keyboard,Electronics,North,Amit,7,1281.14
ORD-202602-04543,2026-02-14,CUST-1602,Pen Set,Office,East,Karan,3,282.1
ORD-202602-04544,2026-02-10,CUST-3168,Webcam,Electronics,West,Neha,4,1752.13
ORD-202602-04545,2026-02-09,CUST-4246,Laptop Stand, Accessories,West,Karan,5,1468.74
ORD-202602-04546,2026-03-01,CUST-3390,Pen Set,Office,West,Karan,2,302.29
ORD-202602-04547,2026-02-04,CUST-3303,Webcam,Electronics,East,Ananya,3,1823.85
ORD-202602-04548,2026-02-06,CUST-0601,Laptop Stand,Accessories,Central,Amit,4,1371.59
ORD-202602-04549,2026-02-09,,Mouse Pad,Accessories,West,Amit,3,379.02
ORD-202602-04550,2026-02-26,CUST-2796,Keyboard,Electronics,North,Ananya,2,1232.92
ORD-202602-04551,2026-02-22,CUST-0825,Monitor Stand,Furniture,East,Sneha,4,2035.28
ORD-202602-04552,2026-03-02,CUST-3174,Monitor Stand,Furniture,Central,Priya,7,1911.9
ORD-202602-04553,2026-02-23,CUST-2435,Desk Organizer,Office,West,Ananya,3,603.05
ORD-202602-04554,2026-02-16,CUST-4517,Keyboard,Electronics,Central,Amit,6,1291.29
ORD-202602-04555,2026-02-02,CUST-3239,Mouse Pad,Accessories,,Priya,5,380.36
ORD-202602-04556,2026-02-28,CUST-4787,Laptop Stand,Accessories,West,Vikram,1,1571.32
ORD-202602-04557,2026-02-21,CUST-4875,Headphones,Electronics,South,Ananya,7,2582.76
ORD-202602-04558,2026-02-03,CUST-1176,Study Table,Furniture,North,Vikram,5,5697.26
ORD-202602-04559,2026-03-03,CUST-1461,USB Hub,Accessories,South,Neha,4,887.06
ORD-202602-04560,2026-02-20,CUST-1053,Pen Set,Office,,Rahul,5,288.03
ORD-202602-04561,2026-02-20,CUST-1154,Pen Set,Office,West,Karan,1,304.43
ORD-202602-04562,2026-02-12,CUST-3419,Laptop Stand,Accessories,South,Rahul,2,1636.64
ORD-202602-04563,2026-02-11,CUST-4746,Laptop Stand,Accessories,South,Ananya,6,1479.2
ORD-202602-04564,2026-02-12,CUST-2448,Monitor Stand,Furniture,Central,Rahul,5,2065.08
ORD-202602-04565,2026-02-02,CUST-4043,Office Chair,Furniture,North,Vikram,3,6918.3
ORD-202602-04566,2026-02-14,CUST-3718,Mouse Pad,Accessories,West,Sneha,4,433.52
ORD-202602-04567,2026-02-02,CUST-1305,Mouse Pad,Accessories,South,Neha,5,380.22
ORD-202602-04568,2026-02-19,CUST-4243,Wireless Mouse,Electronics,Central,Karan,4,792.35
ORD-202602-04569,2026-02-07,CUST-2395,Headphones,Electronics,Central,Amit,4,2495.83
ORD-202602-04570,2026-02-20,CUST-0054,Wireless Mouse,Electronics,East,Vikram,4,835.54
ORD-202602-04571,2026-02-12,CUST-3578,Office Chair,Furniture,West,Vikram,2,7308.79
ORD-202602-04572,2026-02-09,CUST-4394,Monitor Stand,Furniture,Central ,,4,2094.73
ORD-202602-04573,2026-02-05,CUST-1227,Headphones,Electronics,West,Rahul,5,2615.42
ORD-202602-04574,2026-02-12,CUST-1328,Webcam,Electronics,Central,Vikram,5,1887.51
ORD-202602-04575,2026-02-03,CUST-3662,Laptop Stand,Accessories,West,Vikram,5,1395.74
ORD-202602-04576,2026-02-08,CUST-4847,Office Chair,Furniture,North,Amit,4,7517.54
ORD-202602-04577,2026-02-15,CUST-1301,USB Hub,Accessories,West,,5,867.51
ORD-202602-04578,2026-02-20,CUST-2152,Wireless Mouse,Electronics,South,Neha,6,736.73
ORD-202602-04579,2026-02-15,CUST-3396,Notebook,Office,East,Neha,3,184.23
ORD-202602-04580,2026-02-04,CUST-4263,Keyboard,Electronics,West,Sneha,4,1297.64
ORD-202602-04581,2026-02-23,CUST-0169,Pen Set,Office,North,Amit,5,294.57
ORD-202602-04582,2026-02-14,CUST-1000,Study Table,Furniture,West,Ananya,5,5678.85
ORD-202602-04583,2026-02-20,CUST-4471,Wireless Mouse,Electronics,East,Amit,4,816.88
ORD-202602-04584,2026-03-03,CUST-2626,Monitor Stand,Furniture,South,Sneha,2,1842.04
ORD-202602-04585,2026-02-02,CUST-3791,Pen Set,Office,West,Karan,7,286.85
ORD-202602-04586,2026-03-03,CUST-0317,Wireless Mouse,Electronics, West,Vikram,4,862.32
ORD-202602-04587,2026-03-02,CUST-0455,Headphones,Electronics,,Neha,4,2632.29
ORD-202602-04588,2026-02-17,CUST-3675,Headphones,Electronics,South,Sneha,4,2684.2
ORD-202602-04589,2026-02-01,CUST-1880,Study Table,Furniture,North,Priya,6,4973.28
ORD-202602-04590,2026-02-08,CUST-4711,Desk Organizer,Office,West,Karan,3,648.37
ORD-202602-04591,2026-02-08,CUST-2155,Laptop Stand,Accessories,Central,Neha,7,1607.25
ORD-202602-04592,2026-02-19,CUST-4216,Mouse Pad,Accessories,Central,Karan,1,395.19
ORD-202602-04593,2026-02-22,CUST-2718,Laptop Stand,Accessories,South,Ananya,1,1551.04
ORD-202602-04594,2026-02-16,CUST-3402,USB Hub,Accessories,South,Sneha,4,858.0
ORD-202602-04595,2026-02-12,CUST-3269,Pen Set,Office,South,Vikram,7,308.48
ORD-202602-04596,2026-02-02,CUST-0595,Headphones,Electronics,North,Rahul,1,2648.33
ORD-202602-04597,2026-03-02,CUST-3973,Desk Organizer,Office,South,Sneha,5,597.03
ORD-202602-04598,2026-03-03,CUST-4920,Monitor Stand,Furniture,,Ananya,3,1810.4
ORD-202602-04599,2026-02-02,CUST-1935,Monitor Stand,Furniture,North,Ananya,1,1965.55
ORD-202602-04600,2026-02-11,CUST-1720,Headphones,Electronics,West,Rahul,3,2611.45
ORD-202602-04601,2026-03-03,CUST-2987,USB Hub,Accessories,Central,Vikram,5,935.64
ORD-202602-04602,2026-02-13,CUST-3164,Webcam,Electronics,South,Karan,5,1893.8
ORD-202602-04603,2026-02-20,CUST-1917,Pen Set,Office,West,,6,328.05
ORD-202602-04604,2026-02-16,CUST-1365,Laptop Stand,Accessories,East,Vikram,7,1384.19
ORD-202602-04605,,CUST-4857,USB Hub,Accessories,Central,Priya,1,837.56
ORD-202602-04606,2026-02-28,,Keyboard,Electronics,East,Priya,7,1236.21
ORD-202602-04607,2026-02-12,CUST-2860,Notebook,Office,East,Karan,1,211.08
ORD-202602-04608,2026-02-25,CUST-1893,Mouse Pad,Accessories,Central,Neha,7,419.97
ORD-202602-04609,2026-02-15,CUST-1761,Notebook,Office,South,Priya,6,209.86
ORD-202602-04610,2026-02-07,CUST-1954,Laptop Stand,Accessories,West,Priya,7,1612.81
ORD-202602-04611,2026-02-03,CUST-2965,Desk Organizer,Office,Central,Amit,1,592.16
ORD-202602-04612,2026-02-23,CUST-0023,Notebook,Office,South,Neha,1,191.78
ORD-202602-04613,2026-02-19,CUST-3286,Headphones,Electronics,Central,Rahul,7,2549.17
ORD-202602-04614,2026-02-28,CUST-2877,Laptop Stand,Accessories,South,Amit,2,1471.98
ORD-202602-04615,2026-02-08,CUST-0723,Pen Set,Office,West,Neha,3,300.43
ORD-202602-04616,2026-02-23,CUST-1254,Keyboard,Electronics,South,,3,1205.53
ORD-202602-04617,2026-02-01,CUST-1386,Laptop Stand,Accessories,west,Sneha,2,1467.94
ORD-202602-04618,2026-02-05,CUST-4610,Study Table,Furniture,North,Vikram,1,5468.9
ORD-202602-04619,2026-02-19,CUST-4674,USB Hub,Accessories,Central,Vikram,1,824.82
ORD-202602-04620,2026-02-17,CUST-3916,Mouse Pad,Accessories,North,Sneha,6,438.46
ORD-202602-04621,2026-02-19,CUST-3409,Pen Set,Office,South,Karan,1,271.36
ORD-202602-04622,2026-02-26,CUST-4761,Laptop Stand,Accessories,Central,Priya,7,1624.77
ORD-202602-04623,2026-02-26,CUST-3673,Office Chair,Furniture,North,Vikram,2,6411.36
ORD-202602-04624,2026-02-07,CUST-1949,Wireless Mouse,Electronics,Central,,5,856.42
ORD-202602-04625,2026-02-07,CUST-1793,Mouse Pad,Accessories,East,Priya,2,402.85
ORD-202602-04626,2026-02-17,CUST-3309,Notebook,Office,South,Sneha,7,186.91
ORD-202602-04627,2026-03-02,CUST-2044,Webcam,Electronics,Central,Vikram,1,1796.96
ORD-202602-04628,2026-02-21,CUST-2260,Office Chair,Furniture,Central,Ananya,6,6791.28
ORD-202602-04629,2026-02-05,CUST-4862,Keyboard,Electronics,Central,Karan,7,1375.39
ORD-202602-04630,2026-02-20,CUST-4547,Pen Set,Office,East,Amit,4,277.9
ORD-202602-04631,2026-02-11,CUST-3033,Pen Set,Office,North,Rahul,4,283.59
ORD-202602-04632,2026-02-04,CUST-1622,Office Chair,Furniture,West,Sneha,2,7268.71
ORD-202602-04633,2026-02-23,CUST-2212,Headphones,Electronics,West,Priya,7,2555.97
ORD-202602-04634,2026-02-09,CUST-1643,Headphones,Electronics,Central,Priya,7,2459.43
ORD-202602-04635,2026-02-25,CUST-2096,Notebook,Office,West,Vikram,4,181.51
ORD-202602-04636,2026-02-18,CUST-1830,Monitor Stand,Furniture,South,Rahul,5,2022.39
ORD-202602-04637,2026-02-14,CUST-2226,Office Chair,Furniture,East,Karan,6,6619.96
ORD-202602-04638,2026-02-07,CUST-2489,Headphones,Electronics,West,Ananya,3,2555.03
ORD-202602-04639,2026-02-10,CUST-3214,USB Hub,Accessories,West,Karan,1,858.46
ORD-202602-04640,2026-02-11,CUST-4439,Webcam,Electronics,South,Ananya,1,2081.43
ORD-202602-04641,2026-02-22,CUST-2644,Office Chair,Furniture,South,Priya,7,7125.81
ORD-202602-04642,2026-02-13,CUST-1038,Mouse Pad,Accessories,Central,Ananya,6,404.69
ORD-202602-04643,2026-02-02,CUST-0927,USB Hub,Accessories,Central,Priya,1,959.55
ORD-202602-04644,2026-02-01,CUST-3257,Wireless Mouse,Electronics,South,Amit,6,877.81
ORD-202602-04645,2026-02-09,CUST-4991,Pen Set,Office,North,Sneha,7,315.69
ORD-202602-04646,2026-02-16,CUST-1530,USB Hub,Accessories,West,Priya,4,915.88
ORD-202602-04647,2026-02-11,CUST-0442,Wireless Mouse,Electronics,North,Ananya,4,857.09
ORD-202602-04648,2026-03-03,CUST-0414,Headphones,Electronics,North,Rahul,7,2339.67
ORD-202602-04649,2026-02-08,CUST-1371,Desk Organizer,Office,East,Ananya,7,630.65
ORD-202602-04650,2026-02-13,CUST-4769,Desk Organizer,Office,South,Neha,3,620.55
ORD-202602-04651,2026-02-13,CUST-3904,Mouse Pad,Accessories,North,Neha,4,404.05
ORD-202602-04652,2026-02-09,CUST-3929,Desk Organizer,Office,South,Amit,7,642.94
ORD-202602-04653,2026-02-28,CUST-1665,Desk Organizer,Office,West,Neha,7,624.12
ORD-202602-04654,2026-02-08,CUST-4761,Pen Set,Office,West,Ananya,5,311.96
ORD-202602-04655,2026-02-01,CUST-2039,Headphones,Electronics,West,Ananya,5,2703.79
ORD-202602-04656,2026-02-16,CUST-2002,USB Hub,Accessories,South,Sneha,6,934.85
ORD-202602-04657,2026-02-20,,Office Chair,Furniture,West,Vikram,3,6656.64
ORD-202602-04658,2026-02-15,CUST-3785,Laptop Stand,Accessories,South,Sneha,7,1404.15
ORD-202602-04659,2026-02-14,CUST-1445,Pen Set,Office,West,Ananya,3,299.79
ORD-202602-04660,2026-02-27,CUST-3256,Office Chair,Furniture,North,Karan,6,6627.93
ORD-202602-04661,2026-02-12,CUST-1752,Mouse Pad,Accessories,East,Priya,6,414.93
ORD-202602-04662,2026-02-20,CUST-3096,Mouse Pad,Accessories,South,Priya,3,426.35
ORD-202602-04663,2026-02-26,CUST-0686,Headphones,Electronics,West,Vikram,6,2394.95
ORD-202602-04664,2026-02-13,CUST-0202,Mouse Pad,Accessories,South,Vikram,7,432.0
ORD-202602-04665,2026-02-17,CUST-4819,Wireless Mouse,Electronics,South,Neha,4,838.46
ORD-202602-04666,2026-02-12,CUST-0359,Keyboard,Electronics,East,Sneha,4,1425.82
ORD-202602-04667,2026-02-20,CUST-2007,Notebook,Office,West,Neha,4,187.01
ORD-202602-04668,2026-02-17,CUST-0977,Headphones,Electronics,East,Amit,1,2479.78
ORD-202602-04669,2026-02-27,,Laptop Stand,Accessories,Central,Vikram,4,1541.06
ORD-202602-04670,2026-02-08,CUST-3749,Laptop Stand,Accessories,Central,Priya,5,1577.82
ORD-202602-04671,2026-02-06,CUST-1416,Mouse Pad,Accessories,West,Amit,4,431.87
ORD-202602-04672,2026-02-14,CUST-3992,Desk Organizer,Office,East,Rahul,4,645.87
ORD-202602-04673,2026-02-19,CUST-2749,USB Hub,Accessories,East,Amit,4,851.55
ORD-202602-04674,2026-02-09,CUST-3237,Office Chair,Furniture,North,Vikram,4,6890.48
ORD-202602-04675,2026-03-03,CUST-3344,Mouse Pad,Accessories,East,Neha,7,416.42
ORD-202602-04676,2026-02-16,CUST-0961,Monitor Stand,Furniture,Central,Sneha,3,1852.0
ORD-202602-04677,2026-02-26,,Monitor Stand,Furniture,West,Amit,2,2182.65
ORD-202602-04678,2026-02-17,CUST-3889,USB Hub,Accessories,North,Neha,1,943.4
ORD-202602-04679,2026-02-13,CUST-1172,Desk Organizer,Office,North,Sneha,7,638.4
ORD-202602-04680,2026-02-27,CUST-0568,USB Hub,Accessories,Central,Vikram,2,972.26
ORD-202602-04681,2026-02-05,CUST-2073,Study Table,Furniture,West,Rahul,3,5144.81
ORD-202602-04682,2026-02-08,CUST-4471,Desk Organizer,Office,East,Ananya,6,589.67
ORD-202602-04683,2026-02-24,CUST-1610,Laptop Stand,Accessories,Central,Rahul,2,1544.47
ORD-202602-04684,2026-03-01,CUST-1924,Laptop Stand,Accessories,North,Karan,2,1595.67
ORD-202602-04685,2026-02-10,CUST-0632,Study Table,Furniture,West,Ananya,5,5760.76
ORD-202602-04686,2026-02-17,CUST-3636,Notebook,Office,Central,Rahul,5,183.94
ORD-202602-04687,2026-02-16,CUST-1688,Desk Organizer,Office,East,Amit,2,616.45
ORD-202602-04688,2026-02-23,CUST-0848,Pen Set,Office,East,Ananya,4,286.68
ORD-202602-04689,2026-02-16,CUST-0511,Headphones,Electronics,South,Sneha,5,2452.27
ORD-202602-04690,2026-02-19,CUST-1572,Webcam,Electronics, Central,Sneha,2,2086.71
ORD-202602-04691,2026-02-21,CUST-1018,Study Table,Furniture,West,Ananya,4,5121.83
ORD-202602-04692,2026-02-26,CUST-2477,Webcam,Electronics,East,Sneha,2,1748.74
ORD-202602-04693,2026-02-05,CUST-2133,Study Table,Furniture,South,Karan,7,5399.08
ORD-202602-04694,2026-02-21,CUST-2482,Laptop Stand,Accessories,East,Neha,3,1608.17
ORD-202602-04695,2026-02-06,CUST-1835,Study Table,Furniture,East,Karan,6,5127.5
ORD-202602-04696,2026-02-01,CUST-0486,Notebook,Office,South,Amit,7,182.28
ORD-202602-04697,2026-02-23,CUST-3887,Keyboard,Electronics,Central,Sneha,2,1277.92
ORD-202602-04698,2026-02-13,CUST-2742,Webcam,Electronics,South,Sneha,7,1949.25
ORD-202602-04699,2026-02-23,CUST-0922,Monitor Stand,Furniture,North,Vikram,1,1860.95
ORD-202602-04700,2026-03-02,CUST-0376,Headphones,Electronics,West,Sneha,3,2651.23
ORD-202602-04701,2026-02-04,CUST-4699,Headphones,electronics,West,Priya,2,2671.89
ORD-202602-04702,2026-02-14,CUST-4619,Keyboard,Electronics,North,Amit,1,1304.87
ORD-202602-04703,2026-02-04,CUST-0944,Notebook,Office,,Rahul,4,180.31
ORD-202602-04704,2026-02-26,CUST-2109,Office Chair,Furniture,East,Amit,5,7021.54
ORD-202602-04705,2026-03-03,CUST-2912,Monitor Stand,Furniture,West,Priya,5,1884.73
ORD-202602-04706,2026-02-27,CUST-2196,Study Table,Furniture,South,Priya,3,5439.72
ORD-202602-04707,2026-03-03,CUST-4182,Study Table,Furniture,North,Neha,6,5784.66
ORD-202602-04708,2026-02-11,CUST-2885,Study Table,Furniture,East,Ananya,4,5008.95
ORD-202602-04709,2026-02-09,CUST-1328,Notebook,Office,North,Priya,4,179.11
ORD-202602-04710,2026-02-27,CUST-3909,Office Chair,Furniture,South,Rahul,4,6485.9
ORD-202602-04711,2026-02-21,CUST-4375,Pen Set,Office,North,Ananya,2,271.81
ORD-202602-04712,2026-02-12,CUST-0348,Keyboard,Electronics,South,Priya,5,1236.76
ORD-202602-04713,2026-02-07,CUST-4257,Wireless Mouse,Electronics,Central,Rahul,6,783.7
ORD-202602-04714,2026-02-01,CUST-3515,Keyboard,Electronics,East,Karan,3,1371.67
ORD-202602-04715,2026-02-02,CUST-4590,Laptop Stand,Accessories,West,Neha,4,1358.19
ORD-202602-04716,2026-02-22,CUST-4553,Mouse Pad,Accessories,West,Priya,7,387.11
ORD-202602-04717,2026-02-09,CUST-0248,Pen Set,Office,North,Karan,2,324.68
ORD-202602-04718,2026-02-26,CUST-2196,Mouse Pad,Accessories,Central,Sneha,3,405.1
ORD-202602-04719,2026-02-27,CUST-0358,Laptop Stand,Accessories,,Sneha,2,1596.96
ORD-202602-04720,2026-02-14,CUST-0067,Desk Organizer,Office,South,Neha,3,597.02
ORD-202602-04721,2026-02-10,CUST-4587,Study Table,Furniture,West,Amit,4,5056.04
ORD-202602-04722,2026-02-06,CUST-1237,Headphones,Electronics,East,Neha,7,2342.53
ORD-202602-04723,2026-02-08,CUST-0304,Webcam,Electronics,South,Karan,1,1997.02
ORD-202602-04724,2026-02-20,CUST-4706,Monitor Stand,Furniture,South,Sneha,3,2144.57
ORD-202602-04725,2026-02-24,CUST-2039,Monitor Stand,Furniture,East,Amit,7,1986.02
ORD-202602-04726,2026-02-23,CUST-0591,Laptop Stand,Accessories,West,Amit,1,1496.74
ORD-202602-04727,2026-03-02,,Mouse Pad,Accessories,West,Rahul,4,395.02
ORD-202602-04728,2026-02-21,CUST-0069,Notebook,Office,South,Amit,2,179.83
ORD-202602-04729,2026-02-16,CUST-3386,Pen Set,Office,South,Priya,4,274.81
ORD-202602-04730,2026-02-12,CUST-4680,Study Table,Furniture,North,Neha,6,6039.98
ORD-202602-04731,2026-02-11,CUST-1956,Keyboard,Electronics,Central,Rahul,5,1180.02
ORD-202602-04732,2026-02-12,CUST-4316,Mouse Pad,Accessories,West,Vikram,4,386.95
ORD-202602-04733,2026-02-28,CUST-1716,Headphones,Electronics,South,Sneha,6,2594.3
ORD-202602-04734,2026-02-18,,Desk Organizer,Office,North,Vikram,4,589.99
ORD-202602-04735,2026-02-07,CUST-1070,Notebook,Office, Central,Vikram,5,218.21
ORD-202602-04736,2026-02-06,CUST-0027,Desk Organizer,Office,North,Sneha,1,543.02
ORD-202602-04737,2026-02-01,CUST-0816,Study Table,Furniture,North,Vikram,1,5910.94
ORD-202602-04738,2026-02-27,CUST-2919,Office Chair,Furniture,Central,Sneha,2,6487.72
ORD-202602-04739,2026-02-07,CUST-0497,Study Table,Furniture,South,Sneha,4,5174.36
ORD-202602-04740,2026-02-04,CUST-4084,Office Chair,Furniture,Central,Amit,3,7038.62
ORD-202602-04741,2026-02-09,CUST-4587,Pen Set,Office,East,Sneha,3,321.21
ORD-202602-04742,2026-02-16,CUST-1431,USB Hub,Accessories,East,Priya,4,883.55
ORD-202602-04743,2026-03-02,CUST-1353,Laptop Stand,Accessories,Central,Rahul,7,1437.11
ORD-202602-04744,2026-02-27,CUST-0864,Laptop Stand,Accessories,North,Vikram,3,1469.52
ORD-202602-04745,2026-02-06,CUST-2050,Notebook,Office,South,Karan,4,182.85
ORD-202602-04746,2026-02-17,CUST-4524,Office Chair,Furniture,South,Sneha,4,7472.46
ORD-202602-04747,2026-02-26,CUST-1952,Laptop Stand,Accessories,West,Neha,6,1623.48
ORD-202602-04748,2026-02-24,CUST-3840,Notebook,Office,South,Rahul,6,206.0
ORD-202602-04749,2026-02-15,CUST-1609,USB Hub,Accessories,Central ,Neha,7,889.05
ORD-202602-04750,2026-02-08,CUST-2241,Notebook,Office,West,Rahul,5,203.54
ORD-202602-04751,2026-02-25,CUST-2468,Office Chair,Furniture,Central,Rahul,7,7071.6
ORD-202602-04752,2026-02-14,CUST-4526,USB Hub,Accessories,Central,Priya,5,818.37
ORD-202602-04753,2026-02-08,CUST-2494,USB Hub,Accessories,West,Ananya,4,880.02
ORD-202602-04754,2026-02-23,CUST-3041,Headphones,Electronics,South,Sneha,4,2577.38
ORD-202602-04755,2026-02-28,CUST-4272,Mouse Pad,Accessories,West,,4,426.75
ORD-202602-04756,2026-02-28,CUST-4721,USB Hub,Accessories,East,Priya,2,873.64
ORD-202602-04757,2026-03-02,CUST-4475,Headphones,Electronics,South,Ananya,3,2658.57
ORD-202602-04758,2026-02-20,CUST-0516,Monitor Stand,Furniture,South,Vikram,5,2101.71
ORD-202602-04759,2026-02-24,CUST-0561,Study Table,Furniture,Central,Neha,5,5971.16
ORD-202602-04760,2026-02-08,CUST-2183,Webcam,Electronics,West,Amit,2,2084.89
ORD-202602-04761,2026-02-11,CUST-1757,Monitor Stand,Furniture,North,Karan,6,1815.78
ORD-202602-04762,2026-02-05,CUST-3397,Webcam,Electronics,South,Vikram,5,1875.25
ORD-202602-04763,2026-02-03,CUST-2161,USB Hub,Accessories,East,Priya,4,948.19
ORD-202602-04764,2026-02-27,CUST-2040,Keyboard,Electronics,West,Neha,4,1382.96
ORD-202602-04765,2026-02-15,,Notebook,Office,South,Vikram,4,182.4
ORD-202602-04766,2026-02-18,CUST-1749,Mouse Pad,Accessories,West,Vikram,5,407.51
ORD-202602-04767,2026-02-03,CUST-2858,Webcam,Electronics,South,Ananya,3,2050.33
ORD-202602-04768,2026-02-06,CUST-3478,Webcam,Electronics,North,Amit,7,1795.34
ORD-202602-04769,2026-02-03,CUST-0845,Monitor Stand,Furniture,North,Vikram,2,1937.97
ORD-202602-04770,2026-02-16,CUST-3029,Pen Set,Office,Central,Amit,3,292.71
ORD-202602-04771,2026-02-19,CUST-2865,Keyboard,Electronics,,Priya,3,1271.6
ORD-202602-04772,2026-02-04,CUST-1413,Keyboard,Electronics,Central,Amit,1,1315.03
ORD-202602-04773,2026-02-22,CUST-4449,Wireless Mouse,Electronics,East,Vikram,1,728.82
ORD-202602-04774,2026-02-04,CUST-2221,Webcam,Electronics,East,Karan,7,2005.04
ORD-202602-04775,2026-02-27,CUST-1320,Desk Organizer,Office,South,Sneha,6,553.82
ORD-202602-04776,2026-03-01,CUST-3535,Wireless Mouse,Electronics,North,Ananya,3,849.07
ORD-202602-04777,2026-02-20,CUST-0944,Webcam,Electronics,West,,2,1715.59
ORD-202602-04778,2026-02-17,CUST-3135,Wireless Mouse,Electronics,North,Priya,3,844.87
ORD-202602-04779,2026-02-23,CUST-3411,Pen Set,Office,Central,Amit,5,290.34
ORD-202602-04780,2026-02-08,CUST-2266,Office Chair,Furniture,North,Rahul,3,7217.17
ORD-202602-04781,2026-03-01,CUST-1020,Mouse Pad,Accessories,Central,Rahul,1,373.4
ORD-202602-04782,2026-02-28,CUST-1301,Study Table,Furniture,East,Neha,3,5539.7
ORD-202602-04783,2026-02-22,CUST-1109,Pen Set,Office,South,Ananya,5,286.99
ORD-202602-04784,2026-03-03,CUST-0573,Desk Organizer,Office,South,Amit,4,539.57
ORD-202602-04785,2026-02-10,CUST-4990,Laptop Stand,Accessories,West,Amit,2,1566.5
ORD-202602-04786,2026-02-28,CUST-4201,Study Table,Furniture,Central,Karan,6,5093.37
ORD-202602-04787,2026-02-02,CUST-2610,Pen Set,Office,east,Vikram,5,325.29
ORD-202602-04788,2026-02-24,CUST-4102,Keyboard,Electronics,East,Rahul,6,1310.36
ORD-202602-04789,2026-02-09,CUST-3287,Keyboard,Electronics,Central,Karan,7,1169.53
ORD-202602-04790,2026-03-02,CUST-3067,Study Table,Furniture,East,Ananya,4,5988.33
ORD-202602-04791,2026-02-18,CUST-3587,Webcam,Electronics,South,Karan,5,1759.53
ORD-202602-04792,2026-02-07,CUST-2857,Mouse Pad,Accessories,Central,Ananya,6,425.65
ORD-202602-04793,2026-02-10,CUST-2802,Desk Organizer,Office,Central,Vikram,6,578.55
ORD-202602-04794,2026-02-28,CUST-0682,Desk Organizer,Office,East,Sneha,6,607.15
ORD-202602-04795,2026-02-25,CUST-3052,Wireless Mouse,Electronics,North,Sneha,5,852.65
ORD-202602-04796,2026-02-12,CUST-2234,Pen Set,Office,South,,1,272.1
ORD-202602-04797,2026-02-09,,Study Table,Furniture,Central,Ananya,3,5697.03
ORD-202602-04798,2026-02-01,CUST-2420,Laptop Stand,Accessories,Central,Amit,5,1393.64
ORD-202602-04799,2026-02-04,CUST-4167,Notebook,Office,West,Karan,4,207.61
ORD-202602-04800,2026-02-02,CUST-2308,Webcam,Electronics,East,Priya,1,1770.14
ORD-202602-04801,2026-02-11,CUST-2383,Desk Organizer,Office,Central,Amit,2,541.73
ORD-202602-04802,2026-02-06,CUST-1211,Keyboard,Electronics,East,Neha,3,1209.48
ORD-202602-04803,2026-02-01,CUST-4030,Mouse Pad,Accessories,North,Amit,1,409.03
ORD-202602-04804,2026-02-25,CUST-0620,USB Hub,Accessories,South,Amit,-1,986.33
ORD-202602-04805,2026-02-28,CUST-4187,Pen Set,Office,South,Neha,3,327.11
ORD-202602-04806,2026-02-28,CUST-4657,Mouse Pad,Accessories,West,Neha,6,418.61
ORD-202602-04807,2026-02-26,CUST-0887,Monitor Stand,Furniture,South,Priya,7,2128.77
ORD-202602-04808,2026-02-04,CUST-2782,Monitor Stand,Furniture,West,Sneha,7,2148.51
ORD-202602-04809,2026-02-06,CUST-2930,Webcam,Electronics,South,Priya,7,1909.77
ORD-202602-04810,2026-02-27,CUST-4313,Wireless Mouse,Electronics,West,Priya,4,755.63
ORD-202602-04811,2026-02-01,CUST-1631,Mouse Pad,Accessories,South,Karan,2,411.86
ORD-202602-04812,2026-02-24,CUST-3360,Notebook,Office,South,Ananya,1,184.74
ORD-202602-04813,2026-02-04,CUST-0497,Desk Organizer,Office,West,Rahul,5,638.82
ORD-202602-04814,2026-02-02,CUST-4102,Mouse Pad,Accessories,Central,Rahul,1,391.98
ORD-202602-04815,2026-02-25,,Notebook,Office,West,Sneha,2,189.71
ORD-202602-04816,2026-02-23,CUST-1080,Wireless Mouse,Electronics,East,Amit,2,853.88
ORD-202602-04817,2026-02-03,CUST-0626,Desk Organizer,Office,Central,Ananya,2,552.42
ORD-202602-04818,2026-02-02,CUST-0531,Laptop Stand,Accessories,Central,Amit,3,1641.35
ORD-202602-04819,2026-02-28,CUST-4147,Laptop Stand,Accessories,Central,Amit,3,1634.03
ORD-202602-04820,2026-02-09,CUST-3070,USB Hub,Accessories,North,Amit,4,918.56
ORD-202602-04821,2026-03-03,CUST-1856,Wireless Mouse,Electronics,Central,Vikram,7,832.9
ORD-202602-04822,2026-02-17,CUST-2747,Mouse Pad,Accessories,East,Rahul,5,362.06
ORD-202602-04823,2026-03-03,,Laptop Stand,Accessories,West,Ananya,5,1480.14
ORD-202602-04824,2026-03-01,CUST-0483,Webcam,Electronics,Central,Sneha,2,2045.08
ORD-202602-04825,2026-02-20,CUST-2198,Webcam,Electronics,East,Amit,1,1713.48
ORD-202602-04826,2026-02-04,CUST-3057,Wireless Mouse,Electronics,West,Vikram,2,765.54
ORD-202602-04827,2026-02-28,CUST-3037,Study Table,Furniture,Central,Sneha,6,5338.25
ORD-202602-04828,2026-02-11,CUST-0910,Webcam,Electronics,North,Amit,2,1965.5
ORD-202602-04829,2026-02-08,CUST-4641,Study Table,Furniture,West,Neha,7,5724.28
ORD-202602-04830,2026-02-18,CUST-0541,Office Chair,Furniture,West,Amit,6,6390.35
ORD-202602-04831,2026-02-12,CUST-4311,USB Hub,Accessories,North,Amit,6,848.21
ORD-202602-04832,2026-02-23,CUST-4927,Office Chair,Furniture,North,Sneha,3,7454.63
ORD-202602-04833,2026-02-09,CUST-3755,Headphones,Electronics,West,Rahul,2,2344.97
ORD-202602-04834,2026-03-01,CUST-2779,Headphones, Electronics,South,Priya,2,2392.31
ORD-202602-04835,2026-02-04,CUST-0964,Study Table,Furniture,South,Sneha,7,5127.54
ORD-202602-04836,2026-02-15,CUST-1649,Pen Set,Office,South,Rahul,4,314.21
ORD-202602-04837,2026-03-02,CUST-2745,Pen Set,Office,East,Rahul,3,270.72
ORD-202602-04838,2026-02-27,CUST-0491,Monitor Stand,Furniture,South,Karan,2,1919.8
ORD-202602-04839,2026-02-26,CUST-3539,Wireless Mouse,Electronics,North,Karan,3,804.16
ORD-202602-04840,2026-02-20,CUST-4584,Headphones,Electronics,North,Vikram,3,2252.11
ORD-202602-04841,2026-02-18,CUST-3713,Monitor Stand,Furniture,South,Karan,6,2180.5
ORD-202602-04842,2026-02-07,CUST-4713,Keyboard,Electronics,West,Priya,6,1394.94
ORD-202602-04843,2026-02-10,CUST-2372,USB Hub,Accessories,East,Karan,4,925.49
ORD-202602-04844,2026-02-18,CUST-1285,Wireless Mouse,Electronics,West,Ananya,3,789.27
ORD-202602-04845,2026-02-10,CUST-0084,Laptop Stand,Accessories,East,Vikram,4,1395.66
ORD-202602-04846,2026-02-10,CUST-2176,Headphones,Electronics,South,Rahul,2,2525.81
ORD-202602-04847,2026-02-22,CUST-0577,Webcam,Electronics,Central,Amit,1,1799.95
ORD-202602-04848,2026-02-22,CUST-3228,Office Chair,Furniture,East,Vikram,-1,7192.2
ORD-202602-04849,2026-02-16,CUST-4012,Webcam,Electronics,West,Karan,1,1764.39
ORD-202602-04850,2026-02-09,CUST-0556,Office Chair,Furniture,East,Amit,1,7302.92
ORD-202602-04851,2026-02-06,CUST-2583,Study Table,Furniture,East,Priya,2,5304.23
ORD-202602-04852,2026-02-09,CUST-2685,Notebook,Office,Central,Sneha,7,199.08
ORD-202602-04853,2026-02-11,CUST-1556,Notebook,Office,South,Karan,2,185.54
ORD-202602-04854,,CUST-1094,Laptop Stand,Accessories,Central,,5,1425.93
ORD-202602-04855,2026-02-11,CUST-3569,Pen Set,Office,North,Neha,2,296.02
ORD-202602-04856,2026-03-01,CUST-1127,Office Chair,Furniture,Central,Amit,4,6940.46
ORD-202602-04857,2026-02-17,CUST-0160,Study Table,Furniture,West,Sneha,5,6048.66
ORD-202602-04858,2026-02-15,CUST-3016,Headphones,Electronics,Central,Vikram,4,2416.74
ORD-202602-04859,2026-02-09,CUST-0338,Pen Set,Office,South,Amit,6,274.15
ORD-202602-04860,2026-02-24,,Keyboard,Electronics,West,Rahul,2,1305.29
ORD-202602-04861,2026-02-27,CUST-0438,Mouse Pad,Accessories,West,Karan,6,384.78
ORD-202602-04862,2026-03-03,CUST-2752,Keyboard,Electronics,North,Sneha,3,1397.15
ORD-202602-04863,2026-02-26,CUST-1089,Notebook,Office,West,Ananya,4,187.47
ORD-202602-04864,2026-02-03,CUST-1312,Study Table,Furniture,Central,Priya,3,5890.16
ORD-202602-04865,2026-02-28,CUST-1998,Office Chair,Furniture,Central,Priya,-1,7227.98
ORD-202602-04866,2026-02-19,CUST-2439,Desk Organizer,Office,West,Rahul,6,561.62
ORD-202602-04867,2026-02-16,CUST-3596,Notebook,Office,Central,Karan,4,195.23
ORD-202602-04868,2026-02-08,CUST-4662,Pen Set, Office,South,Karan,6,298.55
ORD-202602-04869,2026-02-16,CUST-3016,Keyboard,Electronics,West,Ananya,7,1304.66
ORD-202602-04870,2026-02-25,CUST-2424,Desk Organizer,Office,South,Priya,2,586.67
ORD-202602-04871,2026-02-19,CUST-2920,Pen Set,Office,Central,Rahul,3,304.06
ORD-202602-04872,2026-02-04,CUST-2507,Keyboard,Electronics,East,Rahul,6,1355.31
ORD-202602-04873,2026-02-24,CUST-0028,Pen Set,Office,Central,Ananya,2,299.37
ORD-202602-04874,2026-02-25,CUST-2465,USB Hub,Accessories,South,Karan,1,917.42
ORD-202602-04875,2026-02-21,CUST-3720,Mouse Pad,Accessories,South,Amit,5,427.7
ORD-202602-04876,2026-02-07,,Office Chair,Furniture,Central,Ananya,2,6995.85
ORD-202602-04877,2026-02-10,CUST-0460,Laptop Stand,Accessories,Central,Neha,5,1473.91
ORD-202602-04878,2026-02-15,CUST-3409,Study Table,Furniture,North,Rahul,1,5221.58
ORD-202602-04879,2026-02-27,CUST-0552,USB Hub,Accessories,South,Vikram,4,832.72
ORD-202602-04880,2026-02-26,CUST-0154,Mouse Pad,Accessories,North,Neha,2,382.42
ORD-202602-04881,2026-02-03,CUST-0230,Wireless Mouse,Electronics,West,Sneha,4,784.0
ORD-202602-04882,2026-02-03,CUST-0590,Keyboard,Electronics,North,Vikram,2,1367.65
ORD-202602-04883,2026-02-02,CUST-0421,Webcam,Electronics,North,Karan,2,1791.68
ORD-202602-04884,2026-03-01,CUST-2890,Monitor Stand,Furniture,East,Sneha,7,2079.82
ORD-202602-04885,2026-02-27,CUST-4603,Webcam,Electronics,Central,Sneha,7,1739.12
ORD-202602-04886,2026-02-07,CUST-3801,USB Hub,Accessories,West,Ananya,3,837.58
ORD-202602-04887,2026-03-01,CUST-3656,Study Table,Furniture,west,,5,5308.0
ORD-202602-04888,2026-02-16,CUST-0586,Laptop Stand,Accessories,East,Vikram,3,1489.95
ORD-202602-04889,2026-02-10,CUST-4692,Office Chair,Furniture,North,Rahul,2,6552.36
ORD-202602-04890,2026-02-23,CUST-2514,Keyboard,Electronics,South,Karan,1,1198.21
ORD-202602-04891,2026-02-03,CUST-0157,Keyboard,Electronics,West,Sneha,7,1316.1
ORD-202602-04892,2026-02-04,CUST-3213,Wireless Mouse,Electronics,Central,Rahul,1,784.94
ORD-202602-04893,2026-02-08,CUST-3524,Keyboard,Electronics,North,,4,1277.15
ORD-202602-04894,2026-02-19,CUST-2005,Notebook,Office,South,Neha,2,191.36
ORD-202602-04895,2026-02-26,CUST-3577,Keyboard,Electronics,North,Priya,6,1265.55
ORD-202602-04896,2026-02-16,CUST-3468,Notebook,Office,North,Ananya,1,186.43
ORD-202602-04897,2026-02-14,CUST-2905,Notebook,Office,South,Priya,5,189.87
ORD-202602-04898,2026-02-19,CUST-1714,Webcam,Electronics,,Neha,3,1915.06
ORD-202602-04899,2026-02-01,CUST-4994,Wireless Mouse,Electronics,South,Vikram,4,802.56
ORD-202602-04900,2026-02-21,CUST-3116,Headphones,Electronics,East,Neha,2,2701.88
ORD-202602-04901,2026-02-25,CUST-2311,Keyboard,Electronics,West,Amit,1,1385.39
ORD-202602-04902,2026-02-14,CUST-3829,Mouse Pad,Accessories,East,Priya,2,359.67
ORD-202602-04903,2026-02-21,CUST-1214,Monitor Stand,Furniture,East,Amit,5,1890.96
ORD-202602-04904,2026-02-10,CUST-4780,USB Hub,Accessories,West,Vikram,5,968.71
ORD-202602-04905,2026-03-02,CUST-3680,Pen Set,Office,South,Sneha,7,287.92
ORD-202602-04906,2026-02-06,CUST-3195,Webcam,Electronics,North,Ananya,7,1890.53
ORD-202602-04907,2026-02-05,CUST-1332,Keyboard,Electronics,North,Vikram,6,1344.46
ORD-202602-04908,2026-03-02,CUST-1758,Headphones,Electronics,Central,Karan,1,2520.67
ORD-202602-04909,2026-02-16,CUST-4748,Mouse Pad,Accessories,Central,Amit,5,359.49
ORD-202602-04910,2026-02-13,CUST-3607,Study Table,Furniture,South,Amit,5,5176.28
ORD-202602-04911,2026-02-26,CUST-0556,Webcam,Electronics,West,Sneha,5,1747.25
ORD-202602-04912,2026-02-09,CUST-4023,Monitor Stand,Furniture,South,Sneha,5,1866.12
ORD-202602-04913,2026-02-10,CUST-0594,Pen Set,Office, South,Vikram,5,277.91
ORD-202602-04914,2026-02-02,CUST-2074,Laptop Stand,Accessories,West,Amit,5,1535.81
ORD-202602-04915,2026-02-17,CUST-2086,Pen Set,Office,Central,Priya,5,293.41
ORD-202602-04916,2026-02-24,CUST-1813,Desk Organizer,Office,West,Ananya,5,547.07
ORD-202602-04917,2026-03-03,CUST-2477,Pen Set,Office,Central,Priya,1,274.02
ORD-202602-04918,2026-02-17,CUST-0763,Study Table,Furniture,Central,Vikram,4,5994.3
ORD-202602-04919,2026-02-03,CUST-3307,Pen Set,office,North,Karan,1,278.35
ORD-202602-04920,2026-02-06,CUST-3385,Wireless Mouse,Electronics,East,Neha,7,759.66
ORD-202602-04921,2026-02-09,CUST-4259,Laptop Stand,Accessories,East,Neha,7,1521.27
ORD-202602-04922,2026-02-28,CUST-2225,Study Table,Furniture,North,Sneha,2,5154.88
ORD-202602-04923,2026-02-19,CUST-2654,Headphones,Electronics,South,Sneha,7,2347.83
ORD-202602-04924,2026-03-01,CUST-0665,Mouse Pad,Accessories,Central,Neha,4,364.89
ORD-202602-04925,2026-02-27,CUST-1737,Mouse Pad,Accessories,North,,5,437.37
ORD-202602-04926,,CUST-2808,Notebook,Office,East,Amit,5,203.22
ORD-202602-04927,2026-02-09,CUST-2083,Study Table,Furniture,East,Priya,1,5531.71
ORD-202602-04928,2026-02-18,CUST-4950,Notebook,Office,West,Vikram,7,214.47
ORD-202602-04929,2026-02-02,CUST-1387,Wireless Mouse,Electronics,East,Sneha,5,814.09
ORD-202602-04930,2026-02-12,CUST-0257,Webcam,Electronics,North,Vikram,4,1809.02
ORD-202602-04931,2026-02-10,CUST-4338,Pen Set,Office,East,Sneha,5,297.34
ORD-202602-04932,2026-02-06,CUST-2578,Office Chair,Furniture,South,Ananya,7,6967.61
ORD-202602-04933,2026-02-02,CUST-0356,Pen Set,Office,North,Amit,5,292.91
ORD-202602-04934,2026-02-12,CUST-4680,Desk Organizer,Office,Central,Rahul,5,629.38
ORD-202602-04935,2026-02-03,CUST-1038,Webcam,Electronics,East,Vikram,7,1750.76
ORD-202602-04936,2026-02-19,CUST-4796,Keyboard,Electronics,Central,Amit,5,1210.46
ORD-202602-04937,2026-02-09,CUST-1722,Monitor Stand,Furniture,Central,Amit,2,1947.9
ORD-202602-04938,2026-02-08,CUST-1709,Notebook,Office,Central,Rahul,6,181.93
ORD-202602-04939,2026-02-04,CUST-1059,Desk Organizer,Office,South,Sneha,7,657.39
ORD-202602-04940,2026-02-15,CUST-0859,Monitor Stand,Furniture,,Vikram,6,1997.32
ORD-202602-04941,2026-02-06,CUST-4002,Headphones,Electronics,North,Vikram,2,2274.14
ORD-202602-04942,2026-02-18,CUST-2104,Study Table,Furniture,East,Vikram,4,5617.66
ORD-202602-04943,2026-03-03,CUST-2782,Laptop Stand,Accessories,Central,Vikram,1,1583.28
ORD-202602-04944,2026-02-23,CUST-1593,Pen Set,Office,East,Karan,6,293.48
ORD-202602-04945,2026-02-04,CUST-2119,USB Hub,Accessories,South,Rahul,7,895.5
ORD-202602-04946,2026-02-03,CUST-2413,Headphones,Electronics,North,Rahul,1,2599.26
ORD-202602-04947,2026-02-28,CUST-1552,Study Table,Furniture,East,Rahul,1,5206.25
ORD-202602-04948,2026-02-27,CUST-2980,Laptop Stand,Accessories,West,Vikram,7,1528.28
ORD-202602-04949,2026-02-12,CUST-2327,Wireless Mouse,Electronics,Central,Rahul,6,819.93
ORD-202602-04950,2026-02-15,CUST-3842,Keyboard,electronics,West,Sneha,6,1378.15
ORD-202602-04951,2026-02-12,CUST-3888,Monitor Stand,Furniture,East,Ananya,2,2155.35
ORD-202602-04952,2026-02-19,CUST-3171,Office Chair,Furniture,West,Rahul,5,7616.16
ORD-202602-04953,2026-02-07,CUST-0518,Pen Set,Office,West,,6,276.65
ORD-202602-04954,2026-03-02,CUST-4461,Office Chair,Furniture,South,Neha,1,7441.71
ORD-202602-04955,2026-02-13,CUST-3478,Pen Set,Office,South,Karan,2,309.49
ORD-202602-04956,2026-02-06,CUST-3679,Study Table,Furniture,South,Sneha,3,5356.83
ORD-202602-04957,2026-02-10,CUST-3247,Keyboard,Electronics,West,Vikram,4,1408.85
ORD-202602-04958,2026-02-28,CUST-2594,Wireless Mouse,Electronics,Central,Priya,2,856.55
ORD-202602-04959,2026-02-09,CUST-2819,Desk Organizer,Office,North,Amit,3,631.87
ORD-202602-04960,2026-02-25,CUST-0597,Monitor Stand,Furniture,Central,Vikram,2,1822.08
ORD-202602-04961,2026-02-24,CUST-4595,Notebook,Office,North,Vikram,1,186.14
ORD-202602-04962,2026-03-03,CUST-4019,Monitor Stand,Furniture,East,Rahul,5,2166.25
ORD-202602-04963,2026-02-05,CUST-4548,USB Hub,Accessories,East,Sneha,5,985.71
ORD-202602-04964,2026-02-13,CUST-3571,Pen Set,Office,North,Amit,7,285.68
ORD-202602-04965,2026-02-27,CUST-1325,Mouse Pad,Accessories,West,Rahul,5,381.24
ORD-202602-04966,2026-02-04,CUST-1681,Study Table,Furniture,Central,Karan,5,5620.31
ORD-202602-04967,2026-02-02,CUST-4334,Pen Set,Office,South,Priya,3,273.66
ORD-202602-04968,,CUST-1160,USB Hub,Accessories,West,Priya,3,916.14
ORD-202602-04969,2026-02-03,CUST-3074,Webcam,Electronics,Central,Ananya,3,2077.01
ORD-202602-04970,2026-02-25,CUST-3291,Laptop Stand,Accessories,West,Sneha,7,1438.13
ORD-202602-04971,2026-02-11,CUST-0916,Wireless Mouse,Electronics,East,Priya,4,837.79
ORD-202602-04972,2026-02-05,CUST-0422,Headphones,Electronics,Central,Neha,7,2511.45
ORD-202602-04973,2026-02-22,CUST-0169,Mouse Pad,Accessories,East,Sneha,3,382.03
ORD-202602-04974,2026-02-10,CUST-3937,Wireless Mouse,Electronics,West,Priya,5,785.01
ORD-202602-04975,2026-02-05,CUST-1455,Mouse Pad,Accessories,West,Priya,2,403.08
ORD-202602-04976,2026-03-03,CUST-1135,Wireless Mouse,Electronics,West,Priya,3,840.8
ORD-202602-04977,2026-02-19,CUST-4546,Headphones,Electronics,South,Neha,7,2519.39
ORD-202602-04978,2026-02-14,CUST-2968,Pen Set,Office,West,Karan,5,324.42
ORD-202602-04979,2026-03-01,CUST-0123,Wireless Mouse,Electronics,South,Neha,4,737.79
ORD-202602-04980,2026-02-08,CUST-1518,Laptop Stand,Accessories,East,Rahul,3,1636.22
ORD-202602-04981,2026-02-19,CUST-2377,Headphones,Electronics,East,Karan,6,2524.32
ORD-202602-04982,2026-02-24,CUST-2387,Wireless Mouse,electronics,South,Rahul,2,781.71
ORD-202602-04983,2026-02-01,CUST-3919,Headphones,Electronics,West,Rahul,6,2287.11
ORD-202602-04984,2026-02-09,CUST-4004,Keyboard,Electronics,South,Priya,5,1246.07
ORD-202602-04985,2026-02-03,CUST-0159,Keyboard,Electronics,North,Amit,3,1282.88
ORD-202602-04986,2026-02-17,CUST-1436,Pen Set,Office,West,Vikram,5,325.14
ORD-202602-04987,2026-02-22,CUST-3003,Keyboard,Electronics,Central,Sneha,7,1365.62
ORD-202602-04988,2026-02-05,CUST-0166,Monitor Stand,Furniture,South,Rahul,3,1822.71
ORD-202602-04989,2026-02-05,CUST-2854,Mouse Pad,Accessories,East,Amit,3,385.27
ORD-202602-04990,2026-02-15,CUST-0387,USB Hub,Accessories,Central,Sneha,7,897.46
ORD-202602-04991,2026-02-13,CUST-2866,Study Table,Furniture,South,Amit,3,5884.02
ORD-202602-04992,2026-02-04,CUST-0373,Office Chair,Furniture,East,Amit,6,7385.94
ORD-202602-04993,2026-02-22,CUST-3694,USB Hub, Accessories,West,Ananya,7,847.96
ORD-202602-04994,2026-02-24,CUST-2296,Monitor Stand,Furniture,West,Priya,5,1819.27
ORD-202602-04995,2026-02-14,CUST-4757,Mouse Pad,Accessories,North,Sneha,1,369.66
ORD-202602-04996,2026-02-12,CUST-0417,Desk Organizer,Office,,Neha,1,599.39
ORD-202602-04997,2026-02-05,CUST-4349,Monitor Stand,Furniture,South,Ananya,2,1835.03
ORD-202602-04998,2026-02-10,CUST-2064,Desk Organizer,Office,East,Priya,1,569.02
ORD-202602-04999,2026-02-16,CUST-2439,Notebook,Office,West,Priya,6,211.79
ORD-202602-05000,2026-03-03,CUST-3490,Pen Set,Office,South,Karan,5,293.14
ORD-202602-05001,2026-02-06,CUST-3111,Pen Set,Office,North,Vikram,4,328.67
ORD-202602-05002,2026-02-26,CUST-4400,Monitor Stand,Furniture,West,Sneha,6,2101.34
ORD-202602-05003,2026-02-16,CUST-4158,Desk Organizer,Office,East,Sneha,1,570.84
ORD-202602-05004,2026-02-18,CUST-1108,Webcam,Electronics,North,Vikram,4,1711.98
ORD-202602-05005,2026-02-10,CUST-1374,Wireless Mouse,Electronics,East,Karan,3,803.35
ORD-202602-05006,2026-03-02,CUST-4384,Office Chair,Furniture,East,Karan,1,7287.16
ORD-202602-05007,2026-02-02,CUST-4051,Mouse Pad,Accessories,East,Vikram,4,-100.0
ORD-202602-05008,2026-02-07,CUST-4891,USB Hub,Accessories,Central,Karan,2,972.09
ORD-202602-05009,2026-02-10,CUST-4580,Monitor Stand,Furniture,North,Amit,1,2106.13
ORD-202602-05010,2026-02-18,CUST-3129,Headphones,Electronics ,West,Priya,2,2509.13
ORD-202602-05011,2026-02-14,CUST-4813,Wireless Mouse,Electronics,North,Neha,2,722.12
ORD-202602-05012,2026-03-01,CUST-3687,Desk Organizer,Office,West,Amit,5,579.62
ORD-202602-05013,2026-02-06,CUST-4438,Monitor Stand,Furniture,South,Neha,6,1996.76
ORD-202602-05014,2026-02-18,CUST-2416,Office Chair,Furniture,West,Ananya,4,6649.38
ORD-202602-05015,2026-02-16,CUST-4827,Study Table,Furniture,North,Rahul,5,5870.35
ORD-202602-05016,2026-02-10,CUST-0375,Study Table,Furniture,West,Sneha,1,5415.93
ORD-202602-05017,2026-02-01,CUST-4539,Pen Set,Office,South,Karan,6,281.29
ORD-202602-05018,2026-02-26,CUST-4800,Study Table,Furniture,South,Karan,4,5805.95
ORD-202602-05019,2026-02-07,CUST-3946,Laptop Stand,Accessories,South,Ananya,3,1531.46
ORD-202602-05020,2026-02-05,CUST-4727,Desk Organizer,Office,South,Vikram,7,562.71
ORD-202602-05021,2026-02-18,CUST-2104,Keyboard,Electronics,West,,3,1307.51
ORD-202602-05022,2026-02-05,CUST-1614,Mouse Pad,Accessories,North,Amit,4,414.52
ORD-202602-05023,2026-02-20,CUST-0670,Webcam,Electronics,West,Sneha,7,1879.41
ORD-202602-05024,2026-02-23,CUST-0979,Monitor Stand,Furniture,North,Karan,2,1919.99
ORD-202602-05025,2026-02-08,CUST-4333,USB Hub,Accessories,South,Rahul,4,933.1
ORD-202602-05026,2026-02-03,CUST-0328,Headphones,Electronics,East,Ananya,5,2592.6
ORD-202602-05027,2026-02-04,CUST-1001,Notebook,Office,North,Neha,5,179.77
ORD-202602-05028,2026-02-02,CUST-2490,Keyboard,Electronics,Central,Sneha,7,1229.93
ORD-202602-05029,2026-02-16,,Keyboard,Electronics,West,Vikram,3,1337.01
ORD-202602-05030,2026-02-12,CUST-4624,USB Hub,Accessories,West,Ananya,1,849.4
ORD-202602-05031,2026-02-25,,Pen Set,Office,Central,Priya,3,326.67
ORD-202602-05032,2026-02-13,CUST-0205,Notebook,Office,South,Amit,2,185.58
ORD-202602-05033,2026-02-21,CUST-1361,Wireless Mouse,Electronics,North,Sneha,6,838.66
ORD-202602-05034,2026-02-15,CUST-3058,Pen Set,Office,Central,Vikram,4,328.8
ORD-202602-05035,2026-02-14,CUST-1780,Wireless Mouse,Electronics,West,Ananya,6,774.48
ORD-202602-05036,2026-02-23,CUST-4178,Office Chair,Furniture,East,Neha,3,7143.36
ORD-202602-05037,2026-02-16,CUST-0480,Wireless Mouse,Electronics,North,,7,735.99
ORD-202602-05038,2026-02-18,CUST-1899,Wireless Mouse,Electronics,South,Neha,7,818.47
ORD-202602-05039,2026-02-14,CUST-3246,Mouse Pad,Accessories,East,Ananya,7,437.9
ORD-202602-05040,2026-02-23,CUST-3060,Office Chair,Furniture,North,Ananya,5,7660.91
ORD-202602-05041,2026-02-10,CUST-2589,Desk Organizer,Office,East,Priya,2,588.43
ORD-202602-05042,2026-02-02,CUST-2220,Notebook,Office,Central,Sneha,2,211.76
ORD-202602-05043,2026-02-14,CUST-0471,Headphones,Electronics,East,Sneha,7,2662.23
ORD-202602-05044,2026-02-10,CUST-0327,Monitor Stand,Furniture,West,Karan,7,1929.94
ORD-202602-05045,2026-02-28,CUST-0274,Wireless Mouse,Electronics,South,Amit,7,850.58
ORD-202602-05046,2026-03-02,CUST-2523,Laptop Stand,Accessories,East,Amit,5,1397.79
ORD-202602-05047,2026-02-07,CUST-4425,Desk Organizer,Office,North,Karan,6,656.37
ORD-202602-05048,2026-02-14,CUST-0446,Pen Set,Office,West,Priya,4,320.78
ORD-202602-05049,2026-02-14,CUST-0327,Office Chair,Furniture,East,Sneha,2,7013.83
ORD-202602-05050,2026-02-07,CUST-3425,Desk Organizer,Office,West,Rahul,2,585.26
ORD-202602-05051,2026-02-01,CUST-2503,Monitor Stand,Furniture,South,Priya,6,2177.29
ORD-202602-05052,2026-03-03,CUST-1551,Mouse Pad,Accessories,South,Ananya,5,364.78
ORD-202602-05053,2026-02-21,CUST-0090,Office Chair,Furniture,West,Ananya,7,6996.75
ORD-202602-05054,2026-02-13,CUST-4013,Headphones,Electronics,West,Ananya,7,2492.48
ORD-202602-05055,2026-02-06,CUST-3297,Headphones,Electronics,West,Karan,6,2439.69
ORD-202602-05056,2026-02-15,CUST-2936,Wireless Mouse,Electronics,North,Vikram,1,737.1
ORD-202602-05057,2026-02-09,CUST-1171,Headphones,Electronics,North,Rahul,2,2374.74
ORD-202602-05058,2026-02-07,CUST-4676,Keyboard,Electronics,South,Neha,3,1424.51
ORD-202602-05059,2026-03-02,CUST-0315,Office Chair,Furniture,South,Ananya,1,7430.07
ORD-202602-05060,2026-02-21,CUST-3689,Mouse Pad,Accessories,East,Karan,7,425.99
ORD-202602-05061,2026-02-10,CUST-3639,USB Hub,Accessories,East,Neha,2,900.71
ORD-202602-05062,2026-02-07,CUST-3625,Pen Set,Office,North,Amit,3,308.68
ORD-202602-05063,2026-02-24,CUST-3010,Laptop Stand,Accessories,,Neha,5,1500.5
ORD-202602-05064,2026-02-19,CUST-1524,Notebook,Office,Central,Vikram,1,206.06
ORD-202602-05065,2026-02-27,CUST-2279,Wireless Mouse,Electronics,East,Karan,5,857.08
ORD-202602-05066,2026-02-24,CUST-2210,Desk Organizer,Office,North,Karan,1,568.16
ORD-202602-05067,2026-02-13,CUST-4332,Study Table,Furniture,Central,Karan,7,5994.89
ORD-202602-05068,2026-02-21,CUST-3728,Wireless Mouse,Electronics,South,Rahul,5,865.1
ORD-202602-05069,2026-02-12,CUST-2382,Keyboard,Electronics,West,Amit,3,1278.03
ORD-202602-05070,2026-02-03,CUST-3611,Keyboard,Electronics,East,Priya,5,1422.88
ORD-202602-05071,2026-02-01,CUST-4848,Notebook,Office,North,Amit,3,214.22
ORD-202602-05072,2026-02-03,CUST-3462,Desk Organizer,Office,West,Ananya,1,543.9
ORD-202602-05073,2026-03-01,CUST-1782,Office Chair,Furniture,South,Rahul,1,6358.05
ORD-202602-05074,2026-02-27,CUST-0040,Office Chair,Furniture,North,Priya,2,7289.16
ORD-202602-05075,2026-02-13,CUST-4392,Notebook,Office ,South,Vikram,5,210.29
ORD-202602-05076,2026-03-01,CUST-0087,Desk Organizer,Office,Central,Neha,4,568.89
ORD-202602-05077,2026-02-23,CUST-2546,Webcam,Electronics,East,Ananya,2,1898.52
ORD-202602-05078,2026-02-05,CUST-0338,Desk Organizer,Office,East,Sneha,5,603.7
ORD-202602-05079,2026-02-07,CUST-4398,Headphones,Electronics,West,Amit,3,2471.81
ORD-202602-05080,2026-02-12,CUST-0158,Monitor Stand,Furniture,South,Amit,2,1826.74
ORD-202602-05081,2026-02-25,CUST-3418,Wireless Mouse,Electronics,North,,5,754.08
ORD-202602-05082,2026-02-21,CUST-3865,Monitor Stand,Furniture, North,Sneha,4,2124.74
ORD-202602-05083,2026-02-13,CUST-3663,USB Hub,Accessories,North,Rahul,5,822.24
ORD-202602-05084,2026-02-26,CUST-2735,Pen Set,Office,Central,Priya,4,306.3
ORD-202602-05085,2026-02-11,CUST-2955,Headphones,Electronics,Central,Rahul,1,2566.05
ORD-202602-05086,2026-03-01,CUST-2525,Laptop Stand,Accessories ,East,Neha,1,1635.86
ORD-202602-05087,2026-02-23,CUST-3786,Study Table,Furniture,East,Amit,1,6035.1
ORD-202602-05088,2026-02-22,,Wireless Mouse,Electronics,South,Priya,2,870.12
ORD-202602-05089,2026-02-03,CUST-4451,Headphones,Electronics,East,Amit,2,2519.65
ORD-202602-05090,2026-02-05,CUST-3874,Pen Set,Office,North,Ananya,7,271.6
ORD-202602-05091,2026-03-03,CUST-4844,Office Chair,Furniture,West,Neha,6,6687.27
ORD-202602-05092,2026-02-24,CUST-0465,USB Hub,Accessories,East,Sneha,7,894.59
ORD-202602-05093,2026-02-08,CUST-1046,Keyboard,Electronics,Central,Neha,4,1179.26
ORD-202602-05094,2026-02-27,CUST-1110,Keyboard,Electronics,,Rahul,3,1178.74
ORD-202602-05095,2026-02-10,CUST-2063,Study Table,Furniture,West,Rahul,3,5305.46
ORD-202602-05096,2026-02-11,CUST-4095,Headphones,Electronics,North,Sneha,7,2442.69
ORD-202602-05097,2026-02-10,CUST-3934,Notebook,Office,North,Priya,3,202.22
ORD-202602-05098,2026-02-16,CUST-3463,Monitor Stand,Furniture,West,Ananya,5,2172.06
ORD-202602-05099,2026-02-24,CUST-1981,Laptop Stand,Accessories,Central,Sneha,2,1466.37
ORD-202602-05100,2026-02-06,CUST-0464,Wireless Mouse,Electronics,Central,Sneha,7,726.78
ORD-202602-05101,2026-03-02,CUST-3473,Office Chair,Furniture,North,Amit,5,7055.05
ORD-202602-05102,2026-02-10,CUST-0370,Office Chair,Furniture,South,Ananya,7,6800.18
ORD-202602-05103,2026-03-03,CUST-1021,Pen Set,Office,East,Karan,3,322.99
ORD-202602-05104,2026-02-27,CUST-2033,Study Table,Furniture,South,Ananya,5,5423.66
ORD-202602-05105,2026-02-17,CUST-3883,Office Chair,Furniture,South,Karan,2,6749.55
ORD-202602-05106,2026-02-03,CUST-3017,Pen Set,Office,South,Sneha,4,312.39
ORD-202602-05107,2026-02-18,CUST-0519,Laptop Stand,Accessories,North,Sneha,3,1496.98
ORD-202602-05108,2026-02-24,CUST-1234,Wireless Mouse,Electronics,Central,Ananya,1,807.8
ORD-202602-05109,2026-03-03,CUST-4247,Desk Organizer,Office,South,Priya,4,557.32
ORD-202602-05110,2026-02-04,CUST-2926,Office Chair,Furniture,East,Karan,4,6824.29
ORD-202602-05111,2026-02-24,CUST-3288,Desk Organizer,Office,West,Ananya,2,544.66
ORD-202602-05112,2026-02-10,CUST-1798,Pen Set,Office,North,Rahul,3,314.24
ORD-202602-05113,2026-02-24,CUST-4076,Desk Organizer,Office,South,Ananya,-1,568.52
ORD-202602-05114,2026-02-19,CUST-2944,Webcam,Electronics,West,Priya,5,1754.87
ORD-202602-05115,2026-02-27,CUST-0406,Keyboard,Electronics,Central,Karan,3,1322.26
ORD-202602-05116,2026-02-01,CUST-3628,Pen Set,Office,East,Ananya,1,303.75
ORD-202602-05117,2026-02-16,CUST-1443,Monitor Stand,Furniture,Central,Ananya,4,1925.36
ORD-202602-05118,2026-02-21,CUST-4216,Keyboard,Electronics,North,Rahul,6,1419.12
ORD-202602-05119,2026-02-12,CUST-3192,Wireless Mouse,Electronics,West,Priya,7,820.66
ORD-202602-05120,2026-02-10,CUST-0980,Desk Organizer,Office,Central,Neha,7,650.08
ORD-202602-05121,2026-02-11,CUST-0147,USB Hub,Accessories,West,Rahul,2,863.15
ORD-202602-05122,2026-02-24,CUST-0426,Study Table,Furniture,North,Karan,2,5555.97
ORD-202602-05123,2026-02-07,CUST-1232,Mouse Pad,Accessories,north,Sneha,7,392.1
ORD-202602-05124,2026-03-03,CUST-0592,Mouse Pad,Accessories,East,Ananya,5,392.08
ORD-202602-05125,2026-02-07,,Wireless Mouse,Electronics,East,Karan,4,726.73
ORD-202602-05126,2026-02-13,CUST-0827,Monitor Stand,Furniture,West,Sneha,6,1886.91
ORD-202602-05127,2026-03-03,CUST-2233,Laptop Stand,Accessories,Central,Ananya,1,1609.72
ORD-202602-05128,2026-02-01,CUST-1622,USB Hub,Accessories,East,Rahul,4,961.9
ORD-202602-05129,2026-02-11,CUST-3289,Pen Set,Office,South,Priya,5,275.38
ORD-202602-05130,2026-02-27,CUST-0144,Study Table,Furniture,North,Rahul,7,4969.06
ORD-202602-05131,2026-02-10,CUST-2012,Office Chair,Furniture,Central,Rahul,4,6441.94
ORD-202602-05132,2026-02-09,CUST-4163,Office Chair,Furniture,West,Priya,4,7193.29
ORD-202602-05133,2026-02-01,CUST-1232,Keyboard,Electronics,West,Ananya,6,1231.41
ORD-202602-05134,2026-02-05,CUST-4246,Keyboard,Electronics,West,Sneha,2,1367.23
ORD-202602-05135,2026-02-07,CUST-0860,Office Chair,Furniture,Central,Rahul,1,6307.26
ORD-202602-05136,2026-02-28,CUST-3566,Study Table,Furniture,Central,Neha,4,5736.31
ORD-202602-05137,2026-02-17,CUST-1411,Pen Set,Office,Central,Sneha,5,322.11
ORD-202602-05138,2026-02-08,CUST-1783,Study Table,Furniture,North,Sneha,4,4998.38
ORD-202602-05139,2026-02-26,CUST-2611,Laptop Stand,Accessories,South,Amit,5,1609.15
ORD-202602-05140,2026-02-19,CUST-3534,Laptop Stand,Accessories,North,,2,1624.28
ORD-202602-05141,2026-02-10,CUST-2634,Headphones,Electronics,North,Rahul,1,2516.91
ORD-202602-05142,2026-02-08,CUST-2874,Office Chair,Furniture,Central,Rahul,6,6697.38
ORD-202602-05143,2026-02-07,CUST-1447,Pen Set,Office,East,Sneha,6,302.76
ORD-202602-05144,2026-02-23,CUST-3312,Headphones,Electronics,West,Karan,5,2404.33
ORD-202602-05145,2026-02-23,CUST-0355,Monitor Stand,Furniture,East,Amit,3,2172.2
ORD-202602-05146,2026-02-21,CUST-0440,Wireless Mouse,Electronics,East,Vikram,3,805.97
ORD-202602-05147,2026-02-14,CUST-0798,Office Chair,Furniture,North,Vikram,4,7417.13
ORD-202602-05148,2026-02-16,CUST-4374,Headphones,Electronics,West,Vikram,3,2553.96
ORD-202602-05149,2026-02-28,CUST-3066,Office Chair,Furniture,West,Ananya,2,6702.81
ORD-202602-05150,2026-02-18,CUST-1744,Mouse Pad,Accessories,North,Neha,3,399.01
ORD-202602-05151,2026-02-20,,Webcam,Electronics,South,Ananya,3,2043.28
ORD-202602-05152,2026-02-08,CUST-1347,Wireless Mouse,Electronics,Central,Neha,4,780.28
ORD-202602-05153,2026-02-15,CUST-3664,Pen Set,Office,Central,Sneha,3,289.51
ORD-202602-05154,2026-02-01,CUST-1955,Headphones,Electronics,West,Karan,4,2727.12
ORD-202602-05155,2026-02-15,CUST-3094,USB Hub,Accessories,Central,Amit,6,869.16
ORD-202602-05156,2026-02-25,CUST-1237,Monitor Stand,Furniture,Central,Priya,3,2142.73
ORD-202602-05157,2026-02-21,CUST-0177,Study Table,Furniture,West,Neha,1,5145.17
ORD-202602-05158,2026-02-28,CUST-4971,Mouse Pad,Accessories,east,Amit,6,422.28
ORD-202602-05159,2026-02-11,CUST-3267,Desk Organizer,Office,West,Amit,2,612.81
ORD-202602-05160,2026-02-25,,Office Chair,Furniture,Central,Amit,7,6467.35
ORD-202602-05161,2026-02-23,CUST-3017,Notebook,Office,Central,Sneha,4,181.65
ORD-202602-05162,2026-02-22,CUST-4483,Headphones,Electronics ,South,Neha,4,2398.19
ORD-202602-05163,2026-02-25,CUST-0094,Office Chair,Furniture,South,Karan,3,7219.41
ORD-202602-05164,2026-02-15,CUST-4756,Keyboard,Electronics,North,Karan,5,1262.66
ORD-202602-05165,2026-02-11,CUST-2296,Mouse Pad,Accessories,North,Priya,5,380.74
ORD-202602-05166,2026-02-19,CUST-2907,Office Chair,Furniture,South,Ananya,7,7113.59
ORD-202602-05167,2026-02-12,CUST-4690,Notebook,Office,South,,1,217.01
ORD-202602-05168,2026-02-22,CUST-4003,Laptop Stand,Accessories,Central,Sneha,2,1385.63
ORD-202602-05169,2026-02-27,CUST-1751,USB Hub,Accessories,East,Karan,2,925.0
ORD-202602-05170,2026-02-01,CUST-4527,USB Hub,Accessories,West,Vikram,2,973.15
ORD-202602-05171,2026-02-20,CUST-0417,Desk Organizer,Office,South,Ananya,7,603.92
ORD-202602-05172,2026-02-14,CUST-0751,Monitor Stand,Furniture,,Vikram,1,2184.58
ORD-202602-05173,2026-02-04,CUST-1137,Office Chair,Furniture,Central,Vikram,1,7136.03
ORD-202602-05174,2026-02-07,CUST-1346,Laptop Stand,Accessories,South,Vikram,4,1550.75
ORD-202602-05175,2026-02-26,CUST-3367,Keyboard,Electronics,South,Sneha,2,1374.67
ORD-202602-05176,2026-02-12,CUST-2009,Mouse Pad,Accessories,East,Sneha,3,375.04
ORD-202602-05177,2026-02-03,CUST-4252,Study Table,Furniture,South,Priya,5,5565.2
ORD-202602-05178,2026-02-24,CUST-3115,Pen Set,Office,East,Amit,4,305.83
ORD-202602-05179,2026-02-08,CUST-3027,Laptop Stand,Accessories,West,Rahul,7,1385.12
ORD-202602-05180,2026-02-12,CUST-3842,Keyboard,Electronics,East,Neha,4,1287.44
ORD-202602-05181,2026-02-07,CUST-2052,Webcam,Electronics,North,Priya,7,2001.8
ORD-202602-05182,2026-02-23,CUST-1726,Desk Organizer,Office,West,Neha,2,543.98
ORD-202602-05183,2026-03-01,CUST-0541,Pen Set,Office,Central,Neha,2,293.83
ORD-202602-05184,2026-03-03,CUST-4214,USB Hub,Accessories,South,Sneha,3,835.3
ORD-202602-05185,2026-02-03,CUST-1165,Laptop Stand,Accessories,North,Neha,1,1401.79
ORD-202602-05186,2026-03-01,CUST-3272,Headphones,Electronics,East,Priya,1,2505.28
ORD-202602-05187,2026-02-20,CUST-3953,Monitor Stand,Furniture,North,Neha,3,1810.89
ORD-202602-05188,2026-02-26,CUST-1861,USB Hub,Accessories,South,Amit,4,885.51
ORD-202602-05189,2026-02-03,CUST-0818,Desk Organizer,Office,West,Amit,2,542.18
ORD-202602-05190,2026-02-27,CUST-3404,USB Hub,Accessories,South,Ananya,2,975.52
ORD-202602-05191,2026-02-11,CUST-1627,Notebook,Office,South,Rahul,1,214.24
ORD-202602-05192,2026-02-13,CUST-4261,Pen Set,Office,South,Ananya,1,281.76
ORD-202602-05193,2026-02-28,CUST-2228,Laptop Stand,Accessories,West,Amit,7,1368.83
ORD-202602-05194,2026-02-23,CUST-1680,Monitor Stand,Furniture,Central,Rahul,1,1899.3
ORD-202602-05195,2026-02-16,CUST-3636,USB Hub,Accessories,Central,Vikram,5,814.2
ORD-202602-05196,2026-02-21,CUST-1935,Desk Organizer,Office,North,Vikram,6,627.13
ORD-202602-05197,2026-02-12,CUST-3985,Study Table,Furniture,West,Vikram,2,5580.27
ORD-202602-05198,2026-03-03,CUST-3460,Laptop Stand,Accessories,South,Vikram,2,1512.14
ORD-202602-05199,2026-02-03,CUST-4423,Webcam,Electronics,Central,Rahul,3,2032.68
ORD-202602-05200,2026-02-18,CUST-2150,Monitor Stand,Furniture,East,Rahul,5,2122.66
ORD-202602-05201,2026-02-02,CUST-0435,Office Chair,Furniture,Central,Neha,1,6871.45
ORD-202602-05202,2026-02-14,CUST-0889,Office Chair,Furniture,East,Neha,6,7153.45
ORD-202602-05203,2026-02-16,CUST-0026,Monitor Stand,Furniture,South,Karan,3,1975.73
ORD-202602-05204,2026-02-26,CUST-4271,Wireless Mouse,Electronics,Central,Priya,4,818.82
ORD-202602-05205,2026-03-02,CUST-1217,Monitor Stand,Furniture,South,Vikram,7,1859.68
ORD-202602-05206,2026-02-24,CUST-1008,Keyboard,Electronics,West,Karan,1,1247.06
ORD-202602-05207,2026-03-02,CUST-3031,Keyboard,Electronics,North,Rahul,7,1234.54
ORD-202602-05208,2026-02-04,CUST-1232,Headphones,Electronics,West,Neha,5,2332.8
ORD-202602-05209,2026-02-17,CUST-4896,Keyboard,Electronics,Central,Ananya,3,1276.62
ORD-202602-05210,2026-02-19,CUST-4340,Keyboard,Electronics,South,Ananya,1,1357.84
ORD-202602-05211,2026-02-03,CUST-2255,Keyboard,Electronics,Central,Vikram,1,1272.0
ORD-202602-05212,2026-02-19,CUST-3210,Mouse Pad,Accessories,North,Neha,6,437.51
ORD-202602-05213,2026-02-02,CUST-1935,Laptop Stand,Accessories,North,Amit,3,1439.67
ORD-202602-05214,2026-02-20,CUST-2159,Laptop Stand,Accessories,South,Priya,6,1633.35
ORD-202602-05215,2026-02-07,CUST-2403,Headphones,Electronics,South,Neha,6,2345.84
ORD-202602-05216,2026-03-02,CUST-1910,Monitor Stand,Furniture,West,Ananya,3,1927.35
ORD-202602-05217,2026-02-11,CUST-2183,Laptop Stand,Accessories,Central,Priya,3,1398.29
ORD-202602-05218,2026-02-19,CUST-0917,Mouse Pad,Accessories,North,Neha,2,378.09
ORD-202602-05219,2026-02-19,CUST-3259,Keyboard,Electronics,West,Priya,5,1209.92
ORD-202602-05220,2026-02-27,CUST-0340,Headphones,Electronics,Central,Priya,5,2561.39
ORD-202602-05221,2026-02-11,CUST-4547,Webcam,Electronics,East,Sneha,3,1785.29
ORD-202602-05222,2026-02-12,CUST-4548,Monitor Stand,Furniture,Central,Sneha,4,1833.14
ORD-202602-05223,2026-02-22,CUST-1041,Headphones,Electronics,North,Sneha,4,2382.26
ORD-202602-05224,2026-02-02,CUST-0224,Mouse Pad,Accessories,West,Sneha,2,413.24
ORD-202602-05225,2026-02-18,CUST-2398,Notebook,Office,East,Neha,4,196.16
ORD-202602-05226,2026-02-12,CUST-0309,Wireless Mouse,Electronics,East,Ananya,6,744.05
ORD-202602-05227,2026-03-03,CUST-2017,Laptop Stand,Accessories,West,Rahul,7,1368.12
ORD-202602-05228,2026-02-17,CUST-3761,Keyboard,Electronics,West,Vikram,3,1358.59
ORD-202602-05229,2026-02-24,CUST-1548,Headphones,Electronics,,Rahul,2,2601.01
ORD-202602-05230,2026-02-26,CUST-4469,Pen Set,Office,South,Ananya,7,296.7
ORD-202602-05231,2026-02-05,CUST-0073,Notebook,Office,South,Neha,7,200.1
ORD-202602-05232,2026-02-20,CUST-3549,Mouse Pad,Accessories,Central,Rahul,6,378.29
ORD-202602-05233,2026-02-22,CUST-2518,Headphones,Electronics,East,Amit,3,2491.67
ORD-202602-05234,2026-02-14,CUST-1211,Pen Set,Office,South,Rahul,2,312.67
ORD-202602-05235,2026-02-07,CUST-2151,Study Table,Furniture,East,Neha,5,5797.63
ORD-202602-05236,2026-02-15,CUST-1354,Study Table,Furniture, West,Vikram,2,5323.58
ORD-202602-05237,2026-02-02,CUST-3101,Headphones,Electronics,North,Karan,6,2588.39
ORD-202602-05238,2026-03-03,CUST-4807,Pen Set,Office,North,Ananya,3,298.19
ORD-202602-05239,2026-02-03,CUST-2506,Webcam,Electronics,East,Vikram,3,1989.9
ORD-202602-05240,2026-02-05,CUST-3501,Study Table,Furniture,West,Neha,6,5708.82
ORD-202602-05241,2026-02-05,CUST-3057,Mouse Pad,Accessories,East,Neha,3,418.98
ORD-202602-05242,2026-02-07,CUST-4140,Desk Organizer,Office,south,Sneha,1,558.85
ORD-202602-05243,2026-02-06,CUST-2814,Notebook,Office,West,Karan,6,191.92
ORD-202602-05244,2026-02-20,CUST-2232,Pen Set,Office,North,Neha,3,284.95
ORD-202602-05245,2026-02-04,CUST-0597,Monitor Stand,Furniture,,Vikram,5,1977.84
ORD-202602-05246,2026-02-22,CUST-3883,Keyboard,Electronics, East,Neha,5,1289.88
ORD-202602-05247,2026-02-13,CUST-4490,Study Table,Furniture,South,Vikram,1,5683.0
ORD-202602-05248,2026-02-13,CUST-4904,Mouse Pad,Accessories,North,Neha,1,404.55
ORD-202602-05249,2026-02-16,CUST-3650,Keyboard,Electronics,West,Karan,6,1319.75
ORD-202602-05250,2026-02-01,CUST-1784,USB Hub,Accessories,North,Ananya,1,922.91
ORD-202602-05251,2026-02-16,CUST-3518,Wireless Mouse,Electronics,East,Priya,3,762.71
ORD-202602-05252,2026-02-17,CUST-1603,Notebook,Office,Central,Amit,6,188.1
ORD-202602-05253,2026-02-24,CUST-4495,Mouse Pad,Accessories,West,Sneha,2,376.27
ORD-202602-05254,2026-02-05,CUST-0215,USB Hub,Accessories,North,Rahul,4,949.24
ORD-202602-05255,2026-02-02,CUST-4492,USB Hub,Accessories,Central,Priya,1,826.59
ORD-202602-05256,2026-02-02,CUST-3686,Pen Set,Office,West,Ananya,4,288.0
ORD-202602-05257,2026-03-02,CUST-4447,Office Chair,Furniture,Central,Neha,5,6691.43
ORD-202602-05258,2026-02-11,CUST-1204,USB Hub,Accessories,North,Vikram,2,915.53
ORD-202602-05259,2026-02-08,CUST-2541,Wireless Mouse,Electronics,Central,Ananya,2,866.79
ORD-202602-05260,2026-02-05,CUST-1270,Notebook,Office,West,Rahul,4,214.07
ORD-202602-05261,2026-02-08,CUST-3554,Monitor Stand,Furniture,Central,,6,1841.23
ORD-202602-05262,2026-02-14,CUST-3161,USB Hub,Accessories,Central,Ananya,4,906.23
ORD-202602-05263,2026-03-03,CUST-3458,Keyboard,Electronics,Central,Vikram,5,1178.76
ORD-202602-05264,2026-02-24,CUST-3695,Study Table,Furniture,East,Sneha,3,5820.59
ORD-202602-05265,2026-02-27,CUST-0225,USB Hub,Accessories,Central,Neha,1,876.47
ORD-202602-05266,2026-02-02,CUST-2038,Laptop Stand,accessories,Central,Vikram,7,1413.52
ORD-202602-05267,2026-02-18,CUST-1264,Webcam,Electronics,Central,Karan,6,1892.96
ORD-202602-05268,2026-02-16,,Desk Organizer,Office,West,Ananya,1,591.23
ORD-202602-05269,2026-02-07,CUST-2648,Keyboard,Electronics,Central,Sneha,2,1414.12
ORD-202602-05270,2026-02-16,CUST-0809,Notebook,Office,East,Priya,-1,180.42
ORD-202602-05271,2026-02-19,CUST-1962,Laptop Stand,Accessories,East,Sneha,1,1633.91
ORD-202602-05272,2026-02-01,CUST-2637,USB Hub,Accessories,North,Neha,7,851.24
ORD-202602-05273,2026-03-03,CUST-1625,Headphones,Electronics,East,Priya,2,2321.59
ORD-202602-05274,2026-02-23,CUST-3087,Office Chair,Furniture,Central,,2,7337.5
ORD-202602-05275,2026-03-01,CUST-3847,USB Hub,Accessories,North,Rahul,3,903.06
ORD-202602-05276,2026-02-03,CUST-3087,Monitor Stand,Furniture,Central,Sneha,7,2157.18
ORD-202602-05277,2026-02-02,CUST-2894,Office Chair,Furniture,West,Amit,2,7058.68
ORD-202602-05278,2026-03-01,CUST-3285,Desk Organizer,Office,North,Priya,3,599.66
ORD-202602-05279,2026-03-01,CUST-1439,USB Hub,Accessories,South,Ananya,5,846.17
ORD-202602-05280,2026-02-20,CUST-3170,Monitor Stand,Furniture,North,Sneha,2,2178.82
ORD-202602-05281,2026-02-07,CUST-0257,Notebook,Office,West,Amit,1,205.55
ORD-202602-05282,2026-02-09,CUST-3959,USB Hub,Accessories,South,Neha,1,917.26
ORD-202602-05283,2026-02-25,CUST-1901,Laptop Stand,Accessories,North,Neha,2,1585.96
ORD-202602-05284,2026-03-01,CUST-4071,Study Table,Furniture,North,Neha,3,5060.48
ORD-202602-05285,2026-02-21,CUST-1269,Webcam,Electronics,East,Karan,7,2038.16
ORD-202602-05286,2026-02-13,CUST-4888,Study Table,Furniture,South,Vikram,7,5499.53
ORD-202602-05287,2026-02-26,CUST-2602,Headphones,Electronics, Central,Priya,4,2650.05
ORD-202602-05288,2026-02-09,CUST-4699,Desk Organizer,Office,Central,Priya,7,624.47
ORD-202602-05289,2026-02-05,CUST-1463,Webcam,Electronics,South,Ananya,1,1880.49
ORD-202602-05290,2026-02-12,CUST-2600,Office Chair,Furniture,Central,Priya,4,7376.54
ORD-202602-05291,2026-02-15,CUST-3570,Office Chair,Furniture,North,Neha,4,7307.92
ORD-202602-05292,2026-02-19,CUST-3530,Desk Organizer,Office,East,Neha,1,539.55
ORD-202602-05293,2026-02-22,CUST-1265,Monitor Stand,Furniture,East,Neha,4,2082.66
ORD-202602-05294,2026-02-23,CUST-2013,Mouse Pad,Accessories,South,Ananya,4,399.7
ORD-202602-05295,2026-02-07,CUST-1152,Office Chair,Furniture,West,Priya,6,7474.19
ORD-202602-05296,2026-02-21,CUST-3254,Notebook,Office,East,Ananya,3,211.32
ORD-202602-05297,2026-02-02,CUST-2076,Wireless Mouse,Electronics,Central,Karan,4,746.37
ORD-202602-05298,2026-03-01,CUST-0038,USB Hub,Accessories,Central,Sneha,2,813.01
ORD-202602-05299,2026-02-14,CUST-1464,Wireless Mouse,Electronics,Central,Neha,4,750.47
ORD-202602-05300,2026-03-02,CUST-1838,Pen Set,Office,West,Amit,1,313.42
ORD-202602-05301,2026-02-27,CUST-2804,Keyboard,Electronics,South,Ananya,4,1395.48
ORD-202602-05302,2026-02-07,CUST-4573,Laptop Stand,Accessories,Central,Karan,3,1559.13
ORD-202602-05303,2026-02-04,CUST-4918,Study Table,Furniture,South,Amit,2,5851.58
ORD-202602-05304,2026-03-01,CUST-3376,Desk Organizer,Office,West,Priya,3,609.45
ORD-202602-05305,2026-02-16,CUST-4523,Laptop Stand,Accessories,East,Rahul,7,1500.95
ORD-202602-05306,2026-02-04,CUST-0087,Mouse Pad,Accessories,East,Vikram,5,436.54
ORD-202602-05307,2026-02-19,CUST-4302,Notebook,Office,Central,Vikram,6,182.31
ORD-202602-05308,2026-03-02,CUST-2614,Laptop Stand,Accessories,North,Priya,3,1475.42
ORD-202602-05309,2026-02-19,CUST-1864,Desk Organizer,Office,Central,Priya,3,572.41
ORD-202602-05310,2026-02-09,CUST-1830,Keyboard,Electronics,Central,Sneha,1,1200.81
ORD-202602-05311,2026-02-11,CUST-1747,USB Hub,Accessories,East,Ananya,5,917.98
ORD-202602-05312,2026-02-09,CUST-4044,Webcam,Electronics,West,Vikram,1,1809.08
ORD-202602-05313,2026-02-17,CUST-2295,Pen Set,Office,South,Rahul,7,296.79
ORD-202602-05314,2026-02-14,CUST-0575,Pen Set,Office,West,Neha,5,277.27
ORD-202602-05315,2026-02-11,CUST-4506,Office Chair,Furniture,North,Sneha,4,6845.0
ORD-202602-05316,2026-02-06,CUST-3021,Laptop Stand,Accessories,West,Rahul,5,1409.14
ORD-202602-05317,2026-02-01,CUST-1955,Headphones,Electronics,West,Rahul,7,2697.39
ORD-202602-05318,2026-02-26,CUST-3561,Wireless Mouse,Electronics,South,Neha,2,802.58
ORD-202602-05319,2026-02-25,CUST-1755,Study Table,Furniture,Central,Priya,6,5828.44
ORD-202602-05320,2026-02-04,CUST-2978,Laptop Stand,Accessories ,South,Amit,7,1494.72
ORD-202602-05321,2026-02-08,CUST-0040,Desk Organizer,Office,East,Sneha,5,544.18
ORD-202602-05322,2026-02-14,CUST-1373,Laptop Stand,Accessories,Central,Ananya,5,1557.33
ORD-202602-05323,2026-02-19,CUST-1711,Laptop Stand,Accessories,North,Rahul,4,1363.44
ORD-202602-05324,2026-03-01,CUST-3966,Webcam,Electronics,East,Vikram,2,1859.14
ORD-202602-05325,2026-02-22,CUST-3773,Office Chair,Furniture,West,Neha,7,7064.71
ORD-202602-05326,2026-02-20,CUST-3968,Webcam,Electronics,North,Amit,3,2005.28
ORD-202602-05327,2026-02-24,CUST-2394,Webcam,Electronics,East,Karan,3,2050.39
ORD-202602-05328,,CUST-1805,Desk Organizer,Office,West,Amit,7,563.64
ORD-202602-05329,2026-03-01,CUST-2642,Mouse Pad,Accessories,Central,Vikram,1,412.05
ORD-202602-05330,2026-03-03,CUST-1334,Desk Organizer,Office,South,Rahul,3,595.43
ORD-202602-05331,2026-02-14,CUST-2644,Keyboard,Electronics,Central,Neha,4,1368.5
ORD-202602-05332,2026-02-01,CUST-3320,Monitor Stand,Furniture,West,Neha,2,2174.85
ORD-202602-05333,2026-03-03,CUST-4847,Webcam,Electronics,East,Neha,5,1911.52
ORD-202602-05334,2026-02-10,CUST-1840,Keyboard,Electronics,East,Priya,4,1243.6
ORD-202602-05335,2026-02-09,CUST-0567,Keyboard,Electronics,Central,Amit,2,1376.55
ORD-202602-05336,2026-02-04,CUST-1727,Laptop Stand,Accessories,West,Priya,2,1507.02
ORD-202602-05337,2026-02-24,CUST-4133,USB Hub,Accessories,East,Ananya,3,967.73
ORD-202602-05338,2026-02-06,CUST-2253,Keyboard,Electronics,Central,Amit,6,1316.17
ORD-202602-05339,2026-03-02,CUST-2083,Pen Set,Office,West,Vikram,4,325.14
ORD-202602-05340,2026-02-07,CUST-2291,Notebook,Office,South,Rahul,6,179.8
ORD-202602-05341,2026-02-03,CUST-1265,Office Chair,Furniture,West,Ananya,6,7333.49
ORD-202602-05342,2026-02-20,CUST-4149,Wireless Mouse,Electronics,Central,Ananya,6,774.48
ORD-202602-05343,2026-02-07,CUST-3357,Keyboard,Electronics,West,Priya,6,1342.81
ORD-202602-05344,2026-02-09,CUST-4765,Headphones,Electronics,West,Ananya,5,2720.08
ORD-202602-05345,2026-02-04,CUST-0491,USB Hub,Accessories,West,Ananya,3,926.67
ORD-202602-05346,2026-02-21,CUST-3568,Notebook,Office,central,Rahul,5,208.75
ORD-202602-05347,2026-02-07,CUST-0405,Headphones,Electronics, North,Karan,7,2328.09
ORD-202602-05348,2026-02-23,CUST-0442,Laptop Stand,Accessories,Central,Neha,3,1400.22
ORD-202602-05349,2026-02-09,CUST-4228,Mouse Pad,Accessories,Central,Amit,4,404.86
ORD-202602-05350,2026-02-13,CUST-1689,Notebook,Office,North,Ananya,7,196.24
ORD-202602-05351,2026-02-16,CUST-1580,Mouse Pad,Accessories,West,Neha,5,367.97
ORD-202602-05352,2026-02-17,CUST-0949,Pen Set,Office,East,Rahul,2,312.65
ORD-202602-05353,2026-02-26,CUST-0543,Desk Organizer,Office,South,Neha,3,622.84
ORD-202602-05354,2026-02-05,CUST-3317,Office Chair,Furniture,North,Sneha,2,6427.29
ORD-202602-05355,2026-02-08,CUST-2617,Monitor Stand,Furniture,South,Neha,4,1818.55
ORD-202602-05356,2026-02-24,CUST-2991,USB Hub,Accessories,West,Ananya,7,877.21
ORD-202602-05357,2026-02-27,CUST-0772,Laptop Stand,Accessories,East,Karan,6,1538.85
ORD-202602-05358,2026-02-13,CUST-4913,Webcam,Electronics,North,Vikram,7,2048.48
ORD-202602-05359,2026-02-01,CUST-0040,Laptop Stand,Accessories,South,Sneha,6,1479.36
ORD-202602-05360,2026-02-26,,Notebook,Office,North,Neha,4,182.45
ORD-202602-05361,2026-02-19,CUST-2610,Notebook,Office,South,Priya,5,212.55
ORD-202602-05362,2026-02-17,CUST-0528,Wireless Mouse,Electronics,Central,Neha,4,739.06
ORD-202602-05363,2026-02-13,CUST-2894,Monitor Stand,Furniture,West,Amit,1,2053.93
ORD-202602-05364,2026-02-22,CUST-2992,Wireless Mouse,Electronics,Central,Rahul,1,785.17
ORD-202602-05365,2026-02-09,CUST-2653,USB Hub,Accessories,North,Priya,4,972.64
ORD-202602-05366,2026-02-12,,USB Hub,Accessories,West,Amit,5,935.84
ORD-202602-05367,2026-02-24,CUST-4650,Laptop Stand,Accessories,South,Priya,2,1349.14
ORD-202602-05368,2026-02-12,CUST-0890,Headphones,Electronics,East,Karan,1,2435.41
ORD-202602-05369,2026-03-02,CUST-3721,Mouse Pad,Accessories,Central,Karan,1,373.49
ORD-202602-05370,2026-02-14,CUST-1855,Wireless Mouse,Electronics,Central,Sneha,3,764.41
ORD-202602-05371,2026-02-18,CUST-1937,Desk Organizer,Office,West,Amit,7,586.89
ORD-202602-05372,2026-02-20,CUST-1191,Pen Set,Office,Central,Sneha,3,301.47
ORD-202602-05373,2026-02-22,CUST-3374,Office Chair,Furniture,,Rahul,7,7416.67
ORD-202602-05374,2026-02-16,CUST-0987,Office Chair,Furniture,North,Neha,7,6420.08
ORD-202602-05375,2026-02-12,CUST-1864,Study Table,Furniture,Central,Priya,7,5434.23
ORD-202602-05376,2026-02-25,CUST-2419,Keyboard,Electronics,North,Sneha,7,1390.12
ORD-202602-05377,2026-02-23,CUST-0049,Office Chair,Furniture,South,Sneha,2,6904.07
ORD-202602-05378,2026-02-02,CUST-4051,Notebook,Office,Central,Ananya,7,199.77
ORD-202602-05379,2026-02-20,CUST-1658,Keyboard,Electronics,Central,Amit,7,1371.38
ORD-202602-05380,2026-02-28,CUST-4429,Monitor Stand,Furniture,North,Neha,6,2084.12
ORD-202602-05381,2026-02-18,CUST-3243,Office Chair,Furniture,Central,Rahul,2,7012.99
ORD-202602-05382,2026-03-01,CUST-1302,Webcam,Electronics,West,Sneha,3,2076.4
ORD-202602-05383,2026-02-13,CUST-3311,Study Table,Furniture,North,Ananya,5,4988.93
ORD-202602-05384,2026-02-08,CUST-2243,Desk Organizer,Office,East,Sneha,1,545.63
ORD-202602-05385,2026-02-16,CUST-2433,USB Hub,Accessories,South,Karan,6,885.94
ORD-202602-05386,2026-02-04,CUST-4215,Headphones,Electronics,East,Vikram,3,2327.99
ORD-202602-05387,2026-02-03,CUST-3206,Desk Organizer,Office,North,Rahul,1,565.04
ORD-202602-05388,2026-02-18,CUST-4944,Monitor Stand,Furniture,North,Karan,3,1859.1
ORD-202602-05389,2026-02-01,CUST-4641,Headphones,Electronics,West,Ananya,3,2595.15
ORD-202602-05390,2026-02-02,CUST-4250,Wireless Mouse,Electronics,West,Karan,5,786.42
ORD-202602-05391,2026-02-15,CUST-2329,Headphones,Electronics,North,Sneha,5,2666.02
ORD-202602-05392,2026-02-08,CUST-2471,Webcam,Electronics,West,Vikram,3,1804.2
ORD-202602-05393,2026-02-06,CUST-4411,Laptop Stand,Accessories,East,Ananya,5,1536.0
ORD-202602-05394,2026-02-16,CUST-4351,Monitor Stand,Furniture,Central,Neha,7,1884.43
ORD-202602-05395,2026-02-11,CUST-1853,Monitor Stand,Furniture,East,Neha,3,1804.89
ORD-202602-05396,2026-02-20,CUST-3534,Pen Set,Office,East,Priya,3,310.3
ORD-202602-05397,2026-02-14,CUST-2997,Headphones,Electronics,North,Priya,1,2321.83
ORD-202602-05398,2026-02-07,CUST-0568,Headphones,Electronics,Central,Sneha,3,2595.87
ORD-202602-05399,2026-02-22,CUST-0617,Keyboard,Electronics,West,Priya,2,1348.54
ORD-202602-05400,2026-03-01,CUST-0421,Office Chair,Furniture,North,Amit,6,7234.37
ORD-202602-05401,2026-02-23,CUST-1281,Headphones,Electronics,North,Karan,1,2544.96
ORD-202602-05402,2026-02-06,CUST-4682,Study Table,Furniture,South,Priya,5,5922.34
ORD-202602-05403,2026-02-18,CUST-1586,Notebook,Office,East,Neha,6,182.11
ORD-202602-05404,2026-02-05,CUST-4623,Mouse Pad,Accessories,Central,Rahul,2,433.46
ORD-202602-05405,2026-02-01,CUST-2203,Monitor Stand,Furniture,West,Neha,1,1825.47
ORD-202602-05406,2026-02-06,CUST-2292,Headphones,Electronics,North,Neha,5,2496.66
ORD-202602-05407,2026-02-26,CUST-1280,Mouse Pad,Accessories,North,Amit,5,432.77
ORD-202602-05408,2026-03-01,CUST-3310,Webcam,Electronics,South,Rahul,4,1811.24
ORD-202602-05409,2026-02-19,CUST-2947,Headphones,Electronics,North,Ananya,7,2667.88
ORD-202602-05410,2026-02-28,CUST-1524,Monitor Stand,Furniture,North,Amit,1,2036.26
ORD-202602-05411,2026-02-13,CUST-3925,Notebook,Office,North,Rahul,2,213.38
ORD-202602-05412,2026-02-02,CUST-3507,Headphones,Electronics,West,Sneha,4,2273.37
ORD-202602-05413,2026-03-01,CUST-3556,Keyboard,Electronics,West,Ananya,4,1313.53
ORD-202602-05414,2026-02-23,CUST-2231,Laptop Stand,Accessories,West,Vikram,7,1405.66
ORD-202602-05415,2026-02-21,CUST-3237,Office Chair,Furniture,North,Vikram,5,6324.39
ORD-202602-05416,2026-02-03,CUST-1743,Keyboard,Electronics,Central,Sneha,2,1348.09
ORD-202602-05417,2026-03-02,CUST-4997,Desk Organizer,Office,South,Amit,6,628.91
ORD-202602-05418,2026-02-03,CUST-2204,Keyboard,Electronics,North,Sneha,3,1360.39
ORD-202602-05419,2026-02-01,CUST-1371,Laptop Stand,Accessories,North,Neha,7,1567.05
ORD-202602-05420,2026-02-03,CUST-2278,Mouse Pad,Accessories,South,Neha,2,422.94
ORD-202602-05421,2026-03-02,CUST-4707,Keyboard,Electronics,North,Priya,6,1291.1
ORD-202602-05422,2026-02-26,CUST-4714,USB Hub,Accessories,South,Neha,4,871.59
ORD-202602-05423,2026-02-04,CUST-1779,Webcam,Electronics,West,Vikram,4,2001.91
ORD-202602-05424,2026-02-14,CUST-4425,Wireless Mouse,Electronics,Central,Rahul,7,825.6
ORD-202602-05425,2026-02-17,CUST-1529,Wireless Mouse,Electronics,North,Rahul,2,751.06
ORD-202602-05426,2026-02-18,CUST-0973,Keyboard,Electronics,East,Sneha,3,1282.19
ORD-202602-05427,2026-02-07,CUST-1109,Desk Organizer,Office,South,Karan,2,560.92
ORD-202602-05428,2026-02-01,CUST-1393,Wireless Mouse,Electronics,South,Vikram,6,843.57
ORD-202602-05429,2026-02-01,CUST-1464,Mouse Pad,Accessories,West,Rahul,6,378.82
ORD-202602-05430,2026-02-28,CUST-1497,Wireless Mouse,Electronics,South,Karan,6,818.61
ORD-202602-05431,2026-02-20,CUST-1917,Headphones,Electronics,East,Karan,2,2616.64
ORD-202602-05432,2026-03-03,CUST-0058,Headphones,Electronics,South,Sneha,2,2744.7
ORD-202602-05433,2026-02-27,CUST-1887,Laptop Stand,Accessories,South,Ananya,3,1478.96
ORD-202602-05434,2026-02-08,CUST-2653,Desk Organizer,Office,West,Priya,6,643.62
ORD-202602-05435,2026-02-03,,USB Hub,Accessories,South,Neha,6,928.55
ORD-202602-05436,2026-02-21,CUST-2414,Wireless Mouse,Electronics,East,Sneha,7,720.45
ORD-202602-05437,2026-02-07,CUST-1126,Keyboard,Electronics,West,Amit,6,1270.75
ORD-202602-05438,2026-02-22,CUST-0624,Webcam,Electronics,West,Karan,7,1858.79
ORD-202602-05439,2026-03-02,CUST-4502,Webcam,Electronics,West,Vikram,2,1754.53
ORD-202602-05440,2026-03-02,CUST-4952,Notebook,Office,East,Neha,5,196.5
ORD-202602-05441,2026-02-08,CUST-2039,Laptop Stand,Accessories,East,Priya,4,1384.01
ORD-202602-05442,2026-02-15,CUST-3807,Desk Organizer,Office,North,Sneha,2,639.18
ORD-202602-05443,2026-02-22,CUST-0703,Webcam,Electronics,West,Priya,7,1846.55
ORD-202602-05444,2026-02-08,CUST-0916,Pen Set,Office,West,Vikram,1,280.05
ORD-202602-05445,2026-02-18,CUST-2599,Keyboard,Electronics,East,Vikram,6,1325.45
ORD-202602-05446,2026-02-12,CUST-3527,Monitor Stand,Furniture,West,Neha,2,2141.96
ORD-202602-05447,2026-02-18,CUST-3508,Monitor Stand,Furniture,West,Priya,2,2172.88
ORD-202602-05448,2026-02-20,CUST-1704,Webcam,Electronics,North,Priya,5,2048.75
ORD-202602-05449,2026-02-28,CUST-4384,Webcam,Electronics,South,Ananya,4,2044.1
ORD-202602-05450,2026-02-15,CUST-3165,Wireless Mouse,Electronics,West,Ananya,3,774.72
ORD-202602-05451,2026-02-09,CUST-1584,Monitor Stand,Furniture,,Priya,7,2001.17
ORD-202602-05452,2026-02-03,CUST-2353,Wireless Mouse,Electronics,Central,Karan,5,778.44
ORD-202602-05453,2026-02-22,CUST-1491,Wireless Mouse,Electronics,South,Ananya,5,866.48
ORD-202602-05454,2026-02-26,CUST-0695,Keyboard,Electronics,West,Priya,6,1193.22
ORD-202602-05455,2026-02-13,CUST-0029,Webcam,Electronics,East,Neha,6,1919.63
ORD-202602-05456,2026-02-27,CUST-2301,Monitor Stand,Furniture,West,Rahul,2,1897.81
ORD-202602-05457,2026-02-15,CUST-0032,Headphones,Electronics,South,Vikram,4,2674.12
ORD-202602-05458,2026-02-15,CUST-4809,Notebook,Office,West,Amit,7,192.6
ORD-202602-05459,2026-02-02,CUST-4389,Pen Set,Office,North,Sneha,6,320.75
ORD-202602-05460,2026-02-17,CUST-3741,Office Chair,Furniture,South,Vikram,1,7598.17
ORD-202602-05461,2026-02-19,CUST-3752,Desk Organizer,Office,North,Ananya,2,559.7
ORD-202602-05462,2026-02-16,CUST-3133,Monitor Stand,Furniture,,Vikram,2,2100.65
ORD-202602-05463,2026-02-17,CUST-3663,Pen Set,Office,North,Neha,4,290.03
ORD-202602-05464,2026-02-17,CUST-4218,Office Chair,Furniture,East,Karan,6,6863.61
ORD-202602-05465,2026-02-22,CUST-2564,Laptop Stand,Accessories,North,Rahul,4,1431.36
ORD-202602-05466,2026-02-04,CUST-4144,USB Hub,Accessories,South,Amit,2,919.98
ORD-202602-05467,2026-02-17,CUST-1187,Desk Organizer,Office, East,Vikram,4,580.21
ORD-202602-05468,2026-02-14,CUST-4442,Study Table,Furniture,West,Amit,2,5763.63
ORD-202602-05469,2026-02-11,CUST-3533,Wireless Mouse,Electronics,North,Karan,5,843.5
ORD-202602-05470,2026-02-14,CUST-0545,USB Hub,Accessories,West,Amit,7,880.14
ORD-202602-05471,2026-02-22,CUST-0910,Office Chair,Furniture,East,Priya,5,6305.74
ORD-202602-05472,2026-03-03,CUST-0648,Keyboard,Electronics,North,Sneha,7,1186.27
ORD-202602-05473,2026-02-07,CUST-1213,Laptop Stand,Accessories,North,Rahul,4,1431.19
ORD-202602-05474,2026-02-02,CUST-3995,Notebook,Office,Central,Vikram,6,217.06
ORD-202602-05475,2026-02-11,CUST-4133,Keyboard,Electronics,East,Karan,7,1271.41
ORD-202602-05476,2026-02-10,CUST-4977,Study Table,Furniture,Central,Priya,2,5767.61
ORD-202602-05477,2026-02-03,CUST-0645,Laptop Stand,Accessories,East,Rahul,5,1629.74
ORD-202602-05478,2026-02-16,CUST-2813,Office Chair,Furniture,North,Amit,2,6777.38
ORD-202602-05479,2026-02-17,CUST-4109,USB Hub,Accessories,West,Karan,1,910.02
ORD-202602-05480,2026-02-27,CUST-4822,USB Hub,Accessories,East,Amit,2,962.35
ORD-202602-05481,2026-02-22,CUST-0491,Monitor Stand,Furniture,South,Sneha,1,2044.9
ORD-202602-05482,2026-02-15,CUST-3315,Study Table,Furniture,South,Ananya,2,5072.52
ORD-202602-05483,2026-02-21,CUST-0400,Mouse Pad,Accessories,East,Rahul,1,420.51
ORD-202602-05484,2026-02-10,CUST-0427,Mouse Pad,Accessories,Central,Neha,7,431.25
ORD-202602-05485,2026-02-05,CUST-4174,Office Chair,Furniture,South,Vikram,4,7375.23
ORD-202602-05486,2026-02-17,CUST-4632,Pen Set,Office,East,Ananya,2,314.1
ORD-202602-05487,2026-02-16,CUST-0927,Monitor Stand,Furniture,North,Rahul,3,2101.23
ORD-202602-05488,2026-02-10,CUST-4197,Laptop Stand,Accessories,West,,6,1532.74
ORD-202602-05489,2026-02-28,CUST-4559,Keyboard,Electronics,Central,Priya,5,1233.48
ORD-202602-05490,2026-02-17,CUST-2680,Headphones,Electronics,Central,Neha,1,2704.34
ORD-202602-05491,2026-02-18,CUST-0858,Mouse Pad,Accessories,Central,Neha,2,369.39
ORD-202602-05492,2026-02-22,CUST-3720,Laptop Stand,Accessories,West,Vikram,4,1597.12
ORD-202602-05493,2026-02-09,CUST-2743,Office Chair,Furniture,East,Karan,7,6802.15
ORD-202602-05494,2026-02-17,CUST-1758,Study Table,Furniture,Central,Priya,1,5690.17
ORD-202602-05495,2026-02-28,CUST-4327,Headphones,Electronics,North,Priya,7,2651.49
ORD-202602-05496,2026-02-19,CUST-3079,Monitor Stand,Furniture,South,Rahul,1,2118.38
ORD-202602-05497,2026-02-27,CUST-1322,Pen Set,Office,North,Priya,4,278.74
ORD-202602-05498,2026-02-02,CUST-2067,Webcam,Electronics,South,,2,1941.13
ORD-202602-05499,2026-02-23,CUST-1546,Headphones,Electronics,South,Karan,3,2356.34
ORD-202602-05500,2026-02-21,CUST-2636,Headphones,Electronics,East,Ananya,7,2305.13
ORD-202602-00053,2026-02-10,CUST-0054,Notebook,Office,West,Amit,4,180.32
ORD-202602-04943,2026-03-03,CUST-2782,Laptop Stand,Accessories,Central,Vikram,1,1583.28
ORD-202602-05085,2026-02-11,CUST-2955,Headphones,Electronics,Central,Rahul,1,2566.05
ORD-202602-00022,2026-02-04,CUST-2706,Headphones,Electronics,West,Amit,2,2256.3
ORD-202602-04160,2026-03-01,CUST-3638,Headphones,Electronics,Central,Karan,7,2732.51
ORD-202602-05241,2026-02-05,CUST-3057,Mouse Pad,Accessories,East,Neha,3,418.98
ORD-202602-04349,2026-02-19,CUST-1850,Laptop Stand,Accessories,West,Karan,7,1568.38
ORD-202602-03732,2026-02-22,CUST-0586,Keyboard,Electronics,Central,Rahul,1,1290.96
ORD-202602-04232,2026-02-09,CUST-0922,Headphones,Electronics,West,Rahul,7,2717.57
ORD-202602-03219,2026-02-13,CUST-4682,USB Hub,Accessories,North,Karan,3,931.27
ORD-202602-00378,2026-02-18,CUST-4648,Laptop Stand,Accessories,North,Sneha,3,1478.18
ORD-202602-00679,2026-02-13,CUST-1130,Monitor Stand,Furniture,,Amit,3,2120.61
ORD-202602-03412,2026-02-14,CUST-2815,Notebook,Office,Central,Rahul,1,187.68
ORD-202602-01509,2026-03-03,CUST-3380,Notebook,Office,West,Karan,2,196.45
ORD-202602-05188,2026-02-26,CUST-1861,USB Hub,Accessories,South,Amit,4,885.51
ORD-202602-05221,2026-02-11,CUST-4547,Webcam,Electronics,East,Sneha,3,1785.29
ORD-202602-04469,2026-02-16,CUST-3685,Laptop Stand,Accessories,East,Neha,2,1624.73
ORD-202602-00038,2026-02-11,CUST-2111,Desk Organizer,Office,Central,Amit,4,615.58
ORD-202602-02025,2026-02-17,CUST-4939,Laptop Stand,Accessories,South,Sneha,5,1637.72
ORD-202602-02579,2026-02-09,CUST-3844,Webcam,Electronics,North,Sneha,6,1995.15
ORD-202602-02525,2026-02-13,CUST-0416,Pen Set,Office,West,Neha,6,285.53
ORD-202602-00551,2026-02-18,CUST-4823,Headphones,Electronics,West,Rahul,5,2468.9
ORD-202602-03970,2026-02-27,CUST-0662,Keyboard,Electronics,Central,Sneha,5,1178.23
ORD-202602-01207,2026-02-18,CUST-3107,USB Hub,Accessories,North,Neha,5,866.41
ORD-202602-03145,2026-02-27,CUST-3629,Mouse Pad,Accessories,East,Priya,4,403.06
ORD-202602-00017,2026-02-16,CUST-0563,Wireless Mouse,Electronics,South,Vikram,7,825.95
ORD-202602-04235,2026-02-11,CUST-0069,Webcam,Electronics,West,,6,1929.13
ORD-202602-02613,2026-02-20,CUST-1694,Pen Set,Office,Central,Ananya,7,276.34
ORD-202602-02556,2026-02-23,CUST-1549,Wireless Mouse,Electronics,North,Amit,1,839.2
ORD-202602-01262,2026-02-04,CUST-4739,Laptop Stand,Accessories,South,Amit,2,1374.09
ORD-202602-02729,2026-02-27,CUST-0509,Webcam,Electronics,South,Vikram,6,1934.14
ORD-202602-03994,2026-02-13,CUST-0762,Laptop Stand,Accessories,West,Priya,3,1548.68
ORD-202602-01239,2026-02-28,CUST-2433,Monitor Stand,Furniture,South,Amit,2,2062.68
ORD-202602-00391,2026-02-16,CUST-4159,Notebook,Office,South,Karan,5,214.69
ORD-202602-00122,2026-03-02,CUST-1368,Office Chair,Furniture,East,Karan,5,6883.09
ORD-202602-00930,2026-02-07,CUST-2185,Office Chair,Furniture,North,Ananya,2,7408.68
ORD-202602-01210,2026-02-14,CUST-3504,Mouse Pad,Accessories,South,Neha,6,419.88
ORD-202602-02890,2026-02-10,CUST-2534,Notebook,Office,West,Sneha,5,186.73
ORD-202602-04207,2026-03-01,CUST-1869,Mouse Pad,Accessories,South,Sneha,5,379.41
ORD-202602-05077,2026-02-23,CUST-2546,Webcam,Electronics,East,Ananya,2,1898.52
ORD-202602-05287,2026-02-26,CUST-2602,Headphones,Electronics,Central,Priya,4,2650.05
ORD-202602-01806,2026-02-13,CUST-1435,Desk Organizer,Office,East,Sneha,4,646.92
ORD-202602-00014,2026-02-07,CUST-4835,Pen Set,Office,East,Amit,7,280.87
ORD-202602-01103,2026-03-02,CUST-1664,Monitor Stand,Furniture,North,Priya,5,2020.22
ORD-202602-03044,2026-02-25,CUST-0083,Keyboard,Electronics,East,Ananya,3,1319.06
ORD-202602-02745,2026-02-15,CUST-2249,Pen Set,Office,South,Sneha,5,302.48
ORD-202602-05270,2026-02-16,CUST-0809,Notebook,Office,East,Priya,3,180.42
ORD-202602-05019,2026-02-07,CUST-3946,Laptop Stand,Accessories,South,Ananya,3,1531.46
ORD-202602-05455,2026-02-13,CUST-0029,Webcam,Electronics,East,Neha,6,1919.63
ORD-202602-03287,2026-02-15,CUST-2783,Mouse Pad,Accessories,North,,1,415.88
ORD-202602-01928,2026-02-15,CUST-2823,Mouse Pad,Accessories ,South,,2,421.57
ORD-202602-00710,2026-02-22,CUST-1713,Desk Organizer,Office,Central,Ananya,3,567.08
ORD-202602-00639,2026-02-12,CUST-1900,Keyboard,Electronics,Central,Priya,1,1232.45
ORD-202602-02698,2026-02-25,CUST-1269,Laptop Stand,Accessories,Central,Amit,4,1370.11
ORD-202602-01610,2026-02-18,CUST-4261,Wireless Mouse,Electronics,South,Rahul,6,728.43
ORD-202602-01350,2026-02-20,CUST-3939,Keyboard,Electronics,North,Priya,6,1234.01
ORD-202602-01983,2026-02-07,CUST-2692,Office Chair,Furniture,West,Amit,1,6491.96
ORD-202602-01932,2026-02-16,CUST-2008,Desk Organizer,Office,Central,Neha,1,596.3
ORD-202602-05219,2026-02-19,CUST-3259,Keyboard,Electronics,West,Priya,5,1209.92
ORD-202602-02395,2026-03-03,CUST-2140,Webcam,Electronics,Central,,1,1861.25
ORD-202602-02015,2026-02-11,CUST-3482,Desk Organizer,Office,South,Neha,7,542.29
ORD-202602-00149,2026-02-23,CUST-0709,Wireless Mouse,Electronics,North,Amit,7,814.44
ORD-202602-03029,2026-03-02,CUST-0408,Keyboard,Electronics,East,Rahul,3,1231.99
ORD-202602-03551,2026-02-08,CUST-0233,Headphones,Electronics,South,Karan,2,2522.07
ORD-202602-01377,2026-02-11,CUST-3958,Webcam,Electronics,East,Priya,6,1942.74
ORD-202602-03689,2026-02-07,CUST-3109,Monitor Stand,Furniture,North,Rahul,1,1916.11
ORD-202602-02144,2026-02-26,CUST-0728,Mouse Pad,Accessories,South,Karan,2,377.36
ORD-202602-00768,2026-02-07,CUST-1023,Study Table,Furniture,,,4,5145.69
ORD-202602-03238,2026-02-05,CUST-2027,Wireless Mouse,Electronics,Central,Priya,1,811.74
ORD-202602-04081,2026-02-21,CUST-0602,Study Table,Furniture,East,Karan,7,5869.84
ORD-202602-05073,2026-03-01,CUST-1782,Office Chair,Furniture,South,Rahul,1,6358.05
ORD-202602-03978,2026-02-16,CUST-0507,Webcam,Electronics,Central,Karan,4,1712.44
ORD-202602-04847,2026-02-22,CUST-0577,Webcam,Electronics,Central,Amit,1,1799.95
ORD-202602-02524,2026-02-25,CUST-0673,Laptop Stand,Accessories,,Sneha,3,1352.13
ORD-202602-00041,2026-02-04,CUST-4461,Desk Organizer,Office,West,Sneha,6,578.59
ORD-202602-04966,2026-02-04,CUST-1681,Study Table,Furniture,Central,Karan,5,5620.31
ORD-202602-04954,2026-03-02,CUST-4461,Office Chair,Furniture,South,Neha,1,7441.71
ORD-202602-04263,2026-02-17,CUST-1792,Webcam,Electronics,Central,Rahul,5,1829.02
ORD-202602-02373,2026-02-19,CUST-0851,Monitor Stand,Furniture,South,Priya,6,2190.74
ORD-202602-05368,2026-02-12,CUST-0890,Headphones,Electronics,East,Karan,1,2435.41
ORD-202602-01094,2026-03-03,CUST-3167,Laptop Stand,Accessories,North,Sneha,3,1630.36
ORD-202602-01284,2026-02-19,CUST-0758,Mouse Pad,Accessories,South,Neha,4,407.02
