Order_ID,Order_Date,Customer_ID,Product,Category,Region,Salesperson,Quantity,Unit_Price
ORD-202601-00001,2026-01-06,CUST-4441,Keyboard,Electronics,South,Neha,7,1213.58
ORD-202601-00002,2026-01-25,CUST-3104,Office Chair,Furniture,Central,Neha,2,7008.56
ORD-202601-00003,2026-01-18,CUST-2629,Pen Set,Office,West,Amit,1,275.84
ORD-202601-00004,2026-01-02,CUST-2617,USB Hub,Accessories,North,Rahul,6,921.66
ORD-202601-00005,2026-01-23,CUST-2775,USB Hub,Accessories,Central,Priya,4,966.41
ORD-202601-00006,2026-01-28,CUST-4453,Study Table,Furniture,North,Vikram,6,5347.8
ORD-202601-00007,2026-01-07,CUST-3926,Keyboard,Electronics,South,Ananya,1,1212.87
ORD-202601-00008,2026-01-31,CUST-0466,Desk Organizer,Office,West,Neha,1,587.02
ORD-202601-00009,2026-01-25,CUST-2663,Headphones,Electronics,East,,4,2641.93
ORD-202601-00010,2026-01-24,CUST-1438,Keyboard,Electronics,East,Priya,7,1322.77
ORD-202601-00011,2026-01-11,CUST-0823,Mouse Pad,Accessories,Central,Karan,3,367.17
ORD-202601-00012,2026-01-04,CUST-4329,Monitor Stand,Furniture,West,Amit,6,2013.87
ORD-202601-00013,2026-01-14,CUST-4287,Desk Organizer,Office,Central,Vikram,7,595.18
ORD-202601-00014,2026-01-26,CUST-4698,Desk Organizer,Office,South ,Rahul,7,578.29
ORD-202601-00015,2026-01-19,CUST-1970,Desk Organizer,Office,Central,Neha,4,552.3
ORD-202601-00016,2026-01-21,CUST-2130,Office Chair,Furniture,South,Vikram,5,7672.46
ORD-202601-00017,2026-01-25,CUST-3891,Mouse Pad,Accessories,Central,Ananya,4,373.15
ORD-202601-00018,2026-01-11,CUST-0964,Keyboard,Electronics,East,Sneha,5,1219.17
ORD-202601-00019,2026-01-02,CUST-0272,Office Chair,Furniture,East,Vikram,4,6502.89
ORD-202601-00020,2026-01-28,CUST-2102,USB Hub,Accessories,North,Priya,4,911.62
ORD-202601-00021,2026-01-20,CUST-3147,Mouse Pad,Accessories,Central,Vikram,4,394.5
ORD-202601-00022,2026-01-18,CUST-2281,Laptop Stand,Accessories,South,Vikram,5,1423.92
ORD-202601-00023,2026-01-18,CUST-1057,Headphones,Electronics,East,Karan,6,2463.73
ORD-202601-00024,2026-01-27,CUST-2598,Monitor Stand,Furniture,North,Vikram,7,2068.37
ORD-202601-00025,2026-01-24,CUST-4714,Office Chair,Furniture,Central,Karan,5,6693.42
ORD-202601-00026,2026-01-21,CUST-1372,Pen Set,Office,South,Ananya,1,323.83
ORD-202601-00027,2026-01-25,CUST-2001,USB Hub,Accessories,West,Vikram,5,864.18
ORD-202601-00028,2026-01-09,CUST-1564,Office Chair,Furniture,West,Rahul,3,6576.51
ORD-202601-00029,2026-01-23,CUST-1468,Notebook,Office,East,Rahul,1,217.09
ORD-202601-00030,2026-01-31,CUST-3278,USB Hub,Accessories,North,Amit,1,954.84
ORD-202601-00031,2026-01-08,CUST-1874,USB Hub,Accessories,South,Vikram,5,870.8
ORD-202601-00032,2026-01-18,CUST-3109,Headphones,Electronics,West,Sneha,7,2669.65
ORD-202601-00033,2026-01-22,CUST-0099,Keyboard,Electronics,East,Amit,4,1303.89
ORD-202601-00034,2026-01-17,CUST-3311,Notebook,Office,East,Sneha,4,192.9
ORD-202601-00035,2026-01-31,CUST-0528,Study Table,Furniture,South,Karan,1,5872.5
ORD-202601-00036,2026-01-13,CUST-1887,Wireless Mouse,Electronics,East,Neha,5,839.3
ORD-202601-00037,2026-01-07,CUST-4363,Study Table,Furniture,North,Rahul,1,5276.7
ORD-202601-00038,2026-01-05,CUST-1683,Office Chair,Furniture,East,Vikram,6,7148.33
ORD-202601-00039,2026-01-27,CUST-3491,Webcam,Electronics,North,Karan,6,1849.39
ORD-202601-00040,2026-01-22,CUST-1758,Pen Set,Office,West,Amit,7,269.16
ORD-202601-00041,2026-01-18,CUST-4512,Headphones,Electronics,East,Neha,2,2729.82
ORD-202601-00042,2026-01-14,CUST-4756,Desk Organizer,Office,Central,Amit,2,604.95
ORD-202601-00043,2026-01-13,CUST-4546,Desk Organizer,Office,East,Ananya,3,610.79
ORD-202601-00044,2026-01-29,CUST-1977,Laptop Stand,Accessories,North,Amit,6,1528.95
ORD-202601-00045,2026-01-22,CUST-1588,Wireless Mouse,Electronics,South,Rahul,2,807.09
ORD-202601-00046,2026-01-30,CUST-3031,Monitor Stand,Furniture,Central,Ananya,7,1915.06
ORD-202601-00047,2026-01-25,CUST-4084,USB Hub,Accessories,,Karan,2,983.79
ORD-202601-00048,2026-01-24,CUST-2615,Study Table,Furniture,North,Priya,1,5632.81
ORD-202601-00049,2026-01-18,CUST-3691,Pen Set,Office,West,Vikram,2,309.22
ORD-202601-00050,2026-01-08,CUST-4382,Office Chair,Furniture,East,Priya,6,6935.72
ORD-202601-00051,2026-01-21,CUST-3761,Desk Organizer,Office,South,Vikram,5,573.59
ORD-202601-00052,2026-01-23,CUST-1846,Headphones,Electronics,East,Amit,3,2281.26
ORD-202601-00053,2026-01-17,CUST-1250,Laptop Stand,Accessories,Central,Karan,5,1454.1
ORD-202601-00054,2026-01-01,CUST-2171,Mouse Pad,Accessories,North,Amit,5,373.15
ORD-202601-00055,2026-01-30,CUST-2876,Mouse Pad,Accessories,Central,Vikram,4,411.93
ORD-202601-00056,2026-01-26,CUST-4214,Wireless Mouse,Electronics,North,Neha,4,859.56
ORD-202601-00057,2026-01-11,CUST-1504,Notebook,Office,West,Priya,1,191.15
ORD-202601-00058,2026-01-16,CUST-0805,Headphones,Electronics,North,Vikram,2,2415.47
ORD-202601-00059,2026-01-04,CUST-1578,Desk Organizer,Office,North,Priya,4,619.41
ORD-202601-00060,2026-01-30,CUST-2972,Pen Set,Office,North,Vikram,1,278.03
ORD-202601-00061,2026-01-08,CUST-1161,Study Table,Furniture,Central,Ananya,4,5971.3
ORD-202601-00062,2026-01-12,CUST-2000,Desk Organizer,Office,East,Neha,1,582.69
ORD-202601-00063,2026-01-14,CUST-1284,Laptop Stand,Accessories,West,Rahul,6,1379.44
ORD-202601-00064,2026-01-09,CUST-4929,Monitor Stand,Furniture,North,Neha,1,1868.94
ORD-202601-00065,2026-01-20,CUST-2563,USB Hub,Accessories,Central,Sneha,1,976.81
ORD-202601-00066,2026-01-31,CUST-3607,Laptop Stand,Accessories,Central,Karan,5,1423.19
ORD-202601-00067,2026-01-27,CUST-2602,Study Table,Furniture,East,Amit,2,5677.46
ORD-202601-00068,2026-01-17,CUST-0053,Laptop Stand,Accessories,Central,Rahul,3,1395.92
ORD-202601-00069,2026-01-05,CUST-1320,Wireless Mouse,Electronics,North,Amit,3,750.12
ORD-202601-00070,2026-01-27,CUST-4198,Mouse Pad,Accessories,South,Priya,2,429.26
ORD-202601-00071,2026-01-08,CUST-2557,Office Chair,Furniture,North,Karan,6,6506.32
ORD-202601-00072,2026-01-29,CUST-3516,Headphones,Electronics,North,Karan,5,2258.47
ORD-202601-00073,2026-01-13,CUST-3809,Mouse Pad,Accessories,Central,Neha,2,399.1
ORD-202601-00074,2026-01-17,CUST-2805,Keyboard,Electronics,East,Ananya,5,1393.24
ORD-202601-00075,2026-01-14,CUST-2888,Pen Set,Office,West,Rahul,5,288.59
ORD-202601-00076,2026-01-15,CUST-1181,Mouse Pad,Accessories,Central,Neha,4,369.33
ORD-202601-00077,2026-01-06,CUST-1247,Laptop Stand,Accessories,West,Karan,5,1643.57
ORD-202601-00078,2026-01-18,CUST-0747,Headphones,Electronics,South,Rahul,7,2587.33
ORD-202601-00079,2026-01-13,CUST-1489,Notebook,Office,South,Rahul,4,212.96
ORD-202601-00080,2026-01-27,CUST-3142,Pen Set,Office,North,Priya,3,314.08
ORD-202601-00081,2026-01-15,CUST-4643,Monitor Stand,Furniture,Central,Priya,4,2078.26
ORD-202601-00082,2026-01-30,CUST-2200,USB Hub,Accessories,Central,Amit,6,878.24
ORD-202601-00083,2026-01-10,CUST-3011,Headphones,Electronics,East,Karan,5,2411.21
ORD-202601-00084,2026-01-11,CUST-4309,Office Chair,Furniture,East,Karan,1,7302.7
ORD-202601-00085,2026-01-02,CUST-3387,Pen Set,Office,central,,4,311.96
ORD-202601-00086,2026-01-23,CUST-1312,Desk Organizer,Office,South,Vikram,6,652.98
ORD-202601-00087,2026-01-03,CUST-1406,Keyboard,Electronics,East ,Priya,2,1316.84
ORD-202601-00088,2026-01-09,CUST-3188,Laptop Stand,Accessories,Central,Amit,7,1437.43
ORD-202601-00089,2026-01-29,CUST-1440,Desk Organizer,Office,South,Vikram,6,597.75
ORD-202601-00090,2026-01-19,CUST-1245,Office Chair,Furniture,Central,Priya,6,7158.18
ORD-202601-00091,2026-01-18,CUST-2960,USB Hub,Accessories,North,Karan,1,885.83
ORD-202601-00092,2026-01-25,CUST-3182,Office Chair,Furniture,East,Rahul,5,7406.53
ORD-202601-00093,2026-01-24,CUST-1267,Office Chair,Furniture,,Ananya,4,7117.44
ORD-202601-00094,2026-01-28,CUST-0242,USB Hub,Accessories,South,Rahul,5,810.8
ORD-202601-00095,2026-01-21,CUST-3841,Study Table,Furniture,Central,Priya,6,5575.81
ORD-202601-00096,2026-01-14,CUST-1959,Webcam,Electronics,East,Vikram,3,1949.74
ORD-202601-00097,2026-01-05,CUST-3166,Webcam,Electronics,Central,Priya,4,2056.72
ORD-202601-00098,2026-01-12,CUST-0864,Pen Set,Office,South,Neha,5,293.84
ORD-202601-00099,2026-01-22,CUST-1573,Pen Set,Office,South,Rahul,6,303.45
ORD-202601-00100,2026-01-08,CUST-3030,Keyboard,Electronics,East,Sneha,6,1292.5
ORD-202601-00101,2026-01-21,CUST-0621,Office Chair,Furniture,East,Vikram,3,7043.31
ORD-202601-00102,2026-01-05,CUST-1584,Headphones,Electronics,South,,7,2282.74
ORD-202601-00103,2026-01-02,CUST-3595,Office Chair,Furniture,South,Vikram,1,7555.12
ORD-202601-00104,2026-01-12,CUST-3858,Wireless Mouse,Electronics,West,Sneha,4,864.58
ORD-202601-00105,2026-01-08,CUST-1765,Office Chair,Furniture,South,Neha,5,7066.27
ORD-202601-00106,2026-01-28,CUST-0573,Office Chair,Furniture,West,Karan,1,7078.17
ORD-202601-00107,2026-01-12,CUST-0131,Office Chair,Furniture,East,Sneha,4,6379.67
ORD-202601-00108,2026-01-13,CUST-2782,Pen Set,Office,Central,Sneha,5,304.86
ORD-202601-00109,2026-01-13,CUST-3468,Mouse Pad,Accessories,South,Ananya,5,393.35
ORD-202601-00110,2026-01-10,CUST-2969,Desk Organizer,Office,Central,Sneha,1,624.04
ORD-202601-00111,2026-01-29,CUST-2027,Webcam,Electronics,East,Ananya,2,1727.0
ORD-202601-00112,2026-01-23,CUST-0111,Office Chair,Furniture,North,Rahul,2,7294.2
ORD-202601-00113,2026-01-05,CUST-1132,Notebook,Office,West,Priya,5,190.52
ORD-202601-00114,2026-01-07,CUST-0180,USB Hub,Accessories,South,Priya,3,926.28
ORD-202601-00115,2026-01-03,CUST-2312,Mouse Pad,Accessories,North,Vikram,5,409.14
ORD-202601-00116,2026-01-08,CUST-1542,Notebook,Office,East,Priya,6,188.13
ORD-202601-00117,2026-01-21,CUST-0355,Wireless Mouse,Electronics,West,Priya,6,789.48
ORD-202601-00118,2026-01-30,,Keyboard,Electronics,South,Ananya,2,1386.2
ORD-202601-00119,2026-01-15,CUST-1852,Webcam,Electronics,West,Rahul,7,1939.1
ORD-202601-00120,2026-01-03,CUST-4814,Keyboard,Electronics,North,Ananya,2,1186.96
ORD-202601-00121,2026-01-02,CUST-2087,USB Hub,Accessories,North,Sneha,1,888.74
ORD-202601-00122,2026-01-13,CUST-0454,Pen Set,Office,West,Amit,1,287.74
ORD-202601-00123,2026-01-09,CUST-3526,Pen Set,Office,North,Ananya,2,307.47
ORD-202601-00124,2026-01-18,CUST-3516,Mouse Pad,Accessories,South,Karan,7,408.14
ORD-202601-00125,2026-01-04,CUST-4647,Study Table,Furniture,East,Priya,2,4960.54
ORD-202601-00126,2026-01-08,CUST-3464,Notebook,Office,North,Karan,5,203.29
ORD-202601-00127,2026-01-18,CUST-1809,Keyboard,Electronics,Central,,3,1360.01
ORD-202601-00128,2026-01-09,CUST-3348,Desk Organizer,Office,East,Ananya,1,631.19
ORD-202601-00129,2026-01-12,CUST-3991,Notebook,Office,South,Amit,4,181.45
ORD-202601-00130,2026-01-07,CUST-2581,Pen Set,Office,Central,Neha,1,287.26
ORD-202601-00131,2026-01-02,CUST-3974,Notebook,Office,,Rahul,4,195.87
ORD-202601-00132,2026-01-11,CUST-4835,Notebook,Office,West,Priya,4,186.25
ORD-202601-00133,2026-01-11,CUST-3774,Keyboard,Electronics,North,Karan,4,1278.41
ORD-202601-00134,2026-01-28,CUST-2509,Notebook,Office, North,Vikram,2,181.93
ORD-202601-00135,2026-01-28,CUST-2465,Office Chair,Furniture,North,Sneha,6,6457.58
ORD-202601-00136,2026-01-14,CUST-4192,Webcam,Electronics,East,Priya,5,1963.07
ORD-202601-00137,2026-01-09,CUST-4365,Notebook,Office,Central,Ananya,2,189.55
ORD-202601-00138,2026-01-13,CUST-1313,Wireless Mouse,Electronics,Central,Vikram,4,832.78
ORD-202601-00139,2026-01-19,CUST-0049,Laptop Stand,Accessories,East,Ananya,1,1363.52
ORD-202601-00140,2026-01-12,CUST-4032,USB Hub,Accessories,North,Rahul,7,910.27
ORD-202601-00141,2026-01-24,CUST-1181,Monitor Stand,Furniture,West,Ananya,6,1955.6
ORD-202601-00142,2026-01-30,CUST-4983,Headphones,Electronics,West,Priya,3,2647.43
ORD-202601-00143,2026-01-13,CUST-0181,Webcam,Electronics,East,Karan,5,2006.84
ORD-202601-00144,2026-01-04,CUST-4551,USB Hub,Accessories,West,Neha,5,876.63
ORD-202601-00145,2026-01-04,CUST-3391,Monitor Stand,Furniture,East,Neha,5,2048.06
ORD-202601-00146,2026-01-28,CUST-1521,Study Table,Furniture,West,Vikram,1,5199.36
ORD-202601-00147,2026-01-13,,Wireless Mouse,Electronics,East,Amit,7,811.85
ORD-202601-00148,2026-01-11,CUST-4231,Webcam,Electronics,North,Rahul,7,1739.96
ORD-202601-00149,2026-01-20,CUST-0598,Office Chair,Furniture,North,Priya,7,6907.46
ORD-202601-00150,2026-01-30,,Wireless Mouse,Electronics,Central,Sneha,7,748.3
ORD-202601-00151,2026-01-14,CUST-3951,Study Table,Furniture,East,Neha,7,5920.64
ORD-202601-00152,2026-01-10,CUST-3389,Webcam,Electronics,South,Amit,6,1878.07
ORD-202601-00153,2026-01-27,CUST-0638,Study Table,Furniture,South,Amit,1,5598.83
ORD-202601-00154,2026-01-03,CUST-1711,Webcam,Electronics,North,Sneha,4,1845.97
ORD-202601-00155,2026-01-27,CUST-3333,USB Hub,Accessories,Central,Priya,2,861.02
ORD-202601-00156,2026-01-17,CUST-3294,Pen Set,Office,North,Amit,2,281.23
ORD-202601-00157,2026-01-01,CUST-1812,Keyboard,Electronics,,Priya,6,1406.0
ORD-202601-00158,2026-01-08,CUST-2062,Notebook,Office,East,Priya,6,210.92
ORD-202601-00159,2026-01-22,CUST-0399,Mouse Pad,Accessories,South,Amit,4,369.73
ORD-202601-00160,2026-01-24,CUST-0046,Office Chair,Furniture,North,Sneha,6,7344.37
ORD-202601-00161,2026-01-07,CUST-4838,Monitor Stand,Furniture,South,Amit,1,1966.43
ORD-202601-00162,2026-01-21,CUST-1157,Pen Set,Office,West,Ananya,2,270.02
ORD-202601-00163,2026-01-31,CUST-4636,USB Hub,Accessories,South,Karan,7,904.1
ORD-202601-00164,2026-01-22,CUST-0212,USB Hub,Accessories,Central ,Ananya,4,832.48
ORD-202601-00165,2026-01-22,CUST-4950,USB Hub,Accessories,South,Priya,4,846.85
ORD-202601-00166,2026-01-06,CUST-2137,Office Chair,Furniture,North,Ananya,4,7273.42
ORD-202601-00167,2026-01-20,CUST-4031,Laptop Stand,accessories,North,Rahul,2,1426.19
ORD-202601-00168,2026-01-22,CUST-4201,Headphones,Electronics,Central,Neha,6,2694.87
ORD-202601-00169,2026-01-04,CUST-1760,Laptop Stand,Accessories,East,Rahul,6,1546.12
ORD-202601-00170,2026-01-10,CUST-3690,Wireless Mouse,Electronics,Central,Karan,5,852.1
ORD-202601-00171,2026-01-28,CUST-1671,Keyboard,Electronics,West,Vikram,3,1328.93
ORD-202601-00172,2026-01-31,CUST-3945,Keyboard,Electronics,North,Priya,5,1394.83
ORD-202601-00173,2026-01-06,CUST-4795,Office Chair,Furniture,South,Neha,7,6805.39
ORD-202601-00174,2026-01-23,CUST-4036,Desk Organizer,Office,West,Karan,5,604.89
ORD-202601-00175,2026-01-16,CUST-3640,Desk Organizer,Office,North,Sneha,4,600.9
ORD-202601-00176,2026-01-19,CUST-1860,Mouse Pad,Accessories,Central,Sneha,2,431.22
ORD-202601-00177,2026-01-16,CUST-0544,Desk Organizer,Office,North,Priya,4,558.86
ORD-202601-00178,2026-01-27,CUST-2531,Headphones,Electronics,West,Karan,3,2538.01
ORD-202601-00179,2026-01-14,CUST-0649,Study Table,Furniture,Central,Vikram,5,5778.82
ORD-202601-00180,2026-01-19,CUST-2543,Mouse Pad,Accessories,East,Ananya,1,388.63
ORD-202601-00181,2026-01-21,CUST-4346,Monitor Stand,Furniture,Central,Neha,2,2145.96
ORD-202601-00182,2026-01-18,CUST-0567,Keyboard,Electronics,Central,Ananya,6,1266.01
ORD-202601-00183,2026-01-28,CUST-4505,Mouse Pad,Accessories,West,Rahul,3,372.93
ORD-202601-00184,2026-01-08,CUST-2991,Desk Organizer,Office,West,Vikram,4,609.07
ORD-202601-00185,2026-01-30,CUST-0235,Mouse Pad,Accessories,South,Priya,4,392.66
ORD-202601-00186,2026-01-22,CUST-3601,USB Hub,Accessories,South,Neha,4,811.83
ORD-202601-00187,2026-01-30,CUST-0001,Headphones,Electronics,Central,Neha,6,2284.01
ORD-202601-00188,2026-01-12,CUST-3055,Laptop Stand,Accessories,South,Karan,2,1407.64
ORD-202601-00189,2026-01-15,CUST-2538,Webcam,Electronics,East,Ananya,6,2001.29
ORD-202601-00190,2026-01-02,CUST-3730,Webcam,Electronics,East,,2,2047.9
ORD-202601-00191,2026-01-29,CUST-1882,Pen Set,Office,South,Rahul,3,301.73
ORD-202601-00192,2026-01-26,CUST-0595,Pen Set,Office,South,Neha,5,275.41
ORD-202601-00193,2026-01-10,CUST-1936,Notebook,Office,East,Neha,7,200.37
ORD-202601-00194,2026-01-02,CUST-3808,Laptop Stand,Accessories,South,Karan,2,1605.61
ORD-202601-00195,2026-01-22,CUST-4769,Monitor Stand,Furniture,Central,Priya,5,2098.74
ORD-202601-00196,2026-01-21,CUST-1041,Keyboard,Electronics,North,Amit,1,1244.73
ORD-202601-00197,2026-01-17,CUST-1757,Laptop Stand,Accessories,South,Vikram,1,1386.24
ORD-202601-00198,2026-01-05,CUST-4385,Keyboard,Electronics,Central,Karan,6,1403.1
ORD-202601-00199,2026-01-29,CUST-1566,Laptop Stand,Accessories,East,Ananya,6,1605.16
ORD-202601-00200,2026-01-14,CUST-1225,Monitor Stand,Furniture,West,Karan,3,1820.58
ORD-202601-00201,2026-01-23,CUST-4158,Laptop Stand,Accessories,West,,5,1596.04
ORD-202601-00202,2026-01-27,CUST-2460,Study Table,Furniture,South,,3,5056.01
ORD-202601-00203,2026-01-17,CUST-2917,Mouse Pad,Accessories,West,Ananya,2,364.15
ORD-202601-00204,2026-01-03,CUST-2437,Desk Organizer,Office,South,Amit,4,629.98
ORD-202601-00205,2026-01-28,CUST-3015,USB Hub,Accessories,West,Sneha,3,905.53
ORD-202601-00206,2026-01-21,CUST-1345,Webcam,Electronics,North,Ananya,6,1866.55
ORD-202601-00207,2026-01-28,CUST-3660,Desk Organizer,Office,West,Vikram,3,647.38
ORD-202601-00208,2026-01-19,CUST-1809,Monitor Stand,Furniture,North,Priya,3,2134.65
ORD-202601-00209,2026-01-29,CUST-2618,Webcam,Electronics,Central,Rahul,4,1730.99
ORD-202601-00210,2026-01-27,CUST-0928,Office Chair,Furniture,West,Sneha,6,7161.5
ORD-202601-00211,2026-01-07,CUST-0057,Webcam,Electronics,North,Amit,2,2002.41
ORD-202601-00212,2026-01-06,CUST-2851,Desk Organizer,Office,North,Amit,7,605.05
ORD-202601-00213,2026-01-05,CUST-0694,Office Chair,Furniture,North,Rahul,4,7675.11
ORD-202601-00214,2026-01-25,CUST-4566,USB Hub,Accessories,Central,Priya,5,932.45
ORD-202601-00215,2026-01-08,CUST-4797,Desk Organizer,Office,East,Ananya,7,551.58
ORD-202601-00216,2026-01-14,CUST-1584,Webcam,Electronics,South,Amit,4,1784.41
ORD-202601-00217,2026-01-25,CUST-1445,Keyboard,Electronics,South,Karan,2,1383.76
ORD-202601-00218,2026-01-14,CUST-2541,Keyboard,Electronics,North,Karan,6,1428.06
ORD-202601-00219,2026-01-02,CUST-1021,USB Hub,Accessories,South,Priya,1,826.78
ORD-202601-00220,2026-01-12,CUST-4310,Study Table,Furniture,Central,,4,5059.44
ORD-202601-00221,2026-01-03,CUST-0510,Keyboard,Electronics,East,Ananya,7,1367.43
ORD-202601-00222,2026-01-12,CUST-2263,USB Hub,Accessories,South,Karan,3,820.67
ORD-202601-00223,2026-01-23,CUST-0945,Desk Organizer,Office,North,Ananya,5,547.31
ORD-202601-00224,2026-01-17,CUST-4157,Headphones,Electronics,South,Sneha,4,2693.33
ORD-202601-00225,2026-01-21,CUST-0722,Desk Organizer,Office,South,Amit,2,634.99
ORD-202601-00226,2026-01-04,CUST-2232,Webcam,Electronics,North,Vikram,3,2043.92
ORD-202601-00227,2026-01-24,CUST-4168,Office Chair,Furniture,,,4,7209.69
ORD-202601-00228,2026-01-14,CUST-2202,Notebook,Office,West,Priya,1,191.94
ORD-202601-00229,2026-01-09,CUST-0923,Notebook,Office,,Priya,3,215.17
ORD-202601-00230,2026-01-21,CUST-0787,Headphones,Electronics,South,Amit,3,2398.4
ORD-202601-00231,2026-01-05,CUST-3025,Mouse Pad,Accessories,South,Sneha,6,381.09
ORD-202601-00232,2026-01-16,CUST-0625,Study Table,Furniture,Central,Karan,1,5923.96
ORD-202601-00233,2026-01-14,CUST-1777,Wireless Mouse,Electronics,South,Amit,6,827.9
ORD-202601-00234,2026-01-06,CUST-3058,Desk Organizer,Office,West,Priya,3,646.4
ORD-202601-00235,2026-01-30,CUST-1898,Mouse Pad,Accessories,West,Neha,5,371.54
ORD-202601-00236,2026-01-12,CUST-4137,Desk Organizer,office,Central,Sneha,4,653.19
ORD-202601-00237,2026-01-02,CUST-3440,Pen Set,Office,South,Karan,3,305.74
ORD-202601-00238,2026-01-14,CUST-0678,USB Hub,Accessories,West,Sneha,7,929.21
ORD-202601-00239,2026-01-30,CUST-4086,Laptop Stand,Accessories,North,Karan,2,1623.14
ORD-202601-00240,2026-01-21,CUST-4551,Pen Set,Office,West,Ananya,1,291.87
ORD-202601-00241,2026-01-20,CUST-1012,Keyboard,Electronics,North,Rahul,6,1356.05
ORD-202601-00242,2026-01-28,CUST-1795,Notebook,Office,West,Vikram,5,204.59
ORD-202601-00243,2026-01-03,CUST-1977,Keyboard,Electronics,South,Neha,7,1373.76
ORD-202601-00244,2026-01-18,CUST-2127,Pen Set,Office,,Sneha,4,322.74
ORD-202601-00245,2026-01-10,CUST-2320,Pen Set,Office,North,Neha,1,309.77
ORD-202601-00246,2026-01-21,CUST-4473,Keyboard,Electronics,West,Karan,1,1186.67
ORD-202601-00247,2026-01-27,CUST-3257,Desk Organizer,Office,East,Priya,4,561.04
ORD-202601-00248,2026-01-03,CUST-4482,USB Hub,Accessories,West,Ananya,2,980.63
ORD-202601-00249,2026-01-05,CUST-1753,Office Chair,Furniture,South,Neha,7,7655.02
ORD-202601-00250,2026-01-30,CUST-2625,Wireless Mouse,Electronics,North,Neha,1,873.69
ORD-202601-00251,2026-01-16,CUST-0532,Headphones,Electronics,East,Karan,7,2267.49
ORD-202601-00252,2026-01-10,CUST-1384,Mouse Pad,Accessories,West,Neha,2,389.62
ORD-202601-00253,2026-01-05,CUST-2920,Headphones,Electronics,West,Amit,1,2628.78
ORD-202601-00254,2026-01-11,CUST-0860,Laptop Stand,Accessories,South,Neha,2,1574.82
ORD-202601-00255,2026-01-01,CUST-4802,Pen Set,Office,West,,2,274.24
ORD-202601-00256,2026-01-07,CUST-1358,Keyboard,Electronics,East,Sneha,3,1327.45
ORD-202601-00257,2026-01-06,CUST-0808,Pen Set,Office,South,Vikram,3,277.64
ORD-202601-00258,2026-01-03,CUST-3904,Keyboard,Electronics,North,Ananya,4,1297.24
ORD-202601-00259,2026-01-31,CUST-0451,Headphones,Electronics,South,Rahul,4,2368.89
ORD-202601-00260,2026-01-25,CUST-1623,Notebook,Office,North,Karan,1,181.22
ORD-202601-00261,2026-01-30,CUST-0994,Office Chair,Furniture,West,Vikram,1,6411.11
ORD-202601-00262,2026-01-08,CUST-3473,Headphones,Electronics,North,Amit,2,2704.36
ORD-202601-00263,2026-01-09,CUST-4216,Webcam,Electronics,North,Sneha,2,1991.92
ORD-202601-00264,2026-01-09,CUST-0977,Monitor Stand,Furniture,North,Karan,1,2171.64
ORD-202601-00265,2026-01-18,CUST-2081,Monitor Stand,Furniture,South,Amit,3,1987.0
ORD-202601-00266,2026-01-06,CUST-2393,Notebook,Office,North,Neha,4,195.55
ORD-202601-00267,2026-01-08,CUST-3455,USB Hub,Accessories,,Ananya,3,873.54
ORD-202601-00268,2026-01-31,CUST-1761,Laptop Stand,Accessories,North,Ananya,3,1533.87
ORD-202601-00269,2026-01-11,CUST-2615,Notebook,Office,Central,Priya,4,193.09
ORD-202601-00270,2026-01-25,CUST-2519,Notebook,Office,East,Amit,4,208.8
ORD-202601-00271,2026-01-08,CUST-0057,Webcam,Electronics,North,Sneha,3,2013.44
ORD-202601-00272,2026-01-29,CUST-2850,Wireless Mouse,Electronics,East,Sneha,2,859.06
ORD-202601-00273,2026-01-22,CUST-2840,Keyboard,Electronics,North,Ananya,3,1232.18
ORD-202601-00274,2026-01-27,CUST-4955,Monitor Stand,Furniture,Central,Ananya,1,-100.0
ORD-202601-00275,2026-01-17,CUST-2551,USB Hub,Accessories,East,Ananya,4,849.28
ORD-202601-00276,2026-01-29,CUST-4500,Mouse Pad,Accessories,Central,Neha,7,362.1
ORD-202601-00277,2026-01-12,CUST-1746,Mouse Pad,Accessories,South,Ananya,3,415.58
ORD-202601-00278,2026-01-15,CUST-3480,Office Chair,Furniture,North,Rahul,1,7067.56
ORD-202601-00279,2026-01-02,CUST-4509,Wireless Mouse,Electronics,South,Amit,5,834.78
ORD-202601-00280,2026-01-06,CUST-0769,Keyboard,Electronics,East,Rahul,1,1191.86
ORD-202601-00281,2026-01-24,CUST-2836,Webcam,Electronics,West,Rahul,2,2087.2
ORD-202601-00282,2026-01-11,CUST-4596,Mouse Pad,Accessories,East,Rahul,2,438.45
ORD-202601-00283,2026-01-04,CUST-2781,Pen Set,Office,Central,Neha,7,296.91
ORD-202601-00284,2026-01-10,CUST-4463,Mouse Pad,Accessories,South,Priya,7,428.21
ORD-202601-00285,2026-01-11,CUST-2100,USB Hub,Accessories,South,Neha,4,852.89
ORD-202601-00286,2026-01-23,CUST-4434,Monitor Stand,Furniture,East,Neha,5,2093.98
ORD-202601-00287,2026-01-03,CUST-3145,Headphones,Electronics,North,Priya,5,2688.54
ORD-202601-00288,2026-01-01,CUST-2396,Notebook,Office,West,Neha,5,211.52
ORD-202601-00289,2026-01-23,CUST-1075,Notebook,Office,North,Ananya,4,211.41
ORD-202601-00290,2026-01-05,CUST-0854,Mouse Pad,Accessories,West,Neha,7,396.05
ORD-202601-00291,2026-01-14,CUST-1444,Office Chair,Furniture,South,Amit,6,7446.92
ORD-202601-00292,2026-01-22,CUST-3773,Webcam,Electronics,South,Ananya,1,1971.43
ORD-202601-00293,2026-01-16,CUST-2341,Monitor Stand,Furniture,West,Vikram,3,1852.05
ORD-202601-00294,2026-01-04,CUST-1943,Laptop Stand,Accessories,,Neha,7,1383.33
ORD-202601-00295,2026-01-23,CUST-2335,Notebook,Office,Central,Amit,3,209.82
ORD-202601-00296,2026-01-02,CUST-1723,Mouse Pad,Accessories,South,Amit,2,409.01
ORD-202601-00297,2026-01-08,CUST-4036,Study Table,Furniture,Central,Amit,7,5520.31
ORD-202601-00298,2026-01-04,CUST-1954,USB Hub,Accessories,Central,Karan,5,972.23
ORD-202601-00299,2026-01-16,CUST-2361,Webcam,Electronics,Central,Rahul,4,1959.61
ORD-202601-00300,2026-01-22,CUST-2796,Wireless Mouse,Electronics,Central,Neha,3,782.4
ORD-202601-00301,2026-01-21,CUST-3232,Laptop Stand,Accessories,West,Ananya,1,1473.2
ORD-202601-00302,2026-01-05,CUST-1668,Office Chair,Furniture,South,Ananya,3,7146.32
ORD-202601-00303,2026-01-11,CUST-0367,Wireless Mouse,Electronics,West,Amit,4,840.59
ORD-202601-00304,2026-01-05,CUST-3450,Study Table,Furniture,West,Sneha,7,5569.78
ORD-202601-00305,2026-01-11,CUST-2801,Notebook,Office,South,Rahul,3,199.35
ORD-202601-00306,2026-01-08,CUST-3239,Keyboard,Electronics,Central,Karan,2,1357.95
ORD-202601-00307,2026-01-23,CUST-2719,Webcam,Electronics,West,Karan,3,1976.96
ORD-202601-00308,,CUST-2545,Notebook,Office,East,Vikram,7,212.15
ORD-202601-00309,2026-01-26,CUST-4744,Laptop Stand,Accessories,Central,Priya,4,1367.85
ORD-202601-00310,2026-01-07,CUST-0270,Keyboard,Electronics,North,Vikram,3,1365.24
ORD-202601-00311,2026-01-01,CUST-0462,Pen Set,Office,West,Priya,5,299.82
ORD-202601-00312,2026-01-02,CUST-4683,Pen Set,Office,West,Karan,5,273.57
ORD-202601-00313,2026-01-27,CUST-4435,Keyboard,Electronics,North,Karan,3,1345.51
ORD-202601-00314,2026-01-29,CUST-2059,Webcam,Electronics,East,Karan,7,1981.24
ORD-202601-00315,2026-01-07,CUST-2704,Webcam,Electronics,East,Karan,5,1907.97
ORD-202601-00316,2026-01-28,CUST-2248,Pen Set,Office,South,Priya,1,316.57
ORD-202601-00317,2026-01-17,CUST-4986,Desk Organizer,Office,Central,Amit,3,575.07
ORD-202601-00318,2026-01-06,CUST-2281,Desk Organizer,Office,West,Ananya,7,563.29
ORD-202601-00319,2026-01-10,CUST-3800,Monitor Stand,Furniture,South,Vikram,3,1939.32
ORD-202601-00320,2026-01-09,,Desk Organizer,Office,East,Karan,4,588.22
ORD-202601-00321,2026-01-24,CUST-1907,Laptop Stand,Accessories,North,Ananya,5,1557.74
ORD-202601-00322,2026-01-06,CUST-3373,Keyboard,Electronics,North,Karan,5,1388.77
ORD-202601-00323,2026-01-06,CUST-1996,Notebook,Office,West,Rahul,7,207.79
ORD-202601-00324,2026-01-23,CUST-0070,Study Table,Furniture ,Central,Amit,2,5140.45
ORD-202601-00325,2026-01-10,CUST-0865,Monitor Stand,Furniture,South,Amit,4,1945.51
ORD-202601-00326,2026-01-08,CUST-4368,Headphones,Electronics,South,Neha,4,2328.28
ORD-202601-00327,2026-01-26,CUST-1835,Webcam,Electronics,West,Amit,2,1969.92
ORD-202601-00328,2026-01-29,CUST-0513,Wireless Mouse,Electronics,East,Vikram,5,758.76
ORD-202601-00329,2026-01-18,CUST-4696,Keyboard,Electronics,North,Neha,1,1305.6
ORD-202601-00330,2026-01-26,CUST-4999,Notebook,Office,West,Rahul,4,210.61
ORD-202601-00331,2026-01-27,CUST-2499,Notebook,Office,South,Vikram,3,205.8
ORD-202601-00332,2026-01-19,CUST-3141,Laptop Stand,Accessories,North,Ananya,2,1438.55
ORD-202601-00333,2026-01-26,,Laptop Stand,Accessories,East,Amit,6,1448.89
ORD-202601-00334,2026-01-01,CUST-0332,Office Chair,Furniture,West,Neha,2,7213.68
ORD-202601-00335,2026-01-02,,USB Hub,Accessories, East,Sneha,2,907.89
ORD-202601-00336,2026-01-28,CUST-2813,Office Chair,Furniture,West,Rahul,6,6434.03
ORD-202601-00337,2026-01-05,CUST-2749,Monitor Stand,Furniture,South,Karan,7,2148.52
ORD-202601-00338,2026-01-23,CUST-1657,Laptop Stand,Accessories,East,Rahul,1,1502.78
ORD-202601-00339,2026-01-14,CUST-0009,Headphones,Electronics,West,Rahul,2,2485.69
ORD-202601-00340,2026-01-25,CUST-4766,Monitor Stand,Furniture,East,Karan,5,1878.44
ORD-202601-00341,2026-01-21,CUST-3073,Pen Set,Office,South,Rahul,6,291.64
ORD-202601-00342,2026-01-03,CUST-3778,Webcam,Electronics,Central,Karan,7,1835.51
ORD-202601-00343,2026-01-11,CUST-2187,Pen Set,Office,North,Ananya,4,285.29
ORD-202601-00344,2026-01-22,CUST-2536,Mouse Pad,Accessories,Central,Karan,1,404.38
ORD-202601-00345,2026-01-29,CUST-2223,Study Table,Furniture,West,Karan,7,5457.51
ORD-202601-00346,2026-01-25,CUST-2149,Webcam,Electronics,North,Sneha,2,2046.82
ORD-202601-00347,2026-01-28,CUST-3354,Monitor Stand,Furniture,South,Vikram,1,2175.45
ORD-202601-00348,2026-01-30,CUST-4980,Monitor Stand,Furniture,South,Sneha,5,1886.85
ORD-202601-00349,2026-01-28,CUST-3887,Headphones,Electronics,Central,Amit,5,2299.13
ORD-202601-00350,2026-01-18,CUST-3337,Headphones,Electronics,East,Neha,1,2641.61
ORD-202601-00351,2026-01-11,CUST-0061,Mouse Pad,Accessories,South,Neha,2,438.49
ORD-202601-00352,2026-01-16,CUST-2570,Wireless Mouse,Electronics,Central,Amit,5,857.1
ORD-202601-00353,2026-01-25,CUST-4779,Webcam,Electronics,North,Karan,2,1718.1
ORD-202601-00354,2026-01-14,CUST-1990,USB Hub,Accessories,Central,Karan,5,854.28
ORD-202601-00355,2026-01-26,CUST-2748,Monitor Stand,Furniture,Central,Ananya,3,1816.43
ORD-202601-00356,2026-01-22,CUST-1623,Monitor Stand,Furniture,South,Ananya,5,2127.25
ORD-202601-00357,2026-01-07,CUST-0956,Keyboard,Electronics,North,Vikram,4,1320.15
ORD-202601-00358,2026-01-29,CUST-3528,Study Table,Furniture,Central,Neha,3,5514.09
ORD-202601-00359,2026-01-27,CUST-1568,Keyboard,Electronics,Central,Ananya,3,1313.15
ORD-202601-00360,2026-01-19,CUST-2940,Desk Organizer,Office,South,Sneha,5,569.34
ORD-202601-00361,2026-01-07,CUST-2968,Office Chair,Furniture,North,Rahul,4,7141.27
ORD-202601-00362,2026-01-08,CUST-4241,Study Table,Furniture,South,Rahul,5,4982.83
ORD-202601-00363,2026-01-27,CUST-4691,Headphones,Electronics,North,Amit,5,2571.98
ORD-202601-00364,2026-01-01,CUST-2768,Study Table,Furniture,West,Sneha,2,5756.83
ORD-202601-00365,2026-01-15,CUST-0252,Keyboard,Electronics,East,Vikram,7,1343.95
ORD-202601-00366,2026-01-20,CUST-2912,Mouse Pad,Accessories,South,Vikram,4,385.6
ORD-202601-00367,2026-01-08,CUST-4424,Mouse Pad,Accessories,West,Rahul,6,425.04
ORD-202601-00368,2026-01-27,CUST-2387,Laptop Stand,Accessories,West,Amit,7,1563.62
ORD-202601-00369,2026-01-17,CUST-2824,Wireless Mouse,Electronics,North,Karan,7,739.6
ORD-202601-00370,2026-01-03,CUST-3814,Office Chair,Furniture,East,Karan,5,6572.26
ORD-202601-00371,2026-01-10,CUST-2196,Laptop Stand,Accessories,Central,Rahul,6,1540.11
ORD-202601-00372,2026-01-13,CUST-2075,Pen Set,Office,West,Karan,4,286.41
ORD-202601-00373,2026-01-07,CUST-2411,USB Hub,Accessories,Central,Vikram,6,830.57
ORD-202601-00374,2026-01-30,CUST-4260,Laptop Stand,Accessories,Central,Ananya,3,1395.56
ORD-202601-00375,2026-01-12,CUST-2440,Study Table,Furniture,North,Priya,5,5131.25
ORD-202601-00376,2026-01-16,CUST-1636,Keyboard,Electronics,South,Vikram,1,1293.23
ORD-202601-00377,2026-01-17,CUST-2984,Desk Organizer,Office,East,Priya,7,611.86
ORD-202601-00378,2026-01-07,,Desk Organizer,Office,East,Priya,2,560.23
ORD-202601-00379,2026-01-18,CUST-4564,Laptop Stand,Accessories,West,Rahul,5,1562.71
ORD-202601-00380,2026-01-11,CUST-4465,Webcam,Electronics,West,Priya,1,1815.83
ORD-202601-00381,2026-01-01,CUST-3917,Wireless Mouse,Electronics,West,Sneha,2,768.89
ORD-202601-00382,2026-01-13,CUST-3846,Monitor Stand,Furniture, North,Amit,7,1888.45
ORD-202601-00383,2026-01-19,CUST-2247,Monitor Stand,Furniture ,West,Sneha,6,2113.03
ORD-202601-00384,2026-01-04,CUST-1714,Webcam,Electronics,West,Priya,2,2073.64
ORD-202601-00385,2026-01-25,CUST-2815,Wireless Mouse,Electronics,West,Karan,1,797.8
ORD-202601-00386,2026-01-21,CUST-3532,Keyboard,Electronics,East,Rahul,6,1180.02
ORD-202601-00387,2026-01-10,CUST-2593,Wireless Mouse,Electronics,North,Sneha,7,760.74
ORD-202601-00388,2026-01-19,CUST-1035,Office Chair,Furniture,North,Vikram,2,6520.34
ORD-202601-00389,2026-01-10,CUST-0074,Study Table,Furniture,West,Neha,5,5875.97
ORD-202601-00390,2026-01-21,CUST-0291,Keyboard,Electronics,Central,Priya,2,1191.15
ORD-202601-00391,2026-01-05,CUST-2132,Desk Organizer,Office,Central,Neha,6,654.88
ORD-202601-00392,2026-01-19,CUST-3957,Headphones,Electronics,East,Vikram,3,2543.24
ORD-202601-00393,2026-01-02,CUST-3950,Laptop Stand,Accessories,East,Sneha,1,1504.32
ORD-202601-00394,2026-01-01,CUST-4041,Notebook,Office,North,Rahul,3,212.82
ORD-202601-00395,2026-01-08,CUST-3546,Desk Organizer,Office,East,Amit,4,542.4
ORD-202601-00396,2026-01-06,CUST-0115,Study Table,Furniture,North,Rahul,6,5803.81
ORD-202601-00397,2026-01-16,CUST-4418,Wireless Mouse,Electronics ,West,Priya,1,737.73
ORD-202601-00398,2026-01-06,CUST-4739,Headphones,Electronics,West,Sneha,7,2669.32
ORD-202601-00399,2026-01-08,CUST-4249,Webcam,Electronics,North,Priya,5,1910.08
ORD-202601-00400,2026-01-04,CUST-2230,Laptop Stand,Accessories,Central,Sneha,7,1367.43
ORD-202601-00401,2026-01-28,CUST-1074,Monitor Stand,Furniture,West,Amit,7,2132.23
ORD-202601-00402,2026-01-23,CUST-4527,Office Chair,Furniture,South,Karan,2,6337.33
ORD-202601-00403,2026-01-07,CUST-0926,Laptop Stand,Accessories,East,Neha,1,1390.58
ORD-202601-00404,2026-01-04,CUST-3941,Monitor Stand,Furniture,North,,6,2118.07
ORD-202601-00405,2026-01-27,CUST-4828,Mouse Pad,Accessories,Central,Vikram,2,396.2
ORD-202601-00406,2026-01-21,CUST-4504,Mouse Pad,Accessories,North,Ananya,2,429.43
ORD-202601-00407,2026-01-28,CUST-2606,USB Hub,Accessories,Central,Karan,4,923.35
ORD-202601-00408,2026-01-06,CUST-4167,Keyboard,Electronics,West,Priya,7,1331.09
ORD-202601-00409,2026-01-12,CUST-4155,Monitor Stand,Furniture,Central,Vikram,6,1915.94
ORD-202601-00410,2026-01-04,CUST-4870,Wireless Mouse,Electronics,South,Vikram,4,740.46
ORD-202601-00411,2026-01-14,CUST-1802,Headphones,Electronics,Central,Neha,2,2729.49
ORD-202601-00412,2026-01-06,CUST-3146,Headphones,Electronics,East,Sneha,3,2301.48
ORD-202601-00413,2026-01-01,CUST-4086,Webcam,Electronics,South,Neha,5,1910.02
ORD-202601-00414,2026-01-16,CUST-1137,Keyboard,Electronics,South,Neha,2,1239.91
ORD-202601-00415,2026-01-31,CUST-1128,Wireless Mouse,Electronics,Central,Vikram,4,761.31
ORD-202601-00416,2026-01-21,CUST-1948,Pen Set,Office,East,Sneha,1,304.66
ORD-202601-00417,2026-01-24,CUST-1801,Monitor Stand,Furniture,East,Karan,3,2118.11
ORD-202601-00418,2026-01-26,CUST-3760,Keyboard,Electronics,West,Ananya,2,1371.01
ORD-202601-00419,2026-01-31,,Webcam,Electronics,East,Amit,5,2039.07
ORD-202601-00420,2026-01-04,CUST-0785,Mouse Pad,Accessories,East,Rahul,7,382.47
ORD-202601-00421,2026-01-08,CUST-1626,Monitor Stand,Furniture,South,Amit,2,1985.31
ORD-202601-00422,2026-01-20,CUST-4650,Desk Organizer,Office,North,Amit,6,540.22
ORD-202601-00423,2026-01-26,CUST-2974,Desk Organizer, Office,Central,Karan,5,628.57
ORD-202601-00424,2026-01-24,CUST-1027,Notebook,Office,East,Karan,7,191.13
ORD-202601-00425,2026-01-23,CUST-3018,USB Hub,Accessories,Central,Amit,7,910.06
ORD-202601-00426,2026-01-10,CUST-4380,Headphones,Electronics,East,Neha,1,2333.72
ORD-202601-00427,2026-01-12,CUST-1870,Study Table,Furniture,East,Rahul,6,5850.28
ORD-202601-00428,2026-01-03,CUST-2419,Office Chair,Furniture,East,Amit,5,7443.12
ORD-202601-00429,2026-01-10,CUST-3068,Wireless Mouse,Electronics,Central,Neha,1,859.32
ORD-202601-00430,2026-01-05,CUST-4204,Desk Organizer,Office,North,Amit,2,544.6
ORD-202601-00431,2026-01-30,CUST-2823,Keyboard,Electronics,East,Ananya,7,1426.94
ORD-202601-00432,2026-01-03,CUST-4792,Desk Organizer,Office,North,Sneha,4,568.78
ORD-202601-00433,2026-01-12,CUST-3775,Office Chair,Furniture,Central,Neha,3,6732.25
ORD-202601-00434,2026-01-28,CUST-2111,Keyboard,Electronics,East,Priya,3,1233.88
ORD-202601-00435,2026-01-30,CUST-2438,USB Hub,Accessories,Central,Neha,6,857.2
ORD-202601-00436,2026-01-12,CUST-3484,Keyboard,Electronics,South,Sneha,2,1312.68
ORD-202601-00437,2026-01-15,CUST-0354,Notebook,Office,North,Priya,2,188.64
ORD-202601-00438,2026-01-17,CUST-1134,Monitor Stand,Furniture,West,Ananya,5,1956.53
ORD-202601-00439,2026-01-26,CUST-1192,Keyboard,Electronics,North,Amit,7,1339.43
ORD-202601-00440,2026-01-24,CUST-4004,USB Hub,Accessories,South,Rahul,2,959.42
ORD-202601-00441,2026-01-17,,Monitor Stand,Furniture,South,Neha,2,2076.06
ORD-202601-00442,2026-01-12,CUST-4100,Webcam,Electronics,South,Neha,4,1934.82
ORD-202601-00443,2026-01-12,CUST-0527,Keyboard,Electronics,North,Priya,2,1207.48
ORD-202601-00444,2026-01-21,CUST-1477,Mouse Pad,Accessories,West,Karan,5,424.23
ORD-202601-00445,2026-01-26,CUST-1561,Mouse Pad,Accessories,West,Ananya,2,362.07
ORD-202601-00446,2026-01-03,CUST-0121,Pen Set,Office,South,Neha,1,284.9
ORD-202601-00447,2026-01-24,CUST-1289,Laptop Stand,Accessories,South,Neha,2,1366.21
ORD-202601-00448,2026-01-15,CUST-2157,Monitor Stand,Furniture ,North,Amit,7,2065.94
ORD-202601-00449,2026-01-05,CUST-4429,Mouse Pad,Accessories,West,Ananya,7,388.5
ORD-202601-00450,2026-01-03,CUST-0851,Webcam,Electronics,Central,Priya,4,1956.75
ORD-202601-00451,2026-01-11,CUST-4302,Monitor Stand,Furniture,East,Rahul,3,1937.84
ORD-202601-00452,2026-01-08,CUST-4093,Monitor Stand,Furniture,East,Karan,6,1981.31
ORD-202601-00453,2026-01-04,CUST-0792,Mouse Pad,Accessories,West,Ananya,2,395.65
ORD-202601-00454,2026-01-10,CUST-1306,Wireless Mouse,Electronics,Central,Ananya,5,726.38
ORD-202601-00455,2026-01-26,CUST-2292,Notebook,Office,Central,Rahul,5,196.22
ORD-202601-00456,2026-01-23,CUST-4719,Notebook,Office,North,Vikram,5,204.61
ORD-202601-00457,2026-01-07,CUST-3925,Keyboard,Electronics,East,Amit,2,1310.96
ORD-202601-00458,2026-01-21,,Pen Set,Office,Central,,6,273.6
ORD-202601-00459,2026-01-15,CUST-1563,Office Chair,Furniture,West,Karan,5,7234.24
ORD-202601-00460,2026-01-24,CUST-4545,Keyboard,Electronics,Central,Neha,7,1249.34
ORD-202601-00461,2026-01-08,CUST-4781,Desk Organizer,Office,Central,Ananya,2,540.83
ORD-202601-00462,2026-01-02,CUST-2999,Keyboard,Electronics,North,Karan,5,1209.52
ORD-202601-00463,2026-01-10,CUST-0771,Desk Organizer,Office,West,Sneha,6,598.71
ORD-202601-00464,2026-01-31,CUST-1338,USB Hub,Accessories,East,Amit,2,864.91
ORD-202601-00465,2026-01-18,CUST-0644,Wireless Mouse,Electronics,South,Vikram,6,830.06
ORD-202601-00466,2026-01-02,CUST-4037,Monitor Stand,Furniture,West,Sneha,1,1895.31
ORD-202601-00467,2026-01-31,CUST-1566,Headphones,Electronics,North,Priya,6,2635.34
ORD-202601-00468,2026-01-26,CUST-3508,Notebook,Office,East,Karan,5,190.5
ORD-202601-00469,2026-01-17,CUST-1337,Headphones,Electronics,East,Vikram,2,2559.41
ORD-202601-00470,2026-01-23,CUST-4886,Monitor Stand,Furniture,South,Rahul,1,2118.63
ORD-202601-00471,2026-01-06,CUST-3868,Desk Organizer,Office,West,Karan,6,585.29
ORD-202601-00472,2026-01-19,CUST-1887,Office Chair,Furniture,Central,Karan,2,6364.62
ORD-202601-00473,2026-01-29,CUST-2384,USB Hub,Accessories,Central,Priya,4,905.37
ORD-202601-00474,2026-01-14,CUST-0294,Mouse Pad,Accessories,West,Ananya,1,438.53
ORD-202601-00475,2026-01-02,CUST-0684,Pen Set,Office,South,Sneha,7,327.05
ORD-202601-00476,2026-01-24,CUST-4992,Office Chair,Furniture,Central,Ananya,4,6608.49
ORD-202601-00477,2026-01-23,CUST-4080,Study Table,Furniture,Central,Vikram,7,5780.22
ORD-202601-00478,2026-01-23,CUST-4192,Wireless Mouse,Electronics,Central,Priya,2,774.22
ORD-202601-00479,2026-01-21,CUST-3218,Pen Set,Office,Central,Neha,2,278.68
ORD-202601-00480,2026-01-05,CUST-1108,Keyboard,Electronics,Central,Sneha,5,1342.1
ORD-202601-00481,2026-01-04,CUST-0527,Webcam,Electronics,West,Karan,5,1899.33
ORD-202601-00482,2026-01-25,CUST-3629,Office Chair,Furniture, West,Neha,6,7053.91
ORD-202601-00483,2026-01-27,CUST-1659,Webcam,Electronics,West,Rahul,7,2023.34
ORD-202601-00484,2026-01-03,CUST-0004,Office Chair,Furniture,West,Karan,6,6770.19
ORD-202601-00485,2026-01-19,CUST-0113,Mouse Pad,Accessories,South,Sneha,1,412.33
ORD-202601-00486,2026-01-16,CUST-2790,Webcam,Electronics,Central,,3,1848.18
ORD-202601-00487,2026-01-11,CUST-4201,Laptop Stand,Accessories,West,Karan,7,1361.91
ORD-202601-00488,2026-01-20,CUST-1815,Mouse Pad,Accessories,West,Rahul,4,389.27
ORD-202601-00489,2026-01-29,CUST-5000,Desk Organizer,Office,West,Karan,7,652.91
ORD-202601-00490,2026-01-26,CUST-1907,Notebook,Office,North,Sneha,-1,198.33
ORD-202601-00491,2026-01-05,CUST-3667,Monitor Stand,Furniture,Central,Ananya,1,1842.37
ORD-202601-00492,2026-01-15,CUST-1223,Study Table,Furniture,East,Neha,4,5705.57
ORD-202601-00493,2026-01-30,CUST-3037,Desk Organizer,Office,Central,Rahul,6,654.51
ORD-202601-00494,2026-01-08,CUST-1375,Notebook,Office,North,Amit,5,215.24
ORD-202601-00495,2026-01-27,CUST-3891,Webcam,Electronics,South,Amit,1,1926.33
ORD-202601-00496,2026-01-16,CUST-2274,USB Hub,Accessories,Central,Karan,2,876.76
ORD-202601-00497,2026-01-17,CUST-0210,Keyboard,Electronics,West,Ananya,6,1319.96
ORD-202601-00498,2026-01-08,CUST-1241,Laptop Stand,Accessories,West,Priya,7,1593.72
ORD-202601-00499,2026-01-29,CUST-1762,Monitor Stand,Furniture,East,Vikram,6,2143.42
ORD-202601-00500,2026-01-17,CUST-2333,USB Hub,Accessories,East,Sneha,1,956.33
ORD-202601-00501,2026-01-18,CUST-1352,Keyboard,Electronics,East,Ananya,5,1287.43
ORD-202601-00502,2026-01-15,CUST-2887,Pen Set,Office,North,Sneha,6,276.21
ORD-202601-00503,2026-01-03,CUST-4818,Monitor Stand,Furniture,East,Amit,5,2026.66
ORD-202601-00504,2026-01-25,CUST-3556,Study Table,Furniture,East,Amit,5,5121.14
ORD-202601-00505,2026-01-11,CUST-1557,Webcam,Electronics,South,Ananya,4,1732.25
ORD-202601-00506,2026-01-08,CUST-3386,USB Hub,Accessories,South,Vikram,2,898.76
ORD-202601-00507,2026-01-25,CUST-4834,Mouse Pad,Accessories,West,Ananya,2,411.4
ORD-202601-00508,2026-01-07,CUST-1210,Webcam,Electronics,West,Sneha,6,2033.51
ORD-202601-00509,2026-01-22,CUST-1162,Webcam,Electronics,East,Amit,1,2006.42
ORD-202601-00510,2026-01-15,CUST-0196,Webcam,Electronics,West,Sneha,1,2034.68
ORD-202601-00511,2026-01-25,CUST-4212,Monitor Stand,Furniture,South,Amit,-1,2102.98
ORD-202601-00512,2026-01-02,CUST-4164,Desk Organizer,Office,East,Vikram,6,623.35
ORD-202601-00513,2026-01-25,,Office Chair,Furniture,East,Karan,5,6313.29
ORD-202601-00514,2026-01-08,CUST-4362,Office Chair,Furniture,South,Ananya,5,7175.52
ORD-202601-00515,2026-01-27,CUST-3258,Monitor Stand,Furniture,North,Priya,4,1847.27
ORD-202601-00516,2026-01-11,CUST-4895,Keyboard,Electronics,East,Vikram,1,1184.34
ORD-202601-00517,2026-01-01,CUST-4614,Study Table,Furniture,Central,Sneha,3,5121.12
ORD-202601-00518,2026-01-16,CUST-4799,Wireless Mouse,Electronics, East,Priya,1,850.66
ORD-202601-00519,2026-01-02,CUST-1963,Mouse Pad,Accessories,Central,Sneha,6,418.46
ORD-202601-00520,2026-01-09,CUST-3170,Notebook,Office,Central,Ananya,6,216.86
ORD-202601-00521,2026-01-23,CUST-0837,Laptop Stand,Accessories,West,Amit,2,1642.6
ORD-202601-00522,2026-01-18,CUST-4472,Keyboard,Electronics,Central,Rahul,3,1401.18
ORD-202601-00523,2026-01-22,CUST-1591,Headphones,Electronics,East,Karan,3,2315.54
ORD-202601-00524,2026-01-28,CUST-2241,Office Chair,Furniture,West,Rahul,7,7528.66
ORD-202601-00525,2026-01-15,CUST-2972,Laptop Stand,Accessories,North,Sneha,4,1600.52
ORD-202601-00526,2026-01-17,CUST-3937,Laptop Stand,Accessories,South,Neha,6,1610.25
ORD-202601-00527,2026-01-02,CUST-3659,Monitor Stand,Furniture,East,Rahul,4,1859.74
ORD-202601-00528,2026-01-09,CUST-4777,Keyboard,Electronics,,Karan,5,1199.44
ORD-202601-00529,2026-01-23,CUST-3565,Study Table,Furniture,West,Karan,4,5965.11
ORD-202601-00530,2026-01-02,CUST-3982,Study Table,Furniture,Central,Priya,2,5140.27
ORD-202601-00531,2026-01-12,CUST-2863,Notebook,Office,North,Karan,7,193.77
ORD-202601-00532,2026-01-05,CUST-2079,Headphones,Electronics,Central,Rahul,5,2477.0
ORD-202601-00533,2026-01-27,CUST-4567,Headphones,Electronics,North,Sneha,6,2311.3
ORD-202601-00534,2026-01-18,CUST-1889,Webcam,Electronics,North,Amit,7,1716.94
ORD-202601-00535,2026-01-20,CUST-3102,Notebook,Office,West,Ananya,2,218.66
ORD-202601-00536,2026-01-22,CUST-1458,Keyboard,Electronics,West,Priya,1,1396.86
ORD-202601-00537,2026-01-07,CUST-2412,USB Hub,Accessories,Central,Ananya,5,973.14
ORD-202601-00538,2026-01-02,CUST-1836,Keyboard,Electronics,East,Sneha,3,1243.03
ORD-202601-00539,2026-01-13,CUST-1292,Notebook,Office,East,Ananya,4,187.86
ORD-202601-00540,2026-01-06,CUST-4103,Wireless Mouse,Electronics,North,Neha,2,787.15
ORD-202601-00541,2026-01-10,CUST-3837,Desk Organizer,Office,West,Karan,3,593.41
ORD-202601-00542,2026-01-10,CUST-3508,Wireless Mouse,Electronics,Central,Priya,3,719.99
ORD-202601-00543,2026-01-25,CUST-0416,Headphones,Electronics,East,Vikram,3,2638.57
ORD-202601-00544,2026-01-10,CUST-1250,Headphones,Electronics,Central,,6,2747.23
ORD-202601-00545,2026-01-05,CUST-1091,Office Chair,Furniture,South,Rahul,5,7039.16
ORD-202601-00546,2026-01-30,CUST-3558,Wireless Mouse,Electronics,Central,Amit,4,781.14
ORD-202601-00547,2026-01-02,CUST-4463,USB Hub,Accessories,East,Neha,1,879.72
ORD-202601-00548,2026-01-07,CUST-1897,Notebook,Office,North,Neha,4,182.92
ORD-202601-00549,2026-01-11,CUST-1652,Mouse Pad,Accessories,South,,2,380.34
ORD-202601-00550,2026-01-02,CUST-2789,Pen Set,Office,East,Karan,3,299.13
ORD-202601-00551,2026-01-28,CUST-4939,Office Chair,Furniture,North,Rahul,3,6903.6
ORD-202601-00552,2026-01-11,CUST-1852,USB Hub,Accessories,Central,Karan,1,907.1
ORD-202601-00553,2026-01-25,CUST-1392,Office Chair,Furniture,South,Priya,3,7487.62
ORD-202601-00554,2026-01-05,CUST-2609,Laptop Stand,Accessories,West,Priya,2,1416.63
ORD-202601-00555,2026-01-17,CUST-4580,Monitor Stand,Furniture,Central,Vikram,6,1810.16
ORD-202601-00556,2026-01-04,CUST-3650,Mouse Pad,Accessories,East,Ananya,7,362.15
ORD-202601-00557,2026-01-08,CUST-2592,Desk Organizer,Office,West,Karan,1,555.17
ORD-202601-00558,2026-01-13,CUST-3656,Study Table,Furniture,East,Vikram,5,5576.52
ORD-202601-00559,2026-01-27,CUST-0076,Office Chair,Furniture,West,Priya,5,7430.4
ORD-202601-00560,2026-01-10,,Study Table,Furniture,North,Ananya,3,5924.41
ORD-202601-00561,2026-01-24,CUST-0489,Mouse Pad,Accessories,South,Neha,4,409.78
ORD-202601-00562,2026-01-03,CUST-1956,Wireless Mouse,Electronics,West,Rahul,6,783.52
ORD-202601-00563,2026-01-08,CUST-1750,Mouse Pad,Accessories,North,Rahul,3,371.43
ORD-202601-00564,2026-01-19,CUST-3453,Headphones,Electronics,Central,Karan,1,2449.73
ORD-202601-00565,2026-01-15,CUST-1201,Study Table,Furniture,West,Priya,3,5314.69
ORD-202601-00566,2026-01-16,CUST-1194,Webcam,Electronics,North,,2,2039.54
ORD-202601-00567,2026-01-22,CUST-4422,Headphones,Electronics,North,Amit,3,2492.36
ORD-202601-00568,2026-01-03,CUST-2388,Webcam,Electronics,North,Ananya,2,1795.01
ORD-202601-00569,2026-01-22,CUST-3708,Pen Set,Office,West,Priya,2,286.37
ORD-202601-00570,2026-01-27,CUST-2916,Notebook,Office,East,,7,184.53
ORD-202601-00571,2026-01-24,CUST-3100,Monitor Stand,Furniture,East,Sneha,1,2166.35
ORD-202601-00572,2026-01-09,CUST-3433,USB Hub,Accessories,East,Karan,5,818.15
ORD-202601-00573,2026-01-11,CUST-3338,Webcam,Electronics,East,Rahul,6,1713.98
ORD-202601-00574,2026-01-30,CUST-4560,Wireless Mouse,Electronics,South,Karan,5,748.34
ORD-202601-00575,2026-01-25,CUST-3925,Wireless Mouse,Electronics,North,Priya,7,848.68
ORD-202601-00576,2026-01-29,CUST-1524,Laptop Stand,Accessories,North,Rahul,1,1506.04
ORD-202601-00577,2026-01-29,CUST-0848,Monitor Stand,Furniture,West,Priya,3,2049.31
ORD-202601-00578,2026-01-14,CUST-4227,Mouse Pad,Accessories,West,Amit,2,387.65
ORD-202601-00579,2026-01-05,CUST-1863,Study Table,Furniture,South,Rahul,5,5024.63
ORD-202601-00580,2026-01-08,CUST-1556,Keyboard,Electronics,South,Vikram,5,1391.53
ORD-202601-00581,2026-01-10,CUST-0556,Keyboard,Electronics,East,Karan,7,1218.95
ORD-202601-00582,2026-01-26,CUST-2760,Office Chair,Furniture,West,Amit,3,6345.38
ORD-202601-00583,2026-01-09,CUST-2561,Keyboard,Electronics,East,Neha,2,1317.89
ORD-202601-00584,2026-01-12,CUST-4141,Wireless Mouse,Electronics,East,Ananya,7,732.41
ORD-202601-00585,2026-01-27,CUST-3744,USB Hub,Accessories,,Priya,5,826.32
ORD-202601-00586,2026-01-06,CUST-3616,Monitor Stand,Furniture,East,Ananya,6,2119.09
ORD-202601-00587,2026-01-21,CUST-2693,Pen Set,Office,West,Vikram,4,298.5
ORD-202601-00588,2026-01-18,CUST-4315,Keyboard,Electronics,East,Vikram,4,1231.84
ORD-202601-00589,2026-01-31,CUST-4917,Office Chair,Furniture,Central,Amit,3,6787.11
ORD-202601-00590,2026-01-16,CUST-4075,Office Chair,Furniture,West,Priya,6,7319.89
ORD-202601-00591,2026-01-17,CUST-1740,Office Chair,Furniture,Central,Sneha,2,6391.98
ORD-202601-00592,2026-01-27,CUST-1382,Study Table,Furniture,East,Sneha,7,5077.21
ORD-202601-00593,2026-01-31,CUST-0007,Webcam,Electronics,East,Neha,2,1943.16
ORD-202601-00594,2026-01-23,CUST-4965,Monitor Stand,Furniture,East,Vikram,4,2041.77
ORD-202601-00595,2026-01-22,CUST-3664,Laptop Stand,Accessories,South,Vikram,3,1640.64
ORD-202601-00596,2026-01-28,CUST-4685,Office Chair,Furniture,East,Vikram,5,6823.39
ORD-202601-00597,2026-01-31,CUST-3939,Notebook,Office,North,Ananya,5,181.69
ORD-202601-00598,2026-01-23,CUST-2151,Office Chair,Furniture,East,Vikram,7,7051.54
ORD-202601-00599,2026-01-10,CUST-0726,Pen Set,Office,North,Priya,6,307.27
ORD-202601-00600,2026-01-20,CUST-0237,Pen Set,Office,East,Amit,2,277.45
ORD-202601-00601,2026-01-08,CUST-3961,Pen Set,Office,Central,Karan,2,302.16
ORD-202601-00602,,CUST-1518,Office Chair,Furniture,East,Ananya,7,6575.93
ORD-202601-00603,2026-01-14,CUST-1897,Desk Organizer,Office,West,Priya,4,640.3
ORD-202601-00604,2026-01-31,CUST-4181,Keyboard,Electronics,East,Amit,1,1386.07
ORD-202601-00605,2026-01-18,CUST-2407,Office Chair,Furniture,Central,Priya,6,6900.49
ORD-202601-00606,2026-01-30,CUST-4755,Mouse Pad,Accessories,South,Vikram,5,436.25
ORD-202601-00607,2026-01-26,CUST-2734,Laptop Stand,Accessories,Central,Vikram,1,1642.84
ORD-202601-00608,2026-01-27,CUST-4159,Mouse Pad,Accessories,West,Priya,6,369.41
ORD-202601-00609,2026-01-06,CUST-0630,Monitor Stand,Furniture,Central,Priya,5,1946.11
ORD-202601-00610,2026-01-25,CUST-1984,Study Table,Furniture,North,Priya,5,5609.33
ORD-202601-00611,2026-01-08,CUST-0916,Office Chair,Furniture,Central,Neha,7,6417.86
ORD-202601-00612,2026-01-18,CUST-0283,Mouse Pad,Accessories,Central,Priya,4,389.64
ORD-202601-00613,2026-01-16,CUST-4959,Office Chair,Furniture,South,Neha,4,6664.69
ORD-202601-00614,2026-01-09,CUST-2588,USB Hub,Accessories,West,Amit,5,980.28
ORD-202601-00615,2026-01-31,CUST-1769,Pen Set,Office,East,Sneha,2,293.71
ORD-202601-00616,2026-01-28,CUST-1882,Pen Set,Office,North,Sneha,2,314.71
ORD-202601-00617,2026-01-18,CUST-1205,Webcam,Electronics,East,Rahul,6,1855.97
ORD-202601-00618,2026-01-01,CUST-0615,Webcam,Electronics,West,Karan,2,1759.16
ORD-202601-00619,2026-01-06,CUST-4567,Wireless Mouse,Electronics,South,Vikram,4,857.03
ORD-202601-00620,2026-01-08,CUST-0530,Keyboard,Electronics,South,Amit,2,1169.21
ORD-202601-00621,2026-01-31,CUST-1924,USB Hub,Accessories,East,Rahul,2,819.16
ORD-202601-00622,2026-01-13,CUST-0766,Mouse Pad,Accessories,,Amit,5,388.18
ORD-202601-00623,2026-01-02,CUST-4649,Headphones,Electronics,North,Ananya,6,2592.41
ORD-202601-00624,2026-01-19,CUST-1030,USB Hub,Accessories,Central,Karan,4,870.54
ORD-202601-00625,2026-01-30,CUST-1970,Notebook,Office,Central,Vikram,1,181.74
ORD-202601-00626,2026-01-18,CUST-3769,Webcam,Electronics,Central,Amit,2,1829.82
ORD-202601-00627,2026-01-14,,Laptop Stand,Accessories,North,Priya,2,1422.55
ORD-202601-00628,2026-01-06,CUST-1909,Laptop Stand,Accessories,East,Neha,7,1350.72
ORD-202601-00629,2026-01-28,CUST-2819,Mouse Pad,Accessories,South,Priya,3,401.78
ORD-202601-00630,2026-01-04,CUST-2185,Laptop Stand,Accessories,Central,Amit,3,1384.07
ORD-202601-00631,2026-01-29,CUST-1447,Desk Organizer,Office,West ,Rahul,1,573.54
ORD-202601-00632,2026-01-07,CUST-2992,Laptop Stand,Accessories,West,Vikram,4,1541.33
ORD-202601-00633,2026-01-05,CUST-1827,USB Hub,Accessories,North,Amit,7,939.48
ORD-202601-00634,2026-01-11,CUST-4801,Laptop Stand,Accessories,Central,Sneha,3,1428.08
ORD-202601-00635,2026-01-01,CUST-2316,Headphones,Electronics,East,Neha,5,2413.63
ORD-202601-00636,2026-01-01,CUST-3783,Pen Set,Office,North,Priya,2,283.87
ORD-202601-00637,2026-01-06,CUST-1173,Webcam,Electronics,Central,Amit,2,2072.53
ORD-202601-00638,2026-01-22,CUST-3229,Webcam,Electronics,Central,Sneha,6,1781.46
ORD-202601-00639,2026-01-26,CUST-2798,Office Chair,Furniture,East,Vikram,1,6555.52
ORD-202601-00640,2026-01-08,CUST-3720,Monitor Stand,Furniture,,Karan,4,1977.03
ORD-202601-00641,2026-01-20,CUST-2309,Pen Set,Office,West,Karan,3,280.42
ORD-202601-00642,2026-01-11,CUST-3597,Study Table,Furniture,South,Sneha,1,5121.45
ORD-202601-00643,2026-01-14,CUST-0293,Study Table,Furniture,West,Sneha,4,5054.55
ORD-202601-00644,2026-01-11,CUST-3452,Mouse Pad,Accessories,Central,Karan,7,410.19
ORD-202601-00645,2026-01-28,CUST-3768,Office Chair,Furniture,Central,Karan,1,7155.89
ORD-202601-00646,2026-01-16,CUST-2483,Laptop Stand,Accessories,West,Karan,6,1544.02
ORD-202601-00647,2026-01-16,CUST-0172,USB Hub, Accessories,South,Rahul,4,948.14
ORD-202601-00648,2026-01-27,,Mouse Pad,Accessories,Central,Vikram,6,385.14
ORD-202601-00649,2026-01-21,CUST-3907,Monitor Stand,Furniture,Central,Sneha,1,2166.29
ORD-202601-00650,2026-01-05,CUST-2308,Study Table,Furniture,North,Karan,7,5755.48
ORD-202601-00651,2026-01-06,CUST-0471,Mouse Pad,Accessories,South,Amit,1,423.32
ORD-202601-00652,2026-01-11,CUST-1975,Pen Set,Office,East,Amit,7,312.21
ORD-202601-00653,2026-01-04,CUST-4971,Headphones,Electronics,East,Priya,5,2428.26
ORD-202601-00654,2026-01-22,CUST-1354,Office Chair,furniture,West,Ananya,3,6695.29
ORD-202601-00655,2026-01-16,CUST-2648,Notebook,Office,East,Neha,1,195.92
ORD-202601-00656,2026-01-02,CUST-1777,Mouse Pad,Accessories,North,Ananya,5,366.84
ORD-202601-00657,2026-01-13,CUST-3562,Desk Organizer,Office,North,Priya,1,593.16
ORD-202601-00658,2026-01-26,CUST-2143,Pen Set,Office,West,Amit,5,271.68
ORD-202601-00659,2026-01-29,CUST-1922,Wireless Mouse,Electronics,West,Karan,6,719.73
ORD-202601-00660,2026-01-30,CUST-2897,Webcam,Electronics,West,,2,2062.88
ORD-202601-00661,2026-01-29,CUST-2859,Headphones,Electronics,East,Amit,2,2593.63
ORD-202601-00662,2026-01-19,CUST-2500,Desk Organizer,Office,South,Priya,2,606.41
ORD-202601-00663,2026-01-29,,Wireless Mouse,Electronics,South,Rahul,2,773.61
ORD-202601-00664,2026-01-30,CUST-0540,Headphones,Electronics,West,Neha,1,2534.25
ORD-202601-00665,2026-01-20,CUST-3453,Notebook,Office,East,Sneha,2,214.58
ORD-202601-00666,2026-01-13,CUST-1700,Desk Organizer,Office,North,Priya,5,617.26
ORD-202601-00667,2026-01-30,CUST-3065,Mouse Pad,Accessories,South,Vikram,3,407.18
ORD-202601-00668,2026-01-13,CUST-1881,Study Table,Furniture,Central,Rahul,6,5455.23
ORD-202601-00669,2026-01-06,CUST-4270,Study Table,Furniture,East,Neha,6,5329.3
ORD-202601-00670,2026-01-04,CUST-3535,Keyboard,Electronics,Central,Rahul,6,1350.58
ORD-202601-00671,2026-01-18,CUST-2020,Monitor Stand,Furniture,East,Rahul,4,2191.3
ORD-202601-00672,2026-01-02,CUST-1665,Notebook,Office,East,Vikram,3,196.01
ORD-202601-00673,2026-01-04,CUST-3746,Pen Set,Office,Central,Vikram,7,292.55
ORD-202601-00674,2026-01-08,CUST-0040,Keyboard,Electronics,East,Priya,2,1280.32
ORD-202601-00675,2026-01-17,CUST-0288,Pen Set,Office,North,Priya,4,294.55
ORD-202601-00676,2026-01-15,CUST-0422,Desk Organizer,Office,East,Priya,4,657.78
ORD-202601-00677,2026-01-16,CUST-1730,Notebook,Office,West,Sneha,6,207.23
ORD-202601-00678,2026-01-16,CUST-2485,Keyboard,Electronics,South,Rahul,4,1262.42
ORD-202601-00679,2026-01-31,CUST-1465,Mouse Pad,Accessories,East,Vikram,6,388.75
ORD-202601-00680,2026-01-07,CUST-0943,Monitor Stand,Furniture,Central,Neha,7,1971.33
ORD-202601-00681,2026-01-15,CUST-1565,Desk Organizer,Office,,Rahul,3,543.5
ORD-202601-00682,2026-01-19,CUST-2474,Keyboard,Electronics,South,Amit,7,1306.23
ORD-202601-00683,2026-01-09,CUST-1488,Monitor Stand,Furniture,North,Neha,2,2123.49
ORD-202601-00684,2026-01-06,CUST-2872,Monitor Stand,Furniture,East,Sneha,7,2063.2
ORD-202601-00685,2026-01-02,CUST-1912,Headphones,Electronics,West,Sneha,2,2348.27
ORD-202601-00686,2026-01-11,CUST-4668,Office Chair,Furniture,South,Rahul,6,7318.2
ORD-202601-00687,2026-01-08,CUST-4962,USB Hub,Accessories,East,Vikram,3,938.46
ORD-202601-00688,2026-01-07,CUST-3278,Notebook,Office,West,Rahul,7,189.55
ORD-202601-00689,2026-01-09,CUST-2775,USB Hub,Accessories,Central,Sneha,1,921.09
ORD-202601-00690,2026-01-22,CUST-0156,Office Chair,Furniture,Central,Vikram,4,7154.31
ORD-202601-00691,2026-01-26,CUST-3113,Monitor Stand,Furniture,South,Sneha,7,2134.85
ORD-202601-00692,2026-01-17,CUST-1904,Office Chair,Furniture,North,Karan,1,6489.57
ORD-202601-00693,2026-01-03,CUST-1450,Monitor Stand,Furniture,West,Rahul,2,1877.0
ORD-202601-00694,2026-01-23,CUST-3968,Monitor Stand,Furniture,South,Neha,1,1993.39
ORD-202601-00695,2026-01-05,CUST-0211,Keyboard,Electronics,South,Vikram,3,1180.57
ORD-202601-00696,2026-01-02,CUST-1303,Webcam,Electronics,North,Priya,3,1866.94
ORD-202601-00697,2026-01-18,CUST-3872,Desk Organizer,Office,West,Karan,5,633.53
ORD-202601-00698,2026-01-14,CUST-4625,Notebook,Office,North,Vikram,2,185.02
ORD-202601-00699,2026-01-10,CUST-2574,Wireless Mouse,Electronics,South,Priya,2,792.6
ORD-202601-00700,2026-01-30,CUST-2646,Keyboard,Electronics,East,Neha,2,1426.24
ORD-202601-00701,2026-01-03,CUST-4836,Mouse Pad,Accessories,North,Karan,7,399.47
ORD-202601-00702,2026-01-02,CUST-0463,Pen Set,Office,West,Neha,7,298.9
ORD-202601-00703,2026-01-19,CUST-2405,Headphones,Electronics,West,Ananya,2,2528.39
ORD-202601-00704,2026-01-13,CUST-1209,Headphones,Electronics,East,Sneha,2,2342.06
ORD-202601-00705,2026-01-25,CUST-2384,Keyboard,Electronics,North,,1,1207.33
ORD-202601-00706,2026-01-02,CUST-4532,Notebook,Office,North,,7,206.06
ORD-202601-00707,2026-01-14,CUST-2981,Wireless Mouse,Electronics,North,Neha,5,782.34
ORD-202601-00708,2026-01-05,CUST-4958,Notebook,Office,West,Vikram,6,190.64
ORD-202601-00709,2026-01-02,CUST-2526,Mouse Pad,Accessories,West,Karan,3,361.61
ORD-202601-00710,2026-01-15,CUST-4316,Mouse Pad,Accessories,West,Amit,5,426.61
ORD-202601-00711,2026-01-23,CUST-0849,Pen Set,Office,Central,Ananya,1,271.03
ORD-202601-00712,2026-01-05,CUST-1604,Mouse Pad,Accessories,,Vikram,5,418.95
ORD-202601-00713,2026-01-27,CUST-1370,Desk Organizer,Office,North,Ananya,5,584.86
ORD-202601-00714,2026-01-17,CUST-3845,Desk Organizer,Office,South,Sneha,3,610.82
ORD-202601-00715,2026-01-15,CUST-2566,Study Table,Furniture,West,Neha,5,5221.5
ORD-202601-00716,2026-01-29,CUST-1112,Office Chair,Furniture,West,Sneha,5,6516.63
ORD-202601-00717,2026-01-11,CUST-0865,Mouse Pad,Accessories,East,Vikram,4,401.66
ORD-202601-00718,2026-01-07,,Mouse Pad,Accessories,North,Priya,2,414.61
ORD-202601-00719,2026-01-25,CUST-0768,Webcam,Electronics,West,Ananya,1,1783.35
ORD-202601-00720,2026-01-04,CUST-3486,Notebook,Office,Central,Priya,7,196.47
ORD-202601-00721,2026-01-28,CUST-4242,Keyboard,Electronics,South,Sneha,2,1284.62
ORD-202601-00722,2026-01-26,CUST-4845,Monitor Stand,Furniture,Central,Priya,3,1885.45
ORD-202601-00723,2026-01-31,CUST-1179,Office Chair,Furniture,West,Neha,5,7090.06
ORD-202601-00724,2026-01-15,CUST-2196,Keyboard,Electronics,Central,Karan,2,1207.01
ORD-202601-00725,2026-01-20,CUST-2520,Office Chair,Furniture,West,Amit,3,7012.65
ORD-202601-00726,2026-01-28,CUST-2480,Keyboard,Electronics,North,,5,1198.57
ORD-202601-00727,2026-01-05,CUST-2267,Desk Organizer,Office,West,Vikram,5,597.27
ORD-202601-00728,2026-01-10,CUST-1101,Keyboard,Electronics,North,Rahul,5,1250.05
ORD-202601-00729,2026-01-15,CUST-0560,Mouse Pad,Accessories,South,Ananya,1,395.19
ORD-202601-00730,2026-01-20,CUST-2017,Pen Set,Office,Central,Rahul,4,295.04
ORD-202601-00731,2026-01-22,CUST-0462,Desk Organizer,Office,Central,Rahul,4,647.87
ORD-202601-00732,2026-01-29,CUST-0316,USB Hub,Accessories,East,Rahul,5,897.19
ORD-202601-00733,2026-01-16,CUST-2621,Study Table,furniture,South,Vikram,2,5849.29
ORD-202601-00734,2026-01-06,CUST-4293,Office Chair,Furniture,South,Sneha,2,6614.97
ORD-202601-00735,2026-01-06,CUST-2703,Headphones,Electronics,South,Priya,6,2425.07
ORD-202601-00736,2026-01-25,CUST-0117,Pen Set,Office,East,Neha,5,273.59
ORD-202601-00737,2026-01-15,CUST-4203,Desk Organizer,Office,East,Priya,6,589.51
ORD-202601-00738,2026-01-20,CUST-3418,Laptop Stand,Accessories,North,Priya,2,1549.58
ORD-202601-00739,2026-01-18,CUST-1516,Desk Organizer,Office,West,Sneha,7,639.51
ORD-202601-00740,2026-01-26,CUST-1367,Study Table,Furniture,West,Ananya,2,5571.49
ORD-202601-00741,2026-01-07,CUST-4498,Office Chair,Furniture,West,Sneha,5,7195.07
ORD-202601-00742,2026-01-06,CUST-2381,Desk Organizer,Office,Central,Ananya,2,560.34
ORD-202601-00743,2026-01-23,CUST-0707,Pen Set,Office,West,Ananya,7,271.32
ORD-202601-00744,2026-01-14,CUST-1408,Webcam,Electronics,West,Ananya,3,2009.78
ORD-202601-00745,2026-01-26,CUST-1323,Office Chair,Furniture,South,Ananya,6,6532.92
ORD-202601-00746,2026-01-04,CUST-2001,Laptop Stand,Accessories,East,Karan,3,1376.43
ORD-202601-00747,2026-01-09,CUST-1730,Mouse Pad,Accessories,East,Rahul,6,433.92
ORD-202601-00748,2026-01-30,CUST-2734,Laptop Stand,Accessories,Central,Amit,4,1637.96
ORD-202601-00749,2026-01-27,CUST-1616,Laptop Stand,Accessories,East,Neha,1,1533.85
ORD-202601-00750,2026-01-02,CUST-3205,Headphones,Electronics,West,Amit,2,2438.34
ORD-202601-00751,2026-01-26,CUST-2464,Monitor Stand,Furniture,East,Amit,5,2132.23
ORD-202601-00752,2026-01-03,CUST-4702,Keyboard,Electronics,North,Amit,2,1222.29
ORD-202601-00753,2026-01-04,CUST-4141,Keyboard,Electronics,Central,Amit,2,1280.66
ORD-202601-00754,2026-01-28,CUST-1662,Monitor Stand,furniture,West,Ananya,4,1941.84
ORD-202601-00755,2026-01-04,CUST-0211,Notebook,Office,South,Vikram,2,215.43
ORD-202601-00756,2026-01-10,CUST-2925,USB Hub,Accessories,North,Sneha,1,974.48
ORD-202601-00757,2026-01-05,CUST-1692,Desk Organizer,Office,,Rahul,5,617.08
ORD-202601-00758,2026-01-19,,Laptop Stand,Accessories,South,Rahul,5,1382.3
ORD-202601-00759,2026-01-02,CUST-2029,Keyboard,Electronics,North,Neha,6,1294.37
ORD-202601-00760,2026-01-09,CUST-1452,Desk Organizer,Office,West,Karan,7,568.49
ORD-202601-00761,2026-01-11,CUST-1697,Headphones,Electronics,North,Sneha,1,2691.38
ORD-202601-00762,2026-01-21,CUST-4326,Notebook,Office,South,Ananya,3,184.61
ORD-202601-00763,2026-01-16,CUST-0563,Monitor Stand,Furniture,Central,Vikram,2,1820.81
ORD-202601-00764,2026-01-06,,Monitor Stand,Furniture,North,Sneha,7,2080.73
ORD-202601-00765,2026-01-15,CUST-1168,Laptop Stand,Accessories,West,Priya,4,1485.0
ORD-202601-00766,2026-01-15,CUST-4238,Office Chair,Furniture,West,Neha,1,7472.64
ORD-202601-00767,2026-01-11,CUST-2722,Notebook,Office,South,Priya,5,182.07
ORD-202601-00768,2026-01-17,CUST-2850,Mouse Pad,Accessories,South,Priya,1,423.03
ORD-202601-00769,2026-01-11,CUST-1023,Keyboard,Electronics,,Neha,2,1178.8
ORD-202601-00770,2026-01-11,CUST-3611,Laptop Stand,Accessories,East,Karan,6,1357.52
ORD-202601-00771,2026-01-25,CUST-3243,Pen Set,Office,Central,Rahul,4,296.69
ORD-202601-00772,2026-01-08,CUST-2406,Monitor Stand,Furniture,South,Karan,6,1887.57
ORD-202601-00773,2026-01-11,CUST-2289,Wireless Mouse,Electronics,East,Vikram,4,813.98
ORD-202601-00774,2026-01-05,CUST-2987,Desk Organizer,Office,West,Ananya,6,542.19
ORD-202601-00775,2026-01-22,CUST-2359,Study Table,Furniture,North,Priya,-1,4988.02
ORD-202601-00776,2026-01-22,CUST-4873,Monitor Stand,Furniture,Central,Karan,1,2089.81
ORD-202601-00777,2026-01-22,CUST-0207,USB Hub,Accessories,Central,Priya,1,846.89
ORD-202601-00778,2026-01-06,CUST-1256,Keyboard,Electronics,North,Rahul,6,1339.64
ORD-202601-00779,2026-01-14,CUST-4255,Webcam,Electronics,South,Karan,1,1993.92
ORD-202601-00780,2026-01-10,CUST-3963,Study Table,Furniture,West,Ananya,3,5014.35
ORD-202601-00781,2026-01-24,CUST-1740,Study Table,Furniture,Central,Rahul,1,5795.68
ORD-202601-00782,,CUST-2532,Pen Set,Office,North,Rahul,3,285.15
ORD-202601-00783,2026-01-13,CUST-0136,Keyboard,Electronics,central,Neha,5,1270.3
ORD-202601-00784,2026-01-15,CUST-0885,Keyboard,Electronics,South,Neha,2,1191.61
ORD-202601-00785,2026-01-24,CUST-4723,Mouse Pad,Accessories,South,Amit,4,426.02
ORD-202601-00786,2026-01-22,CUST-3218,Notebook,Office,South,Priya,7,201.42
ORD-202601-00787,2026-01-26,CUST-0194,Wireless Mouse,Electronics,West,Priya,1,799.75
ORD-202601-00788,2026-01-14,CUST-3963,Pen Set,Office,South,Priya,1,327.02
ORD-202601-00789,2026-01-26,CUST-2018,Notebook,Office,East,Rahul,2,192.41
ORD-202601-00790,2026-01-28,CUST-2844,Wireless Mouse,Electronics,North,Amit,6,861.45
ORD-202601-00791,2026-01-17,CUST-4285,Keyboard,Electronics,North,Ananya,3,1356.07
ORD-202601-00792,2026-01-22,CUST-4188,USB Hub,Accessories,West,Ananya,5,976.05
ORD-202601-00793,2026-01-29,CUST-0683,Desk Organizer,Office,South,Priya,1,647.85
ORD-202601-00794,2026-01-26,CUST-1830,Office Chair,Furniture,West,Sneha,6,7686.34
ORD-202601-00795,2026-01-09,CUST-1364,USB Hub,Accessories,West,Vikram,1,832.78
ORD-202601-00796,2026-01-23,CUST-4569,Webcam,Electronics,Central,Rahul,5,2011.43
ORD-202601-00797,2026-01-14,CUST-3904,Monitor Stand,Furniture,North,Priya,2,2120.74
ORD-202601-00798,2026-01-05,CUST-3242,USB Hub,Accessories,Central,Neha,7,924.96
ORD-202601-00799,2026-01-12,CUST-0293,Laptop Stand,Accessories,Central,Sneha,3,1432.7
ORD-202601-00800,2026-01-31,CUST-4016,USB Hub,Accessories,East,Amit,2,982.63
ORD-202601-00801,2026-01-30,CUST-2805,Wireless Mouse,Electronics,North,Amit,3,751.77
ORD-202601-00802,2026-01-25,CUST-1365,Webcam,Electronics,North,Neha,1,1898.84
ORD-202601-00803,2026-01-31,CUST-2214,Mouse Pad,Accessories,East,Sneha,2,400.71
ORD-202601-00804,2026-01-18,CUST-2231,Study Table,Furniture,North,Rahul,5,5127.08
ORD-202601-00805,2026-01-24,CUST-1481,Desk Organizer,Office,North,Ananya,3,625.66
ORD-202601-00806,2026-01-06,CUST-4549,Office Chair,Furniture,East,Vikram,3,6423.5
ORD-202601-00807,2026-01-10,CUST-4588,Notebook,Office,East,,6,206.69
ORD-202601-00808,2026-01-06,CUST-0255,Keyboard,Electronics,Central,Sneha,1,1389.57
ORD-202601-00809,2026-01-30,CUST-4680,USB Hub,Accessories,Central,Priya,3,871.92
ORD-202601-00810,2026-01-20,CUST-2020,Monitor Stand,Furniture,South,Vikram,2,2082.73
ORD-202601-00811,2026-01-29,CUST-4000,Wireless Mouse,Electronics,South,Ananya,4,744.15
ORD-202601-00812,2026-01-13,CUST-3902,Study Table,Furniture,North,Ananya,3,5879.47
ORD-202601-00813,2026-01-13,CUST-2995,Pen Set,Office,South,Karan,1,326.03
ORD-202601-00814,2026-01-21,CUST-3720,Webcam,Electronics,East,Ananya,1,1767.09
ORD-202601-00815,2026-01-18,CUST-3407,Office Chair,Furniture,Central,Ananya,6,7267.56
ORD-202601-00816,2026-01-12,CUST-4259,Office Chair,Furniture,Central,Priya,1,7007.16
ORD-202601-00817,2026-01-10,CUST-2119,Wireless Mouse,Electronics,Central,Rahul,6,804.03
ORD-202601-00818,,CUST-3697,Keyboard,Electronics,East,Rahul,7,1352.65
ORD-202601-00819,2026-01-03,CUST-4897,Pen Set,Office,West,Rahul,4,298.33
ORD-202601-00820,2026-01-06,CUST-4736,Monitor Stand,Furniture,West,Amit,3,2039.11
ORD-202601-00821,2026-01-02,CUST-0740,Wireless Mouse,Electronics,South,Amit,6,756.0
ORD-202601-00822,2026-01-05,CUST-2492,Pen Set,Office,East,Neha,7,291.73
ORD-202601-00823,2026-01-07,CUST-2551,Keyboard,Electronics,East,Ananya,1,1393.89
ORD-202601-00824,2026-01-03,CUST-3122,Pen Set,Office,South,Sneha,7,275.67
ORD-202601-00825,2026-01-02,CUST-3236,Pen Set,Office,East,Sneha,7,304.84
ORD-202601-00826,2026-01-26,CUST-4239,Keyboard,Electronics,East,Neha,1,1216.98
ORD-202601-00827,2026-01-06,CUST-2661,Pen Set,Office,North,Sneha,1,319.72
ORD-202601-00828,2026-01-18,CUST-3509,Study Table,Furniture,West,Neha,6,5585.93
ORD-202601-00829,2026-01-04,CUST-4498,Study Table,Furniture,Central,Neha,1,5392.37
ORD-202601-00830,2026-01-30,CUST-0511,Wireless Mouse,Electronics,West,Priya,5,759.02
ORD-202601-00831,2026-01-08,CUST-3214,Webcam,Electronics,Central,Ananya,1,1875.01
ORD-202601-00832,2026-01-24,CUST-1835,Webcam,Electronics,East,Rahul,5,2072.8
ORD-202601-00833,2026-01-20,CUST-4530,USB Hub,Accessories,North,Neha,2,900.66
ORD-202601-00834,2026-01-24,CUST-2763,Keyboard,Electronics,South,Sneha,1,1291.07
ORD-202601-00835,2026-01-20,CUST-3015,Study Table,Furniture,Central,Vikram,1,5769.85
ORD-202601-00836,2026-01-16,CUST-3774,Office Chair, Furniture,North,Rahul,2,6829.69
ORD-202601-00837,2026-01-24,CUST-1211,Office Chair,Furniture,East,Ananya,4,6897.41
ORD-202601-00838,2026-01-26,CUST-2718,Headphones,Electronics,North,Ananya,1,2417.51
ORD-202601-00839,2026-01-12,CUST-3865,Wireless Mouse,Electronics,South,Vikram,6,743.22
ORD-202601-00840,2026-01-30,CUST-3888,Study Table,Furniture,North,Amit,5,5734.15
ORD-202601-00841,2026-01-31,CUST-1140,Webcam,Electronics,North,Priya,3,2040.68
ORD-202601-00842,2026-01-23,CUST-4189,Pen Set,Office,North,Priya,7,323.25
ORD-202601-00843,2026-01-29,CUST-0815,Study Table,Furniture,East,Sneha,5,5917.81
ORD-202601-00844,2026-01-04,CUST-1326,Wireless Mouse,Electronics,West,Rahul,5,791.3
ORD-202601-00845,2026-01-17,CUST-4284,Wireless Mouse,Electronics,South,Neha,2,764.49
ORD-202601-00846,2026-01-21,CUST-3081,Wireless Mouse,Electronics,Central,,5,821.04
ORD-202601-00847,2026-01-29,CUST-2711,Headphones,Electronics,South,Sneha,4,2726.26
ORD-202601-00848,2026-01-04,CUST-2786,Wireless Mouse,Electronics,West,Priya,7,835.28
ORD-202601-00849,2026-01-25,CUST-4847,Office Chair,Furniture,East,Karan,4,6991.79
ORD-202601-00850,2026-01-03,CUST-1137,Notebook,Office,West,Ananya,5,206.51
ORD-202601-00851,2026-01-12,CUST-1496,Monitor Stand,Furniture,Central,Vikram,3,2107.96
ORD-202601-00852,2026-01-22,CUST-2450,Office Chair,Furniture,Central,Priya,1,7585.89
ORD-202601-00853,2026-01-10,CUST-4228,Monitor Stand,Furniture,East,Ananya,1,2104.23
ORD-202601-00854,2026-01-26,CUST-2743,Webcam,Electronics,Central,Vikram,7,1873.63
ORD-202601-00855,2026-01-29,CUST-3630,Webcam,Electronics,West,Neha,6,1813.02
ORD-202601-00856,2026-01-05,CUST-4087,Study Table,Furniture,South,Vikram,3,5498.87
ORD-202601-00857,2026-01-09,CUST-4461,Webcam,Electronics,Central,Priya,5,1833.74
ORD-202601-00858,2026-01-03,CUST-2305,Wireless Mouse,Electronics,,Vikram,1,869.75
ORD-202601-00859,2026-01-23,CUST-2290,Pen Set,Office,East,Priya,1,299.48
ORD-202601-00860,2026-01-28,CUST-0405,Office Chair,Furniture,North,Rahul,4,6959.88
ORD-202601-00861,2026-01-19,CUST-0402,Monitor Stand,Furniture,West,Neha,5,1938.31
ORD-202601-00862,2026-01-05,CUST-2437,Monitor Stand,Furniture,Central,Priya,7,2054.73
ORD-202601-00863,2026-01-06,CUST-3746,Keyboard,Electronics,Central,Sneha,6,1304.21
ORD-202601-00864,2026-01-02,CUST-4190,Office Chair,Furniture,North,Sneha,2,6479.74
ORD-202601-00865,2026-01-16,CUST-2043,Office Chair,Furniture,South,Neha,6,7515.82
ORD-202601-00866,2026-01-23,CUST-2857,Desk Organizer,Office,South,Vikram,4,582.11
ORD-202601-00867,2026-01-05,CUST-4064,Office Chair,Furniture,North,Rahul,6,6904.62
ORD-202601-00868,2026-01-27,CUST-1595,Office Chair,Furniture,East,Priya,2,6586.99
ORD-202601-00869,2026-01-08,CUST-0793,USB Hub,Accessories,North,Sneha,1,908.6
ORD-202601-00870,,CUST-4605,Wireless Mouse,Electronics,West,Neha,1,831.29
ORD-202601-00871,2026-01-21,CUST-2731,USB Hub,Accessories,East,Sneha,7,967.53
ORD-202601-00872,2026-01-17,CUST-0779,Headphones,Electronics,East,Amit,1,2274.89
ORD-202601-00873,2026-01-15,CUST-1260,Keyboard,Electronics,Central,Amit,7,1421.97
ORD-202601-00874,2026-01-11,CUST-1635,Keyboard,Electronics,,Neha,6,1351.95
ORD-202601-00875,2026-01-14,CUST-1006,Desk Organizer,Office,South,Karan,2,573.16
ORD-202601-00876,2026-01-08,CUST-2186,Mouse Pad,Accessories,East,Neha,7,375.42
ORD-202601-00877,2026-01-10,CUST-4064,Notebook,Office,Central,Karan,2,190.88
ORD-202601-00878,2026-01-24,CUST-3690,Desk Organizer,Office,Central,Priya,2,644.01
ORD-202601-00879,2026-01-28,CUST-4586,Notebook,Office,West,Karan,5,190.7
ORD-202601-00880,2026-01-27,CUST-4179,Pen Set,Office,North,Neha,3,296.78
ORD-202601-00881,2026-01-11,CUST-1557,Keyboard,Electronics,East,Rahul,3,1352.45
ORD-202601-00882,2026-01-10,CUST-0293,Study Table,Furniture,Central,Ananya,2,5908.11
ORD-202601-00883,2026-01-02,CUST-0759,USB Hub,Accessories,north,Karan,5,927.51
ORD-202601-00884,2026-01-09,CUST-3961,Headphones,Electronics,East,Sneha,1,2625.5
ORD-202601-00885,2026-01-19,CUST-1702,Office Chair,Furniture,East,Amit,2,6541.72
ORD-202601-00886,2026-01-09,CUST-3603,Desk Organizer,Office,South,Ananya,4,644.21
ORD-202601-00887,2026-01-23,CUST-2289,Wireless Mouse,Electronics,South,Rahul,4,763.16
ORD-202601-00888,2026-01-02,CUST-4474,Headphones,Electronics,Central,Vikram,5,2313.26
ORD-202601-00889,2026-01-13,CUST-2541,Wireless Mouse,Electronics,East,Neha,2,875.1
ORD-202601-00890,2026-01-09,CUST-4503,Webcam,Electronics,Central,Karan,5,1785.68
ORD-202601-00891,2026-01-16,CUST-1254,Keyboard,Electronics,East,Neha,6,1204.6
ORD-202601-00892,2026-01-01,CUST-3888,Desk Organizer,Office,Central,Rahul,3,614.1
ORD-202601-00893,2026-01-13,CUST-2620,Mouse Pad,Accessories,West,Neha,2,384.55
ORD-202601-00894,2026-01-25,CUST-0952,Monitor Stand,Furniture,Central,Ananya,4,1852.41
ORD-202601-00895,2026-01-27,CUST-1170,Desk Organizer,Office,South,Karan,5,611.11
ORD-202601-00896,2026-01-08,CUST-1570,Notebook,Office,South,Amit,1,209.31
ORD-202601-00897,2026-01-14,CUST-0775,Mouse Pad,Accessories,North,Vikram,4,422.4
ORD-202601-00898,2026-01-22,CUST-4682,Wireless Mouse,Electronics,South,Amit,2,743.95
ORD-202601-00899,2026-01-15,CUST-1064,Wireless Mouse,Electronics,North,Vikram,4,808.09
ORD-202601-00900,2026-01-17,CUST-2991,Pen Set,Office,North,Vikram,7,317.76
ORD-202601-00901,2026-01-11,CUST-2855,Wireless Mouse,Electronics,South,Karan,4,744.84
ORD-202601-00902,2026-01-26,CUST-2694,Wireless Mouse,Electronics,Central,Priya,6,752.29
ORD-202601-00903,2026-01-20,CUST-3138,Headphones,Electronics,South,Karan,3,2250.31
ORD-202601-00904,2026-01-30,CUST-4579,Study Table,Furniture,Central,Ananya,7,5526.09
ORD-202601-00905,2026-01-25,CUST-4840,USB Hub,accessories,Central,Ananya,6,844.1
ORD-202601-00906,2026-01-12,CUST-4371,Desk Organizer,Office,Central,Ananya,7,625.86
ORD-202601-00907,2026-01-11,CUST-2299,USB Hub,Accessories,East,Vikram,6,982.11
ORD-202601-00908,2026-01-03,CUST-3638,Headphones,Electronics,Central,Amit,5,2353.44
ORD-202601-00909,2026-01-20,CUST-0930,Laptop Stand,Accessories,East,Karan,4,1543.7
ORD-202601-00910,2026-01-24,CUST-4412,Keyboard,Electronics,West,Neha,7,1224.13
ORD-202601-00911,2026-01-11,CUST-0978,Office Chair,Furniture,Central,Amit,6,6324.31
ORD-202601-00912,2026-01-01,CUST-0570,Headphones,Electronics,North,Vikram,3,2628.23
ORD-202601-00913,2026-01-26,CUST-4144,Laptop Stand,Accessories,North,Sneha,1,1479.21
ORD-202601-00914,2026-01-07,CUST-3788,Monitor Stand,Furniture,North,Ananya,1,2177.63
ORD-202601-00915,2026-01-19,CUST-0692,Notebook,Office,West,Priya,2,200.36
ORD-202601-00916,2026-01-02,CUST-4829,USB Hub,Accessories,East,Karan,1,837.42
ORD-202601-00917,2026-01-02,CUST-0559,Notebook,Office,South,Karan,2,197.0
ORD-202601-00918,2026-01-28,CUST-0245,Office Chair,Furniture,West,Rahul,1,6583.11
ORD-202601-00919,2026-01-21,CUST-4779,Webcam,Electronics,North,Vikram,7,2042.58
ORD-202601-00920,2026-01-01,CUST-1116,Pen Set,Office,North,Karan,1,310.42
ORD-202601-00921,2026-01-04,CUST-1174,Study Table,Furniture,East,Priya,5,5324.39
ORD-202601-00922,2026-01-16,CUST-3970,Notebook,Office,,Rahul,3,200.11
ORD-202601-00923,2026-01-22,CUST-3036,USB Hub,Accessories,West,Neha,2,929.47
ORD-202601-00924,2026-01-14,CUST-2601,Keyboard,Electronics,West,Amit,5,1372.49
ORD-202601-00925,2026-01-28,CUST-4941,Webcam,Electronics,West,Priya,7,1739.54
ORD-202601-00926,2026-01-21,CUST-0434,Monitor Stand,Furniture,South,Vikram,6,1808.1
ORD-202601-00927,2026-01-20,CUST-4629,Notebook,Office,East,Rahul,7,183.66
ORD-202601-00928,2026-01-09,CUST-1340,Webcam,Electronics,Central,Priya,5,1859.12
ORD-202601-00929,2026-01-22,CUST-3114,USB Hub,Accessories,West,Rahul,5,893.01
ORD-202601-00930,2026-01-28,CUST-1621,Notebook,Office,East,Amit,2,184.53
ORD-202601-00931,2026-01-02,CUST-1466,Mouse Pad,Accessories,North,Ananya,6,391.91
ORD-202601-00932,2026-01-23,CUST-1606,Desk Organizer,Office,West,Rahul,6,592.01
ORD-202601-00933,2026-01-28,CUST-2796,Webcam,Electronics,South,Ananya,2,1750.53
ORD-202601-00934,2026-01-14,CUST-4389,Pen Set,Office,South,Karan,3,323.92
ORD-202601-00935,2026-01-24,CUST-0563,USB Hub,Accessories,West,Neha,5,916.83
ORD-202601-00936,2026-01-12,CUST-3311,Monitor Stand,Furniture,South,Sneha,1,1954.44
ORD-202601-00937,2026-01-06,CUST-4302,Headphones,Electronics,East,Priya,6,2502.45
ORD-202601-00938,2026-01-26,CUST-3675,Keyboard,Electronics,North,Sneha,2,1250.73
ORD-202601-00939,2026-01-10,CUST-4901,Mouse Pad,Accessories,North,Rahul,1,427.28
ORD-202601-00940,2026-01-24,CUST-0068,Mouse Pad,Accessories,East,Rahul,3,404.99
ORD-202601-00941,2026-01-10,CUST-1813,Pen Set,Office,Central,Sneha,6,298.69
ORD-202601-00942,2026-01-13,CUST-2138,USB Hub,Accessories,West,Neha,2,972.88
ORD-202601-00943,2026-01-22,CUST-2679,Study Table,Furniture,East,Ananya,4,5870.71
ORD-202601-00944,2026-01-11,CUST-1590,Mouse Pad,Accessories,Central,Karan,6,423.96
ORD-202601-00945,2026-01-26,CUST-1266,Keyboard,Electronics,South,Neha,1,1227.71
ORD-202601-00946,2026-01-02,CUST-4260,Keyboard,Electronics,Central,Rahul,6,1208.88
ORD-202601-00947,2026-01-01,CUST-1164,Monitor Stand,Furniture,East,Neha,3,2075.0
ORD-202601-00948,2026-01-03,CUST-4770,Keyboard,Electronics,North,Neha,5,1290.85
ORD-202601-00949,2026-01-08,CUST-0186,Monitor Stand,Furniture,North,Neha,2,2072.45
ORD-202601-00950,2026-01-02,CUST-2117,Webcam,Electronics,Central,Priya,1,1997.99
ORD-202601-00951,2026-01-12,CUST-3047,Keyboard,Electronics,West,Sneha,6,1245.82
ORD-202601-00952,2026-01-01,CUST-4866,Webcam,Electronics,North,Vikram,6,1817.21
ORD-202601-00953,2026-01-24,CUST-3823,Notebook,Office,Central,Karan,7,198.64
ORD-202601-00954,2026-01-05,CUST-0072,USB Hub,Accessories,North,Ananya,5,858.28
ORD-202601-00955,2026-01-31,CUST-3743,Office Chair,Furniture,South,Rahul,4,7233.18
ORD-202601-00956,2026-01-27,CUST-1629,Notebook,Office,West,Rahul,-1,208.82
ORD-202601-00957,2026-01-22,CUST-4300,USB Hub,Accessories,North,Sneha,3,893.97
ORD-202601-00958,2026-01-25,CUST-3875,Pen Set,Office,Central,Amit,5,312.38
ORD-202601-00959,2026-01-25,CUST-0960,Monitor Stand,Furniture, West,Rahul,3,2003.17
ORD-202601-00960,2026-01-27,CUST-1801,USB Hub,Accessories,Central,Ananya,4,937.27
ORD-202601-00961,2026-01-18,CUST-4106,Keyboard,Electronics,Central,Vikram,2,1227.55
ORD-202601-00962,2026-01-20,CUST-4605,USB Hub,Accessories,Central,Vikram,4,941.94
ORD-202601-00963,2026-01-15,CUST-3019,Office Chair,Furniture,South,Amit,2,7300.13
ORD-202601-00964,2026-01-20,CUST-1093,Headphones,Electronics,South,Priya,1,2382.35
ORD-202601-00965,2026-01-12,CUST-1948,Monitor Stand,Furniture,South,Vikram,1,2021.38
ORD-202601-00966,2026-01-04,CUST-3979,Notebook,Office,North,Rahul,4,213.14
ORD-202601-00967,2026-01-29,CUST-2992,Notebook,Office,West,Neha,3,189.03
ORD-202601-00968,2026-01-22,CUST-1009,Laptop Stand,Accessories,North,Sneha,1,1569.75
ORD-202601-00969,2026-01-22,CUST-1429,Study Table,Furniture,,Ananya,4,5998.27
ORD-202601-00970,2026-01-09,CUST-0986,Wireless Mouse,Electronics,East,Ananya,2,857.53
ORD-202601-00971,2026-01-24,CUST-2346,Webcam,Electronics,,Priya,1,1861.6
ORD-202601-00972,2026-01-17,,USB Hub,Accessories,East,Vikram,1,918.28
ORD-202601-00973,2026-01-03,CUST-2709,Mouse Pad,Accessories,,Sneha,4,438.24
ORD-202601-00974,2026-01-30,CUST-4725,Mouse Pad,Accessories,North,Ananya,7,404.46
ORD-202601-00975,2026-01-31,CUST-3258,Keyboard,Electronics,Central,Karan,2,1198.98
ORD-202601-00976,2026-01-27,CUST-2928,Headphones,Electronics,East,Sneha,2,2271.81
ORD-202601-00977,2026-01-15,CUST-1832,Keyboard, Electronics,East,Sneha,2,1374.42
ORD-202601-00978,2026-01-08,,Notebook,Office,East,Rahul,3,195.96
ORD-202601-00979,2026-01-01,CUST-4777,Laptop Stand,Accessories,South,Rahul,6,1423.09
ORD-202601-00980,2026-01-23,CUST-0049,Notebook,Office,West,Rahul,3,192.94
ORD-202601-00981,2026-01-28,CUST-1749,Notebook,Office,South,Karan,5,209.24
ORD-202601-00982,2026-01-04,CUST-0284,Desk Organizer,Office,East,Neha,7,594.84
ORD-202601-00983,2026-01-22,CUST-1019,Notebook,Office,Central,Karan,7,213.67
ORD-202601-00984,2026-01-01,CUST-0335,Pen Set,Office,South,Karan,4,313.05
ORD-202601-00985,2026-01-25,CUST-2962,Notebook,Office,West,Ananya,5,217.87
ORD-202601-00986,2026-01-01,CUST-4099,Pen Set,Office,West,Amit,7,322.23
ORD-202601-00987,2026-01-31,CUST-4702,Pen Set,Office,North,Ananya,6,284.32
ORD-202601-00988,2026-01-06,CUST-1185,Laptop Stand,Accessories,West,Priya,3,1546.69
ORD-202601-00989,2026-01-13,CUST-3498,Webcam,Electronics,Central,Vikram,1,1716.9
ORD-202601-00990,2026-01-22,CUST-1645,Office Chair,Furniture,South,Priya,1,7686.45
ORD-202601-00991,2026-01-27,CUST-1579,Laptop Stand,Accessories,Central,Amit,7,1427.35
ORD-202601-00992,2026-01-12,CUST-3050,Notebook,Office,North,Ananya,4,205.56
ORD-202601-00993,2026-01-31,CUST-3396,Headphones,Electronics,North,Neha,3,2673.51
ORD-202601-00994,2026-01-01,CUST-2920,USB Hub,Accessories,Central,Ananya,3,837.95
ORD-202601-00995,2026-01-15,CUST-0499,Mouse Pad,Accessories,Central,Neha,2,426.76
ORD-202601-00996,2026-01-31,CUST-2053,Pen Set,Office,West,Rahul,6,269.83
ORD-202601-00997,2026-01-09,CUST-1429,Mouse Pad,Accessories,West,Amit,5,394.37
ORD-202601-00998,2026-01-17,CUST-0022,Laptop Stand,Accessories,South,Rahul,7,1490.62
ORD-202601-00999,2026-01-14,CUST-0204,Monitor Stand,Furniture,East,Sneha,3,1948.66
ORD-202601-01000,2026-01-13,CUST-2249,Mouse Pad,Accessories,East,Karan,4,405.89
ORD-202601-01001,2026-01-24,CUST-0503,Office Chair,Furniture,North,Neha,1,7579.7
ORD-202601-01002,2026-01-17,CUST-3695,Desk Organizer,Office,East,Amit,7,578.27
ORD-202601-01003,2026-01-23,CUST-0282,Notebook,Office,North,Sneha,4,202.15
ORD-202601-01004,2026-01-17,CUST-1177,Study Table,Furniture,North,Ananya,4,5914.13
ORD-202601-01005,2026-01-31,CUST-4929,Keyboard,Electronics,North,Amit,3,1369.92
ORD-202601-01006,2026-01-15,CUST-3542,Study Table,Furniture,North,Priya,2,4993.9
ORD-202601-01007,2026-01-25,CUST-2787,Study Table,Furniture,North,Priya,7,5985.98
ORD-202601-01008,2026-01-20,CUST-0076,Mouse Pad,Accessories,Central,Sneha,4,362.82
ORD-202601-01009,2026-01-25,CUST-0219,Desk Organizer,Office,Central,Sneha,5,609.63
ORD-202601-01010,2026-01-28,CUST-4541,Mouse Pad,Accessories,East,Neha,1,405.01
ORD-202601-01011,2026-01-08,CUST-3997,Webcam,Electronics,South,Priya,2,2007.77
ORD-202601-01012,2026-01-10,CUST-4751,Office Chair,Furniture,North,Ananya,6,6506.89
ORD-202601-01013,2026-01-10,CUST-4041,Webcam,Electronics,Central,Rahul,1,1777.22
ORD-202601-01014,2026-01-16,CUST-0013,Laptop Stand,Accessories,West,Amit,1,1574.58
ORD-202601-01015,2026-01-16,CUST-4028,Mouse Pad,Accessories,West,Rahul,6,371.03
ORD-202601-01016,2026-01-01,CUST-2290,Office Chair,Furniture,East,Rahul,3,6956.23
ORD-202601-01017,2026-01-28,CUST-3462,Laptop Stand,Accessories,North,Amit,2,1568.45
ORD-202601-01018,2026-01-27,CUST-2070,Mouse Pad,Accessories,West,Ananya,4,411.07
ORD-202601-01019,2026-01-19,CUST-3606,Wireless Mouse,Electronics,east,Rahul,2,752.75
ORD-202601-01020,2026-01-10,CUST-4210,Keyboard,Electronics,South,Vikram,1,1248.07
ORD-202601-01021,2026-01-26,CUST-4873,Wireless Mouse,Electronics,South,Vikram,1,873.94
ORD-202601-01022,2026-01-09,,Wireless Mouse,Electronics,North,Karan,1,790.8
ORD-202601-01023,2026-01-10,CUST-1396,Study Table,Furniture,Central,Karan,2,4997.99
ORD-202601-01024,2026-01-31,CUST-3057,Office Chair,Furniture,North,Vikram,5,6606.47
ORD-202601-01025,2026-01-29,CUST-2500,Office Chair,Furniture,Central,Karan,3,6778.44
ORD-202601-01026,2026-01-19,CUST-1013,Wireless Mouse,Electronics,Central,Vikram,1,878.82
ORD-202601-01027,2026-01-06,CUST-3623,Keyboard,Electronics ,North,Amit,1,1247.74
ORD-202601-01028,2026-01-04,CUST-0386,Webcam,Electronics,West,Karan,4,1719.13
ORD-202601-01029,2026-01-30,CUST-2016,Notebook,Office,North,Karan,6,199.51
ORD-202601-01030,2026-01-09,CUST-3462,Laptop Stand,Accessories,Central,Neha,3,1374.16
ORD-202601-01031,2026-01-22,CUST-4606,Mouse Pad,Accessories,East,Neha,1,380.97
ORD-202601-01032,2026-01-11,CUST-3104,Headphones,Electronics,North,Sneha,2,2745.09
ORD-202601-01033,2026-01-16,CUST-4897,Desk Organizer,Office,West,Neha,4,623.52
ORD-202601-01034,2026-01-31,CUST-4162,Laptop Stand,Accessories,West,Rahul,2,1364.29
ORD-202601-01035,2026-01-19,CUST-1181,Wireless Mouse,Electronics,Central,Ananya,7,790.8
ORD-202601-01036,2026-01-14,CUST-4224,Desk Organizer,Office,East,Rahul,6,559.66
ORD-202601-01037,2026-01-13,CUST-1681,Study Table,Furniture,Central,Neha,3,5084.31
ORD-202601-01038,2026-01-08,CUST-3156,Wireless Mouse,Electronics,West,Karan,7,812.91
ORD-202601-01039,2026-01-18,CUST-1005,USB Hub,Accessories,East,Priya,3,900.02
ORD-202601-01040,2026-01-18,CUST-2692,Office Chair,Furniture,South,Amit,1,7338.96
ORD-202601-01041,2026-01-03,CUST-3398,Desk Organizer,Office,South,Rahul,7,646.0
ORD-202601-01042,2026-01-13,CUST-4571,Study Table,Furniture,West,Priya,7,5220.4
ORD-202601-01043,2026-01-20,CUST-4718,USB Hub,Accessories,West,Rahul,3,975.05
ORD-202601-01044,2026-01-02,CUST-4007,Laptop Stand,Accessories,North,Amit,5,1504.39
ORD-202601-01045,2026-01-31,CUST-2794,Desk Organizer,Office,East,Vikram,2,570.11
ORD-202601-01046,2026-01-27,CUST-4413,Keyboard,Electronics,North,Vikram,5,1388.84
ORD-202601-01047,2026-01-20,CUST-0531,Webcam,Electronics,South,Rahul,5,1722.59
ORD-202601-01048,2026-01-01,CUST-4980,Notebook,Office,West,Ananya,5,201.37
ORD-202601-01049,2026-01-17,CUST-1020,Pen Set,Office,West,Priya,4,312.25
ORD-202601-01050,2026-01-28,CUST-2018,Keyboard,Electronics,North,,5,1241.84
ORD-202601-01051,2026-01-01,CUST-4538,Mouse Pad,Accessories,West,Neha,4,428.01
ORD-202601-01052,2026-01-25,CUST-3585,Laptop Stand,Accessories,North,Priya,6,1421.14
ORD-202601-01053,2026-01-27,CUST-4249,Mouse Pad,Accessories,North,Karan,2,426.12
ORD-202601-01054,2026-01-03,CUST-3441,Monitor Stand,Furniture,Central,Rahul,4,1830.5
ORD-202601-01055,2026-01-08,CUST-3006,Wireless Mouse,Electronics,North,Neha,3,744.66
ORD-202601-01056,2026-01-23,CUST-0871,Monitor Stand,Furniture,South,Rahul,4,1951.42
ORD-202601-01057,2026-01-29,CUST-4982,USB Hub,Accessories,North,Neha,1,962.66
ORD-202601-01058,2026-01-24,CUST-3183,Office Chair,Furniture,East,Amit,3,6501.49
ORD-202601-01059,2026-01-17,CUST-3342,USB Hub,Accessories,East,Sneha,7,966.5
ORD-202601-01060,2026-01-19,CUST-2141,Laptop Stand,Accessories,Central,Priya,1,1417.97
ORD-202601-01061,2026-01-17,CUST-4761,Office Chair,Furniture, Central,Neha,5,6932.52
ORD-202601-01062,2026-01-18,CUST-2254,Pen Set,Office,West,Karan,5,290.19
ORD-202601-01063,2026-01-24,CUST-0952,Keyboard,Electronics,East,Neha,4,1199.79
ORD-202601-01064,2026-01-02,CUST-0901,Desk Organizer,Office,North,Ananya,1,652.23
ORD-202601-01065,2026-01-07,CUST-3493,Desk Organizer,Office,,Amit,1,591.59
ORD-202601-01066,2026-01-02,CUST-3724,USB Hub,Accessories,East,Rahul,2,933.22
ORD-202601-01067,2026-01-25,CUST-1030,Monitor Stand,Furniture,South,Karan,1,2029.09
ORD-202601-01068,2026-01-23,CUST-3490,Pen Set,Office,East,Rahul,1,299.1
ORD-202601-01069,2026-01-02,CUST-4988,Laptop Stand,Accessories,South,Neha,2,1533.95
ORD-202601-01070,2026-01-04,CUST-2662,Wireless Mouse,Electronics,South,Amit,2,862.66
ORD-202601-01071,2026-01-09,CUST-4853,Pen Set,Office,East,Vikram,6,310.92
ORD-202601-01072,2026-01-08,CUST-0784,Headphones,Electronics,West,Rahul,5,2515.23
ORD-202601-01073,2026-01-17,CUST-2015,Desk Organizer,Office,North,Karan,1,616.39
ORD-202601-01074,2026-01-16,CUST-2785,Mouse Pad,Accessories,Central,Neha,5,407.49
ORD-202601-01075,2026-01-12,CUST-1791,Mouse Pad,Accessories,North,Karan,1,393.66
ORD-202601-01076,2026-01-06,CUST-0501,Headphones,Electronics,North,,3,2561.36
ORD-202601-01077,2026-01-21,CUST-2292,Desk Organizer,Office,West,,1,592.24
ORD-202601-01078,2026-01-25,CUST-1697,Headphones,Electronics,North,Ananya,1,2627.76
ORD-202601-01079,2026-01-20,CUST-1020,USB Hub,Accessories,West,Vikram,1,983.31
ORD-202601-01080,2026-01-26,CUST-1862,Office Chair,Furniture,West,Neha,4,7642.72
ORD-202601-01081,2026-01-29,CUST-2091,Study Table,Furniture,East,Amit,4,5851.75
ORD-202601-01082,2026-01-27,CUST-4418,Monitor Stand,Furniture,East,Priya,3,2039.68
ORD-202601-01083,2026-01-21,CUST-2458,Monitor Stand,Furniture,Central,Neha,5,2098.68
ORD-202601-01084,2026-01-02,CUST-2078,Notebook,Office,West,Ananya,6,186.19
ORD-202601-01085,2026-01-11,CUST-1947,Headphones,Electronics,West,Amit,6,2488.51
ORD-202601-01086,2026-01-14,CUST-2993,Office Chair,Furniture,North,Sneha,5,6659.28
ORD-202601-01087,2026-01-23,CUST-1378,Office Chair,Furniture,East,Sneha,4,6303.99
ORD-202601-01088,2026-01-27,CUST-4374,Monitor Stand,Furniture,North,Amit,4,2185.6
ORD-202601-01089,2026-01-20,CUST-2094,Pen Set,Office,South,Amit,2,320.76
ORD-202601-01090,2026-01-12,CUST-2129,Keyboard,Electronics,West,Karan,4,1302.56
ORD-202601-01091,2026-01-25,CUST-0320,Mouse Pad,Accessories,East,Priya,1,379.38
ORD-202601-01092,2026-01-22,CUST-4419,USB Hub,Accessories,Central,Priya,7,933.7
ORD-202601-01093,2026-01-25,CUST-2356,Office Chair,Furniture,Central,Priya,3,6907.73
ORD-202601-01094,2026-01-19,CUST-0683,USB Hub,Accessories,North,Ananya,6,953.54
ORD-202601-01095,2026-01-21,CUST-0858,Laptop Stand,Accessories,Central,Priya,7,1648.76
ORD-202601-01096,2026-01-11,CUST-1825,Keyboard,Electronics,Central,Priya,4,1259.79
ORD-202601-01097,2026-01-13,CUST-3903,Office Chair,Furniture,North,Neha,7,6641.22
ORD-202601-01098,2026-01-09,CUST-0474,Desk Organizer,Office,South,Vikram,4,571.13
ORD-202601-01099,2026-01-08,CUST-0603,Wireless Mouse,Electronics,Central,Sneha,1,734.02
ORD-202601-01100,2026-01-21,CUST-2805,USB Hub,Accessories,North,Priya,1,879.95
ORD-202601-01101,2026-01-12,CUST-2496,Mouse Pad,Accessories,North,Rahul,1,360.49
ORD-202601-01102,2026-01-05,CUST-4787,Mouse Pad,Accessories,East,Vikram,7,368.23
ORD-202601-01103,2026-01-02,CUST-3761,Study Table,Furniture,Central,Neha,4,5247.91
ORD-202601-01104,2026-01-27,CUST-3285,Keyboard,Electronics,South,Vikram,3,1210.63
ORD-202601-01105,2026-01-14,CUST-1680,Webcam,Electronics,West,Priya,4,1987.17
ORD-202601-01106,2026-01-18,CUST-3131,Headphones,Electronics,West,Vikram,2,2301.88
ORD-202601-01107,2026-01-29,CUST-2922,Webcam,Electronics,North,Sneha,7,2038.0
ORD-202601-01108,2026-01-04,CUST-1391,Study Table,Furniture,South,Ananya,7,5192.28
ORD-202601-01109,2026-01-30,CUST-1855,Monitor Stand,Furniture,West,Ananya,1,1842.51
ORD-202601-01110,2026-01-22,CUST-4656,Wireless Mouse,Electronics,East,Amit,6,720.72
ORD-202601-01111,2026-01-20,CUST-2691,Pen Set,Office,South,Sneha,3,311.87
ORD-202601-01112,2026-01-14,CUST-2358,Webcam,Electronics,South,Ananya,1,1806.56
ORD-202601-01113,2026-01-22,CUST-3984,Headphones,Electronics,East,Ananya,7,2503.75
ORD-202601-01114,2026-01-07,CUST-1336,Webcam,Electronics,Central,Priya,1,1751.49
ORD-202601-01115,2026-01-10,CUST-1099,Headphones,Electronics,East,Vikram,2,2741.55
ORD-202601-01116,2026-01-30,CUST-4939,Mouse Pad,Accessories,Central,Ananya,1,369.11
ORD-202601-01117,2026-01-09,CUST-4017,Monitor Stand,Furniture,West,Vikram,4,1963.79
ORD-202601-01118,2026-01-23,CUST-2116,Notebook,Office,East,Amit,5,213.0
ORD-202601-01119,2026-01-29,CUST-4732,Desk Organizer,Office,West,Amit,3,568.44
ORD-202601-01120,2026-01-19,CUST-1858,Mouse Pad,Accessories,east,Neha,1,380.4
ORD-202601-01121,2026-01-10,CUST-3377,Wireless Mouse,Electronics,,Ananya,1,848.3
ORD-202601-01122,2026-01-27,CUST-0175,Keyboard,Electronics,Central,Neha,7,1240.11
ORD-202601-01123,2026-01-26,CUST-3489,Webcam,Electronics,West,Ananya,6,1710.19
ORD-202601-01124,2026-01-17,CUST-0892,Webcam,Electronics,North,Sneha,7,1871.62
ORD-202601-01125,2026-01-04,CUST-1207,Office Chair,Furniture,north,Sneha,4,6316.65
ORD-202601-01126,2026-01-14,CUST-4046,Office Chair,Furniture,Central,Ananya,4,7572.63
ORD-202601-01127,2026-01-14,CUST-1028,Study Table,Furniture,Central,Ananya,6,5654.97
ORD-202601-01128,2026-01-06,CUST-2414,Pen Set,Office,East,Amit,5,303.96
ORD-202601-01129,2026-01-13,CUST-4604,Notebook,Office,South,Amit,4,187.12
ORD-202601-01130,2026-01-05,CUST-4775,Pen Set,Office,central,Ananya,3,310.96
ORD-202601-01131,2026-01-22,CUST-2220,USB Hub,Accessories,East,Karan,4,930.87
ORD-202601-01132,2026-01-14,CUST-0420,Pen Set,Office,South,Priya,1,272.72
ORD-202601-01133,2026-01-23,CUST-1435,Office Chair,Furniture,South,Vikram,2,7532.11
ORD-202601-01134,2026-01-15,CUST-3080,Desk Organizer,Office,South,Rahul,6,608.51
ORD-202601-01135,2026-01-23,CUST-1685,Notebook,Office,South,Amit,7,210.64
ORD-202601-01136,2026-01-23,CUST-3600,Wireless Mouse,Electronics,South,Neha,1,761.11
ORD-202601-01137,2026-01-05,CUST-4963,Desk Organizer,Office,West,Neha,1,553.72
ORD-202601-01138,2026-01-14,CUST-3106,Laptop Stand,Accessories,North,Karan,1,1559.69
ORD-202601-01139,2026-01-24,CUST-3125,Desk Organizer, Office,South,Karan,6,634.21
ORD-202601-01140,2026-01-19,CUST-2650,Notebook,Office,North,Sneha,3,194.46
ORD-202601-01141,2026-01-07,CUST-0933,Study Table,Furniture,West,Amit,3,4975.16
ORD-202601-01142,2026-01-26,CUST-2892,Laptop Stand,Accessories,Central,Sneha,1,1594.41
ORD-202601-01143,2026-01-07,CUST-4660,Monitor Stand,Furniture,West,Vikram,7,1881.5
ORD-202601-01144,2026-01-31,CUST-3448,Office Chair,Furniture,South,Priya,4,6773.68
ORD-202601-01145,2026-01-22,CUST-3762,Laptop Stand,Accessories,East,Ananya,6,1537.44
ORD-202601-01146,2026-01-10,CUST-4317,Mouse Pad,Accessories,North,Amit,5,367.08
ORD-202601-01147,2026-01-07,CUST-1938,Mouse Pad,Accessories,East,Neha,1,364.85
ORD-202601-01148,2026-01-28,CUST-1682,Desk Organizer,Office,South,Karan,6,542.18
ORD-202601-01149,2026-01-17,CUST-4850,Pen Set,Office,East,Sneha,4,323.92
ORD-202601-01150,2026-01-25,CUST-2299,Study Table,Furniture,East,Rahul,5,5291.56
ORD-202601-01151,2026-01-26,CUST-3669,Laptop Stand,Accessories,West,Priya,2,1547.17
ORD-202601-01152,2026-01-03,CUST-3180,Mouse Pad,Accessories,East,Vikram,6,438.04
ORD-202601-01153,2026-01-22,CUST-0618,USB Hub,Accessories,Central,Priya,7,929.47
ORD-202601-01154,2026-01-11,CUST-1572,Study Table,Furniture,North,Sneha,3,5526.6
ORD-202601-01155,2026-01-29,CUST-1632,Webcam,Electronics,Central,Rahul,1,1906.95
ORD-202601-01156,2026-01-07,CUST-0894,Notebook,Office,West,Priya,6,194.1
ORD-202601-01157,2026-01-02,CUST-3896,Keyboard,Electronics,West,,7,1324.92
ORD-202601-01158,2026-01-21,CUST-4831,Study Table,Furniture,Central,Rahul,4,6003.58
ORD-202601-01159,2026-01-18,CUST-4832,Laptop Stand,Accessories,North,Ananya,5,1585.36
ORD-202601-01160,2026-01-18,CUST-0974,Laptop Stand,Accessories,South,Karan,2,1476.28
ORD-202601-01161,2026-01-09,CUST-2248,Notebook,Office,North,Ananya,1,192.33
ORD-202601-01162,2026-01-16,CUST-1164,Mouse Pad,Accessories,West,Ananya,7,429.61
ORD-202601-01163,2026-01-30,CUST-0313,Study Table,Furniture,South,Rahul,4,5098.44
ORD-202601-01164,2026-01-24,CUST-3094,Mouse Pad,Accessories,South,Sneha,2,426.9
ORD-202601-01165,2026-01-31,CUST-4299,Mouse Pad,Accessories,West,Sneha,5,379.46
ORD-202601-01166,2026-01-11,CUST-0387,Keyboard,Electronics,East,Ananya,1,1355.02
ORD-202601-01167,2026-01-27,CUST-3210,Wireless Mouse,Electronics,west,Karan,1,847.93
ORD-202601-01168,2026-01-12,CUST-0171,USB Hub,Accessories,Central,Rahul,2,894.86
ORD-202601-01169,2026-01-30,CUST-4216,Monitor Stand,Furniture,South,Neha,4,1875.98
ORD-202601-01170,2026-01-27,CUST-0321,Study Table,Furniture,Central,Karan,3,5878.18
ORD-202601-01171,2026-01-06,CUST-2179,Pen Set,Office,East,Neha,2,291.08
ORD-202601-01172,2026-01-31,CUST-0617,Pen Set,Office,South,Karan,3,288.28
ORD-202601-01173,2026-01-19,CUST-2061,USB Hub,Accessories,Central,Karan,3,900.8
ORD-202601-01174,2026-01-25,CUST-2146,Headphones,Electronics,East,Sneha,4,-100.0
ORD-202601-01175,2026-01-18,CUST-2700,Wireless Mouse,Electronics,North,Rahul,4,828.25
ORD-202601-01176,2026-01-07,CUST-4147,Laptop Stand,Accessories,South,Neha,7,1390.23
ORD-202601-01177,2026-01-31,CUST-4983,Laptop Stand,Accessories,Central,Neha,6,1479.72
ORD-202601-01178,2026-01-04,CUST-1710,Headphones,Electronics,East,Vikram,3,2694.77
ORD-202601-01179,2026-01-26,CUST-4617,Webcam,Electronics,East,Ananya,7,1722.8
ORD-202601-01180,2026-01-07,CUST-2138,Wireless Mouse,Electronics,West,Rahul,4,792.18
ORD-202601-01181,2026-01-25,CUST-0592,Notebook,Office,North,Priya,2,205.39
ORD-202601-01182,2026-01-14,CUST-3002,Monitor Stand,Furniture,North,Rahul,3,2154.01
ORD-202601-01183,2026-01-08,CUST-3614,Pen Set,Office,East,Karan,6,304.61
ORD-202601-01184,,CUST-1511,USB Hub,Accessories,Central,Sneha,6,957.34
ORD-202601-01185,2026-01-10,CUST-2949,USB Hub,Accessories,North,Amit,3,849.14
ORD-202601-01186,2026-01-28,CUST-2163,Webcam,Electronics,West,Sneha,2,1843.1
ORD-202601-01187,2026-01-24,CUST-0726,Keyboard,Electronics,Central,Amit,2,1413.87
ORD-202601-01188,2026-01-21,,Notebook,Office,North,Vikram,1,214.36
ORD-202601-01189,2026-01-20,CUST-2138,Notebook,Office,North,Priya,5,201.31
ORD-202601-01190,2026-01-13,CUST-1710,Wireless Mouse,Electronics,Central,Sneha,4,795.08
ORD-202601-01191,2026-01-28,CUST-4576,USB Hub,Accessories,North,Karan,4,890.2
ORD-202601-01192,2026-01-09,CUST-1942,Webcam,Electronics,West,Rahul,5,1731.43
ORD-202601-01193,2026-01-30,CUST-3132,Headphones,Electronics,West,Ananya,6,2695.11
ORD-202601-01194,2026-01-12,CUST-0056,Desk Organizer,Office,South,Karan,6,637.11
ORD-202601-01195,2026-01-11,CUST-1567,Mouse Pad,Accessories,South,Priya,1,395.51
ORD-202601-01196,2026-01-15,,Pen Set,Office,East,Ananya,5,285.81
ORD-202601-01197,2026-01-24,CUST-4463,Desk Organizer,Office,East,Rahul,7,580.18
ORD-202601-01198,2026-01-23,CUST-4887,Monitor Stand,Furniture,Central,Ananya,6,1848.34
ORD-202601-01199,2026-01-24,CUST-0285,Office Chair,Furniture,East,,3,7309.46
ORD-202601-01200,2026-01-03,CUST-4313,Pen Set,Office,Central,Ananya,3,302.39
ORD-202601-01201,2026-01-05,CUST-1339,Study Table,Furniture,South,Ananya,7,5206.57
ORD-202601-01202,2026-01-27,CUST-0029,Mouse Pad,Accessories,South,Ananya,1,408.82
ORD-202601-01203,2026-01-31,CUST-0463,Monitor Stand,Furniture,South,Amit,4,2190.6
ORD-202601-01204,2026-01-04,CUST-3755,Desk Organizer,Office,West,Karan,1,553.76
ORD-202601-01205,2026-01-29,CUST-2960,Pen Set,Office,North,Priya,7,296.52
ORD-202601-01206,2026-01-09,CUST-2866,Study Table,Furniture,Central,Neha,1,5492.58
ORD-202601-01207,2026-01-31,CUST-4410,Mouse Pad,Accessories,West,Vikram,1,372.41
ORD-202601-01208,2026-01-31,CUST-0471,Desk Organizer,Office,Central,Karan,3,602.78
ORD-202601-01209,2026-01-20,CUST-0414,Webcam,Electronics,Central,Ananya,2,1939.25
ORD-202601-01210,2026-01-06,CUST-4665,Monitor Stand,Furniture,North,Priya,4,1862.01
ORD-202601-01211,2026-01-25,CUST-3032,Pen Set,Office,West,Rahul,3,278.35
ORD-202601-01212,2026-01-04,CUST-3882,Office Chair,Furniture,East,Priya,3,7497.82
ORD-202601-01213,2026-01-11,CUST-2625,USB Hub,Accessories,,Vikram,4,865.09
ORD-202601-01214,2026-01-20,CUST-0727,Study Table,Furniture,Central,Ananya,4,5642.34
ORD-202601-01215,2026-01-03,CUST-2614,Wireless Mouse,Electronics,East,Ananya,7,819.26
ORD-202601-01216,2026-01-13,CUST-4821,Keyboard,Electronics,North,Karan,4,1387.12
ORD-202601-01217,2026-01-25,CUST-0589,Mouse Pad,Accessories,Central,Ananya,4,418.14
ORD-202601-01218,2026-01-03,CUST-0631,Desk Organizer,Office,East,Sneha,5,639.8
ORD-202601-01219,2026-01-12,CUST-1734,Office Chair,Furniture,East,Sneha,2,7174.28
ORD-202601-01220,2026-01-01,CUST-2274,USB Hub,Accessories,East,Rahul,5,889.91
ORD-202601-01221,2026-01-21,CUST-3144,Pen Set,Office,Central,Rahul,7,292.64
ORD-202601-01222,2026-01-03,CUST-0795,Notebook,Office,East,Amit,3,194.19
ORD-202601-01223,2026-01-09,CUST-4670,Monitor Stand,Furniture,South,Rahul,2,1966.37
ORD-202601-01224,2026-01-17,CUST-0751,Pen Set,Office,West,Vikram,3,276.83
ORD-202601-01225,2026-01-07,CUST-1001,USB Hub,Accessories,West,Ananya,2,885.33
ORD-202601-01226,2026-01-08,CUST-4840,Monitor Stand,Furniture,,Sneha,5,1954.8
ORD-202601-01227,2026-01-26,CUST-1884,Keyboard,Electronics,East,Vikram,7,1178.08
ORD-202601-01228,2026-01-25,CUST-2861,Monitor Stand,Furniture,West,Sneha,5,1909.1
ORD-202601-01229,2026-01-03,CUST-2175,Headphones,Electronics,Central,Vikram,1,2624.9
ORD-202601-01230,2026-01-27,CUST-1296,Webcam,Electronics,South,Karan,3,1928.6
ORD-202601-01231,2026-01-15,CUST-2534,Office Chair,Furniture,East,Karan,5,7427.57
ORD-202601-01232,2026-01-05,CUST-3882,Desk Organizer,Office,Central,Neha,3,604.11
ORD-202601-01233,2026-01-29,CUST-0058,Monitor Stand,furniture,East,Karan,5,2140.56
ORD-202601-01234,2026-01-11,CUST-4377,Desk Organizer,Office,East,Karan,5,634.47
ORD-202601-01235,2026-01-11,CUST-0922,Pen Set,Office,North,Rahul,3,274.98
ORD-202601-01236,2026-01-05,CUST-4589,Laptop Stand,Accessories,North,Priya,5,1642.01
ORD-202601-01237,2026-01-28,CUST-4812,Wireless Mouse,Electronics,West,Amit,3,721.46
ORD-202601-01238,2026-01-09,CUST-4665,Keyboard,Electronics,Central,Sneha,1,1324.16
ORD-202601-01239,2026-01-19,CUST-3255,Webcam,Electronics,West,Neha,3,2010.1
ORD-202601-01240,2026-01-08,CUST-4528,Wireless Mouse,Electronics,,Vikram,4,772.14
ORD-202601-01241,2026-01-28,CUST-4298,Mouse Pad,Accessories,West,Rahul,1,406.87
ORD-202601-01242,2026-01-25,CUST-3195,Office Chair,Furniture,South,Neha,7,6806.0
ORD-202601-01243,2026-01-16,CUST-4460,Monitor Stand,Furniture,East,Neha,4,1823.33
ORD-202601-01244,2026-01-11,CUST-1713,Mouse Pad,Accessories,South,Vikram,1,359.78
ORD-202601-01245,2026-01-21,CUST-4174,Study Table,Furniture,South,Priya,7,5053.43
ORD-202601-01246,2026-01-16,CUST-4628,Monitor Stand,Furniture,East,Karan,6,1838.44
ORD-202601-01247,2026-01-30,CUST-3177,Study Table,Furniture,West,Neha,1,5620.96
ORD-202601-01248,2026-01-21,CUST-0613,Mouse Pad,Accessories,Central,Priya,2,401.06
ORD-202601-01249,2026-01-01,CUST-1071,Laptop Stand,Accessories,South,Amit,3,1485.65
ORD-202601-01250,2026-01-26,CUST-0844,Monitor Stand,Furniture,South,Amit,4,2075.73
ORD-202601-01251,2026-01-06,CUST-2666,Webcam,Electronics,North,Rahul,6,1715.49
ORD-202601-01252,2026-01-10,CUST-2170,USB Hub,Accessories,Central,Ananya,3,857.82
ORD-202601-01253,2026-01-14,CUST-4137,Wireless Mouse,Electronics,West,Karan,5,843.33
ORD-202601-01254,2026-01-07,CUST-1419,Office Chair,Furniture,South,Sneha,1,7572.89
ORD-202601-01255,2026-01-30,CUST-0828,Pen Set,Office,Central,Rahul,5,295.31
ORD-202601-01256,2026-01-31,CUST-3079,Keyboard,Electronics,West,Ananya,7,1190.27
ORD-202601-01257,2026-01-05,CUST-0695,Headphones,Electronics,East,Rahul,4,2648.3
ORD-202601-01258,2026-01-10,CUST-4527,Notebook,Office,South,Priya,4,-100.0
ORD-202601-01259,2026-01-12,CUST-0406,Notebook,Office,East,Vikram,3,195.56
ORD-202601-01260,2026-01-21,CUST-2456,Office Chair,Furniture,North,Ananya,7,6639.75
ORD-202601-01261,2026-01-19,CUST-4744,Webcam,Electronics,North,Karan,1,1725.8
ORD-202601-01262,2026-01-22,CUST-2770,Monitor Stand,Furniture,Central,Amit,3,2035.41
ORD-202601-01263,2026-01-01,CUST-4042,USB Hub,Accessories,South,Ananya,1,972.69
ORD-202601-01264,2026-01-16,CUST-2116,Office Chair,Furniture,North,,7,7248.01
ORD-202601-01265,2026-01-07,CUST-3775,Webcam,Electronics,Central,Rahul,4,1829.59
ORD-202601-01266,2026-01-08,CUST-3538,Wireless Mouse,Electronics,Central,Amit,7,821.83
ORD-202601-01267,2026-01-25,CUST-2569,Wireless Mouse,Electronics,Central,Priya,5,852.06
ORD-202601-01268,2026-01-05,CUST-0504,Laptop Stand,Accessories,North,Neha,4,1491.75
ORD-202601-01269,2026-01-01,CUST-4855,Monitor Stand,Furniture,Central,Priya,4,2126.84
ORD-202601-01270,2026-01-16,CUST-0243,Wireless Mouse,Electronics,South,Rahul,2,781.73
ORD-202601-01271,2026-01-23,CUST-1785,Laptop Stand,Accessories,North,Vikram,4,1453.58
ORD-202601-01272,2026-01-16,CUST-3207,Keyboard,Electronics,Central,Amit,5,1320.56
ORD-202601-01273,2026-01-06,CUST-3846,Monitor Stand,Furniture,South,Sneha,7,1984.88
ORD-202601-01274,2026-01-24,CUST-2675,Pen Set,Office,West,Rahul,4,327.53
ORD-202601-01275,2026-01-12,CUST-2007,Desk Organizer,Office,North,Karan,7,600.96
ORD-202601-01276,2026-01-23,CUST-2037,Desk Organizer,Office,North,Ananya,7,585.24
ORD-202601-01277,2026-01-07,CUST-4879,Pen Set,Office,Central,Karan,4,292.72
ORD-202601-01278,2026-01-29,CUST-1670,Office Chair,Furniture,East,Rahul,4,7066.11
ORD-202601-01279,2026-01-09,CUST-4273,Wireless Mouse,Electronics,Central,Priya,1,775.81
ORD-202601-01280,2026-01-31,CUST-0260,Study Table,Furniture,North,Priya,2,5744.15
ORD-202601-01281,2026-01-12,CUST-3297,Desk Organizer,Office,Central,Priya,7,584.7
ORD-202601-01282,2026-01-23,CUST-3403,Desk Organizer,Office,Central,Vikram,1,585.12
ORD-202601-01283,2026-01-16,CUST-3379,USB Hub,Accessories,Central,Vikram,3,920.03
ORD-202601-01284,2026-01-03,CUST-2108,Office Chair,Furniture,North,Karan,5,6384.27
ORD-202601-01285,2026-01-04,,Laptop Stand,Accessories,North,Sneha,2,1545.58
ORD-202601-01286,2026-01-13,CUST-2227,Wireless Mouse,Electronics,East,Karan,7,799.79
ORD-202601-01287,2026-01-06,CUST-2969,Study Table,Furniture,North,Rahul,5,5447.34
ORD-202601-01288,2026-01-19,CUST-4468,Webcam,Electronics,North,Neha,1,1982.27
ORD-202601-01289,2026-01-05,CUST-3362,Keyboard,Electronics,Central,Sneha,2,1366.09
ORD-202601-01290,2026-01-19,CUST-3688,Pen Set,Office,West,Ananya,6,319.71
ORD-202601-01291,2026-01-07,CUST-4845,Webcam,Electronics,Central,Neha,7,1851.45
ORD-202601-01292,2026-01-06,CUST-1098,Study Table,Furniture,Central,Karan,7,5308.78
ORD-202601-01293,2026-01-12,CUST-2940,USB Hub,Accessories,North,Priya,6,937.54
ORD-202601-01294,2026-01-19,CUST-3286,Wireless Mouse,Electronics,Central,Ananya,1,812.07
ORD-202601-01295,2026-01-13,CUST-3477,Monitor Stand, Furniture,north,Sneha,6,2051.69
ORD-202601-01296,2026-01-11,CUST-0662,Mouse Pad,Accessories,south,Vikram,1,403.43
ORD-202601-01297,2026-01-11,CUST-3802,Webcam,Electronics,South,Vikram,1,2002.57
ORD-202601-01298,2026-01-11,CUST-0971,Pen Set,Office,South,Amit,5,280.46
ORD-202601-01299,2026-01-13,CUST-2046,Mouse Pad,Accessories,West,Vikram,4,403.45
ORD-202601-01300,2026-01-26,CUST-3571,Wireless Mouse,Electronics,North,,5,744.36
ORD-202601-01301,2026-01-18,CUST-1316,Desk Organizer,Office,Central,Sneha,6,587.89
ORD-202601-01302,2026-01-14,CUST-0630,USB Hub,Accessories,Central,Rahul,1,928.49
ORD-202601-01303,2026-01-24,CUST-3377,Desk Organizer,Office,West,Rahul,4,598.17
ORD-202601-01304,2026-01-17,,Study Table,Furniture,North,,6,5366.57
ORD-202601-01305,2026-01-30,CUST-4132,Notebook,Office,East,Ananya,4,214.32
ORD-202601-01306,2026-01-18,CUST-4491,Pen Set,Office,West,Sneha,4,315.31
ORD-202601-01307,2026-01-07,CUST-1750,Webcam,Electronics,South,Rahul,4,1908.99
ORD-202601-01308,2026-01-18,CUST-3692,Webcam,Electronics,South,Priya,7,2069.93
ORD-202601-01309,2026-01-24,CUST-1121,USB Hub,Accessories,East,Karan,1,885.4
ORD-202601-01310,2026-01-07,CUST-4648,Study Table,Furniture,Central,Vikram,7,5815.82
ORD-202601-01311,2026-01-07,CUST-1229,Mouse Pad,Accessories,North,Neha,6,372.5
ORD-202601-01312,2026-01-19,CUST-4410,Laptop Stand,Accessories,East,,6,1434.78
ORD-202601-01313,2026-01-28,CUST-3933,Office Chair,Furniture,South,Neha,3,6772.35
ORD-202601-01314,2026-01-11,CUST-1563,Study Table,Furniture,East,Vikram,4,5065.48
ORD-202601-01315,2026-01-16,CUST-4123,Study Table,Furniture,North,Sneha,3,5500.98
ORD-202601-01316,2026-01-21,CUST-3162,Webcam,Electronics,Central,Priya,2,1782.12
ORD-202601-01317,2026-01-21,CUST-3348,Desk Organizer,Office,East,Sneha,7,615.08
ORD-202601-01318,2026-01-05,CUST-1894,Notebook,Office,Central,Sneha,4,186.67
ORD-202601-01319,2026-01-13,CUST-1171,USB Hub,Accessories,North,Neha,6,831.31
ORD-202601-01320,2026-01-31,CUST-3486,USB Hub,Accessories,East,Rahul,1,983.34
ORD-202601-01321,2026-01-28,CUST-0262,Keyboard,Electronics,West,Priya,6,1340.11
ORD-202601-01322,2026-01-24,CUST-1743,Webcam,Electronics,West,Amit,5,2064.76
ORD-202601-01323,2026-01-01,CUST-0708,Notebook,Office,North,Sneha,-1,198.6
ORD-202601-01324,2026-01-13,CUST-0007,Study Table,Furniture,West,Neha,1,4985.84
ORD-202601-01325,2026-01-02,CUST-0038,Study Table,Furniture,North,Ananya,4,5580.79
ORD-202601-01326,2026-01-10,CUST-0470,Headphones,Electronics,East,Priya,4,2528.15
ORD-202601-01327,2026-01-27,CUST-4699,Pen Set,office,North,Rahul,4,270.0
ORD-202601-01328,2026-01-13,CUST-3856,Keyboard,Electronics,North,Karan,1,1392.85
ORD-202601-01329,2026-01-06,CUST-4947,Pen Set,Office,West,Ananya,4,306.17
ORD-202601-01330,2026-01-23,CUST-0421,Laptop Stand,Accessories,West,Priya,3,1572.36
ORD-202601-01331,2026-01-24,CUST-4988,USB Hub,Accessories,Central,,5,897.91
ORD-202601-01332,2026-01-21,CUST-2998,Desk Organizer,Office,West,Karan,2,613.18
ORD-202601-01333,2026-01-26,CUST-3972,USB Hub,Accessories,East,Amit,4,855.39
ORD-202601-01334,2026-01-22,CUST-4289,Office Chair,Furniture,North,Amit,5,7662.17
ORD-202601-01335,2026-01-20,CUST-1311,Mouse Pad,Accessories,West,Rahul,1,391.08
ORD-202601-01336,2026-01-28,CUST-3706,Monitor Stand,Furniture,South,Sneha,6,1864.0
ORD-202601-01337,2026-01-11,CUST-3238,Pen Set,Office,North,Ananya,6,272.44
ORD-202601-01338,2026-01-15,CUST-2068,Webcam,Electronics,West,Amit,1,1950.72
ORD-202601-01339,2026-01-18,CUST-2460,Office Chair,Furniture,East,Sneha,1,7675.64
ORD-202601-01340,2026-01-21,CUST-1044,USB Hub,Accessories,North,Sneha,6,970.16
ORD-202601-01341,2026-01-15,CUST-0926,Mouse Pad,Accessories,East,Ananya,2,415.13
ORD-202601-01342,2026-01-14,CUST-4613,Keyboard,Electronics,West,Amit,7,1426.46
ORD-202601-01343,2026-01-06,CUST-3659,Keyboard, Electronics,East,Amit,4,1356.89
ORD-202601-01344,2026-01-20,CUST-2832,Notebook,Office,West,Karan,3,192.6
ORD-202601-01345,2026-01-04,CUST-3472,Headphones,Electronics,East,Karan,2,2549.59
ORD-202601-01346,2026-01-15,CUST-2028,Monitor Stand,Furniture ,South,Karan,5,1830.99
ORD-202601-01347,2026-01-13,CUST-1250,Study Table,Furniture,South,Neha,1,5192.91
ORD-202601-01348,2026-01-25,CUST-4711,Desk Organizer,Office,South,Vikram,3,589.12
ORD-202601-01349,2026-01-15,CUST-4948,Desk Organizer,Office,Central,Priya,3,563.28
ORD-202601-01350,2026-01-01,CUST-1076,Notebook,Office,South,Amit,2,217.05
ORD-202601-01351,2026-01-16,CUST-4010,Wireless Mouse,Electronics,West,Priya,3,878.2
ORD-202601-01352,2026-01-07,CUST-2212,USB Hub,Accessories,South,Vikram,4,875.79
ORD-202601-01353,2026-01-12,CUST-3540,Mouse Pad,Accessories,East,Neha,5,415.7
ORD-202601-01354,2026-01-10,CUST-0544,Study Table,Furniture,West,Vikram,1,5397.57
ORD-202601-01355,2026-01-06,CUST-2398,Headphones,Electronics,East,Neha,7,2318.83
ORD-202601-01356,2026-01-30,CUST-0625,Mouse Pad,Accessories,West,Vikram,7,385.99
ORD-202601-01357,2026-01-08,CUST-4073,Laptop Stand,Accessories,Central,Sneha,5,1419.06
ORD-202601-01358,2026-01-16,CUST-1993,Keyboard,Electronics,Central,Ananya,7,1254.33
ORD-202601-01359,2026-01-26,CUST-1319,Keyboard,Electronics,Central,Sneha,3,1224.96
ORD-202601-01360,2026-01-12,CUST-3499,Laptop Stand,Accessories,North,Sneha,6,1382.78
ORD-202601-01361,2026-01-30,CUST-4774,Keyboard,Electronics,West,Vikram,6,1225.59
ORD-202601-01362,2026-01-13,CUST-1695,Wireless Mouse,electronics,West,Sneha,4,863.84
ORD-202601-01363,2026-01-30,CUST-3589,Laptop Stand,Accessories,East,Priya,-1,1374.65
ORD-202601-01364,2026-01-15,CUST-3448,Headphones,Electronics,South,Vikram,4,2411.41
ORD-202601-01365,2026-01-01,CUST-2450,Notebook,Office,,Amit,7,200.13
ORD-202601-01366,2026-01-27,CUST-4026,Wireless Mouse,Electronics,Central,Amit,7,775.75
ORD-202601-01367,2026-01-27,CUST-0640,Webcam,Electronics,Central,Priya,4,1905.69
ORD-202601-01368,2026-01-30,CUST-4388,USB Hub,Accessories,North,Priya,2,816.91
ORD-202601-01369,2026-01-04,CUST-2021,Monitor Stand,Furniture,East,Neha,6,2058.4
ORD-202601-01370,2026-01-27,CUST-0224,Pen Set,Office,East,Ananya,1,302.8
ORD-202601-01371,2026-01-11,CUST-4947,Study Table,Furniture,North,Sneha,2,5698.03
ORD-202601-01372,2026-01-27,CUST-3869,Laptop Stand,Accessories,East,Sneha,4,1519.16
ORD-202601-01373,2026-01-30,CUST-4081,USB Hub,Accessories,Central,Priya,7,887.84
ORD-202601-01374,2026-01-07,CUST-0736,USB Hub,Accessories,South,Neha,3,872.06
ORD-202601-01375,2026-01-12,CUST-3754,Study Table,Furniture,West,Neha,4,5198.13
ORD-202601-01376,2026-01-09,CUST-3492,Monitor Stand,Furniture,Central,Amit,3,1999.03
ORD-202601-01377,2026-01-10,CUST-4514,Monitor Stand,Furniture ,East,Amit,4,1809.52
ORD-202601-01378,2026-01-19,,Desk Organizer,Office,North,Rahul,1,578.42
ORD-202601-01379,2026-01-13,CUST-4638,Mouse Pad,Accessories,South,Karan,5,413.19
ORD-202601-01380,2026-01-21,CUST-3539,Notebook,Office,North,Neha,5,183.43
ORD-202601-01381,2026-01-21,CUST-1269,Monitor Stand,Furniture,,Neha,3,1824.24
ORD-202601-01382,2026-01-07,CUST-1070,Webcam,Electronics,West,Sneha,2,1956.8
ORD-202601-01383,2026-01-02,CUST-4517,Laptop Stand,Accessories,South,Neha,6,1468.35
ORD-202601-01384,2026-01-24,CUST-3225,Study Table,Furniture,East,Ananya,2,5830.95
ORD-202601-01385,2026-01-06,CUST-0592,USB Hub,Accessories,Central,Sneha,1,977.63
ORD-202601-01386,2026-01-07,CUST-0628,Webcam,Electronics,South,Amit,1,2072.58
ORD-202601-01387,2026-01-19,CUST-4138,Notebook,Office,Central,Vikram,7,196.04
ORD-202601-01388,2026-01-09,CUST-0849,Laptop Stand,Accessories,South,Rahul,3,1428.35
ORD-202601-01389,2026-01-06,CUST-1095,Study Table,Furniture,West,Amit,1,5618.45
ORD-202601-01390,2026-01-10,CUST-3073,Study Table,Furniture,North,Amit,7,5639.99
ORD-202601-01391,2026-01-17,CUST-4318,Webcam,Electronics,South,Ananya,2,1945.47
ORD-202601-01392,2026-01-27,CUST-1684,Mouse Pad,Accessories,Central,Ananya,3,384.78
ORD-202601-01393,2026-01-31,CUST-3329,Monitor Stand,Furniture,East,Vikram,1,1824.59
ORD-202601-01394,2026-01-23,CUST-3519,Desk Organizer,Office,East,Ananya,5,564.26
ORD-202601-01395,2026-01-28,,Headphones,Electronics,East,Ananya,5,2326.28
ORD-202601-01396,2026-01-17,CUST-3426,Notebook,Office,South,Amit,6,184.03
ORD-202601-01397,2026-01-13,CUST-1138,Pen Set,Office,Central,,2,324.49
ORD-202601-01398,2026-01-26,CUST-3109,Pen Set,Office,South,Rahul,3,269.93
ORD-202601-01399,2026-01-10,CUST-0018,Wireless Mouse,Electronics,North,Vikram,7,815.28
ORD-202601-01400,2026-01-26,CUST-3653,Webcam,Electronics,Central,Sneha,6,2068.95
ORD-202601-01401,2026-01-31,CUST-3962,Study Table,Furniture,North,Sneha,1,5345.09
ORD-202601-01402,2026-01-13,CUST-3970,Webcam,Electronics,Central,Karan,5,1909.29
ORD-202601-01403,2026-01-20,CUST-0148,Webcam,Electronics,South,Rahul,6,1973.36
ORD-202601-01404,2026-01-25,CUST-4558,Laptop Stand,Accessories,North,Vikram,4,1444.19
ORD-202601-01405,2026-01-25,CUST-2173,Headphones,Electronics,South,Amit,5,2487.83
ORD-202601-01406,2026-01-07,CUST-0403,Headphones,Electronics,West,Neha,1,2657.49
ORD-202601-01407,2026-01-30,CUST-2673,Laptop Stand,Accessories,East,Amit,1,1572.56
ORD-202601-01408,2026-01-16,CUST-2858,Study Table,Furniture,North,Sneha,1,5838.23
ORD-202601-01409,2026-01-02,CUST-2011,Wireless Mouse,Electronics, South,Neha,2,876.88
ORD-202601-01410,2026-01-04,CUST-3744,Webcam,Electronics,South,Ananya,7,1849.75
ORD-202601-01411,2026-01-23,CUST-2719,Wireless Mouse,Electronics,West,Amit,5,838.49
ORD-202601-01412,2026-01-14,CUST-1085,Notebook,Office,,Sneha,6,203.09
ORD-202601-01413,2026-01-04,CUST-3101,Webcam,Electronics,South,Vikram,3,1962.28
ORD-202601-01414,2026-01-17,CUST-1319,Office Chair,Furniture,Central,Amit,7,7334.78
ORD-202601-01415,,CUST-0594,Notebook,Office,East,Rahul,2,208.94
ORD-202601-01416,2026-01-03,CUST-1335,Office Chair,Furniture,North,Priya,7,7538.97
ORD-202601-01417,2026-01-11,CUST-4528,Pen Set,Office,South,Amit,1,289.99
ORD-202601-01418,2026-01-15,CUST-2862,USB Hub,Accessories,Central,Amit,1,926.6
ORD-202601-01419,2026-01-25,CUST-1589,Study Table,Furniture,Central,Ananya,1,5257.36
ORD-202601-01420,2026-01-21,CUST-1831,Mouse Pad,Accessories,West,Karan,6,406.55
ORD-202601-01421,2026-01-03,CUST-4300,Monitor Stand,Furniture,South,Ananya,2,2099.42
ORD-202601-01422,2026-01-20,CUST-3331,Monitor Stand,Furniture,West,Ananya,4,2115.34
ORD-202601-01423,2026-01-28,CUST-3869,Notebook,Office,West,Amit,4,195.82
ORD-202601-01424,2026-01-02,CUST-3052,Pen Set,Office,West,Priya,-1,299.52
ORD-202601-01425,2026-01-31,CUST-4962,Webcam,Electronics,East,Amit,3,1835.9
ORD-202601-01426,2026-01-03,CUST-3286,Office Chair,Furniture,East,Sneha,1,6535.72
ORD-202601-01427,2026-01-20,CUST-2002,Pen Set,Office ,Central,Ananya,3,284.68
ORD-202601-01428,2026-01-11,CUST-1262,Study Table,Furniture,Central,Sneha,3,5952.27
ORD-202601-01429,2026-01-23,CUST-0232,Webcam,Electronics,East,Sneha,6,1826.45
ORD-202601-01430,2026-01-27,CUST-3837,Office Chair,Furniture,South,Priya,6,7663.57
ORD-202601-01431,2026-01-27,CUST-4665,Mouse Pad,Accessories,East,Vikram,1,378.37
ORD-202601-01432,2026-01-27,CUST-3321,Headphones,Electronics,East,Ananya,6,2610.49
ORD-202601-01433,2026-01-26,CUST-2436,Headphones,Electronics,West,Ananya,1,2535.94
ORD-202601-01434,2026-01-10,CUST-0654,Notebook,Office,South,Ananya,5,206.84
ORD-202601-01435,2026-01-15,CUST-3220,Laptop Stand,Accessories,North,Neha,3,1542.16
ORD-202601-01436,2026-01-23,CUST-1001,Keyboard,Electronics,Central,Amit,3,1352.71
ORD-202601-01437,2026-01-06,CUST-3111,USB Hub,Accessories,Central,Sneha,4,971.92
ORD-202601-01438,2026-01-18,CUST-1505,Pen Set,Office,,Ananya,3,302.8
ORD-202601-01439,2026-01-17,CUST-4330,Laptop Stand,Accessories,South,Karan,6,1369.44
ORD-202601-01440,2026-01-31,CUST-4681,Monitor Stand,Furniture,East,,7,1907.38
ORD-202601-01441,2026-01-02,CUST-1172,Office Chair,Furniture,West,Amit,6,7290.46
ORD-202601-01442,2026-01-03,CUST-1632,Mouse Pad,Accessories,West,Sneha,4,398.53
ORD-202601-01443,2026-01-01,CUST-4611,Monitor Stand,Furniture,South,Karan,4,2018.41
ORD-202601-01444,2026-01-17,CUST-0100,USB Hub,Accessories,South,Karan,4,916.37
ORD-202601-01445,2026-01-18,CUST-2584,Keyboard,Electronics,East,Neha,6,1268.51
ORD-202601-01446,2026-01-19,CUST-0709,Wireless Mouse,Electronics,South,Sneha,4,842.77
ORD-202601-01447,2026-01-08,CUST-2165,Monitor Stand,Furniture,East,Priya,4,2088.37
ORD-202601-01448,2026-01-10,CUST-0161,Monitor Stand,Furniture,South,Karan,3,2084.68
ORD-202601-01449,2026-01-13,CUST-0703,Desk Organizer,Office,North,Neha,3,624.79
ORD-202601-01450,2026-01-02,CUST-2015,Keyboard,Electronics,West,Priya,4,1400.42
ORD-202601-01451,2026-01-24,CUST-0301,Webcam,Electronics,West,Ananya,5,1935.23
ORD-202601-01452,2026-01-02,CUST-3986,Wireless Mouse,Electronics,South,Rahul,4,873.64
ORD-202601-01453,2026-01-21,CUST-2891,Wireless Mouse,Electronics,East,Priya,6,738.15
ORD-202601-01454,2026-01-15,CUST-2253,Webcam,Electronics,East,Ananya,6,1949.12
ORD-202601-01455,2026-01-31,CUST-2362,Notebook,Office,North,Karan,4,207.63
ORD-202601-01456,2026-01-22,CUST-4195,Wireless Mouse,Electronics,East ,Rahul,7,795.36
ORD-202601-01457,2026-01-15,CUST-4228,Monitor Stand,Furniture,East,Sneha,2,1914.33
ORD-202601-01458,2026-01-22,CUST-0238,USB Hub,Accessories,Central,Ananya,7,908.0
ORD-202601-01459,2026-01-04,CUST-3427,Webcam,Electronics,South,Amit,3,1847.63
ORD-202601-01460,2026-01-06,,Mouse Pad,Accessories,West,Rahul,4,431.65
ORD-202601-01461,2026-01-16,CUST-3915,Office Chair,Furniture,South,Sneha,2,6798.54
ORD-202601-01462,2026-01-27,CUST-3936,Laptop Stand,Accessories,North,Priya,4,1401.78
ORD-202601-01463,2026-01-26,CUST-3542,Wireless Mouse,Electronics,South,Sneha,3,811.21
ORD-202601-01464,2026-01-12,CUST-3374,Wireless Mouse,Electronics,Central,Vikram,5,782.38
ORD-202601-01465,2026-01-09,CUST-1060,Study Table,Furniture,South,Ananya,1,5054.57
ORD-202601-01466,2026-01-30,CUST-4265,Keyboard,Electronics,Central,Ananya,6,1315.85
ORD-202601-01467,2026-01-18,CUST-3505,Pen Set,Office,West,Vikram,7,301.26
ORD-202601-01468,2026-01-04,CUST-1370,Laptop Stand,Accessories,West,Vikram,4,1401.02
ORD-202601-01469,2026-01-07,CUST-1164,Office Chair,Furniture,,Vikram,4,7135.67
ORD-202601-01470,2026-01-26,CUST-2505,Wireless Mouse,Electronics, East,Ananya,5,809.76
ORD-202601-01471,2026-01-28,CUST-1715,Study Table,Furniture,West,,2,5799.92
ORD-202601-01472,2026-01-29,CUST-3385,Desk Organizer,Office,North,Neha,6,582.42
ORD-202601-01473,2026-01-01,CUST-2033,USB Hub,Accessories,West,Neha,2,853.83
ORD-202601-01474,2026-01-26,CUST-0843,Headphones,Electronics,West,Karan,5,2724.52
ORD-202601-01475,2026-01-04,CUST-1976,Monitor Stand,Furniture,North,Karan,3,2023.47
ORD-202601-01476,2026-01-26,CUST-4080,Webcam,Electronics,East,Ananya,6,1719.41
ORD-202601-01477,2026-01-28,CUST-4154,Mouse Pad,Accessories,East,Neha,6,424.59
ORD-202601-01478,2026-01-12,CUST-1558,USB Hub,Accessories,South,Vikram,2,844.48
ORD-202601-01479,2026-01-07,CUST-3980,Headphones,Electronics,North,Vikram,5,2641.96
ORD-202601-01480,2026-01-23,CUST-0467,USB Hub,Accessories,North,Neha,4,935.89
ORD-202601-01481,2026-01-03,CUST-4921,Keyboard,Electronics,South,Priya,3,1420.8
ORD-202601-01482,2026-01-18,CUST-3829,Wireless Mouse,Electronics,South,Vikram,5,873.4
ORD-202601-01483,2026-01-11,CUST-0205,Webcam,Electronics,South,,7,1813.32
ORD-202601-01484,2026-01-14,CUST-3526,Keyboard,Electronics,West,Amit,1,1368.22
ORD-202601-01485,2026-01-26,CUST-2471,USB Hub,Accessories,East,Sneha,-1,866.07
ORD-202601-01486,,CUST-4419,Study Table,Furniture,North,Ananya,6,5641.09
ORD-202601-01487,2026-01-13,CUST-1200,Headphones,Electronics,North,Amit,4,2547.85
ORD-202601-01488,2026-01-10,CUST-4461,Wireless Mouse,Electronics,West,Priya,5,-100.0
ORD-202601-01489,2026-01-26,CUST-4354,Keyboard,Electronics,Central,Vikram,3,1170.45
ORD-202601-01490,2026-01-13,CUST-1393,Mouse Pad,Accessories,Central,Karan,1,363.71
ORD-202601-01491,2026-01-07,CUST-2162,Webcam,Electronics,,Neha,5,1757.69
ORD-202601-01492,2026-01-28,CUST-3207,Mouse Pad,Accessories,South,Karan,6,379.66
ORD-202601-01493,2026-01-31,CUST-1202,Wireless Mouse,Electronics,West,Priya,2,864.03
ORD-202601-01494,2026-01-09,CUST-4996,Laptop Stand,Accessories,North,Vikram,6,1504.59
ORD-202601-01495,2026-01-05,CUST-0955,USB Hub,Accessories,North,Karan,6,952.38
ORD-202601-01496,2026-01-05,CUST-1220,USB Hub,Accessories,North,Karan,6,959.83
ORD-202601-01497,2026-01-19,CUST-2504,Notebook,Office,North,Priya,3,208.35
ORD-202601-01498,2026-01-10,CUST-2365,Office Chair,Furniture,South,Ananya,3,6846.96
ORD-202601-01499,2026-01-20,CUST-0251,Mouse Pad,Accessories,North,Amit,3,428.04
ORD-202601-01500,2026-01-24,CUST-4551,Office Chair,Furniture,Central,Priya,6,7337.82
ORD-202601-01501,2026-01-01,CUST-1201,Mouse Pad,Accessories,West,Sneha,7,418.4
ORD-202601-01502,2026-01-27,CUST-0516,Webcam,Electronics,West,Ananya,3,2051.52
ORD-202601-01503,2026-01-01,CUST-2597,Headphones,Electronics,North,Priya,7,2548.31
ORD-202601-01504,2026-01-04,CUST-4642,Laptop Stand,Accessories,Central,Sneha,4,1507.57
ORD-202601-01505,2026-01-23,CUST-0012,Notebook,Office,North,Sneha,3,214.53
ORD-202601-01506,2026-01-20,CUST-2441,Webcam,Electronics,Central,Amit,1,1881.7
ORD-202601-01507,2026-01-31,CUST-4554,Study Table,Furniture,West,Amit,5,5841.67
ORD-202601-01508,2026-01-18,CUST-4466,Mouse Pad,Accessories,South,Priya,5,363.4
ORD-202601-01509,2026-01-13,CUST-0855,Study Table,Furniture,North,Karan,7,4950.52
ORD-202601-01510,2026-01-21,CUST-3107,Pen Set,Office,West,Vikram,6,300.69
ORD-202601-01511,2026-01-24,CUST-4180,Laptop Stand,Accessories,central,Vikram,1,1371.17
ORD-202601-01512,2026-01-21,CUST-3358,Headphones,Electronics,East,Neha,4,2737.18
ORD-202601-01513,2026-01-12,CUST-3287,Desk Organizer,Office,North,Neha,6,539.76
ORD-202601-01514,2026-01-30,CUST-3865,Laptop Stand,Accessories,East,Ananya,4,1564.4
ORD-202601-01515,2026-01-10,CUST-2267,Webcam,Electronics,East,Amit,4,1801.54
ORD-202601-01516,2026-01-11,CUST-0336,Monitor Stand,Furniture,South,Vikram,6,2185.93
ORD-202601-01517,2026-01-09,CUST-3198,Mouse Pad,Accessories,Central,Priya,5,389.55
ORD-202601-01518,2026-01-10,CUST-3139,Wireless Mouse,Electronics,,Karan,5,723.46
ORD-202601-01519,2026-01-07,CUST-4258,Mouse Pad,Accessories,South,Priya,4,361.25
ORD-202601-01520,2026-01-19,CUST-4620,USB Hub,Accessories, West,Amit,2,908.6
ORD-202601-01521,2026-01-23,CUST-1689,Study Table,Furniture,West,Neha,4,6034.29
ORD-202601-01522,2026-01-14,CUST-4781,Desk Organizer,Office,West,Neha,7,656.48
ORD-202601-01523,2026-01-29,CUST-0050,Headphones,Electronics,East,Vikram,5,2417.67
ORD-202601-01524,2026-01-15,CUST-4842,Keyboard,Electronics,,Karan,5,1294.51
ORD-202601-01525,2026-01-15,CUST-0687,Notebook,Office,South,Ananya,1,183.1
ORD-202601-01526,2026-01-03,CUST-3230,Wireless Mouse,Electronics,North,Rahul,7,802.54
ORD-202601-01527,2026-01-29,CUST-3417,Laptop Stand,Accessories,North,Ananya,2,1528.89
ORD-202601-01528,2026-01-05,CUST-3167,Keyboard,Electronics,East,Vikram,7,1234.33
ORD-202601-01529,2026-01-06,CUST-4955,Wireless Mouse,Electronics,East,Priya,4,816.92
ORD-202601-01530,2026-01-29,CUST-2763,Study Table,Furniture,West,Amit,7,5938.58
ORD-202601-01531,2026-01-17,CUST-0658,Keyboard,Electronics,Central,Amit,7,1169.35
ORD-202601-01532,2026-01-03,CUST-3038,Wireless Mouse,Electronics,East,Priya,6,755.68
ORD-202601-01533,2026-01-14,CUST-1455,Monitor Stand,Furniture,North,Karan,7,1883.03
ORD-202601-01534,2026-01-19,CUST-3061,Headphones,Electronics,North,,5,2311.02
ORD-202601-01535,2026-01-01,CUST-1904,Office Chair,Furniture ,South,Neha,6,6531.61
ORD-202601-01536,2026-01-24,CUST-0213,Wireless Mouse,Electronics,South,Neha,2,819.12
ORD-202601-01537,2026-01-21,CUST-3188,Keyboard,Electronics,North,Rahul,1,1195.78
ORD-202601-01538,2026-01-01,CUST-0445,Keyboard,Electronics,West,Ananya,4,1360.97
ORD-202601-01539,2026-01-20,CUST-1640,Desk Organizer,Office ,South,Amit,6,645.37
ORD-202601-01540,2026-01-07,CUST-3098,Pen Set,Office,West,Vikram,6,324.51
ORD-202601-01541,2026-01-23,CUST-4406,Mouse Pad,Accessories,South,Sneha,4,411.78
ORD-202601-01542,2026-01-12,CUST-1572,Webcam,Electronics,North,Sneha,4,1784.07
ORD-202601-01543,2026-01-07,CUST-1493,Keyboard,Electronics,North,Rahul,5,1191.26
ORD-202601-01544,2026-01-16,CUST-1508,Notebook,Office,East,Karan,7,188.33
ORD-202601-01545,2026-01-14,CUST-2876,Headphones,Electronics,East,Priya,6,2729.89
ORD-202601-01546,2026-01-11,CUST-0968,Notebook,Office,East,Priya,1,217.4
ORD-202601-01547,2026-01-28,CUST-2636,Pen Set,Office,Central,Rahul,5,291.94
ORD-202601-01548,2026-01-21,CUST-4006,Study Table,Furniture,West,Amit,3,5307.41
ORD-202601-01549,2026-01-16,CUST-0404,Mouse Pad,Accessories,West,Rahul,6,399.8
ORD-202601-01550,2026-01-08,CUST-4822,Wireless Mouse,Electronics,North,Karan,4,765.71
ORD-202601-01551,2026-01-18,CUST-2660,Webcam,Electronics,,Karan,7,2081.18
ORD-202601-01552,2026-01-01,CUST-3139,Study Table,Furniture,West,Rahul,4,5192.4
ORD-202601-01553,2026-01-28,CUST-3087,Mouse Pad,Accessories,East,Rahul,5,388.56
ORD-202601-01554,2026-01-01,,Pen Set,Office,Central,Rahul,1,294.78
ORD-202601-01555,2026-01-22,CUST-3324,USB Hub,Accessories,East,Amit,7,831.59
ORD-202601-01556,2026-01-11,CUST-4420,Headphones,Electronics, South,Priya,2,2440.44
ORD-202601-01557,,CUST-1430,Study Table,Furniture,Central,Sneha,3,5891.33
ORD-202601-01558,2026-01-12,CUST-1090,Office Chair, Furniture,South,Ananya,6,6495.58
ORD-202601-01559,2026-01-01,CUST-3218,Monitor Stand,Furniture,East,Ananya,7,2032.59
ORD-202601-01560,2026-01-30,CUST-0768,Study Table,Furniture,North,Rahul,4,5396.32
ORD-202601-01561,2026-01-24,CUST-0556,Webcam,Electronics,North,Karan,4,1773.87
ORD-202601-01562,2026-01-02,CUST-1058,Webcam,Electronics,North,Priya,1,1713.79
ORD-202601-01563,2026-01-02,CUST-1355,Webcam,Electronics ,East,Sneha,7,1812.92
ORD-202601-01564,2026-01-17,CUST-0482,Study Table,Furniture,Central,Vikram,1,5017.1
ORD-202601-01565,2026-01-30,CUST-3644,Notebook,Office,North,Rahul,1,194.1
ORD-202601-01566,2026-01-18,CUST-2915,USB Hub,Accessories,Central,Karan,4,954.78
ORD-202601-01567,2026-01-01,CUST-1002,Monitor Stand,Furniture,Central,Neha,1,2086.83
ORD-202601-01568,2026-01-22,CUST-1414,Notebook,Office,North,Rahul,2,216.81
ORD-202601-01569,2026-01-14,CUST-4650,Study Table,Furniture,North,Ananya,5,5418.73
ORD-202601-01570,2026-01-20,CUST-4565,Monitor Stand,Furniture,Central,Ananya,5,2082.08
ORD-202601-01571,2026-01-11,CUST-0616,Keyboard,Electronics,East,Vikram,3,1341.96
ORD-202601-01572,2026-01-01,CUST-3068,Laptop Stand,Accessories,North,Neha,6,1414.17
ORD-202601-01573,2026-01-01,CUST-1616,Desk Organizer,Office,Central,Rahul,5,575.47
ORD-202601-01574,2026-01-20,CUST-1799,Office Chair,Furniture,East,Neha,2,7040.76
ORD-202601-01575,2026-01-20,CUST-2999,Keyboard,Electronics,West,Karan,5,1376.07
ORD-202601-01576,2026-01-10,CUST-4924,Laptop Stand,Accessories,West,Rahul,5,1487.55
ORD-202601-01577,2026-01-03,CUST-2914,Notebook,Office,,Sneha,6,188.16
ORD-202601-01578,2026-01-24,CUST-4766,Office Chair,Furniture,South,Priya,2,7689.75
ORD-202601-01579,2026-01-05,CUST-4102,Keyboard,Electronics,North,Priya,2,1199.13
ORD-202601-01580,2026-01-06,CUST-3894,Notebook,Office,East,Rahul,3,217.14
ORD-202601-01581,2026-01-15,CUST-3952,Webcam,Electronics,Central,Amit,3,2016.38
ORD-202601-01582,2026-01-23,CUST-3959,Headphones,Electronics,West,Sneha,7,2668.38
ORD-202601-01583,2026-01-31,CUST-1277,Mouse Pad,Accessories,West,Rahul,6,422.53
ORD-202601-01584,2026-01-20,CUST-4887,USB Hub,Accessories, North,Amit,4,846.53
ORD-202601-01585,2026-01-30,CUST-4592,Pen Set,Office,East,Vikram,4,306.93
ORD-202601-01586,2026-01-21,CUST-3003,Laptop Stand,Accessories,Central,Sneha,7,1575.97
ORD-202601-01587,2026-01-27,CUST-3556,Office Chair,Furniture,North,Sneha,4,7342.91
ORD-202601-01588,2026-01-06,CUST-4401,Keyboard,Electronics,South,Amit,2,1239.65
ORD-202601-01589,2026-01-02,CUST-0764,Study Table,Furniture,West,Karan,1,5148.3
ORD-202601-01590,2026-01-21,CUST-0325,Wireless Mouse,Electronics,,Rahul,3,771.53
ORD-202601-01591,2026-01-31,CUST-4979,Desk Organizer,Office,South,Karan,5,596.59
ORD-202601-01592,2026-01-23,CUST-2771,Laptop Stand,Accessories,Central,Vikram,4,1521.12
ORD-202601-01593,2026-01-11,CUST-3611,Laptop Stand,Accessories,North,Ananya,3,1600.02
ORD-202601-01594,2026-01-16,CUST-2513,Wireless Mouse,Electronics,East,,4,841.99
ORD-202601-01595,2026-01-04,CUST-2587,Desk Organizer,Office,South,Sneha,7,620.1
ORD-202601-01596,2026-01-11,CUST-0189,Headphones,Electronics,South,Priya,7,2380.79
ORD-202601-01597,2026-01-22,CUST-1448,Pen Set,Office,South,Ananya,2,297.74
ORD-202601-01598,2026-01-06,CUST-0435,Desk Organizer,Office,South,Priya,1,579.29
ORD-202601-01599,2026-01-15,CUST-2162,Office Chair,Furniture,West,Sneha,2,6627.95
ORD-202601-01600,2026-01-09,CUST-0110,Desk Organizer,Office,North,Ananya,6,540.33
ORD-202601-01601,2026-01-16,CUST-4013,Webcam,Electronics,North,Priya,4,1838.03
ORD-202601-01602,2026-01-24,CUST-1471,Desk Organizer,Office,South,Rahul,7,569.78
ORD-202601-01603,2026-01-28,CUST-3706,Office Chair,Furniture,Central,Sneha,5,7099.65
ORD-202601-01604,2026-01-13,CUST-0268,Laptop Stand,Accessories,South,Ananya,4,1367.78
ORD-202601-01605,2026-01-26,CUST-0167,Keyboard,Electronics,North,Priya,2,1239.38
ORD-202601-01606,2026-01-22,CUST-2116,Study Table,Furniture,East,Karan,3,4998.34
ORD-202601-01607,2026-01-29,CUST-3941,Keyboard,Electronics,West,Ananya,2,1335.74
ORD-202601-01608,2026-01-23,CUST-4064,Notebook,Office,East,Amit,4,201.71
ORD-202601-01609,2026-01-18,CUST-2724,Webcam,Electronics,North,Rahul,2,1837.27
ORD-202601-01610,2026-01-21,CUST-3070,Keyboard,Electronics,Central,,3,1207.38
ORD-202601-01611,2026-01-10,CUST-3444,Office Chair,Furniture,Central,Rahul,1,7640.0
ORD-202601-01612,2026-01-21,CUST-3369,Keyboard,Electronics,Central,Amit,6,1320.93
ORD-202601-01613,2026-01-22,CUST-3706,Pen Set,Office,Central,Vikram,7,309.71
ORD-202601-01614,2026-01-19,,Desk Organizer,Office,South,Sneha,4,602.76
ORD-202601-01615,2026-01-04,CUST-2145,Wireless Mouse,Electronics,East,Vikram,4,847.98
ORD-202601-01616,2026-01-17,CUST-4198,Headphones,Electronics,Central,Sneha,7,2697.11
ORD-202601-01617,2026-01-23,CUST-2199,Office Chair,Furniture,East,Amit,4,6834.82
ORD-202601-01618,2026-01-07,CUST-0731,Mouse Pad,Accessories,Central,Ananya,5,-100.0
ORD-202601-01619,2026-01-25,CUST-3327,Keyboard,Electronics,West,Ananya,3,1228.82
ORD-202601-01620,2026-01-27,CUST-1514,Monitor Stand,Furniture,Central,Sneha,4,2059.71
ORD-202601-01621,2026-01-17,CUST-2557,Webcam,Electronics,North,Vikram,4,1860.7
ORD-202601-01622,2026-01-30,CUST-2584,Wireless Mouse,Electronics,West,Karan,5,720.18
ORD-202601-01623,2026-01-27,CUST-3482,Monitor Stand,Furniture,Central,Priya,5,2181.12
ORD-202601-01624,2026-01-15,,Wireless Mouse,Electronics,North,Amit,4,857.88
ORD-202601-01625,2026-01-28,CUST-3469,Notebook,Office,West,Ananya,1,190.68
ORD-202601-01626,2026-01-29,CUST-4991,Monitor Stand,Furniture,North,Amit,7,2198.0
ORD-202601-01627,2026-01-04,CUST-0095,Notebook,Office,Central,Karan,7,191.72
ORD-202601-01628,2026-01-31,CUST-3914,Notebook,Office,Central,Amit,2,197.36
ORD-202601-01629,2026-01-01,CUST-2086,USB Hub,Accessories,North,Ananya,3,962.16
ORD-202601-01630,2026-01-16,CUST-3647,Keyboard,Electronics,East,Neha,7,1248.23
ORD-202601-01631,2026-01-30,CUST-0427,Notebook,Office,South,Ananya,3,197.03
ORD-202601-01632,2026-01-23,CUST-2639,Study Table,Furniture,Central,Vikram,6,5681.11
ORD-202601-01633,2026-01-09,CUST-0150,Keyboard,Electronics,South,Neha,6,1203.0
ORD-202601-01634,2026-01-20,CUST-3329,Study Table,Furniture,West,Neha,7,5413.6
ORD-202601-01635,2026-01-07,CUST-1083,USB Hub,Accessories,North,Vikram,1,864.73
ORD-202601-01636,2026-01-08,CUST-0723,Mouse Pad,Accessories,South,Ananya,4,413.11
ORD-202601-01637,2026-01-29,CUST-0396,Headphones,Electronics,Central,Ananya,4,2317.06
ORD-202601-01638,2026-01-02,CUST-1346,Pen Set,Office,South,Neha,6,283.02
ORD-202601-01639,2026-01-30,CUST-4799,Headphones,Electronics, West,Rahul,2,2604.65
ORD-202601-01640,2026-01-15,,Webcam,Electronics,Central,Amit,3,1768.43
ORD-202601-01641,2026-01-03,CUST-0402,Desk Organizer,Office,Central,Karan,2,589.66
ORD-202601-01642,2026-01-25,CUST-4899,Wireless Mouse,Electronics,North,Priya,6,833.02
ORD-202601-01643,2026-01-02,CUST-2938,USB Hub,Accessories,South,Neha,7,946.73
ORD-202601-01644,2026-01-11,CUST-1615,Notebook,Office,West,Sneha,1,182.88
ORD-202601-01645,2026-01-08,CUST-4712,Keyboard,Electronics,Central,Karan,2,1390.45
ORD-202601-01646,2026-01-25,CUST-1206,Webcam,Electronics,Central,Rahul,3,1984.06
ORD-202601-01647,2026-01-13,CUST-0909,Laptop Stand,Accessories,West,Neha,7,1450.82
ORD-202601-01648,2026-01-21,CUST-1148,Pen Set,Office,North,Rahul,4,314.78
ORD-202601-01649,2026-01-03,CUST-0729,Monitor Stand,Furniture,West,Ananya,2,2090.27
ORD-202601-01650,2026-01-22,CUST-2425,Office Chair,Furniture,South,Priya,3,7140.23
ORD-202601-01651,2026-01-23,CUST-0703,Headphones,Electronics,Central,Sneha,5,2528.23
ORD-202601-01652,2026-01-09,CUST-1119,Wireless Mouse,Electronics,East,Sneha,3,-100.0
ORD-202601-01653,2026-01-28,CUST-1857,Wireless Mouse,Electronics,North,Rahul,1,878.78
ORD-202601-01654,2026-01-15,CUST-3243,Notebook,Office,Central,Priya,6,202.13
ORD-202601-01655,2026-01-21,CUST-4291,Headphones,Electronics,Central,Vikram,3,2653.3
ORD-202601-01656,2026-01-06,CUST-0375,Webcam,Electronics,East,Ananya,2,1991.78
ORD-202601-01657,2026-01-29,CUST-3154,Study Table,Furniture,Central,Ananya,6,5890.32
ORD-202601-01658,2026-01-08,,Study Table,Furniture,North,Amit,6,5998.89
ORD-202601-01659,2026-01-20,CUST-4954,Office Chair,Furniture,South,Ananya,2,6569.38
ORD-202601-01660,2026-01-03,CUST-1385,Webcam,Electronics,North,Amit,1,1771.94
ORD-202601-01661,2026-01-02,CUST-4285,Pen Set,Office,South,,1,304.16
ORD-202601-01662,2026-01-04,CUST-3888,Notebook,Office,South,Ananya,6,196.98
ORD-202601-01663,2026-01-30,CUST-1622,Headphones,Electronics, East,Sneha,5,2534.35
ORD-202601-01664,2026-01-07,CUST-1617,Notebook,Office,South,Ananya,6,210.86
ORD-202601-01665,2026-01-28,CUST-1586,Mouse Pad,Accessories,East,Priya,5,433.45
ORD-202601-01666,2026-01-18,CUST-2355,USB Hub,Accessories,South,Ananya,3,884.15
ORD-202601-01667,2026-01-03,CUST-2211,Desk Organizer,Office,South,Amit,5,625.11
ORD-202601-01668,2026-01-14,CUST-3284,Pen Set,Office,Central,Priya,6,280.87
ORD-202601-01669,2026-01-15,CUST-2322,Mouse Pad,Accessories,East,Amit,3,401.76
ORD-202601-01670,2026-01-09,CUST-3943,Desk Organizer,Office,,Sneha,7,541.71
ORD-202601-01671,2026-01-19,CUST-2333,Desk Organizer,Office,South,Rahul,7,599.45
ORD-202601-01672,2026-01-27,CUST-1536,Notebook,Office,Central,Vikram,6,200.8
ORD-202601-01673,2026-01-28,CUST-1634,Webcam,Electronics,North,Karan,7,1988.42
ORD-202601-01674,2026-01-17,CUST-3655,Desk Organizer,Office,Central,Sneha,3,616.91
ORD-202601-01675,2026-01-28,CUST-0703,Desk Organizer,Office,South,Sneha,1,582.04
ORD-202601-01676,,,Monitor Stand,Furniture,West,Priya,4,1801.39
ORD-202601-01677,2026-01-03,CUST-1559,Keyboard,Electronics,East,Neha,6,1199.1
ORD-202601-01678,2026-01-20,CUST-3223,USB Hub,Accessories,West,Neha,6,984.06
ORD-202601-01679,2026-01-24,CUST-0646,Monitor Stand,Furniture,West,Karan,3,2167.85
ORD-202601-01680,2026-01-01,CUST-2255,Mouse Pad,Accessories,North,Rahul,3,385.04
ORD-202601-01681,2026-01-19,CUST-3374,Monitor Stand,Furniture,South,Priya,4,1902.59
ORD-202601-01682,2026-01-29,CUST-4634,Wireless Mouse,Electronics,East,Karan,6,788.84
ORD-202601-01683,2026-01-09,CUST-2189,Wireless Mouse,Electronics,South,Neha,1,829.35
ORD-202601-01684,2026-01-27,CUST-4911,Office Chair,Furniture,South,Ananya,3,6798.59
ORD-202601-01685,2026-01-29,CUST-3039,Laptop Stand,Accessories,Central,Neha,2,1369.27
ORD-202601-01686,2026-01-20,CUST-3871,Mouse Pad,Accessories,South,Neha,6,391.24
ORD-202601-01687,2026-01-20,CUST-1215,USB Hub,Accessories,North,Amit,4,855.95
ORD-202601-01688,2026-01-17,CUST-4578,USB Hub,Accessories,East,Amit,1,867.52
ORD-202601-01689,2026-01-13,,Monitor Stand,Furniture,North,Amit,2,1864.25
ORD-202601-01690,2026-01-15,CUST-0683,Keyboard,Electronics,North,Priya,1,1340.27
ORD-202601-01691,2026-01-17,CUST-0396,Office Chair,Furniture,Central,Rahul,4,7036.28
ORD-202601-01692,2026-01-15,CUST-3273,Study Table,Furniture,South,Amit,7,5247.0
ORD-202601-01693,2026-01-26,CUST-3142,Pen Set,Office,North,Priya,4,302.22
ORD-202601-01694,2026-01-24,CUST-0992,USB Hub,Accessories,West,Karan,7,897.69
ORD-202601-01695,2026-01-11,CUST-4394,Headphones,Electronics,East,Karan,6,2646.93
ORD-202601-01696,2026-01-16,CUST-1385,Pen Set,Office,East,Rahul,7,326.27
ORD-202601-01697,2026-01-07,CUST-3050,Mouse Pad,Accessories,East,Sneha,3,369.53
ORD-202601-01698,2026-01-06,CUST-2615,Keyboard,Electronics,North,Amit,7,1398.74
ORD-202601-01699,2026-01-12,CUST-2962,Laptop Stand,Accessories,Central,Amit,2,1560.4
ORD-202601-01700,2026-01-02,CUST-3710,Monitor Stand,Furniture,North,Rahul,4,2075.98
ORD-202601-01701,2026-01-27,CUST-4637,Webcam,Electronics,East,Rahul,5,1851.26
ORD-202601-01702,2026-01-04,CUST-3608,Headphones,Electronics,South,Amit,3,2420.99
ORD-202601-01703,2026-01-11,CUST-4536,Pen Set,Office,West,Karan,2,269.44
ORD-202601-01704,2026-01-08,CUST-4348,Headphones,Electronics,East,Sneha,1,2740.01
ORD-202601-01705,2026-01-07,CUST-1795,Study Table,Furniture,South,Rahul,1,5616.14
ORD-202601-01706,2026-01-12,CUST-2797,Study Table,Furniture,East,Rahul,4,5391.58
ORD-202601-01707,2026-01-23,CUST-0991,Monitor Stand,Furniture,South,Ananya,7,2016.5
ORD-202601-01708,2026-01-28,CUST-4632,Study Table,Furniture,North,Sneha,2,4993.67
ORD-202601-01709,2026-01-06,CUST-4836,Webcam,Electronics,Central,Rahul,4,1775.05
ORD-202601-01710,2026-01-08,CUST-4440,Headphones,Electronics,West,Ananya,7,2560.66
ORD-202601-01711,2026-01-15,CUST-3713,Laptop Stand,Accessories,West,Amit,6,1503.28
ORD-202601-01712,2026-01-10,CUST-4246,Mouse Pad,Accessories,Central,Vikram,1,421.91
ORD-202601-01713,2026-01-25,CUST-3971,Study Table,Furniture,Central,Sneha,4,5673.59
ORD-202601-01714,2026-01-07,CUST-1148,Desk Organizer,Office,East,Neha,2,611.15
ORD-202601-01715,2026-01-13,CUST-1320,Pen Set,Office,West,Ananya,2,317.85
ORD-202601-01716,2026-01-17,CUST-2658,Study Table,Furniture,East,Ananya,2,5024.18
ORD-202601-01717,2026-01-12,CUST-2103,Pen Set,Office,South,Ananya,5,310.42
ORD-202601-01718,2026-01-20,CUST-3682,Laptop Stand,Accessories,West,Ananya,2,1563.63
ORD-202601-01719,2026-01-25,CUST-3681,USB Hub,Accessories,Central,Sneha,2,858.57
ORD-202601-01720,2026-01-17,CUST-4881,Mouse Pad,Accessories,Central,Amit,2,374.71
ORD-202601-01721,2026-01-15,CUST-3943,Keyboard,Electronics,East,Sneha,3,1224.66
ORD-202601-01722,2026-01-30,CUST-0059,Desk Organizer,Office,,Sneha,5,562.84
ORD-202601-01723,2026-01-31,CUST-1703,Pen Set,Office,North,,3,300.42
ORD-202601-01724,2026-01-31,CUST-1636,Desk Organizer,Office,North,Rahul,3,555.35
ORD-202601-01725,2026-01-01,CUST-3168,Mouse Pad,Accessories,East,Vikram,4,411.71
ORD-202601-01726,2026-01-26,CUST-1712,Office Chair,Furniture,South,Rahul,5,6446.19
ORD-202601-01727,2026-01-28,CUST-4893,Monitor Stand,Furniture,Central,Karan,1,1809.85
ORD-202601-01728,2026-01-25,CUST-1443,Notebook,Office,North,Neha,7,191.81
ORD-202601-01729,2026-01-24,CUST-2188,USB Hub,Accessories,East,Rahul,7,843.6
ORD-202601-01730,2026-01-12,CUST-4088,Keyboard,Electronics,West,Ananya,5,1425.95
ORD-202601-01731,2026-01-23,CUST-1836,Office Chair,Furniture,North,Amit,5,6723.23
ORD-202601-01732,2026-01-18,CUST-0226,Study Table,Furniture,North,Neha,5,5193.33
ORD-202601-01733,2026-01-26,CUST-1662,Desk Organizer,Office,East,Priya,4,562.67
ORD-202601-01734,2026-01-11,CUST-1798,Study Table,Furniture ,Central,Rahul,3,5360.26
ORD-202601-01735,2026-01-24,CUST-3061,Study Table,Furniture,North,Neha,3,5615.41
ORD-202601-01736,2026-01-25,CUST-3559,Office Chair,Furniture,North,Amit,2,7393.67
ORD-202601-01737,2026-01-26,CUST-2744,Mouse Pad,Accessories,Central,Karan,6,388.19
ORD-202601-01738,2026-01-06,CUST-2034,Keyboard,Electronics,West,Neha,3,1331.73
ORD-202601-01739,2026-01-27,CUST-2514,Wireless Mouse,Electronics,West,Rahul,2,796.13
ORD-202601-01740,2026-01-07,CUST-0721,Headphones,Electronics,South,Priya,7,2672.18
ORD-202601-01741,2026-01-30,CUST-0906,USB Hub,Accessories,South,Sneha,4,911.41
ORD-202601-01742,2026-01-02,CUST-3055,Desk Organizer,Office,East,Karan,5,573.83
ORD-202601-01743,2026-01-07,CUST-4328,USB Hub,Accessories,South,,2,935.6
ORD-202601-01744,2026-01-19,CUST-2614,Wireless Mouse,Electronics,East,Rahul,2,850.15
ORD-202601-01745,2026-01-17,CUST-0302,Headphones,Electronics,Central,Neha,6,2481.73
ORD-202601-01746,2026-01-22,CUST-4910,Monitor Stand,Furniture,West,Sneha,4,2193.78
ORD-202601-01747,2026-01-13,CUST-1621,Monitor Stand,Furniture,Central,Priya,2,2150.56
ORD-202601-01748,2026-01-01,CUST-3743,Laptop Stand,Accessories,East,Ananya,6,1408.15
ORD-202601-01749,2026-01-20,CUST-4489,Office Chair,Furniture,West,Sneha,3,7400.4
ORD-202601-01750,2026-01-16,CUST-4931,Desk Organizer,Office,East,Karan,5,611.09
ORD-202601-01751,2026-01-16,CUST-0583,Monitor Stand,Furniture,West,Karan,3,2012.92
ORD-202601-01752,2026-01-12,CUST-0932,Study Table,Furniture,West,Sneha,4,5514.33
ORD-202601-01753,2026-01-28,CUST-3228,Pen Set,Office,Central,Amit,6,320.13
ORD-202601-01754,2026-01-25,CUST-3808,USB Hub,Accessories,Central,Priya,7,918.93
ORD-202601-01755,2026-01-06,CUST-4175,Pen Set,Office,North,Priya,2,301.25
ORD-202601-01756,2026-01-02,CUST-2759,Laptop Stand,Accessories,West,,5,1363.75
ORD-202601-01757,2026-01-06,CUST-0793,Laptop Stand,Accessories,West,,7,1483.5
ORD-202601-01758,2026-01-02,CUST-3563,Notebook,Office,West,Amit,5,215.24
ORD-202601-01759,2026-01-22,CUST-3342,Notebook,Office,North,Vikram,2,207.43
ORD-202601-01760,2026-01-20,CUST-2338,Notebook,Office,East,Amit,2,181.13
ORD-202601-01761,2026-01-15,CUST-3189,USB Hub,Accessories,Central,Neha,2,968.04
ORD-202601-01762,2026-01-19,CUST-1062,USB Hub,Accessories,Central,Rahul,1,957.73
ORD-202601-01763,2026-01-26,CUST-4055,Wireless Mouse,Electronics,South,Sneha,6,806.46
ORD-202601-01764,2026-01-26,,Notebook,Office,East,Ananya,7,179.99
ORD-202601-01765,2026-01-14,CUST-4195,Notebook,Office,Central,Vikram,4,201.48
ORD-202601-01766,2026-01-19,CUST-4192,Monitor Stand,Furniture,central,Karan,5,1820.92
ORD-202601-01767,2026-01-18,CUST-3438,Mouse Pad,Accessories,South,Priya,6,384.67
ORD-202601-01768,2026-01-30,CUST-4075,Mouse Pad,Accessories,Central,Rahul,3,409.29
ORD-202601-01769,2026-01-24,CUST-4565,Wireless Mouse,Electronics,Central,Karan,4,864.98
ORD-202601-01770,2026-01-10,CUST-0813,Headphones,Electronics,North,Ananya,5,2427.93
ORD-202601-01771,2026-01-28,CUST-2724,Laptop Stand,Accessories,North,Amit,3,1606.94
ORD-202601-01772,2026-01-13,CUST-3226,Laptop Stand,Accessories,North,Priya,1,1624.42
ORD-202601-01773,2026-01-24,CUST-4714,Laptop Stand,Accessories,North,Priya,4,1355.41
ORD-202601-01774,2026-01-31,CUST-3689,USB Hub,Accessories,West,Amit,6,852.15
ORD-202601-01775,2026-01-26,CUST-2972,Desk Organizer,Office,South,Ananya,1,624.14
ORD-202601-01776,2026-01-04,CUST-2789,Keyboard,Electronics,West,Amit,2,1365.73
ORD-202601-01777,2026-01-07,CUST-0719,Laptop Stand,Accessories,North,Karan,2,1466.75
ORD-202601-01778,2026-01-25,CUST-1587,Headphones,Electronics,West,Vikram,6,2577.35
ORD-202601-01779,2026-01-04,CUST-2166,Laptop Stand,Accessories,West,Karan,4,1532.63
ORD-202601-01780,2026-01-01,CUST-4405,Pen Set,Office,Central,Neha,4,313.34
ORD-202601-01781,2026-01-09,CUST-4310,Wireless Mouse,Electronics,South,Sneha,5,833.94
ORD-202601-01782,2026-01-16,CUST-3213,Laptop Stand,Accessories,East,Rahul,2,1374.84
ORD-202601-01783,2026-01-04,CUST-0530,Wireless Mouse,Electronics,East,Vikram,5,744.39
ORD-202601-01784,2026-01-05,,Monitor Stand,Furniture,South,Amit,1,1852.16
ORD-202601-01785,2026-01-11,CUST-2295,Desk Organizer,Office,West,Karan,1,650.81
ORD-202601-01786,2026-01-19,CUST-3261,Webcam,Electronics,East,Vikram,6,2056.06
ORD-202601-01787,2026-01-17,CUST-2167,Headphones,Electronics,Central,Priya,5,2647.65
ORD-202601-01788,2026-01-25,CUST-3607,Keyboard,Electronics,North,Karan,-1,1199.42
ORD-202601-01789,2026-01-31,CUST-1088,Mouse Pad,Accessories,South,Sneha,4,404.93
ORD-202601-01790,2026-01-02,CUST-0726,Desk Organizer,Office,East,Amit,1,561.53
ORD-202601-01791,2026-01-22,CUST-1100,Notebook,Office,East,Karan,5,193.76
ORD-202601-01792,2026-01-06,CUST-4613,Study Table,Furniture,Central,Ananya,6,5242.85
ORD-202601-01793,2026-01-12,CUST-0378,Laptop Stand,Accessories,West,Rahul,2,1597.61
ORD-202601-01794,2026-01-11,CUST-1430,Webcam,Electronics,North,Ananya,3,1763.96
ORD-202601-01795,2026-01-22,CUST-1713,Mouse Pad,Accessories,East,Karan,2,410.67
ORD-202601-01796,2026-01-08,CUST-4183,Headphones,Electronics,Central,Neha,3,2740.85
ORD-202601-01797,2026-01-28,CUST-1797,Monitor Stand,Furniture,Central,Ananya,2,2073.78
ORD-202601-01798,2026-01-12,CUST-4467,Headphones,Electronics,Central,Amit,2,2288.7
ORD-202601-01799,2026-01-26,CUST-4941,Mouse Pad,Accessories,East,Sneha,4,431.55
ORD-202601-01800,2026-01-30,CUST-3257,Mouse Pad,Accessories,North,,7,410.42
ORD-202601-01801,2026-01-16,CUST-1716,Wireless Mouse,Electronics,South,Priya,6,792.02
ORD-202601-01802,2026-01-04,CUST-2992,Mouse Pad,Accessories,Central,Neha,3,411.74
ORD-202601-01803,2026-01-22,,USB Hub,Accessories,South,Priya,7,967.15
ORD-202601-01804,2026-01-14,CUST-0546,Webcam,Electronics,West,Neha,2,1890.31
ORD-202601-01805,2026-01-11,CUST-4166,Keyboard,Electronics,North,Rahul,7,1307.14
ORD-202601-01806,2026-01-15,CUST-2182,Wireless Mouse,Electronics,East,Karan,3,791.4
ORD-202601-01807,2026-01-10,CUST-4230,Wireless Mouse,Electronics,Central,Ananya,4,730.7
ORD-202601-01808,2026-01-09,CUST-3059,Mouse Pad,Accessories,South,Karan,2,421.91
ORD-202601-01809,2026-01-31,CUST-4305,Keyboard,Electronics,North,Karan,6,1201.94
ORD-202601-01810,2026-01-09,CUST-0410,Monitor Stand,Furniture,South,Ananya,3,1956.85
ORD-202601-01811,2026-01-15,CUST-0213,Webcam,Electronics,North,Priya,7,1856.02
ORD-202601-01812,2026-01-23,CUST-0558,Pen Set, Office,West,Karan,1,285.85
ORD-202601-01813,2026-01-07,CUST-4373,Pen Set,Office,North,Karan,4,293.17
ORD-202601-01814,2026-01-20,CUST-4968,Mouse Pad,Accessories,South,Amit,2,408.42
ORD-202601-01815,2026-01-28,CUST-4994,Study Table,Furniture,East,Amit,7,5291.56
ORD-202601-01816,2026-01-26,CUST-1662,Keyboard,Electronics,South,Karan,3,-100.0
ORD-202601-01817,2026-01-01,CUST-1322,Webcam,Electronics,West,Neha,5,2039.29
ORD-202601-01818,2026-01-13,CUST-1749,Webcam,Electronics,Central,Rahul,7,2077.82
ORD-202601-01819,2026-01-01,CUST-4086,Keyboard,Electronics,Central,Neha,4,1288.24
ORD-202601-01820,2026-01-19,CUST-1258,Webcam,Electronics,West,Karan,1,1833.3
ORD-202601-01821,2026-01-11,CUST-2737,Laptop Stand,Accessories,Central,Rahul,2,1363.34
ORD-202601-01822,2026-01-28,CUST-3231,Desk Organizer,Office,West,Rahul,2,543.51
ORD-202601-01823,2026-01-06,CUST-1807,Webcam,Electronics,North,Neha,7,1858.32
ORD-202601-01824,2026-01-27,CUST-2366,Study Table,Furniture,Central,Amit,7,5972.18
ORD-202601-01825,2026-01-11,CUST-3326,Office Chair,Furniture,East,Amit,4,7321.95
ORD-202601-01826,2026-01-29,CUST-3953,Study Table,Furniture,North,Neha,7,5333.23
ORD-202601-01827,2026-01-07,CUST-0949,Keyboard,Electronics,,Amit,2,1420.6
ORD-202601-01828,2026-01-09,CUST-2563,Monitor Stand,Furniture,South,Karan,5,1970.52
ORD-202601-01829,2026-01-11,CUST-0772,Notebook,Office,East,Neha,3,190.12
ORD-202601-01830,2026-01-31,CUST-0078,Monitor Stand,Furniture,West,Vikram,2,1969.56
ORD-202601-01831,2026-01-23,CUST-3226,Laptop Stand,Accessories,North,Rahul,2,1412.52
ORD-202601-01832,2026-01-26,CUST-2414,Monitor Stand,Furniture,East,Karan,3,2153.18
ORD-202601-01833,2026-01-18,CUST-1298,Notebook,Office,North,Neha,3,193.47
ORD-202601-01834,2026-01-25,CUST-0276,Wireless Mouse,Electronics,North,Amit,2,824.24
ORD-202601-01835,2026-01-20,CUST-4730,USB Hub,Accessories,South,Neha,3,879.05
ORD-202601-01836,,CUST-4134,Keyboard,Electronics,West,Priya,1,1403.37
ORD-202601-01837,2026-01-26,CUST-4677,Monitor Stand,Furniture,East,Vikram,7,2055.92
ORD-202601-01838,2026-01-31,CUST-0569,Webcam,Electronics,North,Vikram,3,1894.54
ORD-202601-01839,2026-01-18,CUST-0071,Headphones,Electronics,West,Neha,1,2315.15
ORD-202601-01840,2026-01-14,CUST-1085,Notebook,Office,East,Neha,5,215.0
ORD-202601-01841,2026-01-21,CUST-0503,USB Hub,Accessories,North,,7,907.42
ORD-202601-01842,2026-01-23,CUST-2300,Keyboard,Electronics,East,Ananya,3,1243.16
ORD-202601-01843,2026-01-31,CUST-3228,Office Chair,Furniture,South,Sneha,6,7528.02
ORD-202601-01844,2026-01-22,CUST-0976,Office Chair,Furniture,West,Sneha,5,6375.31
ORD-202601-01845,2026-01-30,CUST-1984,Desk Organizer,Office,Central,Amit,6,576.73
ORD-202601-01846,2026-01-23,CUST-2697,Pen Set,Office,South,Ananya,3,301.2
ORD-202601-01847,2026-01-30,CUST-1587,USB Hub,Accessories,West,Amit,1,870.2
ORD-202601-01848,2026-01-24,CUST-2304,Notebook,Office, North,Neha,3,198.07
ORD-202601-01849,2026-01-28,CUST-2952,Mouse Pad,Accessories,East,Ananya,7,380.19
ORD-202601-01850,2026-01-06,CUST-4763,Headphones,Electronics,Central,Vikram,6,2314.12
ORD-202601-01851,2026-01-31,CUST-1552,Keyboard,Electronics,,Karan,6,1178.67
ORD-202601-01852,2026-01-11,CUST-0442,Webcam,Electronics,Central,Sneha,7,1768.97
ORD-202601-01853,2026-01-25,CUST-4343,USB Hub,Accessories,,Sneha,3,980.44
ORD-202601-01854,2026-01-13,CUST-2884,Headphones,Electronics,East,Ananya,3,2536.69
ORD-202601-01855,2026-01-15,CUST-2361,Keyboard,Electronics,North,Ananya,7,1296.13
ORD-202601-01856,2026-01-24,CUST-3602,Study Table,Furniture,North,Karan,5,5371.78
ORD-202601-01857,2026-01-17,CUST-4906,Laptop Stand,Accessories,South,Priya,3,1561.48
ORD-202601-01858,2026-01-23,CUST-0639,Notebook,Office,East,Rahul,2,184.72
ORD-202601-01859,2026-01-03,CUST-4304,Mouse Pad,Accessories,West,Rahul,7,381.14
ORD-202601-01860,2026-01-26,,Desk Organizer,Office,South,Ananya,1,617.68
ORD-202601-01861,2026-01-13,,Desk Organizer,Office,East,Rahul,1,596.49
ORD-202601-01862,2026-01-25,CUST-4322,Webcam,Electronics,North,Priya,6,2001.58
ORD-202601-01863,2026-01-09,CUST-1521,Study Table,Furniture,West,Karan,1,5935.74
ORD-202601-01864,2026-01-19,CUST-3938,Laptop Stand,Accessories,North,Ananya,2,1595.95
ORD-202601-01865,2026-01-19,CUST-2853,Office Chair,Furniture,Central,Vikram,7,6556.95
ORD-202601-01866,2026-01-05,CUST-4676,USB Hub,Accessories,North,Sneha,3,825.55
ORD-202601-01867,2026-01-15,CUST-2339,Keyboard,Electronics,West,Karan,6,1213.12
ORD-202601-01868,2026-01-20,CUST-3603,Desk Organizer,Office,South,Sneha,4,632.97
ORD-202601-01869,2026-01-26,CUST-2487,Wireless Mouse,electronics,Central,Rahul,1,865.13
ORD-202601-01870,2026-01-28,CUST-1970,Office Chair,Furniture,South,Amit,2,7594.54
ORD-202601-01871,2026-01-12,CUST-1878,Wireless Mouse,Electronics,,Rahul,6,766.75
ORD-202601-01872,2026-01-20,CUST-4603,Headphones,Electronics,Central,Karan,1,2669.1
ORD-202601-01873,2026-01-06,CUST-4190,Notebook,Office,East,Sneha,5,200.44
ORD-202601-01874,2026-01-28,CUST-1127,Monitor Stand, Furniture,East,Amit,3,2128.05
ORD-202601-01875,2026-01-27,CUST-4329,USB Hub,Accessories,South,Karan,3,907.7
ORD-202601-01876,2026-01-31,CUST-2919,Keyboard,Electronics,East,Neha,7,1207.0
ORD-202601-01877,2026-01-16,CUST-0521,Webcam,Electronics,East,Karan,5,1739.19
ORD-202601-01878,2026-01-12,CUST-3829,Study Table,Furniture,North,Ananya,5,6001.85
ORD-202601-01879,2026-01-24,CUST-0812,Desk Organizer,Office,South,Amit,3,590.11
ORD-202601-01880,2026-01-23,CUST-4362,Keyboard,Electronics,Central,Neha,3,1260.17
ORD-202601-01881,2026-01-07,CUST-2273,USB Hub,Accessories,Central,Amit,5,873.16
ORD-202601-01882,2026-01-17,CUST-4583,Webcam,Electronics,North,Rahul,1,1853.02
ORD-202601-01883,2026-01-20,CUST-2416,Headphones,Electronics,West,Karan,2,2721.41
ORD-202601-01884,2026-01-15,CUST-0425,Study Table,Furniture,South,Ananya,5,5018.06
ORD-202601-01885,2026-01-12,CUST-3834,Pen Set,Office,West,,5,276.22
ORD-202601-01886,2026-01-08,CUST-3631,Headphones,Electronics,West,Ananya,1,2643.77
ORD-202601-01887,2026-01-13,CUST-1512,Pen Set,Office,Central,Amit,6,301.95
ORD-202601-01888,2026-01-08,CUST-1021,USB Hub,Accessories,West,Vikram,4,832.21
ORD-202601-01889,2026-01-10,CUST-4320,Wireless Mouse,Electronics,Central,Neha,2,724.61
ORD-202601-01890,2026-01-06,CUST-3896,USB Hub,Accessories,Central,Vikram,6,849.42
ORD-202601-01891,2026-01-12,CUST-1490,Headphones,Electronics,West,Priya,7,2379.45
ORD-202601-01892,2026-01-20,CUST-3504,Webcam,Electronics,East,Ananya,3,1714.5
ORD-202601-01893,2026-01-12,CUST-1204,Study Table,Furniture,South,Vikram,2,5186.76
ORD-202601-01894,2026-01-05,CUST-0907,Desk Organizer,Office,South,Neha,3,627.55
ORD-202601-01895,2026-01-25,CUST-3320,Keyboard,Electronics,South,Amit,5,1391.34
ORD-202601-01896,2026-01-14,CUST-4165,Study Table,Furniture,South,Amit,1,5936.98
ORD-202601-01897,2026-01-19,CUST-4594,Notebook,Office,South,Rahul,4,194.62
ORD-202601-01898,2026-01-17,CUST-2309,Study Table,Furniture,East ,Vikram,1,5300.39
ORD-202601-01899,2026-01-16,CUST-0717,Desk Organizer,Office,South,Sneha,1,658.88
ORD-202601-01900,2026-01-14,CUST-2720,Laptop Stand,Accessories,South,Ananya,4,1579.75
ORD-202601-01901,2026-01-24,CUST-3405,Mouse Pad,Accessories,West,Neha,6,401.98
ORD-202601-01902,2026-01-27,CUST-4858,Mouse Pad,Accessories,South,Rahul,7,379.43
ORD-202601-01903,2026-01-29,CUST-0561,Desk Organizer,Office,North,Priya,1,577.59
ORD-202601-01904,2026-01-14,CUST-3284,Webcam,Electronics,North,Priya,2,1904.84
ORD-202601-01905,2026-01-11,CUST-2562,Laptop Stand,Accessories,West,Amit,3,1511.62
ORD-202601-01906,2026-01-03,CUST-2943,Webcam,Electronics,Central,Sneha,5,1714.3
ORD-202601-01907,2026-01-14,CUST-0464,Webcam,Electronics,West,Amit,7,2073.48
ORD-202601-01908,2026-01-31,CUST-0084,Headphones,Electronics,North,Karan,5,2536.79
ORD-202601-01909,2026-01-09,CUST-3033,Wireless Mouse,Electronics,East,Vikram,4,813.25
ORD-202601-01910,2026-01-27,CUST-0997,Monitor Stand,Furniture ,South,Vikram,1,1883.65
ORD-202601-01911,2026-01-24,CUST-3070,Wireless Mouse,Electronics,South,Sneha,1,841.34
ORD-202601-01912,2026-01-21,CUST-0133,Study Table,Furniture,Central,Karan,2,5759.94
ORD-202601-01913,2026-01-18,CUST-4007,Wireless Mouse,Electronics,Central,Priya,5,734.31
ORD-202601-01914,2026-01-24,CUST-1667,Office Chair,Furniture,West,Sneha,3,7131.97
ORD-202601-01915,2026-01-04,CUST-2256,Laptop Stand,Accessories,East,Priya,2,1546.43
ORD-202601-01916,2026-01-04,CUST-1723,Mouse Pad,Accessories,,Vikram,5,425.78
ORD-202601-01917,2026-01-07,CUST-2092,Webcam,Electronics,Central,Ananya,6,1787.37
ORD-202601-01918,2026-01-24,CUST-2652,Mouse Pad,Accessories,West,Priya,4,429.14
ORD-202601-01919,2026-01-14,CUST-3228,USB Hub,Accessories,East,Ananya,7,892.07
ORD-202601-01920,2026-01-07,CUST-3449,Mouse Pad,Accessories,North,Ananya,6,366.8
ORD-202601-01921,2026-01-02,CUST-4951,USB Hub,Accessories,Central,Sneha,6,828.09
ORD-202601-01922,2026-01-16,CUST-0897,Mouse Pad,Accessories,Central,Sneha,7,374.88
ORD-202601-01923,2026-01-13,CUST-4359,Office Chair,Furniture,South,Neha,2,6694.89
ORD-202601-01924,2026-01-06,CUST-3009,USB Hub,Accessories,South,Ananya,6,898.35
ORD-202601-01925,2026-01-01,CUST-1548,Laptop Stand,Accessories,Central,Karan,7,1573.58
ORD-202601-01926,2026-01-24,,Keyboard,Electronics,Central,Amit,7,1217.61
ORD-202601-01927,2026-01-25,CUST-3535,Laptop Stand,Accessories,East,Ananya,5,1646.7
ORD-202601-01928,2026-01-08,CUST-0926,Keyboard,Electronics,South,Sneha,6,1211.06
ORD-202601-01929,2026-01-16,CUST-0874,Headphones,Electronics,West,Amit,7,2548.67
ORD-202601-01930,2026-01-08,CUST-3296,Monitor Stand,Furniture,West,Karan,6,2170.49
ORD-202601-01931,2026-01-13,CUST-3649,Keyboard,Electronics,Central,Amit,7,1385.39
ORD-202601-01932,2026-01-04,CUST-0228,Mouse Pad,Accessories,East,Neha,6,410.8
ORD-202601-01933,2026-01-30,CUST-3141,Office Chair,Furniture,East,Karan,3,7300.65
ORD-202601-01934,2026-01-23,CUST-2656,Monitor Stand, Furniture,North,Sneha,6,1852.76
ORD-202601-01935,2026-01-28,CUST-4848,Keyboard,Electronics,West,Ananya,3,1171.61
ORD-202601-01936,2026-01-10,CUST-3708,Headphones,Electronics,South,Ananya,6,2466.09
ORD-202601-01937,2026-01-28,CUST-4547,Laptop Stand,Accessories,South,Rahul,6,1375.94
ORD-202601-01938,2026-01-17,CUST-0171,Notebook,Office,West,Karan,7,193.34
ORD-202601-01939,2026-01-07,CUST-3822,Monitor Stand,Furniture,South,Ananya,5,1888.55
ORD-202601-01940,2026-01-11,CUST-1669,Headphones,Electronics,South,Sneha,4,2707.09
ORD-202601-01941,2026-01-26,CUST-2767,Headphones,Electronics,Central,Vikram,2,2688.95
ORD-202601-01942,2026-01-25,CUST-4390,Webcam,Electronics,Central,Amit,5,2020.13
ORD-202601-01943,2026-01-23,CUST-4350,Study Table,Furniture,East,Vikram,4,5734.3
ORD-202601-01944,2026-01-08,CUST-1128,Wireless Mouse,Electronics,South,Karan,4,743.72
ORD-202601-01945,2026-01-21,CUST-1201,Laptop Stand,Accessories,North,Karan,5,1363.6
ORD-202601-01946,2026-01-30,CUST-3615,Keyboard,Electronics,West,Neha,6,1338.98
ORD-202601-01947,2026-01-02,CUST-4391,Headphones,Electronics,West,Priya,2,2570.1
ORD-202601-01948,2026-01-10,CUST-3062,Study Table,Furniture,West,Karan,4,5355.39
ORD-202601-01949,2026-01-03,CUST-0274,Wireless Mouse,Electronics,West,Karan,6,794.64
ORD-202601-01950,2026-01-04,CUST-0819,Laptop Stand,Accessories,East,Sneha,6,1495.75
ORD-202601-01951,2026-01-31,CUST-3748,Study Table,Furniture,West,Ananya,6,5212.97
ORD-202601-01952,2026-01-08,CUST-3709,Notebook,Office,West,Karan,6,191.6
ORD-202601-01953,2026-01-06,CUST-4483,Wireless Mouse,Electronics,West,Neha,6,785.96
ORD-202601-01954,2026-01-03,CUST-2661,Mouse Pad,Accessories,West,Karan,7,407.23
ORD-202601-01955,2026-01-31,CUST-2138,Monitor Stand,Furniture,North,Neha,5,2181.24
ORD-202601-01956,2026-01-15,CUST-0561,USB Hub,Accessories,West,Karan,2,905.92
ORD-202601-01957,2026-01-25,CUST-3910,Mouse Pad,Accessories,Central,Priya,4,417.45
ORD-202601-01958,2026-01-08,CUST-4747,Mouse Pad,Accessories ,East,Rahul,5,423.5
ORD-202601-01959,2026-01-20,CUST-0227,Pen Set,Office,East,Priya,1,275.89
ORD-202601-01960,2026-01-28,CUST-2460,Headphones,Electronics,West,Neha,6,2575.53
ORD-202601-01961,2026-01-21,CUST-1777,Office Chair,Furniture,East,Karan,4,6973.96
ORD-202601-01962,2026-01-17,CUST-3726,Monitor Stand,Furniture,East,Amit,7,2027.96
ORD-202601-01963,2026-01-07,CUST-3818,Keyboard,Electronics,Central,Ananya,2,1179.08
ORD-202601-01964,2026-01-08,CUST-1089,Office Chair,Furniture,North,Karan,7,7567.62
ORD-202601-01965,2026-01-19,CUST-4761,Office Chair,Furniture,,Ananya,4,7632.81
ORD-202601-01966,2026-01-14,CUST-0686,Desk Organizer,Office,North,Ananya,5,539.52
ORD-202601-01967,2026-01-02,CUST-3906,Laptop Stand,Accessories,South,Priya,5,1412.89
ORD-202601-01968,,CUST-3707,Mouse Pad,Accessories,West,Vikram,5,373.48
ORD-202601-01969,2026-01-14,CUST-0812,Office Chair,Furniture,West,Priya,7,7392.77
ORD-202601-01970,2026-01-06,CUST-3370,Keyboard,Electronics,Central,Priya,2,1324.48
ORD-202601-01971,2026-01-18,CUST-1352,Office Chair,Furniture,South,Karan,6,6547.33
ORD-202601-01972,2026-01-10,CUST-1371,Study Table,Furniture,North,Vikram,7,5844.31
ORD-202601-01973,2026-01-10,CUST-0433,Pen Set,Office,South,Sneha,2,290.24
ORD-202601-01974,2026-01-04,CUST-3732,Laptop Stand,Accessories,East,Neha,2,1487.26
ORD-202601-01975,2026-01-16,CUST-4038,Notebook,Office,South,Rahul,4,194.51
ORD-202601-01976,2026-01-06,CUST-2525,Wireless Mouse,Electronics,South,Sneha,6,802.42
ORD-202601-01977,2026-01-20,CUST-3880,Monitor Stand,Furniture,Central,Vikram,7,1991.06
ORD-202601-01978,2026-01-30,CUST-1743,Laptop Stand,Accessories,East,Karan,6,1431.42
ORD-202601-01979,2026-01-29,CUST-2826,Wireless Mouse,Electronics,West,Amit,6,786.94
ORD-202601-01980,2026-01-21,CUST-3935,Office Chair,Furniture ,West,Vikram,4,7570.59
ORD-202601-01981,2026-01-26,CUST-2155,Pen Set,Office,East,Karan,5,299.17
ORD-202601-01982,2026-01-29,CUST-3084,Pen Set,office,West,Karan,2,323.9
ORD-202601-01983,2026-01-22,CUST-0726,Wireless Mouse,Electronics,Central,Ananya,4,807.01
ORD-202601-01984,2026-01-08,CUST-2537,Desk Organizer,Office,West,Priya,2,631.2
ORD-202601-01985,2026-01-16,CUST-4255,Pen Set,Office,South,Vikram,1,286.66
ORD-202601-01986,2026-01-27,CUST-3866,Office Chair,Furniture,West,Amit,6,7405.52
ORD-202601-01987,2026-01-21,CUST-1501,Office Chair,Furniture,South,Karan,6,6669.1
ORD-202601-01988,2026-01-12,CUST-2725,Headphones,Electronics,North,Ananya,4,2258.87
ORD-202601-01989,2026-01-06,CUST-3099,Headphones,Electronics,East,Priya,1,2329.43
ORD-202601-01990,2026-01-05,CUST-4693,Monitor Stand,Furniture,East,Ananya,1,1807.76
ORD-202601-01991,2026-01-12,CUST-4145,Mouse Pad,Accessories,East,Ananya,1,434.68
ORD-202601-01992,2026-01-25,CUST-4091,USB Hub,Accessories,South,Amit,6,988.9
ORD-202601-01993,2026-01-18,CUST-3764,Webcam,Electronics,South,Amit,2,1998.6
ORD-202601-01994,2026-01-02,CUST-1791,Pen Set,Office,Central,Priya,2,275.57
ORD-202601-01995,2026-01-29,CUST-1886,Desk Organizer,Office,South,Amit,7,646.79
ORD-202601-01996,2026-01-13,,Wireless Mouse,Electronics,West,Vikram,7,837.96
ORD-202601-01997,2026-01-13,CUST-2131,Notebook,Office,South,Sneha,6,192.32
ORD-202601-01998,2026-01-26,CUST-4787,Monitor Stand,Furniture,North,Amit,3,1999.91
ORD-202601-01999,2026-01-12,CUST-4377,Webcam,Electronics,North,Vikram,5,1960.44
ORD-202601-02000,2026-01-20,CUST-4477,Webcam,Electronics,South,Neha,2,1718.23
ORD-202601-02001,2026-01-29,CUST-3038,Study Table,Furniture,Central,Karan,7,-100.0
ORD-202601-02002,2026-01-17,CUST-0956,Wireless Mouse,Electronics ,East,Neha,1,836.14
ORD-202601-02003,2026-01-20,CUST-0719,USB Hub,Accessories,West,Ananya,6,842.94
ORD-202601-02004,2026-01-11,CUST-1372,USB Hub,Accessories,Central,Sneha,4,888.89
ORD-202601-02005,2026-01-28,CUST-3256,Office Chair,Furniture,North,Priya,6,7044.54
ORD-202601-02006,2026-01-03,CUST-1823,Keyboard,Electronics,North,Rahul,4,1360.2
ORD-202601-02007,2026-01-09,CUST-3276,USB Hub,Accessories,Central,Rahul,2,982.51
ORD-202601-02008,2026-01-31,CUST-4400,Keyboard,Electronics,East,Priya,6,1389.48
ORD-202601-02009,2026-01-16,CUST-1672,Office Chair,Furniture,West,Ananya,5,7169.1
ORD-202601-02010,2026-01-06,CUST-4638,Pen Set,Office,South,Amit,4,304.0
ORD-202601-02011,2026-01-13,CUST-2560,Mouse Pad,Accessories,Central,Neha,3,407.23
ORD-202601-02012,2026-01-08,CUST-4012,USB Hub,Accessories,West,Amit,3,907.12
ORD-202601-02013,2026-01-17,CUST-0300,Keyboard,Electronics,South,Vikram,4,1184.52
ORD-202601-02014,2026-01-08,CUST-1379,Study Table,Furniture,West,Karan,2,5717.09
ORD-202601-02015,2026-01-13,CUST-4655,Pen Set,Office,North,Neha,2,311.94
ORD-202601-02016,2026-01-29,CUST-4436,Laptop Stand,Accessories,South,Neha,2,1502.74
ORD-202601-02017,2026-01-03,CUST-2855,USB Hub,Accessories,South,Neha,1,965.6
ORD-202601-02018,2026-01-24,CUST-0165,Desk Organizer,Office,West,Priya,7,619.66
ORD-202601-02019,2026-01-03,CUST-0299,Desk Organizer,Office,West,Neha,2,582.55
ORD-202601-02020,2026-01-15,CUST-2115,USB Hub,Accessories,North,Sneha,2,812.64
ORD-202601-02021,2026-01-21,CUST-4491,Webcam,Electronics,Central,Amit,2,1731.57
ORD-202601-02022,2026-01-30,CUST-1889,Pen Set,Office,Central,Karan,7,290.14
ORD-202601-02023,2026-01-08,CUST-4421,Pen Set,Office,East,Priya,4,296.73
ORD-202601-02024,2026-01-02,CUST-2677,Notebook,Office,South,Amit,3,185.74
ORD-202601-02025,2026-01-24,CUST-0675,Wireless Mouse,Electronics,East,Rahul,3,749.35
ORD-202601-02026,2026-01-28,CUST-2804,Mouse Pad,Accessories,East,Rahul,1,377.47
ORD-202601-02027,2026-01-18,CUST-1822,Notebook,Office,West,,3,210.16
ORD-202601-02028,2026-01-02,CUST-1128,Monitor Stand,Furniture,South,Karan,2,2107.46
ORD-202601-02029,2026-01-16,CUST-3376,Mouse Pad,Accessories,North,Sneha,6,389.66
ORD-202601-02030,2026-01-13,CUST-1023,Laptop Stand,Accessories,West,Ananya,1,1400.77
ORD-202601-02031,2026-01-14,CUST-4528,Notebook,Office,West,Priya,3,183.51
ORD-202601-02032,2026-01-02,CUST-4018,Headphones,electronics,South,,6,2292.65
ORD-202601-02033,2026-01-10,CUST-3911,Keyboard,Electronics,West,Karan,6,1270.75
ORD-202601-02034,2026-01-31,,Pen Set,Office,East,Amit,4,271.82
ORD-202601-02035,2026-01-02,CUST-4804,Monitor Stand,Furniture,East,Neha,2,1932.49
ORD-202601-02036,2026-01-29,CUST-2467,Office Chair,Furniture,North,Karan,3,7645.05
ORD-202601-02037,2026-01-17,CUST-3665,Notebook,Office,South,Amit,2,199.3
ORD-202601-02038,2026-01-19,CUST-0959,Wireless Mouse,Electronics,South,Amit,5,850.56
ORD-202601-02039,2026-01-29,CUST-3841,Monitor Stand,Furniture,Central,Vikram,3,1850.78
ORD-202601-02040,2026-01-07,CUST-1598,USB Hub,Accessories,Central,Rahul,5,857.3
ORD-202601-02041,2026-01-31,CUST-3536,Webcam,Electronics,Central,Neha,5,2068.6
ORD-202601-02042,2026-01-09,CUST-1387,Study Table,Furniture,East,Karan,7,5370.93
ORD-202601-02043,2026-01-11,CUST-4662,Desk Organizer,Office,South,Vikram,3,616.78
ORD-202601-02044,2026-01-14,CUST-3543,Desk Organizer,Office,East,Ananya,7,656.04
ORD-202601-02045,2026-01-19,CUST-2262,Webcam,Electronics,West,Priya,3,1918.29
ORD-202601-02046,2026-01-11,CUST-2281,Monitor Stand,Furniture,West,Amit,5,1921.18
ORD-202601-02047,2026-01-25,CUST-0002,USB Hub,Accessories,West,Rahul,5,904.74
ORD-202601-02048,2026-01-01,CUST-1498,Mouse Pad,Accessories,East,Priya,6,363.46
ORD-202601-02049,2026-01-21,CUST-3947,Desk Organizer,Office,West,Rahul,4,552.56
ORD-202601-02050,2026-01-21,CUST-4157,Pen Set,Office,Central,Karan,6,269.53
ORD-202601-02051,2026-01-17,CUST-4999,Headphones,Electronics,West,Priya,3,2691.03
ORD-202601-02052,2026-01-20,CUST-0429,Webcam,Electronics,East,Priya,4,1964.05
ORD-202601-02053,2026-01-24,CUST-1254,Laptop Stand,Accessories,Central,Priya,4,1438.54
ORD-202601-02054,2026-01-29,CUST-3832,Monitor Stand,Furniture,Central,Rahul,5,1887.52
ORD-202601-02055,2026-01-07,CUST-1807,Desk Organizer,Office,West,Priya,5,620.93
ORD-202601-02056,2026-01-15,CUST-1242,Laptop Stand,Accessories,Central,Priya,1,1624.78
ORD-202601-02057,2026-01-18,CUST-1407,Desk Organizer,Office,South,Vikram,6,574.94
ORD-202601-02058,2026-01-11,CUST-4591,Desk Organizer,Office,East,Amit,6,577.62
ORD-202601-02059,2026-01-31,CUST-4290,USB Hub,Accessories, South,Priya,1,962.69
ORD-202601-02060,2026-01-16,CUST-0028,USB Hub,Accessories,South,Karan,7,969.73
ORD-202601-02061,2026-01-19,CUST-4203,Study Table,Furniture,West,Amit,5,5954.36
ORD-202601-02062,2026-01-07,CUST-2784,Notebook,Office,West,Amit,1,190.77
ORD-202601-02063,2026-01-13,CUST-4223,Keyboard,Electronics,North,Amit,4,1200.36
ORD-202601-02064,2026-01-20,CUST-3112,Desk Organizer,Office,West,Vikram,6,591.81
ORD-202601-02065,2026-01-14,CUST-3442,Notebook,Office,North,Ananya,2,190.87
ORD-202601-02066,2026-01-24,CUST-2887,Mouse Pad,Accessories,North,Ananya,7,429.63
ORD-202601-02067,2026-01-05,CUST-3674,Desk Organizer,Office,East,Ananya,3,543.49
ORD-202601-02068,2026-01-05,CUST-4076,Study Table,Furniture,South,Amit,2,5646.24
ORD-202601-02069,2026-01-11,CUST-2542,Laptop Stand,Accessories,Central,Rahul,3,1620.77
ORD-202601-02070,2026-01-10,CUST-0561,USB Hub,Accessories,North,Ananya,4,984.71
ORD-202601-02071,2026-01-26,CUST-0466,Headphones,Electronics,North,Ananya,5,2574.04
ORD-202601-02072,2026-01-27,CUST-2078,Pen Set,Office,West,Rahul,7,-100.0
ORD-202601-02073,2026-01-15,CUST-2367,USB Hub,Accessories,South,Karan,2,822.7
ORD-202601-02074,2026-01-16,CUST-4319,Laptop Stand,Accessories,West,Karan,7,1456.81
ORD-202601-02075,2026-01-10,CUST-0166,Desk Organizer,Office,West,Karan,4,540.14
ORD-202601-02076,2026-01-17,CUST-4444,USB Hub,Accessories,North,Karan,1,985.52
ORD-202601-02077,2026-01-22,CUST-0276,Mouse Pad,Accessories,East,Sneha,7,431.14
ORD-202601-02078,2026-01-23,CUST-2492,USB Hub,Accessories,East,Karan,3,814.14
ORD-202601-02079,2026-01-31,CUST-2114,Webcam,Electronics,North,Vikram,5,1715.99
ORD-202601-02080,2026-01-18,CUST-2790,Keyboard,Electronics,West,Neha,5,1264.44
ORD-202601-02081,2026-01-11,CUST-0213,Office Chair,Furniture,Central,Rahul,1,6661.0
ORD-202601-02082,2026-01-03,CUST-3820,Keyboard,Electronics,Central,Karan,2,1389.13
ORD-202601-02083,2026-01-22,CUST-0672,Laptop Stand,Accessories,North,Rahul,5,1397.21
ORD-202601-02084,2026-01-25,CUST-3899,Pen Set,Office,North,Ananya,3,316.38
ORD-202601-02085,2026-01-18,CUST-2835,Keyboard,Electronics,Central,Vikram,1,1313.15
ORD-202601-02086,2026-01-29,CUST-4441,Pen Set,Office,South,Neha,1,291.67
ORD-202601-02087,2026-01-10,CUST-4894,Desk Organizer,Office,West,Neha,6,556.56
ORD-202601-02088,2026-01-02,,Pen Set,Office,South,Amit,2,328.76
ORD-202601-02089,2026-01-20,CUST-2261,Webcam,Electronics,South,Ananya,1,1943.81
ORD-202601-02090,2026-01-04,CUST-2073,Wireless Mouse,Electronics,West,Amit,4,789.31
ORD-202601-02091,2026-01-03,CUST-3315,Study Table,Furniture,South,Amit,1,5357.27
ORD-202601-02092,2026-01-22,CUST-3249,Laptop Stand,Accessories,North,Rahul,5,1620.64
ORD-202601-02093,2026-01-14,CUST-3952,Office Chair,Furniture,East,,4,7448.6
ORD-202601-02094,2026-01-19,CUST-2417,Headphones,Electronics,North,Rahul,5,2654.53
ORD-202601-02095,2026-01-24,CUST-2314,Headphones,Electronics,North,Sneha,4,2557.08
ORD-202601-02096,2026-01-12,CUST-0590,Office Chair,Furniture,West,Sneha,6,7542.06
ORD-202601-02097,2026-01-19,CUST-0845,Monitor Stand,Furniture,East,Neha,5,1918.75
ORD-202601-02098,2026-01-17,CUST-4109,Study Table,Furniture,East,Sneha,3,5723.04
ORD-202601-02099,2026-01-18,CUST-4947,Desk Organizer,Office,North,Amit,1,587.55
ORD-202601-02100,2026-01-22,CUST-3009,Webcam,Electronics,North,Priya,2,1936.98
ORD-202601-02101,2026-01-12,CUST-1722,Study Table,Furniture,South,Rahul,1,6046.87
ORD-202601-02102,2026-01-16,CUST-0291,Pen Set,Office,South,Sneha,1,327.97
ORD-202601-02103,2026-01-19,,Headphones,Electronics,East,Vikram,2,2505.31
ORD-202601-02104,2026-01-05,CUST-3385,Keyboard, Electronics,North,Ananya,2,1318.19
ORD-202601-02105,2026-01-07,,Study Table,Furniture,Central,Ananya,1,5935.97
ORD-202601-02106,2026-01-03,CUST-1416,Webcam,Electronics,South,Neha,3,2083.44
ORD-202601-02107,2026-01-07,CUST-0944,Desk Organizer,Office, Central,Sneha,4,632.38
ORD-202601-02108,2026-01-14,CUST-0347,Keyboard,Electronics,East,Sneha,2,1186.03
ORD-202601-02109,2026-01-30,CUST-3412,Webcam,Electronics,East,Neha,2,1831.64
ORD-202601-02110,2026-01-29,CUST-3033,Webcam,Electronics,north,Ananya,1,2049.61
ORD-202601-02111,2026-01-24,CUST-1667,Webcam,Electronics,West,Vikram,1,2000.92
ORD-202601-02112,2026-01-18,CUST-3662,Pen Set,Office,North,Vikram,2,313.49
ORD-202601-02113,2026-01-07,CUST-4227,Study Table,Furniture,West,Amit,4,5683.68
ORD-202601-02114,2026-01-12,CUST-2587,Study Table,Furniture,Central,Priya,5,5405.81
ORD-202601-02115,2026-01-24,CUST-1313,Desk Organizer,Office,South,Sneha,6,587.41
ORD-202601-02116,2026-01-29,CUST-0029,Headphones,Electronics,Central,Priya,5,2653.4
ORD-202601-02117,2026-01-30,CUST-3978,Monitor Stand,Furniture,West,Ananya,5,1916.55
ORD-202601-02118,2026-01-13,CUST-2885,Notebook,Office,North,Sneha,7,206.36
ORD-202601-02119,2026-01-16,CUST-1738,Notebook,Office,South,Vikram,2,208.0
ORD-202601-02120,2026-01-16,CUST-0034,Desk Organizer,Office,West,Priya,6,640.28
ORD-202601-02121,2026-01-02,CUST-4071,Desk Organizer,Office,West,Karan,7,577.42
ORD-202601-02122,2026-01-04,CUST-4633,Monitor Stand,Furniture,North,Amit,4,2095.71
ORD-202601-02123,2026-01-02,CUST-2407,Notebook,Office,West,Ananya,-1,183.34
ORD-202601-02124,2026-01-23,CUST-1337,Notebook,Office,Central,Rahul,1,184.59
ORD-202601-02125,2026-01-07,CUST-3099,Desk Organizer,Office,North,Ananya,7,589.1
ORD-202601-02126,2026-01-22,CUST-4356,Webcam,Electronics,Central,Neha,4,1730.07
ORD-202601-02127,2026-01-12,CUST-2937,Laptop Stand,Accessories,East,Vikram,2,1633.22
ORD-202601-02128,2026-01-25,CUST-0061,Pen Set,Office,West,Neha,1,323.03
ORD-202601-02129,2026-01-04,CUST-0976,Wireless Mouse,Electronics,North,Vikram,6,726.92
ORD-202601-02130,2026-01-11,CUST-0487,Laptop Stand,Accessories,West,Sneha,4,1600.43
ORD-202601-02131,2026-01-07,CUST-2057,Desk Organizer,Office,East,Karan,3,600.06
ORD-202601-02132,2026-01-14,CUST-2258,Monitor Stand,Furniture,South,Neha,3,2079.74
ORD-202601-02133,2026-01-18,CUST-2678,Mouse Pad,Accessories,West,Sneha,7,429.88
ORD-202601-02134,2026-01-06,CUST-3794,USB Hub,Accessories,South,Sneha,3,912.84
ORD-202601-02135,2026-01-21,CUST-0562,USB Hub,Accessories,North,Ananya,1,830.02
ORD-202601-02136,2026-01-30,CUST-4713,Pen Set,Office,East,Vikram,2,269.25
ORD-202601-02137,2026-01-02,CUST-1318,Notebook,Office,West,Amit,2,198.88
ORD-202601-02138,2026-01-03,CUST-2606,Wireless Mouse,Electronics,North,Vikram,5,870.79
ORD-202601-02139,2026-01-30,CUST-1055,Notebook,Office,Central,Priya,6,201.89
ORD-202601-02140,2026-01-21,CUST-1778,USB Hub,Accessories,West,Priya,6,876.15
ORD-202601-02141,2026-01-29,CUST-4164,Desk Organizer,Office,Central,Karan,5,-100.0
ORD-202601-02142,2026-01-22,CUST-0223,Study Table,Furniture,East,Rahul,6,5955.39
ORD-202601-02143,2026-01-23,CUST-2417,Monitor Stand,Furniture,North,Vikram,3,1929.9
ORD-202601-02144,2026-01-05,CUST-2919,Notebook,Office,North,Karan,5,207.15
ORD-202601-02145,2026-01-16,CUST-2850,Laptop Stand,Accessories,East,Vikram,1,1557.23
ORD-202601-02146,2026-01-12,CUST-1901,USB Hub,Accessories,East,Karan,4,854.75
ORD-202601-02147,2026-01-26,CUST-1890,Headphones,Electronics,West,Karan,4,2280.98
ORD-202601-02148,2026-01-02,CUST-4546,Monitor Stand,Furniture,West,Neha,1,1953.02
ORD-202601-02149,2026-01-01,CUST-1205,Study Table,Furniture,West,Sneha,4,5297.88
ORD-202601-02150,2026-01-18,CUST-2401,Study Table,Furniture,East,Sneha,6,5719.24
ORD-202601-02151,2026-01-31,CUST-1822,Laptop Stand,Accessories,North,Rahul,3,1594.87
ORD-202601-02152,2026-01-31,CUST-3828,Laptop Stand,Accessories,East,Karan,4,1415.79
ORD-202601-02153,2026-01-19,CUST-4030,Study Table,Furniture,Central,Priya,3,5530.05
ORD-202601-02154,2026-01-14,CUST-4242,Notebook,Office,Central,Amit,2,180.72
ORD-202601-02155,2026-01-09,CUST-0425,Desk Organizer,Office,Central,Vikram,1,564.77
ORD-202601-02156,2026-01-31,CUST-0492,Mouse Pad,Accessories,North,Vikram,3,419.89
ORD-202601-02157,2026-01-06,CUST-1878,USB Hub,Accessories,East,Vikram,6,951.75
ORD-202601-02158,2026-01-04,CUST-2205,Pen Set,Office,West,Karan,7,315.53
ORD-202601-02159,2026-01-16,CUST-0316,Office Chair,Furniture,South,Neha,5,6498.41
ORD-202601-02160,2026-01-13,CUST-4469,Laptop Stand,Accessories,East,Karan,5,1514.3
ORD-202601-02161,2026-01-16,CUST-4485,Office Chair,Furniture,North,Sneha,5,6890.81
ORD-202601-02162,2026-01-28,CUST-2123,Webcam,Electronics,North,Amit,4,2085.67
ORD-202601-02163,2026-01-09,CUST-3848,USB Hub,Accessories,North,Neha,3,926.7
ORD-202601-02164,2026-01-28,CUST-2826,Study Table,Furniture,Central,Priya,5,5977.64
ORD-202601-02165,2026-01-07,CUST-3286,Monitor Stand,Furniture,Central,Ananya,6,1857.21
ORD-202601-02166,2026-01-11,CUST-4366,Monitor Stand,Furniture,East,Neha,3,1979.36
ORD-202601-02167,2026-01-01,CUST-0461,Laptop Stand,Accessories,North,Rahul,4,1580.43
ORD-202601-02168,2026-01-22,CUST-1163,Office Chair,Furniture,South,Rahul,4,6814.03
ORD-202601-02169,2026-01-27,,Monitor Stand,Furniture,East,Rahul,2,2051.98
ORD-202601-02170,2026-01-28,CUST-4473,Monitor Stand,Furniture,North,Amit,3,2003.68
ORD-202601-02171,2026-01-06,CUST-2960,Wireless Mouse,Electronics,West,Amit,1,877.61
ORD-202601-02172,2026-01-24,CUST-1986,Desk Organizer,Office,Central,Ananya,4,559.93
ORD-202601-02173,,CUST-0144,Monitor Stand,Furniture,Central,Sneha,5,2173.05
ORD-202601-02174,2026-01-20,CUST-2966,Desk Organizer,Office,Central,Vikram,5,587.21
ORD-202601-02175,2026-01-22,CUST-1349,Webcam,Electronics,Central,Sneha,7,1886.84
ORD-202601-02176,2026-01-05,CUST-1641,Desk Organizer,Office,North,Priya,1,602.43
ORD-202601-02177,2026-01-04,CUST-4980,Keyboard,Electronics,East,Sneha,6,1238.04
ORD-202601-02178,2026-01-03,CUST-2636,Mouse Pad,Accessories,East,Vikram,6,436.0
ORD-202601-02179,2026-01-22,CUST-0694,Pen Set,Office,North,Ananya,4,323.61
ORD-202601-02180,2026-01-20,CUST-0247,USB Hub,Accessories,North,Amit,2,984.03
ORD-202601-02181,2026-01-04,CUST-1942,Desk Organizer,Office,East,Vikram,3,658.53
ORD-202601-02182,2026-01-16,CUST-0327,Webcam,Electronics,West,Neha,5,1963.49
ORD-202601-02183,2026-01-25,CUST-2144,Notebook,Office,South,Sneha,7,197.08
ORD-202601-02184,2026-01-08,CUST-2074,Pen Set,Office,East,Karan,5,319.97
ORD-202601-02185,2026-01-19,CUST-4398,Pen Set,Office,North,Karan,4,270.52
ORD-202601-02186,2026-01-10,,Webcam,Electronics,North,Sneha,5,2026.01
ORD-202601-02187,2026-01-09,CUST-1382,Webcam,Electronics,East,,1,1897.97
ORD-202601-02188,2026-01-13,CUST-3079,Webcam,Electronics,East,Priya,5,1964.79
ORD-202601-02189,2026-01-11,CUST-3196,Mouse Pad,Accessories,West,Rahul,1,388.95
ORD-202601-02190,2026-01-16,CUST-0190,Notebook,Office,Central,Karan,7,193.77
ORD-202601-02191,2026-01-07,CUST-0419,Laptop Stand,Accessories,North,Vikram,7,1358.61
ORD-202601-02192,2026-01-13,CUST-0839,USB Hub,Accessories,South,Sneha,4,885.3
ORD-202601-02193,2026-01-20,CUST-3885,Webcam,Electronics,Central,Karan,3,1864.19
ORD-202601-02194,2026-01-13,CUST-1048,Headphones,Electronics,North,Vikram,6,2361.45
ORD-202601-02195,2026-01-21,CUST-4964,Pen Set,Office,Central,Priya,5,283.89
ORD-202601-02196,2026-01-04,CUST-2203,Office Chair,Furniture,Central,Sneha,5,7116.78
ORD-202601-02197,2026-01-05,CUST-4668,Webcam,Electronics,North,Priya,4,1829.79
ORD-202601-02198,2026-01-27,CUST-1235,Study Table,Furniture,North,Priya,2,5862.21
ORD-202601-02199,2026-01-15,CUST-2119,Notebook,Office,West,Priya,1,183.53
ORD-202601-02200,2026-01-19,CUST-0689,Headphones,Electronics,East,Amit,2,2537.81
ORD-202601-02201,2026-01-23,CUST-4231,Laptop Stand,Accessories,Central,Neha,4,1397.08
ORD-202601-02202,2026-01-05,CUST-2988,Wireless Mouse,Electronics,East,Karan,3,803.51
ORD-202601-02203,,CUST-0379,Wireless Mouse,Electronics,West,Karan,4,807.4
ORD-202601-02204,2026-01-14,CUST-3720,Laptop Stand,Accessories,South,Neha,2,1541.66
ORD-202601-02205,2026-01-28,CUST-4437,USB Hub,Accessories,South,Rahul,7,885.95
ORD-202601-02206,2026-01-13,CUST-3427,Office Chair,Furniture,North,Rahul,3,7012.26
ORD-202601-02207,2026-01-13,CUST-4042,Keyboard,Electronics,North,Sneha,6,1216.11
ORD-202601-02208,2026-01-19,CUST-1381,Office Chair,Furniture,North,Amit,3,6947.23
ORD-202601-02209,2026-01-06,CUST-2161,Webcam,Electronics,Central,Amit,4,1850.78
ORD-202601-02210,2026-01-19,CUST-4273,Keyboard,Electronics,North,Amit,5,1342.16
ORD-202601-02211,2026-01-31,CUST-3041,Desk Organizer,Office,East,Sneha,2,591.19
ORD-202601-02212,2026-01-21,CUST-3060,Office Chair,Furniture,East,Amit,2,7390.02
ORD-202601-02213,2026-01-03,CUST-3836,Notebook,Office,North,Sneha,3,196.05
ORD-202601-02214,2026-01-22,CUST-3074,Keyboard,Electronics,,Priya,6,1230.35
ORD-202601-02215,2026-01-02,CUST-0633,Keyboard,Electronics,East,Vikram,2,1240.2
ORD-202601-02216,2026-01-04,CUST-1065,USB Hub, Accessories,North,Sneha,4,817.24
ORD-202601-02217,2026-01-09,CUST-3893,USB Hub,Accessories,North,Amit,5,906.18
ORD-202601-02218,2026-01-10,CUST-1212,Monitor Stand,Furniture,West,Rahul,5,2131.29
ORD-202601-02219,2026-01-01,CUST-3328,Webcam,Electronics,West,Ananya,4,2001.21
ORD-202601-02220,2026-01-01,CUST-2374,Headphones,Electronics,East,Karan,1,2467.91
ORD-202601-02221,2026-01-25,CUST-3102,Monitor Stand,Furniture,East,Sneha,1,1877.51
ORD-202601-02222,2026-01-15,CUST-1190,Headphones,Electronics,North,Amit,4,2680.67
ORD-202601-02223,2026-01-07,CUST-1552,Wireless Mouse,Electronics,North,Karan,6,728.17
ORD-202601-02224,,CUST-3441,USB Hub,Accessories,East,Rahul,1,880.88
ORD-202601-02225,2026-01-22,CUST-0859,USB Hub,Accessories,South,Vikram,7,963.12
ORD-202601-02226,2026-01-23,CUST-1543,Pen Set,Office,South,Sneha,5,292.61
ORD-202601-02227,2026-01-09,CUST-4991,Study Table,Furniture,South,Sneha,1,5078.74
ORD-202601-02228,2026-01-06,CUST-0760,Monitor Stand,Furniture,West,Priya,3,1905.43
ORD-202601-02229,2026-01-30,CUST-2888,Webcam,Electronics,South,Neha,2,1936.99
ORD-202601-02230,2026-01-20,CUST-0759,Monitor Stand,Furniture,South ,Rahul,7,1859.88
ORD-202601-02231,2026-01-31,CUST-3536,Pen Set,Office,South,Vikram,4,308.27
ORD-202601-02232,2026-01-10,CUST-0637,Wireless Mouse,Electronics,West,Karan,3,789.12
ORD-202601-02233,2026-01-04,CUST-2870,Monitor Stand,Furniture,North,Rahul,2,1932.79
ORD-202601-02234,2026-01-12,CUST-2199,Keyboard,Electronics,Central,Amit,4,1231.69
ORD-202601-02235,2026-01-11,CUST-3459,Notebook,Office,East,Amit,1,211.87
ORD-202601-02236,2026-01-23,CUST-0016,Office Chair,Furniture,South,Amit,2,6854.36
ORD-202601-02237,2026-01-23,CUST-2581,Webcam,Electronics,West,Rahul,2,1989.57
ORD-202601-02238,2026-01-03,CUST-2712,Webcam,Electronics,Central,Sneha,5,1876.35
ORD-202601-02239,2026-01-19,CUST-1204,Mouse Pad,Accessories,North,Rahul,5,366.43
ORD-202601-02240,2026-01-11,CUST-1492,Study Table,Furniture,South,Neha,4,5433.57
ORD-202601-02241,2026-01-20,CUST-3533,Headphones,Electronics,North,Ananya,1,2502.84
ORD-202601-02242,2026-01-13,CUST-2763,Pen Set,Office,North,Ananya,3,296.48
ORD-202601-02243,2026-01-17,CUST-2895,USB Hub,Accessories,West,Rahul,6,955.86
ORD-202601-02244,2026-01-23,CUST-4678,Keyboard,Electronics,North,Priya,2,1405.74
ORD-202601-02245,2026-01-10,CUST-2026,Desk Organizer,Office,South,Priya,2,633.36
ORD-202601-02246,2026-01-07,CUST-4346,Office Chair,Furniture,Central,Priya,1,7114.88
ORD-202601-02247,2026-01-22,CUST-4871,Notebook,Office,West,Amit,6,200.65
ORD-202601-02248,2026-01-30,CUST-2883,Headphones,Electronics,West,Neha,1,2571.28
ORD-202601-02249,2026-01-14,CUST-1060,Headphones,Electronics,North,Ananya,5,2392.96
ORD-202601-02250,2026-01-31,CUST-2091,USB Hub,Accessories,Central,Ananya,7,955.07
ORD-202601-02251,2026-01-06,CUST-0233,Mouse Pad,Accessories,North,Sneha,5,427.48
ORD-202601-02252,2026-01-26,CUST-3492,Notebook,Office,,Rahul,3,189.74
ORD-202601-02253,2026-01-31,CUST-1368,Webcam,Electronics,West,Ananya,2,2051.99
ORD-202601-02254,2026-01-10,CUST-4616,Mouse Pad,Accessories, East,Sneha,1,426.83
ORD-202601-02255,2026-01-05,CUST-3266,Webcam,Electronics,Central,Amit,2,1870.32
ORD-202601-02256,2026-01-21,CUST-2448,Pen Set,Office,Central,Karan,7,323.46
ORD-202601-02257,2026-01-27,CUST-0934,Office Chair,Furniture,North,Amit,2,6467.69
ORD-202601-02258,2026-01-03,CUST-0497,Pen Set, Office,Central,Vikram,1,270.77
ORD-202601-02259,2026-01-20,CUST-3363,Wireless Mouse,Electronics,South,Karan,6,774.69
ORD-202601-02260,2026-01-28,CUST-3831,Monitor Stand,Furniture,West,Neha,3,2025.16
ORD-202601-02261,2026-01-01,CUST-1331,Wireless Mouse,Electronics,Central,Vikram,3,775.26
ORD-202601-02262,2026-01-16,CUST-0053,Monitor Stand,Furniture,East,Vikram,6,2175.74
ORD-202601-02263,2026-01-03,CUST-1600,Wireless Mouse,Electronics,Central,,4,759.8
ORD-202601-02264,2026-01-06,CUST-3824,Mouse Pad,Accessories,Central,Ananya,7,381.54
ORD-202601-02265,2026-01-16,CUST-2902,Keyboard,Electronics,East,Karan,4,1334.03
ORD-202601-02266,2026-01-11,CUST-0425,Keyboard,Electronics,North,Priya,5,1170.1
ORD-202601-02267,2026-01-03,CUST-0574,Pen Set,Office,East,Neha,7,312.61
ORD-202601-02268,2026-01-25,CUST-0534,Desk Organizer,Office,Central,Karan,4,584.32
ORD-202601-02269,2026-01-07,CUST-3791,Keyboard,Electronics,South,Neha,2,1423.12
ORD-202601-02270,2026-01-27,CUST-3909,Monitor Stand,Furniture,Central,Neha,7,2075.53
ORD-202601-02271,2026-01-06,CUST-2040,Laptop Stand,Accessories,North,Ananya,2,1364.75
ORD-202601-02272,,CUST-3448,Laptop Stand,Accessories,West,Sneha,1,1376.87
ORD-202601-02273,2026-01-23,CUST-0105,Webcam,Electronics,West,Rahul,5,1742.59
ORD-202601-02274,2026-01-15,CUST-2810,USB Hub,Accessories,North,Sneha,7,980.38
ORD-202601-02275,2026-01-13,CUST-1361,Headphones,Electronics,East,Ananya,1,2590.99
ORD-202601-02276,2026-01-24,CUST-4103,USB Hub,Accessories,North,Amit,6,885.98
ORD-202601-02277,2026-01-01,CUST-2444,Headphones,Electronics,South,Karan,6,2349.3
ORD-202601-02278,2026-01-26,CUST-4257,Wireless Mouse,Electronics,Central,Neha,7,858.71
ORD-202601-02279,2026-01-22,CUST-2815,Laptop Stand,Accessories,North,Rahul,3,1409.53
ORD-202601-02280,2026-01-24,CUST-2288,Pen Set,Office,Central,Vikram,2,311.36
ORD-202601-02281,2026-01-14,,Desk Organizer,Office,West,Vikram,4,630.55
ORD-202601-02282,2026-01-12,CUST-4982,Laptop Stand, Accessories,West,Vikram,1,1437.44
ORD-202601-02283,2026-01-18,CUST-2279,Laptop Stand,Accessories,South,Amit,6,1500.47
ORD-202601-02284,2026-01-20,CUST-1788,Office Chair,Furniture,Central,Karan,5,6611.24
ORD-202601-02285,2026-01-29,CUST-3232,Pen Set,Office,South,Rahul,4,291.76
ORD-202601-02286,2026-01-27,CUST-0858,Office Chair,Furniture,East,Priya,4,7650.1
ORD-202601-02287,2026-01-02,CUST-1932,Study Table,Furniture,North,Vikram,5,5711.41
ORD-202601-02288,2026-01-05,CUST-4230,Office Chair,Furniture,Central,Vikram,4,7484.19
ORD-202601-02289,2026-01-30,CUST-4485,Monitor Stand,Furniture,West,Amit,6,2015.23
ORD-202601-02290,2026-01-13,CUST-2078,USB Hub,Accessories,North,Sneha,7,852.08
ORD-202601-02291,2026-01-18,CUST-1952,USB Hub,Accessories,West,Vikram,7,937.28
ORD-202601-02292,2026-01-02,CUST-4373,Laptop Stand,Accessories,North,Sneha,5,1499.17
ORD-202601-02293,2026-01-04,CUST-1011,Webcam,Electronics,East,Ananya,6,1776.27
ORD-202601-02294,2026-01-13,CUST-0306,Desk Organizer,Office,East,Amit,3,588.51
ORD-202601-02295,2026-01-23,CUST-0364,Desk Organizer,Office,Central,Priya,1,615.15
ORD-202601-02296,2026-01-24,CUST-0556,Office Chair,Furniture,South,Sneha,3,7328.42
ORD-202601-02297,2026-01-28,CUST-4400,Headphones,Electronics,North,Vikram,7,2370.66
ORD-202601-02298,2026-01-07,CUST-0202,Mouse Pad,Accessories,East,Amit,1,429.0
ORD-202601-02299,2026-01-07,CUST-1663,Headphones,Electronics,Central,Amit,4,2438.8
ORD-202601-02300,2026-01-17,CUST-3011,Study Table,Furniture,West,Vikram,2,5247.3
ORD-202601-02301,2026-01-17,CUST-3046,Webcam,Electronics,North,Vikram,4,1783.21
ORD-202601-02302,2026-01-02,CUST-4160,Keyboard,Electronics,North,Priya,2,1378.02
ORD-202601-02303,2026-01-14,CUST-4905,Notebook,Office,West,Priya,6,193.2
ORD-202601-02304,2026-01-28,CUST-2014,Study Table,Furniture,West,Vikram,6,5480.74
ORD-202601-02305,2026-01-06,CUST-1166,Study Table,Furniture,East,Neha,6,5194.16
ORD-202601-02306,2026-01-26,CUST-0454,Keyboard,Electronics,North,Amit,5,1347.35
ORD-202601-02307,2026-01-14,CUST-4458,Laptop Stand,Accessories,South,Amit,2,1583.25
ORD-202601-02308,2026-01-17,CUST-1868,Keyboard,Electronics,Central,Priya,4,1257.28
ORD-202601-02309,2026-01-20,CUST-4493,Laptop Stand,Accessories,North,Vikram,1,1632.43
ORD-202601-02310,2026-01-22,CUST-1741,Mouse Pad,Accessories,South,Rahul,3,361.54
ORD-202601-02311,2026-01-20,CUST-3781,Webcam,Electronics,East,Amit,4,1759.59
ORD-202601-02312,2026-01-04,CUST-3218,Wireless Mouse,Electronics,West,Sneha,5,813.19
ORD-202601-02313,2026-01-10,,Mouse Pad,Accessories,Central,Ananya,1,415.07
ORD-202601-02314,2026-01-27,CUST-3261,Wireless Mouse,Electronics,East,Vikram,6,759.16
ORD-202601-02315,2026-01-02,CUST-1535,Headphones,Electronics,East,Priya,4,2526.02
ORD-202601-02316,2026-01-23,CUST-0516,Wireless Mouse,Electronics,South,Ananya,7,769.98
ORD-202601-02317,2026-01-17,CUST-0055,Keyboard,Electronics,North,Sneha,4,1313.05
ORD-202601-02318,2026-01-04,CUST-2101,USB Hub,Accessories,South,Ananya,4,927.65
ORD-202601-02319,2026-01-04,CUST-4458,Study Table,Furniture,South,Rahul,5,6018.99
ORD-202601-02320,2026-01-31,CUST-3213,Office Chair,Furniture,North,Neha,-1,6936.98
ORD-202601-02321,2026-01-01,CUST-3372,Keyboard,Electronics,West,Sneha,2,1337.51
ORD-202601-02322,2026-01-01,CUST-1295,Wireless Mouse,Electronics,South,Amit,4,811.47
ORD-202601-02323,2026-01-01,CUST-2431,Laptop Stand,Accessories,East,Priya,1,1444.3
ORD-202601-02324,2026-01-20,CUST-2036,Pen Set,Office,South,Amit,4,284.23
ORD-202601-02325,2026-01-29,CUST-0682,Desk Organizer,Office,East,Ananya,6,657.45
ORD-202601-02326,2026-01-06,CUST-3069,Office Chair,Furniture,North,Neha,7,6588.65
ORD-202601-02327,2026-01-25,CUST-1818,Laptop Stand,Accessories,West,Priya,2,1586.02
ORD-202601-02328,2026-01-23,CUST-2015,Headphones,Electronics,West,Sneha,3,2322.36
ORD-202601-02329,2026-01-08,CUST-2985,Wireless Mouse,Electronics,South,Vikram,4,847.64
ORD-202601-02330,2026-01-03,CUST-0155,Keyboard,Electronics,South,,3,1217.35
ORD-202601-02331,2026-01-16,CUST-4682,Wireless Mouse,Electronics,West,Sneha,2,873.65
ORD-202601-02332,2026-01-03,CUST-1114,Study Table,Furniture,South,,3,5703.55
ORD-202601-02333,2026-01-04,CUST-3396,Webcam,Electronics,North,Priya,3,1743.33
ORD-202601-02334,2026-01-15,CUST-3881,Office Chair,Furniture,South,Karan,4,7269.41
ORD-202601-02335,2026-01-26,CUST-0770,Notebook,Office,Central,Amit,7,203.12
ORD-202601-02336,2026-01-31,CUST-1243,Notebook,Office,East,Sneha,4,192.53
ORD-202601-02337,2026-01-20,CUST-2062,USB Hub,Accessories ,South,Neha,3,855.98
ORD-202601-02338,2026-01-09,CUST-4089,Office Chair,Furniture,East,Rahul,5,7305.22
ORD-202601-02339,2026-01-11,CUST-3180,Wireless Mouse,Electronics,South,Amit,6,837.57
ORD-202601-02340,2026-01-19,CUST-2335,Keyboard,Electronics,West,Sneha,4,1254.11
ORD-202601-02341,2026-01-06,CUST-4248,USB Hub,Accessories,East,Vikram,4,966.65
ORD-202601-02342,2026-01-17,CUST-2365,USB Hub,Accessories,East,Vikram,2,857.44
ORD-202601-02343,2026-01-24,CUST-4430,Notebook,Office,East,Karan,7,181.88
ORD-202601-02344,2026-01-27,CUST-3853,Desk Organizer,Office,East,Vikram,7,610.96
ORD-202601-02345,2026-01-02,CUST-0862,Notebook,Office,East,Rahul,2,183.36
ORD-202601-02346,2026-01-09,CUST-1917,Webcam,Electronics,South,Karan,3,1814.18
ORD-202601-02347,2026-01-08,CUST-0126,Laptop Stand,Accessories,Central,Vikram,2,1501.15
ORD-202601-02348,2026-01-18,CUST-1193,Desk Organizer,Office,South,Priya,7,573.41
ORD-202601-02349,2026-01-06,CUST-0113,Headphones,Electronics,Central,Karan,1,2356.56
ORD-202601-02350,2026-01-30,CUST-0526,Mouse Pad,Accessories,West,Karan,2,415.21
ORD-202601-02351,2026-01-29,CUST-0022,Notebook,Office ,East,Priya,3,200.87
ORD-202601-02352,2026-01-11,CUST-3360,Desk Organizer,Office,South,Ananya,4,639.7
ORD-202601-02353,2026-01-13,CUST-2049,Desk Organizer,Office,East,Sneha,2,608.73
ORD-202601-02354,2026-01-14,CUST-2350,Mouse Pad,Accessories,Central,Karan,4,397.68
ORD-202601-02355,2026-01-02,CUST-3823,Laptop Stand,Accessories,North,Priya,6,1427.42
ORD-202601-02356,2026-01-28,CUST-4048,Laptop Stand,Accessories,East,Karan,6,1586.56
ORD-202601-02357,2026-01-25,CUST-2665,USB Hub,Accessories,West,Amit,1,844.5
ORD-202601-02358,2026-01-11,CUST-2289,Headphones,Electronics,West,Vikram,1,2370.17
ORD-202601-02359,,,Pen Set,Office,North,Vikram,1,319.43
ORD-202601-02360,2026-01-12,CUST-2075,Headphones,Electronics,East,Amit,7,2619.55
ORD-202601-02361,2026-01-08,CUST-2213,Pen Set,Office,North ,Ananya,5,305.75
ORD-202601-02362,2026-01-10,CUST-1495,Desk Organizer,Office,Central,Rahul,4,543.76
ORD-202601-02363,2026-01-04,CUST-0949,Monitor Stand,Furniture,South,Karan,6,1849.98
ORD-202601-02364,2026-01-26,CUST-0998,Keyboard,Electronics,East,Sneha,5,1298.99
ORD-202601-02365,2026-01-21,CUST-3277,Desk Organizer,Office,Central,Vikram,2,628.51
ORD-202601-02366,2026-01-29,CUST-4153,Keyboard,Electronics,East,Ananya,4,1289.67
ORD-202601-02367,2026-01-01,CUST-2119,Laptop Stand,Accessories,North,Amit,5,1354.28
ORD-202601-02368,2026-01-20,CUST-0477,Headphones,Electronics,Central,Sneha,1,2341.2
ORD-202601-02369,2026-01-18,CUST-3052,Headphones,Electronics,West,Ananya,5,2543.37
ORD-202601-02370,2026-01-20,CUST-4511,Headphones,Electronics,West,Neha,4,2596.07
ORD-202601-02371,2026-01-31,CUST-2638,Wireless Mouse,Electronics,North,Amit,1,724.44
ORD-202601-02372,2026-01-13,CUST-0135,Office Chair,Furniture,East,Vikram,2,6359.76
ORD-202601-02373,2026-01-05,CUST-0410,Wireless Mouse,Electronics,East,Sneha,4,760.86
ORD-202601-02374,2026-01-01,CUST-2612,USB Hub,Accessories,South,Karan,3,824.11
ORD-202601-02375,2026-01-16,CUST-4309,Desk Organizer,Office,East,Amit,3,604.03
ORD-202601-02376,2026-01-06,CUST-0292,Monitor Stand,Furniture,South,Karan,5,1848.56
ORD-202601-02377,2026-01-05,,Study Table,Furniture,,Amit,3,5662.01
ORD-202601-02378,2026-01-05,CUST-3899,Keyboard,Electronics,Central,Neha,4,1371.02
ORD-202601-02379,2026-01-09,CUST-0258,Monitor Stand,Furniture,West,Neha,6,2187.11
ORD-202601-02380,2026-01-04,CUST-1058,Pen Set,Office,South,Amit,1,325.81
ORD-202601-02381,2026-01-16,CUST-0020,Headphones,Electronics,South,Priya,3,2385.73
ORD-202601-02382,2026-01-21,CUST-2830,USB Hub,Accessories,North,Sneha,1,814.39
ORD-202601-02383,2026-01-09,CUST-0874,Study Table,Furniture,South,,7,5311.39
ORD-202601-02384,2026-01-05,CUST-4583,USB Hub,Accessories,North,Karan,2,936.48
ORD-202601-02385,2026-01-18,CUST-0456,Headphones,Electronics,North,Vikram,6,2278.99
ORD-202601-02386,2026-01-03,CUST-3247,Study Table,Furniture,Central,Neha,2,5344.71
ORD-202601-02387,2026-01-23,CUST-3935,Monitor Stand, Furniture,Central,Amit,3,1918.25
ORD-202601-02388,2026-01-12,CUST-0892,Monitor Stand,Furniture,East,Vikram,5,1886.79
ORD-202601-02389,2026-01-13,CUST-1263,Monitor Stand,Furniture,West,Karan,6,2081.41
ORD-202601-02390,2026-01-08,CUST-3984,Study Table,Furniture,East,Priya,2,5673.97
ORD-202601-02391,2026-01-09,CUST-0464,USB Hub,Accessories,West,Neha,2,905.38
ORD-202601-02392,2026-01-05,CUST-2208,Headphones,Electronics,Central,Neha,7,2704.31
ORD-202601-02393,2026-01-18,CUST-1251,Pen Set,Office,North,Karan,3,275.27
ORD-202601-02394,2026-01-05,,Headphones,Electronics,South,Priya,2,2323.91
ORD-202601-02395,2026-01-22,CUST-2258,Mouse Pad,Accessories,North,Amit,6,389.7
ORD-202601-02396,2026-01-08,CUST-2434,Pen Set,Office,West,Priya,1,308.32
ORD-202601-02397,2026-01-18,CUST-1736,Monitor Stand,Furniture,Central,Priya,7,2032.61
ORD-202601-02398,2026-01-17,CUST-4063,Webcam,Electronics,West,Karan,7,1737.22
ORD-202601-02399,2026-01-20,CUST-0481,Webcam,Electronics,West,Rahul,6,2073.11
ORD-202601-02400,2026-01-24,CUST-2150,Desk Organizer,Office,East,Rahul,3,575.65
ORD-202601-02401,2026-01-18,CUST-0904,Wireless Mouse,Electronics,North,Rahul,1,776.46
ORD-202601-02402,,CUST-3793,Notebook,Office,West,Karan,3,203.92
ORD-202601-02403,2026-01-09,CUST-2784,Desk Organizer,Office,Central,Ananya,3,652.33
ORD-202601-02404,2026-01-24,CUST-3528,Notebook,Office,Central,Neha,7,205.47
ORD-202601-02405,2026-01-11,CUST-0538,Laptop Stand,Accessories,South,Karan,5,1635.34
ORD-202601-02406,,CUST-2285,Office Chair,Furniture,South,Amit,7,6561.69
ORD-202601-02407,2026-01-16,CUST-0254,Laptop Stand,accessories,West,Ananya,6,1534.62
ORD-202601-02408,2026-01-29,CUST-1617,Desk Organizer,Office,North,Rahul,6,638.4
ORD-202601-02409,2026-01-09,CUST-4727,Mouse Pad,Accessories,North,Neha,1,399.72
ORD-202601-02410,2026-01-17,CUST-3633,Wireless Mouse,Electronics,Central,Priya,1,776.98
ORD-202601-02411,2026-01-06,CUST-0392,Mouse Pad,Accessories,Central,Amit,1,437.68
ORD-202601-02412,2026-01-20,CUST-1845,Wireless Mouse,Electronics,East,Ananya,5,741.63
ORD-202601-02413,2026-01-02,CUST-4355,Monitor Stand,Furniture,East,Karan,2,1963.39
ORD-202601-02414,2026-01-13,CUST-0851,Notebook,Office,East,Sneha,7,213.86
ORD-202601-02415,2026-01-01,CUST-3786,Laptop Stand,Accessories,North,Priya,1,1619.06
ORD-202601-02416,2026-01-11,CUST-1605,Mouse Pad,Accessories,South,Karan,7,437.33
ORD-202601-02417,2026-01-16,CUST-2386,Pen Set,Office,South,Amit,5,322.01
ORD-202601-02418,2026-01-11,CUST-4385,Webcam,Electronics,Central,Karan,1,1728.45
ORD-202601-02419,2026-01-12,CUST-3363,Webcam,Electronics,East,Vikram,1,2062.23
ORD-202601-02420,2026-01-05,CUST-1417,USB Hub,Accessories,West,Karan,3,886.08
ORD-202601-02421,2026-01-23,CUST-0045,Webcam,Electronics,North,Amit,3,1956.58
ORD-202601-02422,2026-01-25,CUST-1175,Desk Organizer,Office,Central,Karan,3,586.33
ORD-202601-02423,2026-01-15,CUST-2089,Keyboard,Electronics,Central,Neha,4,1380.49
ORD-202601-02424,2026-01-02,CUST-0668,Office Chair,Furniture,East,Vikram,1,7105.27
ORD-202601-02425,2026-01-02,CUST-4411,Laptop Stand,Accessories,South,Vikram,1,1602.59
ORD-202601-02426,2026-01-21,CUST-0276,Notebook,Office,Central,Ananya,5,186.81
ORD-202601-02427,2026-01-29,CUST-2704,Headphones,Electronics,Central,Vikram,7,2341.55
ORD-202601-02428,2026-01-27,CUST-4884,USB Hub,Accessories,East,Neha,2,888.28
ORD-202601-02429,2026-01-13,CUST-1675,Desk Organizer,Office,South,Neha,7,539.67
ORD-202601-02430,2026-01-16,CUST-2684,Webcam,Electronics,West,Amit,3,1972.25
ORD-202601-02431,2026-01-06,CUST-0368,Keyboard,Electronics,South,Ananya,3,1246.01
ORD-202601-02432,2026-01-03,CUST-3649,Mouse Pad,Accessories,West,Ananya,1,403.57
ORD-202601-02433,2026-01-24,CUST-4888,Headphones,Electronics,Central,Vikram,3,2284.09
ORD-202601-02434,2026-01-14,CUST-3865,Laptop Stand,Accessories,East,Ananya,4,1400.26
ORD-202601-02435,2026-01-16,CUST-0748,USB Hub,Accessories,North,Rahul,5,921.09
ORD-202601-02436,2026-01-11,CUST-1762,Notebook,Office, East,Priya,2,191.27
ORD-202601-02437,2026-01-10,CUST-3618,Pen Set,Office,Central,Sneha,2,281.94
ORD-202601-02438,2026-01-31,CUST-3995,Pen Set,Office,,Sneha,4,282.79
ORD-202601-02439,2026-01-26,,Office Chair,Furniture,Central,Karan,1,6599.8
ORD-202601-02440,2026-01-22,CUST-4808,Wireless Mouse,Electronics,South,Amit,2,818.63
ORD-202601-02441,2026-01-13,CUST-1018,Laptop Stand,Accessories,West,Vikram,5,1399.37
ORD-202601-02442,2026-01-23,CUST-3709,Wireless Mouse,Electronics,West,Ananya,7,777.06
ORD-202601-02443,2026-01-11,CUST-2483,Wireless Mouse,Electronics,North,Amit,5,829.02
ORD-202601-02444,2026-01-16,CUST-3559,Headphones,Electronics,North,Sneha,2,2505.83
ORD-202601-02445,2026-01-05,CUST-2981,Notebook,Office,Central,Karan,7,202.87
ORD-202601-02446,2026-01-22,CUST-2162,Study Table,Furniture,West,Rahul,4,5225.05
ORD-202601-02447,2026-01-02,CUST-4077,Office Chair,Furniture,West,Vikram,6,7604.71
ORD-202601-02448,2026-01-23,CUST-4207,Pen Set,Office,South,Sneha,2,293.85
ORD-202601-02449,2026-01-19,CUST-4087,Office Chair,Furniture,North,Karan,5,6700.79
ORD-202601-02450,2026-01-03,CUST-0445,Headphones,Electronics,South,Karan,1,2701.08
ORD-202601-02451,2026-01-16,CUST-2116,Office Chair,Furniture,East,Sneha,5,7216.37
ORD-202601-02452,2026-01-07,CUST-3749,Study Table,Furniture,West,Ananya,2,5624.32
ORD-202601-02453,2026-01-15,CUST-4334,Keyboard,Electronics,,Sneha,7,1399.47
ORD-202601-02454,2026-01-01,CUST-1810,Mouse Pad,Accessories,South,Sneha,1,363.77
ORD-202601-02455,2026-01-23,CUST-3703,Office Chair,Furniture,South,Amit,5,7471.68
ORD-202601-02456,2026-01-16,CUST-2830,Mouse Pad,Accessories,Central,Ananya,1,413.19
ORD-202601-02457,2026-01-12,CUST-1104,Office Chair,Furniture,West,Rahul,5,6803.02
ORD-202601-02458,2026-01-28,CUST-4465,Monitor Stand,Furniture,Central,Neha,4,1901.59
ORD-202601-02459,2026-01-20,CUST-2224,Mouse Pad,Accessories,North,Priya,7,367.46
ORD-202601-02460,2026-01-19,CUST-3026,Wireless Mouse,Electronics,East,Ananya,5,869.48
ORD-202601-02461,2026-01-05,CUST-1443,Laptop Stand,Accessories,East,Karan,3,1391.65
ORD-202601-02462,2026-01-16,,Headphones,Electronics,,Neha,1,2378.77
ORD-202601-02463,2026-01-22,CUST-2265,Mouse Pad,Accessories,South,Ananya,5,414.25
ORD-202601-02464,2026-01-29,CUST-3614,Notebook,Office,North,Rahul,4,207.36
ORD-202601-02465,2026-01-19,CUST-1636,Mouse Pad,Accessories,North,Ananya,1,371.93
ORD-202601-02466,2026-01-06,CUST-4646,Headphones,Electronics,West,Amit,5,2656.0
ORD-202601-02467,2026-01-22,CUST-3751,Webcam,Electronics,East,Sneha,2,1902.91
ORD-202601-02468,2026-01-03,CUST-3211,Pen Set,Office,North,Neha,2,319.84
ORD-202601-02469,2026-01-10,CUST-4034,Wireless Mouse,Electronics,South,Vikram,1,733.05
ORD-202601-02470,2026-01-29,CUST-4308,Headphones,Electronics,Central,,3,2270.51
ORD-202601-02471,2026-01-25,CUST-3607,Study Table,Furniture,East,Amit,2,5649.66
ORD-202601-02472,2026-01-28,CUST-4127,Keyboard,Electronics,Central,Sneha,1,1208.08
ORD-202601-02473,2026-01-11,CUST-3567,USB Hub,Accessories,North,Vikram,4,903.49
ORD-202601-02474,2026-01-22,CUST-4307,Headphones,Electronics,North,Sneha,2,2256.15
ORD-202601-02475,2026-01-22,CUST-0519,Keyboard,Electronics,East,Vikram,1,1371.73
ORD-202601-02476,2026-01-08,CUST-1721,USB Hub,Accessories,West,Priya,4,970.84
ORD-202601-02477,2026-01-30,CUST-4439,Mouse Pad,Accessories,Central,Vikram,1,426.04
ORD-202601-02478,2026-01-31,CUST-2371,Headphones,Electronics,East,Vikram,7,2728.08
ORD-202601-02479,2026-01-04,CUST-0075,Keyboard,Electronics,South,Sneha,4,1403.72
ORD-202601-02480,2026-01-24,CUST-4241,Keyboard,Electronics,East,Vikram,7,1284.46
ORD-202601-02481,2026-01-14,CUST-3279,Pen Set,Office,South,Neha,7,292.92
ORD-202601-02482,2026-01-21,CUST-4552,Study Table,Furniture,North,Priya,7,5934.72
ORD-202601-02483,2026-01-18,CUST-0082,Headphones,Electronics,North,Rahul,4,2712.38
ORD-202601-02484,2026-01-07,CUST-0735,Laptop Stand,Accessories,West,Vikram,3,1640.76
ORD-202601-02485,2026-01-03,CUST-2553,Laptop Stand,Accessories,West,Rahul,6,-100.0
ORD-202601-02486,2026-01-16,CUST-0908,Laptop Stand,Accessories,North,Rahul,1,1409.66
ORD-202601-02487,2026-01-26,CUST-2604,Webcam,Electronics,East,Amit,6,2067.99
ORD-202601-02488,2026-01-26,CUST-1735,Wireless Mouse,Electronics,Central,Sneha,3,870.45
ORD-202601-02489,2026-01-09,CUST-1051,Mouse Pad,Accessories,Central,Karan,1,-100.0
ORD-202601-02490,2026-01-27,CUST-3852,Laptop Stand,Accessories,East,Rahul,2,1606.11
ORD-202601-02491,2026-01-12,CUST-0195,Laptop Stand,Accessories,North,Priya,2,1517.34
ORD-202601-02492,2026-01-18,CUST-4375,Webcam,Electronics,West,Karan,1,2067.68
ORD-202601-02493,2026-01-11,CUST-0769,Monitor Stand,Furniture,East,Karan,5,1836.66
ORD-202601-02494,2026-01-17,CUST-2902,Notebook,Office,Central,Sneha,1,213.49
ORD-202601-02495,2026-01-17,CUST-4958,USB Hub,Accessories,East,Vikram,6,819.08
ORD-202601-02496,2026-01-22,CUST-0567,Headphones,Electronics,West,Ananya,4,2418.59
ORD-202601-02497,2026-01-15,CUST-4635,Office Chair,Furniture,East,Ananya,6,6488.53
ORD-202601-02498,2026-01-17,CUST-1519,Study Table,Furniture,East,Priya,3,5476.05
ORD-202601-02499,2026-01-21,CUST-3706,Wireless Mouse,Electronics,South,Vikram,1,756.21
ORD-202601-02500,2026-01-13,CUST-4286,Monitor Stand,Furniture,East,Rahul,2,2179.74
ORD-202601-02501,2026-01-17,CUST-1159,Desk Organizer,Office,South,Karan,5,606.11
ORD-202601-02502,2026-01-03,CUST-1738,Keyboard,Electronics,East,Sneha,6,1402.33
ORD-202601-02503,2026-01-27,CUST-4305,Desk Organizer,Office,Central,Amit,2,572.41
ORD-202601-02504,2026-01-04,CUST-0515,Keyboard,Electronics,South,Amit,3,1175.85
ORD-202601-02505,2026-01-28,CUST-0543,Wireless Mouse,Electronics,East,Rahul,7,843.05
ORD-202601-02506,2026-01-24,CUST-1511,Keyboard,Electronics,Central,Amit,6,1351.58
ORD-202601-02507,2026-01-30,CUST-3016,USB Hub,Accessories,North,Amit,3,907.18
ORD-202601-02508,2026-01-01,CUST-4034,Pen Set,Office,South,Sneha,2,317.86
ORD-202601-02509,2026-01-07,CUST-2813,USB Hub,Accessories,East,Vikram,3,960.15
ORD-202601-02510,2026-01-02,CUST-2468,Keyboard,Electronics,East,Karan,4,1321.84
ORD-202601-02511,2026-01-13,CUST-4355,Headphones,Electronics,South,Vikram,4,2731.87
ORD-202601-02512,2026-01-29,CUST-0858,Study Table,Furniture,West,Ananya,2,5740.64
ORD-202601-02513,2026-01-24,CUST-4509,Monitor Stand,Furniture,East,Ananya,1,2069.71
ORD-202601-02514,2026-01-22,CUST-1564,Desk Organizer,Office,South,Priya,4,582.4
ORD-202601-02515,2026-01-27,CUST-1380,Keyboard,Electronics,East,Priya,6,1169.69
ORD-202601-02516,2026-01-01,CUST-4768,Office Chair,Furniture,Central,Neha,2,6636.37
ORD-202601-02517,2026-01-25,CUST-3230,Pen Set,Office,Central,Rahul,3,314.78
ORD-202601-02518,2026-01-10,CUST-2160,Mouse Pad,Accessories,South,Karan,2,415.75
ORD-202601-02519,2026-01-22,CUST-1651,Keyboard,Electronics, North,Rahul,2,1255.1
ORD-202601-02520,2026-01-24,CUST-2208,Monitor Stand,Furniture,North,Rahul,5,2049.21
ORD-202601-02521,2026-01-22,CUST-3959,USB Hub,Accessories,East,Vikram,3,844.21
ORD-202601-02522,2026-01-13,CUST-0766,Wireless Mouse,Electronics,West,Priya,2,761.23
ORD-202601-02523,2026-01-19,CUST-0872,Headphones,Electronics,North,Karan,7,2722.61
ORD-202601-02524,2026-01-15,CUST-1523,USB Hub,Accessories,East,Amit,2,883.39
ORD-202601-02525,2026-01-20,CUST-2412,Wireless Mouse,Electronics,South,Karan,2,758.25
ORD-202601-02526,2026-01-15,CUST-4074,Laptop Stand,Accessories,Central,Vikram,7,1495.14
ORD-202601-02527,2026-01-13,CUST-1054,Mouse Pad,Accessories,West,Sneha,4,389.98
ORD-202601-02528,2026-01-07,CUST-3931,Monitor Stand,Furniture,East,Rahul,1,2090.77
ORD-202601-02529,2026-01-13,CUST-4539,Keyboard,Electronics,East,,3,1419.06
ORD-202601-02530,2026-01-23,CUST-2178,Notebook,Office,North,Karan,4,202.65
ORD-202601-02531,2026-01-27,CUST-4807,Study Table,Furniture,East,Neha,2,5599.24
ORD-202601-02532,2026-01-04,CUST-4469,Office Chair,Furniture,South,Rahul,4,6809.79
ORD-202601-02533,2026-01-06,CUST-3986,Monitor Stand,Furniture,North,Priya,5,2024.84
ORD-202601-02534,2026-01-16,CUST-1902,Headphones,Electronics,South,Priya,2,2408.7
ORD-202601-02535,2026-01-22,CUST-1504,Office Chair,Furniture,West,Vikram,6,6300.63
ORD-202601-02536,2026-01-06,CUST-4322,Monitor Stand,Furniture,East,Sneha,4,2145.37
ORD-202601-02537,2026-01-11,CUST-2208,Laptop Stand,Accessories,Central,Vikram,7,1477.85
ORD-202601-02538,2026-01-02,CUST-0158,Mouse Pad,Accessories,South,Sneha,1,398.37
ORD-202601-02539,2026-01-02,CUST-3586,Mouse Pad,Accessories,West,Karan,3,365.76
ORD-202601-02540,2026-01-05,,Mouse Pad,Accessories,East,Ananya,6,425.9
ORD-202601-02541,2026-01-23,CUST-4679,Webcam,Electronics,Central,Ananya,7,1773.79
ORD-202601-02542,2026-01-27,,Monitor Stand,Furniture,Central,Sneha,2,1963.27
ORD-202601-02543,2026-01-16,CUST-0522,Monitor Stand,Furniture,West,Karan,7,2135.04
ORD-202601-02544,2026-01-06,CUST-4507,Laptop Stand,Accessories,East,Priya,2,1486.34
ORD-202601-02545,2026-01-29,CUST-4749,Office Chair,Furniture,East,Vikram,3,7602.53
ORD-202601-02546,2026-01-09,CUST-3783,USB Hub,Accessories,West,Neha,3,846.73
ORD-202601-02547,2026-01-05,CUST-1377,Office Chair,Furniture,Central,Sneha,3,7300.28
ORD-202601-02548,2026-01-05,CUST-3350,Notebook,Office,South,Priya,7,218.02
ORD-202601-02549,2026-01-11,CUST-4341,Mouse Pad,Accessories,Central,Karan,6,402.96
ORD-202601-02550,2026-01-23,CUST-4078,Keyboard,Electronics,Central,,6,1348.93
ORD-202601-02551,2026-01-13,CUST-2156,Pen Set,Office,North,Sneha,2,292.61
ORD-202601-02552,2026-01-14,CUST-3538,Laptop Stand,Accessories,South,Karan,7,1574.35
ORD-202601-02553,2026-01-11,CUST-1930,Headphones,Electronics,South,Rahul,4,2703.36
ORD-202601-02554,2026-01-30,CUST-1272,Headphones,Electronics,East,Karan,5,2600.49
ORD-202601-02555,2026-01-22,CUST-3365,Monitor Stand,Furniture,,Priya,5,2173.28
ORD-202601-02556,2026-01-21,,Keyboard,Electronics, South,Amit,5,1322.03
ORD-202601-02557,2026-01-14,CUST-1125,Office Chair,Furniture,North,Vikram,5,7106.98
ORD-202601-02558,2026-01-17,CUST-3304,Study Table,Furniture,North,Neha,4,5284.13
ORD-202601-02559,2026-01-28,CUST-1609,Wireless Mouse,Electronics,East,Priya,5,832.5
ORD-202601-02560,2026-01-21,CUST-2940,Notebook,Office,South,Sneha,7,214.2
ORD-202601-02561,2026-01-26,CUST-1808,Notebook,Office,East,,3,204.82
ORD-202601-02562,2026-01-02,CUST-4426,Laptop Stand,Accessories,South,Vikram,4,1418.97
ORD-202601-02563,2026-01-27,CUST-4254,Pen Set,Office,South,Rahul,2,301.64
ORD-202601-02564,2026-01-30,CUST-2370,USB Hub,Accessories,Central,Rahul,3,945.02
ORD-202601-02565,2026-01-21,CUST-3553,USB Hub,Accessories,Central,Priya,6,978.0
ORD-202601-02566,2026-01-30,CUST-0890,USB Hub,Accessories,South,Neha,5,837.26
ORD-202601-02567,2026-01-18,CUST-4987,Office Chair,Furniture,North,Ananya,2,6477.57
ORD-202601-02568,,CUST-1073,Pen Set,Office,Central,Rahul,4,293.79
ORD-202601-02569,2026-01-19,CUST-4335,Laptop Stand,Accessories,West,Ananya,6,1386.76
ORD-202601-02570,2026-01-20,CUST-4231,Monitor Stand,Furniture,East,Neha,1,2191.08
ORD-202601-02571,2026-01-05,CUST-0891,Office Chair,Furniture,West,Karan,1,6893.04
ORD-202601-02572,2026-01-07,CUST-0044,Monitor Stand,Furniture,South,Neha,3,2012.44
ORD-202601-02573,2026-01-10,CUST-3686,Desk Organizer,Office,East,Rahul,5,566.31
ORD-202601-02574,2026-01-17,CUST-4346,USB Hub,Accessories,South,Vikram,3,889.85
ORD-202601-02575,2026-01-05,CUST-3582,Office Chair,Furniture,West,Ananya,-1,7677.47
ORD-202601-02576,2026-01-24,CUST-0278,Laptop Stand,Accessories,North,Neha,6,1495.61
ORD-202601-02577,2026-01-04,CUST-3228,Webcam,Electronics,East,Sneha,4,1712.45
ORD-202601-02578,2026-01-30,CUST-1959,USB Hub,Accessories,Central,Vikram,3,852.71
ORD-202601-02579,2026-01-21,CUST-4579,Monitor Stand,Furniture,North,Rahul,1,2190.29
ORD-202601-02580,2026-01-11,CUST-4001,Notebook,Office,North,Amit,6,218.46
ORD-202601-02581,2026-01-12,CUST-3995,Laptop Stand,Accessories,Central,Neha,7,1412.21
ORD-202601-02582,2026-01-22,CUST-2039,Mouse Pad,Accessories,Central,Amit,4,408.2
ORD-202601-02583,2026-01-03,CUST-1611,Webcam,Electronics,East,Amit,4,1738.31
ORD-202601-02584,2026-01-23,CUST-4112,Pen Set,Office ,North,Rahul,6,303.63
ORD-202601-02585,2026-01-18,CUST-0576,Laptop Stand,Accessories,East,Rahul,5,1386.85
ORD-202601-02586,2026-01-07,CUST-0502,Notebook,Office, South,Sneha,1,211.68
ORD-202601-02587,2026-01-28,CUST-0311,Laptop Stand,Accessories,East,Ananya,5,1630.78
ORD-202601-02588,2026-01-20,CUST-2558,Laptop Stand,Accessories,North,Karan,7,1400.96
ORD-202601-02589,2026-01-06,CUST-0378,Monitor Stand,Furniture,Central,Vikram,6,1984.09
ORD-202601-02590,2026-01-21,CUST-2913,Laptop Stand,Accessories,West,Amit,4,1379.69
ORD-202601-02591,2026-01-13,CUST-0837,Wireless Mouse,Electronics,West,Karan,4,773.29
ORD-202601-02592,,CUST-4455,Laptop Stand,Accessories,East,Neha,2,1368.62
ORD-202601-02593,2026-01-16,,Mouse Pad,Accessories,South,Neha,5,380.21
ORD-202601-02594,2026-01-31,CUST-0469,Keyboard,Electronics,Central,Vikram,2,1426.36
ORD-202601-02595,2026-01-29,CUST-3469,Webcam,Electronics,South,Priya,3,1726.04
ORD-202601-02596,2026-01-02,CUST-1694,Headphones,Electronics,South,Neha,2,2678.41
ORD-202601-02597,2026-01-13,,Mouse Pad,Accessories,Central,Vikram,3,365.28
ORD-202601-02598,2026-01-07,CUST-3297,Desk Organizer,Office,North,Ananya,3,602.47
ORD-202601-02599,2026-01-14,CUST-4779,Monitor Stand,Furniture,North,Vikram,1,1979.86
ORD-202601-02600,2026-01-05,CUST-4900,USB Hub,Accessories,West,Sneha,6,976.59
ORD-202601-02601,2026-01-17,CUST-2178,Study Table,Furniture,South,Sneha,4,5168.02
ORD-202601-02602,2026-01-05,CUST-4242,Headphones,Electronics,East,Amit,7,2338.91
ORD-202601-02603,2026-01-20,CUST-1047,Office Chair,Furniture,East,Amit,2,7347.15
ORD-202601-02604,2026-01-15,CUST-4233,Notebook,Office,Central,Vikram,5,207.98
ORD-202601-02605,2026-01-31,CUST-4711,Desk Organizer,Office,West,Karan,2,622.86
ORD-202601-02606,2026-01-28,CUST-2586,Desk Organizer,Office,East,Vikram,4,542.23
ORD-202601-02607,2026-01-19,CUST-2616,Mouse Pad,Accessories,East,Priya,4,379.84
ORD-202601-02608,2026-01-14,CUST-2822,Webcam,Electronics,West,Vikram,4,2028.09
ORD-202601-02609,2026-01-23,CUST-0366,Mouse Pad,Accessories,South,Sneha,5,407.05
ORD-202601-02610,2026-01-21,CUST-4293,Office Chair,Furniture,North,Priya,6,7142.05
ORD-202601-02611,2026-01-05,CUST-3689,Monitor Stand,Furniture,,Neha,3,1917.41
ORD-202601-02612,2026-01-12,CUST-4349,Monitor Stand,Furniture,Central,Ananya,6,1903.12
ORD-202601-02613,2026-01-31,CUST-0577,Headphones,Electronics,North,Neha,2,2722.19
ORD-202601-02614,2026-01-10,CUST-4012,Notebook, Office,North,Amit,3,208.06
ORD-202601-02615,2026-01-01,CUST-1814,Keyboard,Electronics,Central,Ananya,3,1202.06
ORD-202601-02616,2026-01-26,CUST-4093,Pen Set,Office,Central,Ananya,7,325.17
ORD-202601-02617,2026-01-29,CUST-4970,Monitor Stand,Furniture,North,Ananya,1,2031.93
ORD-202601-02618,2026-01-21,CUST-4399,Wireless Mouse,Electronics,South,Ananya,3,772.37
ORD-202601-02619,2026-01-20,CUST-4578,Pen Set,Office,West,Ananya,3,292.85
ORD-202601-02620,2026-01-11,CUST-0569,Monitor Stand,Furniture,West,Rahul,6,2089.12
ORD-202601-02621,2026-01-12,CUST-1644,Study Table,Furniture,West,Amit,4,5362.92
ORD-202601-02622,2026-01-29,CUST-1464,USB Hub,Accessories,Central,Sneha,7,913.16
ORD-202601-02623,2026-01-27,CUST-2569,Keyboard,Electronics,East,Priya,6,1353.69
ORD-202601-02624,2026-01-16,CUST-4881,Monitor Stand,Furniture,Central,Karan,5,1877.21
ORD-202601-02625,2026-01-10,,Study Table,Furniture,East,Vikram,6,5987.58
ORD-202601-02626,2026-01-06,CUST-2724,Notebook,Office,East,Vikram,2,193.28
ORD-202601-02627,2026-01-01,CUST-4025,Monitor Stand,furniture,West,Amit,4,1966.77
ORD-202601-02628,2026-01-15,CUST-0883,Wireless Mouse,Electronics,East,Sneha,5,830.72
ORD-202601-02629,2026-01-18,CUST-3303,Pen Set,Office,West,Vikram,2,305.51
ORD-202601-02630,2026-01-21,CUST-2516,Wireless Mouse,Electronics,,Karan,1,-100.0
ORD-202601-02631,2026-01-25,CUST-1017,Monitor Stand,Furniture,Central,Karan,1,2058.87
ORD-202601-02632,2026-01-12,CUST-3229,Pen Set,Office,East,Priya,6,323.09
ORD-202601-02633,2026-01-06,CUST-4203,Study Table,Furniture,North,Sneha,5,5829.25
ORD-202601-02634,2026-01-27,CUST-4142,Notebook,Office,West,Vikram,2,211.91
ORD-202601-02635,2026-01-24,CUST-4216,Keyboard,Electronics,South,Priya,6,1236.23
ORD-202601-02636,2026-01-17,CUST-4061,Wireless Mouse, Electronics,South,Vikram,5,786.12
ORD-202601-02637,2026-01-02,CUST-2345,Laptop Stand,Accessories,Central,Vikram,6,1515.13
ORD-202601-02638,2026-01-15,CUST-0247,Desk Organizer,Office,East,Ananya,7,544.39
ORD-202601-02639,2026-01-20,CUST-4827,Keyboard,Electronics,West,Rahul,7,1369.09
ORD-202601-02640,2026-01-27,CUST-2268,Study Table,Furniture,South,Sneha,2,5304.85
ORD-202601-02641,2026-01-16,CUST-3164,Webcam,Electronics,West,Priya,6,1816.43
ORD-202601-02642,2026-01-15,CUST-0103,Mouse Pad,Accessories,West,Neha,3,379.79
ORD-202601-02643,2026-01-12,CUST-4444,Headphones,Electronics,Central,Karan,3,2390.73
ORD-202601-02644,2026-01-13,CUST-4441,Mouse Pad,Accessories,North,Amit,5,386.07
ORD-202601-02645,2026-01-01,CUST-4642,USB Hub,Accessories,East,Neha,5,917.85
ORD-202601-02646,2026-01-04,CUST-0870,Wireless Mouse,Electronics,East,Neha,3,812.35
ORD-202601-02647,2026-01-24,CUST-4215,Notebook,Office,East,Karan,7,189.28
ORD-202601-02648,,CUST-3125,Office Chair,Furniture,Central ,Karan,2,6588.05
ORD-202601-02649,2026-01-27,CUST-0731,Monitor Stand,Furniture,North,Karan,1,2129.48
ORD-202601-02650,2026-01-13,CUST-2854,Laptop Stand,Accessories,East,Rahul,1,1376.9
ORD-202601-02651,2026-01-31,CUST-2383,Study Table,Furniture,South,Neha,6,5513.1
ORD-202601-02652,2026-01-06,CUST-3128,Study Table,Furniture,Central,Amit,3,5521.61
ORD-202601-02653,2026-01-06,CUST-0419,Monitor Stand,Furniture,South,Karan,4,2028.64
ORD-202601-02654,2026-01-19,CUST-2818,Laptop Stand,Accessories,South,Rahul,5,1614.62
ORD-202601-02655,2026-01-25,CUST-3388,Study Table,Furniture,North,Neha,4,5635.28
ORD-202601-02656,2026-01-05,CUST-3578,Notebook,Office,East,Ananya,5,217.85
ORD-202601-02657,2026-01-16,CUST-3846,Wireless Mouse,Electronics,North,Karan,1,858.34
ORD-202601-02658,2026-01-07,CUST-3131,Webcam,Electronics,East,Amit,2,1790.66
ORD-202601-02659,2026-01-23,CUST-3507,Pen Set,Office,South,Karan,7,283.52
ORD-202601-02660,2026-01-18,CUST-0452,Headphones,Electronics,East,Neha,4,2421.42
ORD-202601-02661,2026-01-21,CUST-3990,USB Hub,Accessories,West,Neha,2,879.49
ORD-202601-02662,2026-01-09,,Office Chair,Furniture,West,Priya,3,7073.18
ORD-202601-02663,2026-01-09,CUST-2739,Keyboard,Electronics,North,Ananya,3,1229.51
ORD-202601-02664,2026-01-20,CUST-2733,Mouse Pad,Accessories,North,Neha,2,376.84
ORD-202601-02665,2026-01-11,CUST-4881,Headphones,Electronics,South,Amit,3,2439.72
ORD-202601-02666,2026-01-22,CUST-1626,Mouse Pad,Accessories,East,Priya,6,412.73
ORD-202601-02667,2026-01-05,CUST-1922,Webcam,Electronics,Central,Ananya,1,1970.45
ORD-202601-02668,2026-01-10,CUST-3802,Monitor Stand,Furniture,North,Amit,3,2189.35
ORD-202601-02669,2026-01-04,CUST-3172,Wireless Mouse,Electronics,North,Vikram,4,751.45
ORD-202601-02670,2026-01-03,CUST-1590,Monitor Stand,Furniture,West,Ananya,4,1956.17
ORD-202601-02671,2026-01-09,CUST-1722,Office Chair,Furniture,Central,Sneha,7,7649.46
ORD-202601-02672,2026-01-16,CUST-4144,Study Table,Furniture,Central,Priya,7,5707.97
ORD-202601-02673,2026-01-05,CUST-4180,Study Table,Furniture,East,Rahul,3,5600.49
ORD-202601-02674,2026-01-03,CUST-0734,Headphones,Electronics,North,Priya,4,2518.82
ORD-202601-02675,2026-01-28,CUST-2000,Monitor Stand,Furniture,East,Sneha,1,1829.29
ORD-202601-02676,2026-01-16,CUST-3847,Notebook,Office,East,Vikram,5,214.66
ORD-202601-02677,2026-01-23,CUST-0594,Monitor Stand,Furniture,East,Sneha,2,2049.18
ORD-202601-02678,2026-01-23,CUST-0918,Study Table,Furniture,East,,1,5577.82
ORD-202601-02679,2026-01-04,CUST-0793,Notebook,Office,East,Ananya,5,200.57
ORD-202601-02680,2026-01-20,CUST-2641,Laptop Stand,Accessories,West,Amit,2,1466.6
ORD-202601-02681,2026-01-27,CUST-2255,Keyboard,Electronics, North,Amit,4,1235.26
ORD-202601-02682,2026-01-14,CUST-1603,Keyboard,Electronics,North,Neha,1,1365.33
ORD-202601-02683,2026-01-27,CUST-0680,USB Hub,Accessories,North,Rahul,6,900.72
ORD-202601-02684,,CUST-3187,Office Chair,Furniture,East,Rahul,6,6346.61
ORD-202601-02685,2026-01-17,CUST-4037,Mouse Pad,Accessories,East,Amit,-1,390.95
ORD-202601-02686,2026-01-04,CUST-1064,Mouse Pad,Accessories,West,Vikram,6,433.2
ORD-202601-02687,2026-01-20,CUST-3333,Webcam,Electronics,East,Rahul,4,1851.11
ORD-202601-02688,2026-01-28,CUST-3978,Notebook,Office,East,Sneha,2,195.55
ORD-202601-02689,2026-01-18,CUST-2786,Pen Set,Office,Central,Karan,2,306.41
ORD-202601-02690,2026-01-25,CUST-2868,Monitor Stand,Furniture,West,Neha,2,2119.61
ORD-202601-02691,2026-01-17,CUST-0835,Desk Organizer,Office,West,Karan,2,619.18
ORD-202601-02692,2026-01-14,CUST-4787,Notebook,Office,South,Vikram,3,212.93
ORD-202601-02693,2026-01-30,CUST-4783,Study Table,Furniture,North,Neha,2,5074.44
ORD-202601-02694,2026-01-05,CUST-3559,USB Hub,Accessories,Central,Sneha,5,975.34
ORD-202601-02695,2026-01-14,CUST-4514,Monitor Stand,Furniture,East,Vikram,2,2160.49
ORD-202601-02696,2026-01-05,CUST-3037,Laptop Stand,Accessories,North ,Neha,5,1504.74
ORD-202601-02697,2026-01-21,CUST-3307,Keyboard,Electronics,East,Vikram,3,1331.41
ORD-202601-02698,2026-01-29,CUST-4146,USB Hub,Accessories,North,Karan,5,847.36
ORD-202601-02699,2026-01-31,CUST-0191,Keyboard,Electronics,Central,Ananya,4,1285.48
ORD-202601-02700,2026-01-08,CUST-1099,Keyboard,Electronics,East,Vikram,7,1221.76
ORD-202601-02701,2026-01-23,CUST-1018,Study Table,Furniture,West,Priya,4,4973.27
ORD-202601-02702,2026-01-28,CUST-3164,Office Chair,Furniture,East,,3,7672.17
ORD-202601-02703,2026-01-26,CUST-1212,Headphones,Electronics,North,Neha,5,2378.62
ORD-202601-02704,2026-01-16,CUST-1953,Office Chair,Furniture,West,Sneha,5,7129.33
ORD-202601-02705,2026-01-06,CUST-2469,Wireless Mouse,Electronics,West,Sneha,4,767.08
ORD-202601-02706,2026-01-15,CUST-3719,Webcam,Electronics,South,Amit,4,1849.86
ORD-202601-02707,2026-01-25,CUST-2588,Desk Organizer,Office,West,Sneha,4,586.75
ORD-202601-02708,2026-01-20,CUST-0123,Webcam,Electronics,South,Sneha,3,1836.35
ORD-202601-02709,2026-01-13,CUST-3434,Desk Organizer,Office,West,Sneha,3,615.46
ORD-202601-02710,2026-01-07,CUST-2139,Study Table,Furniture,West,Neha,7,6005.94
ORD-202601-02711,2026-01-21,,Wireless Mouse,Electronics,North,Rahul,5,787.6
ORD-202601-02712,2026-01-14,CUST-3259,Wireless Mouse,Electronics,South,Vikram,1,874.64
ORD-202601-02713,2026-01-15,CUST-1352,Monitor Stand,Furniture,North,Sneha,7,2066.09
ORD-202601-02714,2026-01-30,CUST-2304,Mouse Pad,Accessories,West,Neha,5,407.55
ORD-202601-02715,2026-01-01,CUST-4838,Mouse Pad,Accessories,South,Sneha,1,378.02
ORD-202601-02716,2026-01-08,CUST-1190,Mouse Pad,Accessories,West,Rahul,6,364.12
ORD-202601-02717,2026-01-29,CUST-4427,USB Hub,Accessories,East,Karan,5,962.28
ORD-202601-02718,2026-01-29,CUST-2322,Pen Set,Office,North,Amit,7,303.42
ORD-202601-02719,2026-01-10,CUST-4663,Notebook,Office,Central,Karan,4,195.59
ORD-202601-02720,2026-01-31,CUST-4249,Headphones,Electronics,West,Sneha,4,2654.92
ORD-202601-02721,2026-01-07,CUST-4162,Pen Set,Office,South,Ananya,3,287.67
ORD-202601-02722,2026-01-02,CUST-1035,Pen Set,Office,Central,Vikram,3,315.96
ORD-202601-02723,2026-01-10,CUST-3955,Keyboard,Electronics,West,Neha,5,1254.31
ORD-202601-02724,2026-01-17,CUST-1836,Laptop Stand,Accessories,Central,Karan,6,1625.18
ORD-202601-02725,2026-01-01,CUST-4551,Office Chair,Furniture,North,Priya,7,6674.2
ORD-202601-02726,2026-01-06,CUST-4952,Pen Set,Office,North,Rahul,6,277.33
ORD-202601-02727,2026-01-25,CUST-3059,Keyboard,Electronics,North,Priya,5,1350.47
ORD-202601-02728,2026-01-20,CUST-4565,Wireless Mouse,Electronics,East,Rahul,4,745.12
ORD-202601-02729,2026-01-19,CUST-2667,Notebook,Office,West,Vikram,3,216.88
ORD-202601-02730,2026-01-31,CUST-0170,Mouse Pad,Accessories,Central,Rahul,6,411.41
ORD-202601-02731,2026-01-08,CUST-4370,Monitor Stand,Furniture,Central,Neha,3,1891.4
ORD-202601-02732,2026-01-28,CUST-2652,Mouse Pad,Accessories,East,Priya,2,375.76
ORD-202601-02733,2026-01-12,CUST-0221,Monitor Stand,Furniture,West,Rahul,7,2168.47
ORD-202601-02734,2026-01-29,CUST-0328,Headphones,Electronics,South,Neha,5,2552.91
ORD-202601-02735,2026-01-25,CUST-3617,USB Hub,Accessories,North,Priya,3,969.79
ORD-202601-02736,2026-01-07,CUST-4620,Keyboard,Electronics,North,Sneha,7,1197.74
ORD-202601-02737,2026-01-07,CUST-3487,Notebook,Office,North,Sneha,7,215.93
ORD-202601-02738,2026-01-17,CUST-2208,Headphones,Electronics,West,Sneha,3,2509.02
ORD-202601-02739,2026-01-16,CUST-1535,Mouse Pad,Accessories,East,Amit,4,412.44
ORD-202601-02740,2026-01-08,CUST-2093,Laptop Stand,Accessories,West,Neha,4,1460.89
ORD-202601-02741,2026-01-09,CUST-1615,Headphones,Electronics,North,Karan,5,2278.66
ORD-202601-02742,2026-01-28,CUST-1365,Keyboard,Electronics,Central,Rahul,7,1417.98
ORD-202601-02743,2026-01-24,CUST-0642,Mouse Pad,Accessories,West,Priya,4,438.47
ORD-202601-02744,2026-01-06,CUST-2845,Monitor Stand,Furniture,Central,Vikram,6,1944.85
ORD-202601-02745,2026-01-23,CUST-1092,Headphones,Electronics,West,Amit,5,2720.85
ORD-202601-02746,2026-01-05,CUST-0725,USB Hub,Accessories,South,Vikram,7,839.26
ORD-202601-02747,2026-01-14,CUST-1380,Headphones,Electronics,West,Neha,3,2326.41
ORD-202601-02748,2026-01-01,CUST-3995,Office Chair,Furniture,West,Ananya,3,6401.44
ORD-202601-02749,2026-01-21,CUST-2865,USB Hub,Accessories,North,Ananya,3,879.45
ORD-202601-02750,2026-01-06,CUST-2457,Monitor Stand,Furniture,North,Vikram,7,1820.01
ORD-202601-02751,2026-01-08,CUST-2960,Webcam,Electronics,West,Vikram,5,1858.99
ORD-202601-02752,2026-01-06,CUST-2833,Keyboard,Electronics,North,Amit,2,1205.05
ORD-202601-02753,2026-01-06,CUST-2489,Notebook,Office,North,Sneha,1,208.18
ORD-202601-02754,2026-01-03,CUST-4205,Pen Set,Office,North,Amit,4,318.94
ORD-202601-02755,2026-01-18,CUST-3652,Monitor Stand,Furniture,West,Sneha,6,2074.09
ORD-202601-02756,2026-01-27,CUST-0926,Study Table,Furniture,Central,Sneha,4,5169.6
ORD-202601-02757,2026-01-10,CUST-4086,Study Table,Furniture,East,Ananya,4,5792.48
ORD-202601-02758,2026-01-25,CUST-0876,Pen Set,Office,North,Ananya,6,284.02
ORD-202601-02759,2026-01-17,CUST-0391,Laptop Stand,Accessories,East,Amit,4,1576.79
ORD-202601-02760,2026-01-08,CUST-2105,USB Hub,Accessories,East,Sneha,7,911.12
ORD-202601-02761,2026-01-02,CUST-1965,Keyboard,Electronics,East,Vikram,5,1264.37
ORD-202601-02762,2026-01-25,CUST-3931,USB Hub,Accessories,East,Rahul,6,824.11
ORD-202601-02763,2026-01-01,CUST-3477,Laptop Stand,Accessories,East,Ananya,6,1597.19
ORD-202601-02764,2026-01-14,CUST-0293,Wireless Mouse,Electronics,South,Vikram,-1,869.26
ORD-202601-02765,2026-01-02,CUST-2494,Headphones,Electronics,Central,Rahul,1,2581.93
ORD-202601-02766,2026-01-25,CUST-3976,Mouse Pad,Accessories,East,Rahul,3,436.07
ORD-202601-02767,2026-01-31,CUST-3666,Laptop Stand,Accessories,South,Amit,1,1629.15
ORD-202601-02768,2026-01-11,CUST-2504,Monitor Stand,Furniture,North ,Sneha,4,1876.9
ORD-202601-02769,2026-01-10,CUST-3079,Mouse Pad,Accessories,West,Ananya,2,417.45
ORD-202601-02770,2026-01-18,CUST-2809,Monitor Stand,Furniture,South,Rahul,4,1938.75
ORD-202601-02771,2026-01-16,CUST-1157,Pen Set,Office,South,Ananya,3,298.25
ORD-202601-02772,2026-01-12,CUST-2822,Wireless Mouse,Electronics,East,Ananya,1,744.18
ORD-202601-02773,2026-01-12,CUST-3376,Headphones,Electronics,East,Priya,1,2736.29
ORD-202601-02774,2026-01-06,CUST-0281,Desk Organizer,Office,Central,Priya,4,626.09
ORD-202601-02775,2026-01-08,CUST-3477,Notebook,Office,East,Priya,1,189.72
ORD-202601-02776,2026-01-19,CUST-1249,Webcam,Electronics,West,Amit,6,1850.18
ORD-202601-02777,2026-01-23,CUST-0039,Mouse Pad,Accessories,West,Karan,6,392.81
ORD-202601-02778,2026-01-24,CUST-3777,Study Table,Furniture,Central,Priya,5,5771.24
ORD-202601-02779,2026-01-17,CUST-1950,USB Hub,Accessories,North,Karan,2,975.54
ORD-202601-02780,2026-01-24,CUST-2062,Wireless Mouse,Electronics,South,Vikram,6,770.47
ORD-202601-02781,2026-01-19,CUST-3122,Laptop Stand,Accessories,,Amit,5,1490.76
ORD-202601-02782,2026-01-12,CUST-2803,Monitor Stand,Furniture,North,Karan,3,2036.26
ORD-202601-02783,2026-01-11,,Desk Organizer,Office,East,Priya,1,586.22
ORD-202601-02784,2026-01-17,CUST-4725,Office Chair,Furniture,East,Sneha,4,7004.85
ORD-202601-02785,2026-01-10,CUST-3256,Study Table,Furniture,Central,Amit,6,5065.36
ORD-202601-02786,2026-01-24,CUST-0232,Keyboard,Electronics,Central,Vikram,1,1212.66
ORD-202601-02787,2026-01-06,CUST-1112,Webcam,Electronics,North,Rahul,1,1861.44
ORD-202601-02788,2026-01-02,CUST-2249,Wireless Mouse,Electronics,South,Vikram,3,865.31
ORD-202601-02789,,CUST-2363,Wireless Mouse,Electronics,West,Karan,4,774.93
ORD-202601-02790,2026-01-03,CUST-1807,Office Chair,Furniture,North,Karan,4,6648.76
ORD-202601-02791,2026-01-06,CUST-0922,Monitor Stand,Furniture,East,Rahul,3,2096.1
ORD-202601-02792,2026-01-12,CUST-0533,Headphones,Electronics,Central,Amit,2,2723.48
ORD-202601-02793,2026-01-01,CUST-0725,Desk Organizer,Office,Central,Rahul,1,594.1
ORD-202601-02794,2026-01-07,CUST-4754,Mouse Pad,Accessories,Central,Karan,1,359.79
ORD-202601-02795,2026-01-17,CUST-1978,Wireless Mouse,Electronics,North,Vikram,1,829.07
ORD-202601-02796,2026-01-12,CUST-4808,Study Table,Furniture,North,Karan,5,5405.58
ORD-202601-02797,2026-01-28,CUST-1675,Study Table,Furniture,North,Neha,6,5689.98
ORD-202601-02798,2026-01-03,CUST-1558,Notebook,Office,West,Vikram,4,190.15
ORD-202601-02799,2026-01-23,CUST-2448,Desk Organizer,Office ,North,Amit,1,539.39
ORD-202601-02800,2026-01-19,CUST-4734,USB Hub,Accessories,East,Amit,3,871.04
ORD-202601-02801,2026-01-20,CUST-2816,Office Chair,Furniture,Central,Ananya,7,7285.67
ORD-202601-02802,2026-01-21,CUST-0176,USB Hub,Accessories,East,Priya,2,879.78
ORD-202601-02803,2026-01-02,CUST-1358,Monitor Stand,Furniture,Central,Rahul,4,1886.73
ORD-202601-02804,2026-01-25,CUST-4905,Wireless Mouse,Electronics,East,Rahul,4,793.25
ORD-202601-02805,2026-01-11,CUST-0773,Headphones,Electronics,South,Ananya,3,2625.12
ORD-202601-02806,2026-01-21,,Monitor Stand,Furniture,Central,Sneha,-1,1846.85
ORD-202601-02807,2026-01-10,CUST-4644,Webcam,Electronics,East,Karan,4,1971.83
ORD-202601-02808,2026-01-13,CUST-1072,Laptop Stand,Accessories,North,Ananya,4,1549.17
ORD-202601-02809,2026-01-22,CUST-2795,Office Chair,Furniture,West,Karan,6,6818.06
ORD-202601-02810,2026-01-29,CUST-2998,Headphones,Electronics,West,Vikram,5,2734.07
ORD-202601-02811,2026-01-28,CUST-3970,Mouse Pad,Accessories,Central,Priya,1,430.5
ORD-202601-02812,2026-01-23,CUST-3992,Webcam,Electronics,North,Neha,1,1829.18
ORD-202601-02813,2026-01-17,CUST-0301,Headphones,Electronics,North,Sneha,3,2264.64
ORD-202601-02814,2026-01-17,CUST-1597,Monitor Stand,Furniture,West,Karan,7,1922.36
ORD-202601-02815,2026-01-30,CUST-4701,Headphones,Electronics,West,Rahul,1,2351.42
ORD-202601-02816,2026-01-07,CUST-1769,Keyboard,Electronics,West,Rahul,1,1311.28
ORD-202601-02817,2026-01-30,CUST-1230,Pen Set,Office,South,Sneha,5,324.04
ORD-202601-02818,2026-01-21,CUST-3145,Study Table,Furniture,West,Amit,4,5906.3
ORD-202601-02819,2026-01-20,CUST-0977,Keyboard,Electronics,East,Sneha,2,1248.55
ORD-202601-02820,2026-01-19,CUST-0736,Desk Organizer,Office,Central,Ananya,2,590.45
ORD-202601-02821,2026-01-26,CUST-3990,Notebook,Office,South,Karan,5,180.55
ORD-202601-02822,2026-01-22,CUST-0592,Office Chair,Furniture,West,Rahul,4,7060.82
ORD-202601-02823,2026-01-03,CUST-4456,Keyboard,Electronics,North,Ananya,5,1185.56
ORD-202601-02824,2026-01-25,CUST-1250,Monitor Stand,Furniture,West,Rahul,2,2174.35
ORD-202601-02825,2026-01-23,CUST-0534,Pen Set,Office,West,Amit,4,320.94
ORD-202601-02826,2026-01-29,CUST-3707,Office Chair,Furniture ,South,Neha,7,6598.92
ORD-202601-02827,2026-01-30,CUST-0883,Laptop Stand,Accessories,North,Sneha,3,1558.77
ORD-202601-02828,2026-01-30,CUST-1833,Monitor Stand,Furniture,Central,Priya,3,2026.19
ORD-202601-02829,2026-01-02,CUST-1756,Pen Set,Office,North,Priya,2,317.02
ORD-202601-02830,2026-01-20,CUST-2537,Keyboard,Electronics,East,Sneha,5,1292.67
ORD-202601-02831,2026-01-29,CUST-2367,Study Table,Furniture,North,Sneha,1,5160.01
ORD-202601-02832,,CUST-0978,Office Chair,Furniture,East,Karan,2,7194.75
ORD-202601-02833,2026-01-18,CUST-1174,Webcam,Electronics,Central,Sneha,5,1739.59
ORD-202601-02834,2026-01-29,CUST-0971,Notebook,Office,East,Sneha,1,202.37
ORD-202601-02835,2026-01-28,CUST-0278,USB Hub,Accessories,South,Sneha,7,847.34
ORD-202601-02836,2026-01-01,CUST-3253,Notebook,Office,South,Sneha,3,206.36
ORD-202601-02837,2026-01-28,CUST-2354,Monitor Stand,Furniture,North,Ananya,3,2130.15
ORD-202601-02838,2026-01-20,CUST-0542,Study Table,Furniture,East,Rahul,4,5069.56
ORD-202601-02839,2026-01-18,CUST-1657,Headphones,Electronics,North,Neha,5,2449.15
ORD-202601-02840,2026-01-06,CUST-3340,Monitor Stand,Furniture,South,Neha,4,2092.36
ORD-202601-02841,2026-01-29,CUST-1426,USB Hub,Accessories,North,Vikram,7,838.53
ORD-202601-02842,2026-01-10,CUST-2004,Desk Organizer,Office,South,Ananya,7,606.97
ORD-202601-02843,2026-01-13,CUST-3719,Desk Organizer,Office,North,Priya,2,619.59
ORD-202601-02844,2026-01-10,CUST-3357,Mouse Pad,Accessories,Central,Amit,5,387.41
ORD-202601-02845,2026-01-31,CUST-3504,USB Hub,Accessories,,Vikram,3,958.69
ORD-202601-02846,2026-01-15,CUST-1909,USB Hub,Accessories,Central,Sneha,7,-100.0
ORD-202601-02847,2026-01-04,CUST-2420,Study Table,Furniture,West,Karan,2,5638.67
ORD-202601-02848,2026-01-01,CUST-4231,USB Hub,Accessories,East,Amit,3,834.43
ORD-202601-02849,2026-01-31,CUST-4362,Webcam,Electronics,North,Vikram,5,1717.9
ORD-202601-02850,2026-01-08,CUST-0278,Laptop Stand,Accessories,Central,,6,1364.31
ORD-202601-02851,2026-01-24,CUST-4191,Headphones,Electronics,Central,Neha,1,2700.88
ORD-202601-02852,2026-01-01,CUST-4467,USB Hub,Accessories,East,Ananya,4,967.8
ORD-202601-02853,2026-01-28,CUST-4713,Keyboard,Electronics,South,Neha,3,1378.91
ORD-202601-02854,2026-01-21,CUST-1344,Keyboard,Electronics,South,Sneha,5,1220.96
ORD-202601-02855,2026-01-07,CUST-2507,Desk Organizer,Office,South,Sneha,4,602.05
ORD-202601-02856,2026-01-28,CUST-0213,Keyboard,Electronics,Central,Ananya,7,1375.93
ORD-202601-02857,2026-01-10,CUST-0549,Notebook,Office,North,Neha,7,205.95
ORD-202601-02858,2026-01-31,CUST-2813,Office Chair,Furniture,West,Vikram,5,6460.81
ORD-202601-02859,2026-01-19,CUST-1031,Desk Organizer,Office,West,Sneha,5,646.39
ORD-202601-02860,2026-01-14,CUST-1122,USB Hub,Accessories,West,Rahul,7,837.99
ORD-202601-02861,2026-01-02,CUST-1485,Headphones,Electronics,North,Karan,2,2334.96
ORD-202601-02862,2026-01-09,CUST-2297,Monitor Stand,Furniture,East,Vikram,6,2159.32
ORD-202601-02863,2026-01-02,CUST-0765,Office Chair,Furniture,South,Amit,6,6977.47
ORD-202601-02864,2026-01-27,CUST-4012,Notebook,Office,East,Ananya,1,193.94
ORD-202601-02865,2026-01-04,CUST-3341,Keyboard,Electronics,North,Priya,7,1312.94
ORD-202601-02866,2026-01-04,CUST-3958,Wireless Mouse,Electronics,North,Vikram,5,875.93
ORD-202601-02867,2026-01-04,CUST-4631,Laptop Stand,Accessories,North,Sneha,3,1384.97
ORD-202601-02868,2026-01-31,CUST-3002,Headphones,Electronics,Central,Karan,4,2627.42
ORD-202601-02869,2026-01-31,,Study Table,Furniture,East,Ananya,4,5316.79
ORD-202601-02870,2026-01-23,CUST-4890,Headphones,Electronics,South,Amit,7,2307.6
ORD-202601-02871,2026-01-03,CUST-2829,Webcam,Electronics,West,Karan,7,1869.35
ORD-202601-02872,2026-01-16,CUST-2319,Monitor Stand,Furniture,East,Rahul,6,2018.49
ORD-202601-02873,2026-01-30,CUST-2081,Office Chair,Furniture,South,Amit,5,6587.41
ORD-202601-02874,2026-01-03,CUST-0197,Headphones,Electronics,North,Sneha,1,2451.65
ORD-202601-02875,2026-01-25,CUST-4780,Laptop Stand,Accessories,South,Priya,7,1539.68
ORD-202601-02876,2026-01-01,CUST-4098,Mouse Pad,Accessories,West,Rahul,1,405.1
ORD-202601-02877,2026-01-25,CUST-3498,Pen Set,Office,West,Priya,2,312.35
ORD-202601-02878,2026-01-17,CUST-1107,Monitor Stand,Furniture,South,Vikram,1,2133.49
ORD-202601-02879,2026-01-28,CUST-4642,Study Table,Furniture,West,Karan,7,5399.07
ORD-202601-02880,2026-01-13,CUST-0882,Monitor Stand,Furniture,West ,Vikram,4,1968.2
ORD-202601-02881,2026-01-25,CUST-1208,Wireless Mouse,Electronics,Central,Karan,2,798.47
ORD-202601-02882,2026-01-27,CUST-0351,Webcam,Electronics,East,Sneha,1,1924.2
ORD-202601-02883,2026-01-11,CUST-1441,Notebook,Office, South,Karan,3,183.41
ORD-202601-02884,2026-01-20,CUST-1640,Wireless Mouse,Electronics,North,Priya,6,769.06
ORD-202601-02885,2026-01-15,CUST-3975,Laptop Stand,Accessories,North,Priya,7,1400.63
ORD-202601-02886,2026-01-14,CUST-1631,Keyboard,Electronics,North,Rahul,4,1269.34
ORD-202601-02887,2026-01-25,CUST-4779,Monitor Stand,Furniture,East,Ananya,5,2188.25
ORD-202601-02888,2026-01-08,CUST-1514,Wireless Mouse,Electronics,South,Karan,6,812.22
ORD-202601-02889,2026-01-04,CUST-2623,Keyboard,Electronics,South,Rahul,7,1280.65
ORD-202601-02890,2026-01-15,CUST-2966,Headphones,Electronics,West,Ananya,2,2531.96
ORD-202601-02891,2026-01-26,CUST-4146,Keyboard,Electronics,,Priya,7,1342.93
ORD-202601-02892,2026-01-06,CUST-3758,Notebook,Office,Central,Vikram,4,196.41
ORD-202601-02893,2026-01-11,CUST-4338,Laptop Stand,Accessories,North,Karan,7,1483.32
ORD-202601-02894,2026-01-21,CUST-4689,Study Table,Furniture,South,Neha,1,5720.5
ORD-202601-02895,2026-01-15,CUST-0588,Webcam,Electronics,North,Priya,1,1732.22
ORD-202601-02896,2026-01-19,CUST-0471,Mouse Pad,Accessories,East,Neha,7,402.2
ORD-202601-02897,2026-01-17,CUST-2246,Pen Set,Office,North,Karan,5,301.83
ORD-202601-02898,2026-01-26,CUST-0752,Pen Set,Office,South,Sneha,2,314.35
ORD-202601-02899,2026-01-28,CUST-2468,Office Chair,Furniture,West,Vikram,7,7674.61
ORD-202601-02900,2026-01-14,CUST-2950,Headphones,Electronics,Central,Ananya,1,2646.82
ORD-202601-02901,2026-01-14,CUST-1382,Mouse Pad,Accessories,East,Neha,5,399.3
ORD-202601-02902,2026-01-09,CUST-0491,Office Chair,Furniture,Central ,Sneha,2,6536.3
ORD-202601-02903,2026-01-14,CUST-4823,Study Table,Furniture,West,Karan,1,5596.07
ORD-202601-02904,2026-01-26,CUST-1854,Pen Set,Office,West,Sneha,6,318.99
ORD-202601-02905,2026-01-16,CUST-4196,Pen Set,Office,Central,Karan,6,324.86
ORD-202601-02906,,CUST-3123,Study Table,Furniture,North,Vikram,1,5856.78
ORD-202601-02907,2026-01-13,CUST-3311,Pen Set,Office,South,Sneha,1,280.4
ORD-202601-02908,2026-01-22,CUST-3903,Monitor Stand,Furniture,East,Vikram,5,2083.99
ORD-202601-02909,2026-01-23,CUST-1326,Keyboard,Electronics,West,Vikram,1,1397.76
ORD-202601-02910,2026-01-17,CUST-1088,Laptop Stand,Accessories,Central,Ananya,6,1553.27
ORD-202601-02911,2026-01-29,CUST-4984,Keyboard,Electronics,North,Priya,7,1347.26
ORD-202601-02912,2026-01-28,CUST-3340,Keyboard,Electronics,South,Karan,6,1299.04
ORD-202601-02913,2026-01-05,CUST-1462,Mouse Pad,Accessories,South,Rahul,2,409.93
ORD-202601-02914,2026-01-08,CUST-3230,Headphones,Electronics,West,Ananya,2,2396.23
ORD-202601-02915,2026-01-30,CUST-1969,USB Hub,Accessories,Central,Karan,5,825.07
ORD-202601-02916,,CUST-4299,USB Hub,Accessories,Central,Amit,1,957.92
ORD-202601-02917,2026-01-10,CUST-2542,Pen Set,Office,West,Rahul,4,325.5
ORD-202601-02918,2026-01-25,CUST-1569,Monitor Stand,Furniture,West,Sneha,4,2141.66
ORD-202601-02919,2026-01-19,CUST-3452,Study Table,Furniture,East,Rahul,6,5316.34
ORD-202601-02920,2026-01-05,CUST-3751,Laptop Stand,Accessories,West,Ananya,2,1377.14
ORD-202601-02921,2026-01-03,CUST-1864,Laptop Stand,Accessories,North,Vikram,6,1433.09
ORD-202601-02922,2026-01-26,CUST-3760,Office Chair,Furniture,East,Karan,5,7478.9
ORD-202601-02923,2026-01-24,CUST-1171,Keyboard,Electronics, South,Vikram,2,1339.48
ORD-202601-02924,2026-01-11,CUST-1196,Notebook,Office,Central,Neha,3,217.57
ORD-202601-02925,2026-01-27,CUST-4133,USB Hub,Accessories,South,Amit,1,870.71
ORD-202601-02926,2026-01-04,CUST-3106,Headphones,Electronics,South,Neha,4,2524.73
ORD-202601-02927,2026-01-27,CUST-0176,Pen Set,Office,East,Vikram,2,316.34
ORD-202601-02928,2026-01-03,CUST-3376,Laptop Stand,Accessories,Central,Ananya,1,1419.25
ORD-202601-02929,2026-01-20,CUST-1530,Headphones,Electronics,,Karan,4,2730.95
ORD-202601-02930,2026-01-27,CUST-1373,Pen Set,Office,East,Karan,4,304.53
ORD-202601-02931,2026-01-20,CUST-2121,Headphones,Electronics,Central,Neha,1,2253.05
ORD-202601-02932,2026-01-25,CUST-2259,Pen Set,Office,West,Amit,2,270.6
ORD-202601-02933,2026-01-11,CUST-4460,Headphones,Electronics,Central,Rahul,1,2690.03
ORD-202601-02934,2026-01-09,CUST-2179,USB Hub,Accessories,Central,Neha,5,925.12
ORD-202601-02935,2026-01-09,CUST-1484,Office Chair,Furniture,South,Sneha,3,7367.25
ORD-202601-02936,2026-01-04,,Headphones,Electronics,East,Karan,1,2640.95
ORD-202601-02937,2026-01-09,CUST-2714,Desk Organizer,Office,South,Sneha,2,589.47
ORD-202601-02938,2026-01-08,CUST-0004,Desk Organizer,Office,South,Sneha,7,634.77
ORD-202601-02939,2026-01-24,CUST-3161,Study Table,Furniture,East,Priya,2,5980.2
ORD-202601-02940,2026-01-07,CUST-2506,Headphones,Electronics,North,Amit,5,2335.15
ORD-202601-02941,2026-01-06,CUST-2874,Desk Organizer,Office,South,Vikram,4,630.64
ORD-202601-02942,2026-01-23,CUST-0922,Monitor Stand,Furniture,Central,Rahul,2,1922.16
ORD-202601-02943,2026-01-17,CUST-2392,Desk Organizer,Office,North,Karan,3,577.61
ORD-202601-02944,2026-01-07,CUST-3235,Headphones,Electronics,West,Neha,1,2455.39
ORD-202601-02945,2026-01-22,CUST-3385,Office Chair,Furniture,West,Amit,6,7508.13
ORD-202601-02946,2026-01-07,CUST-3402,Keyboard,Electronics,South,Priya,3,1174.83
ORD-202601-02947,2026-01-25,CUST-4988,Notebook,Office,East,Rahul,4,196.37
ORD-202601-02948,2026-01-02,CUST-2506,Mouse Pad,Accessories,Central,Amit,2,413.37
ORD-202601-02949,2026-01-19,CUST-2150,Mouse Pad,Accessories,Central,Rahul,6,367.91
ORD-202601-02950,2026-01-19,CUST-2711,Mouse Pad,Accessories,Central,Vikram,2,422.32
ORD-202601-02951,2026-01-12,CUST-1645,Wireless Mouse,Electronics,West,Sneha,4,869.62
ORD-202601-02952,2026-01-22,CUST-1576,Mouse Pad,Accessories,Central,Ananya,7,366.36
ORD-202601-02953,2026-01-12,CUST-3451,Monitor Stand,Furniture,South,Amit,5,1860.25
ORD-202601-02954,2026-01-21,CUST-1567,USB Hub,Accessories,West,Neha,5,984.24
ORD-202601-02955,2026-01-07,CUST-3745,Webcam,Electronics ,West,Karan,7,1784.25
ORD-202601-02956,2026-01-18,CUST-3726,Monitor Stand,Furniture,Central,Rahul,2,1830.66
ORD-202601-02957,2026-01-24,CUST-4768,Keyboard,Electronics,South,Vikram,7,1416.48
ORD-202601-02958,2026-01-30,CUST-0659,Mouse Pad,Accessories,Central,Sneha,4,430.33
ORD-202601-02959,2026-01-12,CUST-1817,Mouse Pad,Accessories,East,Priya,3,411.43
ORD-202601-02960,2026-01-15,CUST-3858,Mouse Pad,Accessories,North,Neha,2,403.1
ORD-202601-02961,2026-01-15,CUST-2146,Study Table,Furniture ,West,Vikram,6,5960.07
ORD-202601-02962,2026-01-27,CUST-3276,USB Hub,Accessories,Central,Karan,7,926.96
ORD-202601-02963,2026-01-30,CUST-3677,Monitor Stand,Furniture,East,Karan,5,2062.33
ORD-202601-02964,2026-01-21,,Wireless Mouse,Electronics,East,Rahul,-1,853.92
ORD-202601-02965,2026-01-26,CUST-1131,Desk Organizer,Office,Central,Neha,4,617.36
ORD-202601-02966,2026-01-03,CUST-1301,Notebook,Office,Central,Karan,6,199.15
ORD-202601-02967,2026-01-24,CUST-2355,Webcam,Electronics,East,Karan,3,1857.12
ORD-202601-02968,2026-01-26,CUST-2531,Headphones,Electronics,West,Karan,6,2500.57
ORD-202601-02969,2026-01-23,CUST-4526,Desk Organizer,Office ,West,,5,601.69
ORD-202601-02970,2026-01-19,CUST-0195,Pen Set,Office,West,Rahul,1,290.68
ORD-202601-02971,2026-01-28,,Notebook,Office,West,,4,196.94
ORD-202601-02972,2026-01-21,CUST-4563,Wireless Mouse,Electronics,South,Ananya,2,847.24
ORD-202601-02973,2026-01-27,CUST-3074,Notebook,Office,South,Rahul,4,195.68
ORD-202601-02974,2026-01-06,CUST-3377,Monitor Stand,Furniture,North,Ananya,3,1809.32
ORD-202601-02975,2026-01-21,CUST-1249,Wireless Mouse,Electronics,Central,Vikram,6,764.33
ORD-202601-02976,2026-01-14,CUST-3115,Mouse Pad,Accessories,South,Neha,7,377.59
ORD-202601-02977,2026-01-27,CUST-1850,Mouse Pad,Accessories,West,Rahul,4,422.43
ORD-202601-02978,2026-01-28,CUST-3664,Study Table,Furniture,West,Karan,4,5443.23
ORD-202601-02979,2026-01-27,CUST-0453,Webcam, Electronics,West,Neha,5,1815.56
ORD-202601-02980,2026-01-07,CUST-1422,Mouse Pad,Accessories,Central,Rahul,5,423.79
ORD-202601-02981,2026-01-16,CUST-3224,Desk Organizer,Office,Central,Neha,5,541.4
ORD-202601-02982,2026-01-01,CUST-3020,Wireless Mouse,Electronics,North,Neha,6,746.95
ORD-202601-02983,2026-01-31,CUST-4202,Office Chair,Furniture,Central,Vikram,7,7456.67
ORD-202601-02984,2026-01-08,CUST-4005,Office Chair,Furniture,South,Sneha,6,7069.9
ORD-202601-02985,2026-01-20,CUST-0073,Desk Organizer,Office,West,Rahul,1,631.78
ORD-202601-02986,2026-01-16,CUST-0452,Pen Set,Office,West,Priya,4,319.22
ORD-202601-02987,2026-01-29,CUST-1772,Desk Organizer,Office,North,Sneha,4,651.95
ORD-202601-02988,2026-01-26,CUST-4795,Office Chair,Furniture,South,Priya,4,6387.88
ORD-202601-02989,2026-01-25,CUST-2386,Study Table,Furniture,Central,Sneha,4,5828.1
ORD-202601-02990,2026-01-20,CUST-4460,USB Hub,Accessories,North,Priya,6,936.54
ORD-202601-02991,2026-01-04,CUST-0297,USB Hub,Accessories,South,Rahul,3,846.32
ORD-202601-02992,2026-01-29,CUST-4816,Pen Set,Office,North,Sneha,2,324.82
ORD-202601-02993,2026-01-02,CUST-0306,Headphones,Electronics,North,Priya,4,2451.12
ORD-202601-02994,2026-01-15,CUST-4042,Study Table,Furniture,West,Priya,6,5925.29
ORD-202601-02995,2026-01-12,CUST-4385,Office Chair,Furniture,Central,Vikram,3,7146.14
ORD-202601-02996,2026-01-13,CUST-1472,Pen Set,Office,East,Priya,1,300.6
ORD-202601-02997,2026-01-31,CUST-1505,Webcam,Electronics,South,Amit,7,1769.69
ORD-202601-02998,2026-01-08,CUST-2908,Laptop Stand,Accessories,Central,Ananya,2,1623.22
ORD-202601-02999,2026-01-18,CUST-3611,USB Hub,Accessories,South,Sneha,5,909.19
ORD-202601-03000,2026-01-07,CUST-0601,Pen Set,Office,South,Karan,6,269.46
ORD-202601-03001,2026-01-29,CUST-1185,Office Chair,Furniture,East,Sneha,2,6324.69
ORD-202601-03002,2026-01-23,CUST-3771,Pen Set,Office,North,Vikram,3,315.6
ORD-202601-03003,2026-01-13,CUST-4038,Monitor Stand,Furniture,South,Vikram,2,1863.84
ORD-202601-03004,2026-01-03,CUST-0769,Monitor Stand,Furniture,West,Sneha,2,2038.48
ORD-202601-03005,2026-01-05,CUST-4449,Desk Organizer,Office,West,Vikram,2,620.69
ORD-202601-03006,2026-01-08,CUST-4335,Laptop Stand,Accessories,Central,Amit,2,1432.85
ORD-202601-03007,2026-01-13,CUST-4340,Notebook,Office,West,Priya,4,201.76
ORD-202601-03008,2026-01-28,CUST-1203,USB Hub,Accessories,South,Vikram,4,852.3
ORD-202601-03009,2026-01-04,CUST-3346,Pen Set,Office,West,Karan,1,325.69
ORD-202601-03010,2026-01-18,CUST-0803,Office Chair,Furniture,Central,Vikram,6,7503.17
ORD-202601-03011,2026-01-11,CUST-0983,Laptop Stand,Accessories,West,Neha,5,1435.46
ORD-202601-03012,2026-01-02,CUST-0355,Mouse Pad,Accessories,West,Rahul,1,401.3
ORD-202601-03013,2026-01-20,CUST-2466,Wireless Mouse,Electronics,East,Ananya,6,799.1
ORD-202601-03014,2026-01-22,CUST-3557,Desk Organizer,Office,Central,Sneha,1,654.11
ORD-202601-03015,2026-01-30,CUST-0994,Mouse Pad,Accessories,South,Rahul,4,390.54
ORD-202601-03016,2026-01-16,CUST-0932,USB Hub,Accessories,East,Vikram,4,910.19
ORD-202601-03017,2026-01-11,CUST-1385,Mouse Pad,Accessories,South,Neha,4,433.21
ORD-202601-03018,2026-01-27,CUST-0989,Headphones,Electronics,North,Priya,7,2330.47
ORD-202601-03019,2026-01-08,CUST-4165,Notebook,Office,West,Neha,7,201.01
ORD-202601-03020,2026-01-22,CUST-0849,Desk Organizer,Office,North,Amit,2,551.76
ORD-202601-03021,2026-01-30,CUST-1393,Laptop Stand,Accessories,South,Vikram,5,1534.23
ORD-202601-03022,2026-01-01,CUST-1529,Keyboard,Electronics,West,Amit,7,1264.1
ORD-202601-03023,2026-01-29,CUST-1014,USB Hub,Accessories,South,Neha,6,983.08
ORD-202601-03024,2026-01-07,CUST-4707,Headphones,Electronics,Central,Sneha,7,2456.72
ORD-202601-03025,2026-01-15,CUST-1049,Laptop Stand,Accessories,North,Priya,4,1389.93
ORD-202601-03026,2026-01-08,CUST-2434,Pen Set,Office ,East,Rahul,2,318.97
ORD-202601-03027,2026-01-05,CUST-2831,Keyboard,Electronics,North,Ananya,4,1382.36
ORD-202601-03028,2026-01-22,CUST-1305,Desk Organizer,Office,North,Sneha,6,622.34
ORD-202601-03029,2026-01-15,CUST-2357,Headphones,Electronics,West,Sneha,7,2623.36
ORD-202601-03030,2026-01-16,CUST-0852,Study Table,Furniture,North,Amit,5,5240.23
ORD-202601-03031,2026-01-15,CUST-2415,Desk Organizer,Office,Central,Priya,5,616.02
ORD-202601-03032,2026-01-24,CUST-0095,Webcam,Electronics,East,Sneha,4,1723.54
ORD-202601-03033,2026-01-30,CUST-2196,Notebook,Office,East,Vikram,3,186.94
ORD-202601-03034,2026-01-16,CUST-1825,Keyboard,Electronics,Central,Karan,3,1411.31
ORD-202601-03035,2026-01-05,CUST-1753,Keyboard,Electronics,South,Amit,4,1361.15
ORD-202601-03036,2026-01-11,CUST-0551,Monitor Stand,Furniture,South,Amit,6,1891.32
ORD-202601-03037,2026-01-16,CUST-4994,Office Chair,Furniture,East,Priya,4,6455.01
ORD-202601-03038,2026-01-04,CUST-0136,Headphones,Electronics,West,Amit,6,2723.37
ORD-202601-03039,2026-01-08,CUST-0731,Webcam,Electronics,Central,Sneha,1,1751.71
ORD-202601-03040,2026-01-07,CUST-0515,Headphones,Electronics,East,Karan,6,2377.58
ORD-202601-03041,2026-01-31,CUST-4889,USB Hub,Accessories,South,Neha,4,841.94
ORD-202601-03042,2026-01-13,CUST-1593,Webcam,Electronics,Central,Amit,7,1711.93
ORD-202601-03043,2026-01-28,CUST-2155,Laptop Stand,Accessories,East,Amit,4,1443.28
ORD-202601-03044,2026-01-18,CUST-3755,Mouse Pad,Accessories,Central,Rahul,4,436.84
ORD-202601-03045,2026-01-16,CUST-0253,Headphones,Electronics,East,Ananya,1,2419.98
ORD-202601-03046,2026-01-30,CUST-0335,Study Table,Furniture,North,Karan,6,5503.73
ORD-202601-03047,2026-01-22,CUST-0913,Desk Organizer,Office,Central,Vikram,5,628.46
ORD-202601-03048,2026-01-08,CUST-3394,Desk Organizer,Office,West,Sneha,7,605.12
ORD-202601-03049,2026-01-09,CUST-4893,Headphones,Electronics,,Sneha,1,2620.75
ORD-202601-03050,2026-01-21,CUST-3103,Desk Organizer,Office,Central,Karan,2,618.36
ORD-202601-03051,2026-01-01,CUST-4361,Office Chair,Furniture,North,Amit,7,7150.97
ORD-202601-03052,2026-01-05,CUST-4410,Headphones,Electronics,Central,Sneha,1,2573.79
ORD-202601-03053,2026-01-03,CUST-1382,Desk Organizer,Office,East,Sneha,4,634.84
ORD-202601-03054,2026-01-23,CUST-0920,Laptop Stand,Accessories,East,Vikram,3,1562.02
ORD-202601-03055,2026-01-14,CUST-0801,Office Chair,Furniture,North,Vikram,7,7407.43
ORD-202601-03056,2026-01-01,CUST-3972,Mouse Pad,Accessories,North,Karan,6,370.72
ORD-202601-03057,2026-01-23,CUST-3348,Office Chair,Furniture,West,Vikram,7,7247.71
ORD-202601-03058,2026-01-21,CUST-4325,Keyboard,Electronics,East,Rahul,3,1360.58
ORD-202601-03059,2026-01-23,CUST-2536,USB Hub,Accessories,North,Ananya,5,863.03
ORD-202601-03060,2026-01-06,CUST-4883,Webcam,Electronics,West,Karan,5,2041.26
ORD-202601-03061,2026-01-28,CUST-4471,Webcam,Electronics,West,Priya,7,1824.83
ORD-202601-03062,2026-01-06,CUST-4043,Laptop Stand,Accessories,South,Ananya,1,1422.2
ORD-202601-03063,2026-01-18,CUST-4016,Laptop Stand,Accessories,West,,7,1609.06
ORD-202601-03064,2026-01-18,CUST-0619,Keyboard,Electronics,Central,Vikram,3,1233.28
ORD-202601-03065,2026-01-07,CUST-3724,Desk Organizer,Office,East,Amit,1,588.88
ORD-202601-03066,2026-01-12,CUST-4736,Notebook,Office,South,Sneha,5,193.74
ORD-202601-03067,2026-01-02,CUST-1461,Office Chair,Furniture,Central,Ananya,6,7556.21
ORD-202601-03068,2026-01-15,CUST-4075,Desk Organizer,Office,Central,Neha,1,593.64
ORD-202601-03069,2026-01-21,CUST-1751,Keyboard,Electronics,East,Vikram,1,1349.48
ORD-202601-03070,2026-01-10,CUST-1062,Wireless Mouse,Electronics,East,Vikram,7,845.99
ORD-202601-03071,2026-01-17,CUST-3653,USB Hub,Accessories,Central,Amit,7,922.0
ORD-202601-03072,2026-01-30,CUST-0826,Mouse Pad,Accessories,North,Vikram,2,434.41
ORD-202601-03073,2026-01-08,CUST-2407,Webcam,Electronics,South,Ananya,7,2013.89
ORD-202601-03074,2026-01-10,CUST-4683,Office Chair,Furniture,East,Rahul,7,6859.31
ORD-202601-03075,2026-01-04,CUST-0785,Notebook,Office,West,,7,216.94
ORD-202601-03076,2026-01-17,CUST-0779,Desk Organizer,Office,West,Rahul,2,601.94
ORD-202601-03077,2026-01-07,CUST-4715,Keyboard,Electronics,South,Priya,5,1174.97
ORD-202601-03078,2026-01-27,CUST-3886,Office Chair,Furniture,Central,Sneha,7,6663.07
ORD-202601-03079,2026-01-10,CUST-2309,Headphones,Electronics,West,Vikram,7,2559.84
ORD-202601-03080,2026-01-21,CUST-2027,USB Hub,Accessories,East,Neha,5,837.3
ORD-202601-03081,2026-01-06,CUST-4820,USB Hub,Accessories,Central,Rahul,2,914.12
ORD-202601-03082,2026-01-11,CUST-3620,Office Chair,Furniture,North,Ananya,1,6805.26
ORD-202601-03083,2026-01-06,CUST-4542,Webcam,Electronics,West,Amit,2,1912.06
ORD-202601-03084,2026-01-18,CUST-0460,Webcam,Electronics,Central,Vikram,1,1709.81
ORD-202601-03085,,CUST-2653,Laptop Stand,Accessories,West,Priya,2,1603.46
ORD-202601-03086,2026-01-03,CUST-3626,Laptop Stand,Accessories,East,Sneha,1,1457.61
ORD-202601-03087,2026-01-16,CUST-0179,Headphones,Electronics,South,Karan,6,2319.15
ORD-202601-03088,2026-01-17,CUST-2560,Headphones,Electronics,South,Karan,5,2467.97
ORD-202601-03089,2026-01-11,CUST-0279,Webcam,Electronics,East,Priya,4,1893.75
ORD-202601-03090,2026-01-14,CUST-4502,Mouse Pad,Accessories,Central,Amit,6,409.96
ORD-202601-03091,2026-01-13,CUST-3405,Laptop Stand,Accessories,East,Neha,3,1506.36
ORD-202601-03092,2026-01-24,CUST-0942,USB Hub,Accessories,North,Rahul,3,816.93
ORD-202601-03093,2026-01-14,CUST-2608,Desk Organizer,Office,East,Ananya,2,643.51
ORD-202601-03094,2026-01-27,CUST-0547,Webcam,Electronics,North,Ananya,4,1882.48
ORD-202601-03095,2026-01-07,CUST-4020,Study Table,Furniture,Central,Neha,2,5033.77
ORD-202601-03096,2026-01-07,CUST-0982,Desk Organizer,Office,East,Priya,5,631.68
ORD-202601-03097,2026-01-13,CUST-3037,Headphones,Electronics,South,Rahul,7,2579.05
ORD-202601-03098,2026-01-03,CUST-0393,Laptop Stand,Accessories,West,Vikram,4,1543.8
ORD-202601-03099,2026-01-21,CUST-0790,Headphones,Electronics,East,Rahul,3,2462.47
ORD-202601-03100,2026-01-13,CUST-4901,Webcam,Electronics,East,Rahul,5,1865.01
ORD-202601-03101,2026-01-12,CUST-1930,Laptop Stand,Accessories,East,Priya,6,1509.89
ORD-202601-03102,2026-01-17,CUST-0615,Keyboard,Electronics,Central,Amit,4,1182.24
ORD-202601-03103,2026-01-03,CUST-3500,Wireless Mouse,Electronics,Central,Vikram,2,766.87
ORD-202601-03104,2026-01-12,CUST-1005,USB Hub,Accessories,South,Sneha,5,986.72
ORD-202601-03105,2026-01-31,CUST-2948,Desk Organizer,Office,South,Sneha,2,618.43
ORD-202601-03106,2026-01-20,CUST-4049,Webcam,Electronics,Central,Sneha,7,1868.21
ORD-202601-03107,2026-01-18,CUST-3418,Study Table,Furniture,West,Ananya,3,5193.65
ORD-202601-03108,2026-01-16,CUST-1234,Laptop Stand,Accessories,North,Ananya,3,1572.51
ORD-202601-03109,2026-01-15,CUST-1185,Study Table,Furniture,East,Amit,6,5235.37
ORD-202601-03110,2026-01-30,CUST-1112,Webcam,Electronics,North,Priya,1,1770.77
ORD-202601-03111,2026-01-29,CUST-3160,Notebook,Office,North,Ananya,2,185.25
ORD-202601-03112,2026-01-13,CUST-3362,Desk Organizer,Office,North,Sneha,1,626.47
ORD-202601-03113,2026-01-29,CUST-2605,Wireless Mouse,Electronics,South,Sneha,3,821.82
ORD-202601-03114,2026-01-03,CUST-1994,Monitor Stand,Furniture,North,Ananya,4,1827.01
ORD-202601-03115,2026-01-10,CUST-0311,Laptop Stand,Accessories,Central,Amit,2,1383.59
ORD-202601-03116,2026-01-10,CUST-4178,Mouse Pad,Accessories,East,Sneha,3,409.68
ORD-202601-03117,2026-01-22,CUST-3301,Pen Set,Office,East,Rahul,6,303.25
ORD-202601-03118,2026-01-19,CUST-3192,Pen Set,Office,Central,Amit,7,310.12
ORD-202601-03119,2026-01-15,CUST-0519,Wireless Mouse,Electronics,Central,Karan,1,747.55
ORD-202601-03120,2026-01-08,CUST-1442,Study Table,Furniture,Central,Priya,-1,5748.2
ORD-202601-03121,2026-01-16,CUST-1519,Pen Set,Office,North,Rahul,1,325.08
ORD-202601-03122,2026-01-09,CUST-2990,Monitor Stand,Furniture,West,Ananya,4,2039.4
ORD-202601-03123,2026-01-16,CUST-3937,Mouse Pad,Accessories,Central,Sneha,7,374.75
ORD-202601-03124,2026-01-11,CUST-4333,Notebook,Office,North,Sneha,6,206.15
ORD-202601-03125,2026-01-28,CUST-2611,USB Hub,Accessories, Central,Priya,2,870.79
ORD-202601-03126,2026-01-24,CUST-1823,Study Table,Furniture,Central,Priya,2,5003.31
ORD-202601-03127,2026-01-06,CUST-2041,Office Chair,Furniture,Central,Karan,6,6722.31
ORD-202601-03128,2026-01-30,CUST-3683,Study Table,Furniture,South,Rahul,6,5945.06
ORD-202601-03129,2026-01-21,CUST-1591,Mouse Pad,Accessories,North,Amit,2,391.91
ORD-202601-03130,2026-01-11,CUST-2080,Office Chair,Furniture,West,Vikram,1,7509.46
ORD-202601-03131,2026-01-17,CUST-3932,Laptop Stand,Accessories,West,,4,1501.6
ORD-202601-03132,2026-01-07,CUST-2716,USB Hub,Accessories,West,Sneha,5,902.05
ORD-202601-03133,2026-01-02,CUST-2339,Desk Organizer,Office,South,Neha,4,539.72
ORD-202601-03134,2026-01-14,CUST-3669,Keyboard,Electronics,North,Karan,7,1334.62
ORD-202601-03135,2026-01-25,CUST-1444,Desk Organizer,Office,Central,Vikram,6,552.02
ORD-202601-03136,2026-01-11,CUST-0303,Wireless Mouse,Electronics,,Sneha,6,795.6
ORD-202601-03137,2026-01-12,CUST-3942,Notebook,Office,Central,Neha,1,189.46
ORD-202601-03138,2026-01-31,CUST-2275,Mouse Pad,Accessories,Central,Ananya,6,390.41
ORD-202601-03139,2026-01-31,CUST-1628,Mouse Pad,Accessories,East,Sneha,6,401.96
ORD-202601-03140,2026-01-15,CUST-0477,Mouse Pad,Accessories,South,Sneha,3,360.25
ORD-202601-03141,2026-01-02,CUST-4632,Mouse Pad,Accessories,Central,Neha,5,-100.0
ORD-202601-03142,2026-01-22,CUST-3626,USB Hub,Accessories,West,Vikram,6,987.03
ORD-202601-03143,2026-01-23,CUST-1371,USB Hub,Accessories,West,Vikram,7,819.42
ORD-202601-03144,2026-01-29,CUST-3040,Notebook,Office,Central,Amit,4,191.81
ORD-202601-03145,2026-01-30,CUST-2322,Desk Organizer,Office,South,Priya,1,577.61
ORD-202601-03146,2026-01-20,CUST-1635,Notebook,Office,South,Ananya,5,194.2
ORD-202601-03147,2026-01-04,CUST-1559,Pen Set,Office,North,Amit,5,310.05
ORD-202601-03148,2026-01-08,CUST-0382,Office Chair,Furniture,South,Vikram,1,6645.89
ORD-202601-03149,2026-01-23,CUST-4874,Monitor Stand,Furniture,East,Neha,6,1983.12
ORD-202601-03150,2026-01-19,CUST-4630,Keyboard,Electronics,East,Neha,2,-100.0
ORD-202601-03151,2026-01-14,CUST-4353,Desk Organizer,Office,North,Karan,7,577.71
ORD-202601-03152,,CUST-1576,Headphones,Electronics,Central,Rahul,4,2723.3
ORD-202601-03153,2026-01-22,CUST-4985,Headphones,Electronics,East,Karan,3,2738.74
ORD-202601-03154,2026-01-14,CUST-1377,Office Chair,Furniture,East,Karan,1,6466.62
ORD-202601-03155,2026-01-05,CUST-4123,Wireless Mouse,Electronics,Central,Sneha,1,774.04
ORD-202601-03156,2026-01-31,CUST-0506,Study Table,Furniture,East,Karan,6,5177.83
ORD-202601-03157,2026-01-11,CUST-1553,Office Chair,Furniture,Central,Vikram,3,6560.57
ORD-202601-03158,2026-01-09,CUST-2887,Monitor Stand,Furniture,South,Rahul,6,1995.39
ORD-202601-03159,2026-01-03,CUST-4839,Pen Set,Office,Central,Karan,2,302.82
ORD-202601-03160,2026-01-15,CUST-1329,Study Table,Furniture,Central,Sneha,7,5417.23
ORD-202601-03161,2026-01-31,CUST-2162,Keyboard,Electronics,West,Rahul,7,1239.91
ORD-202601-03162,2026-01-05,CUST-4215,Study Table,Furniture,Central,Rahul,1,5255.53
ORD-202601-03163,2026-01-08,CUST-2362,Headphones,Electronics,West,Neha,5,2744.97
ORD-202601-03164,2026-01-06,CUST-3414,Laptop Stand,Accessories,West,Amit,7,1626.02
ORD-202601-03165,2026-01-03,CUST-2092,Keyboard,Electronics,West,Rahul,3,1188.82
ORD-202601-03166,2026-01-19,CUST-0020,USB Hub,Accessories,Central,Priya,1,927.15
ORD-202601-03167,2026-01-10,CUST-1416,Desk Organizer,Office,West,,7,593.83
ORD-202601-03168,2026-01-24,CUST-2829,Webcam,Electronics,West,Neha,4,1970.71
ORD-202601-03169,2026-01-13,CUST-0098,Office Chair,Furniture,North,Vikram,1,7134.73
ORD-202601-03170,2026-01-20,CUST-1160,Notebook,Office,Central,Amit,6,214.49
ORD-202601-03171,2026-01-03,CUST-4766,Pen Set,Office,West,Vikram,5,273.11
ORD-202601-03172,2026-01-11,CUST-0077,Monitor Stand,Furniture,North,Ananya,1,1938.87
ORD-202601-03173,2026-01-13,CUST-1237,USB Hub,Accessories,South,Ananya,2,986.29
ORD-202601-03174,2026-01-02,CUST-3097,Laptop Stand,Accessories,South,Karan,1,1403.75
ORD-202601-03175,2026-01-13,CUST-2816,Monitor Stand,Furniture,South,Amit,7,1850.01
ORD-202601-03176,2026-01-15,CUST-1025,Notebook,Office,Central,Vikram,1,208.11
ORD-202601-03177,2026-01-13,CUST-0298,Notebook,Office,East,Neha,6,210.04
ORD-202601-03178,2026-01-16,CUST-4499,Webcam,Electronics,East,Sneha,4,1964.43
ORD-202601-03179,2026-01-25,CUST-2755,Headphones,Electronics,West,Ananya,5,2637.04
ORD-202601-03180,2026-01-24,CUST-2867,Headphones,Electronics,South,Sneha,6,2595.82
ORD-202601-03181,2026-01-01,CUST-0289,Headphones,Electronics,Central,Amit,7,2316.96
ORD-202601-03182,2026-01-20,CUST-1046,Headphones,Electronics,West,Neha,1,2553.09
ORD-202601-03183,2026-01-29,CUST-0365,Desk Organizer,Office,,Ananya,1,632.17
ORD-202601-03184,2026-01-28,CUST-4896,Wireless Mouse,Electronics,West,Amit,1,857.41
ORD-202601-03185,2026-01-11,CUST-3849,Pen Set,Office,East,Ananya,5,283.82
ORD-202601-03186,2026-01-25,CUST-2733,Monitor Stand,Furniture,South,Priya,4,1850.05
ORD-202601-03187,2026-01-25,CUST-3405,Desk Organizer,Office,Central,Amit,1,632.67
ORD-202601-03188,2026-01-12,CUST-0828,USB Hub,Accessories,South,Ananya,2,855.23
ORD-202601-03189,2026-01-27,CUST-4942,Wireless Mouse,Electronics,North,Neha,4,724.2
ORD-202601-03190,2026-01-20,CUST-2587,Office Chair,Furniture,East,Neha,6,7454.23
ORD-202601-03191,2026-01-24,CUST-2584,Wireless Mouse,Electronics,East,Rahul,3,799.96
ORD-202601-03192,2026-01-24,CUST-4797,Pen Set,Office,North,Ananya,7,288.63
ORD-202601-03193,2026-01-25,CUST-0480,Pen Set,Office,West,Vikram,7,269.78
ORD-202601-03194,2026-01-30,CUST-2122,Headphones,Electronics,South,Ananya,6,2266.76
ORD-202601-03195,2026-01-27,CUST-0442,Desk Organizer,Office,North,Karan,4,634.06
ORD-202601-03196,2026-01-14,CUST-2127,Headphones,Electronics,East,Vikram,7,2493.86
ORD-202601-03197,2026-01-18,CUST-1336,Headphones,Electronics,North,Amit,6,2323.93
ORD-202601-03198,2026-01-21,CUST-2306,Office Chair,Furniture,West,Priya,4,6800.94
ORD-202601-03199,2026-01-27,CUST-3510,Monitor Stand,Furniture,North,Sneha,4,1865.19
ORD-202601-03200,2026-01-13,CUST-1401,Webcam,Electronics,East,Rahul,6,1751.97
ORD-202601-03201,2026-01-10,CUST-0257,Study Table,Furniture,North,Neha,4,5252.98
ORD-202601-03202,2026-01-23,CUST-0809,Study Table,Furniture,South,Neha,2,5553.45
ORD-202601-03203,2026-01-30,CUST-3579,Office Chair,Furniture,Central,Sneha,7,6593.07
ORD-202601-03204,,CUST-2895,Keyboard,Electronics,West,Karan,1,1258.39
ORD-202601-03205,2026-01-05,CUST-4894,Webcam,Electronics,East,Neha,5,1890.62
ORD-202601-03206,2026-01-29,CUST-4472,Pen Set,Office,North,Ananya,5,294.22
ORD-202601-03207,2026-01-25,CUST-0806,Monitor Stand,Furniture,South,Vikram,5,1850.53
ORD-202601-03208,2026-01-05,CUST-3679,Office Chair,Furniture,South,Ananya,1,6353.5
ORD-202601-03209,2026-01-01,CUST-0452,USB Hub,Accessories,East,Sneha,4,815.48
ORD-202601-03210,2026-01-07,CUST-0481,Webcam,Electronics,South,Ananya,7,1842.1
ORD-202601-03211,2026-01-29,CUST-3966,Monitor Stand,Furniture ,Central,Amit,2,2086.48
ORD-202601-03212,2026-01-24,CUST-2005,Webcam,Electronics,West,Vikram,5,1758.95
ORD-202601-03213,2026-01-18,CUST-4989,Laptop Stand,Accessories,South,Karan,7,1585.04
ORD-202601-03214,2026-01-20,CUST-0027,Monitor Stand,Furniture,North,Amit,7,2085.23
ORD-202601-03215,2026-01-13,CUST-2514,Notebook,Office,East,Rahul,4,179.26
ORD-202601-03216,2026-01-29,CUST-1540,Webcam,Electronics,East,Priya,3,1719.26
ORD-202601-03217,2026-01-05,CUST-4928,Wireless Mouse,Electronics ,West,Ananya,5,750.27
ORD-202601-03218,2026-01-10,CUST-3347,USB Hub,Accessories,East,Priya,4,819.19
ORD-202601-03219,2026-01-07,CUST-3860,Monitor Stand,Furniture,West,Vikram,5,2011.53
ORD-202601-03220,,CUST-1452,USB Hub,Accessories,Central,Amit,6,816.22
ORD-202601-03221,2026-01-17,CUST-4473,Desk Organizer,Office,East,Sneha,5,635.26
ORD-202601-03222,2026-01-22,CUST-4203,Webcam,Electronics,West,Rahul,2,1896.33
ORD-202601-03223,2026-01-29,CUST-3921,Office Chair,furniture,South,Neha,6,7318.09
ORD-202601-03224,2026-01-07,CUST-2387,Office Chair,Furniture,Central,Karan,4,7349.93
ORD-202601-03225,2026-01-30,CUST-4610,Notebook,Office,East,Neha,7,199.27
ORD-202601-03226,2026-01-04,CUST-3346,Office Chair,Furniture,West,Amit,5,7594.42
ORD-202601-03227,2026-01-24,CUST-0329,Notebook,Office,Central,Sneha,7,218.51
ORD-202601-03228,2026-01-22,CUST-4420,Laptop Stand,Accessories,South,Amit,7,1456.79
ORD-202601-03229,2026-01-26,CUST-0105,Desk Organizer,Office,North,Neha,7,554.18
ORD-202601-03230,2026-01-05,CUST-3415,Office Chair,Furniture,South,Amit,6,6807.56
ORD-202601-03231,2026-01-30,CUST-1250,Office Chair,Furniture,South,Ananya,5,6611.75
ORD-202601-03232,2026-01-25,CUST-4487,Headphones,Electronics,North,Rahul,1,2514.5
ORD-202601-03233,2026-01-04,CUST-3649,Pen Set,Office,East ,Sneha,3,291.73
ORD-202601-03234,2026-01-18,CUST-4041,Wireless Mouse,Electronics,South,Priya,4,795.88
ORD-202601-03235,2026-01-26,CUST-3500,Notebook,Office,North,Ananya,6,209.47
ORD-202601-03236,2026-01-15,CUST-2836,Notebook,Office,North,Amit,5,190.01
ORD-202601-03237,2026-01-12,CUST-4319,Laptop Stand,Accessories,South,Amit,4,1510.23
ORD-202601-03238,2026-01-09,CUST-1487,Monitor Stand,Furniture,South,Rahul,2,1933.1
ORD-202601-03239,2026-01-16,CUST-2642,Study Table,Furniture,Central,Sneha,6,5812.4
ORD-202601-03240,2026-01-31,CUST-1491,Wireless Mouse,Electronics,West,Sneha,4,821.3
ORD-202601-03241,2026-01-19,CUST-0569,Headphones,Electronics,West,Vikram,1,2253.35
ORD-202601-03242,2026-01-23,CUST-4377,Headphones,Electronics,West,Rahul,2,2578.99
ORD-202601-03243,2026-01-25,CUST-2486,Study Table,Furniture,Central,Rahul,7,5136.24
ORD-202601-03244,2026-01-25,CUST-0270,Mouse Pad,Accessories,South,Priya,1,416.91
ORD-202601-03245,2026-01-13,CUST-4126,Desk Organizer,Office,North,Rahul,3,607.07
ORD-202601-03246,2026-01-24,CUST-4708,Office Chair,Furniture,East,Neha,4,6861.1
ORD-202601-03247,2026-01-11,CUST-3309,Desk Organizer,Office,North,Ananya,1,622.25
ORD-202601-03248,2026-01-19,CUST-1636,Keyboard,Electronics,South,Priya,2,1391.64
ORD-202601-03249,2026-01-10,CUST-4298,Keyboard,Electronics,West,Amit,7,1371.42
ORD-202601-03250,2026-01-30,CUST-3695,USB Hub,Accessories,East,Vikram,5,907.16
ORD-202601-03251,2026-01-23,CUST-1425,Laptop Stand,Accessories,West,Priya,2,1565.76
ORD-202601-03252,2026-01-19,CUST-1651,Desk Organizer,Office,East,Neha,2,588.69
ORD-202601-03253,2026-01-14,CUST-4939,Headphones,Electronics,East,Ananya,3,2643.46
ORD-202601-03254,2026-01-17,CUST-4767,Laptop Stand,Accessories,South,Sneha,6,1597.65
ORD-202601-03255,2026-01-25,CUST-3383,Webcam,Electronics,South,Vikram,6,1761.24
ORD-202601-03256,2026-01-09,CUST-0183,Headphones,Electronics,South,Sneha,2,2368.07
ORD-202601-03257,2026-01-26,CUST-1149,Headphones,Electronics,West,Rahul,6,2384.04
ORD-202601-03258,2026-01-09,CUST-1767,Headphones,Electronics,Central,Ananya,7,2332.11
ORD-202601-03259,2026-01-05,CUST-2680,Notebook,Office,North,Sneha,2,194.72
ORD-202601-03260,2026-01-23,CUST-4338,USB Hub,Accessories,East,Priya,1,843.81
ORD-202601-03261,2026-01-22,CUST-4242,USB Hub,Accessories,East,Ananya,7,916.18
ORD-202601-03262,,CUST-1371,Mouse Pad,Accessories,East,Neha,4,367.21
ORD-202601-03263,2026-01-21,CUST-0544,Desk Organizer,Office,South,,6,571.44
ORD-202601-03264,2026-01-23,CUST-1379,Study Table,Furniture,North,Rahul,3,5681.04
ORD-202601-03265,2026-01-25,CUST-1177,Mouse Pad,Accessories,South,Sneha,3,390.9
ORD-202601-03266,2026-01-30,CUST-4494,Pen Set,Office,North,Karan,2,294.3
ORD-202601-03267,2026-01-27,CUST-0072,Desk Organizer,Office,North,Ananya,2,634.69
ORD-202601-03268,2026-01-14,CUST-4153,Pen Set,Office,South,Amit,4,327.97
ORD-202601-03269,2026-01-08,CUST-3285,Keyboard,Electronics,West,Amit,1,1315.9
ORD-202601-03270,2026-01-04,CUST-0529,Monitor Stand,Furniture,Central,Ananya,6,1830.71
ORD-202601-03271,2026-01-18,CUST-3426,Headphones,Electronics,West,Neha,4,2300.53
ORD-202601-03272,2026-01-21,CUST-2901,USB Hub,Accessories,North,Rahul,7,983.24
ORD-202601-03273,2026-01-22,CUST-0019,Pen Set,Office,South,Karan,4,309.72
ORD-202601-03274,2026-01-01,CUST-1117,USB Hub,Accessories,South,Neha,3,944.39
ORD-202601-03275,2026-01-22,CUST-1741,Webcam,Electronics,South,Neha,4,1965.76
ORD-202601-03276,2026-01-25,CUST-1076,Monitor Stand,Furniture,Central,Rahul,2,1870.91
ORD-202601-03277,2026-01-23,CUST-2895,Wireless Mouse,Electronics,West,Sneha,6,790.75
ORD-202601-03278,2026-01-17,CUST-3078,Webcam,Electronics,East,Rahul,6,2012.21
ORD-202601-03279,2026-01-01,CUST-0849,Monitor Stand,Furniture,East,Rahul,2,2145.47
ORD-202601-03280,2026-01-16,CUST-0620,Desk Organizer,Office,South,Ananya,5,567.53
ORD-202601-03281,2026-01-20,,Keyboard,Electronics,East,Amit,4,1323.93
ORD-202601-03282,2026-01-18,CUST-2349,Desk Organizer,Office,West,Vikram,2,557.92
ORD-202601-03283,2026-01-18,CUST-1326,Monitor Stand,Furniture,Central,Vikram,1,2182.22
ORD-202601-03284,2026-01-17,CUST-1280,Keyboard,Electronics,East ,Priya,6,1234.62
ORD-202601-03285,2026-01-18,CUST-0197,USB Hub,Accessories,North,Karan,2,939.75
ORD-202601-03286,2026-01-11,CUST-4270,Mouse Pad,Accessories,Central,Amit,4,377.54
ORD-202601-03287,2026-01-19,CUST-4209,Keyboard,Electronics,South,Sneha,2,1329.15
ORD-202601-03288,2026-01-09,CUST-2773,Headphones,Electronics,North,Karan,5,2578.6
ORD-202601-03289,2026-01-16,CUST-1748,Headphones,Electronics,East,Priya,1,2413.25
ORD-202601-03290,2026-01-13,CUST-1076,Headphones,Electronics,West,Neha,3,2658.35
ORD-202601-03291,2026-01-23,CUST-1538,USB Hub,Accessories,South,Priya,4,968.29
ORD-202601-03292,2026-01-28,CUST-4633,Mouse Pad,Accessories,South,Vikram,4,427.33
ORD-202601-03293,2026-01-20,CUST-0445,Webcam,Electronics,South,Rahul,5,1834.74
ORD-202601-03294,2026-01-05,CUST-4115,Webcam,Electronics,Central,Neha,2,1991.8
ORD-202601-03295,2026-01-21,CUST-1523,Headphones,Electronics,,Sneha,4,2528.73
ORD-202601-03296,2026-01-11,CUST-1327,Office Chair,Furniture,Central,Vikram,6,7128.66
ORD-202601-03297,2026-01-02,CUST-4049,Headphones,Electronics,South,Karan,3,2487.72
ORD-202601-03298,2026-01-06,CUST-4806,Study Table,Furniture,Central,Ananya,2,5609.27
ORD-202601-03299,2026-01-31,CUST-4958,Notebook,Office,South,Neha,6,184.5
ORD-202601-03300,2026-01-14,CUST-1339,Office Chair,Furniture,Central,Amit,6,6871.4
ORD-202601-03301,2026-01-07,CUST-2956,Pen Set,Office,,Amit,5,279.72
ORD-202601-03302,2026-01-05,CUST-1464,Webcam,Electronics,West,Vikram,6,1815.48
ORD-202601-03303,2026-01-21,CUST-0968,Notebook,Office,Central,Vikram,6,184.19
ORD-202601-03304,2026-01-24,CUST-1930,Webcam,Electronics,North,Vikram,6,1789.81
ORD-202601-03305,2026-01-11,CUST-0313,Keyboard,Electronics,West,Karan,4,1372.25
ORD-202601-03306,2026-01-04,CUST-0825,Webcam,Electronics,North,Amit,1,1917.93
ORD-202601-03307,2026-01-11,CUST-2978,Webcam,Electronics,West,Ananya,5,1718.08
ORD-202601-03308,2026-01-21,,Keyboard,Electronics,South,Ananya,2,1373.96
ORD-202601-03309,2026-01-04,CUST-1353,Wireless Mouse,Electronics,Central,Ananya,6,864.43
ORD-202601-03310,2026-01-09,CUST-2787,Monitor Stand,Furniture,East,Priya,4,2151.1
ORD-202601-03311,2026-01-01,CUST-3823,Mouse Pad,Accessories,West,Neha,7,424.78
ORD-202601-03312,2026-01-15,CUST-4473,USB Hub,Accessories,South,Amit,5,987.5
ORD-202601-03313,2026-01-06,CUST-2843,Monitor Stand,Furniture,North,Priya,4,2033.54
ORD-202601-03314,2026-01-07,CUST-1205,Headphones, Electronics,West,Karan,7,2730.2
ORD-202601-03315,2026-01-04,CUST-3564,USB Hub,Accessories,South,Vikram,4,979.7
ORD-202601-03316,2026-01-23,CUST-0852,Study Table,Furniture,West,Karan,3,5293.6
ORD-202601-03317,2026-01-16,CUST-0696,Pen Set,Office,East,Ananya,3,320.73
ORD-202601-03318,2026-01-30,CUST-1794,USB Hub,Accessories,Central,Priya,7,951.59
ORD-202601-03319,2026-01-13,CUST-1645,Webcam,Electronics,South,Karan,6,2003.75
ORD-202601-03320,2026-01-07,CUST-0731,Wireless Mouse,Electronics,East,,2,862.33
ORD-202601-03321,2026-01-07,CUST-0262,Keyboard,Electronics,West,Priya,4,1268.91
ORD-202601-03322,2026-01-30,CUST-4731,Headphones,Electronics,West,Amit,3,2449.05
ORD-202601-03323,2026-01-19,CUST-3387,Office Chair,Furniture,North,Karan,5,7195.05
ORD-202601-03324,2026-01-11,CUST-3588,Pen Set,Office,West,Ananya,1,313.22
ORD-202601-03325,2026-01-21,CUST-0332,USB Hub,Accessories,East,Amit,5,967.28
ORD-202601-03326,2026-01-18,CUST-3981,Office Chair,Furniture,Central,Neha,6,7525.11
ORD-202601-03327,2026-01-04,CUST-1823,Headphones,Electronics,West ,Sneha,2,2609.63
ORD-202601-03328,2026-01-22,CUST-3741,Headphones,Electronics,West,Karan,2,2727.36
ORD-202601-03329,2026-01-04,CUST-2452,USB Hub,Accessories,South,Karan,5,841.22
ORD-202601-03330,2026-01-07,CUST-1215,Study Table,Furniture,South,Neha,2,5994.28
ORD-202601-03331,2026-01-23,CUST-1312,Notebook,Office,West,Amit,7,181.65
ORD-202601-03332,2026-01-14,CUST-0704,Study Table,Furniture,North,Rahul,6,5560.17
ORD-202601-03333,2026-01-07,CUST-4149,Webcam,Electronics,East,Ananya,7,1743.36
ORD-202601-03334,,CUST-2148,Study Table,Furniture,Central,Karan,4,5573.79
ORD-202601-03335,2026-01-19,CUST-3901,Wireless Mouse,Electronics,Central,Ananya,7,781.44
ORD-202601-03336,2026-01-22,CUST-4146,Headphones,electronics,West,Amit,1,2289.89
ORD-202601-03337,2026-01-07,CUST-0835,Mouse Pad,Accessories,East,Vikram,3,410.82
ORD-202601-03338,2026-01-13,CUST-1653,Wireless Mouse,Electronics,Central ,Priya,1,835.95
ORD-202601-03339,2026-01-11,CUST-0621,Study Table,Furniture,North,Vikram,5,5140.67
ORD-202601-03340,2026-01-28,CUST-0048,Study Table,furniture,West,Neha,4,5712.84
ORD-202601-03341,2026-01-25,CUST-4933,Notebook,Office,North,Vikram,3,186.23
ORD-202601-03342,2026-01-09,CUST-3301,Webcam,Electronics,West,Vikram,3,1761.28
ORD-202601-03343,2026-01-16,CUST-2259,Keyboard,Electronics,South,Ananya,5,1207.38
ORD-202601-03344,2026-01-29,CUST-1001,Pen Set,Office,West,Amit,2,304.92
ORD-202601-03345,2026-01-11,CUST-2955,Mouse Pad,Accessories,West,Sneha,4,421.25
ORD-202601-03346,2026-01-05,CUST-2715,Desk Organizer,Office,Central,Vikram,5,610.61
ORD-202601-03347,2026-01-10,CUST-1115,Notebook,Office,West,Vikram,2,211.31
ORD-202601-03348,2026-01-19,CUST-0075,Keyboard,Electronics,Central,Neha,2,1322.77
ORD-202601-03349,2026-01-31,CUST-2345,Keyboard,Electronics,North,Amit,3,1376.24
ORD-202601-03350,2026-01-10,CUST-2545,Office Chair,Furniture,South,Ananya,5,7666.04
ORD-202601-03351,2026-01-02,CUST-3992,Headphones,Electronics ,East,Rahul,2,2444.5
ORD-202601-03352,2026-01-06,CUST-1969,Monitor Stand,Furniture,North,Sneha,3,1859.05
ORD-202601-03353,2026-01-13,CUST-0486,Keyboard,Electronics,North,Ananya,4,1204.28
ORD-202601-03354,2026-01-03,CUST-4403,Desk Organizer,Office,North,Neha,2,610.68
ORD-202601-03355,2026-01-02,CUST-2069,Monitor Stand,Furniture,West,Amit,4,2017.83
ORD-202601-03356,2026-01-21,CUST-3610,USB Hub,Accessories,East,Vikram,1,842.23
ORD-202601-03357,2026-01-26,CUST-0216,Wireless Mouse,Electronics,West,,1,860.06
ORD-202601-03358,2026-01-08,CUST-0181,Study Table,Furniture,Central,Neha,2,6001.33
ORD-202601-03359,2026-01-17,CUST-0117,Headphones,Electronics,North,Ananya,3,2375.66
ORD-202601-03360,2026-01-18,CUST-3948,Mouse Pad,Accessories,Central,Amit,1,375.61
ORD-202601-03361,2026-01-21,CUST-1204,Monitor Stand,Furniture,South,Neha,7,1884.63
ORD-202601-03362,2026-01-31,CUST-3957,Desk Organizer,Office,East,Karan,3,585.51
ORD-202601-03363,2026-01-28,CUST-4725,Wireless Mouse,Electronics,Central,,6,855.45
ORD-202601-03364,2026-01-10,CUST-3318,Office Chair,Furniture,South,Sneha,7,7133.33
ORD-202601-03365,2026-01-31,,Headphones,Electronics,Central ,Neha,6,2282.86
ORD-202601-03366,2026-01-02,CUST-4647,Desk Organizer,Office, East,Karan,6,595.76
ORD-202601-03367,2026-01-30,CUST-3614,Pen Set,Office,North,Ananya,1,274.5
ORD-202601-03368,2026-01-05,CUST-4017,Webcam,Electronics,Central,Sneha,3,1863.38
ORD-202601-03369,2026-01-04,CUST-3018,USB Hub,Accessories,North,Vikram,6,881.65
ORD-202601-03370,2026-01-04,CUST-1095,Keyboard,Electronics,West,Neha,5,1337.54
ORD-202601-03371,2026-01-04,CUST-0515,Monitor Stand,Furniture,East,Rahul,1,2018.77
ORD-202601-03372,2026-01-15,CUST-1908,Webcam,Electronics,north,Ananya,4,2041.33
ORD-202601-03373,2026-01-20,CUST-2376,Laptop Stand,Accessories,East,Sneha,6,1353.98
ORD-202601-03374,2026-01-24,CUST-1750,Mouse Pad,Accessories,South,Priya,6,420.87
ORD-202601-03375,2026-01-01,CUST-0511,Pen Set,Office,North,Sneha,3,270.45
ORD-202601-03376,2026-01-10,CUST-2525,Mouse Pad,Accessories,East,Sneha,2,383.38
ORD-202601-03377,2026-01-05,CUST-2494,Mouse Pad,Accessories,North,Karan,3,429.3
ORD-202601-03378,2026-01-05,CUST-4769,Notebook,Office,,Vikram,3,206.58
ORD-202601-03379,2026-01-24,CUST-4772,Study Table,Furniture,South,Karan,3,5138.26
ORD-202601-03380,2026-01-20,CUST-3078,USB Hub,Accessories,Central,Rahul,3,897.34
ORD-202601-03381,2026-01-07,CUST-4253,Office Chair,Furniture,Central,Ananya,4,7309.62
ORD-202601-03382,2026-01-10,CUST-1565,Office Chair,Furniture,Central,Karan,1,7611.19
ORD-202601-03383,2026-01-29,CUST-4847,Monitor Stand,Furniture,Central,Karan,2,2052.7
ORD-202601-03384,2026-01-18,,Study Table,Furniture,North,Vikram,3,4976.24
ORD-202601-03385,2026-01-08,CUST-0627,Office Chair,Furniture,East,Neha,2,6998.58
ORD-202601-03386,2026-01-29,CUST-3502,Webcam,Electronics,South,Sneha,7,1767.19
ORD-202601-03387,2026-01-07,CUST-2289,Office Chair,Furniture,North,Ananya,5,6365.98
ORD-202601-03388,2026-01-10,CUST-1331,Desk Organizer,Office,South,Karan,7,610.8
ORD-202601-03389,2026-01-22,CUST-2060,Webcam,Electronics,East,Vikram,4,2004.17
ORD-202601-03390,2026-01-16,CUST-4533,Pen Set,Office,South,Sneha,1,271.26
ORD-202601-03391,2026-01-03,CUST-4622,Webcam,Electronics,North,Neha,7,2006.71
ORD-202601-03392,2026-01-26,CUST-1722,Mouse Pad,Accessories,East,Vikram,4,415.47
ORD-202601-03393,2026-01-08,CUST-2310,Office Chair,Furniture ,North,Karan,5,7351.73
ORD-202601-03394,2026-01-22,CUST-2582,Headphones,Electronics,North,Vikram,3,2371.42
ORD-202601-03395,2026-01-11,CUST-3668,Laptop Stand,Accessories,East,Priya,4,1467.1
ORD-202601-03396,2026-01-24,CUST-2397,Office Chair,Furniture,North,Karan,4,6466.73
ORD-202601-03397,2026-01-28,CUST-1980,USB Hub,Accessories,,Neha,2,852.05
ORD-202601-03398,2026-01-24,CUST-4619,Monitor Stand,Furniture,,Amit,4,1920.16
ORD-202601-03399,2026-01-29,CUST-1864,Wireless Mouse,Electronics,Central,Rahul,6,770.15
ORD-202601-03400,2026-01-17,CUST-1329,Desk Organizer,Office,North,Amit,1,560.07
ORD-202601-03401,2026-01-03,CUST-1635,Office Chair,Furniture,East,Sneha,1,6563.26
ORD-202601-03402,2026-01-17,CUST-1667,Study Table,Furniture,Central,Sneha,6,5940.54
ORD-202601-03403,2026-01-15,CUST-2776,Headphones,Electronics,East,Rahul,4,2640.89
ORD-202601-03404,2026-01-23,CUST-3301,Monitor Stand,Furniture,South,Sneha,7,1936.82
ORD-202601-03405,2026-01-08,CUST-0672,USB Hub,Accessories,Central,Ananya,5,979.49
ORD-202601-03406,2026-01-22,CUST-4434,Laptop Stand,Accessories,South,Sneha,5,1420.73
ORD-202601-03407,2026-01-14,CUST-1268,Laptop Stand,Accessories,Central,Priya,7,1471.06
ORD-202601-03408,2026-01-21,CUST-0575,Pen Set,Office,North,Amit,5,317.75
ORD-202601-03409,2026-01-14,CUST-3342,Pen Set,Office,West,Sneha,3,295.58
ORD-202601-03410,2026-01-12,CUST-1050,Mouse Pad,Accessories,North,Rahul,4,377.82
ORD-202601-03411,2026-01-07,CUST-3751,Wireless Mouse,Electronics,Central,Vikram,2,777.99
ORD-202601-03412,2026-01-26,CUST-4741,Monitor Stand,Furniture,South,Sneha,3,1999.29
ORD-202601-03413,2026-01-03,CUST-3463,Headphones,Electronics,North,Rahul,5,2559.3
ORD-202601-03414,2026-01-08,CUST-3887,Keyboard,Electronics,Central,Amit,2,1274.48
ORD-202601-03415,2026-01-14,CUST-2474,Notebook,Office,Central,Karan,5,196.27
ORD-202601-03416,2026-01-05,CUST-1731,USB Hub,Accessories,Central,Neha,5,856.56
ORD-202601-03417,2026-01-29,CUST-3067,Pen Set,Office,East,Amit,3,301.11
ORD-202601-03418,2026-01-11,CUST-1789,Study Table,Furniture,North,Rahul,1,5190.46
ORD-202601-03419,2026-01-08,CUST-4382,Keyboard,Electronics,South ,Vikram,5,1394.48
ORD-202601-03420,2026-01-08,CUST-2348,Webcam,Electronics,North,Sneha,6,1992.95
ORD-202601-03421,2026-01-06,CUST-2495,Mouse Pad,Accessories,North,Priya,6,391.84
ORD-202601-03422,2026-01-21,CUST-3369,Office Chair,Furniture,North,Vikram,3,7345.07
ORD-202601-03423,,CUST-0947,Notebook,Office,East,Priya,5,179.38
ORD-202601-03424,2026-01-08,CUST-2806,Laptop Stand,Accessories,West,Rahul,3,1452.38
ORD-202601-03425,2026-01-28,CUST-3770,Notebook,Office,East,Rahul,3,196.62
ORD-202601-03426,2026-01-21,CUST-3881,Monitor Stand, Furniture,South,Vikram,3,1986.93
ORD-202601-03427,2026-01-13,CUST-1125,Mouse Pad,Accessories,West,Ananya,2,418.85
ORD-202601-03428,2026-01-16,CUST-0271,Study Table,Furniture,South,Amit,7,6008.0
ORD-202601-03429,2026-01-21,CUST-0972,Office Chair,Furniture,East,Amit,5,6831.02
ORD-202601-03430,2026-01-05,CUST-4096,Webcam,Electronics,Central,Ananya,2,1842.26
ORD-202601-03431,2026-01-26,CUST-1328,Webcam,Electronics,North,Rahul,7,1940.97
ORD-202601-03432,2026-01-09,CUST-0291,Office Chair,Furniture,Central,Vikram,2,6692.8
ORD-202601-03433,2026-01-01,CUST-2987,Headphones,Electronics,South,Amit,5,2319.75
ORD-202601-03434,2026-01-17,CUST-4405,Laptop Stand,Accessories,West,Vikram,2,1637.37
ORD-202601-03435,2026-01-28,CUST-1123,Webcam,Electronics,South,Sneha,3,2016.56
ORD-202601-03436,2026-01-23,CUST-0217,Notebook,Office,North,Neha,5,217.25
ORD-202601-03437,2026-01-10,CUST-0701,Webcam,Electronics,East,Vikram,-1,1791.83
ORD-202601-03438,2026-01-13,CUST-0640,Pen Set,Office,South,Rahul,7,270.16
ORD-202601-03439,2026-01-19,CUST-1023,Monitor Stand,Furniture,East,Rahul,7,1973.92
ORD-202601-03440,2026-01-08,CUST-0901,Office Chair,Furniture,South,Amit,2,7605.97
ORD-202601-03441,2026-01-26,CUST-3186,Monitor Stand,Furniture,Central,Neha,1,1854.4
ORD-202601-03442,2026-01-10,CUST-1116,Wireless Mouse,Electronics,West,Sneha,7,737.83
ORD-202601-03443,2026-01-07,CUST-2742,USB Hub,Accessories,Central,Amit,7,821.5
ORD-202601-03444,2026-01-03,CUST-2009,Headphones,Electronics,West,Neha,2,2631.46
ORD-202601-03445,2026-01-22,CUST-3272,Study Table,Furniture,West,,-1,5813.46
ORD-202601-03446,2026-01-01,CUST-3278,Desk Organizer,Office,North,Neha,5,622.41
ORD-202601-03447,2026-01-25,CUST-2965,Laptop Stand,Accessories,East,Karan,1,1365.08
ORD-202601-03448,2026-01-31,CUST-4464,Notebook,Office,Central,Neha,1,207.89
ORD-202601-03449,2026-01-04,CUST-0982,Notebook,Office,North,Vikram,7,196.96
ORD-202601-03450,2026-01-03,CUST-2623,Mouse Pad,Accessories,East,Sneha,4,371.7
ORD-202601-03451,2026-01-29,CUST-1972,Mouse Pad,Accessories,North,Vikram,1,382.65
ORD-202601-03452,2026-01-04,CUST-2663,Wireless Mouse,Electronics,West,Karan,5,799.18
ORD-202601-03453,2026-01-13,CUST-0700,USB Hub,Accessories,Central,Ananya,3,868.37
ORD-202601-03454,2026-01-27,CUST-1597,Laptop Stand,Accessories,North,Amit,4,1639.83
ORD-202601-03455,2026-01-05,CUST-4706,Office Chair,Furniture,Central,Priya,7,6963.64
ORD-202601-03456,2026-01-21,CUST-4004,Study Table,Furniture,South,Vikram,2,5358.39
ORD-202601-03457,2026-01-12,CUST-2131,Desk Organizer,Office,Central,Rahul,5,619.75
ORD-202601-03458,2026-01-14,CUST-0553,Wireless Mouse,Electronics,North,Neha,6,823.06
ORD-202601-03459,2026-01-29,CUST-3243,Office Chair,Furniture,,Neha,3,6302.51
ORD-202601-03460,2026-01-21,CUST-1506,USB Hub,Accessories,West,Karan,7,920.3
ORD-202601-03461,2026-01-10,CUST-1648,USB Hub,Accessories,West,Sneha,4,852.93
ORD-202601-03462,2026-01-29,CUST-0485,Monitor Stand,Furniture,North,Sneha,4,1949.12
ORD-202601-03463,2026-01-19,CUST-1446,Study Table,Furniture,North,Amit,7,5725.94
ORD-202601-03464,2026-01-04,CUST-1071,Wireless Mouse,Electronics,South,Ananya,5,808.17
ORD-202601-03465,2026-01-13,CUST-0170,Laptop Stand,Accessories,,Ananya,7,1459.62
ORD-202601-03466,2026-01-08,CUST-2933,Desk Organizer,Office,West,Karan,6,559.16
ORD-202601-03467,2026-01-20,CUST-4848,Notebook,Office,West,Neha,5,199.22
ORD-202601-03468,2026-01-27,CUST-0630,Webcam,Electronics,West,Vikram,2,1830.4
ORD-202601-03469,2026-01-02,CUST-0263,Mouse Pad,Accessories,East,Neha,3,431.95
ORD-202601-03470,,CUST-0504,Study Table,Furniture,West,Rahul,7,5536.77
ORD-202601-03471,2026-01-29,CUST-2730,Headphones,Electronics,East,Priya,5,2681.91
ORD-202601-03472,2026-01-31,CUST-4130,Desk Organizer,Office,West,Ananya,2,585.84
ORD-202601-03473,2026-01-21,CUST-1549,Desk Organizer,Office,East,Amit,3,638.23
ORD-202601-03474,2026-01-10,CUST-0592,Study Table,Furniture,West,Ananya,6,5011.28
ORD-202601-03475,2026-01-05,CUST-0480,Webcam,Electronics,West,Karan,2,1822.33
ORD-202601-03476,2026-01-30,CUST-3041,Headphones,Electronics,West,Priya,1,2288.17
ORD-202601-03477,2026-01-13,CUST-1784,Notebook,Office,Central,Priya,6,180.36
ORD-202601-03478,2026-01-11,CUST-1761,Mouse Pad,Accessories,South,Vikram,3,432.43
ORD-202601-03479,2026-01-23,,USB Hub,Accessories,Central,Karan,6,937.99
ORD-202601-03480,2026-01-23,CUST-4482,Office Chair,Furniture,North,Amit,4,7174.13
ORD-202601-03481,2026-01-26,CUST-1875,Office Chair,Furniture,East,Neha,7,7044.48
ORD-202601-03482,2026-01-28,CUST-3538,Webcam,Electronics,East,Priya,4,1925.42
ORD-202601-03483,2026-01-28,CUST-3712,Office Chair,Furniture,Central,Karan,7,7193.14
ORD-202601-03484,2026-01-06,CUST-0298,Headphones,Electronics,North,Sneha,6,2662.22
ORD-202601-03485,2026-01-06,CUST-1243,USB Hub,Accessories,South,Amit,2,916.42
ORD-202601-03486,2026-01-07,CUST-4478,Wireless Mouse,Electronics,East,Priya,7,838.72
ORD-202601-03487,2026-01-20,CUST-4415,Laptop Stand,Accessories,Central,Priya,6,1433.34
ORD-202601-03488,2026-01-19,CUST-2070,Monitor Stand,Furniture,East,Karan,1,2189.61
ORD-202601-03489,2026-01-27,CUST-0782,USB Hub,Accessories,West,Sneha,1,814.84
ORD-202601-03490,2026-01-27,CUST-1492,Desk Organizer,Office,North,Rahul,2,585.41
ORD-202601-03491,2026-01-26,CUST-4747,Keyboard,Electronics,Central,Priya,1,1398.26
ORD-202601-03492,2026-01-03,CUST-3364,Pen Set,Office,West,Ananya,3,279.9
ORD-202601-03493,2026-01-22,CUST-0378,Laptop Stand,Accessories,North,Sneha,7,1391.47
ORD-202601-03494,2026-01-27,CUST-3590,Desk Organizer,Office ,West,Sneha,4,582.88
ORD-202601-03495,2026-01-31,CUST-0735,Monitor Stand,Furniture,North,Neha,1,1970.29
ORD-202601-03496,2026-01-11,CUST-1517,Mouse Pad,Accessories,East,Karan,4,433.58
ORD-202601-03497,2026-01-25,CUST-2409,Keyboard,Electronics,West,Sneha,2,1386.32
ORD-202601-03498,2026-01-13,CUST-1759,Mouse Pad,Accessories,Central,Karan,6,396.13
ORD-202601-03499,2026-01-05,CUST-3492,Keyboard,Electronics,North,Neha,1,1421.88
ORD-202601-03500,2026-01-11,CUST-0782,USB Hub,Accessories,South,Rahul,6,924.58
ORD-202601-03501,2026-01-08,CUST-4386,Wireless Mouse,Electronics,West,Rahul,4,858.71
ORD-202601-03502,2026-01-29,CUST-2968,Pen Set,Office,South,Rahul,1,283.81
ORD-202601-03503,2026-01-06,CUST-1529,Laptop Stand,Accessories,West,Sneha,5,1495.69
ORD-202601-03504,2026-01-05,CUST-4785,Headphones,Electronics,North,Ananya,4,2263.95
ORD-202601-03505,2026-01-18,CUST-2393,Wireless Mouse,Electronics,North,Karan,6,720.52
ORD-202601-03506,2026-01-18,,Study Table,Furniture,East,Karan,5,5724.96
ORD-202601-03507,2026-01-18,CUST-0106,Office Chair,Furniture,West,Neha,6,6464.69
ORD-202601-03508,2026-01-05,CUST-4982,Office Chair,Furniture,South,Karan,4,7065.92
ORD-202601-03509,2026-01-16,CUST-4233,Wireless Mouse,Electronics,Central,Ananya,1,830.32
ORD-202601-03510,2026-01-29,CUST-0883,Laptop Stand,Accessories,Central,Ananya,1,1358.76
ORD-202601-03511,2026-01-03,CUST-4739,Monitor Stand,Furniture,North,Rahul,4,1978.51
ORD-202601-03512,2026-01-25,CUST-3981,Notebook,Office,South,Priya,3,206.33
ORD-202601-03513,2026-01-04,CUST-2105,Keyboard,Electronics,East,Priya,6,1400.25
ORD-202601-03514,2026-01-08,CUST-4641,Keyboard,Electronics,East,Rahul,3,1246.84
ORD-202601-03515,2026-01-28,CUST-2796,Webcam,Electronics,South,Sneha,7,2079.11
ORD-202601-03516,2026-01-10,CUST-3441,Monitor Stand,Furniture,East,Sneha,2,2136.75
ORD-202601-03517,2026-01-17,CUST-0917,Headphones,Electronics,Central,Priya,3,2574.29
ORD-202601-03518,2026-01-12,CUST-0547,Study Table,Furniture,South,Vikram,6,5380.14
ORD-202601-03519,2026-01-20,CUST-2639,Pen Set,Office,South,Sneha,1,311.62
ORD-202601-03520,2026-01-13,CUST-1633,Study Table,Furniture,West,Karan,3,5846.75
ORD-202601-03521,2026-01-14,CUST-4909,Office Chair,Furniture,East,Vikram,6,6723.66
ORD-202601-03522,2026-01-26,CUST-0429,Laptop Stand,Accessories,West,Vikram,5,1646.75
ORD-202601-03523,2026-01-18,CUST-3815,Office Chair,Furniture,West,Rahul,6,7570.99
ORD-202601-03524,2026-01-18,CUST-3009,Headphones,Electronics,West,Sneha,4,2491.75
ORD-202601-03525,2026-01-25,CUST-4395,Webcam,Electronics,West,Amit,7,1983.63
ORD-202601-03526,2026-01-14,CUST-4991,Headphones,Electronics,West,Karan,7,2511.0
ORD-202601-03527,2026-01-26,CUST-4353,Keyboard,Electronics,East,Karan,7,1366.79
ORD-202601-03528,2026-01-23,CUST-1874,Keyboard,Electronics,East,Rahul,1,1383.95
ORD-202601-03529,2026-01-28,CUST-3479,Headphones,Electronics,South,Vikram,5,2260.71
ORD-202601-03530,2026-01-15,CUST-0815,Keyboard,Electronics,East,Sneha,1,1189.66
ORD-202601-03531,2026-01-18,CUST-2430,Laptop Stand,Accessories,West,Neha,2,1449.97
ORD-202601-03532,2026-01-04,CUST-1344,Wireless Mouse,Electronics,West,Rahul,3,865.73
ORD-202601-03533,2026-01-04,CUST-1251,Wireless Mouse,Electronics,West,Amit,5,782.74
ORD-202601-03534,2026-01-04,CUST-2855,Monitor Stand,Furniture,South,Neha,4,2153.93
ORD-202601-03535,2026-01-20,CUST-0635,Keyboard,Electronics,West,Rahul,7,1289.24
ORD-202601-03536,2026-01-11,CUST-2845,Wireless Mouse,Electronics,East,Karan,3,765.26
ORD-202601-03537,2026-01-09,CUST-2005,Wireless Mouse,Electronics,South,Karan,5,863.02
ORD-202601-03538,2026-01-19,CUST-1150,Keyboard,Electronics,North,Rahul,6,1314.76
ORD-202601-03539,2026-01-13,,Mouse Pad,Accessories,South,Priya,7,387.87
ORD-202601-03540,2026-01-05,CUST-3754,Office Chair,Furniture,West,Rahul,2,6361.26
ORD-202601-03541,2026-01-18,CUST-3051,Desk Organizer,Office,South,Neha,6,552.39
ORD-202601-03542,2026-01-18,CUST-0441,Notebook,Office,North,Ananya,1,184.64
ORD-202601-03543,2026-01-05,CUST-2811,Keyboard,Electronics,South,Priya,4,1263.88
ORD-202601-03544,2026-01-09,CUST-3116,Office Chair,Furniture,Central,Sneha,3,7149.24
ORD-202601-03545,2026-01-08,CUST-3418,Wireless Mouse,Electronics,North,Ananya,7,768.25
ORD-202601-03546,2026-01-22,CUST-2129,Pen Set,Office,North,Priya,6,273.02
ORD-202601-03547,2026-01-08,CUST-0475,USB Hub,Accessories,East,Rahul,7,856.71
ORD-202601-03548,2026-01-01,CUST-0636,Study Table,Furniture,South,Ananya,6,5398.57
ORD-202601-03549,2026-01-09,CUST-1660,Webcam,Electronics,Central,Vikram,3,2085.96
ORD-202601-03550,2026-01-15,CUST-3172,Pen Set,Office,South,Vikram,6,292.6
ORD-202601-03551,2026-01-24,CUST-3696,USB Hub, Accessories,East,Amit,1,825.14
ORD-202601-03552,2026-01-02,CUST-3366,Mouse Pad,Accessories,South ,Neha,4,405.47
ORD-202601-03553,2026-01-28,CUST-1562,Monitor Stand,Furniture,South,Vikram,1,2166.77
ORD-202601-03554,2026-01-11,CUST-2201,Desk Organizer,Office,South,Ananya,6,633.35
ORD-202601-03555,2026-01-11,CUST-0234,USB Hub,Accessories,South,Neha,7,959.45
ORD-202601-03556,2026-01-01,CUST-3990,USB Hub,Accessories,West,Vikram,5,976.0
ORD-202601-03557,2026-01-09,CUST-1768,Desk Organizer,Office,West,Priya,6,615.36
ORD-202601-03558,2026-01-15,CUST-2547,Laptop Stand,Accessories,North,Karan,2,1647.38
ORD-202601-03559,2026-01-20,CUST-2249,Headphones,Electronics,East,Ananya,7,-100.0
ORD-202601-03560,2026-01-24,CUST-1429,Mouse Pad,Accessories,,Ananya,4,425.72
ORD-202601-03561,2026-01-17,CUST-0841,Wireless Mouse,Electronics,Central,Ananya,5,856.05
ORD-202601-03562,2026-01-04,CUST-4769,Headphones,Electronics,North,Sneha,6,2707.27
ORD-202601-03563,2026-01-13,CUST-0598,USB Hub,Accessories,East,Sneha,5,895.07
ORD-202601-03564,2026-01-23,CUST-4721,Office Chair,Furniture,South,Karan,3,7401.8
ORD-202601-03565,2026-01-20,CUST-0566,Office Chair,Furniture,South,Rahul,5,6572.17
ORD-202601-03566,2026-01-19,CUST-0479,Webcam,Electronics,Central,Amit,5,1938.17
ORD-202601-03567,2026-01-16,CUST-4516,USB Hub,Accessories,East,Amit,7,873.58
ORD-202601-03568,2026-01-16,CUST-4731,Keyboard,Electronics,South,Karan,4,1323.99
ORD-202601-03569,2026-01-31,CUST-4477,Desk Organizer,Office,Central,Sneha,4,620.03
ORD-202601-03570,2026-01-19,CUST-3878,Webcam,Electronics,West,Ananya,4,1840.92
ORD-202601-03571,2026-01-19,CUST-2464,Office Chair,Furniture,North,Ananya,1,6601.79
ORD-202601-03572,2026-01-11,CUST-0534,Office Chair,Furniture,East,Amit,1,6749.4
ORD-202601-03573,2026-01-16,CUST-2958,Pen Set,Office,East,Vikram,1,308.8
ORD-202601-03574,2026-01-23,CUST-2597,Laptop Stand,Accessories,East,Vikram,5,1552.03
ORD-202601-03575,2026-01-27,CUST-3679,Monitor Stand,Furniture,South,Priya,3,2095.48
ORD-202601-03576,2026-01-25,CUST-0175,Pen Set,Office,Central,Karan,7,276.67
ORD-202601-03577,2026-01-21,CUST-0387,Pen Set,Office,Central,Rahul,5,318.05
ORD-202601-03578,2026-01-25,CUST-2945,Study Table,Furniture,North,Priya,1,5705.92
ORD-202601-03579,2026-01-02,CUST-4277,Study Table,Furniture,Central,Ananya,1,4982.65
ORD-202601-03580,2026-01-09,CUST-4666,Keyboard,Electronics,Central,Neha,3,1256.29
ORD-202601-03581,2026-01-08,CUST-2844,Study Table,Furniture,South,Vikram,7,5462.39
ORD-202601-03582,2026-01-21,CUST-1842,Desk Organizer,Office,East,Vikram,1,582.3
ORD-202601-03583,2026-01-24,CUST-2361,Headphones,Electronics,North,Vikram,2,2307.78
ORD-202601-03584,2026-01-05,CUST-2544,Webcam,Electronics,South,Neha,1,1787.85
ORD-202601-03585,2026-01-06,CUST-3096,Desk Organizer,Office,South,Karan,3,542.04
ORD-202601-03586,2026-01-16,CUST-1138,Headphones,Electronics,Central,Sneha,7,2295.62
ORD-202601-03587,2026-01-31,CUST-1944,USB Hub,Accessories,North,Neha,5,856.98
ORD-202601-03588,2026-01-01,CUST-2705,Pen Set,Office,South,Priya,4,318.13
ORD-202601-03589,2026-01-28,CUST-4254,Pen Set,Office,East,Rahul,2,300.59
ORD-202601-03590,2026-01-07,CUST-4013,Study Table,Furniture,Central,Karan,3,5415.96
ORD-202601-03591,2026-01-09,CUST-3770,Keyboard,Electronics,Central,Rahul,4,1341.13
ORD-202601-03592,2026-01-20,CUST-1077,Webcam,Electronics,Central,Karan,2,1914.77
ORD-202601-03593,2026-01-23,CUST-2033,Monitor Stand,Furniture,South,Ananya,5,1851.68
ORD-202601-03594,2026-01-28,CUST-2768,Notebook,Office,South,Neha,7,187.96
ORD-202601-03595,2026-01-01,CUST-4839,Webcam,Electronics,East,Priya,2,1793.61
ORD-202601-03596,2026-01-02,CUST-1774,Webcam,Electronics,South,Vikram,2,1936.96
ORD-202601-03597,2026-01-15,CUST-4592,Laptop Stand,Accessories,North,Ananya,1,1487.49
ORD-202601-03598,2026-01-18,CUST-3740,Notebook,Office,Central,Priya,6,194.53
ORD-202601-03599,2026-01-09,CUST-3169,Webcam,Electronics,North,Karan,4,1920.51
ORD-202601-03600,2026-01-20,CUST-3511,Pen Set,Office,North,Priya,2,327.11
ORD-202601-03601,2026-01-09,CUST-3966,USB Hub,Accessories,Central,Neha,2,865.59
ORD-202601-03602,2026-01-29,CUST-3494,Notebook,Office,West,Vikram,1,199.8
ORD-202601-03603,2026-01-06,CUST-3363,Headphones,Electronics,West,Ananya,4,2489.19
ORD-202601-03604,2026-01-21,CUST-1890,Pen Set,Office,North,Priya,5,311.96
ORD-202601-03605,2026-01-17,CUST-2140,Monitor Stand,Furniture,South,Rahul,2,2091.07
ORD-202601-03606,2026-01-04,CUST-2997,Keyboard,electronics,South,Karan,1,1358.51
ORD-202601-03607,2026-01-19,CUST-4218,Laptop Stand,Accessories,West,Rahul,4,1409.52
ORD-202601-03608,2026-01-05,CUST-3256,Desk Organizer,Office,East,,5,592.9
ORD-202601-03609,2026-01-17,CUST-4940,Pen Set,Office,South,Neha,3,317.61
ORD-202601-03610,2026-01-20,CUST-3405,Pen Set,Office,West,Amit,2,291.92
ORD-202601-03611,2026-01-03,CUST-2038,Notebook,Office,West,Vikram,2,218.27
ORD-202601-03612,2026-01-07,CUST-2877,Pen Set,Office,West,Rahul,6,290.91
ORD-202601-03613,2026-01-10,CUST-3117,Notebook,Office,North,Rahul,7,198.91
ORD-202601-03614,2026-01-29,CUST-4335,Wireless Mouse,Electronics,West,Karan,6,794.93
ORD-202601-03615,2026-01-07,CUST-1280,Desk Organizer,Office,South,Karan,4,591.05
ORD-202601-03616,2026-01-29,CUST-1244,USB Hub,Accessories,South,Rahul,6,961.14
ORD-202601-03617,2026-01-17,CUST-1010,Wireless Mouse,Electronics,Central,Vikram,3,743.91
ORD-202601-03618,2026-01-30,CUST-0280,USB Hub,Accessories,East,Ananya,1,911.17
ORD-202601-03619,2026-01-26,CUST-3376,USB Hub,Accessories,West,Amit,3,920.32
ORD-202601-03620,2026-01-10,CUST-4813,Keyboard,Electronics,South,Amit,5,1390.25
ORD-202601-03621,2026-01-18,CUST-3069,Monitor Stand,Furniture,Central,Vikram,5,2042.66
ORD-202601-03622,2026-01-23,CUST-0304,Headphones,Electronics,South,Sneha,7,2728.92
ORD-202601-03623,2026-01-03,CUST-1824,Laptop Stand,Accessories,North,Sneha,7,1610.58
ORD-202601-03624,2026-01-21,CUST-4515,USB Hub,Accessories,South,Neha,2,871.8
ORD-202601-03625,2026-01-15,CUST-0260,Office Chair,Furniture,North,Ananya,1,7502.8
ORD-202601-03626,2026-01-02,CUST-3062,Desk Organizer,Office,East,Neha,2,653.93
ORD-202601-03627,2026-01-27,CUST-2204,Office Chair,Furniture,North,Sneha,7,6659.12
ORD-202601-03628,2026-01-09,CUST-4594,Webcam,Electronics,South,Vikram,6,1940.86
ORD-202601-03629,2026-01-28,CUST-2566,Office Chair,Furniture,West,Sneha,1,6693.57
ORD-202601-03630,2026-01-07,CUST-2825,Office Chair,Furniture,North,Rahul,2,7208.36
ORD-202601-03631,2026-01-17,CUST-3612,Mouse Pad,Accessories,East,Sneha,4,366.57
ORD-202601-03632,2026-01-12,CUST-4106,Notebook,Office,West,Ananya,5,208.32
ORD-202601-03633,2026-01-28,CUST-2578,Wireless Mouse,Electronics,East,Karan,7,786.19
ORD-202601-03634,2026-01-30,CUST-3607,Desk Organizer,Office,North,Amit,6,609.46
ORD-202601-03635,2026-01-24,CUST-4027,Monitor Stand,Furniture,North,Karan,2,1809.44
ORD-202601-03636,2026-01-27,CUST-2626,Mouse Pad,Accessories,Central,Priya,1,414.6
ORD-202601-03637,2026-01-24,CUST-3581,Notebook,Office,West,Sneha,5,198.84
ORD-202601-03638,2026-01-10,CUST-1817,Mouse Pad,Accessories,South,Priya,4,409.0
ORD-202601-03639,2026-01-29,CUST-1776,Keyboard,Electronics,Central,Karan,7,1251.11
ORD-202601-03640,2026-01-17,CUST-0015,Pen Set,Office,,Ananya,5,277.82
ORD-202601-03641,2026-01-11,CUST-3347,Desk Organizer,Office,North,Neha,4,591.26
ORD-202601-03642,2026-01-06,CUST-1255,Monitor Stand,Furniture,Central,Sneha,3,2176.5
ORD-202601-03643,2026-01-23,CUST-4070,Monitor Stand,Furniture,West,Neha,1,1890.17
ORD-202601-03644,2026-01-09,CUST-4759,Mouse Pad,Accessories,East,Amit,7,413.03
ORD-202601-03645,2026-01-21,CUST-4380,Monitor Stand,Furniture,South,Amit,6,1819.03
ORD-202601-03646,2026-01-03,CUST-1378,Mouse Pad,Accessories,Central,Karan,2,416.4
ORD-202601-03647,2026-01-20,CUST-3260,Pen Set,Office,West,Neha,5,283.36
ORD-202601-03648,2026-01-20,CUST-3760,Notebook,Office,East,Karan,3,197.07
ORD-202601-03649,2026-01-17,CUST-2531,Monitor Stand,Furniture,,Amit,4,1946.13
ORD-202601-03650,2026-01-21,CUST-2543,Desk Organizer,Office,South,Amit,6,552.62
ORD-202601-03651,2026-01-31,CUST-2190,Keyboard,Electronics,East,Sneha,6,1258.88
ORD-202601-03652,2026-01-26,CUST-1543,Wireless Mouse,Electronics,West,Priya,2,775.05
ORD-202601-03653,2026-01-14,CUST-2867,USB Hub,Accessories,Central,Ananya,3,902.97
ORD-202601-03654,2026-01-28,CUST-4956,Mouse Pad,Accessories,,Rahul,6,436.69
ORD-202601-03655,2026-01-30,,Pen Set,Office,South,Vikram,7,297.21
ORD-202601-03656,2026-01-05,CUST-0235,Mouse Pad,Accessories,East,Amit,1,432.07
ORD-202601-03657,2026-01-12,CUST-0282,Mouse Pad,Accessories,East,Rahul,6,395.93
ORD-202601-03658,2026-01-24,CUST-2911,Study Table,Furniture,South,Karan,4,5067.38
ORD-202601-03659,2026-01-16,CUST-1350,Laptop Stand,Accessories,North,Vikram,5,1418.1
ORD-202601-03660,2026-01-05,CUST-2308,Mouse Pad,Accessories,South,,1,391.62
ORD-202601-03661,2026-01-15,CUST-4754,Notebook,Office,North,Sneha,5,192.05
ORD-202601-03662,2026-01-12,CUST-0383,Mouse Pad,Accessories,North,Neha,5,428.19
ORD-202601-03663,2026-01-23,CUST-0874,Monitor Stand,Furniture,Central,Karan,5,2070.42
ORD-202601-03664,2026-01-16,CUST-1071,Monitor Stand,Furniture,West,Ananya,6,2030.31
ORD-202601-03665,2026-01-05,CUST-2286,Mouse Pad,Accessories,North,Neha,7,398.3
ORD-202601-03666,2026-01-02,CUST-3472,USB Hub,Accessories,South,Rahul,6,880.53
ORD-202601-03667,2026-01-09,CUST-0917,Notebook,Office,South,Rahul,6,203.47
ORD-202601-03668,2026-01-05,,Headphones,Electronics,Central,Karan,7,2311.38
ORD-202601-03669,2026-01-28,CUST-0429,USB Hub,Accessories,East,Rahul,5,838.32
ORD-202601-03670,2026-01-09,CUST-4006,Headphones,Electronics,South,Ananya,5,2400.6
ORD-202601-03671,2026-01-20,CUST-0148,Keyboard,Electronics,West,Amit,4,1213.57
ORD-202601-03672,2026-01-04,CUST-3126,Keyboard,Electronics,East,Rahul,6,1345.01
ORD-202601-03673,2026-01-14,CUST-2892,Notebook,Office,North,Sneha,1,180.09
ORD-202601-03674,2026-01-29,CUST-0505,Wireless Mouse,Electronics,South,Vikram,4,744.7
ORD-202601-03675,2026-01-20,CUST-2763,Pen Set,Office,North,Karan,3,323.08
ORD-202601-03676,2026-01-09,CUST-1435,USB Hub,Accessories,West,Rahul,7,988.46
ORD-202601-03677,2026-01-24,CUST-2575,Laptop Stand,Accessories,Central,Karan,1,1495.28
ORD-202601-03678,2026-01-16,CUST-0686,Office Chair,Furniture,Central,Sneha,5,6992.52
ORD-202601-03679,2026-01-08,CUST-3340,Notebook,Office,South,Sneha,2,209.88
ORD-202601-03680,2026-01-31,CUST-3989,Desk Organizer,Office,East,Neha,7,543.44
ORD-202601-03681,2026-01-30,CUST-0016,Desk Organizer,Office,North,Ananya,6,590.26
ORD-202601-03682,2026-01-18,,Wireless Mouse,Electronics,South,Sneha,2,735.05
ORD-202601-03683,2026-01-02,CUST-3238,Headphones,Electronics,North,Karan,7,2449.48
ORD-202601-03684,2026-01-13,CUST-0015,Notebook,Office,West,Sneha,4,218.26
ORD-202601-03685,2026-01-16,CUST-3621,Monitor Stand,Furniture,Central,Amit,7,2100.4
ORD-202601-03686,2026-01-29,CUST-2715,Headphones,Electronics,North,Vikram,6,2741.43
ORD-202601-03687,2026-01-23,CUST-1532,Keyboard,Electronics,West,Karan,1,1362.92
ORD-202601-03688,2026-01-07,CUST-2415,Monitor Stand,Furniture,East,,2,2042.22
ORD-202601-03689,2026-01-16,CUST-3411,Monitor Stand,Furniture,East,,3,2100.64
ORD-202601-03690,2026-01-06,CUST-3216,Headphones,Electronics,,Vikram,2,2578.51
ORD-202601-03691,2026-01-15,CUST-3884,USB Hub,Accessories ,West,Priya,1,892.54
ORD-202601-03692,2026-01-17,CUST-0175,Pen Set,Office,South,Amit,7,286.59
ORD-202601-03693,2026-01-16,CUST-3937,Headphones,Electronics,West,Amit,7,2509.08
ORD-202601-03694,2026-01-14,CUST-0178,Laptop Stand,Accessories,West,Sneha,4,1426.6
ORD-202601-03695,2026-01-14,CUST-3251,USB Hub,Accessories,South,Rahul,2,896.6
ORD-202601-03696,2026-01-25,CUST-1747,Pen Set,Office,West,Neha,2,277.84
ORD-202601-03697,2026-01-16,CUST-0319,Laptop Stand,Accessories,West,Rahul,7,1518.61
ORD-202601-03698,2026-01-02,CUST-3443,USB Hub,Accessories,North ,Sneha,3,853.2
ORD-202601-03699,2026-01-23,CUST-2763,Webcam,Electronics,North,Sneha,1,1820.61
ORD-202601-03700,2026-01-20,CUST-3333,Desk Organizer,Office,South,Ananya,3,598.88
ORD-202601-03701,2026-01-22,CUST-1880,Keyboard,Electronics,North ,Karan,4,1211.32
ORD-202601-03702,2026-01-23,CUST-1392,Headphones,Electronics,East,Amit,5,2730.1
ORD-202601-03703,2026-01-06,CUST-3124,Webcam,Electronics,East,Sneha,3,1878.85
ORD-202601-03704,2026-01-31,CUST-1081,Study Table,Furniture,West,Neha,7,5336.54
ORD-202601-03705,2026-01-31,CUST-4061,Monitor Stand,Furniture,North,Neha,5,1810.77
ORD-202601-03706,2026-01-05,CUST-3416,Mouse Pad,Accessories,East,Priya,7,426.39
ORD-202601-03707,2026-01-07,CUST-4999,Headphones,Electronics,West,Sneha,3,2561.89
ORD-202601-03708,2026-01-08,CUST-0136,Desk Organizer,Office,East,Priya,5,588.99
ORD-202601-03709,2026-01-30,CUST-2929,Mouse Pad,accessories,Central,Karan,3,378.69
ORD-202601-03710,2026-01-29,CUST-2784,Study Table,Furniture,South,Ananya,5,5768.6
ORD-202601-03711,2026-01-09,CUST-4288,Laptop Stand,Accessories,East,Karan,6,1632.55
ORD-202601-03712,2026-01-20,CUST-2121,Monitor Stand,Furniture,North,Amit,3,1951.35
ORD-202601-03713,2026-01-08,CUST-4683,Office Chair,Furniture,East,Ananya,7,6487.9
ORD-202601-03714,2026-01-02,CUST-1196,Headphones,Electronics,North,Sneha,7,2303.68
ORD-202601-03715,2026-01-08,CUST-4272,Desk Organizer,Office,,Neha,7,539.86
ORD-202601-03716,2026-01-03,CUST-2602,Webcam,Electronics,South,Neha,2,1991.65
ORD-202601-03717,2026-01-27,CUST-4720,Laptop Stand,Accessories,Central,Amit,6,1643.32
ORD-202601-03718,2026-01-25,CUST-1086,Webcam,Electronics,North,Neha,1,2086.17
ORD-202601-03719,2026-01-06,CUST-1302,Pen Set,Office,South,Ananya,1,315.99
ORD-202601-03720,2026-01-18,CUST-2822,Webcam,electronics,North,Rahul,7,1770.7
ORD-202601-03721,2026-01-07,CUST-2760,Pen Set,Office,South,Ananya,2,327.57
ORD-202601-03722,2026-01-18,CUST-0745,Notebook,Office,West,Amit,7,192.15
ORD-202601-03723,2026-01-28,CUST-3257,Desk Organizer,Office,East,Ananya,4,579.07
ORD-202601-03724,2026-01-28,CUST-2029,Monitor Stand,Furniture,West,Vikram,3,2073.9
ORD-202601-03725,2026-01-26,CUST-0757,Wireless Mouse,Electronics,Central,Priya,1,726.94
ORD-202601-03726,2026-01-08,CUST-2553,Monitor Stand,Furniture,North,Rahul,5,2129.24
ORD-202601-03727,2026-01-06,CUST-3490,Keyboard,Electronics,East,Priya,6,1428.2
ORD-202601-03728,2026-01-05,CUST-0159,Mouse Pad,Accessories,East,Vikram,4,420.95
ORD-202601-03729,2026-01-04,CUST-4602,Laptop Stand,Accessories,East,Ananya,6,1583.45
ORD-202601-03730,2026-01-20,CUST-3054,Pen Set,Office,North,Vikram,3,292.44
ORD-202601-03731,2026-01-21,CUST-1303,Desk Organizer,Office,South,Priya,4,547.0
ORD-202601-03732,2026-01-28,CUST-3752,Study Table,Furniture,South,Priya,3,5820.88
ORD-202601-03733,2026-01-03,CUST-4219,USB Hub,Accessories,West,Karan,5,916.47
ORD-202601-03734,2026-01-09,CUST-4781,Monitor Stand,Furniture,Central,Neha,1,2162.65
ORD-202601-03735,2026-01-23,CUST-3953,Laptop Stand,Accessories,South,Neha,4,1383.87
ORD-202601-03736,2026-01-22,CUST-1016,Headphones,Electronics,East,Rahul,4,2401.6
ORD-202601-03737,2026-01-14,CUST-0819,Laptop Stand,Accessories,South,Sneha,4,1457.22
ORD-202601-03738,2026-01-05,CUST-1044,Mouse Pad,Accessories,North,Priya,4,413.63
ORD-202601-03739,2026-01-16,CUST-4378,Pen Set,Office,South,Karan,5,316.21
ORD-202601-03740,2026-01-06,CUST-1525,Office Chair,Furniture,South,Karan,4,7644.34
ORD-202601-03741,2026-01-17,CUST-1652,Headphones,Electronics,North,Priya,2,2396.74
ORD-202601-03742,2026-01-28,CUST-4454,Webcam,Electronics,West,Amit,2,1896.58
ORD-202601-03743,,CUST-1022,Monitor Stand,Furniture,South,Priya,5,1810.68
ORD-202601-03744,2026-01-04,CUST-2035,USB Hub,Accessories,South,Rahul,7,854.59
ORD-202601-03745,2026-01-23,CUST-1482,Webcam,Electronics,South,Ananya,6,1851.15
ORD-202601-03746,2026-01-01,CUST-1509,Monitor Stand,Furniture,Central,Vikram,5,2036.5
ORD-202601-03747,2026-01-31,CUST-2979,USB Hub,Accessories,West,Neha,7,893.76
ORD-202601-03748,2026-01-25,CUST-3706,Monitor Stand,Furniture ,East,Neha,7,1944.82
ORD-202601-03749,2026-01-13,CUST-1327,Study Table,Furniture,Central,Sneha,4,5635.46
ORD-202601-03750,2026-01-12,CUST-0190,Study Table,Furniture,North,Sneha,1,5860.41
ORD-202601-03751,2026-01-12,CUST-3197,Notebook,Office,South,Amit,5,188.72
ORD-202601-03752,2026-01-13,CUST-2745,Office Chair,Furniture,East,Karan,5,6779.06
ORD-202601-03753,2026-01-27,CUST-3296,Monitor Stand,Furniture,East,Rahul,2,2080.93
ORD-202601-03754,2026-01-25,CUST-2251,Webcam,Electronics,West,Karan,6,2004.56
ORD-202601-03755,2026-01-07,CUST-3884,Wireless Mouse,Electronics,West,Sneha,7,851.0
ORD-202601-03756,2026-01-06,CUST-3125,Laptop Stand,Accessories,East,Vikram,3,1411.86
ORD-202601-03757,2026-01-17,CUST-3789,Pen Set,Office,Central,Vikram,4,301.35
ORD-202601-03758,2026-01-21,CUST-3656,Notebook,Office,Central,Neha,2,214.92
ORD-202601-03759,2026-01-23,CUST-2484,Keyboard,Electronics,East,,2,1270.93
ORD-202601-03760,,CUST-1625,Notebook,Office,Central,Amit,2,196.21
ORD-202601-03761,2026-01-15,CUST-2911,Headphones,Electronics,West,Rahul,3,2741.31
ORD-202601-03762,2026-01-04,CUST-3183,Mouse Pad,Accessories,North,Karan,2,368.12
ORD-202601-03763,2026-01-15,CUST-2858,Notebook,Office,North,Rahul,2,207.18
ORD-202601-03764,2026-01-22,CUST-2622,Pen Set,Office,North,Neha,4,319.94
ORD-202601-03765,2026-01-10,CUST-1715,USB Hub,Accessories,South,Vikram,5,836.21
ORD-202601-03766,2026-01-10,CUST-0670,USB Hub,Accessories,South,Rahul,3,937.56
ORD-202601-03767,2026-01-15,CUST-2138,Pen Set,Office ,North,Neha,4,297.19
ORD-202601-03768,2026-01-27,CUST-4409,Desk Organizer,Office,West,Vikram,2,641.28
ORD-202601-03769,2026-01-19,CUST-3584,Office Chair,Furniture,East,Karan,5,7569.35
ORD-202601-03770,2026-01-29,CUST-3773,Laptop Stand,Accessories,West,Karan,5,1610.67
ORD-202601-03771,2026-01-02,CUST-3685,USB Hub,Accessories,East,Karan,7,820.68
ORD-202601-03772,2026-01-27,CUST-4609,Laptop Stand,Accessories,South,Vikram,1,1576.01
ORD-202601-03773,2026-01-02,CUST-1131,Mouse Pad,Accessories,West,Ananya,6,432.64
ORD-202601-03774,2026-01-10,CUST-3603,Keyboard,Electronics, Central,Priya,3,1330.53
ORD-202601-03775,2026-01-14,CUST-0348,USB Hub,Accessories,South,Priya,1,917.14
ORD-202601-03776,2026-01-08,CUST-1225,Headphones,Electronics,South,Sneha,5,2271.59
ORD-202601-03777,2026-01-31,CUST-0148,Mouse Pad,Accessories,East,Vikram,2,427.41
ORD-202601-03778,2026-01-28,CUST-2153,Study Table,Furniture,Central,Amit,2,5000.13
ORD-202601-03779,2026-01-18,CUST-0704,Monitor Stand,Furniture,East,Neha,7,1924.44
ORD-202601-03780,2026-01-15,CUST-1935,USB Hub,Accessories ,Central,Sneha,2,975.57
ORD-202601-03781,2026-01-24,CUST-0674,Wireless Mouse,Electronics,North,Amit,4,870.87
ORD-202601-03782,2026-01-22,CUST-0180,Headphones,Electronics,North,Neha,2,2744.85
ORD-202601-03783,2026-01-15,CUST-2388,Keyboard,Electronics,East,Karan,1,1292.87
ORD-202601-03784,2026-01-26,CUST-2053,Desk Organizer,Office,South,Sneha,1,560.36
ORD-202601-03785,2026-01-06,CUST-2086,Monitor Stand,Furniture,North,Rahul,1,1994.18
ORD-202601-03786,2026-01-09,CUST-1728,Notebook,Office,South,Sneha,4,183.17
ORD-202601-03787,2026-01-01,CUST-2047,Headphones,Electronics,South,Ananya,4,2685.19
ORD-202601-03788,2026-01-04,CUST-0020,Wireless Mouse,Electronics, Central,Neha,1,808.67
ORD-202601-03789,2026-01-07,CUST-2391,Monitor Stand,Furniture,West,Karan,3,1960.82
ORD-202601-03790,2026-01-20,CUST-4236,Laptop Stand,Accessories,South,Karan,2,1372.94
ORD-202601-03791,2026-01-27,CUST-0698,Keyboard,Electronics,Central,Rahul,4,1274.38
ORD-202601-03792,2026-01-19,CUST-0720,Headphones,Electronics,Central,Amit,7,-100.0
ORD-202601-03793,2026-01-14,CUST-3901,Webcam,Electronics,South,Karan,5,1976.25
ORD-202601-03794,2026-01-09,CUST-2505,Pen Set,Office,East,Amit,7,274.03
ORD-202601-03795,2026-01-04,CUST-1286,Study Table,Furniture,Central,Karan,2,5124.97
ORD-202601-03796,2026-01-19,CUST-3924,Webcam,Electronics,East,Rahul,2,1858.1
ORD-202601-03797,2026-01-05,CUST-1625,Pen Set,Office,South,Ananya,6,275.16
ORD-202601-03798,,CUST-3023,Wireless Mouse,Electronics,Central,Vikram,3,868.36
ORD-202601-03799,2026-01-13,CUST-2781,Wireless Mouse,Electronics,West,Amit,6,823.34
ORD-202601-03800,,CUST-0847,Wireless Mouse,Electronics,East,Amit,4,734.25
ORD-202601-03801,2026-01-01,CUST-3776,Monitor Stand,Furniture,Central,Ananya,2,2114.17
ORD-202601-03802,2026-01-08,CUST-3092,Notebook,Office,West,Vikram,6,193.76
ORD-202601-03803,2026-01-01,CUST-1043,Office Chair,Furniture,South,Amit,4,6641.87
ORD-202601-03804,2026-01-23,CUST-3788,Wireless Mouse,Electronics,East,Sneha,6,810.18
ORD-202601-03805,2026-01-16,CUST-3103,Wireless Mouse,Electronics,North,Priya,4,721.24
ORD-202601-03806,2026-01-25,CUST-4274,Study Table,Furniture,North,Karan,1,5460.94
ORD-202601-03807,2026-01-18,CUST-4101,Keyboard,Electronics,Central,Amit,5,1388.32
ORD-202601-03808,2026-01-30,CUST-1594,Headphones,Electronics,North,Priya,1,2712.94
ORD-202601-03809,2026-01-25,CUST-4684,Mouse Pad,Accessories,Central,Vikram,5,386.44
ORD-202601-03810,2026-01-05,CUST-0170,Notebook,Office,South,Vikram,3,204.67
ORD-202601-03811,2026-01-04,CUST-1671,Headphones,Electronics,East,Vikram,6,2362.47
ORD-202601-03812,2026-01-28,CUST-3040,USB Hub,Accessories,West,Priya,7,909.83
ORD-202601-03813,2026-01-09,CUST-2674,Pen Set,Office,Central,Rahul,3,284.29
ORD-202601-03814,2026-01-24,CUST-1129,USB Hub,Accessories,South,Rahul,7,911.83
ORD-202601-03815,2026-01-20,CUST-0998,Laptop Stand,Accessories,Central,Neha,1,1400.58
ORD-202601-03816,2026-01-22,CUST-3905,Wireless Mouse,Electronics,East,Sneha,1,869.51
ORD-202601-03817,2026-01-09,CUST-4381,USB Hub,Accessories,Central,Neha,7,968.57
ORD-202601-03818,2026-01-10,CUST-3400,Office Chair,Furniture ,North,Sneha,5,6770.72
ORD-202601-03819,2026-01-18,CUST-2652,Pen Set,Office,South,Rahul,4,315.54
ORD-202601-03820,2026-01-01,CUST-3866,Study Table,Furniture,West,Priya,2,5054.14
ORD-202601-03821,2026-01-10,CUST-1201,Keyboard,Electronics,West,Amit,3,1361.45
ORD-202601-03822,2026-01-16,CUST-4838,Wireless Mouse,Electronics,Central,Priya,5,764.24
ORD-202601-03823,2026-01-07,CUST-0625,Notebook,Office,South,Rahul,-1,184.5
ORD-202601-03824,2026-01-09,CUST-2923,Headphones,Electronics,West,Neha,7,2588.06
ORD-202601-03825,2026-01-31,CUST-1706,Notebook,Office,West,Ananya,3,197.8
ORD-202601-03826,2026-01-09,CUST-4522,Study Table,Furniture,Central,Neha,4,5532.15
ORD-202601-03827,2026-01-28,CUST-1225,Laptop Stand,Accessories,North,Ananya,2,1505.15
ORD-202601-03828,2026-01-29,CUST-3210,Notebook,Office,North,Amit,1,181.47
ORD-202601-03829,2026-01-21,CUST-0782,Pen Set,Office,East,Sneha,4,272.17
ORD-202601-03830,2026-01-05,CUST-0909,Keyboard,Electronics,North,Priya,5,1325.28
ORD-202601-03831,2026-01-07,CUST-2082,Study Table,Furniture,North,Amit,1,5635.23
ORD-202601-03832,2026-01-29,CUST-3997,Headphones,Electronics,East,Neha,3,2272.68
ORD-202601-03833,2026-01-01,CUST-1391,Office Chair,Furniture,South,Ananya,5,6828.84
ORD-202601-03834,2026-01-16,CUST-3469,Pen Set,Office,South,Priya,6,305.75
ORD-202601-03835,2026-01-19,CUST-2857,Keyboard,Electronics,South,Priya,7,1339.71
ORD-202601-03836,2026-01-26,CUST-4890,Desk Organizer,Office,,Karan,3,638.33
ORD-202601-03837,2026-01-28,CUST-1504,Headphones,Electronics,South,Karan,3,2459.38
ORD-202601-03838,2026-01-09,CUST-1218,Notebook,Office,West,Karan,7,200.92
ORD-202601-03839,2026-01-16,CUST-4514,Monitor Stand,Furniture,North,Priya,5,2030.41
ORD-202601-03840,2026-01-20,CUST-1666,Monitor Stand,Furniture,North,Vikram,2,1923.86
ORD-202601-03841,2026-01-30,CUST-1074,Study Table,Furniture,North,Ananya,5,5008.3
ORD-202601-03842,2026-01-18,CUST-4108,Mouse Pad,Accessories,Central,Neha,2,359.44
ORD-202601-03843,2026-01-04,CUST-4065,Notebook,Office,South,Priya,4,212.38
ORD-202601-03844,2026-01-29,CUST-0315,Webcam,Electronics,North,Karan,3,1785.15
ORD-202601-03845,2026-01-16,CUST-4281,Study Table,Furniture,South,Sneha,7,5642.25
ORD-202601-03846,2026-01-06,CUST-3166,Mouse Pad,Accessories,West,Priya,1,405.15
ORD-202601-03847,2026-01-06,CUST-1395,Office Chair,Furniture,South,Ananya,6,6858.51
ORD-202601-03848,2026-01-07,CUST-2678,Laptop Stand,Accessories,South,Sneha,2,1598.98
ORD-202601-03849,2026-01-23,CUST-1194,Desk Organizer,Office,North,Vikram,1,622.77
ORD-202601-03850,2026-01-30,CUST-0845,Headphones,Electronics,west,Amit,5,2260.47
ORD-202601-03851,2026-01-14,CUST-0662,Desk Organizer,Office,South,Ananya,5,632.15
ORD-202601-03852,2026-01-04,CUST-0826,Wireless Mouse,Electronics,North,Sneha,1,800.12
ORD-202601-03853,2026-01-28,CUST-2915,Keyboard,Electronics,West,Rahul,1,1259.26
ORD-202601-03854,2026-01-20,CUST-4051,Laptop Stand,Accessories,Central,Priya,1,1567.02
ORD-202601-03855,2026-01-18,CUST-2433,Mouse Pad,Accessories,West,Rahul,3,413.85
ORD-202601-03856,2026-01-02,CUST-0078,Desk Organizer,Office,,Karan,1,576.31
ORD-202601-03857,2026-01-31,CUST-2144,Laptop Stand,Accessories,East,Vikram,5,1643.82
ORD-202601-03858,2026-01-03,CUST-3735,Wireless Mouse,Electronics,East,Amit,1,822.76
ORD-202601-03859,2026-01-19,CUST-4177,Laptop Stand,Accessories,South,Vikram,6,1530.71
ORD-202601-03860,2026-01-19,CUST-3664,USB Hub,Accessories,East,Karan,7,821.66
ORD-202601-03861,2026-01-16,CUST-1848,Notebook,office,Central,Priya,6,190.22
ORD-202601-03862,2026-01-18,CUST-3249,Pen Set,Office,West,Vikram,7,295.83
ORD-202601-03863,2026-01-13,CUST-0342,Webcam,Electronics,North,Priya,7,1948.61
ORD-202601-03864,2026-01-18,CUST-2048,Notebook,Office,East,Amit,1,199.51
ORD-202601-03865,2026-01-12,CUST-2685,Pen Set,Office,South,Neha,3,314.73
ORD-202601-03866,2026-01-15,CUST-0142,Office Chair,Furniture,East,Karan,6,6666.64
ORD-202601-03867,2026-01-22,CUST-0072,Mouse Pad,Accessories,East,Ananya,3,415.13
ORD-202601-03868,2026-01-24,CUST-4009,Office Chair,Furniture,East,Amit,6,7442.17
ORD-202601-03869,2026-01-05,CUST-1102,Headphones,Electronics,Central,Priya,6,2631.47
ORD-202601-03870,2026-01-31,CUST-0629,Desk Organizer,Office,Central,Vikram,7,631.45
ORD-202601-03871,2026-01-03,CUST-2961,Wireless Mouse,Electronics,Central,Rahul,3,861.08
ORD-202601-03872,2026-01-09,CUST-1404,Keyboard,Electronics,West,Rahul,3,1190.97
ORD-202601-03873,2026-01-11,CUST-4897,Study Table,Furniture, South,Neha,1,5715.87
ORD-202601-03874,2026-01-11,CUST-4734,Mouse Pad,Accessories,North,Karan,2,436.4
ORD-202601-03875,2026-01-11,CUST-4120,Pen Set,Office,Central,Vikram,2,303.4
ORD-202601-03876,2026-01-11,CUST-1510,Notebook,Office,Central,Karan,4,187.75
ORD-202601-03877,2026-01-14,CUST-4378,Desk Organizer,Office,North,Amit,3,658.75
ORD-202601-03878,2026-01-24,CUST-1276,Webcam,Electronics,South,Neha,6,1775.44
ORD-202601-03879,2026-01-26,CUST-1199,Headphones,Electronics,West,Vikram,6,2416.81
ORD-202601-03880,2026-01-11,CUST-4867,Wireless Mouse,Electronics,North,Karan,6,746.6
ORD-202601-03881,2026-01-09,CUST-3371,Study Table,Furniture,North,Vikram,1,5459.97
ORD-202601-03882,2026-01-21,CUST-0430,Headphones,Electronics,Central,Sneha,4,2458.45
ORD-202601-03883,2026-01-02,CUST-4433,Notebook,Office,North,Karan,6,198.65
ORD-202601-03884,2026-01-14,CUST-0804,USB Hub,Accessories,South,Ananya,2,975.95
ORD-202601-03885,2026-01-07,CUST-3407,Headphones,Electronics,Central,Neha,3,2488.17
ORD-202601-03886,2026-01-19,CUST-2192,USB Hub,Accessories,North,Rahul,6,901.63
ORD-202601-03887,2026-01-03,CUST-0088,Keyboard,Electronics,West,Vikram,6,1399.46
ORD-202601-03888,2026-01-26,CUST-3939,Headphones,Electronics,East,Neha,6,2657.82
ORD-202601-03889,2026-01-09,CUST-3434,Keyboard,Electronics,East,Amit,4,1231.38
ORD-202601-03890,2026-01-16,CUST-4422,Office Chair,Furniture,Central,Priya,3,6317.19
ORD-202601-03891,2026-01-18,CUST-3060,Notebook,Office,North,Karan,3,204.15
ORD-202601-03892,2026-01-15,CUST-3779,Monitor Stand,Furniture,North,Neha,5,2136.87
ORD-202601-03893,2026-01-14,CUST-4531,USB Hub,Accessories,North,Sneha,3,908.5
ORD-202601-03894,2026-01-09,CUST-4881,Headphones,Electronics,East,Priya,3,2354.65
ORD-202601-03895,2026-01-24,CUST-2804,Notebook,Office,Central,Sneha,2,208.61
ORD-202601-03896,2026-01-16,CUST-0085,Monitor Stand,Furniture,North,Karan,4,2066.78
ORD-202601-03897,2026-01-07,CUST-1730,Mouse Pad,Accessories,East,Rahul,2,404.19
ORD-202601-03898,2026-01-09,CUST-3098,Wireless Mouse,Electronics,East,Vikram,4,857.06
ORD-202601-03899,2026-01-14,CUST-0549,Webcam,Electronics,North,Sneha,7,2006.96
ORD-202601-03900,2026-01-27,CUST-0582,Monitor Stand,Furniture,South,Ananya,6,2066.15
ORD-202601-03901,2026-01-30,CUST-1975,Mouse Pad,Accessories,South,Sneha,4,412.15
ORD-202601-03902,2026-01-13,CUST-4552,Monitor Stand,Furniture,North,Amit,7,2063.85
ORD-202601-03903,2026-01-13,CUST-1609,Mouse Pad,Accessories,East,Priya,7,401.01
ORD-202601-03904,2026-01-05,,Wireless Mouse,Electronics,Central,Amit,4,793.23
ORD-202601-03905,2026-01-17,CUST-4015,Study Table,Furniture,East,Rahul,6,5729.52
ORD-202601-03906,2026-01-08,CUST-1516,Desk Organizer,Office,West,Karan,3,612.24
ORD-202601-03907,2026-01-26,CUST-1156,Desk Organizer,Office ,West,Sneha,7,597.8
ORD-202601-03908,2026-01-17,CUST-4139,Monitor Stand,Furniture, Central,Vikram,3,1849.74
ORD-202601-03909,2026-01-07,CUST-3781,Headphones,Electronics,Central,Neha,2,2599.92
ORD-202601-03910,2026-01-29,CUST-3152,Study Table,Furniture, Central,Sneha,1,5659.57
ORD-202601-03911,2026-01-26,CUST-4891,Webcam,Electronics,Central,Vikram,6,1839.09
ORD-202601-03912,2026-01-10,CUST-0503,Monitor Stand,Furniture,Central,Vikram,3,1941.56
ORD-202601-03913,2026-01-04,CUST-1929,Headphones,Electronics,Central,Amit,6,2372.41
ORD-202601-03914,2026-01-09,CUST-3014,Notebook,Office,West,Priya,1,217.38
ORD-202601-03915,2026-01-12,CUST-0359,Office Chair,Furniture,East,Ananya,4,7503.21
ORD-202601-03916,2026-01-13,CUST-4881,Keyboard,Electronics,South,Ananya,3,1314.86
ORD-202601-03917,2026-01-26,CUST-2860,Wireless Mouse,Electronics,East,Neha,4,783.28
ORD-202601-03918,2026-01-31,CUST-1541,Study Table,Furniture,Central,Ananya,2,5759.46
ORD-202601-03919,2026-01-24,CUST-1196,Wireless Mouse,Electronics,West,Ananya,1,803.43
ORD-202601-03920,2026-01-27,CUST-0006,Notebook,Office,East,Amit,3,217.94
ORD-202601-03921,2026-01-04,CUST-2964,Monitor Stand,Furniture,North,Karan,4,1821.14
ORD-202601-03922,2026-01-05,CUST-4884,Notebook,Office,South,Ananya,6,180.46
ORD-202601-03923,2026-01-29,CUST-0182,Mouse Pad,Accessories,East,Priya,4,404.48
ORD-202601-03924,2026-01-20,CUST-2070,USB Hub,Accessories,South,Priya,2,845.65
ORD-202601-03925,2026-01-08,CUST-3311,Pen Set,Office,East,Sneha,2,305.24
ORD-202601-03926,2026-01-25,CUST-2155,Notebook,Office,South,Rahul,5,210.2
ORD-202601-03927,2026-01-06,CUST-3255,Mouse Pad,Accessories,North,Amit,4,370.12
ORD-202601-03928,2026-01-24,CUST-3564,Keyboard,Electronics,East,Amit,7,1283.57
ORD-202601-03929,2026-01-28,CUST-4829,Pen Set,Office,East,,4,310.28
ORD-202601-03930,2026-01-16,CUST-3022,Desk Organizer,Office,West,Ananya,4,639.0
ORD-202601-03931,2026-01-21,CUST-3550,Desk Organizer,Office,North,Neha,1,598.56
ORD-202601-03932,2026-01-23,CUST-1510,Wireless Mouse,Electronics,,Ananya,2,752.04
ORD-202601-03933,2026-01-28,CUST-0755,Desk Organizer,Office,Central,Priya,6,609.28
ORD-202601-03934,2026-01-19,CUST-0500,Desk Organizer,Office,South,Priya,3,593.55
ORD-202601-03935,2026-01-10,CUST-0547,Headphones,Electronics,South,Neha,3,2634.91
ORD-202601-03936,2026-01-07,CUST-4137,Study Table,Furniture,North,Karan,5,5560.12
ORD-202601-03937,2026-01-12,CUST-0204,Mouse Pad,Accessories,East,Vikram,1,381.4
ORD-202601-03938,2026-01-02,CUST-2417,Mouse Pad,Accessories,Central,Karan,4,419.3
ORD-202601-03939,2026-01-22,CUST-3067,Desk Organizer,Office,East,Amit,3,601.13
ORD-202601-03940,2026-01-12,CUST-3363,Mouse Pad,Accessories,East,Neha,2,373.27
ORD-202601-03941,2026-01-23,CUST-0331,Notebook,Office,West,Neha,3,201.51
ORD-202601-03942,2026-01-02,CUST-4303,Laptop Stand,Accessories,East,Amit,4,1633.41
ORD-202601-03943,2026-01-10,CUST-2187,Monitor Stand,Furniture,South,Rahul,2,2081.17
ORD-202601-03944,2026-01-13,CUST-0089,Monitor Stand,Furniture,West,Rahul,4,1918.56
ORD-202601-03945,2026-01-03,CUST-0664,Keyboard,Electronics,South,Neha,6,1353.78
ORD-202601-03946,2026-01-26,CUST-4297,Desk Organizer,Office,Central,Priya,2,572.96
ORD-202601-03947,2026-01-19,CUST-4716,Wireless Mouse,Electronics,South,Rahul,7,805.82
ORD-202601-03948,2026-01-27,CUST-3759,Laptop Stand,Accessories,East,Sneha,-1,1506.97
ORD-202601-03949,2026-01-25,CUST-1667,Monitor Stand,Furniture,South,Priya,6,1898.01
ORD-202601-03950,2026-01-02,CUST-4735,Headphones,Electronics,West,Karan,1,2422.97
ORD-202601-03951,2026-01-27,CUST-1379,Laptop Stand,Accessories,East,Vikram,6,1631.57
ORD-202601-03952,2026-01-03,CUST-1168,Headphones,Electronics,South,Amit,3,2374.35
ORD-202601-03953,2026-01-28,CUST-3825,Desk Organizer,Office,West,Neha,5,635.06
ORD-202601-03954,2026-01-21,CUST-1613,Mouse Pad,Accessories,Central,Vikram,6,412.36
ORD-202601-03955,2026-01-26,CUST-2600,Notebook,Office,North,Rahul,2,200.3
ORD-202601-03956,2026-01-16,CUST-3308,Monitor Stand,Furniture,East,Rahul,2,1854.08
ORD-202601-03957,2026-01-05,CUST-0831,Mouse Pad,Accessories,West,Ananya,1,375.42
ORD-202601-03958,2026-01-05,CUST-4629,Desk Organizer,Office,West,Amit,5,560.54
ORD-202601-03959,2026-01-04,CUST-0832,Keyboard,Electronics,South,Sneha,6,1321.55
ORD-202601-03960,2026-01-25,CUST-4964,Headphones,Electronics,North,Rahul,3,2735.6
ORD-202601-03961,2026-01-17,CUST-1387,Monitor Stand,Furniture,East,Neha,2,2149.82
ORD-202601-03962,2026-01-07,CUST-2084,Study Table,Furniture,West,Priya,3,4976.87
ORD-202601-03963,2026-01-04,CUST-1267,Pen Set, Office,South,Sneha,3,285.47
ORD-202601-03964,2026-01-03,CUST-2697,Laptop Stand,Accessories,South,Priya,7,1396.25
ORD-202601-03965,2026-01-09,CUST-0005,Headphones,Electronics,East,Karan,1,2736.74
ORD-202601-03966,2026-01-24,CUST-0853,Study Table,Furniture,East,Rahul,3,5208.22
ORD-202601-03967,2026-01-28,CUST-2597,Office Chair,Furniture,East,Amit,5,6580.9
ORD-202601-03968,2026-01-19,CUST-3470,Webcam,Electronics,West,Neha,2,1944.91
ORD-202601-03969,2026-01-31,CUST-4814,Notebook,Office,Central,Vikram,7,201.24
ORD-202601-03970,2026-01-13,CUST-4187,Pen Set,Office,West,Neha,7,282.61
ORD-202601-03971,2026-01-11,CUST-4609,Mouse Pad,Accessories,North,Sneha,3,412.6
ORD-202601-03972,2026-01-22,CUST-3994,Monitor Stand,Furniture,South,Vikram,6,1837.88
ORD-202601-03973,2026-01-05,CUST-3883,Keyboard,Electronics,North,Karan,6,1174.13
ORD-202601-03974,2026-01-29,CUST-1730,Webcam,Electronics,Central,Rahul,5,1740.4
ORD-202601-03975,2026-01-25,CUST-4526,Keyboard,Electronics,West,Priya,2,1263.89
ORD-202601-03976,2026-01-02,CUST-4817,Desk Organizer,Office,South,Neha,1,655.91
ORD-202601-03977,2026-01-06,CUST-2568,Pen Set,Office,Central,Vikram,3,301.83
ORD-202601-03978,2026-01-20,CUST-0602,Monitor Stand,Furniture,East,Neha,1,2100.84
ORD-202601-03979,2026-01-23,CUST-0214,Notebook,Office,North,Karan,3,191.9
ORD-202601-03980,2026-01-07,CUST-2470,Keyboard,Electronics,North,Sneha,5,1355.98
ORD-202601-03981,2026-01-24,CUST-3175,USB Hub,Accessories,Central,Amit,5,982.82
ORD-202601-03982,2026-01-15,CUST-2773,Keyboard,Electronics,South,Amit,2,1262.05
ORD-202601-03983,2026-01-21,CUST-4482,Pen Set,Office,East,Rahul,1,328.84
ORD-202601-03984,2026-01-14,CUST-2683,Pen Set,Office,Central,Vikram,2,307.28
ORD-202601-03985,2026-01-15,CUST-3306,Study Table,Furniture,South,Amit,4,5772.4
ORD-202601-03986,2026-01-13,CUST-3790,Laptop Stand,Accessories,North,Priya,6,1424.7
ORD-202601-03987,2026-01-05,CUST-4475,Laptop Stand,Accessories,North,Neha,3,1541.9
ORD-202601-03988,,CUST-3049,Wireless Mouse,Electronics,Central,Neha,3,800.76
ORD-202601-03989,2026-01-06,CUST-2788,USB Hub,Accessories,East,Karan,4,981.06
ORD-202601-03990,2026-01-25,CUST-0386,Mouse Pad,Accessories,South,Vikram,1,431.29
ORD-202601-03991,2026-01-14,CUST-3212,Desk Organizer,Office,North,Karan,2,586.62
ORD-202601-03992,2026-01-12,CUST-0900,Desk Organizer,Office,West,Karan,1,652.53
ORD-202601-03993,2026-01-27,CUST-1844,Keyboard,Electronics,North,Neha,4,1398.97
ORD-202601-03994,2026-01-28,CUST-2662,Webcam,Electronics,North,Sneha,4,1933.33
ORD-202601-03995,2026-01-08,CUST-0414,Mouse Pad,Accessories,east,Karan,5,365.65
ORD-202601-03996,2026-01-11,CUST-3473,Laptop Stand,Accessories,west,Neha,5,1397.3
ORD-202601-03997,2026-01-13,CUST-1403,Wireless Mouse,Electronics,East,Karan,3,731.38
ORD-202601-03998,2026-01-27,CUST-2571,Office Chair,Furniture,Central,Rahul,7,6450.27
ORD-202601-03999,2026-01-21,CUST-1752,Desk Organizer,Office,South,Priya,7,656.14
ORD-202601-04000,2026-01-17,CUST-1778,Mouse Pad,Accessories,East,Karan,1,376.03
ORD-202601-04001,2026-01-08,CUST-1969,Laptop Stand,Accessories,South,Karan,7,1556.22
ORD-202601-04002,2026-01-12,CUST-0256,Office Chair,Furniture,South,,2,7190.11
ORD-202601-04003,2026-01-01,CUST-0977,Wireless Mouse,Electronics,North,Karan,2,819.96
ORD-202601-04004,2026-01-22,CUST-3930,USB Hub,Accessories,West,Vikram,4,846.27
ORD-202601-04005,2026-01-29,CUST-0610,Office Chair,Furniture,West,Vikram,1,7110.07
ORD-202601-04006,2026-01-25,CUST-2486,Monitor Stand,Furniture,West,Karan,3,2049.19
ORD-202601-04007,2026-01-10,CUST-0701,Webcam,Electronics,North,Priya,2,1925.74
ORD-202601-04008,2026-01-15,CUST-2694,Pen Set,Office,North,Neha,4,280.23
ORD-202601-04009,2026-01-30,CUST-3219,Headphones,Electronics,West,Rahul,6,2610.49
ORD-202601-04010,2026-01-14,CUST-2345,Keyboard,Electronics,West,Vikram,7,1188.13
ORD-202601-04011,2026-01-27,CUST-3858,Laptop Stand,Accessories,North,,2,1526.34
ORD-202601-04012,2026-01-18,CUST-1327,Study Table,Furniture,West,Amit,4,5428.9
ORD-202601-04013,2026-01-16,CUST-2790,Pen Set,Office,Central,Ananya,4,284.07
ORD-202601-04014,2026-01-19,CUST-1382,Mouse Pad,Accessories,West,Amit,3,423.53
ORD-202601-04015,2026-01-07,CUST-2545,Webcam,Electronics,South,Neha,5,1775.9
ORD-202601-04016,2026-01-14,CUST-0318,Keyboard,Electronics,South,Sneha,7,1411.49
ORD-202601-04017,2026-01-10,CUST-1346,Webcam,Electronics ,West,Sneha,3,2045.06
ORD-202601-04018,2026-01-24,CUST-3538,Keyboard,Electronics,East,Priya,1,1262.78
ORD-202601-04019,2026-01-19,CUST-3891,Headphones,Electronics,West,Sneha,7,2401.62
ORD-202601-04020,2026-01-13,CUST-1360,Pen Set,Office,central,Rahul,7,277.32
ORD-202601-04021,2026-01-26,CUST-1291,Keyboard,Electronics,East,Priya,3,1407.16
ORD-202601-04022,2026-01-15,CUST-1493,Wireless Mouse,Electronics,East,Vikram,4,819.38
ORD-202601-04023,2026-01-30,CUST-1397,Notebook,Office,East,Neha,7,180.36
ORD-202601-04024,2026-01-19,CUST-4968,Webcam,Electronics,East,Rahul,4,1903.18
ORD-202601-04025,2026-01-28,CUST-3256,USB Hub,Accessories,North,Neha,4,824.53
ORD-202601-04026,2026-01-31,CUST-1930,Keyboard,Electronics,Central,Amit,7,1318.16
ORD-202601-04027,2026-01-11,CUST-2310,Headphones,Electronics,East,Rahul,6,2503.48
ORD-202601-04028,2026-01-09,CUST-2554,USB Hub,Accessories,South,,4,824.0
ORD-202601-04029,2026-01-26,CUST-2765,Pen Set,Office,East,Sneha,2,317.89
ORD-202601-04030,2026-01-08,CUST-1933,USB Hub,Accessories,South,Neha,4,856.26
ORD-202601-04031,2026-01-24,CUST-4873,Notebook,Office,Central,Vikram,5,200.65
ORD-202601-04032,2026-01-06,CUST-1451,Mouse Pad,Accessories,West,Neha,2,410.1
ORD-202601-04033,2026-01-27,CUST-2137,Webcam,Electronics,South,Sneha,4,2074.58
ORD-202601-04034,2026-01-22,CUST-0030,Webcam,Electronics,West,Karan,5,1896.65
ORD-202601-04035,2026-01-17,CUST-2459,USB Hub,Accessories,North,Ananya,1,974.03
ORD-202601-04036,2026-01-14,CUST-4275,Wireless Mouse,Electronics,Central,Rahul,4,775.81
ORD-202601-04037,2026-01-20,CUST-4987,Pen Set,Office,East,Rahul,6,320.37
ORD-202601-04038,2026-01-13,CUST-2366,Notebook,Office,West,Sneha,2,188.49
ORD-202601-04039,2026-01-13,CUST-0698,Webcam,Electronics,West,Sneha,4,1977.8
ORD-202601-04040,2026-01-07,CUST-3600,Laptop Stand,Accessories,South,Rahul,5,1375.67
ORD-202601-04041,2026-01-05,CUST-3203,Laptop Stand,Accessories,West,Rahul,1,1644.72
ORD-202601-04042,2026-01-28,CUST-4794,Pen Set,Office,South,Rahul,5,326.15
ORD-202601-04043,2026-01-24,CUST-2526,Desk Organizer,Office,West,Karan,2,592.08
ORD-202601-04044,2026-01-14,CUST-0015,Keyboard,Electronics,North,Sneha,3,1305.22
ORD-202601-04045,2026-01-26,CUST-4504,USB Hub,Accessories,North,Sneha,5,916.58
ORD-202601-04046,2026-01-19,CUST-3376,Wireless Mouse,Electronics,Central,Karan,1,763.05
ORD-202601-04047,2026-01-19,CUST-4001,USB Hub,Accessories,West,Rahul,1,930.37
ORD-202601-04048,2026-01-04,CUST-0594,Webcam,Electronics,North,Rahul,4,1974.41
ORD-202601-04049,2026-01-17,CUST-2286,Laptop Stand,Accessories,South,Sneha,7,1506.52
ORD-202601-04050,2026-01-04,CUST-2290,USB Hub,Accessories,East,Neha,1,835.66
ORD-202601-04051,2026-01-22,CUST-1339,Laptop Stand,Accessories,North,Priya,6,1624.67
ORD-202601-04052,2026-01-03,CUST-4234,USB Hub,Accessories,East,Karan,1,829.79
ORD-202601-04053,2026-01-16,CUST-0941,Desk Organizer,Office,South,Neha,4,614.47
ORD-202601-04054,2026-01-12,CUST-0358,Office Chair,Furniture,North,Amit,4,6443.4
ORD-202601-04055,2026-01-05,CUST-1172,Wireless Mouse,Electronics,South,Sneha,4,742.45
ORD-202601-04056,2026-01-15,CUST-4949,Laptop Stand,Accessories,South,Rahul,1,1355.26
ORD-202601-04057,2026-01-07,CUST-0568,Study Table,Furniture,North,Rahul,6,5348.73
ORD-202601-04058,2026-01-08,CUST-2905,Mouse Pad,Accessories,West,Vikram,2,410.14
ORD-202601-04059,2026-01-28,CUST-0916,Headphones,Electronics,South,Rahul,6,2509.77
ORD-202601-04060,2026-01-11,CUST-1975,Notebook,Office,North,Karan,5,205.95
ORD-202601-04061,2026-01-13,CUST-2760,Keyboard,Electronics,North,Ananya,4,1344.47
ORD-202601-04062,2026-01-01,CUST-0098,Wireless Mouse,Electronics,Central,Vikram,3,741.5
ORD-202601-04063,2026-01-10,CUST-1207,Pen Set,Office , North,Priya,5,272.53
ORD-202601-04064,2026-01-11,,Mouse Pad,Accessories,Central,Neha,7,409.0
ORD-202601-04065,2026-01-23,CUST-0073,Desk Organizer,Office,North,Rahul,7,617.36
ORD-202601-04066,2026-01-04,CUST-2475,Laptop Stand,Accessories,North,Sneha,7,1516.0
ORD-202601-04067,2026-01-29,CUST-3019,Study Table,Furniture,East,Karan,2,5219.39
ORD-202601-04068,2026-01-04,CUST-1077,USB Hub,Accessories,Central,Amit,5,954.88
ORD-202601-04069,2026-01-21,CUST-0811,Desk Organizer,Office,North,Vikram,3,548.17
ORD-202601-04070,2026-01-01,CUST-2453,Keyboard,Electronics,South,Karan,7,1333.37
ORD-202601-04071,2026-01-26,CUST-3594,Keyboard,Electronics,West,Vikram,7,1200.38
ORD-202601-04072,2026-01-22,CUST-0064,Office Chair,Furniture,North,Priya,7,7215.2
ORD-202601-04073,2026-01-26,CUST-1689,Office Chair,Furniture,North,Priya,2,6883.83
ORD-202601-04074,2026-01-29,CUST-4998,Monitor Stand,Furniture,south,Ananya,3,2086.2
ORD-202601-04075,2026-01-26,CUST-1679,Laptop Stand,Accessories,Central,Vikram,5,1364.75
ORD-202601-04076,2026-01-20,CUST-1661,Wireless Mouse,Electronics,Central,Vikram,6,807.8
ORD-202601-04077,2026-01-26,CUST-3689,Monitor Stand,Furniture,West,Rahul,3,1857.02
ORD-202601-04078,2026-01-03,CUST-2402,Notebook,Office,West,Rahul,1,206.26
ORD-202601-04079,2026-01-21,CUST-1957,Webcam,Electronics,North,Neha,1,1754.66
ORD-202601-04080,2026-01-31,CUST-3924,Desk Organizer,Office,South,Vikram,5,547.92
ORD-202601-04081,2026-01-12,CUST-0154,Study Table,Furniture,Central,Neha,4,5733.39
ORD-202601-04082,2026-01-31,CUST-3564,Webcam,Electronics,West,Sneha,4,1733.23
ORD-202601-04083,2026-01-16,CUST-1904,Office Chair,Furniture,South,Priya,6,6613.4
ORD-202601-04084,2026-01-15,CUST-4443,Office Chair,Furniture,West,Neha,1,7453.56
ORD-202601-04085,2026-01-10,CUST-3625,Mouse Pad,Accessories,West,Priya,6,423.71
ORD-202601-04086,2026-01-04,CUST-4707,Pen Set,Office,West,Amit,2,320.18
ORD-202601-04087,2026-01-28,CUST-0644,Webcam,Electronics,Central,Neha,7,1832.95
ORD-202601-04088,2026-01-23,CUST-0946,Monitor Stand,Furniture,East,Amit,7,2010.21
ORD-202601-04089,2026-01-13,CUST-4516,Monitor Stand,Furniture,North,Rahul,4,2108.28
ORD-202601-04090,2026-01-30,CUST-1952,Monitor Stand,furniture,Central,Ananya,3,1853.87
ORD-202601-04091,2026-01-06,CUST-4078,Desk Organizer,Office,,Neha,2,625.88
ORD-202601-04092,2026-01-25,CUST-3435,Wireless Mouse,Electronics,West,Ananya,2,734.68
ORD-202601-04093,2026-01-15,CUST-2499,Laptop Stand,Accessories,West,Rahul,7,1622.89
ORD-202601-04094,2026-01-20,CUST-0226,USB Hub,Accessories,North,Neha,2,923.69
ORD-202601-04095,2026-01-02,CUST-0370,Monitor Stand,Furniture,West,Sneha,4,1996.32
ORD-202601-04096,2026-01-19,CUST-3585,Notebook,Office,Central,Priya,4,198.39
ORD-202601-04097,2026-01-22,,Mouse Pad,Accessories,West,Vikram,5,373.57
ORD-202601-04098,2026-01-31,CUST-0025,Keyboard,Electronics,South,Ananya,6,1258.97
ORD-202601-04099,2026-01-11,CUST-1098,Office Chair,Furniture,South,Rahul,4,7316.93
ORD-202601-04100,2026-01-03,CUST-4571,Laptop Stand,Accessories,West,Rahul,6,1511.27
ORD-202601-04101,2026-01-02,CUST-3133,Keyboard,Electronics,North,Ananya,4,1306.61
ORD-202601-04102,2026-01-05,CUST-3591,Monitor Stand,Furniture,West,Amit,4,1877.16
ORD-202601-04103,2026-01-10,CUST-3261,Headphones,Electronics,North,Rahul,2,2594.14
ORD-202601-04104,2026-01-26,CUST-2828,Wireless Mouse,Electronics,South,Neha,2,781.75
ORD-202601-04105,2026-01-07,CUST-1282,Keyboard,Electronics,East,Priya,4,1216.58
ORD-202601-04106,2026-01-05,CUST-2145,USB Hub,Accessories,North,Vikram,1,978.79
ORD-202601-04107,2026-01-01,CUST-2725,Keyboard,Electronics,West,Vikram,3,1300.77
ORD-202601-04108,2026-01-12,CUST-4941,Office Chair,Furniture,West,Sneha,4,7038.25
ORD-202601-04109,2026-01-19,CUST-4497,Mouse Pad,Accessories,North,Vikram,4,437.41
ORD-202601-04110,2026-01-09,CUST-3683,Laptop Stand,Accessories,Central,Vikram,6,1458.95
ORD-202601-04111,2026-01-16,CUST-4067,Wireless Mouse,Electronics,West,Ananya,7,869.79
ORD-202601-04112,2026-01-08,CUST-4037,Mouse Pad,Accessories,Central,Priya,6,414.56
ORD-202601-04113,2026-01-25,CUST-3339,Keyboard,Electronics,West,Neha,1,1333.58
ORD-202601-04114,,CUST-4127,Monitor Stand,Furniture,West,Karan,3,1892.82
ORD-202601-04115,2026-01-07,CUST-0367,Webcam,Electronics,South,Priya,6,1728.76
ORD-202601-04116,,CUST-0110,Mouse Pad,Accessories,South,Rahul,5,394.04
ORD-202601-04117,2026-01-27,CUST-2222,Wireless Mouse,Electronics,,Priya,4,720.73
ORD-202601-04118,2026-01-13,CUST-0274,Keyboard,Electronics,South,Sneha,4,1187.55
ORD-202601-04119,2026-01-03,CUST-1698,Headphones,Electronics,South,Rahul,3,2546.64
ORD-202601-04120,2026-01-18,CUST-0992,Wireless Mouse,Electronics,west,Rahul,5,834.87
ORD-202601-04121,2026-01-09,CUST-4789,Desk Organizer,Office,East,Karan,2,559.22
ORD-202601-04122,2026-01-10,CUST-3277,Monitor Stand,Furniture,East,Sneha,4,2091.95
ORD-202601-04123,2026-01-29,CUST-0210,Monitor Stand,Furniture,West,Amit,2,2178.8
ORD-202601-04124,2026-01-30,CUST-3120,Webcam,Electronics,West,Sneha,5,1991.36
ORD-202601-04125,2026-01-09,CUST-3663,Office Chair,Furniture,Central,Ananya,7,7397.54
ORD-202601-04126,2026-01-19,CUST-1626,Mouse Pad,Accessories,South,Karan,4,415.02
ORD-202601-04127,2026-01-17,CUST-4414,Wireless Mouse,Electronics,South,Amit,3,755.01
ORD-202601-04128,2026-01-30,CUST-4865,Keyboard,Electronics,North,Amit,7,1262.86
ORD-202601-04129,2026-01-30,CUST-4904,Notebook,Office,North,Rahul,5,216.88
ORD-202601-04130,2026-01-11,CUST-0466,USB Hub,Accessories,West,Karan,3,927.99
ORD-202601-04131,2026-01-01,,Wireless Mouse,Electronics,Central,Neha,1,845.19
ORD-202601-04132,2026-01-01,CUST-3884,Monitor Stand,Furniture,West,Ananya,1,2186.38
ORD-202601-04133,2026-01-01,CUST-2214,Desk Organizer,Office,Central,Priya,2,566.83
ORD-202601-04134,2026-01-25,CUST-2405,Mouse Pad,Accessories,West,Rahul,2,384.77
ORD-202601-04135,2026-01-23,CUST-1642,Monitor Stand,Furniture,Central,Sneha,6,2056.89
ORD-202601-04136,2026-01-26,CUST-2095,Monitor Stand,Furniture,South,Neha,4,1808.84
ORD-202601-04137,2026-01-05,CUST-3473,Monitor Stand,Furniture,South,Karan,7,2027.47
ORD-202601-04138,2026-01-02,CUST-0128,Webcam,Electronics,Central,Ananya,4,2016.24
ORD-202601-04139,2026-01-06,CUST-3997,Study Table,Furniture,West,Priya,7,5620.47
ORD-202601-04140,2026-01-20,CUST-3639,Mouse Pad,Accessories,East,Sneha,4,382.67
ORD-202601-04141,2026-01-01,CUST-0694,Desk Organizer,Office,Central,Sneha,3,625.85
ORD-202601-04142,2026-01-21,CUST-3858,Study Table,Furniture,West,Karan,6,5109.71
ORD-202601-04143,2026-01-28,CUST-2608,Headphones,Electronics,South,Neha,4,2696.31
ORD-202601-04144,2026-01-05,CUST-1595,USB Hub,Accessories,West,Neha,2,827.24
ORD-202601-04145,2026-01-23,CUST-2278,Keyboard,Electronics,South,Rahul,4,1393.43
ORD-202601-04146,2026-01-18,,Webcam,Electronics,East,Ananya,5,1898.17
ORD-202601-04147,2026-01-30,CUST-1053,USB Hub,Accessories,central,Rahul,3,886.17
ORD-202601-04148,2026-01-08,CUST-3033,Study Table,Furniture,West,Priya,5,5499.73
ORD-202601-04149,2026-01-08,CUST-3147,Study Table,Furniture,North,Amit,7,5169.29
ORD-202601-04150,2026-01-01,CUST-1839,USB Hub,Accessories,East,Neha,3,891.39
ORD-202601-04151,2026-01-22,CUST-2303,Laptop Stand,Accessories,West,Karan,3,1603.85
ORD-202601-04152,2026-01-27,CUST-3078,Mouse Pad,Accessories,East,Karan,3,423.02
ORD-202601-04153,2026-01-01,CUST-2518,Study Table,Furniture,South,Karan,6,5128.42
ORD-202601-04154,2026-01-16,CUST-2171,Monitor Stand,Furniture,West,Vikram,2,2068.33
ORD-202601-04155,2026-01-23,CUST-4781,Headphones,Electronics,Central,Karan,7,2677.35
ORD-202601-04156,2026-01-25,CUST-4391,Headphones,Electronics,North,Karan,3,2658.82
ORD-202601-04157,2026-01-29,CUST-1899,Desk Organizer,Office,West,Karan,6,590.09
ORD-202601-04158,2026-01-23,CUST-3593,Webcam,Electronics,Central,Vikram,6,1727.37
ORD-202601-04159,2026-01-29,CUST-4051,Headphones,Electronics,,Amit,6,2714.5
ORD-202601-04160,2026-01-31,CUST-0553,Wireless Mouse,Electronics,South,Neha,7,782.36
ORD-202601-04161,2026-01-29,CUST-2959,USB Hub,Accessories,South,Karan,2,874.0
ORD-202601-04162,2026-01-14,CUST-3999,USB Hub,Accessories,South,Ananya,5,945.66
ORD-202601-04163,2026-01-13,CUST-0287,Notebook,Office,South,Amit,1,189.61
ORD-202601-04164,2026-01-14,CUST-1688,Headphones,Electronics ,West,Amit,3,2666.31
ORD-202601-04165,2026-01-30,CUST-3990,Desk Organizer,Office,North,Ananya,1,548.21
ORD-202601-04166,2026-01-09,CUST-4678,Pen Set,Office,South,Sneha,5,313.39
ORD-202601-04167,2026-01-24,CUST-4963,Mouse Pad,Accessories,Central,Ananya,5,436.17
ORD-202601-04168,2026-01-20,CUST-3017,Headphones,Electronics,Central,Sneha,6,2746.79
ORD-202601-04169,2026-01-02,CUST-0213,Mouse Pad,Accessories,South,Amit,2,432.82
ORD-202601-04170,2026-01-16,CUST-0138,Pen Set,Office,East,Sneha,3,321.17
ORD-202601-04171,2026-01-07,CUST-4056,Laptop Stand,Accessories,East,Priya,5,1432.71
ORD-202601-04172,2026-01-23,CUST-3672,Webcam,Electronics,South,Sneha,6,2076.23
ORD-202601-04173,2026-01-14,CUST-0970,Mouse Pad,Accessories,North,Sneha,7,433.15
ORD-202601-04174,2026-01-12,CUST-0654,Laptop Stand,Accessories,North,Vikram,1,1509.3
ORD-202601-04175,2026-01-03,CUST-0729,USB Hub,Accessories,West,Vikram,3,881.39
ORD-202601-04176,2026-01-05,CUST-4387,Laptop Stand,Accessories,North,Neha,1,1381.86
ORD-202601-04177,2026-01-24,CUST-3824,Webcam,Electronics,West,Vikram,6,1933.42
ORD-202601-04178,2026-01-27,CUST-4742,Desk Organizer,Office,North ,Karan,1,623.03
ORD-202601-04179,2026-01-10,CUST-0569,USB Hub,Accessories,north,Rahul,6,881.74
ORD-202601-04180,2026-01-26,CUST-3477,Mouse Pad,Accessories,North,Rahul,2,391.5
ORD-202601-04181,2026-01-18,CUST-4619,Pen Set,Office,South,Sneha,1,303.38
ORD-202601-04182,2026-01-11,CUST-2665,Laptop Stand,Accessories,South,,7,1357.43
ORD-202601-04183,2026-01-14,CUST-3871,Keyboard,Electronics,South,Vikram,4,1417.95
ORD-202601-04184,2026-01-22,CUST-3011,Study Table,Furniture,South,Priya,3,5267.94
ORD-202601-04185,2026-01-29,CUST-0036,Wireless Mouse,Electronics,Central,Sneha,5,741.61
ORD-202601-04186,2026-01-16,CUST-2145,Notebook,Office,East,Sneha,2,179.32
ORD-202601-04187,2026-01-11,CUST-1307,Webcam,Electronics,Central,,5,2034.55
ORD-202601-04188,2026-01-24,CUST-0418,Headphones,Electronics,South,Vikram,4,2680.53
ORD-202601-04189,2026-01-17,CUST-2979,Wireless Mouse,Electronics,East,Neha,2,734.33
ORD-202601-04190,2026-01-13,CUST-4645,Study Table,Furniture,North,Karan,3,5116.53
ORD-202601-04191,2026-01-15,CUST-0270,USB Hub,Accessories,South,Ananya,1,889.63
ORD-202601-04192,2026-01-17,CUST-1646,Laptop Stand,Accessories,North,Neha,3,1404.77
ORD-202601-04193,2026-01-05,CUST-3349,Desk Organizer,Office,North,Sneha,-1,627.25
ORD-202601-04194,2026-01-02,CUST-1565,Wireless Mouse,Electronics,North,Vikram,1,728.37
ORD-202601-04195,2026-01-21,CUST-0583,Notebook,Office,North,Neha,1,200.98
ORD-202601-04196,2026-01-06,CUST-0957,Mouse Pad,Accessories,South,Sneha,5,389.65
ORD-202601-04197,2026-01-17,CUST-0124,Notebook,Office,West,Neha,3,197.6
ORD-202601-04198,2026-01-25,CUST-4963,Keyboard,Electronics,North,Neha,1,1279.45
ORD-202601-04199,2026-01-07,CUST-2458,Monitor Stand,Furniture, West,Neha,6,1860.33
ORD-202601-04200,2026-01-12,CUST-4713,Webcam,Electronics,South,Priya,6,1792.76
ORD-202601-04201,2026-01-31,CUST-3429,Pen Set,Office,,Rahul,1,272.98
ORD-202601-04202,2026-01-02,CUST-1748,Desk Organizer,Office,Central,Amit,2,552.91
ORD-202601-04203,2026-01-24,CUST-4713,Laptop Stand,Accessories,East,Ananya,3,1642.27
ORD-202601-04204,2026-01-06,CUST-1301,Keyboard,Electronics,South,Vikram,6,1241.79
ORD-202601-04205,2026-01-29,CUST-0904,Webcam,Electronics,South,Sneha,1,1825.71
ORD-202601-04206,2026-01-13,CUST-4027,Office Chair,Furniture,North,Vikram,6,6477.02
ORD-202601-04207,2026-01-01,CUST-2767,Study Table,Furniture,Central,,3,5779.63
ORD-202601-04208,2026-01-23,CUST-2114,Monitor Stand,Furniture,West,Vikram,1,2168.57
ORD-202601-04209,2026-01-05,CUST-2941,Headphones,Electronics,South,Priya,7,2643.82
ORD-202601-04210,2026-01-12,CUST-4839,Notebook,Office,East,Amit,1,203.48
ORD-202601-04211,2026-01-16,CUST-1401,Keyboard,Electronics,East,Ananya,1,1380.38
ORD-202601-04212,2026-01-24,CUST-4507,Desk Organizer,Office,North,Amit,7,587.53
ORD-202601-04213,2026-01-13,CUST-4555,USB Hub,Accessories,Central,Neha,4,963.64
ORD-202601-04214,2026-01-27,CUST-3798,Desk Organizer,Office,West,Sneha,4,634.76
ORD-202601-04215,2026-01-15,CUST-0787,Pen Set,Office,East,Rahul,5,269.2
ORD-202601-04216,2026-01-11,CUST-0450,Monitor Stand,Furniture,West,Ananya,5,1994.12
ORD-202601-04217,2026-01-11,CUST-0602,Mouse Pad,Accessories,North,Neha,5,380.22
ORD-202601-04218,2026-01-25,CUST-3511,Laptop Stand,Accessories,Central,Amit,1,1374.95
ORD-202601-04219,2026-01-21,CUST-2000,Mouse Pad,Accessories,,Priya,4,426.63
ORD-202601-04220,2026-01-04,CUST-4937,Headphones,Electronics,Central,Amit,2,2253.07
ORD-202601-04221,2026-01-24,CUST-0032,Keyboard,Electronics,Central,Priya,6,1358.8
ORD-202601-04222,2026-01-13,CUST-1867,Mouse Pad,Accessories,East,Priya,4,437.96
ORD-202601-04223,2026-01-11,CUST-1321,Office Chair,Furniture,South,Sneha,1,6973.83
ORD-202601-04224,2026-01-04,,Mouse Pad,Accessories,West,Karan,7,388.72
ORD-202601-04225,2026-01-31,CUST-0606,Office Chair,Furniture,east,Rahul,2,7147.14
ORD-202601-04226,2026-01-02,CUST-2041,Headphones,Electronics,East,Ananya,2,2651.29
ORD-202601-04227,2026-01-31,CUST-4334,USB Hub,Accessories,West,Priya,7,852.3
ORD-202601-04228,2026-01-03,CUST-4857,Notebook,Office,Central,Ananya,6,189.08
ORD-202601-04229,2026-01-16,CUST-4582,Laptop Stand,Accessories,North,Priya,7,1531.13
ORD-202601-04230,2026-01-04,CUST-3268,Wireless Mouse,Electronics,East,Ananya,5,869.29
ORD-202601-04231,2026-01-16,CUST-0815,Wireless Mouse,Electronics,west,Rahul,7,766.79
ORD-202601-04232,2026-01-26,CUST-0483,Monitor Stand,Furniture,South,Karan,1,1949.73
ORD-202601-04233,2026-01-19,CUST-2056,Notebook,Office,South,Karan,5,218.63
ORD-202601-04234,2026-01-17,CUST-2396,Webcam,Electronics,North,Rahul,3,1776.03
ORD-202601-04235,2026-01-04,CUST-2571,Webcam,Electronics,South,Amit,3,1738.33
ORD-202601-04236,2026-01-30,CUST-0249,Wireless Mouse,Electronics,East,Rahul,2,813.34
ORD-202601-04237,2026-01-12,CUST-3377,Monitor Stand,Furniture,Central,Rahul,2,1808.8
ORD-202601-04238,2026-01-17,CUST-1976,Keyboard,Electronics,East,Neha,4,1215.98
ORD-202601-04239,2026-01-28,CUST-0544,Desk Organizer,Office,South,Vikram,7,613.64
ORD-202601-04240,2026-01-20,CUST-4577,Webcam,Electronics,Central,Sneha,5,1959.58
ORD-202601-04241,2026-01-23,CUST-1785,Laptop Stand,Accessories,North,Amit,3,1502.13
ORD-202601-04242,2026-01-06,CUST-1162,Webcam,Electronics,North,Vikram,4,1854.85
ORD-202601-04243,2026-01-15,CUST-2462,Office Chair,Furniture,East,Priya,4,7105.66
ORD-202601-04244,2026-01-17,CUST-4753,Wireless Mouse,Electronics,Central ,Vikram,2,821.91
ORD-202601-04245,2026-01-06,CUST-4124,Laptop Stand,Accessories,South,Ananya,4,1589.98
ORD-202601-04246,2026-01-12,CUST-0500,Webcam,Electronics,North,Karan,5,-100.0
ORD-202601-04247,2026-01-26,CUST-3434,Webcam,Electronics,West,Vikram,2,1961.59
ORD-202601-04248,2026-01-29,CUST-3325,Headphones,Electronics,East,Priya,5,2696.04
ORD-202601-04249,2026-01-26,CUST-4430,Study Table,Furniture,West ,Sneha,5,5870.76
ORD-202601-04250,2026-01-29,CUST-4829,Laptop Stand,Accessories,South,Neha,4,1389.05
ORD-202601-04251,2026-01-31,CUST-3730,USB Hub,Accessories,north,Neha,3,981.11
ORD-202601-04252,2026-01-07,CUST-3271,USB Hub,Accessories,South,Ananya,4,969.44
ORD-202601-04253,2026-01-27,CUST-1769,Monitor Stand,Furniture,East,Rahul,6,1927.41
ORD-202601-04254,2026-01-20,CUST-4496,Laptop Stand,Accessories,East,Sneha,2,1355.15
ORD-202601-04255,2026-01-27,CUST-4716,Laptop Stand,Accessories,Central,Amit,5,1530.17
ORD-202601-04256,2026-01-20,CUST-4956,Laptop Stand,Accessories,South,Priya,5,1480.54
ORD-202601-04257,2026-01-04,CUST-4774,Laptop Stand,Accessories,South ,Sneha,3,1573.82
ORD-202601-04258,2026-01-18,CUST-3210,Keyboard,electronics,North,Neha,3,1305.39
ORD-202601-04259,2026-01-24,CUST-4782,Notebook,Office,East,Sneha,7,182.14
ORD-202601-04260,2026-01-04,CUST-3912,Wireless Mouse,Electronics,Central,Sneha,3,758.2
ORD-202601-04261,2026-01-16,CUST-1201,Headphones,Electronics,Central,Sneha,5,2690.19
ORD-202601-04262,2026-01-21,CUST-0160,Headphones,Electronics,South,Ananya,2,2267.94
ORD-202601-04263,2026-01-15,CUST-4904,Webcam,Electronics,East,Ananya,7,1988.89
ORD-202601-04264,2026-01-25,CUST-2137,Desk Organizer,Office,West,Vikram,5,574.07
ORD-202601-04265,2026-01-04,CUST-4368,Notebook,Office,North,Ananya,6,197.12
ORD-202601-04266,2026-01-11,CUST-1442,Monitor Stand,Furniture,West,Rahul,5,2011.4
ORD-202601-04267,2026-01-30,CUST-1804,Laptop Stand,Accessories,North,Karan,3,1424.07
ORD-202601-04268,2026-01-16,CUST-4121,Monitor Stand,Furniture,North,Priya,3,2059.75
ORD-202601-04269,2026-01-06,CUST-2627,Wireless Mouse,Electronics,North,Neha,5,829.91
ORD-202601-04270,2026-01-04,CUST-3388,Mouse Pad,Accessories,Central,Rahul,7,365.89
ORD-202601-04271,2026-01-19,CUST-1601,Office Chair,Furniture,West,Karan,1,6822.52
ORD-202601-04272,2026-01-29,CUST-3073,Mouse Pad,Accessories,West,Rahul,6,418.5
ORD-202601-04273,2026-01-02,CUST-2435,Monitor Stand,Furniture,West,Priya,6,2087.61
ORD-202601-04274,2026-01-04,CUST-4658,Laptop Stand,Accessories, West,Karan,1,1512.37
ORD-202601-04275,2026-01-12,CUST-2461,Wireless Mouse,Electronics,East,Neha,1,843.37
ORD-202601-04276,2026-01-07,CUST-0445,Office Chair,Furniture,Central,Ananya,5,6449.78
ORD-202601-04277,2026-01-04,CUST-3684,Wireless Mouse,Electronics,North,Sneha,6,737.99
ORD-202601-04278,2026-01-10,CUST-4770,Desk Organizer,Office,East,Karan,3,617.87
ORD-202601-04279,2026-01-20,CUST-4415,Desk Organizer,Office,West,Neha,5,622.16
ORD-202601-04280,2026-01-26,CUST-0504,Office Chair,Furniture,Central,Priya,7,7439.27
ORD-202601-04281,2026-01-10,CUST-4993,Mouse Pad,Accessories,South,Sneha,3,373.55
ORD-202601-04282,2026-01-22,CUST-1736,Study Table,Furniture,North,Rahul,2,5517.45
ORD-202601-04283,2026-01-26,CUST-4170,Headphones,Electronics,West,Karan,7,2579.38
ORD-202601-04284,2026-01-01,CUST-3152,USB Hub,Accessories,North,Karan,2,849.32
ORD-202601-04285,2026-01-27,CUST-4866,Keyboard,Electronics,West,Neha,4,1303.4
ORD-202601-04286,2026-01-06,CUST-1708,Desk Organizer,Office,West,Priya,4,615.59
ORD-202601-04287,2026-01-22,CUST-3040,Desk Organizer,Office,West,Neha,4,564.79
ORD-202601-04288,2026-01-24,CUST-3413,Office Chair,Furniture,South,Priya,2,6824.81
ORD-202601-04289,2026-01-27,CUST-0773,Desk Organizer,Office,North,Rahul,5,565.02
ORD-202601-04290,2026-01-13,CUST-3878,Laptop Stand,Accessories,West,Neha,5,1619.8
ORD-202601-04291,2026-01-21,CUST-0717,Wireless Mouse,Electronics,South,Vikram,2,756.94
ORD-202601-04292,2026-01-01,CUST-4143,Monitor Stand,Furniture,South,Priya,4,1847.41
ORD-202601-04293,2026-01-14,CUST-0632,Mouse Pad,Accessories,North,Karan,1,361.91
ORD-202601-04294,2026-01-30,CUST-0897,Keyboard,Electronics,South,Amit,2,1180.78
ORD-202601-04295,2026-01-05,CUST-2475,Monitor Stand,Furniture,Central,Sneha,7,1875.7
ORD-202601-04296,2026-01-05,CUST-0911,Monitor Stand,Furniture,Central,Rahul,4,2042.26
ORD-202601-04297,2026-01-22,CUST-0384,USB Hub,Accessories,South,Neha,5,812.27
ORD-202601-04298,2026-01-16,CUST-0262,Office Chair,Furniture,North,Sneha,7,6700.48
ORD-202601-04299,2026-01-15,CUST-1432,Wireless Mouse,Electronics,North,Ananya,5,728.4
ORD-202601-04300,2026-01-08,CUST-2455,Keyboard,Electronics,North,Amit,6,1273.97
ORD-202601-04301,2026-01-06,CUST-0221,Webcam,Electronics,North,Vikram,5,1727.55
ORD-202601-04302,2026-01-23,CUST-0688,Pen Set,Office,West,Vikram,4,305.43
ORD-202601-04303,2026-01-12,CUST-3059,Keyboard,Electronics,West,Sneha,5,1347.95
ORD-202601-04304,2026-01-25,CUST-1593,Wireless Mouse,Electronics,West,Vikram,3,835.97
ORD-202601-04305,2026-01-14,CUST-3789,Pen Set,Office,South,Sneha,7,282.52
ORD-202601-04306,2026-01-13,CUST-4203,Office Chair,Furniture,Central,Vikram,2,7514.83
ORD-202601-04307,2026-01-08,CUST-0152,Desk Organizer,Office,North,Priya,7,621.8
ORD-202601-04308,2026-01-21,CUST-4744,Office Chair,Furniture,South,Vikram,7,6378.4
ORD-202601-04309,2026-01-09,CUST-3419,Office Chair,Furniture,,Sneha,1,6916.09
ORD-202601-04310,2026-01-29,CUST-4111,Notebook,Office,Central,Amit,5,209.66
ORD-202601-04311,2026-01-13,CUST-2391,Mouse Pad,Accessories,East,Neha,7,383.91
ORD-202601-04312,2026-01-26,CUST-0004,Study Table,Furniture,West,Amit,5,5368.74
ORD-202601-04313,2026-01-15,CUST-4427,Laptop Stand,Accessories,West,Karan,3,1537.86
ORD-202601-04314,2026-01-13,,Keyboard,Electronics,Central,Vikram,7,1183.51
ORD-202601-04315,2026-01-15,CUST-0186,Desk Organizer,Office,South,Ananya,4,654.94
ORD-202601-04316,2026-01-14,CUST-0834,Webcam,Electronics,North,Sneha,1,1775.37
ORD-202601-04317,2026-01-15,CUST-1031,Monitor Stand,Furniture,North,Karan,2,1809.76
ORD-202601-04318,2026-01-28,CUST-1879,USB Hub,Accessories,South,Neha,5,810.06
ORD-202601-04319,2026-01-22,CUST-2212,Study Table,Furniture,South,Sneha,4,5388.53
ORD-202601-04320,2026-01-02,CUST-2140,Wireless Mouse,Electronics,East,Neha,2,860.4
ORD-202601-04321,2026-01-02,CUST-4341,Pen Set,Office,North,Sneha,6,318.12
ORD-202601-04322,2026-01-01,CUST-4715,USB Hub,Accessories,East,Sneha,1,973.09
ORD-202601-04323,2026-01-22,CUST-3394,Mouse Pad,Accessories,West,Priya,2,401.7
ORD-202601-04324,2026-01-07,CUST-3169,Webcam,Electronics,North,Karan,4,1879.53
ORD-202601-04325,2026-01-12,CUST-4321,Monitor Stand,Furniture,South,Ananya,1,1953.37
ORD-202601-04326,2026-01-26,,USB Hub,Accessories,East,Karan,3,817.45
ORD-202601-04327,2026-01-05,CUST-2791,Study Table,Furniture,North,Priya,7,5949.39
ORD-202601-04328,2026-01-05,CUST-3214,USB Hub,Accessories,West,Vikram,7,898.31
ORD-202601-04329,2026-01-03,CUST-1428,Wireless Mouse,Electronics,West,Priya,7,791.82
ORD-202601-04330,2026-01-09,CUST-4760,Study Table,Furniture,South,Sneha,3,5515.68
ORD-202601-04331,2026-01-03,CUST-1178,Headphones,Electronics,North,Karan,1,2646.02
ORD-202601-04332,2026-01-20,CUST-0296,Webcam,Electronics,East,Vikram,6,1794.35
ORD-202601-04333,2026-01-23,CUST-1617,Study Table,Furniture,Central,Priya,3,5729.85
ORD-202601-04334,2026-01-06,CUST-4080,Study Table,Furniture,South,Ananya,6,5730.8
ORD-202601-04335,2026-01-17,CUST-1873,Study Table,Furniture,Central,Neha,1,5883.44
ORD-202601-04336,2026-01-10,CUST-1085,USB Hub,Accessories,Central,Karan,5,810.66
ORD-202601-04337,2026-01-03,CUST-4362,Desk Organizer,Office,South,Amit,5,559.51
ORD-202601-04338,2026-01-15,CUST-0766,Laptop Stand,Accessories,East,Neha,7,1490.32
ORD-202601-04339,2026-01-22,CUST-0794,Desk Organizer,Office,North,Rahul,1,640.99
ORD-202601-04340,2026-01-08,CUST-4495,Mouse Pad,Accessories,East,Sneha,3,436.12
ORD-202601-04341,2026-01-25,,Wireless Mouse,Electronics,Central,Rahul,7,814.16
ORD-202601-04342,2026-01-31,CUST-0010,USB Hub,Accessories,Central,Sneha,3,-100.0
ORD-202601-04343,2026-01-02,CUST-2168,Mouse Pad,Accessories,North,Sneha,5,373.83
ORD-202601-04344,2026-01-06,CUST-3706,Webcam,Electronics,West,Vikram,2,1951.96
ORD-202601-04345,2026-01-09,CUST-3786,Laptop Stand,Accessories,North,Priya,6,1412.08
ORD-202601-04346,2026-01-27,CUST-0437,Mouse Pad,Accessories,South,Priya,2,403.24
ORD-202601-04347,2026-01-05,CUST-1407,Wireless Mouse,Electronics,Central,Amit,5,852.5
ORD-202601-04348,2026-01-15,CUST-3090,Keyboard,Electronics,West,Karan,7,1270.38
ORD-202601-04349,2026-01-17,CUST-3302,Desk Organizer,Office,South,Ananya,5,584.44
ORD-202601-04350,2026-01-05,CUST-3105,Laptop Stand,Accessories,Central,Rahul,4,-100.0
ORD-202601-04351,2026-01-02,CUST-1690,Notebook,Office,West,Ananya,2,189.21
ORD-202601-04352,2026-01-04,CUST-4314,Notebook,Office,North,Vikram,3,206.89
ORD-202601-04353,2026-01-02,CUST-0391,Notebook,Office,North,Karan,6,193.44
ORD-202601-04354,2026-01-16,CUST-4114,USB Hub,Accessories,West,Amit,2,837.56
ORD-202601-04355,2026-01-30,CUST-4700,Mouse Pad,Accessories,Central,Priya,5,367.54
ORD-202601-04356,2026-01-11,CUST-3426,Office Chair,Furniture,North,Karan,4,6432.16
ORD-202601-04357,2026-01-08,CUST-2148,Monitor Stand,Furniture,East,Rahul,3,2062.62
ORD-202601-04358,2026-01-08,CUST-1903,Webcam,Electronics,Central,Sneha,6,1941.77
ORD-202601-04359,2026-01-31,CUST-2179,Pen Set,Office,Central,Sneha,3,300.11
ORD-202601-04360,2026-01-30,CUST-0833,Monitor Stand,Furniture,west,Amit,3,1999.13
ORD-202601-04361,2026-01-21,CUST-1111,Wireless Mouse,Electronics,Central,Neha,4,743.57
ORD-202601-04362,2026-01-15,CUST-3179,Office Chair,Furniture,Central,Ananya,6,6999.85
ORD-202601-04363,2026-01-05,CUST-2751,Mouse Pad,Accessories,Central,Priya,7,363.88
ORD-202601-04364,2026-01-29,CUST-2485,Monitor Stand,Furniture,West,Karan,5,2169.26
ORD-202601-04365,2026-01-01,CUST-2375,Notebook,Office,central,,5,181.41
ORD-202601-04366,2026-01-06,CUST-0390,Office Chair,Furniture,North,Amit,6,6891.96
ORD-202601-04367,2026-01-22,CUST-4339,Headphones,Electronics,North,Vikram,2,2249.39
ORD-202601-04368,2026-01-06,CUST-4778,Keyboard,Electronics,East,Priya,2,1373.34
ORD-202601-04369,2026-01-04,CUST-1227,Monitor Stand,Furniture,West,Ananya,4,1865.53
ORD-202601-04370,2026-01-19,CUST-1573,Mouse Pad,Accessories,Central,Neha,5,432.91
ORD-202601-04371,2026-01-01,,Notebook,Office,West,Rahul,5,180.85
ORD-202601-04372,2026-01-09,CUST-0011,Headphones,Electronics,South,Karan,2,2659.33
ORD-202601-04373,2026-01-20,CUST-0511,Headphones,Electronics,Central,Priya,6,2577.29
ORD-202601-04374,2026-01-06,CUST-4509,Office Chair,Furniture,North,Neha,3,6648.68
ORD-202601-04375,2026-01-24,CUST-0863,Webcam,Electronics,North,Priya,7,1785.98
ORD-202601-04376,2026-01-03,CUST-2886,Notebook,Office,West,Priya,6,-100.0
ORD-202601-04377,2026-01-20,CUST-4412,Laptop Stand,Accessories,Central,,7,1597.46
ORD-202601-04378,2026-01-03,CUST-3666,Webcam,Electronics,East,Rahul,5,2036.47
ORD-202601-04379,2026-01-23,CUST-1360,Headphones,Electronics,North,Neha,4,2336.71
ORD-202601-04380,2026-01-24,CUST-0764,Monitor Stand,Furniture,North,Neha,2,1940.41
ORD-202601-04381,2026-01-25,CUST-3590,Monitor Stand,Furniture,Central,Priya,3,1894.05
ORD-202601-04382,2026-01-09,CUST-2024,Keyboard,Electronics,South,Amit,7,1200.96
ORD-202601-04383,2026-01-08,CUST-4838,Laptop Stand,accessories,west,Amit,3,1542.91
ORD-202601-04384,2026-01-31,CUST-3226,Notebook,Office,South,Ananya,1,192.87
ORD-202601-04385,2026-01-23,CUST-0056,Laptop Stand,Accessories,South,Sneha,2,1416.67
ORD-202601-04386,2026-01-06,CUST-1255,Desk Organizer,Office,West,Amit,5,642.85
ORD-202601-04387,2026-01-01,CUST-3723,Webcam,Electronics,West,Amit,5,1993.31
ORD-202601-04388,2026-01-11,CUST-3508,Wireless Mouse,Electronics,East,Karan,7,842.75
ORD-202601-04389,,CUST-3710,Laptop Stand,Accessories,East,Ananya,7,1360.85
ORD-202601-04390,2026-01-12,CUST-1169,Notebook,Office,East,Ananya,4,215.52
ORD-202601-04391,2026-01-26,CUST-1247,Headphones,Electronics,East,Priya,4,2536.35
ORD-202601-04392,2026-01-16,CUST-1046,Office Chair,Furniture,Central,Karan,6,7004.32
ORD-202601-04393,2026-01-31,CUST-3479,Wireless Mouse,Electronics,West,Vikram,1,720.79
ORD-202601-04394,2026-01-27,CUST-0059,Wireless Mouse,Electronics,South,Priya,5,862.55
ORD-202601-04395,2026-01-15,CUST-4072,Mouse Pad,Accessories,South,Amit,4,402.5
ORD-202601-04396,2026-01-26,CUST-1410,Mouse Pad,Accessories,West,Vikram,6,424.95
ORD-202601-04397,2026-01-14,CUST-2441,Webcam,Electronics,West,Karan,6,1958.06
ORD-202601-04398,2026-01-01,CUST-1234,Webcam,Electronics,South,Karan,5,2011.68
ORD-202601-04399,2026-01-10,CUST-2127,Wireless Mouse,Electronics,Central,Vikram,5,829.83
ORD-202601-04400,2026-01-13,CUST-3822,Pen Set,Office,East,Vikram,5,324.17
ORD-202601-04401,2026-01-31,CUST-0993,Laptop Stand,Accessories,South,Ananya,5,1416.7
ORD-202601-04402,,CUST-2849,Keyboard,Electronics,East,Priya,2,1221.61
ORD-202601-04403,2026-01-05,CUST-0287,USB Hub,Accessories,North,Rahul,2,937.21
ORD-202601-04404,2026-01-01,CUST-0890,Monitor Stand,Furniture,West,Amit,6,1999.56
ORD-202601-04405,2026-01-17,CUST-3423,Webcam,Electronics,Central,Karan,5,1936.66
ORD-202601-04406,2026-01-17,CUST-2841,Study Table,Furniture,Central,Vikram,2,5728.36
ORD-202601-04407,2026-01-23,CUST-3058,Webcam,Electronics,East,Karan,7,1917.01
ORD-202601-04408,2026-01-09,CUST-1128,Headphones,Electronics,South,Neha,7,2642.79
ORD-202601-04409,2026-01-26,CUST-1032,Webcam,Electronics,East,Sneha,5,1830.21
ORD-202601-04410,2026-01-13,CUST-2128,Laptop Stand,Accessories,North,Sneha,2,1606.63
ORD-202601-04411,2026-01-11,CUST-0646,Keyboard,Electronics,West,Vikram,7,1197.07
ORD-202601-04412,2026-01-14,CUST-4442,Notebook,Office,East,Karan,2,204.33
ORD-202601-04413,2026-01-30,CUST-1340,Laptop Stand,Accessories,North,Ananya,4,1615.96
ORD-202601-04414,2026-01-13,CUST-3597,Desk Organizer,office,East,Ananya,7,569.37
ORD-202601-04415,2026-01-18,CUST-0785,Mouse Pad,Accessories,West,Priya,4,385.18
ORD-202601-04416,2026-01-28,CUST-3256,USB Hub,Accessories,South,Sneha,2,864.02
ORD-202601-04417,2026-01-01,CUST-1020,Mouse Pad,Accessories,East,Priya,1,404.13
ORD-202601-04418,2026-01-17,CUST-1408,Headphones,Electronics,Central,Ananya,3,2455.45
ORD-202601-04419,2026-01-22,CUST-2061,Desk Organizer,Office,West,Vikram,5,552.03
ORD-202601-04420,2026-01-29,CUST-0623,Keyboard,Electronics,West,Amit,6,1400.66
ORD-202601-04421,2026-01-02,CUST-0624,Desk Organizer,Office,East,Karan,2,563.62
ORD-202601-04422,2026-01-23,CUST-3765,Monitor Stand,Furniture,East,Amit,2,2012.63
ORD-202601-04423,2026-01-25,CUST-1729,Desk Organizer,Office,East,Vikram,5,610.36
ORD-202601-04424,2026-01-11,CUST-2840,USB Hub,Accessories,East,Karan,2,816.43
ORD-202601-04425,2026-01-24,CUST-3233,Laptop Stand,Accessories,North,Priya,1,1377.79
ORD-202601-04426,2026-01-16,CUST-3114,Study Table,Furniture,North,Rahul,4,6017.76
ORD-202601-04427,2026-01-21,CUST-3138,Webcam,Electronics,Central,Vikram,4,1961.48
ORD-202601-04428,2026-01-13,CUST-4876,Mouse Pad,Accessories,East,Sneha,2,361.78
ORD-202601-04429,2026-01-06,CUST-3154,Office Chair,Furniture,East,Neha,2,7410.82
ORD-202601-04430,2026-01-26,CUST-1742,Study Table,Furniture,East,Amit,2,5508.4
ORD-202601-04431,2026-01-07,CUST-1424,Study Table,Furniture,East,Priya,3,5031.8
ORD-202601-04432,2026-01-06,CUST-4004,Keyboard,Electronics,Central,Priya,1,1345.96
ORD-202601-04433,2026-01-28,CUST-2109,Study Table,Furniture,,Karan,1,5498.29
ORD-202601-04434,2026-01-30,CUST-2795,Keyboard,Electronics,East,Karan,3,1222.34
ORD-202601-04435,2026-01-19,CUST-4075,Notebook,Office,East,Neha,1,214.03
ORD-202601-04436,2026-01-18,CUST-1177,Monitor Stand,Furniture,North,Karan,3,1915.59
ORD-202601-04437,2026-01-12,CUST-1113,Pen Set,Office,North,Sneha,5,286.12
ORD-202601-04438,2026-01-19,CUST-0265,Monitor Stand,Furniture,North,Karan,1,1908.15
ORD-202601-04439,2026-01-19,CUST-0362,Laptop Stand,Accessories,South,Amit,5,1579.18
ORD-202601-04440,2026-01-17,CUST-3081,Laptop Stand,Accessories,North,Amit,5,1560.79
ORD-202601-04441,2026-01-21,CUST-2518,Laptop Stand,Accessories,South,Ananya,5,1619.86
ORD-202601-04442,2026-01-18,CUST-1489,Laptop Stand,Accessories,Central,Neha,5,1417.86
ORD-202601-04443,2026-01-28,CUST-1058,Pen Set,Office,South,Priya,6,316.12
ORD-202601-04444,2026-01-21,CUST-3478,USB Hub,Accessories,,Ananya,1,912.13
ORD-202601-04445,2026-01-12,CUST-0427,Desk Organizer,Office,South,Rahul,2,576.08
ORD-202601-04446,2026-01-21,CUST-3504,USB Hub,Accessories,Central,Sneha,3,815.47
ORD-202601-04447,2026-01-08,CUST-4525,Laptop Stand,Accessories,west,Vikram,5,1594.62
ORD-202601-04448,2026-01-07,CUST-2278,Headphones,Electronics,Central,Priya,7,2369.59
ORD-202601-04449,2026-01-26,CUST-2474,Notebook,Office,South,Sneha,7,204.24
ORD-202601-04450,2026-01-19,CUST-2682,Study Table,Furniture,North,Vikram,5,5552.74
ORD-202601-04451,2026-01-02,CUST-0477,Study Table,Furniture,South,Rahul,3,4953.99
ORD-202601-04452,2026-01-11,CUST-3133,Webcam,Electronics,West ,Priya,3,2086.75
ORD-202601-04453,2026-01-31,CUST-1827,Mouse Pad,Accessories,West,Vikram,1,424.08
ORD-202601-04454,2026-01-20,CUST-2344,Desk Organizer,Office,West,Ananya,4,597.38
ORD-202601-04455,2026-01-27,CUST-0115,Notebook,Office,Central,Karan,4,206.18
ORD-202601-04456,2026-01-17,CUST-4387,Wireless Mouse,Electronics,South,Priya,2,795.26
ORD-202601-04457,2026-01-02,CUST-1667,Notebook,Office,East,Neha,6,208.73
ORD-202601-04458,2026-01-06,CUST-0380,Wireless Mouse,Electronics,East,Sneha,6,740.57
ORD-202601-04459,2026-01-03,CUST-3911,Keyboard,Electronics,North,Ananya,3,1285.06
ORD-202601-04460,2026-01-23,CUST-4900,Pen Set,Office,West,Amit,7,289.17
ORD-202601-04461,2026-01-24,CUST-2600,Keyboard,Electronics,North,,1,1288.52
ORD-202601-04462,2026-01-15,CUST-0168,Laptop Stand,Accessories,Central,Ananya,7,1484.15
ORD-202601-04463,2026-01-23,CUST-4959,Notebook,Office,North,Neha,6,184.8
ORD-202601-04464,2026-01-18,CUST-1041,Pen Set,Office,North,Karan,2,327.49
ORD-202601-04465,2026-01-23,CUST-1203,USB Hub,Accessories,North ,Ananya,5,811.89
ORD-202601-04466,2026-01-21,CUST-3542,Keyboard,Electronics,Central,Rahul,3,1171.72
ORD-202601-04467,2026-01-15,CUST-1660,Office Chair,Furniture,Central,Karan,6,6821.84
ORD-202601-04468,2026-01-21,CUST-0425,Monitor Stand,Furniture,Central,Rahul,2,2047.13
ORD-202601-04469,,CUST-3414,Study Table,Furniture,Central,Priya,2,5146.68
ORD-202601-04470,2026-01-24,CUST-1311,Desk Organizer,Office,Central,Vikram,3,602.98
ORD-202601-04471,2026-01-29,CUST-4309,USB Hub,Accessories,East,Amit,2,939.05
ORD-202601-04472,2026-01-07,CUST-0770,Study Table,Furniture,North,Ananya,3,5052.55
ORD-202601-04473,2026-01-21,CUST-4532,Mouse Pad,Accessories,East,Vikram,5,437.66
ORD-202601-04474,2026-01-04,CUST-3618,Keyboard,Electronics,South,Ananya,5,1256.57
ORD-202601-04475,2026-01-12,CUST-1198,Study Table,Furniture,South,Priya,4,5655.63
ORD-202601-04476,2026-01-21,CUST-2895,Laptop Stand,Accessories,West,Vikram,2,1382.29
ORD-202601-04477,,CUST-4692,Monitor Stand,Furniture,North,Neha,2,2082.75
ORD-202601-04478,2026-01-08,CUST-0323,Laptop Stand,Accessories,South,Priya,7,1601.07
ORD-202601-04479,2026-01-12,CUST-4100,Study Table,Furniture,South,Neha,2,5064.89
ORD-202601-04480,2026-01-04,CUST-2301,Mouse Pad,Accessories,North,Sneha,1,369.14
ORD-202601-04481,2026-01-20,CUST-4746,Mouse Pad,Accessories,West ,Karan,4,381.53
ORD-202601-04482,2026-01-05,CUST-1043,Webcam,Electronics,West,Priya,1,1713.63
ORD-202601-04483,2026-01-11,CUST-3598,Office Chair,Furniture,East,Karan,3,7679.37
ORD-202601-04484,2026-01-10,CUST-4839,Wireless Mouse,Electronics,North,Vikram,6,814.72
ORD-202601-04485,2026-01-31,CUST-1720,Mouse Pad,Accessories,West,Amit,2,407.59
ORD-202601-04486,,CUST-0540,Laptop Stand,Accessories,East,Sneha,5,1636.6
ORD-202601-04487,2026-01-03,CUST-1961,Notebook,Office,South,Vikram,4,212.21
ORD-202601-04488,2026-01-05,CUST-2991,Webcam,Electronics,,Sneha,3,2018.35
ORD-202601-04489,2026-01-23,CUST-3151,Pen Set,Office,Central,Amit,5,289.4
ORD-202601-04490,2026-01-10,CUST-2410,USB Hub,Accessories,East,Priya,5,869.31
ORD-202601-04491,2026-01-20,CUST-4664,Headphones,Electronics,,Sneha,3,2394.91
ORD-202601-04492,2026-01-29,CUST-2891,Headphones,Electronics,Central,Priya,2,2422.38
ORD-202601-04493,2026-01-06,CUST-3204,Desk Organizer,Office,North,Vikram,7,583.37
ORD-202601-04494,2026-01-30,CUST-4783,Webcam,Electronics,East,Vikram,2,1762.27
ORD-202601-04495,2026-01-02,CUST-4697,Webcam,Electronics,East,Sneha,7,1844.29
ORD-202601-04496,2026-01-08,CUST-1707,Pen Set,Office,South,Rahul,4,295.82
ORD-202601-04497,2026-01-16,CUST-1431,Laptop Stand,Accessories,South,Karan,7,1441.84
ORD-202601-04498,2026-01-28,CUST-3744,USB Hub,Accessories,North,Ananya,3,838.83
ORD-202601-04499,2026-01-18,CUST-2626,Webcam,Electronics,South,Ananya,4,1850.92
ORD-202601-04500,2026-01-05,CUST-2238,Laptop Stand,Accessories,South,Vikram,5,1493.28
ORD-202601-04501,2026-01-08,CUST-3492,Desk Organizer,Office,Central,Amit,3,625.44
ORD-202601-04502,2026-01-24,CUST-3304,Mouse Pad,Accessories,South,Rahul,2,415.86
ORD-202601-04503,2026-01-18,CUST-4569,Monitor Stand,Furniture,North,Vikram,4,1880.14
ORD-202601-04504,2026-01-01,CUST-1829,Office Chair,Furniture,Central,Neha,5,6350.41
ORD-202601-04505,2026-01-16,CUST-3771,Wireless Mouse,Electronics,South,Priya,2,767.65
ORD-202601-04506,2026-01-13,CUST-1136,Laptop Stand,accessories,Central,Ananya,6,1396.21
ORD-202601-04507,2026-01-01,CUST-4686,Webcam,Electronics,North,Neha,5,1859.42
ORD-202601-04508,2026-01-08,CUST-0419,Notebook,Office,North,Karan,2,218.08
ORD-202601-04509,2026-01-29,CUST-3752,Webcam,Electronics,Central,Vikram,7,1777.87
ORD-202601-04510,2026-01-22,CUST-0509,Monitor Stand,Furniture,North,Rahul,1,1926.59
ORD-202601-04511,2026-01-03,CUST-4401,Webcam,Electronics,North,Amit,5,1984.5
ORD-202601-04512,2026-01-01,CUST-4798,Mouse Pad,Accessories,West,Amit,4,399.73
ORD-202601-04513,2026-01-11,CUST-4090,Keyboard,Electronics,South,Vikram,5,1180.51
ORD-202601-04514,2026-01-15,CUST-3943,Study Table,Furniture,East,Rahul,6,5126.93
ORD-202601-04515,2026-01-15,CUST-2391,Study Table,Furniture,East,Ananya,5,5977.69
ORD-202601-04516,2026-01-22,CUST-1225,Office Chair,Furniture,South,Ananya,5,6443.51
ORD-202601-04517,2026-01-06,CUST-4929,Laptop Stand,Accessories,East,Rahul,6,1539.5
ORD-202601-04518,2026-01-02,CUST-2646,Wireless Mouse,Electronics,South,Karan,5,845.71
ORD-202601-04519,2026-01-21,CUST-4083,Desk Organizer,Office,South,Vikram,6,570.9
ORD-202601-04520,2026-01-28,CUST-3572,USB Hub,Accessories,South,Sneha,3,939.47
ORD-202601-04521,2026-01-06,CUST-3506,Monitor Stand,Furniture,North,Sneha,2,1867.02
ORD-202601-04522,2026-01-12,CUST-1763,Desk Organizer,Office,East,Sneha,2,573.21
ORD-202601-04523,2026-01-20,CUST-2135,Notebook,Office,East,Priya,5,191.51
ORD-202601-04524,2026-01-06,CUST-2200,Monitor Stand,Furniture,North,Vikram,4,2197.47
ORD-202601-04525,2026-01-27,CUST-3013,Office Chair,Furniture,East,Amit,1,6599.46
ORD-202601-04526,2026-01-07,CUST-3592,USB Hub,Accessories,West,Sneha,2,832.33
ORD-202601-04527,2026-01-17,CUST-0994,Wireless Mouse,Electronics,North,Ananya,7,867.03
ORD-202601-04528,2026-01-11,CUST-1138,Keyboard,Electronics,South,Rahul,6,1211.17
ORD-202601-04529,2026-01-21,CUST-0242,USB Hub,Accessories,Central,Vikram,6,967.19
ORD-202601-04530,2026-01-07,CUST-2632,Notebook,Office,East,Vikram,2,204.99
ORD-202601-04531,2026-01-04,CUST-3345,Wireless Mouse,Electronics,North,Vikram,1,811.28
ORD-202601-04532,2026-01-16,CUST-1051,Keyboard,Electronics,East,Vikram,3,1364.3
ORD-202601-04533,2026-01-27,CUST-3560,Desk Organizer,Office,East,Sneha,6,626.07
ORD-202601-04534,2026-01-20,CUST-0016,Desk Organizer,Office,South,Karan,4,552.34
ORD-202601-04535,2026-01-24,CUST-4333,Wireless Mouse,Electronics,North,Neha,6,878.81
ORD-202601-04536,2026-01-14,CUST-3452,Mouse Pad,Accessories,Central,Karan,4,434.26
ORD-202601-04537,2026-01-05,CUST-3417,Keyboard,Electronics,,,4,1402.03
ORD-202601-04538,2026-01-14,CUST-3537,Desk Organizer,Office,West,Rahul,5,613.65
ORD-202601-04539,2026-01-31,CUST-1794,Office Chair,Furniture,North,Amit,7,7030.9
ORD-202601-04540,2026-01-25,CUST-4979,Study Table,Furniture,Central,Sneha,4,5538.9
ORD-202601-04541,2026-01-22,CUST-3733,Notebook,Office,East,Amit,5,179.69
ORD-202601-04542,2026-01-10,CUST-0906,Pen Set,Office,East,Sneha,7,298.97
ORD-202601-04543,2026-01-19,CUST-4613,Monitor Stand,Furniture,Central,Karan,3,2048.48
ORD-202601-04544,2026-01-20,CUST-3698,Notebook,Office,East,Sneha,6,205.32
ORD-202601-04545,2026-01-21,CUST-1555,USB Hub,Accessories,South,Karan,4,868.82
ORD-202601-04546,2026-01-28,CUST-4740,Desk Organizer,Office,South,Neha,7,595.56
ORD-202601-04547,2026-01-22,CUST-1242,Notebook,Office,Central,Karan,4,204.43
ORD-202601-04548,2026-01-07,CUST-3223,Office Chair,Furniture,East,Sneha,5,6898.64
ORD-202601-04549,2026-01-07,CUST-3351,Mouse Pad,Accessories,,Sneha,3,435.88
ORD-202601-04550,2026-01-20,CUST-4816,Study Table,Furniture,East,Karan,5,5724.95
ORD-202601-04551,2026-01-27,,Wireless Mouse,Electronics,South,Karan,3,719.3
ORD-202601-04552,2026-01-30,CUST-4973,Wireless Mouse,Electronics,East,Ananya,5,722.82
ORD-202601-04553,2026-01-19,CUST-1422,Keyboard,Electronics,Central,Sneha,6,1348.44
ORD-202601-04554,2026-01-17,CUST-4009,Notebook,Office,North,Neha,4,195.52
ORD-202601-04555,2026-01-26,CUST-1227,Desk Organizer,Office,Central,Vikram,4,639.67
ORD-202601-04556,2026-01-31,CUST-4997,Headphones,Electronics,South,Karan,3,2335.57
ORD-202601-04557,2026-01-01,CUST-3819,Headphones,Electronics,South,Rahul,6,2256.01
ORD-202601-04558,2026-01-10,CUST-3130,Study Table,Furniture,North,Karan,5,5375.91
ORD-202601-04559,2026-01-11,CUST-0332,Desk Organizer,Office,West,Amit,4,627.28
ORD-202601-04560,2026-01-18,CUST-2486,Pen Set,Office,South,Vikram,1,327.21
ORD-202601-04561,2026-01-10,CUST-0721,Mouse Pad,Accessories,East,Amit,1,429.62
ORD-202601-04562,2026-01-10,CUST-4589,USB Hub,Accessories,East,Sneha,1,896.14
ORD-202601-04563,2026-01-01,CUST-1896,Wireless Mouse,Electronics,West,Karan,6,848.99
ORD-202601-04564,2026-01-01,CUST-4155,Headphones,Electronics ,central,Priya,6,2284.25
ORD-202601-04565,2026-01-14,CUST-4531,Study Table,Furniture,East,Priya,1,5578.49
ORD-202601-04566,2026-01-31,CUST-0551,Laptop Stand,Accessories,North,Ananya,1,1626.2
ORD-202601-04567,2026-01-10,CUST-3797,Desk Organizer,Office,West,Sneha,6,586.59
ORD-202601-04568,2026-01-08,CUST-1514,Desk Organizer,Office,North,Rahul,4,654.12
ORD-202601-04569,2026-01-09,CUST-0544,Laptop Stand,Accessories,Central,Sneha,3,1415.26
ORD-202601-04570,2026-01-31,CUST-1304,Headphones,Electronics,South,Neha,5,2301.9
ORD-202601-04571,2026-01-21,CUST-2750,Pen Set,Office,West,Neha,2,300.48
ORD-202601-04572,2026-01-21,CUST-4277,Keyboard,Electronics,North,Rahul,2,1404.8
ORD-202601-04573,2026-01-06,CUST-3459,Mouse Pad,Accessories,East,Rahul,3,383.94
ORD-202601-04574,2026-01-29,CUST-1167,Study Table,Furniture,West,Rahul,7,5829.12
ORD-202601-04575,2026-01-07,CUST-1480,Desk Organizer,Office,West,Priya,6,559.37
ORD-202601-04576,2026-01-30,CUST-1521,Desk Organizer,Office,North,Neha,2,628.42
ORD-202601-04577,2026-01-30,CUST-3681,Keyboard,Electronics,North,Rahul,4,1313.82
ORD-202601-04578,2026-01-18,CUST-2594,Headphones,Electronics,Central,Amit,7,2336.57
ORD-202601-04579,2026-01-27,CUST-0120,Webcam,Electronics,East,Rahul,7,1981.83
ORD-202601-04580,2026-01-31,CUST-0381,Webcam,Electronics,Central,Amit,6,1980.18
ORD-202601-04581,2026-01-18,CUST-0379,Headphones,Electronics,North,Priya,1,2506.71
ORD-202601-04582,2026-01-24,CUST-4807,Monitor Stand,Furniture,East,Ananya,2,1889.24
ORD-202601-04583,2026-01-19,CUST-2524,Headphones,Electronics,East,Amit,2,2315.22
ORD-202601-04584,2026-01-17,CUST-2456,Desk Organizer,Office,Central,Rahul,2,653.78
ORD-202601-04585,2026-01-11,CUST-3806,Notebook, Office,West,Ananya,2,205.2
ORD-202601-04586,2026-01-21,CUST-0953,Notebook,Office,West,Amit,3,211.31
ORD-202601-04587,2026-01-09,CUST-0158,Headphones,Electronics,South,Ananya,4,2597.45
ORD-202601-04588,2026-01-07,CUST-1355,Webcam,Electronics,Central,Amit,3,2024.13
ORD-202601-04589,2026-01-09,CUST-1043,Notebook,Office,South,Amit,3,185.57
ORD-202601-04590,2026-01-01,CUST-3991,Webcam,Electronics,South,Priya,2,1897.84
ORD-202601-04591,2026-01-29,CUST-4092,Desk Organizer,Office,West,Karan,2,619.02
ORD-202601-04592,2026-01-08,CUST-3171,Wireless Mouse,Electronics,Central,Amit,7,735.62
ORD-202601-04593,2026-01-25,CUST-4550,Wireless Mouse,Electronics,Central,Amit,5,743.06
ORD-202601-04594,2026-01-14,CUST-2324,Desk Organizer,Office,North ,Sneha,2,615.05
ORD-202601-04595,2026-01-11,CUST-1203,Pen Set,Office,Central,Vikram,6,321.05
ORD-202601-04596,2026-01-08,CUST-1659,Wireless Mouse,Electronics,South,Vikram,6,824.63
ORD-202601-04597,2026-01-26,CUST-0709,Study Table,Furniture,South,Amit,7,4988.92
ORD-202601-04598,2026-01-16,CUST-4504,Wireless Mouse,Electronics,Central,Neha,2,874.18
ORD-202601-04599,2026-01-14,CUST-3021,Monitor Stand,Furniture,Central,Vikram,5,1854.87
ORD-202601-04600,2026-01-21,CUST-3863,Desk Organizer,Office,South,Vikram,7,566.96
ORD-202601-04601,2026-01-25,CUST-1408,Monitor Stand,Furniture,North,Vikram,6,2188.89
ORD-202601-04602,2026-01-21,CUST-3591,Monitor Stand,furniture,South,Amit,2,2107.36
ORD-202601-04603,2026-01-15,CUST-1653,Laptop Stand,Accessories,East,Sneha,7,1629.89
ORD-202601-04604,2026-01-28,CUST-2231,Desk Organizer,Office,North,Ananya,3,635.73
ORD-202601-04605,2026-01-28,CUST-3260,Headphones,Electronics,South,Priya,4,2574.84
ORD-202601-04606,2026-01-30,CUST-4906,Mouse Pad,Accessories,North,Sneha,4,381.81
ORD-202601-04607,2026-01-03,,Webcam,Electronics,Central,Rahul,6,1833.25
ORD-202601-04608,2026-01-28,CUST-3551,Mouse Pad,Accessories,South,Priya,1,434.69
ORD-202601-04609,2026-01-06,CUST-2974,Study Table,Furniture,South,Sneha,4,5895.62
ORD-202601-04610,2026-01-20,CUST-2119,USB Hub,Accessories,East,Priya,6,873.74
ORD-202601-04611,2026-01-21,CUST-4663,Keyboard,Electronics,North,Amit,4,1266.07
ORD-202601-04612,2026-01-07,CUST-4803,Laptop Stand,Accessories,East,Ananya,2,1438.35
ORD-202601-04613,2026-01-01,CUST-1553,Office Chair,Furniture,Central,Rahul,1,6755.62
ORD-202601-04614,2026-01-30,CUST-4479,Mouse Pad,Accessories,Central,Priya,4,427.78
ORD-202601-04615,2026-01-28,CUST-2257,Notebook,Office,South,Amit,5,179.52
ORD-202601-04616,2026-01-06,CUST-3700,USB Hub,Accessories,North,Priya,4,887.5
ORD-202601-04617,2026-01-19,CUST-2586,Webcam,Electronics,West,Sneha,7,2067.19
ORD-202601-04618,2026-01-05,CUST-3835,Notebook,Office,Central,Ananya,5,200.7
ORD-202601-04619,2026-01-18,CUST-4358,Pen Set,Office,Central,Karan,4,296.04
ORD-202601-04620,2026-01-10,CUST-2119,Study Table,Furniture,East,Vikram,1,5292.64
ORD-202601-04621,2026-01-24,CUST-3504,Pen Set,Office,East,Vikram,4,273.52
ORD-202601-04622,2026-01-18,CUST-2537,Monitor Stand,Furniture,West,Priya,2,1888.85
ORD-202601-04623,2026-01-16,CUST-3996,Office Chair,Furniture,West,Sneha,6,6425.72
ORD-202601-04624,2026-01-22,CUST-0958,Keyboard,Electronics,West,Karan,2,1202.02
ORD-202601-04625,2026-01-15,CUST-3646,USB Hub,Accessories,South,Vikram,7,838.5
ORD-202601-04626,2026-01-01,CUST-2977,USB Hub,Accessories,Central,Amit,3,863.4
ORD-202601-04627,2026-01-19,CUST-2258,Wireless Mouse,Electronics,North,Karan,4,720.86
ORD-202601-04628,2026-01-25,CUST-1850,Headphones,Electronics,North,Rahul,2,2723.98
ORD-202601-04629,2026-01-16,CUST-3509,Desk Organizer,Office,West,Priya,2,553.93
ORD-202601-04630,2026-01-06,CUST-1738,Laptop Stand,Accessories,East,Ananya,7,1463.97
ORD-202601-04631,2026-01-01,CUST-0165,Keyboard,Electronics,East,Karan,2,1397.6
ORD-202601-04632,2026-01-10,CUST-4742,Webcam,Electronics,Central,Vikram,4,1749.57
ORD-202601-04633,2026-01-24,CUST-2240,Webcam,Electronics,Central,Amit,7,1892.77
ORD-202601-04634,2026-01-10,CUST-0824,Headphones,Electronics,West,Vikram,5,2671.32
ORD-202601-04635,2026-01-30,CUST-1129,Keyboard,Electronics,North,Sneha,1,1313.8
ORD-202601-04636,2026-01-11,CUST-4150,Desk Organizer,Office,North,Ananya,3,564.3
ORD-202601-04637,2026-01-14,CUST-1659,Office Chair,Furniture,North,Rahul,3,7328.67
ORD-202601-04638,2026-01-24,CUST-1408,Mouse Pad,Accessories,West,Ananya,2,413.47
ORD-202601-04639,2026-01-20,CUST-2437,Pen Set,Office,West,Priya,2,290.76
ORD-202601-04640,2026-01-02,CUST-0144,Study Table,Furniture,West,Karan,4,5000.02
ORD-202601-04641,2026-01-03,CUST-2802,Office Chair,Furniture,North,Karan,3,6310.11
ORD-202601-04642,2026-01-07,CUST-0203,Wireless Mouse,Electronics,South,Vikram,3,851.0
ORD-202601-04643,2026-01-28,CUST-4179,Monitor Stand,Furniture,South,Priya,3,1927.66
ORD-202601-04644,2026-01-01,CUST-2146,Wireless Mouse,Electronics,West,Neha,3,741.12
ORD-202601-04645,2026-01-03,CUST-1092,Wireless Mouse,Electronics,North,Amit,2,801.96
ORD-202601-04646,2026-01-25,CUST-2273,USB Hub,Accessories,Central,Karan,4,974.67
ORD-202601-04647,2026-01-20,CUST-0878,Desk Organizer,Office,North,Ananya,7,540.12
ORD-202601-04648,2026-01-31,CUST-1602,Keyboard,Electronics,East,Rahul,4,1183.69
ORD-202601-04649,2026-01-07,CUST-0654,Webcam,Electronics,Central,Karan,5,1867.49
ORD-202601-04650,2026-01-21,CUST-3344,Webcam,Electronics,,Karan,7,1965.83
ORD-202601-04651,2026-01-05,CUST-4881,USB Hub,Accessories,West,Sneha,5,894.7
ORD-202601-04652,2026-01-19,CUST-2427,Monitor Stand,Furniture,East,Rahul,2,2157.94
ORD-202601-04653,2026-01-04,CUST-0493,Laptop Stand,Accessories,Central,Priya,3,1362.32
ORD-202601-04654,2026-01-29,CUST-0371,Headphones,Electronics,East,Neha,4,2419.1
ORD-202601-04655,2026-01-13,CUST-4161,Keyboard,Electronics,,Rahul,4,1260.38
ORD-202601-04656,2026-01-08,CUST-1741,Headphones,Electronics,East,Ananya,2,2419.1
ORD-202601-04657,2026-01-31,CUST-1481,Keyboard,Electronics,North,,1,1295.8
ORD-202601-04658,2026-01-03,CUST-0510,Notebook,Office,West,Ananya,3,210.56
ORD-202601-04659,2026-01-25,CUST-3319,USB Hub,Accessories,Central,Priya,7,866.26
ORD-202601-04660,2026-01-16,CUST-0315,Mouse Pad,Accessories,East,Amit,6,418.51
ORD-202601-04661,2026-01-22,CUST-4521,Office Chair,Furniture,Central,Sneha,6,-100.0
ORD-202601-04662,2026-01-09,CUST-1042,Notebook,Office,Central,Neha,2,201.42
ORD-202601-04663,2026-01-28,CUST-0346,Headphones,Electronics ,West,Priya,3,2436.57
ORD-202601-04664,2026-01-14,CUST-3503,Laptop Stand,Accessories,West,,5,1510.76
ORD-202601-04665,2026-01-13,CUST-1771,Laptop Stand, Accessories, East,Priya,4,1381.4
ORD-202601-04666,2026-01-15,CUST-3481,Office Chair,Furniture,Central,Sneha,3,7633.76
ORD-202601-04667,2026-01-10,CUST-0199,Webcam,Electronics,South,Neha,3,2053.28
ORD-202601-04668,2026-01-10,CUST-4307,Keyboard,Electronics,East,Neha,1,1383.8
ORD-202601-04669,2026-01-05,CUST-1549,Desk Organizer,Office,North,Rahul,7,646.06
ORD-202601-04670,2026-01-16,CUST-3783,USB Hub,Accessories,North,Amit,7,835.47
ORD-202601-04671,2026-01-15,CUST-4679,Keyboard,Electronics,East,,1,1299.97
ORD-202601-04672,2026-01-12,CUST-2678,Pen Set,Office,West,Rahul,3,288.11
ORD-202601-04673,2026-01-31,CUST-1671,Headphones,Electronics,North,Neha,4,2692.62
ORD-202601-04674,2026-01-04,CUST-1564,Study Table,Furniture,North,Neha,6,5157.44
ORD-202601-04675,2026-01-29,CUST-3432,Office Chair,Furniture,North,Ananya,7,6606.98
ORD-202601-04676,2026-01-27,CUST-0030,Laptop Stand,Accessories,East,Amit,3,1554.98
ORD-202601-04677,2026-01-01,CUST-0735,Notebook,Office,South,Rahul,6,182.64
ORD-202601-04678,2026-01-22,CUST-3236,Notebook,Office,North,Karan,7,208.25
ORD-202601-04679,2026-01-07,CUST-0129,Pen Set,Office,West,Sneha,6,285.13
ORD-202601-04680,2026-01-02,CUST-1449,Wireless Mouse,Electronics,East,Vikram,3,824.72
ORD-202601-04681,2026-01-27,CUST-3239,Laptop Stand,Accessories,North,Rahul,6,1610.84
ORD-202601-04682,2026-01-04,CUST-1251,Headphones,Electronics,West,Neha,3,2553.78
ORD-202601-04683,2026-01-10,CUST-4654,Desk Organizer,Office,Central,Karan,1,564.58
ORD-202601-04684,2026-01-03,CUST-4875,Wireless Mouse,Electronics,East,Neha,6,726.96
ORD-202601-04685,2026-01-05,CUST-0168,Mouse Pad,Accessories,Central,Sneha,6,362.66
ORD-202601-04686,2026-01-02,CUST-0872,Desk Organizer,Office,East,Amit,3,549.74
ORD-202601-04687,2026-01-27,CUST-4538,Monitor Stand,Furniture,North,Vikram,4,2030.91
ORD-202601-04688,2026-01-02,CUST-0163,Webcam,Electronics,North,Vikram,3,1841.35
ORD-202601-04689,2026-01-24,CUST-2434,Wireless Mouse,Electronics,North,Neha,1,757.95
ORD-202601-04690,2026-01-05,CUST-4747,Desk Organizer,Office,South,Neha,7,565.37
ORD-202601-04691,,CUST-2943,Wireless Mouse,Electronics,South,Priya,1,870.68
ORD-202601-04692,2026-01-27,CUST-1531,Wireless Mouse,electronics,East,Rahul,4,738.09
ORD-202601-04693,2026-01-20,CUST-0032,Monitor Stand,Furniture,East,Rahul,1,1920.96
ORD-202601-04694,2026-01-26,CUST-1968,Study Table,Furniture,Central,Ananya,5,5467.63
ORD-202601-04695,2026-01-10,CUST-2710,Desk Organizer,Office,North,Vikram,7,539.15
ORD-202601-04696,2026-01-25,CUST-0405,Office Chair,Furniture ,Central,Neha,5,7588.25
ORD-202601-04697,2026-01-07,CUST-2642,Wireless Mouse,Electronics,South,Vikram,5,734.94
ORD-202601-04698,2026-01-20,CUST-2021,Keyboard,Electronics,Central,Vikram,6,1346.41
ORD-202601-04699,2026-01-29,CUST-1630,Webcam,electronics,North,Amit,7,1947.94
ORD-202601-04700,2026-01-23,CUST-4862,Wireless Mouse,Electronics,North,Sneha,7,848.39
ORD-202601-04701,2026-01-09,CUST-4469,Study Table,Furniture,North,Sneha,2,5665.5
ORD-202601-04702,2026-01-23,CUST-3471,Wireless Mouse,Electronics,South,Rahul,4,842.05
ORD-202601-04703,2026-01-28,CUST-2955,Notebook,Office,Central,Karan,6,195.87
ORD-202601-04704,2026-01-28,CUST-2370,Study Table,Furniture,East,Neha,3,5486.58
ORD-202601-04705,2026-01-23,CUST-0352,Desk Organizer,Office,North,Amit,5,623.16
ORD-202601-04706,2026-01-23,CUST-1538,Webcam,Electronics,West,Karan,1,1924.99
ORD-202601-04707,2026-01-25,CUST-0053,Mouse Pad,accessories,East,Rahul,7,399.92
ORD-202601-04708,2026-01-23,CUST-1831,Notebook,Office,West,Rahul,5,187.28
ORD-202601-04709,2026-01-05,CUST-2369,Desk Organizer,Office,West,Vikram,6,570.02
ORD-202601-04710,2026-01-25,CUST-3057,USB Hub,Accessories,West,Neha,6,873.56
ORD-202601-04711,2026-01-06,CUST-1775,Webcam,Electronics,North,Rahul,2,1712.63
ORD-202601-04712,2026-01-18,CUST-1273,Office Chair,Furniture,East,Karan,4,6883.33
ORD-202601-04713,2026-01-11,CUST-3551,Study Table,Furniture,West,Rahul,7,4952.14
ORD-202601-04714,2026-01-07,CUST-0760,Mouse Pad,Accessories,East,Vikram,2,404.19
ORD-202601-04715,2026-01-09,CUST-0628,Wireless Mouse,Electronics,Central,Ananya,6,831.6
ORD-202601-04716,2026-01-03,CUST-3482,Mouse Pad,Accessories,Central,Sneha,3,403.96
ORD-202601-04717,2026-01-14,CUST-2930,Study Table,Furniture,Central,Neha,5,5711.83
ORD-202601-04718,2026-01-13,CUST-4348,Monitor Stand,Furniture,South,Neha,4,1799.11
ORD-202601-04719,2026-01-13,CUST-3695,USB Hub,Accessories,,Sneha,5,819.79
ORD-202601-04720,2026-01-03,CUST-4508,Keyboard,Electronics,Central,Neha,6,1350.56
ORD-202601-04721,2026-01-19,CUST-3322,Notebook,Office,South,Rahul,3,211.06
ORD-202601-04722,2026-01-06,,Office Chair,Furniture,West,Amit,2,7303.74
ORD-202601-04723,2026-01-27,CUST-0846,Monitor Stand,Furniture,South,Rahul,3,2064.17
ORD-202601-04724,2026-01-01,CUST-2653,Wireless Mouse,Electronics,North,Priya,5,832.14
ORD-202601-04725,2026-01-02,CUST-4723,Webcam,Electronics,South,Rahul,6,1990.0
ORD-202601-04726,2026-01-10,CUST-3945,Mouse Pad,Accessories,Central,Vikram,6,416.91
ORD-202601-04727,2026-01-13,CUST-2016,Keyboard,Electronics,Central,Vikram,3,1360.83
ORD-202601-04728,2026-01-31,CUST-4632,Study Table,Furniture,Central,Priya,7,5030.51
ORD-202601-04729,2026-01-17,CUST-1563,Keyboard,Electronics,South,Neha,1,1185.54
ORD-202601-04730,2026-01-12,CUST-0117,Pen Set,Office,West,Neha,1,290.69
ORD-202601-04731,2026-01-26,CUST-3983,Study Table,Furniture,South,Amit,1,5529.35
ORD-202601-04732,2026-01-08,CUST-2061,Pen Set,Office,North,Rahul,7,314.7
ORD-202601-04733,2026-01-28,CUST-0172,Desk Organizer,Office,South,Ananya,2,579.2
ORD-202601-04734,2026-01-13,CUST-1021,Webcam,Electronics,North,Amit,5,1813.59
ORD-202601-04735,2026-01-10,CUST-0360,Office Chair,Furniture,West,Rahul,6,7392.97
ORD-202601-04736,2026-01-10,CUST-4984,USB Hub,Accessories,West,Neha,6,853.93
ORD-202601-04737,2026-01-01,CUST-4239,Wireless Mouse,Electronics,North,Priya,7,850.27
ORD-202601-04738,,CUST-4648,Laptop Stand,Accessories,North,Ananya,1,1402.2
ORD-202601-04739,2026-01-18,CUST-0911,Laptop Stand,Accessories,East,Ananya,3,1456.87
ORD-202601-04740,2026-01-20,CUST-4011,Mouse Pad,Accessories,North,Rahul,4,391.11
ORD-202601-04741,2026-01-21,CUST-2819,Webcam,Electronics,Central,,5,1822.85
ORD-202601-04742,2026-01-01,CUST-1480,Mouse Pad,Accessories,East,Karan,5,359.37
ORD-202601-04743,2026-01-28,CUST-3345,USB Hub,Accessories,East,,4,851.44
ORD-202601-04744,2026-01-16,CUST-4761,Laptop Stand,Accessories,North,Priya,3,1450.33
ORD-202601-04745,2026-01-22,CUST-2303,Desk Organizer,Office,West,Amit,1,576.67
ORD-202601-04746,2026-01-02,CUST-0147,Webcam,Electronics,West,Amit,4,2007.45
ORD-202601-04747,2026-01-24,CUST-4213,Desk Organizer,Office,West,Karan,2,544.77
ORD-202601-04748,2026-01-21,CUST-0941,Webcam,Electronics,East,Sneha,4,1856.82
ORD-202601-04749,2026-01-12,CUST-0913,Study Table,Furniture,South,Vikram,6,4990.36
ORD-202601-04750,2026-01-30,CUST-3085,Laptop Stand,Accessories,North,Sneha,4,1628.11
ORD-202601-04751,2026-01-21,CUST-3995,Wireless Mouse,Electronics,South,Ananya,5,845.38
ORD-202601-04752,2026-01-29,CUST-3966,Keyboard,Electronics,East,Neha,1,1424.27
ORD-202601-04753,2026-01-26,CUST-4340,Office Chair,Furniture,North,Ananya,5,7573.14
ORD-202601-04754,2026-01-07,CUST-4419,Study Table,Furniture,North,Neha,4,5296.43
ORD-202601-04755,2026-01-31,CUST-0642,Headphones,Electronics,South,Sneha,1,2594.75
ORD-202601-04756,2026-01-24,CUST-1503,Notebook,Office,North,Karan,2,191.3
ORD-202601-04757,2026-01-06,CUST-3601,Notebook,Office,North,Karan,6,214.45
ORD-202601-04758,2026-01-25,CUST-1955,Keyboard,Electronics,East,Vikram,7,1275.81
ORD-202601-04759,,CUST-3580,USB Hub,Accessories,West,Vikram,4,876.68
ORD-202601-04760,2026-01-27,CUST-2275,Desk Organizer,Office,East,Amit,7,648.61
ORD-202601-04761,2026-01-06,CUST-2258,Monitor Stand,Furniture,North,Ananya,2,2133.63
ORD-202601-04762,2026-01-09,CUST-0135,Study Table,Furniture,South,,3,6011.96
ORD-202601-04763,2026-01-11,CUST-3042,Keyboard,Electronics,North,Vikram,7,1186.37
ORD-202601-04764,2026-01-14,CUST-4320,Webcam,Electronics,West,Priya,2,1801.52
ORD-202601-04765,2026-01-20,CUST-4094,USB Hub,Accessories,South,Neha,5,863.19
ORD-202601-04766,2026-01-07,CUST-1690,Keyboard,Electronics,South,Karan,2,1279.35
ORD-202601-04767,2026-01-22,CUST-3384,Notebook,Office,Central,Rahul,3,197.93
ORD-202601-04768,2026-01-01,CUST-0997,Wireless Mouse,Electronics,East,Vikram,4,765.68
ORD-202601-04769,2026-01-11,CUST-3168,Keyboard,Electronics,West,Rahul,3,1374.46
ORD-202601-04770,2026-01-21,CUST-2046,Wireless Mouse,Electronics,South,Rahul,7,754.77
ORD-202601-04771,2026-01-09,CUST-4634,Webcam,Electronics,Central,Priya,7,1973.64
ORD-202601-04772,2026-01-14,CUST-3553,Desk Organizer,Office,West,Priya,4,641.14
ORD-202601-04773,2026-01-19,CUST-0367,Headphones,Electronics,East,Rahul,4,2550.83
ORD-202601-04774,2026-01-08,CUST-4355,Monitor Stand,Furniture,East,Amit,1,1940.69
ORD-202601-04775,2026-01-30,CUST-3621,Webcam,Electronics,West,Sneha,2,1780.46
ORD-202601-04776,2026-01-27,CUST-1077,Wireless Mouse,Electronics,North,Ananya,1,740.57
ORD-202601-04777,2026-01-31,CUST-1413,Laptop Stand,Accessories,South,Priya,6,1572.2
ORD-202601-04778,2026-01-16,CUST-0864,Desk Organizer,Office,West,Sneha,2,595.3
ORD-202601-04779,2026-01-11,CUST-1551,Keyboard,Electronics,East,Rahul,3,1181.13
ORD-202601-04780,2026-01-31,CUST-4719,Wireless Mouse,Electronics,West,Vikram,6,876.32
ORD-202601-04781,2026-01-23,CUST-4512,Study Table,Furniture,East,Ananya,5,5687.4
ORD-202601-04782,2026-01-25,CUST-2755,Notebook,Office,North,Karan,5,212.7
ORD-202601-04783,2026-01-06,CUST-1812,Laptop Stand,Accessories,West,Amit,1,1480.47
ORD-202601-04784,2026-01-27,CUST-1829,Desk Organizer,Office,West,Rahul,4,653.56
ORD-202601-04785,2026-01-17,CUST-4785,Office Chair,Furniture,South,Rahul,4,6578.4
ORD-202601-04786,2026-01-24,CUST-0997,Laptop Stand,Accessories,West,Vikram,3,1404.6
ORD-202601-04787,2026-01-26,CUST-3788,Notebook,Office,South ,Karan,6,214.54
ORD-202601-04788,2026-01-04,CUST-4977,Wireless Mouse,Electronics,,Neha,7,861.6
ORD-202601-04789,2026-01-04,CUST-4277,Webcam,Electronics,North,Neha,2,1898.63
ORD-202601-04790,2026-01-03,CUST-3596,Notebook,Office,Central,Amit,3,184.11
ORD-202601-04791,2026-01-20,CUST-4500,Headphones,Electronics ,South,Vikram,3,2401.65
ORD-202601-04792,2026-01-29,CUST-1090,Monitor Stand,Furniture,East,Neha,6,2100.61
ORD-202601-04793,2026-01-01,CUST-4919,Monitor Stand,Furniture,South,Ananya,1,2137.33
ORD-202601-04794,2026-01-05,CUST-0457,Webcam,Electronics,West,Karan,7,1841.14
ORD-202601-04795,2026-01-16,CUST-0070,USB Hub,Accessories,West,Vikram,6,820.11
ORD-202601-04796,2026-01-13,CUST-0997,Headphones,Electronics,Central,Amit,4,2581.83
ORD-202601-04797,2026-01-04,CUST-3045,Mouse Pad,Accessories,Central ,Karan,5,418.11
ORD-202601-04798,2026-01-19,CUST-1239,Keyboard,Electronics,Central,Neha,7,1279.26
ORD-202601-04799,2026-01-29,CUST-3168,USB Hub,Accessories,South,Neha,6,913.94
ORD-202601-04800,2026-01-07,CUST-0556,Notebook,Office,East,Karan,2,218.4
ORD-202601-04801,2026-01-01,CUST-3486,Notebook,Office,South,Vikram,1,188.85
ORD-202601-04802,2026-01-07,CUST-1149,Notebook,Office,West,Karan,-1,201.9
ORD-202601-04803,2026-01-06,CUST-2618,Headphones,Electronics,West,Sneha,2,2554.46
ORD-202601-04804,2026-01-15,CUST-0584,Office Chair,Furniture,South,Neha,1,7067.74
ORD-202601-04805,2026-01-04,CUST-4852,Pen Set,Office,Central,Sneha,7,321.07
ORD-202601-04806,2026-01-12,CUST-1889,Desk Organizer,Office,South,Priya,4,611.58
ORD-202601-04807,2026-01-04,CUST-3024,Mouse Pad,Accessories,Central,Karan,5,399.63
ORD-202601-04808,2026-01-21,CUST-2431,Study Table,Furniture,Central,Karan,2,5084.39
ORD-202601-04809,2026-01-15,CUST-2977,USB Hub,Accessories,North,Amit,1,935.54
ORD-202601-04810,2026-01-03,CUST-2277,Office Chair,Furniture,South,Priya,1,6484.02
ORD-202601-04811,2026-01-02,CUST-0366,Headphones,Electronics,South,Amit,3,2262.38
ORD-202601-04812,2026-01-16,CUST-4147,Webcam,Electronics,Central,Rahul,1,1894.64
ORD-202601-04813,2026-01-19,CUST-3213,Mouse Pad,accessories,West,Sneha,3,404.78
ORD-202601-04814,2026-01-06,,Notebook,Office,North,Amit,3,218.86
ORD-202601-04815,2026-01-11,CUST-0421,Desk Organizer,Office,Central,Amit,4,624.44
ORD-202601-04816,2026-01-19,CUST-4436,Webcam,Electronics,South,Neha,5,2031.39
ORD-202601-04817,2026-01-15,CUST-1663,Study Table,Furniture,,Rahul,3,5330.06
ORD-202601-04818,,CUST-4541,Laptop Stand,Accessories,North,Ananya,4,1501.67
ORD-202601-04819,2026-01-13,CUST-3830,Mouse Pad,Accessories,North,Vikram,1,436.85
ORD-202601-04820,2026-01-07,CUST-4799,Monitor Stand,Furniture,East,Karan,3,1965.97
ORD-202601-04821,2026-01-29,CUST-3300,Notebook,Office,North,Neha,7,211.23
ORD-202601-04822,2026-01-25,CUST-0905,Pen Set,Office,North,Neha,7,300.55
ORD-202601-04823,2026-01-10,CUST-0178,Study Table,Furniture,West,Amit,4,5195.41
ORD-202601-04824,2026-01-08,CUST-1229,Monitor Stand,Furniture,South,Sneha,7,2031.15
ORD-202601-04825,2026-01-05,CUST-2197,Mouse Pad,Accessories,West,Priya,4,376.5
ORD-202601-04826,2026-01-23,CUST-3120,USB Hub,Accessories,Central,Vikram,1,809.64
ORD-202601-04827,2026-01-29,CUST-4480,Headphones,Electronics,North,Sneha,7,2367.0
ORD-202601-04828,2026-01-09,CUST-0705,Mouse Pad,Accessories,West,Vikram,3,374.51
ORD-202601-04829,2026-01-20,CUST-3175,Study Table,Furniture,North,,5,5357.04
ORD-202601-04830,2026-01-08,CUST-0429,Mouse Pad,Accessories,West,,5,430.01
ORD-202601-04831,2026-01-29,CUST-2408,Laptop Stand,Accessories,South,Ananya,3,1465.38
ORD-202601-04832,2026-01-10,CUST-0369,Keyboard,Electronics,North,Priya,6,1388.68
ORD-202601-04833,2026-01-03,CUST-1870,USB Hub,Accessories,South,Ananya,4,909.0
ORD-202601-04834,2026-01-28,CUST-3031,Webcam,Electronics,South,,3,1711.99
ORD-202601-04835,2026-01-30,CUST-3695,Monitor Stand,Furniture,West,Neha,3,1874.56
ORD-202601-04836,2026-01-13,CUST-4024,Mouse Pad,Accessories,West,Ananya,6,433.42
ORD-202601-04837,2026-01-29,CUST-2623,Keyboard,Electronics,West,Ananya,2,1326.06
ORD-202601-04838,2026-01-08,,Wireless Mouse,Electronics,North,Priya,1,867.64
ORD-202601-04839,2026-01-09,CUST-4566,Study Table,Furniture,,Neha,7,5290.17
ORD-202601-04840,2026-01-17,CUST-4668,Monitor Stand,Furniture,East,Neha,3,2085.58
ORD-202601-04841,2026-01-19,,Desk Organizer,Office,North,Priya,5,631.59
ORD-202601-04842,2026-01-12,,Keyboard,Electronics,Central,Rahul,6,1422.59
ORD-202601-04843,2026-01-25,CUST-3890,Keyboard,Electronics,West,Amit,6,1173.82
ORD-202601-04844,2026-01-25,CUST-0388,Headphones,Electronics,North,Neha,5,2725.03
ORD-202601-04845,2026-01-04,CUST-2863,Desk Organizer,Office,East,Priya,5,586.01
ORD-202601-04846,2026-01-31,CUST-2037,Desk Organizer,Office,Central,Priya,6,639.49
ORD-202601-04847,2026-01-05,CUST-1295,Office Chair,Furniture,,Karan,7,7061.59
ORD-202601-04848,2026-01-17,CUST-0341,Keyboard,Electronics,North,Priya,1,1315.8
ORD-202601-04849,2026-01-14,CUST-1067,Keyboard,Electronics,West,Amit,6,1262.47
ORD-202601-04850,2026-01-15,CUST-4576,Study Table,Furniture,North,Rahul,2,5860.25
ORD-202601-04851,2026-01-04,CUST-4544,Monitor Stand,Furniture,South,Amit,7,1904.65
ORD-202601-04852,2026-01-11,CUST-3715,Desk Organizer,Office,North,Karan,1,598.07
ORD-202601-04853,2026-01-01,CUST-0508,Keyboard,Electronics,West,Sneha,2,1314.63
ORD-202601-04854,2026-01-31,CUST-3433,Wireless Mouse,Electronics,Central,Karan,2,837.75
ORD-202601-04855,2026-01-05,CUST-0634,Wireless Mouse,Electronics,North,Karan,5,794.47
ORD-202601-04856,2026-01-15,CUST-3414,Pen Set,Office,West,Amit,1,309.78
ORD-202601-04857,2026-01-07,CUST-0169,Office Chair,Furniture,South,Vikram,1,6978.41
ORD-202601-04858,2026-01-06,CUST-1426,Pen Set,Office,West,Amit,4,308.53
ORD-202601-04859,2026-01-13,CUST-0613,Webcam,electronics,North,Rahul,7,1965.14
ORD-202601-04860,2026-01-31,CUST-4668,Desk Organizer,Office,South,Neha,4,624.09
ORD-202601-04861,2026-01-15,CUST-2844,Wireless Mouse,Electronics,South,Ananya,4,850.66
ORD-202601-04862,2026-01-30,CUST-4614,Office Chair,Furniture,Central,Rahul,5,7056.0
ORD-202601-04863,2026-01-26,CUST-0102,Study Table,Furniture,North,Rahul,4,5161.67
ORD-202601-04864,2026-01-14,CUST-3698,Desk Organizer,Office,East,Karan,3,620.52
ORD-202601-04865,2026-01-28,CUST-2400,Study Table,Furniture,North,Priya,5,5033.91
ORD-202601-04866,2026-01-11,CUST-2345,Notebook,Office,East,Neha,1,187.81
ORD-202601-04867,2026-01-16,CUST-4367,Mouse Pad,Accessories,West,Rahul,2,422.31
ORD-202601-04868,2026-01-22,CUST-0236,Laptop Stand,Accessories,West,Karan,5,1479.53
ORD-202601-04869,2026-01-19,CUST-4721,Study Table,Furniture,North,Vikram,3,5496.85
ORD-202601-04870,2026-01-26,CUST-0142,Desk Organizer,Office,West,Amit,1,657.39
ORD-202601-04871,2026-01-06,CUST-1814,Headphones,Electronics,south,Priya,1,2366.64
ORD-202601-04872,2026-01-16,CUST-0691,Monitor Stand,Furniture,West,Sneha,7,1806.92
ORD-202601-04873,2026-01-21,CUST-2616,Wireless Mouse,Electronics,Central,,3,736.9
ORD-202601-04874,2026-01-11,CUST-2979,Notebook,Office,North,Karan,1,188.83
ORD-202601-04875,2026-01-27,CUST-3211,Headphones,Electronics,South,Amit,6,2611.91
ORD-202601-04876,2026-01-10,CUST-3991,Pen Set,Office,Central,Ananya,4,315.49
ORD-202601-04877,2026-01-10,CUST-3755,USB Hub,Accessories,North,Ananya,4,910.77
ORD-202601-04878,2026-01-11,CUST-4743,USB Hub,Accessories,South,Sneha,7,854.96
ORD-202601-04879,2026-01-21,CUST-2249,Pen Set,Office,East,Neha,3,300.3
ORD-202601-04880,2026-01-04,CUST-0877,Desk Organizer,Office,Central,Neha,5,540.89
ORD-202601-04881,2026-01-05,CUST-0779,Laptop Stand,Accessories,South,Ananya,6,1553.5
ORD-202601-04882,2026-01-25,CUST-1378,Monitor Stand,Furniture,South,Priya,5,2044.7
ORD-202601-04883,2026-01-07,CUST-3015,Mouse Pad,Accessories,West,Ananya,2,360.84
ORD-202601-04884,2026-01-04,CUST-0271,Headphones,Electronics,North,Neha,5,2657.44
ORD-202601-04885,2026-01-09,CUST-4775,Wireless Mouse,Electronics,South,Priya,6,841.1
ORD-202601-04886,2026-01-13,CUST-4946,Headphones,Electronics ,South,Karan,1,2403.15
ORD-202601-04887,2026-01-02,CUST-0825,Pen Set,Office,East,Rahul,2,307.1
ORD-202601-04888,2026-01-26,CUST-3905,Notebook,Office,East,Karan,5,203.04
ORD-202601-04889,,CUST-2982,Laptop Stand,Accessories,South,Rahul,1,1392.03
ORD-202601-04890,2026-01-13,CUST-2404,Mouse Pad,Accessories,South,Neha,7,374.52
ORD-202601-04891,2026-01-07,CUST-3674,Office Chair,Furniture,Central,Neha,1,7255.45
ORD-202601-04892,2026-01-10,CUST-2878,Notebook,Office,Central,Ananya,7,216.26
ORD-202601-04893,2026-01-02,CUST-1619,Wireless Mouse,Electronics,Central,Priya,5,811.19
ORD-202601-04894,2026-01-30,,Wireless Mouse,Electronics,West,Priya,4,809.84
ORD-202601-04895,2026-01-30,CUST-0679,Mouse Pad,Accessories,East,Priya,2,410.71
ORD-202601-04896,2026-01-04,CUST-1272,USB Hub,Accessories,South,Priya,3,888.32
ORD-202601-04897,2026-01-07,CUST-4865,Study Table,Furniture,North,Neha,6,5008.68
ORD-202601-04898,2026-01-28,CUST-0927,Notebook,Office,East,Vikram,6,194.88
ORD-202601-04899,2026-01-13,CUST-2992,Desk Organizer,Office,East,Karan,2,646.95
ORD-202601-04900,2026-01-02,CUST-1485,Notebook,Office,West,Neha,4,211.14
ORD-202601-04901,2026-01-05,CUST-2324,Laptop Stand,Accessories,North,Neha,7,1627.14
ORD-202601-04902,2026-01-13,CUST-1236,Pen Set,Office,Central,Priya,2,278.24
ORD-202601-04903,2026-01-18,CUST-2844,Pen Set,Office,North,Amit,5,299.36
ORD-202601-04904,2026-01-20,CUST-2788,Desk Organizer,Office,South,Karan,2,609.15
ORD-202601-04905,2026-01-05,CUST-3089,Headphones,Electronics,South,Ananya,6,2354.02
ORD-202601-04906,2026-01-12,CUST-1542,Pen Set,Office,Central,Vikram,2,281.12
ORD-202601-04907,2026-01-09,CUST-2895,Webcam,Electronics,West,Neha,3,2006.12
ORD-202601-04908,2026-01-17,CUST-3645,Office Chair,Furniture,North,Vikram,4,7239.56
ORD-202601-04909,2026-01-10,CUST-3600,Office Chair,Furniture,Central,Karan,3,7205.03
ORD-202601-04910,2026-01-07,CUST-2840,Pen Set,Office,West,Priya,2,285.07
ORD-202601-04911,2026-01-26,CUST-1496,Monitor Stand,Furniture,North,Neha,5,2001.71
ORD-202601-04912,2026-01-18,CUST-2662,Mouse Pad,Accessories,West,Priya,1,360.94
ORD-202601-04913,2026-01-15,CUST-2685,Wireless Mouse,Electronics,North,Amit,7,739.87
ORD-202601-04914,2026-01-05,CUST-4757,Notebook,Office,East,Ananya,1,199.73
ORD-202601-04915,2026-01-03,CUST-1886,Office Chair,Furniture,North,Ananya,3,6732.58
ORD-202601-04916,2026-01-25,CUST-1613,Keyboard,Electronics,North,Karan,7,1419.98
ORD-202601-04917,2026-01-31,CUST-3750,Keyboard,Electronics,East,Amit,2,1291.59
ORD-202601-04918,2026-01-19,CUST-3177,Webcam,Electronics,West,Priya,1,1740.84
ORD-202601-04919,2026-01-02,CUST-2136,Office Chair,Furniture,East,Vikram,6,6324.08
ORD-202601-04920,2026-01-15,CUST-0001,Mouse Pad,Accessories,South,Karan,1,416.98
ORD-202601-04921,2026-01-09,CUST-3525,Monitor Stand,Furniture,East,Sneha,7,1867.67
ORD-202601-04922,2026-01-02,CUST-3685,Study Table,Furniture,North,Karan,4,5155.66
ORD-202601-04923,2026-01-05,CUST-4652,Notebook,Office,North,Sneha,7,195.97
ORD-202601-04924,2026-01-16,CUST-2513,Pen Set,Office,North,Karan,2,284.89
ORD-202601-04925,2026-01-14,CUST-2576,Laptop Stand,Accessories,North,Rahul,1,1533.95
ORD-202601-04926,2026-01-18,CUST-1042,Keyboard,electronics,West,Vikram,7,1295.28
ORD-202601-04927,2026-01-22,CUST-2299,USB Hub,Accessories,West,Ananya,6,829.14
ORD-202601-04928,2026-01-09,CUST-0008,Notebook,Office,North,Rahul,7,210.33
ORD-202601-04929,2026-01-09,CUST-2504,Headphones,Electronics,East,Sneha,3,2461.94
ORD-202601-04930,2026-01-22,CUST-3535,Headphones,Electronics,East,Karan,3,2554.39
ORD-202601-04931,2026-01-07,CUST-3930,Wireless Mouse,Electronics,North,Vikram,5,719.73
ORD-202601-04932,2026-01-03,CUST-3314,Desk Organizer,Office,Central,Neha,4,614.14
ORD-202601-04933,2026-01-27,CUST-4028,Study Table,Furniture,Central,Karan,2,5260.18
ORD-202601-04934,2026-01-07,CUST-3328,Office Chair,Furniture,West,Priya,3,6991.12
ORD-202601-04935,2026-01-04,CUST-3900,Laptop Stand,Accessories,Central,Priya,5,1438.36
ORD-202601-04936,2026-01-23,CUST-2188,Notebook,Office,East,Neha,1,218.75
ORD-202601-04937,2026-01-17,CUST-3011,Monitor Stand,Furniture,Central,Priya,3,1891.39
ORD-202601-04938,2026-01-05,CUST-3197,Notebook,Office,East,Neha,3,215.43
ORD-202601-04939,2026-01-27,CUST-2863,Webcam,Electronics,North,Neha,1,2057.74
ORD-202601-04940,2026-01-08,CUST-2857,Laptop Stand,Accessories,North,Vikram,1,1475.32
ORD-202601-04941,2026-01-21,CUST-3910,Desk Organizer,Office,Central,Neha,4,575.52
ORD-202601-04942,2026-01-21,CUST-1195,USB Hub,Accessories,East,Sneha,1,877.61
ORD-202601-04943,2026-01-26,CUST-1585,Office Chair,Furniture,West,Rahul,3,7683.98
ORD-202601-04944,2026-01-23,CUST-2594,Study Table,Furniture,North,Neha,4,5629.65
ORD-202601-04945,2026-01-22,CUST-3227,Wireless Mouse,Electronics,East,Ananya,7,806.16
ORD-202601-04946,2026-01-02,CUST-2573,Desk Organizer,Office,North,Rahul,1,543.4
ORD-202601-04947,2026-01-30,CUST-0998,Laptop Stand,Accessories,South,Ananya,4,1603.28
ORD-202601-04948,2026-01-04,CUST-4119,Mouse Pad,Accessories,North,Sneha,1,365.79
ORD-202601-04949,2026-01-08,CUST-2730,Webcam,Electronics,South,Neha,4,1726.94
ORD-202601-04950,2026-01-14,CUST-2168,Laptop Stand,Accessories,West,Priya,4,1431.5
ORD-202601-04951,2026-01-09,CUST-4391,Laptop Stand,Accessories ,north,Priya,6,1491.74
ORD-202601-04952,2026-01-19,CUST-2181,Wireless Mouse,Electronics,North,Amit,4,862.17
ORD-202601-04953,2026-01-02,CUST-0808,Office Chair,Furniture,West,Rahul,7,7405.05
ORD-202601-04954,2026-01-15,CUST-4923,Keyboard,Electronics,North,Karan,1,1220.44
ORD-202601-04955,2026-01-11,CUST-1914,Laptop Stand,Accessories,East,Rahul,1,1460.65
ORD-202601-04956,2026-01-21,CUST-4473,Headphones,Electronics,Central,Sneha,1,2639.06
ORD-202601-04957,2026-01-17,CUST-2585,Headphones,Electronics,West,Sneha,3,2512.54
ORD-202601-04958,2026-01-24,CUST-1212,Laptop Stand,Accessories,North,Ananya,2,1401.41
ORD-202601-04959,2026-01-06,,Study Table,Furniture,North,Sneha,1,5384.68
ORD-202601-04960,2026-01-30,CUST-4552,Monitor Stand,Furniture,West,Neha,2,2049.35
ORD-202601-04961,2026-01-13,CUST-4724,Laptop Stand,Accessories,South,Sneha,7,1640.87
ORD-202601-04962,2026-01-11,CUST-0690,Mouse Pad,Accessories,East,Vikram,6,411.91
ORD-202601-04963,2026-01-17,,Monitor Stand,Furniture,East,Amit,1,1805.57
ORD-202601-04964,2026-01-06,CUST-4267,Webcam,Electronics ,East,Karan,7,1976.86
ORD-202601-04965,2026-01-26,CUST-3239,Monitor Stand,Furniture,East,Sneha,2,1899.4
ORD-202601-04966,2026-01-09,CUST-0917,Keyboard,Electronics,North,Sneha,3,1393.09
ORD-202601-04967,2026-01-29,CUST-2933,Headphones,Electronics,North,Neha,3,2440.97
ORD-202601-04968,2026-01-05,CUST-2129,Laptop Stand,Accessories,North,Amit,3,1408.94
ORD-202601-04969,2026-01-27,CUST-0623,Wireless Mouse,Electronics,South,Vikram,6,793.88
ORD-202601-04970,2026-01-13,CUST-4920,Office Chair,Furniture,Central,Karan,5,6656.33
ORD-202601-04971,2026-01-19,CUST-3018,Study Table,Furniture,Central,Karan,5,5208.46
ORD-202601-04972,2026-01-28,CUST-0486,Laptop Stand,Accessories,East,Vikram,5,1520.96
ORD-202601-04973,2026-01-05,CUST-1709,Office Chair,Furniture,North,Karan,6,7373.23
ORD-202601-04974,2026-01-11,CUST-4199,Office Chair,Furniture,North,Amit,2,7467.87
ORD-202601-04975,2026-01-30,CUST-2212,Office Chair,Furniture,Central,Vikram,3,6855.76
ORD-202601-04976,2026-01-05,CUST-2474,Office Chair,Furniture,South,Amit,1,6392.61
ORD-202601-04977,2026-01-04,CUST-0713,Notebook,Office,Central,Ananya,5,198.36
ORD-202601-04978,2026-01-17,CUST-0555,Keyboard,Electronics,East,Amit,4,1281.8
ORD-202601-04979,2026-01-01,CUST-4890,Monitor Stand,Furniture,Central,Vikram,5,1877.85
ORD-202601-04980,2026-01-31,CUST-4763,Notebook,Office,North,Sneha,4,214.77
ORD-202601-04981,2026-01-29,CUST-0477,Study Table,Furniture,Central,Amit,2,6020.47
ORD-202601-04982,2026-01-06,CUST-2747,Monitor Stand,Furniture,East,Neha,1,1819.79
ORD-202601-04983,2026-01-06,CUST-3406,Headphones,Electronics,East,Amit,7,2646.81
ORD-202601-04984,2026-01-25,,USB Hub,Accessories,East,Ananya,3,925.2
ORD-202601-04985,2026-01-17,CUST-2799,Headphones,Electronics,South,Sneha,1,2379.77
ORD-202601-04986,2026-01-26,CUST-4346,Wireless Mouse,Electronics,West,Amit,3,820.6
ORD-202601-04987,2026-01-30,CUST-0605,Monitor Stand,Furniture,West,Vikram,7,1850.53
ORD-202601-04988,2026-01-13,CUST-0074,Monitor Stand,Furniture,Central,Karan,2,1826.85
ORD-202601-04989,2026-01-08,CUST-2325,Monitor Stand,Furniture,Central,Amit,7,2196.3
ORD-202601-04990,2026-01-20,CUST-1325,Study Table,Furniture,East,Neha,4,5648.98
ORD-202601-04991,2026-01-20,CUST-3776,Pen Set,Office,West,Priya,7,284.24
ORD-202601-04992,2026-01-14,CUST-1685,Mouse Pad,Accessories,Central,Sneha,5,395.01
ORD-202601-04993,2026-01-10,CUST-2036,Monitor Stand,Furniture,North,Vikram,1,2178.95
ORD-202601-04994,2026-01-09,CUST-2675,Notebook,Office,East,Vikram,4,-100.0
ORD-202601-04995,2026-01-17,CUST-4808,Pen Set,Office,West,Sneha,3,322.95
ORD-202601-04996,2026-01-14,CUST-0360,Headphones,Electronics,East,Karan,2,2683.33
ORD-202601-04997,2026-01-15,CUST-2763,Desk Organizer,Office,North,Rahul,4,580.33
ORD-202601-04998,2026-01-03,CUST-1945,Office Chair,Furniture,West,Ananya,1,7273.37
ORD-202601-04999,2026-01-28,CUST-0181,Pen Set,Office,,Rahul,5,308.6
ORD-202601-05000,2026-01-22,CUST-4074,Mouse Pad,Accessories,West,Vikram,6,420.64
ORD-202601-05001,2026-01-29,CUST-4570,Headphones,Electronics,North,Karan,1,2431.99
ORD-202601-05002,2026-01-26,CUST-0866,Wireless Mouse,Electronics,North,Sneha,4,727.45
ORD-202601-05003,2026-01-20,CUST-3799,Pen Set,Office,West,Sneha,5,279.33
ORD-202601-05004,2026-01-10,CUST-3507,Pen Set,Office,Central,Neha,1,305.97
ORD-202601-05005,2026-01-21,CUST-3527,Office Chair,Furniture,West,Sneha,3,7384.09
ORD-202601-05006,2026-01-18,CUST-2302,Monitor Stand,Furniture,Central,Sneha,2,2101.37
ORD-202601-05007,2026-01-29,CUST-1601,Mouse Pad,Accessories,Central,Vikram,1,405.68
ORD-202601-05008,2026-01-08,CUST-0354,Office Chair,Furniture,South,Amit,6,6417.74
ORD-202601-05009,2026-01-01,CUST-0175,Desk Organizer,Office,North,Amit,4,541.17
ORD-202601-05010,2026-01-04,CUST-0887,Webcam,Electronics,East,Ananya,6,2006.16
ORD-202601-05011,2026-01-06,CUST-2640,Office Chair,Furniture,West,Karan,5,7068.12
ORD-202601-05012,2026-01-21,CUST-0706,Wireless Mouse,Electronics,West,Sneha,7,844.18
ORD-202601-05013,2026-01-05,CUST-3433,Notebook,Office,East,Priya,7,185.58
ORD-202601-05014,2026-01-05,CUST-3099,Monitor Stand,Furniture,Central,Sneha,5,1961.99
ORD-202601-05015,2026-01-13,CUST-1723,Pen Set,Office,Central,Karan,3,324.07
ORD-202601-05016,2026-01-25,CUST-0437,Monitor Stand,Furniture,East,Neha,3,1867.7
ORD-202601-05017,2026-01-14,CUST-2588,Wireless Mouse,Electronics,East,Rahul,6,728.93
ORD-202601-05018,2026-01-09,CUST-4116,Mouse Pad,Accessories,North,Neha,3,411.25
ORD-202601-05019,2026-01-09,CUST-1969,Office Chair,Furniture,West,Ananya,4,7131.33
ORD-202601-05020,2026-01-26,CUST-4034,Pen Set,Office,West,Karan,2,326.03
ORD-202601-05021,2026-01-14,CUST-1432,Study Table,Furniture,Central,Priya,7,5946.03
ORD-202601-05022,2026-01-12,CUST-0401,Mouse Pad,Accessories,North,Rahul,5,418.9
ORD-202601-05023,2026-01-24,CUST-3250,Pen Set,Office,North,Amit,3,270.25
ORD-202601-05024,2026-01-12,CUST-4441,USB Hub,Accessories,,Sneha,5,895.47
ORD-202601-05025,2026-01-12,CUST-4419,Study Table,Furniture,East,Neha,3,5934.63
ORD-202601-05026,2026-01-24,CUST-4796,Keyboard,Electronics,East,Rahul,2,1281.76
ORD-202601-05027,2026-01-11,CUST-0539,Webcam,Electronics,East,Priya,7,2074.52
ORD-202601-05028,2026-01-16,CUST-0218,Keyboard,Electronics,West,Amit,7,1338.62
ORD-202601-05029,2026-01-21,CUST-2848,Desk Organizer,Office,West,,6,552.21
ORD-202601-05030,2026-01-07,CUST-4752,Webcam,Electronics,North,Karan,3,1902.52
ORD-202601-05031,2026-01-04,CUST-4990,Laptop Stand,Accessories,West,Rahul,2,1557.65
ORD-202601-05032,2026-01-27,CUST-1398,Office Chair,Furniture,East,Neha,1,6390.6
ORD-202601-05033,2026-01-10,CUST-1876,Laptop Stand,Accessories,East,Ananya,6,1452.43
ORD-202601-05034,2026-01-11,CUST-3324,Keyboard,Electronics,West,Rahul,3,1355.4
ORD-202601-05035,2026-01-19,CUST-4569,Wireless Mouse,Electronics,West,Ananya,7,744.2
ORD-202601-05036,2026-01-04,CUST-0875,Headphones,Electronics,South,Rahul,7,2423.2
ORD-202601-05037,2026-01-02,CUST-4879,Study Table,Furniture,North,Neha,1,5707.86
ORD-202601-05038,2026-01-13,CUST-4088,Notebook,Office,North,Sneha,7,209.97
ORD-202601-05039,2026-01-31,CUST-0341,Monitor Stand,Furniture,Central,Karan,1,2006.4
ORD-202601-05040,2026-01-18,CUST-4210,Headphones,Electronics,South,Vikram,4,2727.34
ORD-202601-05041,2026-01-18,CUST-3209,Laptop Stand,Accessories,South,Neha,-1,1626.51
ORD-202601-05042,2026-01-19,CUST-4892,Headphones,Electronics,Central,Sneha,7,2485.72
ORD-202601-05043,2026-01-27,CUST-1047,USB Hub,Accessories,South,Neha,5,837.92
ORD-202601-05044,2026-01-26,CUST-4963,Notebook,Office,East,Rahul,7,209.86
ORD-202601-05045,2026-01-01,CUST-0238,Office Chair,Furniture,South,Vikram,5,6639.45
ORD-202601-05046,2026-01-17,CUST-0380,Laptop Stand,Accessories,West,Neha,6,1601.78
ORD-202601-05047,2026-01-17,CUST-2239,Office Chair,Furniture,East,Sneha,6,7120.98
ORD-202601-05048,2026-01-07,CUST-3290,Pen Set,Office,East,,7,292.67
ORD-202601-05049,2026-01-31,CUST-0835,Webcam,Electronics,East,Amit,3,1920.41
ORD-202601-05050,2026-01-09,CUST-1366,Study Table,Furniture,Central,Neha,3,5535.08
ORD-202601-05051,2026-01-26,CUST-1950,USB Hub,Accessories,East,Sneha,7,975.37
ORD-202601-05052,2026-01-04,CUST-0628,Keyboard,Electronics,East,Amit,6,1224.79
ORD-202601-05053,2026-01-19,CUST-0880,Monitor Stand,Furniture,Central,Karan,7,2170.18
ORD-202601-05054,2026-01-23,CUST-0744,Study Table,Furniture,North,Amit,5,4983.57
ORD-202601-05055,2026-01-16,CUST-4771,Wireless Mouse,Electronics,Central,Vikram,7,842.02
ORD-202601-05056,2026-01-04,CUST-4683,Study Table,Furniture,North,Neha,6,5960.55
ORD-202601-05057,2026-01-04,CUST-3143,Monitor Stand,Furniture,South,Priya,6,1956.64
ORD-202601-05058,2026-01-19,CUST-3419,Office Chair,Furniture,North,Ananya,2,6401.38
ORD-202601-05059,2026-01-27,CUST-0686,Webcam,Electronics,East,Priya,4,2014.71
ORD-202601-05060,2026-01-19,CUST-0253,Pen Set,Office,Central,Neha,6,319.5
ORD-202601-05061,2026-01-04,CUST-1885,Mouse Pad,Accessories,South,Vikram,6,385.93
ORD-202601-05062,2026-01-25,CUST-4922,Pen Set,Office,West,Vikram,7,300.11
ORD-202601-05063,2026-01-15,CUST-2390,Pen Set,Office,South,Amit,3,317.51
ORD-202601-05064,2026-01-03,CUST-4040,Pen Set,Office,West,Neha,3,280.58
ORD-202601-05065,2026-01-12,CUST-1850,Mouse Pad,Accessories,Central,Ananya,7,409.29
ORD-202601-05066,2026-01-07,CUST-1546,Pen Set,Office,West,Vikram,7,294.85
ORD-202601-05067,2026-01-31,CUST-4061,Mouse Pad,Accessories,South,Ananya,2,373.02
ORD-202601-05068,2026-01-29,CUST-2355,Wireless Mouse,Electronics,Central,Karan,3,851.96
ORD-202601-05069,2026-01-04,CUST-3660,Wireless Mouse, Electronics,North,Priya,7,770.98
ORD-202601-05070,2026-01-18,CUST-3633,Monitor Stand,Furniture,Central,Karan,2,2172.68
ORD-202601-05071,2026-01-01,CUST-3636,Study Table,Furniture,Central,Sneha,6,5574.81
ORD-202601-05072,2026-01-15,CUST-3381,Notebook,Office,West,Karan,1,199.58
ORD-202601-05073,2026-01-05,,Headphones,Electronics,,Karan,2,2460.67
ORD-202601-05074,2026-01-24,CUST-2316,Office Chair,Furniture,South,Priya,6,6859.96
ORD-202601-05075,2026-01-03,CUST-1516,Keyboard,Electronics,East,Ananya,5,1381.61
ORD-202601-05076,2026-01-28,CUST-2562,Laptop Stand,Accessories,North,Neha,4,1552.21
ORD-202601-05077,2026-01-08,CUST-1623,Laptop Stand,Accessories,South,Sneha,6,1581.05
ORD-202601-05078,2026-01-09,CUST-0217,Wireless Mouse,Electronics,East,Karan,3,786.39
ORD-202601-05079,2026-01-28,CUST-1810,Office Chair,Furniture,south,Priya,4,6665.06
ORD-202601-05080,2026-01-28,CUST-2504,Mouse Pad,Accessories,West,Sneha,5,366.03
ORD-202601-05081,2026-01-03,CUST-2602,Laptop Stand,Accessories,Central,Ananya,6,1581.94
ORD-202601-05082,2026-01-04,CUST-1702,Mouse Pad,Accessories,East,Vikram,3,392.24
ORD-202601-05083,2026-01-27,CUST-3628,Wireless Mouse,Electronics,South,Neha,5,800.47
ORD-202601-05084,2026-01-31,CUST-1426,USB Hub,Accessories,South,Neha,4,893.49
ORD-202601-05085,2026-01-16,CUST-3238,Mouse Pad,Accessories,East,Karan,4,393.5
ORD-202601-05086,2026-01-06,CUST-1349,Laptop Stand,Accessories,West,Karan,7,1554.13
ORD-202601-05087,2026-01-05,CUST-4934,Office Chair,Furniture,North,Vikram,3,7151.21
ORD-202601-05088,2026-01-09,CUST-3245,Webcam,Electronics,East,Sneha,5,2078.29
ORD-202601-05089,2026-01-22,CUST-2785,Keyboard,Electronics,East,Priya,7,-100.0
ORD-202601-05090,2026-01-03,CUST-2147,Mouse Pad,Accessories,South,Neha,6,404.87
ORD-202601-05091,2026-01-20,CUST-3780,Study Table,Furniture,South,Vikram,7,5018.65
ORD-202601-05092,2026-01-25,CUST-2130,Laptop Stand,Accessories,Central,Priya,5,1591.31
ORD-202601-05093,2026-01-05,CUST-4017,Wireless Mouse,Electronics,,Neha,2,817.59
ORD-202601-05094,2026-01-31,CUST-0796,Monitor Stand,Furniture,East,Karan,7,1970.37
ORD-202601-05095,2026-01-31,CUST-4101,USB Hub,Accessories,North,Ananya,5,953.34
ORD-202601-05096,2026-01-10,CUST-4810,Headphones,Electronics,South,Ananya,2,2476.51
ORD-202601-05097,2026-01-04,CUST-1213,Pen Set,Office,South,Priya,3,282.72
ORD-202601-05098,2026-01-11,CUST-1120,Laptop Stand,Accessories,South,Priya,2,1490.76
ORD-202601-05099,2026-01-09,CUST-4775,Monitor Stand,Furniture,Central,Neha,6,1827.42
ORD-202601-05100,2026-01-09,CUST-2031,Webcam,Electronics,East,Rahul,1,2050.11
ORD-202601-05101,2026-01-29,CUST-3477,Notebook,Office,Central,Amit,6,208.19
ORD-202601-05102,2026-01-05,CUST-0952,Notebook,Office,East,Vikram,4,209.36
ORD-202601-05103,2026-01-10,CUST-2138,Webcam,Electronics,West,Karan,1,2041.23
ORD-202601-05104,2026-01-25,CUST-3516,Mouse Pad,Accessories,North,Ananya,5,422.27
ORD-202601-05105,2026-01-02,CUST-4475,Keyboard,Electronics,Central,Amit,6,1281.3
ORD-202601-05106,2026-01-02,CUST-2181,Pen Set,Office,West,Karan,6,276.19
ORD-202601-05107,2026-01-10,CUST-0376,Desk Organizer,Office,North,Neha,4,583.83
ORD-202601-05108,2026-01-31,CUST-2069,Monitor Stand,Furniture,West,Priya,3,2172.55
ORD-202601-05109,2026-01-27,CUST-3215,Laptop Stand,Accessories,East,Neha,2,1633.64
ORD-202601-05110,2026-01-29,CUST-4376,Webcam,Electronics,North,Priya,1,2000.74
ORD-202601-05111,2026-01-27,CUST-4170,Notebook,Office,Central,Ananya,3,187.24
ORD-202601-05112,2026-01-04,CUST-3798,Desk Organizer,Office,East,,5,562.4
ORD-202601-05113,2026-01-13,CUST-0827,Monitor Stand,Furniture,West,Ananya,1,2150.83
ORD-202601-05114,2026-01-17,CUST-2600,Wireless Mouse,Electronics,,Amit,7,741.78
ORD-202601-05115,2026-01-06,CUST-2881,Webcam,Electronics,North,Rahul,5,1930.96
ORD-202601-05116,2026-01-31,CUST-2343,Webcam,Electronics,South,Neha,3,1852.76
ORD-202601-05117,2026-01-19,CUST-4616,Webcam,Electronics,West,Sneha,7,1823.8
ORD-202601-05118,2026-01-27,CUST-4800,Mouse Pad,Accessories,South,Vikram,2,413.16
ORD-202601-05119,2026-01-09,CUST-1052,Study Table,Furniture,Central,Ananya,7,6004.43
ORD-202601-05120,2026-01-23,CUST-4783,Wireless Mouse,Electronics,South,Rahul,2,843.37
ORD-202601-05121,2026-01-04,CUST-4233,Office Chair,Furniture,East,Rahul,3,6979.63
ORD-202601-05122,2026-01-01,CUST-3524,Pen Set,Office,East,Karan,3,295.45
ORD-202601-05123,2026-01-20,CUST-1908,Notebook,Office,North,Karan,7,215.23
ORD-202601-05124,2026-01-03,CUST-3801,Pen Set,Office,Central,Amit,2,303.67
ORD-202601-05125,2026-01-09,CUST-2931,Keyboard,Electronics,North,Vikram,7,1298.13
ORD-202601-05126,2026-01-25,CUST-4496,Desk Organizer,Office,East,Karan,3,620.9
ORD-202601-05127,2026-01-16,CUST-3557,Webcam,Electronics,Central,Priya,2,1799.17
ORD-202601-05128,2026-01-12,CUST-4822,Mouse Pad,Accessories,Central,Ananya,5,364.19
ORD-202601-05129,2026-01-10,CUST-2097,Pen Set,Office,South,Neha,5,320.24
ORD-202601-05130,2026-01-21,CUST-0412,Notebook,Office,South,Vikram,3,203.27
ORD-202601-05131,2026-01-30,CUST-2460,Laptop Stand,Accessories,East,Vikram,1,1398.53
ORD-202601-05132,2026-01-23,CUST-4987,USB Hub,Accessories,West,Karan,3,862.69
ORD-202601-05133,2026-01-12,CUST-3276,Mouse Pad,Accessories,South,Amit,4,438.1
ORD-202601-05134,2026-01-14,CUST-3516,Wireless Mouse,Electronics,East,Priya,1,820.48
ORD-202601-05135,2026-01-04,CUST-3127,Desk Organizer,Office,Central,Rahul,1,615.31
ORD-202601-05136,2026-01-05,CUST-2964,Keyboard,Electronics,West,Karan,7,1187.85
ORD-202601-05137,2026-01-09,CUST-0307,USB Hub,Accessories,Central,Vikram,1,983.32
ORD-202601-05138,2026-01-12,CUST-2066,Pen Set,Office,Central,Priya,3,322.49
ORD-202601-05139,2026-01-31,CUST-0433,Keyboard,Electronics,Central,Amit,6,1311.41
ORD-202601-05140,2026-01-28,CUST-1682,Monitor Stand,Furniture,East,Sneha,3,-100.0
ORD-202601-05141,2026-01-04,CUST-3600,Laptop Stand,Accessories,Central,Priya,4,1558.38
ORD-202601-05142,2026-01-11,CUST-4022,Wireless Mouse,Electronics,East,Amit,1,852.27
ORD-202601-05143,2026-01-02,CUST-1119,Pen Set,Office,West,Neha,6,316.11
ORD-202601-05144,2026-01-02,CUST-3273,Notebook,Office,Central,Vikram,5,217.99
ORD-202601-05145,2026-01-12,CUST-1133,Pen Set,Office,North,Rahul,6,307.18
ORD-202601-05146,2026-01-30,CUST-1004,Desk Organizer,Office,Central,Priya,7,577.58
ORD-202601-05147,2026-01-06,CUST-4800,Mouse Pad,Accessories,Central,Amit,3,398.83
ORD-202601-05148,2026-01-22,CUST-3050,Office Chair,Furniture,Central,Neha,1,7441.78
ORD-202601-05149,2026-01-13,CUST-0988,Laptop Stand,Accessories,West,Sneha,3,1428.65
ORD-202601-05150,2026-01-17,CUST-0706,Notebook,Office,North,Priya,2,188.31
ORD-202601-05151,2026-01-27,CUST-0248,Headphones,Electronics,South,Vikram,4,2611.37
ORD-202601-05152,2026-01-26,CUST-2485,Pen Set,Office,North,Priya,2,295.68
ORD-202601-05153,2026-01-26,CUST-0507,Webcam,Electronics,West,Ananya,7,2019.23
ORD-202601-05154,2026-01-13,CUST-2918,Desk Organizer,Office,East,Amit,5,556.31
ORD-202601-05155,2026-01-02,CUST-2169,Office Chair,Furniture,East,Priya,2,6769.01
ORD-202601-05156,2026-01-31,,Study Table,Furniture,West,Amit,7,5243.96
ORD-202601-05157,2026-01-31,CUST-1038,Monitor Stand,Furniture,Central,Ananya,6,2078.11
ORD-202601-05158,2026-01-27,CUST-0727,Keyboard,Electronics,North,Ananya,4,1366.37
ORD-202601-05159,2026-01-15,CUST-0504,Keyboard,Electronics,Central,Priya,2,1287.57
ORD-202601-05160,2026-01-09,CUST-0478,Monitor Stand,Furniture,South,Neha,3,1990.22
ORD-202601-05161,2026-01-06,CUST-0362,Laptop Stand,Accessories,West,Rahul,5,1388.68
ORD-202601-05162,2026-01-12,CUST-1294,Wireless Mouse,Electronics,East,Amit,6,831.25
ORD-202601-05163,2026-01-11,,Webcam,Electronics,East,Amit,2,2085.98
ORD-202601-05164,2026-01-09,CUST-3036,Office Chair,Furniture,South,Sneha,6,7388.03
ORD-202601-05165,2026-01-30,CUST-1252,Laptop Stand,Accessories,North,Ananya,-1,1415.99
ORD-202601-05166,2026-01-21,CUST-4659,Wireless Mouse,Electronics,West,Ananya,2,818.68
ORD-202601-05167,2026-01-07,CUST-3806,Desk Organizer,Office,South,Rahul,4,574.44
ORD-202601-05168,2026-01-20,CUST-3896,Headphones,Electronics,,Rahul,2,2264.18
ORD-202601-05169,2026-01-22,CUST-4493,Laptop Stand,Accessories,North,Karan,3,1403.01
ORD-202601-05170,2026-01-17,CUST-3729,Wireless Mouse,Electronics,Central,Neha,3,735.49
ORD-202601-05171,2026-01-30,CUST-4784,Notebook,Office,South,Amit,2,186.9
ORD-202601-05172,2026-01-30,CUST-1652,USB Hub,Accessories,South,Neha,6,952.15
ORD-202601-05173,2026-01-14,CUST-4281,Study Table,Furniture,,Vikram,3,5271.16
ORD-202601-05174,2026-01-15,CUST-0559,Laptop Stand,Accessories,East,Vikram,5,1576.06
ORD-202601-05175,2026-01-07,CUST-1501,Headphones,Electronics,East,Vikram,6,2723.34
ORD-202601-05176,2026-01-25,CUST-4460,Headphones,Electronics,East,Karan,5,2536.12
ORD-202601-05177,2026-01-29,CUST-0667,Headphones,Electronics,South,Priya,2,2491.71
ORD-202601-05178,2026-01-21,CUST-2505,USB Hub,Accessories,South,Vikram,6,943.97
ORD-202601-05179,2026-01-07,CUST-1703,Keyboard,Electronics,Central,Sneha,2,1194.32
ORD-202601-05180,2026-01-17,CUST-0503,USB Hub,Accessories,East,Sneha,2,886.09
ORD-202601-05181,2026-01-25,,Study Table,Furniture,Central,Sneha,7,5497.71
ORD-202601-05182,2026-01-02,CUST-2675,Desk Organizer,Office,Central,,3,638.66
ORD-202601-05183,2026-01-19,CUST-3154,Pen Set,Office,West,Amit,5,317.79
ORD-202601-05184,2026-01-21,CUST-3378,Study Table,Furniture,East,Sneha,1,5882.02
ORD-202601-05185,2026-01-17,CUST-0658,Office Chair,Furniture,Central,Amit,5,7275.98
ORD-202601-05186,2026-01-20,CUST-1600,Pen Set,Office,North,Vikram,7,300.83
ORD-202601-05187,2026-01-28,CUST-0521,Study Table,Furniture,East,Neha,5,5859.6
ORD-202601-05188,2026-01-04,CUST-0047,Keyboard,Electronics,West,Ananya,5,1395.98
ORD-202601-05189,2026-01-18,CUST-1953,Office Chair,Furniture,North,Karan,6,6971.68
ORD-202601-05190,2026-01-25,CUST-3109,Webcam,Electronics,North,Ananya,3,2083.45
ORD-202601-05191,2026-01-26,CUST-1855,Desk Organizer,Office,North,Priya,3,643.9
ORD-202601-05192,2026-01-15,CUST-0201,Study Table,Furniture,East,Karan,1,5510.51
ORD-202601-05193,2026-01-31,CUST-1100,Mouse Pad,Accessories,East,Karan,5,364.63
ORD-202601-05194,2026-01-11,CUST-2164,Keyboard,Electronics,East,Amit,6,1227.42
ORD-202601-05195,2026-01-14,,Laptop Stand,Accessories,North,Ananya,6,1581.86
ORD-202601-05196,2026-01-26,CUST-4124,USB Hub,Accessories,East,Priya,6,829.09
ORD-202601-05197,2026-01-14,CUST-2990,Monitor Stand,Furniture,Central,Vikram,1,1986.93
ORD-202601-05198,2026-01-11,CUST-4995,Monitor Stand,Furniture,North,Priya,5,2040.92
ORD-202601-05199,2026-01-18,CUST-0878,Notebook,Office,West,Rahul,6,214.06
ORD-202601-05200,2026-01-20,CUST-1852,Monitor Stand,Furniture,South,Rahul,2,2137.78
ORD-202601-05201,2026-01-31,CUST-0437,USB Hub,Accessories,North,Karan,4,946.52
ORD-202601-05202,2026-01-20,CUST-0101,USB Hub,Accessories,North,Sneha,7,882.4
ORD-202601-05203,2026-01-06,CUST-4620,Office Chair,Furniture,North,Karan,3,6498.22
ORD-202601-05204,2026-01-02,CUST-2465,Pen Set,Office,East,Ananya,6,309.15
ORD-202601-05205,2026-01-30,CUST-3300,Mouse Pad,Accessories,East,Rahul,4,373.57
ORD-202601-05206,2026-01-14,CUST-1382,USB Hub,Accessories,West,Priya,5,910.02
ORD-202601-05207,2026-01-07,CUST-0258,Desk Organizer,Office,North,Vikram,5,656.59
ORD-202601-05208,2026-01-07,CUST-4464,Desk Organizer,Office,West,Neha,5,605.03
ORD-202601-05209,2026-01-04,CUST-3293,Mouse Pad,Accessories,West,Rahul,6,410.62
ORD-202601-05210,2026-01-07,CUST-3558,Wireless Mouse,Electronics,North,Priya,7,827.38
ORD-202601-05211,2026-01-25,CUST-2667,Keyboard,Electronics,West,Priya,3,1384.83
ORD-202601-05212,2026-01-21,CUST-2022,Keyboard, Electronics,North,Karan,7,1282.11
ORD-202601-05213,2026-01-19,CUST-2112,Mouse Pad,Accessories,East,Rahul,5,398.8
ORD-202601-05214,2026-01-01,CUST-3811,Notebook,Office,West,Sneha,5,186.1
ORD-202601-05215,2026-01-21,CUST-1137,Office Chair,Furniture,Central,,3,7159.53
ORD-202601-05216,2026-01-31,CUST-1707,Webcam,Electronics,East,Priya,3,1821.43
ORD-202601-05217,2026-01-29,CUST-1538,Office Chair,Furniture,East,Amit,5,7009.67
ORD-202601-05218,2026-01-13,CUST-2609,Pen Set,Office,Central,Neha,3,314.94
ORD-202601-05219,2026-01-19,CUST-4839,Wireless Mouse,Electronics,South,Amit,3,721.91
ORD-202601-05220,2026-01-10,CUST-4614,Laptop Stand,Accessories,South,Sneha,-1,1518.16
ORD-202601-05221,2026-01-28,CUST-2725,Webcam,Electronics,East,Sneha,3,1774.97
ORD-202601-05222,2026-01-29,CUST-1001,Study Table,Furniture,North,Ananya,5,5256.37
ORD-202601-05223,2026-01-07,CUST-4703,Study Table,Furniture,North,Rahul,1,4987.28
ORD-202601-05224,2026-01-16,CUST-1566,Office Chair,Furniture,South,Karan,1,6536.31
ORD-202601-05225,2026-01-08,CUST-1782,Mouse Pad,Accessories,North,Ananya,6,437.83
ORD-202601-05226,2026-01-20,CUST-4428,Mouse Pad,Accessories,West,Rahul,1,438.78
ORD-202601-05227,2026-01-10,CUST-1317,Laptop Stand,Accessories,East,Sneha,6,1564.91
ORD-202601-05228,2026-01-22,CUST-2310,Office Chair,Furniture,East,Priya,7,7155.58
ORD-202601-05229,2026-01-31,CUST-4584,Keyboard,Electronics,East,Vikram,4,1370.97
ORD-202601-05230,2026-01-28,CUST-1590,Webcam,Electronics,North,Ananya,7,2049.61
ORD-202601-05231,2026-01-06,CUST-3122,Keyboard,Electronics,,Sneha,3,1304.02
ORD-202601-05232,2026-01-05,CUST-0187,Mouse Pad,Accessories,North,Priya,7,361.92
ORD-202601-05233,,CUST-4978,Webcam,Electronics,South,Rahul,2,1978.53
ORD-202601-05234,2026-01-03,CUST-2095,Headphones,Electronics,West,Karan,3,2741.2
ORD-202601-05235,2026-01-13,,Laptop Stand,Accessories,Central,Neha,3,1426.46
ORD-202601-05236,2026-01-31,CUST-2504,Study Table,Furniture,South,Karan,6,5458.82
ORD-202601-05237,2026-01-14,CUST-2170,Notebook,Office,South,Karan,1,193.48
ORD-202601-05238,2026-01-01,CUST-2032,Office Chair,Furniture,West,Rahul,6,6845.68
ORD-202601-05239,2026-01-31,CUST-0089,Study Table,Furniture,,Rahul,1,5742.5
ORD-202601-05240,2026-01-22,CUST-1388,Study Table,Furniture,South,Neha,3,5365.27
ORD-202601-05241,2026-01-11,CUST-1904,Laptop Stand,Accessories,Central,Amit,5,1631.24
ORD-202601-05242,2026-01-19,CUST-1846,Study Table,Furniture,South,Karan,2,5817.57
ORD-202601-05243,2026-01-19,CUST-1368,Study Table,Furniture,West,Amit,4,4979.51
ORD-202601-05244,2026-01-18,CUST-3213,Monitor Stand,Furniture,South,Sneha,7,2126.36
ORD-202601-05245,2026-01-30,CUST-4146,Laptop Stand,Accessories,South,Karan,6,1580.8
ORD-202601-05246,2026-01-25,CUST-4457,Headphones,Electronics,Central,Rahul,1,2507.24
ORD-202601-05247,2026-01-09,CUST-4862,Notebook,Office,South,Amit,5,198.87
ORD-202601-05248,2026-01-31,CUST-3249,Monitor Stand,Furniture,North,Karan,5,2133.14
ORD-202601-05249,2026-01-30,CUST-2056,Study Table,Furniture,West,Neha,1,5416.28
ORD-202601-05250,2026-01-02,CUST-3231,Notebook,Office,North,Priya,5,185.45
ORD-202601-05251,2026-01-10,CUST-0662,Keyboard,Electronics,North,Neha,4,1250.39
ORD-202601-05252,2026-01-20,CUST-4085,USB Hub,Accessories,Central,Sneha,5,856.78
ORD-202601-05253,2026-01-28,CUST-2675,Desk Organizer,Office,South,Ananya,3,620.69
ORD-202601-05254,2026-01-23,CUST-0826,Notebook,Office,North,Ananya,2,186.22
ORD-202601-05255,2026-01-18,CUST-2130,Laptop Stand,Accessories,Central,Vikram,6,1542.4
ORD-202601-05256,2026-01-10,CUST-1506,Laptop Stand,Accessories,South,Priya,6,1488.8
ORD-202601-05257,2026-01-03,CUST-1748,Wireless Mouse,Electronics,West,Sneha,2,853.28
ORD-202601-05258,2026-01-28,CUST-0253,Webcam,Electronics,South,Ananya,2,1893.3
ORD-202601-05259,2026-01-17,CUST-0081,Pen Set,Office,East,Vikram,5,324.7
ORD-202601-05260,2026-01-15,CUST-1749,Webcam,Electronics,West,Ananya,6,2051.1
ORD-202601-05261,2026-01-31,CUST-1509,Monitor Stand,Furniture,West,Rahul,2,1873.18
ORD-202601-05262,2026-01-06,CUST-4995,Keyboard,Electronics,East,Ananya,2,1347.37
ORD-202601-05263,2026-01-08,CUST-1313,Notebook,Office,West,Sneha,6,187.64
ORD-202601-05264,2026-01-27,CUST-1647,Mouse Pad,Accessories,Central,,5,424.8
ORD-202601-05265,2026-01-09,CUST-4577,Office Chair,Furniture,Central,Amit,7,7188.99
ORD-202601-05266,2026-01-30,CUST-4299,Study Table,Furniture,West,Ananya,6,5272.57
ORD-202601-05267,2026-01-27,CUST-0285,Notebook,Office,South,Karan,7,189.02
ORD-202601-05268,2026-01-04,CUST-0429,Pen Set,Office,East,Karan,2,294.79
ORD-202601-05269,2026-01-15,CUST-0475,Desk Organizer,Office,Central,Sneha,2,635.03
ORD-202601-05270,2026-01-24,CUST-2299,Mouse Pad,Accessories,South,Rahul,2,422.63
ORD-202601-05271,2026-01-16,CUST-2863,Headphones,Electronics,West,Sneha,1,2265.78
ORD-202601-05272,2026-01-07,CUST-1758,USB Hub,Accessories,West,Priya,6,863.45
ORD-202601-05273,2026-01-02,CUST-0065,Webcam,Electronics,East,Vikram,5,1869.7
ORD-202601-05274,2026-01-01,CUST-1008,Mouse Pad,Accessories,Central,Sneha,1,405.83
ORD-202601-05275,2026-01-06,CUST-3074,Notebook,Office,East,Sneha,2,185.05
ORD-202601-05276,2026-01-09,CUST-1863,Headphones,Electronics,Central,Vikram,2,2416.67
ORD-202601-05277,2026-01-10,CUST-0618,Webcam,Electronics,West,Vikram,3,2045.45
ORD-202601-05278,2026-01-27,CUST-3257,Office Chair,Furniture,North,Neha,4,6966.17
ORD-202601-05279,2026-01-16,CUST-3067,Laptop Stand,Accessories,Central,Karan,3,1572.19
ORD-202601-05280,2026-01-05,,Headphones,Electronics,West,Sneha,7,2491.39
ORD-202601-05281,2026-01-03,CUST-4701,Desk Organizer,Office,South,Priya,2,594.8
ORD-202601-05282,2026-01-05,CUST-4222,Desk Organizer,Office,West,Priya,4,613.61
ORD-202601-05283,2026-01-10,CUST-0199,Office Chair,Furniture,East,Karan,4,6662.16
ORD-202601-05284,2026-01-23,CUST-4525,Desk Organizer,Office,Central,Karan,3,569.03
ORD-202601-05285,2026-01-02,CUST-0249,Monitor Stand,Furniture,South,Amit,6,2194.64
ORD-202601-05286,2026-01-13,CUST-2410,Notebook,Office, South,Neha,7,213.69
ORD-202601-05287,2026-01-14,CUST-4509,Webcam,Electronics,North,Vikram,1,1989.3
ORD-202601-05288,2026-01-05,CUST-4909,Study Table,Furniture,West,Amit,4,5099.93
ORD-202601-05289,2026-01-02,CUST-0113,Webcam,Electronics,Central,Ananya,1,1720.58
ORD-202601-05290,2026-01-08,CUST-0361,Webcam,Electronics,West,Sneha,4,1775.72
ORD-202601-05291,2026-01-05,CUST-1207,Office Chair,Furniture,South,Priya,5,7611.74
ORD-202601-05292,2026-01-25,CUST-1382,Study Table,Furniture,Central,Karan,3,5846.86
ORD-202601-05293,2026-01-29,CUST-1398,Laptop Stand,Accessories,South,Amit,3,1505.92
ORD-202601-05294,2026-01-20,CUST-2084,Desk Organizer,Office,West,Priya,3,655.16
ORD-202601-05295,2026-01-24,CUST-1595,Study Table,Furniture,East,Vikram,3,5110.31
ORD-202601-05296,2026-01-24,CUST-2914,Office Chair,Furniture,Central,Sneha,3,7081.8
ORD-202601-05297,2026-01-28,CUST-4270,Wireless Mouse,Electronics,Central,Sneha,3,748.38
ORD-202601-05298,2026-01-04,CUST-2730,Pen Set,Office,South,Sneha,5,287.42
ORD-202601-05299,2026-01-31,CUST-1660,Headphones,Electronics,North,Sneha,1,2718.98
ORD-202601-05300,2026-01-15,CUST-2840,Study Table,Furniture,North,Karan,1,5904.03
ORD-202601-05301,2026-01-17,CUST-3103,Wireless Mouse,Electronics,West,Rahul,4,735.37
ORD-202601-05302,2026-01-25,CUST-4482,Monitor Stand,Furniture,South,Priya,5,1898.87
ORD-202601-05303,2026-01-16,CUST-4738,Headphones,Electronics,North,Karan,2,2546.23
ORD-202601-05304,2026-01-09,CUST-1388,USB Hub,Accessories,Central,Priya,2,820.13
ORD-202601-05305,2026-01-01,CUST-4592,Webcam,Electronics,West,Vikram,5,1918.02
ORD-202601-05306,2026-01-06,CUST-4085,Office Chair,Furniture,North,Karan,3,7117.27
ORD-202601-05307,2026-01-03,CUST-0641,USB Hub,Accessories,West,Amit,6,861.42
ORD-202601-05308,2026-01-12,CUST-2791,Desk Organizer,Office,West,Sneha,2,574.22
ORD-202601-05309,2026-01-25,CUST-0762,Wireless Mouse,Electronics,Central,Rahul,1,755.71
ORD-202601-05310,2026-01-11,CUST-2453,USB Hub,Accessories,Central,Priya,4,977.33
ORD-202601-05311,2026-01-19,CUST-0224,Study Table,Furniture,Central,Rahul,3,5376.78
ORD-202601-05312,2026-01-06,CUST-1498,Monitor Stand,Furniture,Central,Neha,6,2033.09
ORD-202601-05313,2026-01-19,CUST-2941,Headphones,Electronics,West,Neha,4,2399.83
ORD-202601-05314,2026-01-30,CUST-1521,USB Hub, Accessories,West,Priya,3,935.44
ORD-202601-05315,2026-01-10,CUST-0051,USB Hub,Accessories,East,Priya,2,827.34
ORD-202601-05316,2026-01-15,,Notebook,Office,West,Neha,2,181.95
ORD-202601-05317,2026-01-30,CUST-2706,Mouse Pad,Accessories,Central,Priya,6,418.49
ORD-202601-05318,2026-01-19,CUST-3818,Keyboard,Electronics,North,Ananya,2,1357.89
ORD-202601-05319,2026-01-13,CUST-0683,Desk Organizer,Office,North,Sneha,4,570.85
ORD-202601-05320,2026-01-04,CUST-2384,Headphones,Electronics,East,Amit,6,2426.55
ORD-202601-05321,2026-01-30,CUST-0994,Laptop Stand,Accessories,South,Amit,7,1636.09
ORD-202601-05322,2026-01-19,CUST-0770,Office Chair,Furniture,East,Ananya,2,6445.14
ORD-202601-05323,2026-01-02,CUST-0610,Pen Set,Office,South,Amit,1,280.05
ORD-202601-05324,2026-01-18,,USB Hub,Accessories,West,Ananya,6,886.42
ORD-202601-05325,2026-01-31,CUST-4598,Study Table,Furniture,Central,Neha,5,5259.35
ORD-202601-05326,2026-01-29,CUST-3317,USB Hub,Accessories,South,Neha,3,925.79
ORD-202601-05327,2026-01-07,CUST-1892,Notebook,Office,West,Vikram,5,206.59
ORD-202601-05328,2026-01-13,CUST-4747,Webcam,Electronics,North,Sneha,2,1909.02
ORD-202601-05329,2026-01-31,CUST-2486,Headphones,Electronics,West,Priya,5,2554.58
ORD-202601-05330,2026-01-25,CUST-2648,Mouse Pad,Accessories,West,Priya,6,393.69
ORD-202601-05331,2026-01-18,CUST-3173,Notebook,Office,West,Ananya,3,209.36
ORD-202601-05332,2026-01-10,CUST-3273,Office Chair,Furniture,East,Amit,4,6358.03
ORD-202601-05333,2026-01-24,CUST-2461,USB Hub,Accessories,North,Neha,3,865.36
ORD-202601-05334,2026-01-18,CUST-2397,Study Table,Furniture,Central,Neha,1,5701.84
ORD-202601-05335,2026-01-17,CUST-1590,Notebook,Office,North,Neha,1,192.22
ORD-202601-05336,2026-01-29,CUST-3404,Wireless Mouse,Electronics,East,Vikram,7,731.65
ORD-202601-05337,2026-01-12,CUST-3362,Desk Organizer,Office,North,Amit,4,580.43
ORD-202601-05338,2026-01-20,CUST-2181,Notebook,Office,Central,Rahul,2,207.42
ORD-202601-05339,2026-01-02,CUST-3561,USB Hub,Accessories,East,Amit,1,831.03
ORD-202601-05340,2026-01-23,CUST-0690,Mouse Pad,Accessories,East,Sneha,3,416.93
ORD-202601-05341,2026-01-17,CUST-2082,Webcam,Electronics,South,Karan,7,2003.62
ORD-202601-05342,2026-01-28,CUST-4934,Notebook,Office,West,Rahul,3,204.38
ORD-202601-05343,2026-01-11,CUST-3669,Notebook,Office,South,Amit,-1,188.82
ORD-202601-05344,2026-01-29,CUST-3602,USB Hub,Accessories,West,Rahul,4,953.89
ORD-202601-05345,2026-01-18,CUST-4317,Webcam,Electronics,Central,Sneha,6,1790.55
ORD-202601-05346,2026-01-07,CUST-3044,USB Hub,Accessories,South,Karan,6,971.97
ORD-202601-05347,2026-01-05,CUST-3313,Mouse Pad,Accessories,West,Ananya,1,415.49
ORD-202601-05348,2026-01-07,CUST-2408,Mouse Pad,Accessories,South,Sneha,1,363.47
ORD-202601-05349,2026-01-10,CUST-4132,Laptop Stand,Accessories,Central,Priya,7,1588.73
ORD-202601-05350,2026-01-18,CUST-3558,Notebook,Office,Central,Vikram,7,199.26
ORD-202601-05351,2026-01-27,CUST-2618,Headphones,Electronics,South,Karan,1,2475.33
ORD-202601-05352,2026-01-31,CUST-0634,Mouse Pad,Accessories,South,Amit,5,392.66
ORD-202601-05353,2026-01-22,CUST-4031,Keyboard,Electronics,,Neha,7,1326.7
ORD-202601-05354,2026-01-16,CUST-1631,Mouse Pad,Accessories,West,Rahul,7,416.92
ORD-202601-05355,2026-01-20,CUST-1796,Office Chair,Furniture,Central,Priya,3,7553.29
ORD-202601-05356,2026-01-11,CUST-0624,Office Chair, Furniture,North,Priya,6,6681.17
ORD-202601-05357,2026-01-08,CUST-1086,Desk Organizer,Office,Central,Sneha,5,614.67
ORD-202601-05358,2026-01-17,CUST-0631,Desk Organizer,Office,West,Vikram,7,621.32
ORD-202601-05359,2026-01-26,CUST-0488,Wireless Mouse,Electronics,East,Amit,2,826.93
ORD-202601-05360,2026-01-02,CUST-0107,Laptop Stand,Accessories,South,Ananya,5,1496.9
ORD-202601-05361,2026-01-04,CUST-1474,Pen Set,Office,West,Vikram,1,292.48
ORD-202601-05362,2026-01-06,CUST-3780,Office Chair,Furniture,East,Neha,3,7366.28
ORD-202601-05363,2026-01-07,CUST-4320,Notebook,Office,Central,Neha,1,191.04
ORD-202601-05364,2026-01-05,CUST-1137,Study Table,Furniture,East,Vikram,4,5177.92
ORD-202601-05365,2026-01-05,CUST-2120,Webcam,Electronics,North,Sneha,6,1916.41
ORD-202601-05366,2026-01-01,CUST-4161,Keyboard,Electronics,South,Karan,5,1238.63
ORD-202601-05367,2026-01-11,CUST-3535,Keyboard,Electronics,South,Neha,3,1177.73
ORD-202601-05368,2026-01-23,CUST-4523,Notebook,Office,East,Priya,3,181.15
ORD-202601-05369,2026-01-05,CUST-2103,Pen Set,Office,South,Amit,3,310.66
ORD-202601-05370,2026-01-11,CUST-0843,Webcam,Electronics,Central,Priya,6,2078.7
ORD-202601-05371,2026-01-31,CUST-0717,Office Chair,Furniture,South,Priya,2,6935.57
ORD-202601-05372,2026-01-06,CUST-3545,Desk Organizer,Office,West,Karan,1,556.72
ORD-202601-05373,2026-01-31,CUST-0132,Laptop Stand,Accessories,South,Vikram,4,1594.36
ORD-202601-05374,2026-01-16,CUST-2302,Webcam,Electronics,Central,Amit,6,1808.39
ORD-202601-05375,2026-01-23,CUST-1767,Desk Organizer,Office,Central,Sneha,4,658.38
ORD-202601-05376,,CUST-4595,Pen Set,Office,West,Priya,2,302.78
ORD-202601-05377,2026-01-11,CUST-4991,Headphones,Electronics,West,,1,2365.37
ORD-202601-05378,2026-01-13,CUST-2423,Webcam,Electronics,West,Amit,7,1897.48
ORD-202601-05379,2026-01-04,CUST-2901,Mouse Pad,Accessories,East,Vikram,6,385.86
ORD-202601-05380,2026-01-10,CUST-1895,Mouse Pad,Accessories,East,Vikram,2,421.3
ORD-202601-05381,2026-01-28,CUST-3885,Headphones,Electronics,,Sneha,1,2301.99
ORD-202601-05382,2026-01-01,CUST-1473,Monitor Stand,Furniture,Central,Vikram,1,2141.73
ORD-202601-05383,2026-01-18,CUST-3722,USB Hub,Accessories,Central,Neha,3,947.07
ORD-202601-05384,2026-01-22,CUST-4519,Laptop Stand,Accessories,East,Vikram,6,1607.34
ORD-202601-05385,2026-01-05,CUST-0859,Wireless Mouse,Electronics,Central,Ananya,2,862.12
ORD-202601-05386,2026-01-04,CUST-1131,Study Table,Furniture,East,Neha,6,5201.81
ORD-202601-05387,2026-01-18,CUST-1892,Webcam,Electronics,North,Ananya,1,1906.98
ORD-202601-05388,2026-01-07,CUST-4139,Monitor Stand,Furniture,Central,Vikram,6,2138.9
ORD-202601-05389,2026-01-31,CUST-3205,Mouse Pad,Accessories,East,Sneha,2,389.22
ORD-202601-05390,2026-01-06,CUST-0971,Study Table,Furniture,Central,,7,5015.54
ORD-202601-05391,2026-01-05,CUST-1841,Headphones,Electronics,South,Ananya,4,2394.86
ORD-202601-05392,2026-01-11,CUST-3217,Headphones,Electronics,East,Karan,2,2370.01
ORD-202601-05393,2026-01-11,CUST-4824,Office Chair,Furniture,West,Ananya,2,7517.01
ORD-202601-05394,2026-01-05,CUST-2256,Office Chair,Furniture,North,Sneha,6,6948.39
ORD-202601-05395,2026-01-21,CUST-0373,Notebook,Office,Central,Neha,3,206.31
ORD-202601-05396,2026-01-11,CUST-0524,Wireless Mouse,Electronics,,Vikram,3,872.85
ORD-202601-05397,2026-01-17,CUST-0144,Monitor Stand,Furniture,North,Priya,6,1918.72
ORD-202601-05398,2026-01-08,CUST-0630,USB Hub,Accessories,West,Rahul,4,945.96
ORD-202601-05399,2026-01-03,CUST-2063,Monitor Stand,Furniture,Central,Priya,5,1808.2
ORD-202601-05400,2026-01-02,CUST-1408,Study Table,Furniture,South,Karan,4,5063.61
ORD-202601-05401,2026-01-02,CUST-1506,Study Table,Furniture,West,Karan,1,5127.12
ORD-202601-05402,2026-01-27,CUST-3834,Pen Set,Office,West,Priya,1,287.78
ORD-202601-05403,2026-01-09,CUST-2386,Pen Set,Office,North,Karan,1,293.2
ORD-202601-05404,2026-01-10,CUST-3645,Mouse Pad,Accessories,,Rahul,5,397.17
ORD-202601-05405,2026-01-18,CUST-2710,Wireless Mouse,Electronics,East,Ananya,4,758.3
ORD-202601-05406,2026-01-03,CUST-1026,USB Hub,Accessories,South,Sneha,6,821.01
ORD-202601-05407,2026-01-19,CUST-4742,Desk Organizer,Office,South,Karan,7,620.27
ORD-202601-05408,2026-01-17,CUST-2382,Office Chair,Furniture,West,Priya,2,6332.22
ORD-202601-05409,2026-01-25,CUST-4181,Notebook,Office,West,Priya,7,211.32
ORD-202601-05410,2026-01-04,CUST-0485,Desk Organizer,Office,South,Amit,7,650.41
ORD-202601-05411,2026-01-01,CUST-4248,Wireless Mouse,Electronics,North,Karan,5,832.62
ORD-202601-05412,2026-01-24,CUST-3580,Mouse Pad,Accessories,West,Vikram,4,406.66
ORD-202601-05413,2026-01-12,CUST-1250,Mouse Pad,Accessories,North,Priya,2,411.53
ORD-202601-05414,2026-01-02,CUST-3967,Study Table,Furniture,North,Vikram,2,5666.41
ORD-202601-05415,2026-01-18,CUST-3713,Laptop Stand,Accessories,South,Vikram,1,1628.43
ORD-202601-05416,2026-01-15,CUST-4468,Headphones,Electronics,Central,Vikram,5,2731.06
ORD-202601-05417,2026-01-30,CUST-1049,Laptop Stand,Accessories,West,Ananya,4,1477.03
ORD-202601-05418,2026-01-30,CUST-4429,Headphones,Electronics,South,Priya,2,2557.52
ORD-202601-05419,2026-01-17,CUST-3811,Notebook,Office,East,Neha,1,211.05
ORD-202601-05420,2026-01-05,CUST-1690,Pen Set,Office,Central,Ananya,1,269.16
ORD-202601-05421,2026-01-24,CUST-1753,Office Chair,Furniture,West,Sneha,5,7036.82
ORD-202601-05422,2026-01-07,CUST-1273,Monitor Stand,Furniture,West,Priya,5,2060.12
ORD-202601-05423,2026-01-26,CUST-2384,Wireless Mouse,Electronics,North,Vikram,5,833.71
ORD-202601-05424,2026-01-19,CUST-4483,Webcam,Electronics,South,Sneha,1,1849.17
ORD-202601-05425,2026-01-11,CUST-4189,Webcam,Electronics,North,Vikram,1,1821.39
ORD-202601-05426,2026-01-31,CUST-0731,Webcam,Electronics,Central,Priya,1,1778.28
ORD-202601-05427,2026-01-16,CUST-0657,Office Chair,Furniture,South,Vikram,6,7079.93
ORD-202601-05428,2026-01-12,CUST-0297,Keyboard,Electronics,East,Amit,6,1407.94
ORD-202601-05429,2026-01-06,CUST-3071,Wireless Mouse,Electronics,East,Neha,3,862.28
ORD-202601-05430,2026-01-21,CUST-1572,Study Table,Furniture,East,Vikram,1,5344.99
ORD-202601-05431,2026-01-09,CUST-3805,Monitor Stand,Furniture,North,Amit,3,1902.19
ORD-202601-05432,2026-01-05,CUST-3802,Headphones,Electronics,Central,Priya,6,2643.34
ORD-202601-05433,2026-01-04,CUST-0989,Laptop Stand,Accessories,South,Sneha,2,1566.45
ORD-202601-05434,2026-01-20,CUST-3471,Mouse Pad,Accessories,Central,Ananya,6,399.43
ORD-202601-05435,2026-01-29,CUST-3823,Mouse Pad,Accessories,West,Neha,4,390.14
ORD-202601-05436,2026-01-08,CUST-4936,Monitor Stand,Furniture,West,Priya,1,1848.59
ORD-202601-05437,2026-01-07,CUST-3614,USB Hub,Accessories,West,Amit,7,950.27
ORD-202601-05438,2026-01-20,CUST-1798,Wireless Mouse,Electronics,Central,Neha,4,817.77
ORD-202601-05439,2026-01-05,CUST-4999,USB Hub,Accessories,South,Vikram,5,876.86
ORD-202601-05440,2026-01-03,CUST-1380,Notebook,Office,South,Priya,1,215.67
ORD-202601-05441,2026-01-20,CUST-4027,Mouse Pad,Accessories,West,Karan,3,411.74
ORD-202601-05442,2026-01-17,CUST-1892,Mouse Pad,Accessories,South,Neha,5,433.25
ORD-202601-05443,2026-01-01,CUST-4676,Study Table,Furniture,Central,Amit,5,5470.86
ORD-202601-05444,2026-01-08,CUST-3912,Office Chair,Furniture,North,Priya,1,6935.47
ORD-202601-05445,2026-01-07,CUST-2999,Webcam,Electronics,Central,Karan,5,2065.06
ORD-202601-05446,2026-01-22,CUST-1072,Laptop Stand,Accessories,South,Rahul,7,1636.85
ORD-202601-05447,2026-01-21,CUST-0943,Pen Set,Office,North,Rahul,6,326.55
ORD-202601-05448,2026-01-24,CUST-4739,USB Hub,Accessories,West ,Priya,2,956.34
ORD-202601-05449,2026-01-04,CUST-4009,USB Hub,Accessories,South,Karan,7,892.24
ORD-202601-05450,2026-01-27,CUST-2563,Headphones,Electronics,South,Karan,5,2354.21
ORD-202601-05451,2026-01-07,CUST-4388,Webcam,Electronics,East,Priya,1,1854.73
ORD-202601-05452,2026-01-31,CUST-3916,Desk Organizer,Office,East,Ananya,1,651.51
ORD-202601-05453,2026-01-28,CUST-1939,Office Chair,Furniture,North,Neha,7,6808.0
ORD-202601-05454,2026-01-15,CUST-4137,Office Chair,Furniture,North,Priya,2,7358.35
ORD-202601-05455,2026-01-25,CUST-3981,Laptop Stand,Accessories,East,Karan,1,1625.82
ORD-202601-05456,2026-01-21,CUST-2395,Keyboard,Electronics,South,Amit,4,1421.21
ORD-202601-05457,2026-01-24,CUST-0098,Headphones,Electronics,east,Karan,4,2722.75
ORD-202601-05458,2026-01-01,CUST-3707,USB Hub,Accessories,West,Amit,5,908.9
ORD-202601-05459,2026-01-03,CUST-1699,Mouse Pad,Accessories,West,Rahul,5,398.35
ORD-202601-05460,2026-01-29,CUST-1824,Study Table,Furniture,North,Priya,7,6035.31
ORD-202601-05461,2026-01-25,CUST-3569,Study Table,Furniture,Central,Priya,6,5189.05
ORD-202601-05462,2026-01-20,CUST-4055,Wireless Mouse,Electronics,West,Neha,1,749.07
ORD-202601-05463,2026-01-10,CUST-0440,Desk Organizer,Office,North,,1,654.49
ORD-202601-05464,2026-01-14,CUST-4120,Webcam,Electronics,West,Neha,1,1970.86
ORD-202601-05465,2026-01-13,CUST-1465,Headphones,Electronics,Central,Vikram,3,2517.14
ORD-202601-05466,2026-01-14,CUST-2832,Notebook,Office,East,Sneha,3,184.36
ORD-202601-05467,2026-01-20,CUST-4343,Wireless Mouse,Electronics,Central,Neha,7,801.12
ORD-202601-05468,2026-01-24,CUST-1091,Laptop Stand,Accessories,Central,Karan,3,1632.18
ORD-202601-05469,2026-01-12,CUST-1105,Notebook,Office, Central,Neha,1,203.1
ORD-202601-05470,2026-01-26,CUST-4852,Webcam,Electronics,Central,Amit,7,1862.78
ORD-202601-05471,2026-01-03,CUST-1866,Notebook,Office,North,Rahul,2,201.03
ORD-202601-05472,2026-01-26,CUST-4735,USB Hub,Accessories,North,Priya,7,968.43
ORD-202601-05473,2026-01-21,CUST-1786,Office Chair,Furniture,West,Sneha,6,7576.91
ORD-202601-05474,2026-01-16,CUST-3100,Headphones,Electronics,West,,7,2449.06
ORD-202601-05475,2026-01-12,CUST-2552,Wireless Mouse,Electronics,East,Karan,6,816.27
ORD-202601-05476,,CUST-4920,Mouse Pad,Accessories,South,Priya,2,381.38
ORD-202601-05477,2026-01-12,CUST-2752,Webcam,Electronics,Central,Priya,5,1880.42
ORD-202601-05478,2026-01-30,CUST-2514,Desk Organizer,Office,East,Vikram,3,565.44
ORD-202601-05479,2026-01-01,CUST-2332,Keyboard,Electronics,West,Amit,5,1307.18
ORD-202601-05480,2026-01-20,CUST-1878,Notebook,Office,West,Amit,6,202.11
ORD-202601-05481,2026-01-31,CUST-2201,Monitor Stand,Furniture,Central,Karan,4,1934.17
ORD-202601-05482,2026-01-17,CUST-2303,Keyboard,Electronics,West,Amit,3,1239.8
ORD-202601-05483,2026-01-20,CUST-3819,Webcam,Electronics,West,Vikram,7,1766.46
ORD-202601-05484,2026-01-19,CUST-0230,Office Chair,Furniture,Central,Amit,5,6494.43
ORD-202601-05485,2026-01-16,CUST-2505,Mouse Pad,Accessories,North,Amit,7,415.87
ORD-202601-05486,2026-01-20,CUST-2746,Headphones,Electronics,West,Ananya,2,2359.87
ORD-202601-05487,2026-01-29,CUST-3766,Headphones,Electronics,East,Neha,6,2308.06
ORD-202601-05488,2026-01-23,CUST-3332,Desk Organizer,Office,West,Amit,3,658.76
ORD-202601-05489,2026-01-27,CUST-2160,Study Table,Furniture,South,Ananya,4,5234.96
ORD-202601-05490,2026-01-18,CUST-0548,Laptop Stand,Accessories,East,Sneha,7,1617.74
ORD-202601-05491,2026-01-24,CUST-1861,Mouse Pad,Accessories,South,Vikram,3,407.71
ORD-202601-05492,2026-01-28,CUST-1278,Office Chair,Furniture,North,Neha,2,7300.06
ORD-202601-05493,2026-01-07,CUST-1021,Headphones,Electronics,East,Karan,7,2529.45
ORD-202601-05494,2026-01-27,CUST-3606,Headphones,Electronics,North,Rahul,7,2339.47
ORD-202601-05495,2026-01-22,CUST-2391,Office Chair,Furniture,North,Vikram,3,7484.8
ORD-202601-05496,2026-01-14,CUST-3968,Headphones,Electronics,East,Neha,3,2662.92
ORD-202601-05497,2026-01-24,CUST-0693,Office Chair,Furniture,Central,Ananya,2,6788.59
ORD-202601-05498,2026-01-06,CUST-4930,Mouse Pad,Accessories,West,Vikram,1,420.06
ORD-202601-05499,2026-01-22,CUST-2367,Monitor Stand,Furniture,North,Neha,4,2016.21
ORD-202601-05500,2026-01-18,CUST-1267,Wireless Mouse,Electronics,North,Neha,2,864.37
ORD-202601-05357,2026-01-08,CUST-1086,Desk Organizer,Office,Central,Sneha,5,614.67
ORD-202601-03686,2026-01-29,CUST-2715,Headphones,Electronics,North,Vikram,6,2741.43
ORD-202601-04116,2026-01-18,CUST-0110,Mouse Pad,Accessories,South,Rahul,5,394.04
ORD-202601-00457,2026-01-07,CUST-3925,Keyboard,Electronics,East,Amit,2,1310.96
ORD-202601-04282,2026-01-22,CUST-1736,Study Table,Furniture,North,Rahul,2,5517.45
ORD-202601-01071,2026-01-09,CUST-4853,Pen Set,Office,East ,Vikram,6,310.92
ORD-202601-00788,2026-01-14,CUST-3963,Pen Set,Office,South,Priya,1,327.02
ORD-202601-03519,2026-01-20,CUST-2639,Pen Set,Office,South,Sneha,1,311.62
ORD-202601-02144,2026-01-05,CUST-2919,Notebook,Office,North,Karan,5,207.15
ORD-202601-03288,2026-01-09,CUST-2773,Headphones,Electronics,North,Karan,5,2578.6
ORD-202601-04142,2026-01-21,CUST-3858,Study Table,furniture,West,Karan,6,5109.71
ORD-202601-03868,2026-01-24,CUST-4009,Office Chair,Furniture,East,Amit,6,7442.17
ORD-202601-02379,2026-01-09,CUST-0258,Monitor Stand,Furniture,West,Neha,6,2187.11
ORD-202601-01205,2026-01-29,CUST-2960,Pen Set,Office,North,Priya,7,296.52
ORD-202601-04797,2026-01-04,CUST-3045,Mouse Pad,Accessories,Central,Karan,5,418.11
ORD-202601-03529,2026-01-28,CUST-3479,Headphones,Electronics,South,Vikram,5,2260.71
ORD-202601-05102,2026-01-05,CUST-0952,Notebook,Office,East,Vikram,4,209.36
ORD-202601-03913,2026-01-04,CUST-1929,Headphones,Electronics,Central,Amit,6,2372.41
ORD-202601-04656,2026-01-08,CUST-1741,Headphones,Electronics,East,Ananya,2,2419.1
ORD-202601-04370,2026-01-19,CUST-1573,Mouse Pad,Accessories,Central,Neha,5,432.91
ORD-202601-02388,2026-01-12,CUST-0892,Monitor Stand,Furniture,East,Vikram,5,1886.79
ORD-202601-02025,2026-01-24,CUST-0675,Wireless Mouse,Electronics,East,Rahul,3,749.35
ORD-202601-02471,2026-01-25,CUST-3607,Study Table,Furniture,East,Amit,2,5649.66
ORD-202601-00724,2026-01-15,CUST-2196,Keyboard,Electronics,Central,Karan,2,1207.01
ORD-202601-04715,2026-01-09,CUST-0628,Wireless Mouse,Electronics,Central,Ananya,6,831.6
ORD-202601-01769,2026-01-24,CUST-4565,Wireless Mouse,Electronics,Central,Karan,4,864.98
ORD-202601-03604,2026-01-21,CUST-1890,Pen Set,Office,North,Priya,5,311.96
ORD-202601-04146,2026-01-18,CUST-2585,Webcam,Electronics,East,Ananya,5,1898.17
ORD-202601-03132,2026-01-07,CUST-2716,USB Hub,Accessories,West,Sneha,5,902.05
ORD-202601-04583,2026-01-19,CUST-2524,Headphones,Electronics,East,Amit,2,2315.22
ORD-202601-00984,2026-01-01,CUST-0335,Pen Set,Office,South,Karan,4,313.05
ORD-202601-02991,2026-01-04,CUST-0297,USB Hub,Accessories,South,Rahul,3,846.32
ORD-202601-03025,2026-01-15,CUST-1049,Laptop Stand,Accessories,North,Priya,4,1389.93
ORD-202601-04955,2026-01-11,CUST-1914,Laptop Stand,Accessories,East,Rahul,1,1460.65
ORD-202601-02861,2026-01-02,CUST-1485,Headphones,Electronics,North,Karan,2,2334.96
ORD-202601-04008,2026-01-15,CUST-2694,Pen Set,Office,North,Neha,4,280.23
ORD-202601-01324,2026-01-13,CUST-0007,Study Table,Furniture,West,Neha,1,4985.84
ORD-202601-03086,2026-01-03,CUST-3626,Laptop Stand,Accessories,East,Sneha,1,1457.61
ORD-202601-05324,2026-01-18,CUST-3800,USB Hub,Accessories,West,Ananya,6,886.42
ORD-202601-04399,2026-01-10,CUST-2127,Wireless Mouse,Electronics,Central,Vikram,5,829.83
ORD-202601-05358,2026-01-17,CUST-0631,Desk Organizer,Office,West,Vikram,7,621.32
ORD-202601-02974,2026-01-06,CUST-3377,Monitor Stand,Furniture,North,Ananya,3,1809.32
ORD-202601-04722,2026-01-06,CUST-4208,Office Chair,Furniture ,West,Amit,2,7303.74
ORD-202601-03724,2026-01-28,CUST-2029,Monitor Stand,furniture,West,Vikram,3,2073.9
ORD-202601-05218,2026-01-13,CUST-2609,Pen Set,Office,Central,Neha,3,314.94
ORD-202601-02071,2026-01-26,CUST-0466,Headphones,Electronics,North,Ananya,5,2574.04
ORD-202601-04114,2026-01-01,CUST-4127,Monitor Stand,Furniture,West,Karan,3,1892.82
ORD-202601-02042,2026-01-09,CUST-1387,Study Table,Furniture,East,Karan,7,5370.93
ORD-202601-03759,2026-01-23,CUST-2484,Keyboard,Electronics,East,Amit,2,1270.93
ORD-202601-01502,2026-01-27,,Webcam,Electronics,West,Ananya,3,2051.52
ORD-202601-03942,2026-01-02,CUST-4303,Laptop Stand,Accessories,East,Amit,4,1633.41
ORD-202601-00955,2026-01-31,CUST-3743,Office Chair,Furniture,South,Rahul,4,7233.18
ORD-202601-01436,2026-01-23,CUST-1001,Keyboard,Electronics,Central,Amit,3,1352.71
ORD-202601-03588,2026-01-01,CUST-2705,Pen Set,Office,South,Priya,4,318.13
ORD-202601-04115,2026-01-07,CUST-0367,Webcam,Electronics,South,Priya,6,1728.76
ORD-202601-04906,2026-01-12,CUST-1542,Pen Set,Office,Central,Vikram,2,281.12
ORD-202601-02937,2026-01-09,CUST-2714,Desk Organizer,Office,South,Sneha,2,589.47
ORD-202601-01471,2026-01-28,CUST-1715,Study Table,Furniture,West,Ananya,2,5799.92
ORD-202601-02792,2026-01-12,CUST-0533,Headphones,Electronics,Central,Amit,2,2723.48
ORD-202601-01570,2026-01-20,CUST-4565,Monitor Stand,Furniture,Central,Ananya,5,2082.08
ORD-202601-01466,2026-01-30,,Keyboard,Electronics,Central,Ananya,6,1315.85
ORD-202601-03019,2026-01-08,CUST-4165,Notebook,Office,West,Neha,7,201.01
ORD-202601-01468,2026-01-04,CUST-1370,Laptop Stand,Accessories,West,Vikram,4,1401.02
ORD-202601-02332,2026-01-03,CUST-1114,Study Table,Furniture,South,Ananya,3,5703.55
ORD-202601-01441,2026-01-02,CUST-1172,Office Chair,Furniture,West,Amit,6,7290.46
ORD-202601-02192,2026-01-13,CUST-0839,USB Hub,Accessories, South,Sneha,4,885.3
ORD-202601-05418,2026-01-30,CUST-4429,Headphones,Electronics,South,Priya,2,2557.52
ORD-202601-05236,2026-01-31,CUST-2504,Study Table,Furniture,South,Karan,6,5458.82
ORD-202601-03263,2026-01-21,CUST-0544,Desk Organizer,Office,South,Sneha,6,571.44
ORD-202601-02814,2026-01-17,CUST-1597,Monitor Stand,Furniture,West,,7,1922.36
ORD-202601-04120,2026-01-18,CUST-0992,Wireless Mouse,Electronics,West,Rahul,5,834.87
ORD-202601-04084,2026-01-15,CUST-4443,Office Chair,Furniture,West,Neha,1,7453.56
ORD-202601-05457,2026-01-24,CUST-0098,Headphones,Electronics,East,Karan,4,2722.75
ORD-202601-02026,2026-01-28,CUST-2804,Mouse Pad,Accessories,East,Rahul,1,377.47
ORD-202601-04607,2026-01-03,CUST-2791,Webcam,Electronics,central,Rahul,6,1833.25
ORD-202601-00188,2026-01-12,CUST-3055,Laptop Stand,Accessories,South,Karan,2,1407.64
ORD-202601-00209,2026-01-29,CUST-2618,Webcam,Electronics,Central,Rahul,4,1730.99
ORD-202601-01432,2026-01-27,CUST-3321,Headphones,Electronics,East,Ananya,6,2610.49
ORD-202601-01461,2026-01-16,CUST-3915,Office Chair,Furniture,South,Sneha,2,6798.54
ORD-202601-02109,2026-01-30,CUST-3412,Webcam,Electronics,East,Neha,2,1831.64
ORD-202601-01734,2026-01-11,CUST-1798,Study Table,Furniture,Central,Rahul,3,-100.0
ORD-202601-01571,2026-01-11,CUST-0616,Keyboard,Electronics,East,Vikram,3,1341.96
